Date,Close,High,Low,Open,Volume
2019-09-02 09:00:00+09:00,508.4735412597656,515.2082901506235,505.94801042569395,515.2082901506235,1099900
2019-09-03 09:00:00+09:00,507.63153076171875,510.1570607655084,501.73862741954287,505.94784409252566,1489000
2019-09-04 09:00:00+09:00,504.26434326171875,506.78987419625156,501.7388123271859,505.94803055140727,1167500
2019-09-05 09:00:00+09:00,510.1572570800781,516.892006348462,502.5806641531463,504.2643514702422,1706000
2019-09-06 09:00:00+09:00,508.4735412597656,516.0501337619806,505.94801042569395,514.3664465392662,1315800
2019-09-09 09:00:00+09:00,514.366455078125,516.0501423287899,507.63170607546544,508.4735497007979,1063900
2019-09-10 09:00:00+09:00,524.4686889648438,526.1523765698673,512.6828757296787,516.0502509397259,1592900
2019-09-11 09:00:00+09:00,532.8870849609375,534.5707724331679,524.4686475997853,529.5197100164766,1810800
2019-09-12 09:00:00+09:00,526.1522827148438,537.9380938476563,525.3104390625,537.9380938476563,1834200
2019-09-13 09:00:00+09:00,537.938232421875,542.9892956371039,528.6779498606221,533.729013075851,3385200
2019-09-17 09:00:00+09:00,537.938232421875,542.147451767899,536.2545446834654,538.7800762910798,1378800
2019-09-18 09:00:00+09:00,529.5197143554688,538.7799955286168,528.6778706124553,537.9381517856034,1409100
2019-09-19 09:00:00+09:00,531.2033081054688,537.9380568611641,528.677777322083,529.5196209165449,1260500
2019-09-20 09:00:00+09:00,529.5197143554688,532.8870893275226,524.468651897388,530.3615580984822,1405800
2019-09-24 09:00:00+09:00,527.8359985351562,535.4125918155652,526.1523111395098,529.5196859308027,954400
2019-09-25 09:00:00+09:00,532.8870849609375,532.8870849609375,521.9431163914396,526.9941788081309,1201900
2019-09-26 09:00:00+09:00,537.938232421875,541.3056078986942,534.5708569450558,535.4127008142606,1682200
2019-09-27 09:00:00+09:00,528.6195068359375,532.8552400637896,520.9951870258037,530.3138001270784,2558600
2019-09-30 09:00:00+09:00,517.6065673828125,524.3837401145024,515.0651276084288,524.3837401145024,2108400
2019-10-01 09:00:00+09:00,525.2310180664062,528.6196052797379,516.7595500330771,516.7595500330771,1454400
2019-10-02 09:00:00+09:00,517.6065673828125,521.8423003401186,514.2179810169675,516.7594207913513,2145400
2019-10-03 09:00:00+09:00,493.039306640625,504.0522121154156,489.6507203406895,502.3579189654478,4757900
2019-10-04 09:00:00+09:00,495.580810546875,498.12225060096154,487.9564903846154,492.19222380809293,3137500
2019-10-07 09:00:00+09:00,496.427978515625,501.5108588417236,493.88653835257577,499.8165653996907,1605100
2019-10-08 09:00:00+09:00,510.8292541503906,512.5235468673073,500.66349784889036,501.5106442073487,2010000
2019-10-09 09:00:00+09:00,515.065185546875,516.7594789203845,506.5937186793277,506.5937186793277,2162900
2019-10-10 09:00:00+09:00,521.8423461914062,522.6894928573014,510.8294395347694,515.0651728642451,2247200
2019-10-11 09:00:00+09:00,518.4537963867188,527.7724103740617,515.9123562083524,526.0781169218175,2699000
2019-10-15 09:00:00+09:00,526.9252319335938,533.7024053346689,523.5366452330562,526.9252319335938,2867400
2019-10-16 09:00:00+09:00,515.9122924804688,528.6194918026478,513.370852616033,528.6194918026478,2259900
2019-10-17 09:00:00+09:00,509.1351623535156,521.8423627450343,507.44086896797984,509.98230904628355,3226200
2019-10-18 09:00:00+09:00,516.7594604492188,523.5366337010119,512.5237271668482,512.5237271668482,2801200
2019-10-21 09:00:00+09:00,512.523681640625,516.7594145467458,511.6765350594008,512.523681640625,1260000
2019-10-23 09:00:00+09:00,514.2181396484375,516.7595802068317,506.5938179732548,515.0652865012356,1722500
2019-10-24 09:00:00+09:00,506.59368896484375,515.0651553354933,505.7465423277788,515.0651553354933,1983900
2019-10-25 09:00:00+09:00,518.4537963867188,519.3009431128409,507.44088894713155,508.28803567325366,3677700
2019-10-28 09:00:00+09:00,510.8292541503906,518.4535713765159,508.28781507501554,518.4535713765159,1633900
2019-10-29 09:00:00+09:00,518.4537963867188,520.995236565085,512.5237693038641,513.3709160299862,1718400
2019-10-30 09:00:00+09:00,522.6893920898438,522.6893920898438,515.0650735666532,516.7593665718066,2711600
2019-10-31 09:00:00+09:00,526.0780029296875,530.3137356424869,523.5365633020078,526.9251494722473,1921300
2019-11-01 09:00:00+09:00,520.9951782226562,522.689471485169,515.0651518038618,521.8423248539126,2432600
2019-11-05 09:00:00+09:00,538.7852172851562,548.103829533799,515.0651133795204,529.4666050365137,5872400
2019-11-06 09:00:00+09:00,538.7852172851562,554.8810020782663,533.7023378768057,549.7981226699158,3208400
2019-11-07 09:00:00+09:00,543.0210571289062,553.1868179487922,538.7853234539538,543.8682038638967,2043400
2019-11-08 09:00:00+09:00,545.5624389648438,551.4924654753312,543.0209990317777,551.4924654753312,2102800
2019-11-11 09:00:00+09:00,542.1738891601562,550.6453561782837,537.9381556510925,550.6453561782837,1904100
2019-11-12 09:00:00+09:00,537.9381713867188,541.3267582930918,533.7024377537524,540.4796115664985,1395300
2019-11-13 09:00:00+09:00,537.9381713867188,540.4796115664985,535.396731206939,539.6324648399052,1769900
2019-11-14 09:00:00+09:00,545.5624389648438,549.7981721866205,539.6324124543563,541.326705743067,2337600
2019-11-15 09:00:00+09:00,572.671142578125,580.2954625236918,549.7981827414247,550.6453294020432,5474800
2019-11-18 09:00:00+09:00,553.186767578125,564.1996741302163,548.9510342888591,564.1996741302163,3460200
2019-11-19 09:00:00+09:00,543.0210571289062,558.2696983587351,541.3267636589253,558.2696983587351,3750000
2019-11-20 09:00:00+09:00,523.5367431640625,541.3268266696374,523.5367431640625,541.3268266696374,3092400
2019-11-21 09:00:00+09:00,518.4537963867188,528.6195571001838,514.2180627561082,524.3838234695734,3520200
2019-11-22 09:00:00+09:00,520.9951782226562,527.772351272707,517.6065916976308,518.4537383288872,2531300
2019-11-25 09:00:00+09:00,537.0909423828125,537.0909423828125,525.230890027356,526.9251832209927,1850300
2019-11-26 09:00:00+09:00,543.0210571289062,545.5624973338778,537.9381767189633,538.7853234539538,3192900
2019-11-27 09:00:00+09:00,560.8109741210938,560.8109741210938,548.1037768222775,548.9509233088652,3202500
2019-11-28 09:00:00+09:00,555.7281494140625,560.811028829435,546.4095371525462,554.8810028448338,4136200
2019-11-29 09:00:00+09:00,556.5753784179688,559.9639651967692,553.1867916391683,555.7282317232687,2144100
2019-12-02 09:00:00+09:00,564.1995849609375,565.0467314849028,555.7281197212837,555.7281197212837,2252800
2019-12-03 09:00:00+09:00,548.1038818359375,557.4224949737973,548.1038818359375,557.4224949737973,2600100
2019-12-04 09:00:00+09:00,543.8681030273438,549.7981290728133,539.6323701377227,541.3266632935711,1951700
2019-12-05 09:00:00+09:00,535.3966064453125,545.5623647955399,528.6194342118275,544.7152182663543,3475900
2019-12-06 09:00:00+09:00,525.2310180664062,535.3967797064012,523.5367244597404,535.3967797064012,2999500
2019-12-09 09:00:00+09:00,524.3837280273438,529.4666074589496,520.1479951676721,529.4666074589496,3248500
2019-12-10 09:00:00+09:00,541.3267822265625,543.868222518706,529.4667275298929,531.1610210579886,5063200
2019-12-11 09:00:00+09:00,559.9638671875,563.3524533732034,543.8680828054084,545.5623758982601,5466500
2019-12-12 09:00:00+09:00,534.5494995117188,557.4224574939951,534.5494995117188,557.4224574939951,4865200
2019-12-13 09:00:00+09:00,552.339599609375,552.339599609375,539.6324002318587,542.1738401073619,6481000
2019-12-16 09:00:00+09:00,567.5882568359375,583.6840432238223,564.1996702279617,569.2825501399254,6891600
2019-12-17 09:00:00+09:00,565.0468139648438,579.4483069744425,565.0468139648438,569.282547202961,3561700
2019-12-18 09:00:00+09:00,551.492431640625,562.5053373415899,549.7981384558612,559.9638975644441,3862100
2019-12-19 09:00:00+09:00,539.6324462890625,548.9510599612441,539.6324462890625,546.409619868831,3035600
2019-12-20 09:00:00+09:00,543.0210571289062,549.7982310088303,543.0210571289062,547.2567908038587,2458200
2019-12-23 09:00:00+09:00,546.4095458984375,551.4924253951672,545.5623993156491,547.2566924812257,1624400
2019-12-24 09:00:00+09:00,556.5753784179688,558.2696718073689,549.798204860368,549.798204860368,2544100
2019-12-25 09:00:00+09:00,548.9510498046875,557.4225166226611,545.5624630774981,554.0339298954717,2398100
2019-12-26 09:00:00+09:00,554.0338134765625,554.8809599803493,549.7980809576285,549.7980809576285,1080200
2019-12-27 09:00:00+09:00,554.881103515625,558.2696904073235,552.3396633468511,555.7282502385497,1369800
2019-12-30 09:00:00+09:00,552.339599609375,560.8110658610525,552.339599609375,557.4224793603815,1486800
2020-01-06 09:00:00+09:00,532.855224609375,541.326690819381,532.0080779883745,541.326690819381,2214800
2020-01-07 09:00:00+09:00,539.6324462890625,541.3267396840047,532.855272709294,537.0910061966493,1809400
2020-01-08 09:00:00+09:00,525.2310180664062,530.3138988864036,520.9952840497416,528.6196052797379,3382900
2020-01-09 09:00:00+09:00,532.855224609375,536.2438110933774,530.3137847463732,532.0080779883745,2195500
2020-01-10 09:00:00+09:00,531.1610107421875,533.7024509849731,529.4667172469971,531.1610107421875,1632300
2020-01-14 09:00:00+09:00,530.3138427734375,532.0081362008286,528.6195493460463,531.1609894871331,1358000
2020-01-15 09:00:00+09:00,525.2310180664062,530.3138988864036,524.3838712630733,528.6196052797379,1650000
2020-01-16 09:00:00+09:00,521.8423461914062,528.6195195185674,519.3009061937208,526.0780795208819,2468700
2020-01-17 09:00:00+09:00,523.5367431640625,526.9253304984577,519.3010089960685,523.5367431640625,1676800
2020-01-20 09:00:00+09:00,521.8423461914062,526.0780795208819,521.8423461914062,523.5366395231965,1231700
2020-01-21 09:00:00+09:00,517.6065673828125,523.5365935230411,516.7594207913513,520.9951537486575,2114300
2020-01-22 09:00:00+09:00,524.3837280273438,525.2308745992781,517.6065554518692,521.8422883115408,1905100
2020-01-23 09:00:00+09:00,511.6765441894531,520.1480101528547,511.6765441894531,520.1480101528547,2460600
2020-01-24 09:00:00+09:00,509.1351623535156,515.065189202891,508.2880156607477,515.065189202891,1618800
2020-01-27 09:00:00+09:00,504.8993835449219,505.746530161608,494.7336241446886,500.66365046149133,2581300
2020-01-28 09:00:00+09:00,509.1351623535156,510.82945573905147,498.9694020403007,500.6636954258365,2264900
2020-01-29 09:00:00+09:00,515.065185546875,515.9123322336297,505.74657199257297,506.5937186793277,2465500
2020-01-30 09:00:00+09:00,502.3579406738281,511.6765534013359,499.8165008390533,509.98226017815267,2335600
2020-01-31 09:00:00+09:00,509.98223876953125,513.3708250736478,503.2050661612983,505.7465058893857,2129800
2020-02-03 09:00:00+09:00,504.8993835449219,509.1351166283525,498.9693572281191,500.66365046149133,2055700
2020-02-04 09:00:00+09:00,494.733642578125,501.5108157641267,493.8864959298748,500.6636691158765,3276200
2020-02-05 09:00:00+09:00,523.5367431640625,525.2310368312601,488.8037229865114,499.8166318232959,7601200
2020-02-06 09:00:00+09:00,521.8423461914062,535.3966928457285,520.9951995255111,528.6195195185674,4024000
2020-02-07 09:00:00+09:00,515.9122924804688,521.842318830819,512.5237059945543,519.3008789663832,2002600
2020-02-10 09:00:00+09:00,525.2310180664062,529.4667520830708,519.3009904430759,520.1481372464087,2351900
2020-02-12 09:00:00+09:00,525.2310180664062,530.3138988864036,521.8424308530746,529.4667520830708,1812700
2020-02-13 09:00:00+09:00,526.9252319335938,527.7723786087281,521.8423518827874,526.9252319335938,1404600
2020-02-14 09:00:00+09:00,521.8423461914062,527.7723728526722,520.148052859616,526.9252261867771,2304100
2020-02-17 09:00:00+09:00,521.8423461914062,522.6894928573014,513.3708795324549,516.7594661960354,1079700
2020-02-18 09:00:00+09:00,522.6893920898438,523.5365385924205,518.4536595769601,520.9950990846903,1010800
2020-02-19 09:00:00+09:00,522.6893920898438,526.0779781001506,518.4536595769601,520.9950990846903,1652000
2020-02-20 09:00:00+09:00,516.7594604492188,523.5366337010119,515.0651671362705,522.6894870445377,1315200
2020-02-21 09:00:00+09:00,503.2051696777344,516.7595176825218,503.2051696777344,515.0652241819234,1582200
2020-02-25 09:00:00+09:00,482.8736572265625,493.0394184313322,480.33221692537006,483.72080399362665,2679400
2020-02-26 09:00:00+09:00,465.08355712890625,476.9436114090605,459.1535299888291,476.0964646747638,4192300
2020-02-27 09:00:00+09:00,455.7649230957031,464.2363900677422,452.3763363068875,464.2363900677422,3175000
2020-02-28 09:00:00+09:00,432.8918762207031,447.29336721043296,428.65614357666493,435.433315807126,4818900
2020-03-02 09:00:00+09:00,448.14056396484375,455.7648835786124,428.6561916185462,428.6561916185462,4484200
2020-03-03 09:00:00+09:00,437.1276550292969,460.00061372269033,435.4333617927492,460.00061372269033,2753900
2020-03-04 09:00:00+09:00,430.3504638671875,434.5861967792661,427.8090241199403,432.04475703201894,2807500
2020-03-05 09:00:00+09:00,432.8918762207031,441.3633415087795,430.3504366342802,438.8219019223566,2351000
2020-03-06 09:00:00+09:00,416.7961120605469,429.5033105989782,411.7132326451744,425.2675777528344,3735300
2020-03-09 09:00:00+09:00,387.1460266113281,401.54751994260295,384.6045866116914,399.0060799429662,5417300
2020-03-10 09:00:00+09:00,398.1589050292969,400.7003448486328,369.3559204101562,382.0631195068359,5436000
2020-03-11 09:00:00+09:00,397.3117980957031,414.25473191641544,396.4646514046675,402.39467824191684,3147400
2020-03-12 09:00:00+09:00,376.13311767578125,396.4646375501478,372.7445310300535,385.45173095153257,4684000
2020-03-13 09:00:00+09:00,348.1772766113281,361.7316231460757,337.16437005184576,344.78868997764124,5156400
2020-03-16 09:00:00+09:00,349.0244140625,371.05022660042476,348.177267426426,356.6487337871663,3913500
2020-03-17 09:00:00+09:00,374.43878173828125,381.2159542584311,338.85862600749437,342.2472122675693,6769000
2020-03-18 09:00:00+09:00,388.8403015136719,412.56040705263223,374.4388088650174,378.6745419969746,5471900
2020-03-19 09:00:00+09:00,393.9232177734375,421.8790590347782,392.2289243636593,409.17185846144156,5647900
2020-03-23 09:00:00+09:00,389.68743896484375,393.076025390625,368.50877380371094,387.1459991455078,5046900
2020-03-24 09:00:00+09:00,406.63037109375,407.4775177001953,383.7574127197266,388.8402923583984,4231800
2020-03-25 09:00:00+09:00,417.643310546875,424.42048394317317,404.0889637542786,422.7261905940986,4401200
2020-03-26 09:00:00+09:00,432.8918762207031,441.3633415087795,411.71321300051216,411.71321300051216,4038600
2020-03-27 09:00:00+09:00,436.280517578125,436.280517578125,418.4904382205704,432.0447843977549,6399200
2020-03-30 09:00:00+09:00,441.8355407714844,441.8355407714844,424.7432567957983,424.7432567957983,3822300
2020-03-31 09:00:00+09:00,408.5055236816406,440.9808582002648,399.1047689525652,433.28933160374856,7296900
2020-04-01 09:00:00+09:00,371.75714111328125,389.704037580819,368.33868464327406,387.9948093458154,8233600
2020-04-02 09:00:00+09:00,353.81024169921875,367.4840674653721,350.3917852576804,367.4840674653721,5535500
2020-04-03 09:00:00+09:00,357.22869873046875,389.7040349786932,348.682557612515,388.84942086689784,4602000
2020-04-06 09:00:00+09:00,385.4309997558594,387.14022813615145,362.3564166219166,364.06564500220867,5176200
2020-04-07 09:00:00+09:00,389.70404052734375,402.52325238679583,381.15789928770903,395.68633939508805,4659800
2020-04-08 09:00:00+09:00,401.66864013671875,403.3778683926197,389.70404234541223,396.54095536901593,4028900
2020-04-09 09:00:00+09:00,407.6509094238281,410.21475162146226,400.81399689680376,403.3778390944379,2763900
2020-04-10 09:00:00+09:00,402.5232849121094,410.21481264928343,393.97714298191596,410.21481264928343,3713000
2020-04-13 09:00:00+09:00,403.3778991699219,411.924041101488,400.814056590452,405.9417417493917,2289100
2020-04-14 09:00:00+09:00,407.6509094238281,408.50552348970615,400.81399689680376,400.81399689680376,2399900
2020-04-15 09:00:00+09:00,392.26788330078125,402.5232527988409,389.7040409262663,400.8140245491643,3888600
2020-04-16 09:00:00+09:00,396.54095458984375,396.54095458984375,385.43097094831796,387.9948133271316,2073800
2020-04-17 09:00:00+09:00,399.9594421386719,404.2325131016919,394.83175698304785,402.5232847164839,2265200
2020-04-20 09:00:00+09:00,399.9594421386719,399.9594421386719,392.2679144052359,396.54098536825586,1814400
2020-04-21 09:00:00+09:00,396.54095458984375,401.66863934747107,393.97711221103015,399.1047969686574,1692000
2020-04-22 09:00:00+09:00,391.4132995605469,394.83175632526786,387.99484279582595,392.2679137517271,2206100
2020-04-23 09:00:00+09:00,405.9417419433594,405.9417419433594,391.41330065275497,391.41330065275497,2187700
2020-04-24 09:00:00+09:00,397.3956298828125,402.5233154296875,394.831787109375,400.8140869140625,1576100
2020-04-27 09:00:00+09:00,402.5232849121094,403.37789910512873,393.1225287888966,399.95944233305136,2128600
2020-04-28 09:00:00+09:00,402.5232849121094,405.0871274911674,395.6863713679547,404.23251329814804,1806500
2020-04-30 09:00:00+09:00,410.2147521972656,417.05166473388675,409.36013813018803,409.36013813018803,2968700
2020-05-01 09:00:00+09:00,393.9771423339844,410.21481197464755,393.9771423339844,410.21481197464755,2325900
2020-05-07 09:00:00+09:00,391.4132995605469,395.68637051644805,387.99484279582595,388.8494569870062,1833400
2020-05-08 09:00:00+09:00,403.3778991699219,403.3778991699219,393.9771430451991,398.2502140109822,2117900
2020-05-11 09:00:00+09:00,409.36016845703125,409.36016845703125,402.5232554139075,405.94171193546936,2345300
2020-05-12 09:00:00+09:00,406.7963562011719,410.21481297597165,403.37789942637215,405.94174200747193,1469600
2020-05-13 09:00:00+09:00,404.2325134277344,405.941741814321,398.2502140746812,401.66867084785446,2189300
2020-05-14 09:00:00+09:00,394.83172607421875,404.2324814569383,393.977111948517,402.52325320553473,1982400
2020-05-15 09:00:00+09:00,381.1579284667969,393.9771413076084,370.9025581941476,393.9771413076084,4827700
2020-05-18 09:00:00+09:00,390.5586853027344,393.12252787583765,382.01254339239006,384.5763859654934,2669800
2020-05-19 09:00:00+09:00,395.6863098144531,402.5232222950484,395.6863098144531,400.81399417489956,2527100
2020-05-20 09:00:00+09:00,414.4878234863281,417.05166569346005,394.8316998983167,396.54092803640464,5703100
2020-05-21 09:00:00+09:00,405.9417419433594,420.47018323396384,405.08712774979443,416.197112266139,3268800
2020-05-22 09:00:00+09:00,399.10479736328125,405.94171038021113,397.3955691090488,405.0870962530949,2529400
2020-05-25 09:00:00+09:00,417.05169677734375,417.05169677734375,408.50555544993915,410.2147837154201,2720600
2020-05-26 09:00:00+09:00,426.45245361328125,431.5801384262666,418.76092639380323,419.6155405293008,3496400
2020-05-27 09:00:00+09:00,430.72552490234375,432.43475317576576,420.4701552618118,429.01629662892174,2513000
2020-05-28 09:00:00+09:00,435.8532409667969,441.8355403526157,430.7255557789522,435.8532409667969,2883700
2020-05-29 09:00:00+09:00,426.45245361328125,436.7078232392519,425.5978394777837,435.85320910375435,2857100
2020-06-01 09:00:00+09:00,424.74322509765625,432.43475231270435,423.0339968276456,428.16168163767765,1794200
2020-06-02 09:00:00+09:00,430.72552490234375,434.9985955858987,426.4524542187888,430.72552490234375,1865800
2020-06-03 09:00:00+09:00,431.5801086425781,439.27163533125776,429.8708804895382,436.70779310169786,2760700
2020-06-04 09:00:00+09:00,429.87091064453125,436.7078237362932,426.4524540986503,434.14398132688245,1994800
2020-06-05 09:00:00+09:00,437.5624694824219,437.5624694824219,429.0163275003433,429.8709416985512,1633200
2020-06-08 09:00:00+09:00,441.8355407714844,441.8355407714844,431.5801703860727,441.8355407714844,2441800
2020-06-09 09:00:00+09:00,442.69012451171875,454.65472247149495,440.1262820917667,447.8178093516228,2713700
2020-06-10 09:00:00+09:00,445.25396728515625,449.5270379884687,441.8355107225063,445.25396728515625,2013000
2020-06-11 09:00:00+09:00,420.4700927734375,440.12621499658604,420.4700927734375,440.12621499658604,3110100
2020-06-12 09:00:00+09:00,417.9063415527344,420.4701841389475,405.0871286216689,413.6332705757126,3267600
2020-06-15 09:00:00+09:00,404.2325134277344,423.88863987348043,403.3778992344411,419.6155689070139,3033600
2020-06-16 09:00:00+09:00,429.87091064453125,430.7255247810015,417.9063127339479,422.1793834162991,3092900
2020-06-17 09:00:00+09:00,415.342529296875,424.7432861328125,409.3602294921875,423.888671875,4124900
2020-06-18 09:00:00+09:00,420.4700927734375,420.4700927734375,411.92395267641643,413.63318069582067,2416100
2020-06-19 09:00:00+09:00,420.4700927734375,422.17932079284174,417.0516367346291,421.3247067831396,1418800
2020-06-22 09:00:00+09:00,414.4878234863281,417.906279762504,412.7785953482402,417.906279762504,1537200
2020-06-23 09:00:00+09:00,417.05169677734375,420.47015330830556,411.924011980901,417.05169677734375,1716900
2020-06-24 09:00:00+09:00,409.36016845703125,416.1970815001549,405.94171193546936,414.487853239374,2150800
2020-06-25 09:00:00+09:00,400.8140563964844,405.94174155294263,398.25021381825525,405.94174155294263,2212600
2020-06-26 09:00:00+09:00,403.3778991699219,404.2325133630785,393.9771430451991,402.52328497676524,2363500
2020-06-29 09:00:00+09:00,389.70404052734375,401.66863826283236,388.8494264033803,399.9594100149054,2470600
2020-06-30 09:00:00+09:00,399.9594421386719,402.5232847164839,396.54098536825586,396.54098536825586,1845400
2020-07-01 09:00:00+09:00,393.9771423339844,402.52328425012286,390.558685567529,402.52328425012286,1853200
2020-07-02 09:00:00+09:00,399.10479736328125,402.5232538717462,393.97711260058384,393.97711260058384,1839400
2020-07-03 09:00:00+09:00,395.6863098144531,401.668608234974,391.41323951408106,399.9593801148252,1799600
2020-07-06 09:00:00+09:00,404.2325134277344,405.08712762102766,393.12252891492136,395.6863714948013,1938500
2020-07-07 09:00:00+09:00,399.10479736328125,402.5232538717462,395.6863408548163,401.66863974462996,1506400
2020-07-08 09:00:00+09:00,399.10479736328125,405.94171038021113,394.8317267277001,399.10479736328125,1861600
2020-07-09 09:00:00+09:00,393.12249755859375,398.25018230935797,392.26788343346635,398.25018230935797,1566500
2020-07-10 09:00:00+09:00,383.7217102050781,395.68630695980215,382.8670961511692,395.68630695980215,2588200
2020-07-13 09:00:00+09:00,398.2501525878906,399.10476664923806,390.558626035764,390.558626035764,1962300
2020-07-14 09:00:00+09:00,395.6863098144531,400.81399417489956,393.12246763422985,398.25015199467634,1011200
2020-07-15 09:00:00+09:00,405.0870666503906,405.9416807150539,399.959382262411,400.8139963270743,1958700
2020-07-16 09:00:00+09:00,407.6509094238281,415.3424360167305,403.3778390944379,405.08706722619394,2271200
2020-07-17 09:00:00+09:00,402.5232849121094,408.50558426324477,400.8140565260707,408.50558426324477,954500
2020-07-20 09:00:00+09:00,405.0870666503906,405.0870666503906,398.2501541330845,405.0870666503906,730900
2020-07-21 09:00:00+09:00,404.2325134277344,406.7963560076143,399.9594424612678,401.66867084785446,1075300
2020-07-22 09:00:00+09:00,395.6863098144531,405.94167853534606,395.6863098144531,405.94167853534606,1009300
2020-07-27 09:00:00+09:00,399.9594421386719,399.9594421386719,389.7040718274239,394.83175698304785,1383200
2020-07-28 09:00:00+09:00,394.83172607421875,400.8140249541312,394.83172607421875,399.10479670272764,1073500
2020-07-29 09:00:00+09:00,391.4132995605469,393.9771421340876,387.99484279582595,392.2679137517271,1472700
2020-07-30 09:00:00+09:00,387.9948425292969,391.41329929166955,385.4309999575174,391.41329929166955,1020700
2020-07-31 09:00:00+09:00,375.1756286621094,385.4309989216659,375.1756286621094,385.4309989216659,1915900
2020-08-03 09:00:00+09:00,397.3956298828125,399.1048583984375,378.5941162109375,380.3033447265625,3615600
2020-08-04 09:00:00+09:00,403.3778991699219,403.3778991699219,392.2679146588859,395.6863714315123,1811000
2020-08-05 09:00:00+09:00,399.10479736328125,399.9594114903975,389.7040419650027,395.6863408548163,1574500
2020-08-06 09:00:00+09:00,398.2501525878906,404.2324510173225,394.831696342501,397.39553852654325,1430600
2020-08-07 09:00:00+09:00,394.83172607421875,395.68634019992055,389.7040413200081,394.83172607421875,1320700
2020-08-11 09:00:00+09:00,407.6509094238281,408.50552348970615,397.39554063329155,397.39554063329155,1814400
2020-08-12 09:00:00+09:00,417.9063415527344,420.4701841389475,411.06942798949945,411.06942798949945,2393900
2020-08-13 09:00:00+09:00,418.7609558105469,428.1617119613959,413.63327063735653,426.45248357033245,2014200
2020-08-14 09:00:00+09:00,417.9063415527344,419.6155699435431,414.4878847711169,419.6155699435431,1362600
2020-08-17 09:00:00+09:00,412.77862548828125,415.3424678826184,407.65094069960696,411.0693972253898,851900
2020-08-18 09:00:00+09:00,413.63323974609375,414.48785387780055,406.79632669243927,413.63323974609375,1000200
2020-08-19 09:00:00+09:00,416.197021484375,417.90624949868453,405.9416533985177,408.505495419982,1149500
2020-08-20 09:00:00+09:00,411.9240417480469,416.197112720537,409.3601991645528,414.48788433154095,694200
2020-08-21 09:00:00+09:00,407.6509094238281,417.0516641484866,407.6509094238281,412.7785938190964,752700
2020-08-24 09:00:00+09:00,406.7963562011719,412.7786555570715,405.94174200747193,412.7786555570715,588400
2020-08-25 09:00:00+09:00,417.05169677734375,417.9063109100842,412.77862611364145,413.6332402463819,1276900
2020-08-26 09:00:00+09:00,413.63323974609375,415.34246800950734,411.9240114826801,415.34246800950734,602900
2020-08-27 09:00:00+09:00,402.5232849121094,411.0694268423028,402.5232849121094,411.0694268423028,1579600
2020-08-28 09:00:00+09:00,402.5232849121094,413.6332694213608,398.2502139470127,405.0871274911674,2315100
2020-08-31 09:00:00+09:00,406.7963562011719,413.63326975077143,405.94174200747193,405.94174200747193,1461200
2020-09-01 09:00:00+09:00,399.9594421386719,402.5232847164839,396.54098536825586,402.5232847164839,1722200
2020-09-02 09:00:00+09:00,399.9594421386719,400.8140563312759,395.68637117565186,399.9594421386719,1459700
2020-09-03 09:00:00+09:00,393.9771423339844,401.668670058509,393.1225281423705,400.81405586689516,2276200
2020-09-04 09:00:00+09:00,390.5586853027344,393.12252787583765,387.9948427296311,391.4132994937688,1585100
2020-09-07 09:00:00+09:00,387.9948425292969,391.41329929166955,387.1402283387037,388.84945671989004,1133300
2020-09-08 09:00:00+09:00,395.6863098144531,395.6863098144531,387.140169213709,387.9947832737834,1767500
2020-09-09 09:00:00+09:00,387.9948425292969,392.2679134822627,387.1402283387037,388.84945671989004,1693000
2020-09-10 09:00:00+09:00,395.6863098144531,396.5409238745275,387.9947832737834,391.41323951408106,2232900
2020-09-11 09:00:00+09:00,405.0870666503906,405.0870666503906,393.9770838097681,396.54092600375793,2083200
2020-09-14 09:00:00+09:00,409.36016845703125,411.9240108482026,406.79632606585983,408.5055543266408,1035900
2020-09-15 09:00:00+09:00,399.9594421386719,405.0871272942959,398.25021375346387,405.0871272942959,1434600
2020-09-16 09:00:00+09:00,393.9771423339844,399.9594416752813,392.2679139507567,397.39559910043977,1493700
2020-09-17 09:00:00+09:00,390.5586853027344,396.54098463997536,388.8494569206655,395.686370448941,1672600
2020-09-18 09:00:00+09:00,392.26788330078125,393.97711155045783,389.7040409262663,393.12249742561954,1303900
2020-09-23 09:00:00+09:00,389.70404052734375,391.4132687752707,384.5763557835629,388.8494264033803,2097100
2020-09-24 09:00:00+09:00,380.3033142089844,385.4309993443864,379.4487000197507,385.4309993443864,2954900
2020-09-25 09:00:00+09:00,382.86712646484375,385.4309688295637,378.5940558569772,382.01251234327043,1865700
2020-09-28 09:00:00+09:00,393.9771423339844,393.9771423339844,383.7217720346182,385.4310004178459,2648800
2020-09-29 09:00:00+09:00,395.7012634277344,395.7012634277344,388.8045093810636,393.97707491606667,1636800
2020-09-30 09:00:00+09:00,385.35614013671875,393.9770828690838,384.4940458634822,392.2528943226108,2026000
2020-10-02 09:00:00+09:00,380.18359375,388.8045369189343,380.18359375,386.218253968254,2344300
2020-10-05 09:00:00+09:00,390.5287170410156,392.2529056372232,383.6319626561853,383.6319626561853,2427000
2020-10-06 09:00:00+09:00,387.94244384765625,390.52872680664063,385.35616088867187,387.94244384765625,1262700
2020-10-07 09:00:00+09:00,384.4940490722656,385.3561433526967,379.3214833896791,381.04567195054125,2199600
2020-10-08 09:00:00+09:00,381.9078063964844,386.21827825197516,380.18361765428807,385.35618388087704,2554400
2020-10-09 09:00:00+09:00,375.8731384277344,381.9077989070787,375.8731384277344,380.1836101986946,2323500
2020-10-12 09:00:00+09:00,369.8384704589844,376.7352251528582,367.2521874487817,376.7352251528582,2725900
2020-10-13 09:00:00+09:00,373.28680419921875,375.8730869072965,368.1142387830633,368.9763330190892,1679800
2020-10-14 09:00:00+09:00,376.7352600097656,377.59735442626396,370.7005990942774,374.14897676027067,1837800
2020-10-15 09:00:00+09:00,368.1142883300781,375.8731374986278,366.390099625956,373.28685444244456,1844300
2020-10-16 09:00:00+09:00,362.0796813964844,367.252248273577,359.49339795793804,366.3901537940616,2200200
2020-10-19 09:00:00+09:00,364.6658935546875,367.25217648769944,362.07961062167556,362.07961062167556,1644400
2020-10-20 09:00:00+09:00,355.1828918457031,362.07964702717305,354.32079744801933,361.2175526294893,2063400
2020-10-21 09:00:00+09:00,362.94171142578125,363.8038057522083,355.18286248793794,355.18286248793794,2053000
2020-10-22 09:00:00+09:00,360.3554382324219,362.07962693209856,356.90706083306856,359.4933438825836,1652700
2020-10-23 09:00:00+09:00,362.94171142578125,364.66590007863533,357.76914546721906,362.94171142578125,1416100
2020-10-26 09:00:00+09:00,363.80377197265625,368.1142432045597,360.3553949871334,364.66586621903696,966500
2020-10-27 09:00:00+09:00,362.94171142578125,363.8038057522083,358.6312397936461,360.3554284465002,1051700
2020-10-28 09:00:00+09:00,357.7691345214844,362.07960602174325,356.0449459213808,361.21751172169144,1458800
2020-10-29 09:00:00+09:00,356.0449523925781,358.6312353397397,351.7344808139755,353.45866944541655,1397000
2020-10-30 09:00:00+09:00,345.6997985839844,354.3207411920638,344.8377043231764,354.3207411920638,2397800
2020-11-02 09:00:00+09:00,356.90704345703125,357.7691377648985,350.87238330196067,350.87238330196067,2111600
2020-11-04 09:00:00+09:00,359.4933776855469,365.528038701851,356.0449999619445,362.0796609782486,2019500
2020-11-05 09:00:00+09:00,359.4933776855469,362.9417554091492,353.45871666924273,358.6312832546463,3881400
2020-11-06 09:00:00+09:00,362.94171142578125,364.66590007863533,352.5965795086569,356.044956814365,3247400
2020-11-09 09:00:00+09:00,364.6658935546875,369.83845942071144,362.9417049326795,368.11427079870344,2114800
2020-11-10 09:00:00+09:00,380.18359375,380.18359375,371.5626505810658,373.28683921485265,3654200
2020-11-11 09:00:00+09:00,382.7698974609375,387.94246364284203,376.73523691538213,385.35618055188974,2778700
2020-11-12 09:00:00+09:00,374.1489562988281,379.32152251494097,370.7005788214196,378.45942814558884,2526700
2020-11-13 09:00:00+09:00,365.52801513671875,373.28686451462085,362.079637635429,373.28686451462085,2425100
2020-11-16 09:00:00+09:00,370.7005310058594,374.14890803847203,368.976342489553,372.4247195221657,1891300
2020-11-17 09:00:00+09:00,371.5627136230469,378.4594693283471,368.1143357703968,377.5973748651846,2150700
2020-11-18 09:00:00+09:00,362.0796813964844,365.5280593145461,360.35549243745345,365.5280593145461,2443200
2020-11-19 09:00:00+09:00,360.3554382324219,362.9417212819369,357.7691551829069,361.2175325822602,2854400
2020-11-20 09:00:00+09:00,368.9763488769531,368.9763488769531,361.2175004192602,362.0795946923372,1956800
2020-11-24 09:00:00+09:00,366.39007568359375,374.1489243451287,366.39007568359375,372.4247357536765,1799300
2020-11-25 09:00:00+09:00,360.3554382324219,368.9763817308052,360.3554382324219,368.9763817308052,2547800
2020-11-26 09:00:00+09:00,360.3554382324219,363.8038156317752,357.7691551829069,362.07962693209856,2271300
2020-11-27 09:00:00+09:00,360.3554382324219,363.8038156317752,359.4933438825836,361.2175325822602,2442400
2020-11-30 09:00:00+09:00,345.6997985839844,362.07958953933525,345.6997985839844,362.07958953933525,4100200
2020-12-01 09:00:00+09:00,352.5965881347656,353.4586824822834,349.14821074469455,352.5965881347656,2383800
2020-12-02 09:00:00+09:00,360.3554382324219,362.07962693209856,351.7344947340386,353.45868343371524,3030900
2020-12-03 09:00:00+09:00,361.2174987792969,364.66587585594885,357.7691217026449,357.7691217026449,2365900
2020-12-04 09:00:00+09:00,365.52801513671875,366.3901095120412,362.079637635429,362.079637635429,1672100
2020-12-07 09:00:00+09:00,362.94171142578125,370.70056036362456,362.0796170993542,368.9763717107705,1954000
2020-12-08 09:00:00+09:00,361.2174987792969,365.5279701251119,361.2174987792969,364.66587585594885,1226800
2020-12-09 09:00:00+09:00,363.80377197265625,366.3900547117983,362.07958347989484,362.07958347989484,1403800
2020-12-10 09:00:00+09:00,364.6658935546875,368.97636510970744,363.8037992436835,366.3900821766955,1674400
2020-12-11 09:00:00+09:00,365.52801513671875,367.2522038873637,361.21754326010654,365.52801513671875,1563300
2020-12-14 09:00:00+09:00,368.1142883300781,372.4247600903835,366.390099625956,366.390099625956,1738500
2020-12-15 09:00:00+09:00,368.9763488769531,371.5626316961841,366.39006605772215,368.11425460387613,1397300
2020-12-16 09:00:00+09:00,371.5627136230469,372.4248080862094,368.9764302335593,371.5627136230469,1572100
2020-12-17 09:00:00+09:00,366.39007568359375,372.4247357536765,365.52798138786767,372.4247357536765,1813400
2020-12-18 09:00:00+09:00,368.9763488769531,370.7005374231071,365.52797178464516,367.25216033079914,1690600
2020-12-21 09:00:00+09:00,368.1142883300781,370.70057138626134,364.6659109218338,370.70057138626134,1301400
2020-12-22 09:00:00+09:00,359.4933776855469,364.66594427095043,358.6312832546463,363.80384984004985,2342700
2020-12-23 09:00:00+09:00,361.2174987792969,362.9416873176229,358.6312159718079,361.2174987792969,1413600
2020-12-24 09:00:00+09:00,362.0796813964844,367.252248273577,361.2175869169689,362.9417758759998,1385000
2020-12-25 09:00:00+09:00,364.6658935546875,365.5279878656915,362.9417049326795,363.8037992436835,803600
2020-12-28 09:00:00+09:00,362.0796813964844,365.5280593145461,359.49339795793804,363.80387035551524,1536400
2020-12-29 09:00:00+09:00,368.9763488769531,368.9763488769531,361.2175004192602,362.0795946923372,2182500
2020-12-30 09:00:00+09:00,367.2522277832031,370.700605508867,366.39013335178714,370.700605508867,1870700
2021-01-04 09:00:00+09:00,362.94171142578125,369.8384660371975,358.6312397936461,368.9763717107705,1780500
2021-01-05 09:00:00+09:00,361.2174987792969,362.9416873176229,359.49331024097086,361.2174987792969,1569400
2021-01-06 09:00:00+09:00,368.1142883300781,368.1142883300781,361.21753351358956,362.0796278656506,1530500
2021-01-07 09:00:00+09:00,368.9763488769531,371.5626316961841,367.25216033079914,368.11425460387613,2123000
2021-01-08 09:00:00+09:00,375.8731384277344,375.8731384277344,367.2521948858138,368.97638359419796,2632600
2021-01-12 09:00:00+09:00,381.9078063964844,382.76990076758256,374.148957056601,375.8731457987973,1735200
2021-01-13 09:00:00+09:00,383.63201904296875,384.4941134677844,379.3215469188905,380.1836413437061,1556500
2021-01-14 09:00:00+09:00,384.4940490722656,385.3561433526967,379.3214833896791,383.6319547918345,1549700
2021-01-15 09:00:00+09:00,380.18359375,384.49406533446717,379.3214994331066,383.63197101757373,1370000
2021-01-18 09:00:00+09:00,371.5627136230469,377.5973748651846,369.83852469672183,377.5973748651846,2281900
2021-01-19 09:00:00+09:00,372.42474365234375,377.5973095364041,371.5626493383337,375.0110265943739,1035300
2021-01-20 09:00:00+09:00,367.2522277832031,372.4247943716989,366.39013335178714,372.4247943716989,1516700
2021-01-21 09:00:00+09:00,373.28680419921875,375.8730869072965,369.8384272551151,369.8384272551151,1539200
2021-01-22 09:00:00+09:00,376.7352600097656,378.4594488427623,370.7005990942774,372.42478792727405,1374000
2021-01-25 09:00:00+09:00,374.1489562988281,379.32152251494097,372.4247675601239,379.32152251494097,1534600
2021-01-26 09:00:00+09:00,380.18359375,381.04568806689343,373.28683921485265,375.01102784863946,1635300
2021-01-27 09:00:00+09:00,383.63201904296875,385.3562078926001,381.04573576852175,383.63201904296875,2150400
2021-01-28 09:00:00+09:00,382.7698974609375,384.494086188239,375.0110481880806,375.8731425517314,3207300
2021-01-29 09:00:00+09:00,376.7352600097656,387.9424874242438,376.7352600097656,383.6320153417522,2063500
2021-02-01 09:00:00+09:00,381.9078063964844,383.63199513868074,378.45942891209177,378.45942891209177,1594400
2021-02-02 09:00:00+09:00,381.04571533203125,382.76990408918977,378.45943219629345,381.04571533203125,1181900
2021-02-03 09:00:00+09:00,390.5287170410156,390.5287170410156,381.04567976187394,381.04567976187394,2393300
2021-02-04 09:00:00+09:00,389.6666564941406,393.9771283580139,388.80456212136596,390.5287508669153,1635900
2021-02-05 09:00:00+09:00,425.01251220703125,425.8746065522788,389.6666440518826,391.39083274237765,7411100
2021-02-08 09:00:00+09:00,441.3923034667969,455.1858129501343,429.32298266887665,429.32298266887665,6054100
2021-02-09 09:00:00+09:00,439.6681213378906,456.91000844918045,435.3576495600682,449.15115924910003,4063500
2021-02-10 09:00:00+09:00,443.9786071777344,446.56489032634255,432.7713802004323,437.0818521147793,2422500
2021-02-12 09:00:00+09:00,436.2197570800781,447.42698404063344,433.63347393533456,447.42698404063344,2182700
2021-02-15 09:00:00+09:00,439.6681213378906,442.2544044045841,436.21974391563265,440.53021569345515,1384500
2021-02-16 09:00:00+09:00,435.3576354980469,437.9439184812036,428.4608808762956,437.08182415348466,2377800
2021-02-17 09:00:00+09:00,436.2197570800781,440.530228987984,433.63347393533456,434.49556831691575,1425900
2021-02-18 09:00:00+09:00,426.7366943359375,437.081826319839,419.83993968000317,436.21973198784724,2976200
2021-02-19 09:00:00+09:00,428.4609069824219,431.0471901231608,426.7367182219292,428.4609069824219,1289100
2021-02-22 09:00:00+09:00,432.7713623046875,438.80602273523095,430.185079263026,431.04717361024655,1251900
2021-02-24 09:00:00+09:00,441.3923034667969,446.5648695230484,432.771360039711,437.08183175325394,2484300
2021-02-25 09:00:00+09:00,443.9786071777344,452.5995510064282,441.3923240291262,448.2890790920813,2640600
2021-02-26 09:00:00+09:00,437.08184814453125,447.42698064499353,437.08184814453125,443.97860314483944,2347900
2021-03-01 09:00:00+09:00,446.5648498535156,447.4269441582521,435.3576238919409,440.53018972036,1510900
2021-03-02 09:00:00+09:00,447.4269714355469,453.4616319366043,443.97859400637117,449.15116015013473,1813900
2021-03-03 09:00:00+09:00,466.39300537109375,467.2550996508925,447.4269312155225,450.87530833471726,2572000
2021-03-04 09:00:00+09:00,460.3584289550781,470.7035621900237,456.0479567738508,462.94471226381455,2604500
2021-03-05 09:00:00+09:00,467.25518798828125,468.1172824310641,456.0479602321048,463.80681021715003,1859800
2021-03-08 09:00:00+09:00,475.87603759765625,481.04860322371775,470.70347197159475,472.42766051361525,2462700
2021-03-09 09:00:00+09:00,493.1179504394531,493.98004475840327,480.18653565520174,484.4970072499522,2801300
2021-03-10 09:00:00+09:00,474.1519470214844,488.8075526566939,473.2898525723544,487.08336375843396,3499400
2021-03-11 09:00:00+09:00,479.3244934082031,488.8075319468546,477.6003045829938,479.3244934082031,1810800
2021-03-12 09:00:00+09:00,480.18658447265625,482.77286769243716,470.7035460001262,476.7382068462817,2230300
2021-03-15 09:00:00+09:00,482.7727966308594,487.94536230904714,481.04860807146343,482.7727966308594,1537500
2021-03-16 09:00:00+09:00,481.9106750488281,484.49695774139786,476.73810966368865,482.7727692796847,1594200
2021-03-17 09:00:00+09:00,483.6349182128906,483.6349182128906,477.60025791433407,479.3244465710645,1328200
2021-03-18 09:00:00+09:00,487.0832824707031,487.945376775961,479.3244337233822,482.7728109444137,1421200
2021-03-19 09:00:00+09:00,488.80755615234375,493.1180284288194,484.49708387586804,486.2212727864583,2197500
2021-03-22 09:00:00+09:00,489.6695556640625,491.3937442403444,485.35908422335774,487.08327279963964,1351900
2021-03-23 09:00:00+09:00,483.6349182128906,487.9453898547167,481.91072955616016,487.9453898547167,2071200
2021-03-24 09:00:00+09:00,464.6688537597656,479.3244576816877,462.08257071472053,479.3244576816877,2330800
2021-03-25 09:00:00+09:00,479.3244934082031,483.63496547122656,467.2551716317376,467.2551716317376,2238300
2021-03-26 09:00:00+09:00,482.7727966308594,490.531645148141,481.9107023511614,486.2211737496512,1770400
2021-03-29 09:00:00+09:00,472.4276428222656,488.8074333580741,468.1171716286318,487.9453391193473,3929600
2021-03-30 09:00:00+09:00,476.3392333984375,478.07769775390625,467.64691162109375,471.12384033203125,1822300
2021-03-31 09:00:00+09:00,462.4315185546875,469.3853759765625,462.4315185546875,468.5161437988281,1853500
2021-04-01 09:00:00+09:00,458.0853271484375,467.64688046652634,456.346862908785,462.4314877475688,1555200
2021-04-02 09:00:00+09:00,453.7391662597656,462.4314874524814,450.2622377826793,458.9545589753951,1113000
2021-04-05 09:00:00+09:00,460.6930847167969,464.1700136580557,454.6084590695939,456.3469235402233,1177400
2021-04-06 09:00:00+09:00,456.3468933105469,463.3007507324219,453.73919677734375,461.5622863769531,1220000
2021-04-07 09:00:00+09:00,463.3007507324219,464.16998291015625,456.3468933105469,456.3468933105469,959300
2021-04-08 09:00:00+09:00,455.4776916503906,463.30078177415686,454.6084594144166,463.30078177415686,1130800
2021-04-09 09:00:00+09:00,459.8238525390625,466.777710422451,458.954620303639,459.8238525390625,1535300
2021-04-12 09:00:00+09:00,459.8238525390625,465.9084781870274,457.21615583279186,461.56231700990963,862100
2021-04-13 09:00:00+09:00,453.7391662597656,462.4314874524814,453.7391662597656,462.4314874524814,1381300
2021-04-14 09:00:00+09:00,449.39306640625,452.8699953533003,448.52383416948743,451.13153087977514,1227800
2021-04-15 09:00:00+09:00,453.7391662597656,456.34686261758037,445.9160771863214,446.78530930559293,1502400
2021-04-16 09:00:00+09:00,454.6084899902344,456.34695457910715,449.393096223616,453.73925769579796,922800
2021-04-19 09:00:00+09:00,452.0007629394531,457.2161563579853,451.1315307030311,453.7392274122972,740200
2021-04-20 09:00:00+09:00,441.5699157714844,451.1314690657488,440.700683653824,451.1314690657488,1576300
2021-04-21 09:00:00+09:00,433.7468566894531,438.093017578125,429.40069580078125,436.35455322265625,1609300
2021-04-22 09:00:00+09:00,436.35455322265625,438.9622497558594,432.0083923339844,436.35455322265625,930500
2021-04-23 09:00:00+09:00,436.35455322265625,438.093017578125,430.2699279785156,432.0083923339844,800600
2021-04-26 09:00:00+09:00,435.4853210449219,440.7007141113281,433.7468566894531,438.093017578125,959500
2021-04-27 09:00:00+09:00,438.093017578125,444.1776428222656,432.87762451171875,435.4853210449219,1577800
2021-04-28 09:00:00+09:00,438.96221923828125,442.43914770749535,434.61605865176364,438.96221923828125,1207100
2021-04-30 09:00:00+09:00,444.1776123046875,446.78530865872676,438.0929874785959,440.70068383263515,1209500
2021-05-06 09:00:00+09:00,459.8238525390625,460.69308477448607,447.65460124313273,448.52383347855624,1952600
2021-05-07 09:00:00+09:00,465.0392150878906,469.3853759765625,456.3468933105469,462.4315185546875,2131700
2021-05-10 09:00:00+09:00,469.3853759765625,471.9930725097656,463.3007507324219,467.64691162109375,1258300
2021-05-11 09:00:00+09:00,460.6930847167969,471.99310377588813,458.08538801085274,467.64694259931457,1404000
2021-05-12 09:00:00+09:00,455.4776916503906,460.6930850662348,448.5238337625984,456.34692388636466,1466600
2021-05-13 09:00:00+09:00,466.7776794433594,485.03155517578125,445.9161071777344,449.3930358886719,4736400
2021-05-14 09:00:00+09:00,450.26226806640625,478.07769775390625,447.6545715332031,469.3853759765625,3358000
2021-05-17 09:00:00+09:00,462.4315185546875,466.7776794433594,452.8699645996094,453.73919677734375,2516400
2021-05-18 09:00:00+09:00,462.4315185546875,465.0392150878906,458.95458984375,463.3007507324219,1008400
2021-05-19 09:00:00+09:00,456.3468933105469,463.3007507324219,454.6084289550781,459.8238220214844,1134100
2021-05-20 09:00:00+09:00,452.8699951171875,456.346924062425,449.39306617194995,450.2622984082593,880800
2021-05-21 09:00:00+09:00,448.5238037109375,452.8699645996094,445.9161071777344,452.000732421875,1391600
2021-05-24 09:00:00+09:00,451.1315002441406,457.21612548828125,450.26226806640625,450.26226806640625,1174700
2021-05-25 09:00:00+09:00,445.9161682128906,452.00079428986965,445.04693591617934,452.00079428986965,1225800
2021-05-26 09:00:00+09:00,444.1776123046875,446.78530865872676,439.83145171462206,442.4391480686613,1036900
2021-05-27 09:00:00+09:00,438.093017578125,447.6545715332031,438.093017578125,446.78533935546875,1433300
2021-05-28 09:00:00+09:00,446.7853698730469,449.39306658436817,441.5699764504043,442.4392086875114,1578600
2021-05-31 09:00:00+09:00,440.70074462890625,444.1776735806136,438.09304791512574,441.5699768668331,1503200
2021-06-01 09:00:00+09:00,446.7853698730469,448.5238343472611,440.7007442132972,444.1776731617256,987000
2021-06-02 09:00:00+09:00,448.5238037109375,449.3930358886719,440.7007141113281,441.5699462890625,966400
2021-06-03 09:00:00+09:00,464.1700134277344,464.1700134277344,453.7392266091336,453.7392266091336,1736700
2021-06-04 09:00:00+09:00,469.3853759765625,472.8623046875,464.16998291015625,464.16998291015625,1726400
2021-06-07 09:00:00+09:00,476.3392333984375,480.6853942871094,475.4700012207031,475.4700012207031,1861100
2021-06-08 09:00:00+09:00,487.6392517089844,488.50848388671875,478.9469299316406,480.6853942871094,1773300
2021-06-09 09:00:00+09:00,486.76995849609375,498.93920745849607,485.9007264273507,490.2468867710658,2027700
2021-06-10 09:00:00+09:00,475.4700012207031,478.9469299316406,470.2546081542969,478.07769775390625,1101700
2021-06-11 09:00:00+09:00,471.9931335449219,476.33929499561174,470.25466896464593,476.33929499561174,1260100
2021-06-14 09:00:00+09:00,471.1239013671875,476.3392951092597,469.38543678649677,475.47006281891436,624400
2021-06-15 09:00:00+09:00,474.6007080078125,477.20840420565764,467.6468514802255,469.38531561212227,1046400
2021-06-16 09:00:00+09:00,474.6007080078125,478.94686833755435,473.7314759418641,475.4699400737609,642600
2021-06-17 09:00:00+09:00,471.9931335449219,477.2085272857497,470.25466896464593,477.2085272857497,619400
2021-06-18 09:00:00+09:00,465.0392150878906,467.64691162109375,460.69305419921875,466.7776794433594,1012800
2021-06-21 09:00:00+09:00,452.8699951171875,456.346924062425,449.39306617194995,456.346924062425,1388700
2021-06-22 09:00:00+09:00,468.51617431640625,469.3854065507595,458.08538750416716,460.69308420722695,1225300
2021-06-23 09:00:00+09:00,463.3007507324219,468.5161437988281,460.69305419921875,466.7776794433594,861200
2021-06-24 09:00:00+09:00,459.8238525390625,462.4315492453332,458.0853880682154,460.69308477448607,684500
2021-06-25 09:00:00+09:00,464.1700134277344,464.1700134277344,460.6930844882008,460.6930844882008,643400
2021-06-28 09:00:00+09:00,465.9084777832031,466.7777100178733,461.56231660985236,466.7777100178733,672900
2021-06-29 09:00:00+09:00,459.8238525390625,465.0392459516039,458.954620303639,465.0392459516039,694600
2021-06-30 09:00:00+09:00,459.8238525390625,463.30078148075677,458.954620303639,461.56231700990963,852600
2021-07-01 09:00:00+09:00,455.4776916503906,460.6930850662348,454.6084594144166,460.6930850662348,802700
2021-07-02 09:00:00+09:00,465.9084777832031,469.3854067218837,458.95461990584187,459.82385214051203,942700
2021-07-05 09:00:00+09:00,468.51617431640625,468.51617431640625,462.43154867593347,464.17001314463994,586800
2021-07-06 09:00:00+09:00,469.3853759765625,472.8623046875,469.3853759765625,471.12384033203125,563400
2021-07-07 09:00:00+09:00,458.9545593261719,463.3007199258516,458.08532720623595,460.6930235660438,661200
2021-07-08 09:00:00+09:00,452.8699951171875,458.08538853504376,452.8699951171875,454.6084595898062,1000900
2021-07-09 09:00:00+09:00,452.0007629394531,452.8699951758752,444.17767281165493,447.654601757343,1824000
2021-07-12 09:00:00+09:00,466.7776794433594,468.5161437988281,463.3007507324219,466.7776794433594,1925000
2021-07-13 09:00:00+09:00,475.4700012207031,477.2084655761719,467.64691162109375,468.5161437988281,1563300
2021-07-14 09:00:00+09:00,474.6007080078125,476.33917213970926,468.5160835461739,468.5160835461739,931000
2021-07-15 09:00:00+09:00,477.2084655761719,484.1623229980469,475.4700012207031,475.4700012207031,1542200
2021-07-16 09:00:00+09:00,485.9007568359375,486.7699889590787,473.7315071119605,476.3392034813842,1881700
2021-07-19 09:00:00+09:00,477.2084655761719,482.4238586425781,474.60076904296875,481.55462646484375,1269800
2021-07-20 09:00:00+09:00,471.9931335449219,474.6008304153358,468.5162043843699,471.1239012547839,1210400
2021-07-21 09:00:00+09:00,483.2931213378906,484.1623535705127,475.4700312442917,478.9469601747801,1522200
2021-07-26 09:00:00+09:00,482.423828125,490.2469172297297,480.6853638795045,490.2469172297297,1156600
2021-07-27 09:00:00+09:00,501.5469665527344,503.2854309082031,487.6392517089844,491.1161804199219,2699400
2021-07-28 09:00:00+09:00,504.1545715332031,504.1545715332031,493.7237872945851,500.6776434536638,1707300
2021-07-29 09:00:00+09:00,503.285400390625,505.893096765706,496.33154339040914,502.416168265598,1494200
2021-07-30 09:00:00+09:00,492.854736328125,500.6778273809524,491.1162716497189,499.80859504174936,1272200
2021-08-02 09:00:00+09:00,503.285400390625,505.893096765706,493.72384701532815,494.59307914035514,1171000
2021-08-03 09:00:00+09:00,501.5469665527344,502.41619873046875,497.2008056640625,501.5469665527344,885000
2021-08-04 09:00:00+09:00,527.6240844726562,536.3164087638038,483.29323058780375,498.93941431186937,5888000
2021-08-05 09:00:00+09:00,523.27783203125,531.9701548224668,516.3239737982766,526.7547611477368,2733400
2021-08-06 09:00:00+09:00,516.3238525390625,520.6700129139705,510.2392280141914,520.6700129139705,1468500
2021-08-10 09:00:00+09:00,505.8931579589844,518.9316414115355,503.28546126847414,518.9316414115355,1607400
2021-08-11 09:00:00+09:00,510.23931884765625,513.7162477665499,505.8931576990391,511.9777833071031,1083100
2021-08-12 09:00:00+09:00,505.02386474609375,515.4546502485948,504.1546326208853,514.5854181233864,1134400
2021-08-13 09:00:00+09:00,506.7622985839844,506.7622985839844,498.9392099265987,504.1546023648558,1158900
2021-08-16 09:00:00+09:00,502.416259765625,504.1547243322881,498.9393306322989,504.1547243322881,610800
2021-08-17 09:00:00+09:00,504.1545715332031,508.5007316326273,500.6776434536638,503.2853395133183,821700
2021-08-18 09:00:00+09:00,518.9317016601562,519.8009339912453,507.63168135599875,507.63168135599875,1412400
2021-08-19 09:00:00+09:00,506.7622985839844,518.9315476065843,504.1546023648558,518.9315476065843,1537100
2021-08-20 09:00:00+09:00,505.02386474609375,507.631561121719,496.3315434940095,499.8084719948432,1096200
2021-08-23 09:00:00+09:00,515.4546508789062,519.800811510263,509.3700259950068,509.3700259950068,1307900
2021-08-24 09:00:00+09:00,520.6700439453125,521.5392760720994,515.4546511845915,519.8008118185257,1066000
2021-08-25 09:00:00+09:00,523.27783203125,527.6239934268584,521.5393674730067,521.5393674730067,1559100
2021-08-26 09:00:00+09:00,521.5393676757812,523.2778322347006,514.5855094401041,518.9316708374024,874600
2021-08-27 09:00:00+09:00,518.9317016601562,525.0163279777795,518.9317016601562,522.4086309845125,899300
2021-08-30 09:00:00+09:00,529.3624267578125,530.2316589856579,521.5393367072044,521.5393367072044,1567300
2021-08-31 09:00:00+09:00,526.7546997070312,532.8393249511719,523.2777709960938,532.8393249511719,1408300
2021-09-01 09:00:00+09:00,525.0162353515625,526.7546997070312,516.3239135742188,518.0623779296875,1234200
2021-09-02 09:00:00+09:00,526.7546997070312,527.6239318847656,520.6700744628906,523.2777709960938,1112100
2021-09-03 09:00:00+09:00,542.40087890625,545.0085754394531,533.7085571289062,534.5777893066406,2903800
2021-09-06 09:00:00+09:00,543.2700805664062,549.35470546875,542.4008484375,547.6162412109375,1559400
2021-09-07 09:00:00+09:00,545.008544921875,547.616241309061,538.054687889379,546.747009179999,1431800
2021-09-08 09:00:00+09:00,542.40087890625,543.2701110839844,536.3162536621094,540.6624145507812,1487100
2021-09-09 09:00:00+09:00,542.40087890625,544.1393432617188,537.1854858398438,542.40087890625,1352300
2021-09-10 09:00:00+09:00,549.354736328125,549.354736328125,541.5316467285156,545.0085754394531,2495700
2021-09-13 09:00:00+09:00,556.3086547851562,556.3086547851562,548.48556432724,550.2240288734436,1655200
2021-09-14 09:00:00+09:00,557.1777954101562,564.1316524511566,552.831634759531,559.7854918005314,1827800
2021-09-15 09:00:00+09:00,552.8316650390625,560.6547546386719,551.0932006835938,558.9162902832031,1455100
2021-09-16 09:00:00+09:00,559.7855224609375,560.6547546386719,555.4393615722656,556.30859375,1425600
2021-09-17 09:00:00+09:00,562.3932495117188,562.3932495117188,554.570159487599,557.1778561623056,1771300
2021-09-21 09:00:00+09:00,558.0469970703125,560.6546933183046,550.2239083263362,551.9623724916643,1480500
2021-09-22 09:00:00+09:00,551.9624633789062,569.3471078947773,551.9624633789062,566.7394112173967,2794700
2021-09-24 09:00:00+09:00,572.8240356445312,573.6932678685746,563.262481180055,567.6086423002715,2444900
2021-09-27 09:00:00+09:00,576.3009033203125,578.908599715427,571.9547426617883,573.693206925198,1881000
2021-09-28 09:00:00+09:00,571.9547729492188,578.0393981933594,566.7393798828125,577.170166015625,1671100
2021-09-29 09:00:00+09:00,573.7091674804688,574.5863986234052,562.3051626222942,568.4457806228497,1452600
2021-09-30 09:00:00+09:00,571.07763671875,578.0954878612231,567.5687111475135,574.5865622899865,1673900
2021-10-01 09:00:00+09:00,552.6558227539062,564.0598317948599,550.02412835984,563.1826003301711,2175400
2021-10-04 09:00:00+09:00,556.1646118164062,559.6735368120933,552.6556868207191,556.1646118164062,1147000
2021-10-05 09:00:00+09:00,542.1289672851562,551.7785120102966,540.3745046078581,548.2695866557001,1711000
2021-10-06 09:00:00+09:00,548.2694702148438,551.7783948242188,535.9882340820312,538.6199275390625,1995500
2021-10-07 09:00:00+09:00,550.0240478515625,560.5508238869992,549.1468165152761,555.2874358692808,1562200
2021-10-08 09:00:00+09:00,550.0240478515625,560.5508238869992,549.1468165152761,556.1646672055672,1504400
2021-10-11 09:00:00+09:00,552.6558227539062,553.533054218595,546.515202501085,549.1468968951513,1015600
2021-10-12 09:00:00+09:00,545.6378784179688,552.6557289442449,544.7606471021842,550.9012663126758,1124700
2021-10-13 09:00:00+09:00,551.7785034179688,554.4101973929352,544.7606528180581,550.9012720929799,1052300
2021-10-14 09:00:00+09:00,595.6399536132812,604.4122651539776,546.5150089853818,549.1467024475907,7828200
2021-10-15 09:00:00+09:00,588.6221313476562,599.1489056787618,575.4636634337742,593.885518513209,3767500
2021-10-18 09:00:00+09:00,574.5865478515625,584.2360929299857,571.9548537392653,579.849936076157,1771100
2021-10-19 09:00:00+09:00,574.5865478515625,580.7271674469227,572.832085110031,576.341010593094,1494900
2021-10-20 09:00:00+09:00,568.44580078125,584.2359619140625,565.8141072591145,579.8498060438368,1320700
2021-10-21 09:00:00+09:00,565.8141479492188,574.5864603205245,562.3052230006965,574.5864603205245,1425600
2021-10-22 09:00:00+09:00,565.8141479492188,572.8319978462633,558.7962980521742,561.4279917635658,1343500
2021-10-25 09:00:00+09:00,564.0597534179688,571.9548355031347,562.3052907323763,568.4459101319499,1089900
2021-10-26 09:00:00+09:00,574.5865478515625,575.4637792223283,567.5686968854366,570.2003909977338,1428500
2021-10-27 09:00:00+09:00,564.93701171875,576.3410197192837,564.0597803340936,576.3410197192837,1198500
2021-10-28 09:00:00+09:00,570.2003173828125,572.8320111553486,564.9369298377404,565.8141610952524,3335000
2021-10-29 09:00:00+09:00,567.5686645507812,569.3231271923602,556.1646573805183,565.8142019092023,1287700
2021-11-01 09:00:00+09:00,578.0953979492188,587.7449417693119,575.4637041801024,584.2360167438235,1737800
2021-11-02 09:00:00+09:00,569.3231201171875,575.4637392864022,566.691426187524,571.0775827369631,1137500
2021-11-04 09:00:00+09:00,557.0419311523438,575.463790292815,556.1646997647023,574.5865589051734,2306700
2021-11-05 09:00:00+09:00,579.8497924804688,587.7448728621998,547.392239800019,558.7962447958527,6031200
2021-11-08 09:00:00+09:00,551.7785034179688,599.1489949673651,550.9012720929799,579.849905817611,3946300
2021-11-09 09:00:00+09:00,542.1289672851562,554.4102060262439,542.1289672851562,550.9012806716474,2692700
2021-11-10 09:00:00+09:00,542.1289672851562,550.9012806716474,541.2517359465071,547.3923553170509,1647400
2021-11-11 09:00:00+09:00,544.7606811523438,548.2696066348066,542.1289870404967,543.8834497817281,1230600
2021-11-12 09:00:00+09:00,545.6378784179688,550.0240349968913,543.0061844706152,546.5151097337532,1450100
2021-11-15 09:00:00+09:00,545.6378784179688,547.3923410495378,543.0061844706152,546.5151097337532,942300
2021-11-16 09:00:00+09:00,543.0061645507812,554.4101712376313,543.0061645507812,548.2695522524043,1547900
2021-11-17 09:00:00+09:00,528.970458984375,544.7606219391324,528.970458984375,544.7606219391324,2222900
2021-11-18 09:00:00+09:00,520.1981201171875,526.3387387357715,516.6891951922823,526.3387387357715,1650200
2021-11-19 09:00:00+09:00,518.443603515625,519.3208346552453,513.1802166779029,516.6891412363843,1377600
2021-11-22 09:00:00+09:00,527.216064453125,527.216064453125,514.9348250149491,514.9348250149491,1133800
2021-11-24 09:00:00+09:00,521.0752563476562,527.2158738467027,519.3207942050715,524.5841806328257,935400
2021-11-25 09:00:00+09:00,520.1981201171875,521.9525825796401,515.8119639610561,521.9525825796401,797500
2021-11-26 09:00:00+09:00,513.1803588867188,518.4437471829928,507.03973920773234,518.4437471829928,1355300
2021-11-29 09:00:00+09:00,497.39019775390625,507.9169744259466,497.39019775390625,507.9169744259466,1607200
2021-11-30 09:00:00+09:00,502.6535949707031,517.5665288529055,502.6535949707031,508.7942148045512,2732300
2021-12-01 09:00:00+09:00,503.5308532714844,507.0397790782543,498.2674645613295,498.2674645613295,1661300
2021-12-02 09:00:00+09:00,502.6535949707031,506.1625205900449,495.63574373201965,496.5129751368551,1525800
2021-12-03 09:00:00+09:00,513.1803588867188,513.1803588867188,500.02188814603363,507.9169705904447,1195500
2021-12-06 09:00:00+09:00,516.6892700195312,525.4615836022058,515.8120386612638,519.3209640943336,1360800
2021-12-07 09:00:00+09:00,487.7406921386719,499.1447011275257,469.3188314643695,499.1447011275257,6449200
2021-12-08 09:00:00+09:00,483.3544006347656,490.3722503717495,477.2137821149047,487.74055672038054,3555200
2021-12-09 09:00:00+09:00,473.7048645019531,486.8633329603407,473.7048645019531,485.10887049922235,2312400
2021-12-10 09:00:00+09:00,467.56427001953125,475.4593515020374,464.0553449161952,470.19596384703334,2887100
2021-12-13 09:00:00+09:00,466.6870422363281,471.0731986483237,464.05534838913076,467.5642735187272,1682000
2021-12-14 09:00:00+09:00,463.1781311035156,464.932593721332,457.0375119411584,459.66920586788297,2494600
2021-12-15 09:00:00+09:00,467.56427001953125,470.19596384703334,460.54641981285914,462.3008823645272,1767600
2021-12-16 09:00:00+09:00,472.8276672363281,477.2138237041976,469.3187420620325,476.33659241062367,1542700
2021-12-17 09:00:00+09:00,468.4415283203125,475.45937893185277,467.56429699386996,470.1959909731976,1834100
2021-12-20 09:00:00+09:00,466.6870422363281,470.19596736592456,464.05534838913076,464.9325796715299,1361000
2021-12-21 09:00:00+09:00,471.9504089355469,478.96825888254386,471.07317769217224,477.2137963957946,1507600
2021-12-22 09:00:00+09:00,472.8276672363281,476.33659241062367,472.8276672363281,474.5821298234759,968500
2021-12-23 09:00:00+09:00,477.2137451171875,481.5999008627499,475.45928281896255,477.2137451171875,1447400
2021-12-24 09:00:00+09:00,476.3365783691406,478.0910409045702,473.70488456599617,476.3365783691406,821100
2021-12-27 09:00:00+09:00,471.07318115234375,476.33656865125266,471.07318115234375,474.58210615161636,912600
2021-12-28 09:00:00+09:00,481.6000061035156,481.6000061035156,472.827692695437,474.58215537705274,1376200
2021-12-29 09:00:00+09:00,481.6000061035156,485.1089314667471,478.0910807402842,478.0910807402842,1379900
2021-12-30 09:00:00+09:00,476.3365783691406,479.84550343999985,474.582115833711,478.968272172285,1044100
2022-01-04 09:00:00+09:00,483.3544006347656,489.4950191546265,480.7227069833966,485.1088630690116,1268400
2022-01-05 09:00:00+09:00,491.2494812011719,491.2494812011719,481.59993782043455,484.23163146972655,1273400
2022-01-06 09:00:00+09:00,482.4772644042969,492.12680969238284,480.7228016246449,488.61788413307886,2019700
2022-01-07 09:00:00+09:00,478.0910339355469,485.10888397496774,474.5821089158364,482.4771902101849,1674000
2022-01-11 09:00:00+09:00,479.845458984375,482.4771525437043,473.70484067927333,478.9682277979319,1179800
2022-01-12 09:00:00+09:00,483.3544006347656,485.1088630690116,479.84547576627364,482.47716941764264,1139600
2022-01-13 09:00:00+09:00,482.4772644042969,485.98618996360085,479.8455702348189,485.98618996360085,1083100
2022-01-14 09:00:00+09:00,474.58209228515625,483.354404527026,471.9503986125953,482.47717330283905,1962900
2022-01-17 09:00:00+09:00,479.845458984375,483.3543837301474,478.0909966114888,481.5999213572612,1008600
2022-01-18 09:00:00+09:00,470.1960144042969,480.7227908461841,468.4415516639823,479.84555947602684,2227600
2022-01-19 09:00:00+09:00,458.7919921875,469.3187682988767,456.16029815965584,463.17814890057366,2479400
2022-01-20 09:00:00+09:00,464.05535888671875,467.5642840956921,457.03750846877216,457.03750846877216,1467500
2022-01-21 09:00:00+09:00,467.56427001953125,467.56427001953125,459.6691885370251,460.54641981285914,1223000
2022-01-24 09:00:00+09:00,476.3365783691406,477.21380963685544,469.3187282274221,471.9504220305666,1281600
2022-01-25 09:00:00+09:00,475.45941162109375,475.45941162109375,466.6870977535459,473.7049488475842,1183200
2022-01-26 09:00:00+09:00,475.45941162109375,478.0911057813581,472.8277174608294,476.3366430078485,959000
2022-01-27 09:00:00+09:00,466.6870422363281,471.95042993072275,462.3008858243325,469.31873608352544,1940400
2022-01-28 09:00:00+09:00,471.07318115234375,473.7048749017982,466.687024903253,467.5642561530712,1186000
2022-01-31 09:00:00+09:00,469.3187561035156,472.82768138279425,465.809830824237,472.82768138279425,1271200
2022-02-01 09:00:00+09:00,471.07318115234375,472.82764365198005,464.93256240361677,469.3187186527075,1155200
2022-02-02 09:00:00+09:00,470.1960144042969,471.0732457744541,464.93262618335325,470.1960144042969,1698400
2022-02-03 09:00:00+09:00,472.8276672363281,476.33659241062367,471.07320464918035,471.9504359427542,1426600
2022-02-04 09:00:00+09:00,475.45941162109375,495.6357335164538,464.9326349800363,472.8277174608294,6839800
2022-02-07 09:00:00+09:00,456.1602478027344,467.5642539978027,456.1602478027344,465.80979150625376,5432900
2022-02-08 09:00:00+09:00,476.3365783691406,477.21380963685544,457.0374904794148,457.0374904794148,3720100
2022-02-09 09:00:00+09:00,482.4772644042969,484.23172718394886,474.58218189586296,479.8455702348189,2337800
2022-02-10 09:00:00+09:00,485.1089782714844,486.86344112237583,475.45943259158145,478.9683582933643,2121000
2022-02-14 09:00:00+09:00,485.9861145019531,488.6178082627941,479.8454957266577,481.599958233885,1916700
2022-02-15 09:00:00+09:00,489.4950256347656,495.6356442359186,485.10886949108493,489.4950256347656,2218000
2022-02-16 09:00:00+09:00,489.4950256347656,492.1267193209741,485.10886949108493,490.3722568635018,1549700
2022-02-17 09:00:00+09:00,500.8990173339844,501.77624853772164,491.2494740928743,491.2494740928743,2929100
2022-02-18 09:00:00+09:00,491.2494812011719,495.6356372833252,487.7405563354492,493.0039436340332,1815500
2022-02-21 09:00:00+09:00,482.4772644042969,485.1089585737749,479.8455702348189,484.23172718394886,1260300
2022-02-22 09:00:00+09:00,475.45941162109375,476.3366430078485,468.44156052705546,476.3366430078485,1651100
2022-02-24 09:00:00+09:00,467.56427001953125,473.70488895036937,461.42365108869313,473.70488895036937,3108600
2022-02-25 09:00:00+09:00,466.6870422363281,467.5642735187272,460.5464232595343,463.17811710673163,2349400
2022-02-28 09:00:00+09:00,477.2137451171875,478.09097626629995,465.8097401787253,465.8097401787253,2437900
2022-03-01 09:00:00+09:00,471.07318115234375,479.8454936505252,470.1959499025256,478.0910311508889,1755800
2022-03-02 09:00:00+09:00,459.669189453125,468.44150222894797,457.0374956203781,465.80980839620105,1959100
2022-03-03 09:00:00+09:00,471.07318115234375,471.95041240216193,461.42363740434416,463.17809990398047,2469600
2022-03-04 09:00:00+09:00,471.9504089355469,473.7048714222961,464.9325589885499,467.56425271867374,2739400
2022-03-07 09:00:00+09:00,459.669189453125,468.44150222894797,456.16026434279576,467.5642709513657,1868000
2022-03-08 09:00:00+09:00,444.75628662109375,457.03752530491096,443.00182395197703,456.16029397035254,2916200
2022-03-09 09:00:00+09:00,437.7384033203125,443.0017909353864,435.9839407819545,438.6156345894915,2562700
2022-03-10 09:00:00+09:00,469.3187561035156,470.1959874233353,444.7562791485653,445.63351046838494,3529100
2022-03-11 09:00:00+09:00,471.9504089355469,474.58210266567073,465.8097902319245,465.8097902319245,2321000
2022-03-14 09:00:00+09:00,491.2494812011719,494.7584060668945,476.3365505218506,478.0910129547119,2571200
2022-03-15 09:00:00+09:00,496.5128479003906,497.39007908042663,489.4949984601024,491.2494608201745,1905100
2022-03-16 09:00:00+09:00,493.88116455078125,500.8990141358723,490.3722397582357,496.51285814519036,2343000
2022-03-17 09:00:00+09:00,500.0218505859375,501.77631321957233,495.6356940018503,500.02185058593744,2304400
2022-03-18 09:00:00+09:00,495.6356201171875,501.7762384195243,493.88115774509123,499.14454486138,2653200
2022-03-22 09:00:00+09:00,500.0218505859375,504.40800717002463,498.2673879523026,501.77631321957233,1704900
2022-03-23 09:00:00+09:00,509.6714172363281,510.548648591296,502.65356639658523,504.4080291065209,1723000
2022-03-24 09:00:00+09:00,500.0218505859375,509.67139507092924,497.39015663548514,509.67139507092924,2028300
2022-03-25 09:00:00+09:00,507.0396728515625,508.794135387381,500.02182270828825,503.5307477799254,2085600
2022-03-28 09:00:00+09:00,511.4258117675781,512.3030430056014,506.16242433943836,512.3030430056014,1691200
2022-03-29 09:00:00+09:00,505.2852783203125,507.039741092258,497.3901958465576,507.039741092258,2814600
2022-03-30 09:00:00+09:00,496.3893127441406,503.5060053999706,485.71427376039566,503.5060053999706,2933500
2022-03-31 09:00:00+09:00,487.4934387207031,493.7205446897632,485.71426558668594,491.05178498873744,1804800
2022-04-01 09:00:00+09:00,488.38311767578125,491.05187788165983,477.7080768522669,489.27270441107413,1425000
2022-04-04 09:00:00+09:00,493.7205505371094,496.3893102697424,487.493444494299,491.05179080447635,1519800
2022-04-05 09:00:00+09:00,490.1622314453125,492.83099132613995,486.60388493754255,489.27264481837,1202000
2022-04-06 09:00:00+09:00,478.5976257324219,487.4934923817234,477.7080390674917,486.60390571679324,1304800
2022-04-07 09:00:00+09:00,480.37677001953125,481.26635663067856,472.37049051920576,473.260077130353,1560200
2022-04-08 09:00:00+09:00,491.0517883300781,491.0517883300781,483.0455091725225,486.6038554647694,2084400
2022-04-11 09:00:00+09:00,495.499755859375,496.38934249467013,487.49347614171904,491.9414093181946,1575400
2022-04-12 09:00:00+09:00,493.7205505371094,503.50600289009714,490.16220422693203,498.1684834248311,1425000
2022-04-13 09:00:00+09:00,496.3893127441406,496.3893127441406,492.83096641622564,496.3893127441406,977500
2022-04-14 09:00:00+09:00,500.83721923828125,502.6163923083995,495.49970002792656,496.38928656298566,966500
2022-04-15 09:00:00+09:00,493.7205505371094,500.8372431574641,493.7205505371094,499.9476565799198,886900
2022-04-18 09:00:00+09:00,486.6038513183594,490.16219758028524,481.26633192547064,489.2726110148038,915500
2022-04-19 09:00:00+09:00,490.1622314453125,491.94140469919745,485.71429831060004,490.1622314453125,1066500
2022-04-20 09:00:00+09:00,507.9539489746094,508.84353557526543,493.7205633641124,494.6101499647685,2259600
2022-04-21 09:00:00+09:00,511.5124206542969,517.7395283840013,509.73324701723845,515.0707679284137,1954800
2022-04-22 09:00:00+09:00,505.28521728515625,507.95397723560603,495.4997641335071,504.39563063500634,1687300
2022-04-25 09:00:00+09:00,499.9476623535156,504.39559529260384,497.27890259006267,498.1684891778803,1014400
2022-04-26 09:00:00+09:00,504.3957214355469,512.4020027281746,502.616547814963,502.616547814963,1295900
2022-04-27 09:00:00+09:00,497.2789306640625,505.2852104064177,495.49975738798355,500.8372772162204,1193800
2022-04-28 09:00:00+09:00,510.622802734375,510.622802734375,499.94776156222775,501.72693509091897,1564400
2022-05-02 09:00:00+09:00,508.84356689453125,511.51232686076133,500.8372869958411,505.2852202728912,1004000
2022-05-06 09:00:00+09:00,514.1810913085938,518.6290246244121,508.8435713296118,514.1810913085938,1546700
2022-05-09 09:00:00+09:00,508.84356689453125,512.4019135161714,502.6164603066611,512.4019135161714,970400
2022-05-10 09:00:00+09:00,508.84356689453125,511.51232686076133,501.7268736512511,506.1748069283012,1277800
2022-05-11 09:00:00+09:00,505.28521728515625,506.17480393530616,497.27893743380696,504.39563063500634,1407600
2022-05-12 09:00:00+09:00,471.4809265136719,508.84356597324586,467.03299324467497,499.94769943525205,3794900
2022-05-13 09:00:00+09:00,484.8247375488281,485.71432422322965,467.92259073519926,471.4809374328053,2979200
2022-05-16 09:00:00+09:00,477.7080078125,484.8247006663175,473.260074778864,483.9351140595903,2102700
2022-05-17 09:00:00+09:00,482.1560363769531,491.94149098976953,482.1560363769531,485.7143835088864,1095900
2022-05-18 09:00:00+09:00,477.7080078125,483.0455274528631,476.8184212057728,480.37676763268155,981300
2022-05-19 09:00:00+09:00,475.9288635253906,477.7080368469809,467.92258357823454,467.92258357823454,1098800
2022-05-20 09:00:00+09:00,468.8121643066406,473.2600975543317,468.8121643066406,471.4809242552553,1376400
2022-05-23 09:00:00+09:00,475.9288635253906,480.37679682936624,470.5913435606199,472.37051688221015,1769400
2022-05-24 09:00:00+09:00,467.032958984375,478.59758463541664,467.03295898437494,477.707998046875,1344600
2022-05-25 09:00:00+09:00,463.47467041015625,472.37053740459305,462.5850837107126,470.5913640057057,1297300
2022-05-26 09:00:00+09:00,467.032958984375,470.59130533854164,461.69543945312495,462.58502604166665,1155000
2022-05-27 09:00:00+09:00,463.47467041015625,469.70177730626204,462.5850837107126,467.033017207931,978800
2022-05-30 09:00:00+09:00,467.032958984375,470.59130533854164,465.25378580729165,467.92254557291665,1282500
2022-05-31 09:00:00+09:00,463.47467041015625,469.70177730626204,462.5850837107126,467.033017207931,2134800
2022-06-01 09:00:00+09:00,484.8247375488281,485.71432422322965,471.4809374328053,471.4809374328053,2256600
2022-06-02 09:00:00+09:00,475.9288635253906,483.93514347254677,473.2601035430053,482.15597015095653,1478900
2022-06-03 09:00:00+09:00,475.0392761230469,479.4872094200792,472.37051614482755,475.92886278245334,928900
2022-06-06 09:00:00+09:00,475.9288635253906,475.9288635253907,471.48093022141506,473.2601035430053,1379100
2022-06-07 09:00:00+09:00,478.5976257324219,482.1559723921425,473.26010574284095,475.9288657376314,1496100
2022-06-08 09:00:00+09:00,475.9288635253906,480.37679682936624,474.1496902038004,478.597623507776,1697500
2022-06-09 09:00:00+09:00,481.2663879394531,483.04556127749174,476.81845459435647,476.81845459435647,1396700
2022-06-10 09:00:00+09:00,475.0392761230469,480.37679607948564,475.0392761230469,480.37679607948564,1197800
2022-06-13 09:00:00+09:00,478.5976257324219,479.487212397352,471.4809324129806,471.4809324129806,1164700
2022-06-14 09:00:00+09:00,475.9288635253906,476.81845018618577,472.37051688221015,475.9288635253907,1163200
2022-06-15 09:00:00+09:00,472.3705749511719,478.5976823422419,471.480988181019,476.81850880193616,1303500
2022-06-16 09:00:00+09:00,489.272705078125,492.8310520241477,479.48725097656245,480.37683771306814,2143000
2022-06-17 09:00:00+09:00,493.7205505371094,493.7205505371094,482.15592502903297,483.9350981841216,2429900
2022-06-20 09:00:00+09:00,488.38311767578125,499.0581584992956,485.71435746990267,497.2789850287099,1671400
2022-06-21 09:00:00+09:00,496.3893127441406,500.83724565403435,486.6038603423744,486.6038603423744,1400000
2022-06-22 09:00:00+09:00,500.83721923828125,502.6163923083995,492.8309404227492,498.1684596331039,963100
2022-06-23 09:00:00+09:00,501.7269592285156,507.06448007137215,499.0581988070873,503.50613284280115,1384900
2022-06-24 09:00:00+09:00,497.2789306640625,501.7268638542598,488.3830642836678,501.7268638542598,2256300
2022-06-27 09:00:00+09:00,498.1684875488281,506.1747668130057,497.2789009639195,502.61642047337125,1133600
2022-06-28 09:00:00+09:00,512.4019165039062,513.2915031645033,497.2789432737562,501.7268765767416,1798800
2022-06-29 09:00:00+09:00,507.06439208984375,509.73315204821137,505.28521878426534,507.95397874263296,1212100
2022-06-30 09:00:00+09:00,509.7331848144531,514.1811183643175,506.1748379745617,509.7331848144531,1971100
2022-07-01 09:00:00+09:00,512.4019165039062,520.4081964492798,508.843569861518,514.1810898251003,1771100
2022-07-04 09:00:00+09:00,514.1810913085938,515.960264634921,507.95398466644815,515.960264634921,1162200
2022-07-05 09:00:00+09:00,513.29150390625,515.0706772300151,510.6227439206022,514.1810905681326,1122500
2022-07-06 09:00:00+09:00,506.1747741699219,507.06436076776004,498.16849478937826,503.50601437640734,1189100
2022-07-07 09:00:00+09:00,511.5124206542969,514.1811811098845,505.2853129245924,508.84366019870924,1271900
2022-07-08 09:00:00+09:00,504.3957214355469,510.6228291075907,502.616547814963,508.84365548700674,2021300
2022-07-11 09:00:00+09:00,518.6290283203125,518.6290283203125,507.9539882862752,509.7331616252814,1620100
2022-07-12 09:00:00+09:00,532.8623046875,539.9789965698038,514.1809884964524,516.8497479523164,4565200
2022-07-13 09:00:00+09:00,522.1874389648438,538.2000009773943,521.2978521863687,537.3104141989193,1806400
2022-07-14 09:00:00+09:00,525.7456665039062,525.7456665039062,520.4081470470138,524.8560799277575,1098600
2022-07-15 09:00:00+09:00,513.29150390625,523.966543848841,512.4019172443674,523.0769571869583,2279900
2022-07-19 09:00:00+09:00,519.5186767578125,521.297850308353,512.4019825556506,517.739503207272,1560800
2022-07-20 09:00:00+09:00,525.7456665039062,531.0831859607987,519.518560470865,521.2977336231626,1818800
2022-07-21 09:00:00+09:00,531.972900390625,533.7520739705268,521.2978589112145,525.7457928609689,1136200
2022-07-22 09:00:00+09:00,526.6351928710938,531.0831252433157,525.7456063966494,527.5247793455381,851700
2022-07-25 09:00:00+09:00,529.3040771484375,533.7520105698529,526.6353170955882,526.6353170955882,871800
2022-07-26 09:00:00+09:00,538.1998901367188,540.8686499225207,531.9727839698477,532.8623705651149,1474400
2022-07-27 09:00:00+09:00,531.972900390625,539.0895947102321,529.3041400207724,539.0895947102321,1252600
2022-07-28 09:00:00+09:00,533.7520141601562,534.6416008504232,530.1936673990886,533.7520141601562,894000
2022-07-29 09:00:00+09:00,531.972900390625,533.7520739705268,528.4145532308215,531.0833136006742,870900
2022-08-01 09:00:00+09:00,531.083251953125,535.5311853865683,526.6353185196817,528.414491893059,1210400
2022-08-02 09:00:00+09:00,529.3040771484375,531.0832505170036,523.0769703584558,529.3040771484375,1254500
2022-08-03 09:00:00+09:00,524.856201171875,528.414548298464,522.1874408269333,528.414548298464,849000
2022-08-04 09:00:00+09:00,501.7269592285156,532.8624974785122,475.92894182137564,530.1937370570839,7518400
2022-08-05 09:00:00+09:00,505.28521728515625,508.84356388575594,484.824724331708,490.1622442326076,2665000
2022-08-08 09:00:00+09:00,515.0706787109375,520.4081986975793,504.3956387376538,505.2852254020941,2051400
2022-08-09 09:00:00+09:00,508.84356689453125,515.0706734824014,506.1748069283012,515.0706734824014,1386600
2022-08-10 09:00:00+09:00,506.1747741699219,508.8435339634364,502.6164277785692,507.9539473655982,1412000
2022-08-12 09:00:00+09:00,517.7393798828125,517.7393798828125,511.51227393920476,517.7393798828125,2076500
2022-08-15 09:00:00+09:00,515.960205078125,517.7393781990841,512.4018588362069,516.8497916386045,1021800
2022-08-16 09:00:00+09:00,515.0706787109375,515.0706787109375,511.51233205317624,514.1810920464972,679000
2022-08-17 09:00:00+09:00,518.6290283203125,521.2977883288219,514.1810949727969,516.8498549813063,1171900
2022-08-18 09:00:00+09:00,512.4019165039062,518.6290231280857,511.5123298433092,517.7394364674886,772900
2022-08-19 09:00:00+09:00,515.960205078125,516.8497916386045,509.73309915476835,511.5122722757274,979500
2022-08-22 09:00:00+09:00,515.0706787109375,515.0706787109375,505.2852254020941,509.73315872429566,939600
2022-08-23 09:00:00+09:00,513.29150390625,514.1810905681326,509.73315725871964,511.5123305824848,967000
2022-08-24 09:00:00+09:00,511.5124206542969,514.1811811098845,508.84366019870924,514.1811811098845,1093900
2022-08-25 09:00:00+09:00,514.1810913085938,519.5186112875757,510.62274465593913,514.1810913085938,925800
2022-08-26 09:00:00+09:00,512.4019165039062,516.8498498068916,511.5123298433092,516.8498498068916,617300
2022-08-29 09:00:00+09:00,507.06439208984375,508.84356539542216,503.506045478687,505.28521878426534,851700
2022-08-30 09:00:00+09:00,513.29150390625,514.1810905681326,509.73315725871964,511.5123305824848,705100
2022-08-31 09:00:00+09:00,507.9539489746094,509.7331221759215,505.2851891726412,505.2851891726412,974200
2022-09-01 09:00:00+09:00,506.1747741699219,507.9539473655982,504.3956009742455,506.1747741699219,1103800
2022-09-02 09:00:00+09:00,497.2789306640625,505.2852104064177,494.6101707499441,504.39562376837824,1632400
2022-09-05 09:00:00+09:00,490.1622314453125,494.61016458002496,488.3830581914275,489.27264481837,1412400
2022-09-06 09:00:00+09:00,491.0517883300781,492.8309614762016,489.27261518395466,490.16220175701636,966600
2022-09-07 09:00:00+09:00,477.7080078125,489.2726336999534,477.7080078125,487.49346048649903,1775200
2022-09-08 09:00:00+09:00,486.6038513183594,490.16219758028524,483.93509162191503,484.8246781873965,1222100
2022-09-09 09:00:00+09:00,491.0517883300781,492.8309614762016,485.7142688917077,486.6038554647694,1518700
2022-09-12 09:00:00+09:00,488.38311767578125,494.6102248228313,487.49353094048837,493.7206380875384,1051400
2022-09-13 09:00:00+09:00,490.1622314453125,491.94140469919745,487.493471564485,488.3830581914275,786600
2022-09-14 09:00:00+09:00,483.0455627441406,487.4934961027423,483.0455627441406,485.71432275930164,1426600
2022-09-15 09:00:00+09:00,483.0455627441406,487.4934961027423,482.1559760724203,485.71432275930164,806800
2022-09-16 09:00:00+09:00,484.8247375488281,485.71432422322965,480.37680417682054,482.1559775256236,1070300
2022-09-20 09:00:00+09:00,485.71429443359375,486.6038810534355,482.15594795422675,484.824707813752,1533100
2022-09-21 09:00:00+09:00,484.8247375488281,485.71432422322965,481.26639085122207,483.04556420002507,1041700
2022-09-22 09:00:00+09:00,483.9350891113281,484.82467567219453,479.48715630699604,480.37674286786245,1124600
2022-09-26 09:00:00+09:00,484.8247375488281,488.38308424643424,482.1559775256236,483.04556420002507,1315400
2022-09-27 09:00:00+09:00,485.71429443359375,490.1622275328025,485.71429443359375,485.71429443359375,1123800
2022-09-28 09:00:00+09:00,480.37677001953125,482.1559432418258,475.9288369637949,481.26635663067856,2021000
2022-09-29 09:00:00+09:00,491.2123718261719,493.0182996637681,483.0856965569889,486.69755223218135,1614100
2022-09-30 09:00:00+09:00,492.11529541015625,494.82418694452406,486.6975123414206,488.5034400309991,2298900
2022-10-03 09:00:00+09:00,482.1826477050781,490.3093215428042,480.37672018558345,488.5033940233095,1740900
2022-10-04 09:00:00+09:00,495.7272033691406,498.4360951908299,488.50349184463585,488.50349184463585,1474200
2022-10-05 09:00:00+09:00,492.11529541015625,500.24197001325973,491.212331565367,498.4360423236812,1156900
2022-10-06 09:00:00+09:00,489.4063720703125,496.63008235917323,489.4063720703125,493.01822721474286,981500
2022-10-07 09:00:00+09:00,488.5034484863281,489.4064123467465,482.18270146339967,483.08566532381803,1124800
2022-10-11 09:00:00+09:00,488.5034484863281,491.21234006758317,483.08566532381803,484.8915930446547,1243800
2022-10-12 09:00:00+09:00,487.6004638671875,487.6004638671875,482.18268093532987,484.89157240125866,1162900
2022-10-13 09:00:00+09:00,482.1826477050781,485.7945027440675,482.1826477050781,483.0856114648255,865300
2022-10-14 09:00:00+09:00,489.4063720703125,491.2122996425277,483.98858935366695,489.4063720703125,1278700
2022-10-17 09:00:00+09:00,486.6974792480469,491.21229816500465,486.69747924804693,490.3093343816131,695100
2022-10-18 09:00:00+09:00,487.6004638671875,491.2123191550926,485.79453622323496,489.40639151114004,1130200
2022-10-19 09:00:00+09:00,493.01824951171875,497.53306864644145,490.3093580308851,492.1152856847742,1687400
2022-10-20 09:00:00+09:00,487.6004638671875,490.3093553331163,484.89157240125866,487.6004638671875,1463400
2022-10-21 09:00:00+09:00,484.8916320800781,490.3094156787382,484.8916320800781,488.5034878125182,978000
2022-10-24 09:00:00+09:00,480.37677001953125,486.69751699347245,480.37677001953125,486.69751699347245,1114400
2022-10-25 09:00:00+09:00,487.6004638671875,491.2123191550926,483.0856447573061,484.89157240125866,1176000
2022-10-26 09:00:00+09:00,485.7945861816406,489.4064418409837,483.9886583519691,489.4064418409837,1387600
2022-10-27 09:00:00+09:00,481.2797546386719,485.79457410057313,481.2797546386719,484.89161020819284,980600
2022-10-28 09:00:00+09:00,478.57086181640625,483.0856812675044,478.57086181640625,481.27975348706514,1404300
2022-10-31 09:00:00+09:00,478.57086181640625,483.0856812675044,478.57086181640625,480.3767895968455,937900
2022-11-01 09:00:00+09:00,482.1826477050781,486.69746650381484,482.1826477050781,484.89153898432016,975300
2022-11-02 09:00:00+09:00,493.92120361328125,503.8538055140968,482.1826740941357,482.1826740941357,3634200
2022-11-04 09:00:00+09:00,451.4819641113281,466.83235089111326,449.67603625488283,466.83235089111326,8874500
2022-11-07 09:00:00+09:00,453.28790283203125,457.80272258135426,452.38493888216664,454.1908667818958,2951900
2022-11-08 09:00:00+09:00,455.99676513671875,457.8026929194384,452.3849095712794,457.8026929194384,2594400
2022-11-09 09:00:00+09:00,455.09375,457.8026413690476,454.19078621031747,457.8026413690476,1435800
2022-11-10 09:00:00+09:00,455.09375,455.99671378968253,452.38485863095235,455.09375,1754200
2022-11-11 09:00:00+09:00,454.1908264160156,462.3175012425447,452.3848986767869,459.6086096337017,3100100
2022-11-14 09:00:00+09:00,455.99676513671875,455.99676513671875,451.48194567991953,453.28787346263925,2028000
2022-11-15 09:00:00+09:00,460.51153564453125,461.4144994399127,454.1907890768612,455.09375287224265,2415300
2022-11-16 09:00:00+09:00,455.09375,461.41449652777777,454.19078621031747,460.51153273809524,2009800
2022-11-17 09:00:00+09:00,460.51153564453125,461.4144994399127,455.09375287224265,456.8996804630055,1384100
2022-11-18 09:00:00+09:00,463.220458984375,463.220458984375,457.8026758383589,459.6086035536976,2054400
2022-11-21 09:00:00+09:00,466.8323059082031,468.6382335906333,465.02637822577293,466.8323059082031,1377300
2022-11-22 09:00:00+09:00,472.2501220703125,473.15308597484466,467.73530254765177,468.6382664521839,1504200
2022-11-24 09:00:00+09:00,475.86199951171875,475.86199951171875,470.4442158360635,473.15310767389116,1571200
2022-11-25 09:00:00+09:00,479.47381591796875,481.2797436615392,474.9589965590425,475.8619604308277,1395000
2022-11-28 09:00:00+09:00,475.86199951171875,482.1827471333166,474.0560716198337,481.279783187374,1308500
2022-11-29 09:00:00+09:00,474.0560302734375,476.76492187499997,473.15306640625,476.76492187499997,1218500
2022-11-30 09:00:00+09:00,471.34716796875,474.05605973868535,470.44420404543825,472.2501318920618,1674500
2022-12-01 09:00:00+09:00,469.5412292480469,474.95901266244744,469.5412292480469,474.05604876004736,1298900
2022-12-02 09:00:00+09:00,466.8323059082031,467.73526974941825,463.22045054334274,467.73526974941825,1887200
2022-12-05 09:00:00+09:00,461.41455078125,466.83233415637227,461.41455078125,466.83233415637227,1295000
2022-12-06 09:00:00+09:00,466.8323059082031,466.8323059082031,461.4145228609126,462.31748670212767,1278800
2022-12-07 09:00:00+09:00,473.153076171875,474.0560400576992,466.8323289711057,466.8323289711057,1317200
2022-12-08 09:00:00+09:00,471.34716796875,474.05605973868535,470.44420404543825,474.05605973868535,1273800
2022-12-09 09:00:00+09:00,474.0560302734375,474.958994140625,469.5412109375,469.5412109375,1803900
2022-12-12 09:00:00+09:00,472.2501220703125,477.6679054975054,472.2501220703125,475.8619776884411,978100
2022-12-13 09:00:00+09:00,476.7649230957031,476.7649230957031,472.25010374820596,474.95899535670424,707500
2022-12-14 09:00:00+09:00,479.47381591796875,481.2797436615392,474.9589965590425,476.764924302613,1243100
2022-12-15 09:00:00+09:00,477.6678771972656,482.1826964524383,476.7649133462311,478.57084104830017,856800
2022-12-16 09:00:00+09:00,477.6678771972656,481.27973260140374,474.0560217931275,475.86194949519654,1774100
2022-12-19 09:00:00+09:00,478.57086181640625,478.57086181640625,473.1530784750884,476.764934035967,840600
2022-12-20 09:00:00+09:00,482.1826477050781,484.89153898432016,474.95893762709943,480.37672018558345,1924300
2022-12-21 09:00:00+09:00,482.1826477050781,485.7945027440675,479.47375642583614,482.1826477050781,1610600
2022-12-22 09:00:00+09:00,486.6974792480469,486.69747924804693,481.2796965476976,484.8915516812638,950500
2022-12-23 09:00:00+09:00,490.3094177246094,490.3094177246094,482.1827422927098,483.9886701664653,1443000
2022-12-26 09:00:00+09:00,491.2123718261719,493.0182996637681,489.4064439885757,490.3094079073738,813700
2022-12-27 09:00:00+09:00,497.53302001953125,499.3389474969161,493.01820132606906,493.01820132606906,1501900
2022-12-28 09:00:00+09:00,497.53302001953125,499.3389474969161,493.01820132606906,497.53302001953125,895000
2022-12-29 09:00:00+09:00,495.7272033691406,499.339059131393,491.21238366632514,497.5331312502668,917100
2022-12-30 09:00:00+09:00,495.7272033691406,498.4360951908299,493.01831154745133,493.92127548801443,971700
2023-01-04 09:00:00+09:00,485.7945861816406,493.92126141516246,484.89162226680486,493.0182975003267,1606100
2023-01-05 09:00:00+09:00,479.47381591796875,481.2797436615392,474.9589965590425,480.376779789754,2158500
2023-01-06 09:00:00+09:00,477.6678771972656,481.27973260140374,475.86194949519654,478.57084104830017,1330100
2023-01-10 09:00:00+09:00,474.9589538574219,480.37673660104264,474.0559900668184,477.6678452292323,1324800
2023-01-11 09:00:00+09:00,471.34716796875,478.5708793552443,471.34716796875,474.95902366199715,1750900
2023-01-12 09:00:00+09:00,470.4442138671875,473.15310569367807,469.54124992502403,471.347177809351,982900
2023-01-13 09:00:00+09:00,469.5412292480469,472.25012095524716,466.8323375408466,466.8323375408466,1342500
2023-01-16 09:00:00+09:00,473.153076171875,474.9590039435234,467.7352928569299,468.6382567427541,1035900
2023-01-17 09:00:00+09:00,473.153076171875,476.76493171517177,472.2501122860508,474.0560400576992,912600
2023-01-18 09:00:00+09:00,477.6678771972656,480.3767687503692,473.15305794209297,474.95898564416206,1077500
2023-01-19 09:00:00+09:00,474.0560302734375,477.6678857421875,474.0560302734375,474.958994140625,968700
2023-01-20 09:00:00+09:00,474.9589538574219,476.76488143862883,474.0559900668184,475.8619176480253,924300
2023-01-23 09:00:00+09:00,474.9589538574219,478.57080901983574,474.0559900668184,477.6678452292323,796600
2023-01-24 09:00:00+09:00,479.47381591796875,481.2797436615392,476.764924302613,478.57085204618346,943000
2023-01-25 09:00:00+09:00,479.47381591796875,480.376779789754,477.66788817439823,480.376779789754,857000
2023-01-26 09:00:00+09:00,481.2797546386719,482.1827185310521,479.47382685391136,480.37679074629165,957900
2023-01-27 09:00:00+09:00,478.57086181640625,481.27975348706514,476.764934035967,481.27975348706514,964700
2023-01-30 09:00:00+09:00,480.37677001953125,481.2797338729514,476.76491460585055,477.6678784592707,999500
2023-01-31 09:00:00+09:00,486.6974792480469,488.50340681483,483.98858789787226,484.8915516812638,1183500
2023-02-01 09:00:00+09:00,483.9886779785156,490.30942563868285,483.9886779785156,489.4064616872304,981700
2023-02-02 09:00:00+09:00,477.6678771972656,484.89158800554185,477.6678771972656,483.9886241545073,1153400
2023-02-03 09:00:00+09:00,474.0560302734375,480.37677734375,472.2501025390625,477.6678857421875,2342900
2023-02-06 09:00:00+09:00,478.57086181640625,483.988645157724,477.6678979261866,477.6678979261866,1850100
2023-02-07 09:00:00+09:00,474.9589538574219,481.27970039164614,474.9589538574219,479.4737728104392,1129700
2023-02-08 09:00:00+09:00,478.57086181640625,479.47382570662586,474.9590062555277,474.9590062555277,841900
2023-02-09 09:00:00+09:00,477.6678771972656,480.3767687503692,475.86194949519654,476.7649133462311,903600
2023-02-10 09:00:00+09:00,475.86199951171875,476.76496345766134,473.15310767389116,475.86199951171875,2814600
2023-02-13 09:00:00+09:00,473.153076171875,475.8619678293476,471.3471484002266,475.8619678293476,1725900
2023-02-14 09:00:00+09:00,476.7649230957031,478.570850834702,474.95899535670424,475.8619592262037,1027100
2023-02-15 09:00:00+09:00,480.37677001953125,483.08566157979175,478.5708423126909,478.5708423126909,847600
2023-02-16 09:00:00+09:00,477.6678771972656,482.1826964524383,476.7649133462311,481.27973260140374,892300
2023-02-17 09:00:00+09:00,484.8916320800781,484.8916320800781,477.667920615198,478.570884548308,1190100
2023-02-20 09:00:00+09:00,491.2123718261719,491.2123718261719,487.60051615097944,489.4064439885757,1179300
2023-02-21 09:00:00+09:00,489.4063720703125,492.1152634286353,488.5034082842049,490.3093358564201,810600
2023-02-22 09:00:00+09:00,485.7945861816406,491.21236967065516,484.89162226680486,489.4064418409837,1388300
2023-02-24 09:00:00+09:00,487.6004638671875,487.6004638671875,483.0856447573061,485.79453622323496,1541500
2023-02-27 09:00:00+09:00,496.6301574707031,496.6301574707031,489.4064460893111,489.4064460893111,930400
2023-02-28 09:00:00+09:00,493.01824951171875,498.436032473386,492.1152856847742,496.63010481949686,1412900
2023-03-01 09:00:00+09:00,489.4063720703125,493.92119100085046,487.6004444980973,489.4063720703125,1251200
2023-03-02 09:00:00+09:00,488.5034484863281,493.01826778841985,488.5034484863281,491.21234006758317,1117000
2023-03-03 09:00:00+09:00,492.11529541015625,493.9212230997348,488.5034400309991,488.5034400309991,1299300
2023-03-06 09:00:00+09:00,492.11529541015625,493.0182592549455,489.4064038757884,491.212331565367,1047000
2023-03-07 09:00:00+09:00,493.92120361328125,496.63009504077644,492.11527599495116,492.11527599495116,954600
2023-03-08 09:00:00+09:00,499.3390197753906,499.3390197753906,493.9212365590211,493.9212365590211,905000
2023-03-09 09:00:00+09:00,502.9508361816406,503.85379998088956,499.33898098464505,500.2419447838939,1417600
2023-03-10 09:00:00+09:00,501.14495849609375,505.6597779420045,499.33903071772943,500.2419946069116,2380800
2023-03-13 09:00:00+09:00,493.92120361328125,499.33898646827157,490.3093483766211,498.4360226591065,1686700
2023-03-14 09:00:00+09:00,485.7945861816406,489.4064418409837,483.0856944371333,488.5034779261479,2129400
2023-03-15 09:00:00+09:00,493.92120361328125,495.7271312316114,490.3093483766211,491.2123121857861,1395800
2023-03-16 09:00:00+09:00,485.7945861816406,488.5034779261479,483.9886583519691,485.7945861816406,1897500
2023-03-17 09:00:00+09:00,484.8916320800781,489.4064517456282,484.8916320800781,486.69755994629816,2387500
2023-03-20 09:00:00+09:00,483.0856628417969,486.6975182649131,482.18269898601784,484.891590553355,1641300
2023-03-22 09:00:00+09:00,489.4063720703125,491.2122996425277,487.6004444980973,489.4063720703125,1545900
2023-03-23 09:00:00+09:00,491.2123718261719,492.11533574497,488.5034800697776,489.4064439885757,1379700
2023-03-24 09:00:00+09:00,495.7272033691406,496.6301673097037,491.21238366632514,491.21238366632514,1966400
2023-03-27 09:00:00+09:00,495.7272033691406,500.2420230719561,495.7272033691406,499.339059131393,1338500
2023-03-28 09:00:00+09:00,494.8241882324219,497.53307977384026,492.1152966910035,496.6301159267008,1864800
2023-03-29 09:00:00+09:00,501.14495849609375,501.14495849609375,495.72717516100084,497.5331029393651,2973400
2023-03-30 09:00:00+09:00,496.5472717285156,501.14493165192783,494.70820775915075,499.30586768256296,2067500
2023-03-31 09:00:00+09:00,499.3058776855469,502.9840056979634,498.3863456824427,501.14494169175515,1954000
2023-04-03 09:00:00+09:00,506.6620788574219,506.6620788574219,499.30582362900196,502.0644193396594,1279600
2023-04-04 09:00:00+09:00,506.6620788574219,507.5816107609744,502.98395124321195,507.5816107609744,1026100
2023-04-05 09:00:00+09:00,501.14495849609375,507.5816827336583,499.3058944282182,504.8230866318449,1727400
2023-04-06 09:00:00+09:00,502.9839782714844,507.581638036306,499.3058504596271,501.14491436555574,1667000
2023-04-07 09:00:00+09:00,503.9035339355469,506.6621299242451,503.9035339355469,505.74259792801234,1419300
2023-04-10 09:00:00+09:00,504.8230895996094,507.58168571764,504.8230895996094,505.7426216389529,980000
2023-04-11 09:00:00+09:00,509.4207763671875,511.25984054179827,503.90358384335514,504.82311593066055,1909500
2023-04-12 09:00:00+09:00,514.9379272460938,519.535587310791,508.50120315551754,510.3402671813965,2372900
2023-04-13 09:00:00+09:00,518.6160278320312,519.5355597962724,512.1793040823429,515.8574319393077,1609800
2023-04-14 09:00:00+09:00,521.3746337890625,523.2136977530452,519.53556982508,521.3746337890625,2056900
2023-04-17 09:00:00+09:00,520.455078125,521.3746100651501,515.8574184242491,521.3746100651501,1456000
2023-04-18 09:00:00+09:00,533.3284912109375,537.0066187365302,525.9722361597521,526.8917680411503,2500900
2023-04-19 09:00:00+09:00,534.2481079101562,534.2481079101562,528.7309157458517,532.4090438553881,1704600
2023-04-20 09:00:00+09:00,537.9262084960938,540.6848044370994,532.4090166140826,533.3285485944177,1611500
2023-04-21 09:00:00+09:00,535.1676025390625,537.9261984284391,531.4894746865604,536.0871345021881,1386000
2023-04-24 09:00:00+09:00,537.0067138671875,539.7653100000668,535.1676497786012,539.7653100000668,761500
2023-04-25 09:00:00+09:00,535.1676025390625,537.9261984284391,534.2480705759369,537.0066664653136,1182300
2023-04-26 09:00:00+09:00,536.0872192382812,538.8458155636927,534.2481550213404,536.0872192382812,1206800
2023-04-27 09:00:00+09:00,537.0067138671875,537.0067138671875,530.5699895571356,536.0871818228944,1153100
2023-04-28 09:00:00+09:00,546.2019653320312,546.2019653320312,538.8457099066841,539.7652418348524,1461200
2023-05-01 09:00:00+09:00,548.0410766601562,551.7192046914324,545.2824806366991,549.8801406757943,1474200
2023-05-02 09:00:00+09:00,548.0410766601562,552.6387366992515,543.4434166210609,549.8801406757943,2070200
2023-05-08 09:00:00+09:00,548.0410766601562,550.7996726836134,543.4434166210609,543.4434166210609,1811000
2023-05-09 09:00:00+09:00,552.6387329101562,552.6387329101562,547.1215409010698,549.8801369056131,1110200
2023-05-10 09:00:00+09:00,548.0410766601562,553.5582687070705,545.2824806366991,553.5582687070705,1062600
2023-05-11 09:00:00+09:00,539.7653198242188,546.2020442514241,538.8457877631894,543.4434480683361,1297200
2023-05-12 09:00:00+09:00,571.948974609375,573.7880388364148,537.006754295619,540.6848827496985,5378900
2023-05-15 09:00:00+09:00,577.4661254882812,579.305189582193,566.4317409248109,575.6270613943695,3150800
2023-05-16 09:00:00+09:00,577.4661254882812,581.1442536761047,574.7075293474137,579.305189582193,1763900
2023-05-17 09:00:00+09:00,576.5465698242188,579.3051658520858,573.7879737963517,579.3051658520858,1400800
2023-05-18 09:00:00+09:00,570.1098022460938,576.54652581984,565.5121425505607,576.54652581984,1484800
2023-05-19 09:00:00+09:00,573.7879638671875,579.305155827449,571.0293678870568,571.9488998804337,1525100
2023-05-22 09:00:00+09:00,592.1785278320312,592.1785278320312,573.7878903217197,573.7878903217197,1917900
2023-05-23 09:00:00+09:00,587.5810546875,596.776376357101,584.8224581866197,593.0982476892606,1945900
2023-05-24 09:00:00+09:00,584.8223266601562,590.3395184211012,582.9832627398413,585.7418586203138,1093600
2023-05-25 09:00:00+09:00,584.8223266601562,588.5004545007862,580.2246668593689,582.9832627398413,993400
2023-05-26 09:00:00+09:00,579.30517578125,586.6614319816468,579.30517578125,586.6614319816468,762900
2023-05-29 09:00:00+09:00,584.8223266601562,589.4199864609436,582.9832627398413,583.9027946999988,1008500
2023-05-30 09:00:00+09:00,582.9833374023438,585.7419336361088,580.2247411685787,583.9028694802654,706000
2023-05-31 09:00:00+09:00,575.6270751953125,581.1442676093251,574.7075431263104,578.3856714023187,1230100
2023-06-01 09:00:00+09:00,571.948974609375,576.5466351769745,570.1099103823352,573.7880388364148,937000
2023-06-02 09:00:00+09:00,573.7879638671875,575.6270278539413,571.0293678870568,571.0293678870568,920700
2023-06-05 09:00:00+09:00,579.6729736328125,585.6499314099246,579.2132076499578,580.04075274483,1436100
2023-06-06 09:00:00+09:00,593.7418212890625,595.6728160319545,580.4086073415134,580.6844557156724,1907400
2023-06-07 09:00:00+09:00,585.3740844726562,596.7763044179829,585.3740844726562,596.7763044179829,1509500
2023-06-08 09:00:00+09:00,586.5693969726562,592.6382848097959,584.4544287919289,588.1325562383822,1137000
2023-06-09 09:00:00+09:00,593.64990234375,597.236099989506,589.5120078865478,592.4545218364265,1665900
2023-06-12 09:00:00+09:00,590.431396484375,599.3508669267881,587.4889393734433,597.1440240935892,1507900
2023-06-13 09:00:00+09:00,590.3394775390625,594.2015227290259,590.3394775390625,591.442927039591,1069700
2023-06-14 09:00:00+09:00,597.0521850585938,600.0866297829126,592.8223598215172,594.3855756261014,1242400
2023-06-15 09:00:00+09:00,594.0177612304688,598.8912703377879,593.557995161405,597.6958897829794,1180300
2023-06-16 09:00:00+09:00,592.362548828125,595.8567593402405,587.1212049980611,593.9257645141134,2541800
2023-06-19 09:00:00+09:00,597.6038818359375,605.7876831340329,596.7762805689953,598.1555785980453,1396700
2023-06-20 09:00:00+09:00,597.6958618164062,602.0176738881435,594.6614171273261,598.891242315282,1320700
2023-06-21 09:00:00+09:00,609.8335571289062,613.2358363268895,602.1094668482832,604.7761317632958,2100600
2023-06-22 09:00:00+09:00,606.89111328125,615.0749704401602,606.0635120409005,613.9715208276203,1195700
2023-06-23 09:00:00+09:00,607.99462890625,610.9371428179107,603.4888992174147,608.730243353219,1369600
2023-06-26 09:00:00+09:00,605.9715576171875,610.1094514097176,601.8336638246574,609.5577546868908,1133100
2023-06-27 09:00:00+09:00,603.1211547851562,607.1670625383523,600.8223244286398,606.891214120328,738700
2023-06-28 09:00:00+09:00,606.9830932617188,606.9830932617188,600.9142040861841,604.8681807383526,1470200
2023-06-29 09:00:00+09:00,595.12109375,604.592261681626,593.0981122199981,603.2129637462307,1499600
2023-06-30 09:00:00+09:00,594.109619140625,598.6153485144396,593.2820739920625,595.8567524383362,1126800
2023-07-03 09:00:00+09:00,600.5463256835938,602.937142553614,596.8681976901281,597.1441021886613,848700
2023-07-04 09:00:00+09:00,605.1439819335938,607.2589504157822,600.0865559738504,600.4543912204342,1263500
2023-07-05 09:00:00+09:00,603.9486083984375,606.8911220330506,600.0865627607441,605.1439887776861,953100
2023-07-06 09:00:00+09:00,596.9601440429688,604.5003171425071,595.0290933032102,603.2129499826682,1080000
2023-07-07 09:00:00+09:00,591.2590942382812,596.7762864084674,588.5924289065122,594.6613739679856,1236900
2023-07-10 09:00:00+09:00,592.1785278320312,595.6727377342361,589.3280014674416,593.0980597075468,1088900
2023-07-11 09:00:00+09:00,611.48876953125,618.661107783703,608.0864899647415,608.0864899647415,3301400
2023-07-12 09:00:00+09:00,625.5576171875,634.4770889379049,619.7645767306491,625.28176880837,2898200
2023-07-13 09:00:00+09:00,619.48876953125,628.7760210299265,613.8795902051025,625.281810373186,1784400
2023-07-14 09:00:00+09:00,615.350830078125,617.9255084720024,605.0520603788357,610.7531700448512,1825600
2023-07-18 09:00:00+09:00,620.3163452148438,622.2473963395977,614.8911393853806,617.0060520349607,978800
2023-07-19 09:00:00+09:00,623.1668701171875,625.9254662167556,616.9140635162561,625.2817825687667,923800
2023-07-20 09:00:00+09:00,617.0979614257812,623.2588376363294,612.6842186308669,623.2588376363294,1476200
2023-07-21 09:00:00+09:00,618.2933959960938,620.592226207079,611.7646845226251,617.0979593873539,1195700
2023-07-24 09:00:00+09:00,623.4427490234375,625.8335099772586,620.2243867497177,622.5232169452319,1073100
2023-07-25 09:00:00+09:00,620.4082641601562,624.1783229868189,618.201364866054,623.5346393490573,806200
2023-07-26 09:00:00+09:00,616.3622436523438,620.5921242196936,613.6036478525059,619.9484406416431,891500
2023-07-27 09:00:00+09:00,616.08642578125,616.546191770639,611.48876588736,615.166893802472,913700
2023-07-28 09:00:00+09:00,617.4657592773438,621.6036534199321,607.9945905757312,611.4888010713829,1459400
2023-07-31 09:00:00+09:00,622.1552734375,626.9368506371476,620.3162096010027,625.7414703681793,1144400
2023-08-01 09:00:00+09:00,632.0863647460938,633.0978275693855,620.3163093998802,621.2358414660667,1076500
2023-08-02 09:00:00+09:00,624.3622436523438,633.1897286241311,622.6151103590325,629.41966977913,1197300
2023-08-03 09:00:00+09:00,618.7531127929688,623.1668552220225,617.3738147761532,619.8565063073972,998800
2023-08-04 09:00:00+09:00,653.6953735351562,656.1780652347103,610.7532144756836,614.9830395644933,5205600
2023-08-07 09:00:00+09:00,703.4420166015625,707.3040624272687,667.8561151251976,675.3962891422846,6741200
2023-08-08 09:00:00+09:00,696.0857543945312,713.3729455246192,692.683474621215,700.9592629825768,4465200
2023-08-09 09:00:00+09:00,691.8558959960938,705.2810406834509,691.8558959960938,696.0857207266914,2572100
2023-08-10 09:00:00+09:00,708.683349609375,710.7063313083056,699.3960423945786,705.0971522283716,2528100
2023-08-14 09:00:00+09:00,710.24658203125,718.706232041794,705.9247701461695,708.0396826488055,2035400
2023-08-15 09:00:00+09:00,704.361572265625,706.2925671813305,690.1088250461509,705.1891735859468,1961100
2023-08-16 09:00:00+09:00,710.154541015625,714.1085173276214,697.0052448507167,699.7638408065903,1320000
2023-08-17 09:00:00+09:00,710.6142578125,725.786534519429,705.6488191099517,719.4417979344325,2076200
2023-08-18 09:00:00+09:00,699.6719360351562,706.0166732949673,694.2466746709965,705.5569072852514,1645100
2023-08-21 09:00:00+09:00,701.1431884765625,706.0166971192497,699.2121936201072,703.5339493582483,1015600
2023-08-22 09:00:00+09:00,710.8901977539062,710.8901977539062,697.0052863978677,700.1317177837298,1059200
2023-08-23 09:00:00+09:00,713.0052490234375,713.8327942812209,703.9018583213018,706.2006886881252,1095200
2023-08-24 09:00:00+09:00,718.3384399414062,722.5682648704094,709.6948163271003,712.6373300760415,1705700
2023-08-25 09:00:00+09:00,701.1431884765625,713.6488019133201,693.1432484127947,708.4075141247179,3325500
2023-08-28 09:00:00+09:00,708.8671875,708.9591182435177,697.5568998585736,702.3384771207687,2675000
2023-08-29 09:00:00+09:00,709.5108642578125,717.1430247085086,708.1315662665463,714.0165934787937,1171800
2023-08-30 09:00:00+09:00,704.8212890625,707.76380273344,701.87877539156,707.76380273344,1414500
2023-08-31 09:00:00+09:00,703.1661376953125,709.8787101285075,701.9707573097484,706.2005820967535,1697600
2023-09-01 09:00:00+09:00,712.3615112304688,714.4764237826748,703.3501081012098,705.1891722550906,1551800
2023-09-04 09:00:00+09:00,706.2005615234375,707.3040111255734,701.4189839967003,706.6603275140126,2194400
2023-09-05 09:00:00+09:00,708.2236328125,709.8787793634608,697.0972607570139,705.9248025684473,2069900
2023-09-06 09:00:00+09:00,702.6144409179688,708.8673039702469,701.1432120373058,707.1201705661484,1251100
2023-09-07 09:00:00+09:00,706.2005615234375,709.1430750878741,702.706351219822,704.0856491915474,1495800
2023-09-08 09:00:00+09:00,696.4535522460938,707.1201008893211,689.6489930650075,706.1086381490038,2000600
2023-09-11 09:00:00+09:00,690.1087036132812,701.5109218320177,688.7294057379715,700.5913899151446,1256800
2023-09-12 09:00:00+09:00,695.07421875,697.0052133824198,690.9363250030067,690.9363250030067,862700
2023-09-13 09:00:00+09:00,701.4190063476562,703.2580703685593,695.6259659065678,697.8328651811634,1132900
2023-09-14 09:00:00+09:00,707.0281982421875,709.6028766938775,700.9592531877242,701.5110060783742,1247000
2023-09-15 09:00:00+09:00,705.7407836914062,713.4648746529795,702.9821877942411,710.7982095028756,1565800
2023-09-19 09:00:00+09:00,702.3385620117188,706.2006078104384,697.1892050292803,705.6489110350992,2156600
2023-09-20 09:00:00+09:00,692.315673828125,704.1776031008408,690.2007053028946,703.5339194681089,1573200
2023-09-21 09:00:00+09:00,688.0857543945312,697.1891432473975,686.4306080914038,691.4880338710457,1205400
2023-09-22 09:00:00+09:00,680.9135131835938,687.6260862211464,678.1549169114118,686.4307057279578,1195000
2023-09-25 09:00:00+09:00,680.1778564453125,682.75253491451,674.4767466125159,678.1548747467355,2318100
2023-09-26 09:00:00+09:00,682.568603515625,686.062813947899,676.2238662863384,679.9939250983589,1255500
2023-09-27 09:00:00+09:00,691.4880981445312,692.4076301899362,683.7640065136168,689.6490340537214,1420300
2023-09-28 09:00:00+09:00,687.0148315429688,692.1404168806222,682.5416048061403,688.9718504652799,1491100
2023-09-29 09:00:00+09:00,681.8892822265625,691.1153021936109,679.0002816646279,684.9646222155786,2052400
2023-10-02 09:00:00+09:00,673.9678955078125,692.1404255694409,673.8746689178591,683.8462737123241,1696500
2023-10-03 09:00:00+09:00,657.7523803710938,674.2474573945113,656.1680971532217,672.1972118702159,1528300
2023-10-04 09:00:00+09:00,639.5797729492188,655.9816782766785,639.3002069752611,652.6267159487139,2542500
2023-10-05 09:00:00+09:00,656.5408935546875,658.031950191816,642.9348168803539,642.9348168803539,1649100
2023-10-06 09:00:00+09:00,661.946044921875,668.1899512397578,656.6340632221787,660.5481579945952,1988300
2023-10-10 09:00:00+09:00,675.5521850585938,679.0002606753529,668.1899577511109,670.9857316329147,1771600
2023-10-11 09:00:00+09:00,668.3762817382812,680.1185080193525,667.5375269124222,679.3729797742329,1194800
2023-10-12 09:00:00+09:00,668.6558837890625,681.8892241543698,668.6558837890625,676.7636389824676,1854500
2023-10-13 09:00:00+09:00,657.5659790039062,667.4444139520348,653.7451108727525,662.2256020322224,1655200
2023-10-16 09:00:00+09:00,640.5117797851562,655.9817626012746,637.6228362159655,653.279158451904,1622900
2023-10-17 09:00:00+09:00,643.1211547851562,651.2289103208383,638.4615317048981,649.9242499864647,988200
2023-10-18 09:00:00+09:00,644.2394409179688,646.5692523323113,639.4866483847745,644.5190069116576,887400
2023-10-19 09:00:00+09:00,643.3074951171875,645.3577404701643,638.3683064578521,641.164080062777,686200
2023-10-20 09:00:00+09:00,645.8237915039062,651.9744715280669,641.2573379028217,643.3075835375978,1024200
2023-10-23 09:00:00+09:00,656.8204345703125,661.0140951928416,649.5514342006278,650.1105661982333,1579200
2023-10-24 09:00:00+09:00,653.1859741210938,656.5408799250685,641.4436900468553,652.7200118216438,1545800
2023-10-25 09:00:00+09:00,657.0068359375,665.0213646592823,656.1680810544508,660.8277040043621,944900
2023-10-26 09:00:00+09:00,658.40478515625,662.318880180771,652.5336710595528,655.1430487825106,957900
2023-10-27 09:00:00+09:00,667.258056640625,668.9355096527943,660.5481877117808,665.3942073203998,1096600
2023-10-30 09:00:00+09:00,663.6234741210938,667.351172460502,657.6591909061381,664.4622289995257,1169500
2023-10-31 09:00:00+09:00,681.4232177734375,682.634708268736,666.9783877691161,670.1468969968076,1337900
2023-11-01 09:00:00+09:00,687.5739135742188,690.4629137735342,682.3551589073055,689.6241589362775,1826600
2023-11-02 09:00:00+09:00,687.7603759765625,693.4450934595329,683.4735454366338,691.8608670948845,1920100
2023-11-06 09:00:00+09:00,635.1066284179688,698.9434648767082,634.1747037981331,698.9434648767082,8973800
2023-11-07 09:00:00+09:00,647.4080200195312,651.8812466476571,636.8772835941078,643.0279630977603,4560800
2023-11-08 09:00:00+09:00,645.544189453125,657.6592093968268,639.3934528920702,649.644623613664,2223600
2023-11-09 09:00:00+09:00,645.17138671875,652.1608211918265,639.3934428449741,645.8237453122698,2032600
2023-11-10 09:00:00+09:00,659.8958129882812,660.1754358836329,645.5442077004772,645.9169434273362,2035200
2023-11-13 09:00:00+09:00,660.4550170898438,663.8099231095699,655.7021672017033,661.6665077702911,1095200
2023-11-14 09:00:00+09:00,662.8779907226562,665.953330684913,660.7345754083663,664.555443712963,910100
2023-11-15 09:00:00+09:00,654.1178588867188,662.877915454827,651.8812172334963,661.6664249260648,1665800
2023-11-16 09:00:00+09:00,649.3650512695312,661.200505090453,649.3650512695312,653.279145973795,1682700
2023-11-17 09:00:00+09:00,657.4728393554688,658.2183676980526,650.5765742061939,651.5084988544652,1012900
2023-11-20 09:00:00+09:00,657.7523803710938,661.3869091132611,652.5336252912185,658.4047389761192,1784900
2023-11-21 09:00:00+09:00,668.0035400390625,670.0537855293715,657.0068411657953,658.3115583542183,1948300
2023-11-22 09:00:00+09:00,678.0682373046875,679.8389165907083,660.5480682394505,665.8600492173558,1682000
2023-11-24 09:00:00+09:00,681.4232177734375,690.9288592168291,676.2044063534586,689.6241421417947,1470000
2023-11-27 09:00:00+09:00,688.3195190429688,692.6995762441261,681.0505181985833,689.4378399913741,1149100
2023-11-28 09:00:00+09:00,701.4596557617188,703.0439389531568,692.4199757919022,692.4199757919022,2616200
2023-11-29 09:00:00+09:00,690.6493530273438,703.5099590304067,685.1510315798158,700.4345621026154,1336400
2023-11-30 09:00:00+09:00,687.2012329101562,689.9037801618493,674.2474580273644,678.5342884984166,1350400
2023-12-01 09:00:00+09:00,691.4880981445312,693.7247400819713,688.8787204709627,689.7174185373773,1035600
2023-12-04 09:00:00+09:00,689.2513427734375,690.2764938594528,680.0253242802471,686.455569251836,1151200
2023-12-05 09:00:00+09:00,692.6995849609375,695.9613212547347,687.7603956635068,688.7854900323476,1352700
2023-12-06 09:00:00+09:00,705.1874389648438,705.1874389648438,692.3268893514163,692.6996251070666,1393500
2023-12-07 09:00:00+09:00,712.6427001953125,715.3452472069788,697.9183039822968,699.2229641975346,1989400
2023-12-08 09:00:00+09:00,717.7683715820312,732.2132035519,715.9976920078518,722.70756081505,3168800
2023-12-11 09:00:00+09:00,755.7908325195312,757.2818890917958,731.74718979075,731.74718979075,4006300
2023-12-12 09:00:00+09:00,750.1993408203125,765.1101351720206,747.6831328974285,757.6547379961665,2454000
2023-12-13 09:00:00+09:00,736.3136596679688,755.6977383252947,734.4498103263156,751.1312846861777,1352100
2023-12-14 09:00:00+09:00,732.4927368164062,744.5145869284356,724.2918116988202,742.2779451326559,1859200
2023-12-15 09:00:00+09:00,710.7789306640625,725.8761211307815,705.9329111848463,722.2415923013278,2580900
2023-12-18 09:00:00+09:00,693.445068359375,711.3380319586836,690.2765588646012,699.4094085191989,1852300
2023-12-19 09:00:00+09:00,695.0293579101562,701.8323961396333,687.760357378932,693.0723389948834,1732300
2023-12-20 09:00:00+09:00,701.7392578125,705.4669563931773,691.20852069812,691.20852069812,1197900
2023-12-21 09:00:00+09:00,701.8323364257812,717.4887139365314,700.9936384820933,708.2626383948507,1668000
2023-12-22 09:00:00+09:00,710.8720703125,717.2091461880169,702.7643149528672,704.1622018465913,1432000
2023-12-25 09:00:00+09:00,712.27001953125,720.2846058846586,711.9904535040753,718.5139262456048,1162500
2023-12-26 09:00:00+09:00,714.5065307617188,717.2090777034277,705.9328139228617,716.6499457513936,1228200
2023-12-27 09:00:00+09:00,718.5138549804688,718.5138549804688,710.5924960085699,713.8542320558224,927800
2023-12-28 09:00:00+09:00,708.1694946289062,715.2520985201686,706.491984919779,713.7610419789011,1323400
2023-12-29 09:00:00+09:00,707.4238891601562,713.1086629308082,702.9506627846683,710.5924553195465,1296300
2024-01-04 09:00:00+09:00,720.0049438476562,721.7756233904801,699.2230360479531,705.5601121335795,1939300
2024-01-05 09:00:00+09:00,716.3704223632812,722.2415357293066,710.5924787014145,722.2415357293066,1479100
2024-01-09 09:00:00+09:00,726.80810546875,726.80810546875,711.3381211251112,716.3705373207877,2000500
2024-01-10 09:00:00+09:00,740.134521484375,742.3711063744842,731.0016718693955,731.6539735789088,1805200
2024-01-11 09:00:00+09:00,742.743896484375,751.3176140682573,742.743896484375,745.1668776606152,1550400
2024-01-12 09:00:00+09:00,736.1272583007812,747.4035231169391,733.5178239378885,747.4035231169391,1508900
2024-01-15 09:00:00+09:00,739.5752563476562,739.6684829252339,732.4926529389859,734.3565019286525,125800
2024-01-16 09:00:00+09:00,732.3995361328125,743.7689702867126,729.7901018547095,734.3565549612284,1298600
2024-01-17 09:00:00+09:00,733.3314819335938,746.3784261813271,729.790122990793,732.0267647567553,1486300
2024-01-18 09:00:00+09:00,730.6288452148438,738.6433735710037,728.9513924054336,737.2454867498018,1033400
2024-01-19 09:00:00+09:00,736.3136596679688,739.8550189212439,719.8186384984735,729.6970172571675,2446900
2024-01-22 09:00:00+09:00,737.3387451171875,740.5072545870675,732.5858955921233,740.3209151736696,1105800
2024-01-23 09:00:00+09:00,740.4140625,743.955364449959,735.2884774229075,737.6182888215859,1180300
2024-01-24 09:00:00+09:00,729.7901611328125,740.2277284525446,729.7901611328125,735.2885392480774,1099900
2024-01-25 09:00:00+09:00,738.3638305664062,740.4140760106873,730.349301960772,732.7722831075464,848000
2024-01-26 09:00:00+09:00,732.3995361328125,737.0591589434802,726.9011584641601,736.3135737896444,800100
2024-01-29 09:00:00+09:00,744.9805908203125,747.2171758607935,737.4319669982509,737.4319669982509,1188900
2024-01-30 09:00:00+09:00,740.7869262695312,750.1061727598756,739.1094163971361,744.7009642913426,941000
2024-01-31 09:00:00+09:00,752.1563720703125,752.9019573041675,741.2528990272752,742.1848236894266,994200
2024-02-01 09:00:00+09:00,763.153076171875,763.246245879624,746.2852068173775,750.1993015056133,1467300
2024-02-02 09:00:00+09:00,761.3824462890625,767.7195225932808,753.833879304359,763.2462956067836,1420400
2024-02-05 09:00:00+09:00,764.3645629882812,770.6084691409562,761.5687892076951,768.5582236591605,1465000
2024-02-06 09:00:00+09:00,806.9535522460938,812.172307372728,748.3354708207695,770.142529708833,7374000
2024-02-07 09:00:00+09:00,840.40966796875,854.4817648137576,820.46651387554,820.9324762171595,5426700
2024-02-08 09:00:00+09:00,841.5279541015625,846.1875773247162,814.9681017295862,829.4129337213628,2633500
2024-02-09 09:00:00+09:00,846.2808227539062,851.9655977228707,826.3376677025929,841.9008220363959,2201100
2024-02-13 09:00:00+09:00,865.4783935546875,871.349507200433,849.5424486531908,851.7790904611719,2706000
2024-02-14 09:00:00+09:00,865.2919311523438,874.5180068052242,862.0301952783177,866.3170253892596,2238600
2024-02-15 09:00:00+09:00,864.3600463867188,877.7797830665128,855.5067628927308,869.2992352757533,2041200
2024-02-16 09:00:00+09:00,867.5286254882812,872.6542107445379,859.048077572559,859.7936058701637,2278800
2024-02-19 09:00:00+09:00,879.8299560546875,885.2351640173264,870.2311444440556,870.7903333092396,1390900
2024-02-20 09:00:00+09:00,866.03759765625,886.4467709924205,856.4387847849658,879.7369018901063,1967900
2024-02-21 09:00:00+09:00,863.6145629882812,868.0877898206639,858.3025812397547,866.8762991819177,1365300
2024-02-22 09:00:00+09:00,873.3997192382812,873.3997192382812,862.1233978021035,865.198794390255,1460600
2024-02-26 09:00:00+09:00,866.7830810546875,884.7692720307805,865.9443830105193,881.3211395020917,1196100
2024-02-27 09:00:00+09:00,860.5391845703125,869.2060718350746,853.4565235959742,862.0302411542981,1398300
2024-02-28 09:00:00+09:00,886.3533935546875,897.4433181614986,875.5430918096863,885.3282993285812,2363800
2024-02-29 09:00:00+09:00,887.7514038085938,890.3608383473377,867.9946466221058,879.9232708328627,2031500
2024-03-01 09:00:00+09:00,886.3533935546875,888.7764314493664,878.1524691053598,880.668676700536,1382300
2024-03-04 09:00:00+09:00,880.5755615234375,892.7837508127577,875.0771837298325,889.894807356556,1435100
2024-03-05 09:00:00+09:00,873.9588623046875,878.9912778034745,866.9694279342403,874.1452585972653,1527200
2024-03-06 09:00:00+09:00,876.754638671875,882.9985447708252,868.8332796950391,869.2992419877942,1752900
2024-03-07 09:00:00+09:00,874.5181274414062,880.3892414485173,869.0197491717912,876.7547125068846,1977200
2024-03-08 09:00:00+09:00,884.95556640625,890.5471139367364,865.2919803427712,875.1703582278988,2073100
2024-03-11 09:00:00+09:00,876.754638671875,879.0844501356503,867.2489965236394,876.0091103794995,1606700
2024-03-12 09:00:00+09:00,866.6898803710938,880.9483154140694,851.2199547208365,879.7368248067877,1794100
2024-03-13 09:00:00+09:00,872.0018920898438,883.2781574179711,864.4532684204578,877.6866096096106,1795500
2024-03-14 09:00:00+09:00,881.787109375,883.6509586626748,865.0124657859265,869.8584853099143,1974600
2024-03-15 09:00:00+09:00,893.249755859375,896.5114920570879,872.7474140451797,872.7474140451797,1951400
2024-03-18 09:00:00+09:00,896.3250732421875,903.9668663752065,892.9701674180151,903.4077343645657,1544300
2024-03-19 09:00:00+09:00,899.5868530273438,900.0528153522185,886.4467382179397,889.9880405109552,1467400
2024-03-21 09:00:00+09:00,905.4580078125,911.4223485921647,895.4864591142466,899.3073275986083,1621800
2024-03-22 09:00:00+09:00,917.2001953125,919.8095727954617,906.7626285004906,908.6264776854864,1597100
2024-03-25 09:00:00+09:00,918.2252807617188,928.7560171794106,913.4724881378551,918.1321110554322,1934700
2024-03-26 09:00:00+09:00,916.175048828125,924.4692004959301,907.4149917418463,918.2252943181608,1881500
2024-03-27 09:00:00+09:00,928.3833618164062,934.2544758246072,917.107039251919,917.9457942017337,2403000
2024-03-28 09:00:00+09:00,895.5845947265625,920.1600031306688,891.1421055153288,916.8517750762697,2863000
2024-03-29 09:00:00+09:00,917.8914184570312,920.7270423110115,894.2612196738628,896.5297418334129,866000
2024-04-01 09:00:00+09:00,890.0078735351562,913.4490792418072,889.4407717836073,910.4244019547309,1913500
2024-04-02 09:00:00+09:00,882.0680541992188,903.6187835233073,875.4515986713285,886.6050407373036,2368100
2024-04-03 09:00:00+09:00,892.7490234375,894.0723378138292,860.3283981266572,874.3174660451959,2865800
2024-04-04 09:00:00+09:00,878.6653442382812,891.2366569414517,873.655753316517,887.6448203457352,2500200
2024-04-05 09:00:00+09:00,877.9091796875,883.0133259686677,868.6461528169716,872.3324870968058,1699600
2024-04-08 09:00:00+09:00,895.0174560546875,895.8681086190165,875.3570839900849,879.6105198844797,1425700
2024-04-09 09:00:00+09:00,895.3955688476562,900.0271113412003,886.9832518677465,896.0572260168656,1113500
2024-04-10 09:00:00+09:00,892.4653930664062,896.4352781508919,888.3064548462942,890.4804216787048,1114600
2024-04-11 09:00:00+09:00,888.4955444335938,888.8736507203589,878.0982561476687,886.510630655376,1265700
2024-04-12 09:00:00+09:00,900.0270385742188,903.6188173140622,885.6598659239291,893.0324765353795,2110000
2024-04-15 09:00:00+09:00,902.6736450195312,904.2805101666502,885.1872969222942,886.6996066543365,1363100
2024-04-16 09:00:00+09:00,882.5407104492188,894.6393611645013,877.247511098777,893.7886508984376,1508600
2024-04-17 09:00:00+09:00,871.1982421875,882.3516852675888,863.2584717557518,881.4064772490912,2076500
2024-04-18 09:00:00+09:00,891.14208984375,895.8681298383508,871.7653258658866,871.7653258658866,2018900
2024-04-19 09:00:00+09:00,889.1571655273438,905.5092521756305,880.4612405027138,902.7681259350577,2179700
2024-04-22 09:00:00+09:00,905.1311645507812,910.2353108656476,895.9626930343604,901.6339410771371,1834200
2024-04-23 09:00:00+09:00,907.1161499023438,907.1161499023438,896.1517022368135,899.838036597562,1160400
2024-04-24 09:00:00+09:00,912.22021484375,921.766850228162,906.3599714149851,914.9613411114634,1462500
2024-04-25 09:00:00+09:00,894.828369140625,914.7722336161886,893.2215041029976,912.8818177344892,945700
2024-04-26 09:00:00+09:00,898.0419921875,899.9324079653421,884.6200863175504,888.4954155857622,1108000
2024-04-30 09:00:00+09:00,896.3407592773438,901.7284565622834,892.0873231614839,899.8380405107902,916500
2024-05-01 09:00:00+09:00,899.5545043945312,903.5243897059597,893.5051498541717,898.0421369139812,827400
2024-05-02 09:00:00+09:00,906.5488891601562,906.5488891601562,894.5447947796742,898.8927281169135,830500
2024-05-07 09:00:00+09:00,899.5545043945312,901.7284713512191,890.0078685633675,897.9476391862245,1304500
2024-05-08 09:00:00+09:00,894.3557739257812,905.981820173867,890.5749421253687,903.6188002986091,907900
2024-05-09 09:00:00+09:00,901.4448852539062,908.344892147226,893.2215640781775,898.8928121040707,1081000
2024-05-10 09:00:00+09:00,911.7476196289062,913.8270887805583,896.0571898036485,901.2558338373194,1259800
2024-05-13 09:00:00+09:00,893.2216186523438,906.1709806408319,889.6298395546773,905.3202703086038,1762500
2024-05-14 09:00:00+09:00,869.1187744140625,926.3038596256457,825.3556546250347,906.7380420729202,5852100
2024-05-15 09:00:00+09:00,874.2228393554688,898.7036901789448,863.9200498206296,870.1583990952664,2768700
2024-05-16 09:00:00+09:00,866.2831420898438,878.4763485082286,862.2187591806883,874.2229124586877,1313300
2024-05-17 09:00:00+09:00,869.6859130859375,877.5311861380849,852.483172543583,859.6667307245054,1617000
2024-05-20 09:00:00+09:00,868.6461791992188,876.8695005948927,867.7009711696222,867.7009711696222,1031800
2024-05-21 09:00:00+09:00,868.5516357421875,885.6598771007444,863.163938718973,864.8653015444837,1237500
2024-05-22 09:00:00+09:00,863.7310791015625,874.5064736304287,863.258475090488,871.8599027065954,966000
2024-05-23 09:00:00+09:00,866.8502807617188,868.2680928386537,855.0351801205934,860.611930699573,1068000
2024-05-24 09:00:00+09:00,866.4722290039062,872.3325304387714,856.4529890821249,860.1393235451152,1191300
2024-05-27 09:00:00+09:00,852.010498046875,868.3625845972093,851.0652900648797,866.4721686332188,1273600
2024-05-28 09:00:00+09:00,843.7872314453125,856.0749360031625,838.7776403560655,850.6872386203827,1784300
2024-05-29 09:00:00+09:00,822.7090454101562,837.0761604930316,819.5898129365344,832.8227246009106,1666600
2024-05-30 09:00:00+09:00,820.72412109375,821.1022273822022,806.4515029139366,811.7446448067485,1473700
2024-05-31 09:00:00+09:00,833.2953491210938,834.0515616732814,824.3158731275867,825.1665834033387,1310100
2024-06-03 09:00:00+09:00,839.1557006835938,846.6228674032964,836.5091296646469,836.5091296646469,960100
2024-06-04 09:00:00+09:00,836.0364990234375,843.0310614924265,830.0816999976331,841.2351431666019,1115100
2024-06-05 09:00:00+09:00,827.1514892578125,835.1857571755825,826.2062812674866,833.673447467428,993800
2024-06-06 09:00:00+09:00,825.4501342773438,830.4597251356131,821.3857514184052,827.0569994143896,752900
2024-06-07 09:00:00+09:00,829.3255004882812,831.1213610265496,826.1117702963454,827.0569782715129,554200
2024-06-10 09:00:00+09:00,837.8323974609375,838.6830500496201,831.783043161577,831.783043161577,654300
2024-06-11 09:00:00+09:00,833.1063842773438,845.6776395918633,833.1063842773438,838.6830770636151,666200
2024-06-12 09:00:00+09:00,818.2665405273438,834.618626657536,816.9432263101843,833.1063170015668,905100
2024-06-13 09:00:00+09:00,802.29248046875,818.2665175824826,800.5911177307635,815.9979954712247,1285000
2024-06-14 09:00:00+09:00,807.585693359375,810.7993657660834,796.9047974006997,799.8349766522774,1600500
2024-06-17 09:00:00+09:00,802.76513671875,815.7144977578401,793.5966076507275,812.8788737795394,1181000
2024-06-18 09:00:00+09:00,803.1432495117188,809.0980483763047,799.6459683719086,809.0980483763047,737700
2024-06-19 09:00:00+09:00,801.3472900390625,805.9788320794867,798.7952170308882,802.4815511194638,542800
2024-06-20 09:00:00+09:00,792.4624633789062,803.4268538372577,787.6418676413296,799.5515238539408,1243600
2024-06-21 09:00:00+09:00,796.7158203125,799.7404396611975,792.1787759076216,792.1787759076216,1680300
2024-06-24 09:00:00+09:00,803.3323364257812,807.302164041803,793.2185988576657,805.5063033800124,1190800
2024-06-25 09:00:00+09:00,819.0227661132812,820.4405781723348,805.2227518148612,808.1528736605371,1122500
2024-06-26 09:00:00+09:00,817.0377807617188,822.3309222423146,812.4062386980108,822.3309222423146,1109000
2024-06-27 09:00:00+09:00,814.6748046875,815.9980612833626,806.2624303449311,812.0281761139378,1093300
2024-06-28 09:00:00+09:00,815.5254516601562,819.1172305254887,811.2720156559924,813.2569870724864,811700
2024-07-01 09:00:00+09:00,820.818603515625,825.8281940920529,818.2665305228289,819.3062361872313,934200
2024-07-02 09:00:00+09:00,823.1817016601562,826.8679783861447,817.6049511711756,817.6049511711756,892800
2024-07-03 09:00:00+09:00,818.5501708984375,824.2214191956554,813.4460243545731,823.1817134175338,1103300
2024-07-04 09:00:00+09:00,806.0734252929688,819.4953913374881,805.8843721420192,814.769351018356,1194600
2024-07-05 09:00:00+09:00,793.9746704101562,806.7349776131766,792.2733076546031,804.3719577607654,2095800
2024-07-08 09:00:00+09:00,789.6268310546875,791.8952957687773,786.4131005960754,789.2487247568786,1192800
2024-07-09 09:00:00+09:00,796.1487426757812,799.3624731774469,789.2487353302403,790.6665474296359,1066900
2024-07-10 09:00:00+09:00,799.3624877929688,802.2926097755919,792.0843740114806,794.2583410654516,1300300
2024-07-11 09:00:00+09:00,801.44189453125,804.4665140096694,798.7952659512553,801.6308899804623,1465600
2024-07-12 09:00:00+09:00,819.495361328125,824.5049523447727,798.7952824119809,799.4569395706144,2645600
2024-07-16 09:00:00+09:00,820.6295776367188,827.9076906019451,815.2418806265686,826.1117723682562,1239400
2024-07-17 09:00:00+09:00,828.3802490234375,829.4199546651708,818.0774595586387,823.2761031491326,1527300
2024-07-18 09:00:00+09:00,853.7119140625,861.2735783895533,830.5543170608993,836.5091161802696,2322500
2024-07-19 09:00:00+09:00,839.911865234375,855.413300609074,832.0666498166972,854.562590272431,1519000
2024-07-22 09:00:00+09:00,850.4981689453125,850.5927243623184,841.2351418429782,845.9611819656916,1291900
2024-07-23 09:00:00+09:00,859.1940307617188,859.1940307617188,846.9063273514852,850.4981060409089,1066200
2024-07-24 09:00:00+09:00,834.8077392578125,859.4776456351158,833.5789803634381,859.1940947657862,1646300
2024-07-25 09:00:00+09:00,838.6830444335938,843.0310358355558,822.141904481485,825.9227364705384,1319800
2024-07-26 09:00:00+09:00,829.3255004882812,841.2350978990245,826.5843742839292,840.6679961902906,1260400
2024-07-29 09:00:00+09:00,837.4542236328125,846.1501481026226,833.6733919234093,836.5090157054617,864000
2024-07-30 09:00:00+09:00,833.1063842773438,839.7228405156088,831.215968209268,837.4543181575499,962600
2024-07-31 09:00:00+09:00,852.2941284179688,853.4283896403672,834.80777911967,835.1858277331879,1106200
2024-08-01 09:00:00+09:00,821.5748291015625,851.6324328400875,817.8884947176738,841.2351445368234,1446500
2024-08-02 09:00:00+09:00,785.6568603515625,800.1185304626151,784.61709699099,799.64592648715,1627000
2024-08-05 09:00:00+09:00,705.40869140625,760.7979126649691,699.4538927762034,747.6594988999686,2812800
2024-08-06 09:00:00+09:00,759.9472045898438,772.2349081466448,706.0703505331011,756.1663727262127,3511400
2024-08-07 09:00:00+09:00,807.8693237304688,831.6885778885728,761.8376806212489,761.8376806212489,4175700
2024-08-08 09:00:00+09:00,778.7569580078125,807.3967512134352,778.2843539691359,801.4419518642935,2536400
2024-08-09 09:00:00+09:00,792.5568237304688,812.8787935697115,785.4677644842212,803.2376614566326,2531700
2024-08-13 09:00:00+09:00,807.2077026367188,810.6104286581156,789.2487490651758,792.4624796227686,1400600
2024-08-14 09:00:00+09:00,814.6748046875,814.9583555515478,805.4117200618692,807.9637932201365,1246500
2024-08-15 09:00:00+09:00,818.7391357421875,823.8432240446342,812.5007286735328,814.2966468503231,1079500
2024-08-16 09:00:00+09:00,826.206298828125,827.3405599788077,814.1076478329859,823.2761770722034,1461300
2024-08-19 09:00:00+09:00,812.311767578125,826.9624913851732,808.4363802146135,826.1117811200099,1422100
2024-08-20 09:00:00+09:00,817.4158325195312,823.181635691842,813.9185515282797,817.6048856497721,1260500
2024-08-21 09:00:00+09:00,817.1323852539062,822.3310296945036,808.247406224516,808.8145656871349,909900
2024-08-22 09:00:00+09:00,822.7090454101562,826.5843750354999,820.3460254700891,826.0172733262503,1023400
2024-08-23 09:00:00+09:00,830.6488037109375,836.3200518805946,823.8432943691649,825.1666086851195,1119400
2024-08-26 09:00:00+09:00,845.39404296875,848.9858217655297,833.2008369131661,836.5090648532638,1618000
2024-08-27 09:00:00+09:00,883.7694702148438,884.6201804817919,855.5077282513926,863.2584453037597,3159900
2024-08-28 09:00:00+09:00,869.59130859375,891.709197562609,865.3378728451936,884.3365294457129,1680900
2024-08-29 09:00:00+09:00,874.6954956054688,875.5461481805404,865.8105174374944,869.1187453971355,1132700
2024-08-30 09:00:00+09:00,874.9791259765625,874.9791259765625,867.1339104975292,874.1284156332663,1736600
2024-09-02 09:00:00+09:00,886.6051025390625,889.7242773957393,876.9639694167655,879.0434385515225,1337900
2024-09-03 09:00:00+09:00,900.783203125,908.8174709388117,890.8585193549974,892.9379884449908,1897000
2024-09-04 09:00:00+09:00,871.4818115234375,891.803784351804,865.9050610197502,874.3174356390235,1587400
2024-09-05 09:00:00+09:00,884.0530395507812,889.0626304618347,862.218757612549,862.4078107525906,1376700
2024-09-06 09:00:00+09:00,873.088623046875,891.3311255306877,869.9694482496911,886.7941387628824,1129500
2024-09-09 09:00:00+09:00,876.6803588867188,876.6803588867188,851.6323486328125,855.4131803692512,1199200
2024-09-10 09:00:00+09:00,888.8736572265625,890.9530687462324,870.5365983117068,874.3174304433538,1644000
2024-09-11 09:00:00+09:00,856.0748901367188,882.8242647797637,850.7816907654587,880.9338487952245,1495000
2024-09-12 09:00:00+09:00,868.4570922851562,871.8598756739384,861.6515831985095,870.2530105479233,1283400
2024-09-13 09:00:00+09:00,860.4228515625,867.8900180185178,857.4927297683722,865.9996019730368,1273200
2024-09-17 09:00:00+09:00,871.1982421875,875.5461759962217,860.1392968328933,873.3722090918608,1163800
2024-09-18 09:00:00+09:00,864.8652954101562,871.4817512220372,856.9255253595326,864.8652954101562,901100
2024-09-19 09:00:00+09:00,870.06396484375,878.3817837136327,864.8653208387086,872.521482569766,837800
2024-09-20 09:00:00+09:00,869.6859130859375,886.2270541389104,867.7954969655977,886.2270541389104,1602400
2024-09-24 09:00:00+09:00,891.8037109375,902.1065007856932,881.7845296302547,888.4954830749867,1906100
2024-09-25 09:00:00+09:00,869.496826171875,889.2516379370367,866.9447531396622,886.6050671851149,1535900
2024-09-26 09:00:00+09:00,890.7640991210938,892.3709066708989,877.2475777057932,879.7051532771759,1610000
2024-09-27 09:00:00+09:00,896.9871215820312,896.9871215820312,881.0942635620696,890.9554613014155,1325400
2024-09-30 09:00:00+09:00,878.41357421875,883.583552144009,862.13779137219,864.4355723245267,1522100
2024-10-01 09:00:00+09:00,870.9458618164062,884.0622394996382,870.275670844928,880.8070596010273,1132500
2024-10-02 09:00:00+09:00,869.2225341796875,874.871152950339,856.0103818593615,861.6590590650078,1606500
2024-10-03 09:00:00+09:00,885.0196533203125,892.2958622998316,878.509293413904,882.9133638467684,1230500
2024-10-04 09:00:00+09:00,890.9555053710938,892.2958873741961,880.9985906159003,881.6687816174515,1055500
2024-10-07 09:00:00+09:00,892.4873657226562,898.040268274454,879.9454036740292,895.1680712543864,1730300
2024-10-08 09:00:00+09:00,890.9555053710938,896.6998994958203,881.7644981455308,885.5940942286818,1387100
2024-10-09 09:00:00+09:00,897.8487548828125,908.9546181504747,896.8913558994793,904.7420392498103,1245300
2024-10-10 09:00:00+09:00,900.8167724609375,907.0398661680956,897.7530838719521,903.7846860857362,826300
2024-10-11 09:00:00+09:00,901.774169921875,910.4864777227193,900.625279398632,908.1886966762332,1266500
2024-10-15 09:00:00+09:00,900.6253051757812,917.188297185343,898.7105070605717,916.1351815959782,1346400
2024-10-16 09:00:00+09:00,898.4232788085938,905.3165051201944,891.5299940619933,895.9340062538492,784800
2024-10-17 09:00:00+09:00,899.955078125,906.3696632411885,899.955078125,899.955078125,737700
2024-10-18 09:00:00+09:00,899.955078125,912.11405735688,898.1359966143648,899.8593615970713,927200
2024-10-21 09:00:00+09:00,879.5625,897.561590065786,874.3925218672213,896.1254915216807,1115700
2024-10-22 09:00:00+09:00,875.5413818359375,880.5198683021025,867.3077738443935,876.9774803299276,962100
2024-10-23 09:00:00+09:00,858.02099609375,875.4456695930714,857.2550885802079,869.8927086411466,949500
2024-10-24 09:00:00+09:00,855.9146728515625,862.4249741124277,847.7767816667322,852.0850769998776,930200
2024-10-25 09:00:00+09:00,858.5953979492188,864.4355668179564,853.6169115408676,858.9783809171676,841200
2024-10-28 09:00:00+09:00,866.7332763671875,870.6586472075091,855.8189631637226,858.4996685943107,1001400
2024-10-29 09:00:00+09:00,875.4456787109375,880.4241068183109,869.3183016687882,869.9884926632417,1243000
2024-10-30 09:00:00+09:00,885.8812866210938,892.4873631219986,874.0095740337401,874.0095740337401,1788600
2024-10-31 09:00:00+09:00,893.061767578125,895.9339645526055,887.0301656187155,892.4873515572277,1448000
2024-11-01 09:00:00+09:00,898.040283203125,901.0081967991997,880.7113842679811,884.6366968866604,1674200
2024-11-05 09:00:00+09:00,892.2958984375,907.5185664307661,887.9876027905378,899.9550906987661,1754200
2024-11-06 09:00:00+09:00,874.48828125,923.7943303857719,840.7878243284533,899.95507160438,4435400
2024-11-07 09:00:00+09:00,890.6682739257812,903.0187443431048,858.7868990590824,860.1272810269305,2611900
2024-11-08 09:00:00+09:00,896.6041259765625,897.8487329374755,884.2536560194383,886.7429283762592,1560000
2024-11-11 09:00:00+09:00,911.4439086914062,938.8254985406979,893.2533264801282,894.2107255438797,2406600
2024-11-12 09:00:00+09:00,905.9866943359375,917.5712577102391,897.0828950052756,913.550170079779,1491700
2024-11-13 09:00:00+09:00,906.2738647460938,913.9330567014717,899.6678467455787,905.6994487234393,1104900
2024-11-14 09:00:00+09:00,890.381103515625,907.6142861643145,890.381103515625,903.1144990079346,961100
2024-11-15 09:00:00+09:00,888.6577758789062,902.5400615724881,887.508885375886,895.1680774826898,976800
2024-11-18 09:00:00+09:00,877.3604736328125,887.317388247383,870.6586805819486,886.7429722170224,1119800
2024-11-19 09:00:00+09:00,881.477294921875,885.4026075544606,872.2862292113102,875.8286172944967,1282900
2024-11-20 09:00:00+09:00,877.6476440429688,888.0832577140322,871.3287758047604,884.6366448095516,1037600
2024-11-21 09:00:00+09:00,871.520263671875,884.8281326214948,871.520263671875,878.892247368391,650100
2024-11-22 09:00:00+09:00,880.3284301757812,882.3389448152329,868.4566585318737,873.5309202662056,1190800
2024-11-25 09:00:00+09:00,874.009521484375,886.1684413548502,874.009521484375,885.5940253610462,1312400
2024-11-26 09:00:00+09:00,880.8070678710938,880.8070678710938,867.499198580347,873.435083985608,813700
2024-11-27 09:00:00+09:00,871.1373291015625,878.7965207114322,863.0951545372013,872.6691440495385,1012500
2024-11-28 09:00:00+09:00,898.5189819335938,900.8167629598477,863.4782011107159,863.5739176388936,1302800
2024-11-29 09:00:00+09:00,895.7424926757812,897.1785911944588,885.7855780072829,895.1680766423096,1076200
2024-12-02 09:00:00+09:00,898.9019775390625,902.6357987154082,888.849287669286,892.2959008220666,857900
2024-12-03 09:00:00+09:00,893.1575317382812,899.9550411216912,887.3173628997915,896.2211617260176,1350200
2024-12-04 09:00:00+09:00,889.6151733398438,913.2629406153337,889.6151733398438,893.4447693865628,1299200
2024-12-05 09:00:00+09:00,884.3494873046875,891.6256964896296,883.1048802644998,889.4236904285286,1044200
2024-12-06 09:00:00+09:00,882.5303955078125,890.572570563778,878.222099963902,887.3173905566018,663400
2024-12-09 09:00:00+09:00,877.4561767578125,882.7218712173519,873.4350893017101,881.4772642139147,970100
2024-12-10 09:00:00+09:00,874.2009887695312,882.5303716159312,871.4245667773956,881.9559555996263,875000
2024-12-11 09:00:00+09:00,871.9032592773438,878.5092771518609,871.7117677951122,877.1689536462324,845100
2024-12-12 09:00:00+09:00,878.7008056640625,882.8176097480473,873.5308860359183,874.1053020718238,1048500
2024-12-13 09:00:00+09:00,868.36083984375,880.6155346065858,865.2971515442925,873.1478345507167,1178800
2024-12-16 09:00:00+09:00,863.1908569335938,871.2330313663576,859.1698281522055,868.3608345596554,1029300
2024-12-17 09:00:00+09:00,858.2124633789062,867.3077536288466,858.0209718971714,861.6590763101484,857700
2024-12-18 09:00:00+09:00,844.3302612304688,861.5634444501268,844.3302612304688,859.7443628473844,1337400
2024-12-19 09:00:00+09:00,845.1918334960938,850.1703200301166,839.6389309306444,842.5111279577732,1206600
2024-12-20 09:00:00+09:00,841.0750732421875,848.3512827158144,838.3943675642723,845.2876524753406,1066200
2024-12-23 09:00:00+09:00,847.6810913085938,849.0214148370561,838.3943093946172,841.2665063720327,781000
2024-12-24 09:00:00+09:00,847.298095703125,851.0319750920864,845.0960897402744,847.6810786684017,708400
2024-12-25 09:00:00+09:00,845.4790649414062,845.4790649414062,835.9050745856662,844.1387413526024,978700
2024-12-26 09:00:00+09:00,854.3828735351562,854.3828735351562,843.3727852598836,845.3832997448479,853300
2024-12-27 09:00:00+09:00,861.6590576171875,863.9568384781646,854.5742819916705,860.031467710245,1224000
2024-12-30 09:00:00+09:00,861.0846557617188,870.7543619709048,859.0740828665939,864.626985197661,1005200
2025-01-06 09:00:00+09:00,844.04296875,861.1804349087317,843.5642692308734,859.744336351352,1278400
2025-01-07 09:00:00+09:00,837.81982421875,844.2344090732403,834.2774947399237,843.4685015760615,1285300
2025-01-08 09:00:00+09:00,826.2353515625,834.2775266782434,826.2353515625,833.7988271698061,1140400
2025-01-09 09:00:00+09:00,825.2779541015625,830.7351401950343,823.937572101412,826.2353531202418,924100
2025-01-10 09:00:00+09:00,825.1822509765625,832.7456682859772,823.7461524252179,830.7351536880947,1292600
2025-01-14 09:00:00+09:00,818.4804077148438,831.6925018927452,816.2783433226967,825.4694085505819,1319100
2025-01-15 09:00:00+09:00,820.2037963867188,826.9055898884089,814.7466099911992,820.0123048853843,1344300
2025-01-16 09:00:00+09:00,814.267822265625,822.3099969706418,814.267822265625,819.054817105517,906500
2025-01-17 09:00:00+09:00,814.172119140625,821.6398195267438,809.3851242219596,814.5550436731203,1356200
2025-01-20 09:00:00+09:00,814.74658203125,817.9059871723383,811.3956853953988,813.7891829924354,871900
2025-01-21 09:00:00+09:00,811.3956298828125,819.6292376793064,808.7149244445352,818.7676136643222,751000
2025-01-22 09:00:00+09:00,813.3104248046875,814.2678237744399,809.0978459637785,811.3956268651826,704900
2025-01-23 09:00:00+09:00,810.6297607421875,813.7891658165934,806.5129566491739,813.3104663072895,944600
2025-01-24 09:00:00+09:00,815.8954467773438,822.5972398372269,815.7039552886332,818.5761523142974,1017100
2025-01-27 09:00:00+09:00,824.6077880859375,827.6714767255364,820.3952673371143,825.5651871336247,969900
2025-01-28 09:00:00+09:00,819.6292724609375,827.4799560622538,819.0548564265722,822.5972444651538,781100
2025-01-29 09:00:00+09:00,815.3209838867188,819.4378464299516,814.7465678474299,818.4804474078043,768900
2025-01-30 09:00:00+09:00,824.6077880859375,824.799279582475,814.363606588685,819.5335848201958,719500
2025-01-31 09:00:00+09:00,820.490966796875,823.2674473514008,816.2783877006976,822.1185568310798,704200
2025-02-03 09:00:00+09:00,800.9599609375,817.4272350320509,800.9599609375,815.7039285601204,1563800
2025-02-04 09:00:00+09:00,792.3433837890625,808.0447506592844,792.3433837890625,804.8853456671659,1140900
2025-02-05 09:00:00+09:00,793.3965454101562,797.0346498425585,789.0882500056019,791.2902559698193,1267900
2025-02-06 09:00:00+09:00,800.4813232421875,805.555584960964,795.7901029528479,799.428207659989,1899200
2025-02-07 09:00:00+09:00,793.3965454101562,803.1620266808121,780.2801677137359,796.0772508637687,2706200
2025-02-10 09:00:00+09:00,810.438232421875,814.9380192918427,797.80055426356,801.6301501639588,1577200
2025-02-12 09:00:00+09:00,811.2999877929688,820.299503906783,800.5771066210824,819.5335963448629,1496200
2025-02-13 09:00:00+09:00,831.3095703125,834.9476749581017,821.544088469569,825.5651761031288,1529900
2025-02-14 09:00:00+09:00,820.2037963867188,831.2138857109242,816.9486161690398,825.2779997795695,1258700
2025-02-17 09:00:00+09:00,826.6182861328125,832.0754134614034,821.4483083704688,824.320505252883,1450300
2025-02-18 09:00:00+09:00,818.3846435546875,828.7245409418695,810.055260669042,827.4799339440137,1290400
2025-02-19 09:00:00+09:00,817.33154296875,827.6714405447736,816.9485599924167,818.3846585011698,890000
2025-02-20 09:00:00+09:00,817.42724609375,820.7781425592368,811.5871356279004,818.5761365689162,710800
2025-02-21 09:00:00+09:00,815.512451171875,823.841834104322,815.3209596861296,823.3631346074571,858800
2025-02-25 09:00:00+09:00,814.9380493164062,820.0122523843829,811.5871527801011,815.5124653486307,1207700
2025-02-26 09:00:00+09:00,817.9059448242188,824.3205297391535,813.1189498779984,823.3631307499095,914100
2025-02-27 09:00:00+09:00,827.1927490234375,828.3416395285253,822.0227709680416,823.0759449456215,979300
2025-02-28 09:00:00+09:00,820.9696655273438,832.3627373209066,820.395249485231,829.6819732977159,1630000
2025-03-03 09:00:00+09:00,831.6925048828125,833.6073028411314,823.7461050427883,825.7566195250246,1002000
2025-03-04 09:00:00+09:00,833.128662109375,845.287641689232,829.9692569423256,837.0539748267696,1181500
2025-03-05 09:00:00+09:00,837.5326538085938,837.5326538085938,828.9160625997913,834.7562317023123,1165100
2025-03-06 09:00:00+09:00,838.1071166992188,844.4259267910026,833.511554703378,840.8835387671245,1190100
2025-03-07 09:00:00+09:00,839.3517456054688,846.340746873419,834.3732589368605,842.5111507337203,1033200
2025-03-10 09:00:00+09:00,844.3302612304688,846.2450593659863,835.809386153415,837.7241842889325,1150600
2025-03-11 09:00:00+09:00,847.2024536132812,849.9788758329832,833.8945832731534,842.5111748339552,1554500
2025-03-12 09:00:00+09:00,848.0640258789062,848.0640258789062,826.5225482934097,827.671438784969,1849900
2025-03-13 09:00:00+09:00,840.5963134765625,848.9256963791041,839.6389144862703,842.511111457147,1117800
2025-03-14 09:00:00+09:00,847.9683227539062,848.6385137541575,836.7667425454175,837.5326500735623,1260400
2025-03-17 09:00:00+09:00,851.7021484375,853.7127214490437,846.7237202603421,850.1703333729897,1019600
2025-03-18 09:00:00+09:00,865.77587890625,871.2330647349958,858.7868780959244,861.563358489408,1413900
2025-03-19 09:00:00+09:00,875.4456787109375,878.2221007808191,864.3398151264166,865.7759136423892,1244500
2025-03-21 09:00:00+09:00,880.5198974609375,887.5088986761336,877.9349083991527,877.9349083991527,1676000
2025-03-24 09:00:00+09:00,891.7214965820312,906.5611818243809,889.6152069896655,894.8809017530798,2063000
2025-03-25 09:00:00+09:00,887.5088500976562,896.6041403629505,885.5940521470679,893.253243949421,1466300
2025-03-26 09:00:00+09:00,882.7218627929688,892.2958526280335,881.381480842061,891.8171531362802,1626300
2025-03-27 09:00:00+09:00,889.2322387695312,891.3385283968894,881.0943467272397,886.5515330778943,2313200
2025-03-28 09:00:00+09:00,893.7134399414062,898.973980292931,881.8284229513131,886.504478639093,1686300
2025-03-31 09:00:00+09:00,879.3929443359375,885.1405748854988,869.7485314626125,881.7309423790689,1617200
2025-04-01 09:00:00+09:00,878.7109985351562,889.232138288734,873.7427007085221,886.5044441984393,1042100
2025-04-02 09:00:00+09:00,857.279052734375,875.3987907470965,854.3565105091442,875.3987907470965,1267800
2025-04-03 09:00:00+09:00,848.1217651367188,850.8495188940975,829.7097840300698,829.9046320783506,1621400
2025-04-04 09:00:00+09:00,840.2308959960938,844.4198613248572,828.6381212995104,838.7696248726223,1775500
2025-04-07 09:00:00+09:00,774.9608154296875,806.2319948833031,774.5711193314932,793.9573407607735,3001700
2025-04-08 09:00:00+09:00,818.116943359375,823.4749372315847,799.8023580153123,804.1861711834839,2376900
2025-04-09 09:00:00+09:00,788.8916015625,795.1263824789696,777.396279990832,793.9573536247218,2177300
2025-04-10 09:00:00+09:00,829.9046020507812,829.9046020507812,803.796510466978,814.512498682658,2253300
2025-04-11 09:00:00+09:00,819.4808349609375,819.4808349609375,796.9772246147893,796.9772246147893,1338400
2025-04-14 09:00:00+09:00,824.546630859375,828.6381425425661,816.7531846677335,822.3059675118575,1758200
2025-04-15 09:00:00+09:00,818.7988891601562,825.0336695061792,818.7988891601562,821.2343409423102,734500
2025-04-16 09:00:00+09:00,828.930419921875,828.930419921875,819.091158719227,822.2085489959004,1077500
2025-04-17 09:00:00+09:00,826.20263671875,829.709722951805,822.5007619110296,826.6897270739572,818300
2025-04-18 09:00:00+09:00,841.39990234375,843.640506114787,829.0277952698426,831.9503374388314,955600
2025-04-21 09:00:00+09:00,841.205078125,848.7062817963134,833.8987224956571,843.6405300014476,973900
2025-04-22 09:00:00+09:00,862.1499633789062,866.8260190850386,841.7895619289602,842.6663483872925,1296700
2025-04-23 09:00:00+09:00,862.1499633789062,871.4046804999227,859.2274211301642,870.430499750342,1170000
2025-04-24 09:00:00+09:00,839.3541259765625,857.1816815994761,838.672247006341,855.7204104473864,1112300
2025-04-25 09:00:00+09:00,843.5431518554688,847.2450268866679,833.5090423650329,837.7954615333322,822000
2025-04-28 09:00:00+09:00,843.1534423828125,850.7520403703174,834.3858155989358,835.6522386869741,844400
2025-04-30 09:00:00+09:00,844.3224487304688,846.6604468017755,838.0876682884382,842.6663296012475,797800
2025-05-01 09:00:00+09:00,841.107666015625,847.147538973847,840.230879574968,846.3682062817479,584000
2025-05-02 09:00:00+09:00,840.0360717773438,843.2508564482954,834.3858351648717,840.7180102128245,858600
2025-05-07 09:00:00+09:00,841.78955078125,844.9069410304799,834.8728913345333,835.847072071213,1349300
2025-05-08 09:00:00+09:00,841.8870239257812,842.9585989771064,831.9503682908737,837.7954528456105,976900
2025-05-09 09:00:00+09:00,856.59716796875,856.59716796875,842.2766982764272,850.4598408032624,1465500
2025-05-12 09:00:00+09:00,851.0443115234375,857.1816980474006,845.6863171962976,856.9868499981948,933900
2025-05-13 09:00:00+09:00,835.6522216796875,849.7778423217806,833.4116178834861,846.4656635019572,1544500
2025-05-14 09:00:00+09:00,821.234375,834.4832094606555,810.6157810057326,832.4374536625148,2304200
2025-05-15 09:00:00+09:00,816.753173828125,818.6040815985099,807.4984565983756,813.4409354569258,1375200
2025-05-16 09:00:00+09:00,820.942138671875,822.0137137245932,807.8880926989491,818.6040810632309,1496700
2025-05-19 09:00:00+09:00,835.3599853515625,839.2567083153016,826.7872067231914,829.0278105354865,1324700
2025-05-20 09:00:00+09:00,810.5183715820312,830.6839246899293,810.5183715820312,828.1510191031714,1571000
2025-05-21 09:00:00+09:00,811.5899658203125,814.41511380262,809.0571196328659,809.5442100119344,953600
2025-05-22 09:00:00+09:00,808.2777709960938,812.4667362817106,802.7249288922417,805.7448653992676,1077100
2025-05-23 09:00:00+09:00,807.0113525390625,810.5183794356032,806.1345660852904,806.6216564575474,692400
2025-05-26 09:00:00+09:00,816.3634643554688,818.506673886443,811.9796510027246,816.3634643554688,987500
2025-05-27 09:00:00+09:00,815.2918701171875,818.5066546082945,812.2718742030844,817.7273219224613,877500
2025-05-28 09:00:00+09:00,816.6557006835938,820.5524236351645,813.830612219269,820.2601813056514,1161000
2025-05-29 09:00:00+09:00,817.7273559570312,819.9679598192847,810.6157888222235,811.7848176292655,1044800
2025-05-30 09:00:00+09:00,825.03369140625,826.6897510946562,812.077040013846,814.4150975704852,1980700
2025-06-02 09:00:00+09:00,817.7273559570312,825.9104386877754,812.856452143752,825.0337116769501,989900
2025-06-03 09:00:00+09:00,818.116943359375,820.3575470868084,811.0054361117509,814.9995532145987,928400
2025-06-04 09:00:00+09:00,823.5724487304688,827.4691718198785,817.3376680037028,818.3118487760553,1009800
2025-06-05 09:00:00+09:00,815.9737548828125,820.6498699497525,812.6615760795486,819.6756892206855,847900
2025-06-06 09:00:00+09:00,813.0512084960938,819.7730792756458,813.0512084960938,813.440904569417,535800
2025-06-09 09:00:00+09:00,810.5183715820312,816.168607953609,810.5183715820312,814.4150945223295,587600
2025-06-10 09:00:00+09:00,811.9796142578125,815.0970043927682,809.057072154905,813.4408853092663,796900
2025-06-11 09:00:00+09:00,813.148681640625,816.071223882444,810.5183817311331,812.7589855580062,712900
2025-06-12 09:00:00+09:00,814.8048095703125,816.9479596699545,809.8364520301951,813.6357807691511,867400
2025-06-13 09:00:00+09:00,812.8564453125,814.9995954049118,809.5442069635961,814.609958778689,1273000
2025-06-16 09:00:00+09:00,820.2601928710938,823.2801294174319,811.9796564822525,816.3634698645802,895800
2025-06-17 09:00:00+09:00,836.529052734375,852.3107933576252,835.8471142923977,841.8870470567622,1670100
2025-06-18 09:00:00+09:00,850.0701293945312,854.356548633186,826.1053058619632,827.3717289908868,1577200
2025-06-19 09:00:00+09:00,871.4046630859375,873.7427206219176,856.2074674798864,859.2274039595269,1853200
2025-06-20 09:00:00+09:00,850.5571899414062,866.5337780420234,850.4597956500129,864.0983261644461,1851400
2025-06-23 09:00:00+09:00,845.686279296875,848.7062752760332,842.7637370675907,846.8553080804436,754300
2025-06-24 09:00:00+09:00,845.686279296875,849.8753040596017,842.0818581148434,845.686279296875,806600
2025-06-25 09:00:00+09:00,838.9644775390625,844.2250179369939,836.041935276009,842.4715044710167,763200
2025-06-26 09:00:00+09:00,845.19921875,847.050186010905,835.5548647286041,835.8471070699902,1176300
2025-06-27 09:00:00+09:00,844.7120971679688,848.1217297632068,839.1593145088573,845.199187538717,1180300
2025-06-30 09:00:00+09:00,853.090087890625,860.1042011267656,848.8036688409629,856.3048724482346,1153000
2025-07-01 09:00:00+09:00,854.3565063476562,857.473896597906,845.8811220439148,847.5372411886669,955300
2025-07-02 09:00:00+09:00,864.0983276367188,868.9692314001727,855.1358528201088,857.1816680763241,1550800
2025-07-03 09:00:00+09:00,859.0325927734375,863.4164062470072,856.3048985039603,857.2790792758647,1225700
2025-07-04 09:00:00+09:00,870.4304809570312,871.8917520498522,855.6229219912574,859.032554541173,1245600
2025-07-07 09:00:00+09:00,858.3506469726562,872.3788737513631,857.7661622982414,870.4305122242802,902700
2025-07-08 09:00:00+09:00,845.9785766601562,856.6945647781214,845.9785766601562,855.2332936711261,1109300
2025-07-09 09:00:00+09:00,844.7120971679688,849.9726969557597,843.1534317652837,845.6862779094653,827500
2025-07-10 09:00:00+09:00,841.01025390625,849.1933962266268,840.1335268814585,848.0243674009621,1154300
2025-07-11 09:00:00+09:00,839.7438354492188,847.537281717889,838.6722603709871,847.537281717889,764400
2025-07-14 09:00:00+09:00,845.686279296875,849.680456019128,836.821258318422,839.7438005477063,840700
2025-07-15 09:00:00+09:00,847.4398803710938,848.6088497342454,840.523161189642,842.6663707875464,669700
2025-07-16 09:00:00+09:00,851.9210815429688,856.9868334279896,843.835393061117,845.5889065515116,932600
2025-07-17 09:00:00+09:00,851.7262573242188,852.4081957726922,843.5431743203671,844.5173551155359,687500
2025-07-18 09:00:00+09:00,855.1358642578125,858.6429506899724,852.5055642985114,857.2790738342533,687900
2025-07-22 09:00:00+09:00,845.4915161132812,859.9093796523256,844.3224872945964,852.2133277669865,802300
2025-07-23 09:00:00+09:00,848.901123046875,856.0126305773533,845.881127068676,848.7062750064631,1098900
2025-07-24 09:00:00+09:00,853.7720336914062,856.4997279014929,848.121737769965,850.9468857306856,1003200
2025-07-25 09:00:00+09:00,856.694580078125,856.9868224128886,848.7062859920306,853.7720378119399,910400
2025-07-28 09:00:00+09:00,851.0443115234375,860.1042404076587,851.0443115234375,856.3049115556126,845200
2025-07-29 09:00:00+09:00,848.1217651367188,856.2075131958002,846.7579477173057,850.4598227975359,1023900
2025-07-30 09:00:00+09:00,857.9609985351562,857.9609985351562,846.1733757829663,847.5372526168642,768600
2025-07-31 09:00:00+09:00,862.4421997070312,866.0466803472378,857.2790536620578,857.2790536620578,1458000
2025-08-01 09:00:00+09:00,869.456298828125,873.5478697732883,865.4621816312231,867.2156950479294,1011900
2025-08-04 09:00:00+09:00,867.6053466796875,869.6511619173147,857.5712969099961,861.1757775540568,1183600
2025-08-05 09:00:00+09:00,917.4833984375,918.1653368394741,853.3823183781212,862.1499449368006,4383800
2025-08-06 09:00:00+09:00,938.4283447265625,943.9811871309529,911.8332210057501,915.5350961222515,3721100
2025-08-07 09:00:00+09:00,940.08447265625,944.8579823632932,933.3626013478467,937.9412630028985,1628500
2025-08-08 09:00:00+09:00,947.4881591796875,954.697120403176,936.1876864361756,939.2076229312926,1801300
2025-08-12 09:00:00+09:00,949.144287109375,957.4248234344396,944.3708371387256,949.8262255221175,1776100
2025-08-13 09:00:00+09:00,957.03515625,961.5163637461619,942.8120821644126,945.6372300158658,1387500
2025-08-14 09:00:00+09:00,958.3015747070312,965.3156876990882,955.5738806154735,959.860240056701,1410100
2025-08-15 09:00:00+09:00,954.9893798828125,960.0551316881921,947.1959338620052,954.0151991302116,1181600
2025-08-18 09:00:00+09:00,964.926025390625,978.5645557848387,962.1983312036369,969.3098387316222,1431200
2025-08-19 09:00:00+09:00,971.2581787109375,972.6220555038695,960.5421907813284,964.4389136648226,958300
2025-08-20 09:00:00+09:00,996.099853515625,1000.9707574447967,973.3039993433906,974.180785834352,2263700
2025-08-21 09:00:00+09:00,994.1514892578125,1001.4578451318288,982.9484102509875,993.6643988662114,1473100
2025-08-22 09:00:00+09:00,997.5610961914062,1004.3803614974022,989.2805597484112,997.0740058124065,1751500
2025-08-25 09:00:00+09:00,981.9741821289062,996.5868931724912,979.0516399201892,996.5868931724912,1005400
2025-08-26 09:00:00+09:00,967.0692138671875,977.1032634041089,964.438914027984,975.6419923222484,1397800
2025-08-27 09:00:00+09:00,976.6162109375,982.4612954917394,959.8602899901587,964.4389514495012,1384400
2025-08-28 09:00:00+09:00,980.512939453125,990.2547470979648,976.1291260129472,979.051668306399,1100700
2025-08-29 09:00:00+09:00,976.1290893554688,980.5129026310173,965.9975860016029,977.1032700833683,858000
2025-09-01 09:00:00+09:00,994.1514892578125,996.5869412158179,974.1807832021681,978.0775063349768,1164600
2025-09-02 09:00:00+09:00,1007.7899780273438,1011.686700997,999.0223513456173,1001.9448935728594,1156500
2025-09-03 09:00:00+09:00,1015.0963745117188,1018.9930976384431,1005.8416570857481,1012.1738321666753,1371800
2025-09-04 09:00:00+09:00,1028.247802734375,1029.7090738893742,1006.3287354093883,1014.6092719543833,1409100
2025-09-05 09:00:00+09:00,1037.9896240234375,1040.4250759803201,1022.8898218907642,1028.734906587283,1120600
2025-09-08 09:00:00+09:00,1051.1409912109375,1051.1409912109375,1035.0670094176285,1046.2700876372076,1364100
2025-09-09 09:00:00+09:00,1039.93798828125,1055.5248808456527,1039.4508978886124,1050.6539769192768,1059400
2025-09-10 09:00:00+09:00,1043.834716796875,1050.166891933767,1033.1187281036734,1050.166891933767,1215300
2025-09-11 09:00:00+09:00,1047.2442626953125,1053.0893469522166,1038.9637266646985,1046.2700819858285,753200
2025-09-12 09:00:00+09:00,1052.115234375,1053.0894151475695,1044.3217881944445,1053.0894151475695,1157900
2025-09-16 09:00:00+09:00,1058.9344482421875,1062.3440807802258,1043.8346470023034,1045.783008452611,769000
2025-09-17 09:00:00+09:00,1051.1409912109375,1062.8311597878894,1049.6797201388185,1058.9344369289056,761200
2025-09-18 09:00:00+09:00,1043.3475341796875,1057.473154390337,1043.3475341796875,1056.9860640382456,663200
2025-09-19 09:00:00+09:00,1017.5317993164062,1045.295950853522,1017.5317993164062,1038.4766855637042,3072900
2025-09-22 09:00:00+09:00,1020.4542846679688,1034.0928144869201,1017.5317425639076,1019.9671943172918,1168900
2025-09-24 09:00:00+09:00,1028.247802734375,1031.657435429373,1018.0189046493812,1028.7348931193746,972800
2025-09-25 09:00:00+09:00,1039.93798828125,1042.373440244438,1029.221999643223,1033.6058131769614,1194200
2025-09-26 09:00:00+09:00,1050.1668701171875,1056.0119547375057,1040.9121528016835,1046.2701470369752,1366200
2025-09-29 09:00:00+09:00,1041.2838134765625,1062.0107898585604,1034.37482134923,1056.0887966065611,830100
2025-09-30 09:00:00+09:00,1028.9464111328125,1034.3749053881895,1024.011416355197,1033.3879064326663,943400
2025-10-01 09:00:00+09:00,1021.5438842773438,1029.933375114404,1014.1413923622905,1023.517882121358,972800
2025-10-02 09:00:00+09:00,1013.6478881835938,1024.5048762751414,1007.2323952204065,1019.5698816880744,720400
2025-10-03 09:00:00+09:00,1029.933349609375,1034.8683440972015,1006.7388755165908,1007.2323749653735,1270600
2025-10-06 09:00:00+09:00,1035.36181640625,1054.608294404269,1030.9203214836302,1054.1147949684223,1392500
2025-10-07 09:00:00+09:00,1047.6993408203125,1047.6993408203125,1028.9463615687007,1031.4138588386497,1000400
2025-10-08 09:00:00+09:00,1071.3873291015625,1076.8158231688665,1051.1538512143381,1054.6083474389861,1838000
2025-10-09 09:00:00+09:00,1056.5823974609375,1071.3873820120016,1056.5823974609375,1065.9588876766115,1042000
2025-10-10 09:00:00+09:00,1032.40087890625,1061.023847824301,1032.40087890625,1058.062851039675,1591100
2025-10-14 09:00:00+09:00,1015.6218872070312,1030.9203704448437,1006.7388969399144,1011.6738915327571,1225300
2025-10-15 09:00:00+09:00,1036.348876953125,1036.348876953125,1022.0373924618675,1025.491888718378,890800
2025-10-16 09:00:00+09:00,1035.8553466796875,1040.2968417345314,1029.9333532732292,1032.8943499764582,523100
2025-10-17 09:00:00+09:00,1039.309814453125,1043.7513093866853,1033.3878212083778,1033.3878212083778,679000
2025-10-20 09:00:00+09:00,1043.2578125,1054.6082995801798,1038.816317555582,1053.6213007036424,708200
2025-10-21 09:00:00+09:00,1038.3228759765625,1045.7253679630874,1035.3618791819526,1043.2578706342458,876500
2025-10-22 09:00:00+09:00,1053.621337890625,1056.582334624744,1036.3488569415983,1037.3358558529712,1113100
2025-10-23 09:00:00+09:00,1072.8677978515625,1077.8027923219008,1055.5953172053783,1061.0238111227504,1384700
2025-10-24 09:00:00+09:00,1066.4522705078125,1070.893765387299,1059.0497790420018,1065.9587710767585,812300
2025-10-27 09:00:00+09:00,1077.8028564453125,1083.2313506856506,1066.452368488242,1068.4263663938193,956000
2025-10-28 09:00:00+09:00,1052.6343994140625,1077.8028730990682,1051.1539009620033,1077.8028730990682,810400
2025-10-29 09:00:00+09:00,1040.7904052734375,1055.1018902202984,1040.7904052734375,1052.140893334741,806500
2025-10-30 09:00:00+09:00,1055.5953369140625,1055.5953369140625,1031.9073630141677,1036.348858120398,2673000
2025-10-31 09:00:00+09:00,1058.0628662109375,1069.906853519269,1052.140872556772,1065.958857749825,1061100
2025-11-04 09:00:00+09:00,1053.621337890625,1069.4133204725922,1051.1538406121927,1051.647340067879,1284300
2025-11-05 09:00:00+09:00,1052.6343994140625,1062.9978885784767,1039.30991334553,1058.0628937382794,1505100
2025-11-06 09:00:00+09:00,1109.8802490234375,1123.698233448807,1034.3748341276678,1050.1668163280904,4279400
2025-11-07 09:00:00+09:00,1121.7242431640625,1121.7242431640625,1096.0622719170185,1103.9582630699551,2558500
2025-11-10 09:00:00+09:00,1100.997314453125,1127.15278628908,1098.5298171101103,1125.1787884146684,1027800
2025-11-11 09:00:00+09:00,1132.0877685546875,1133.0747674810648,1089.6468147204664,1095.5688082787299,1628000
2025-11-12 09:00:00+09:00,1138.9967041015625,1149.3601923104588,1126.6592181385906,1134.0617097163738,2006300
2025-11-13 09:00:00+09:00,1150.3472900390625,1162.6847770622185,1147.8797926344314,1149.8537905581363,1260700
2025-11-14 09:00:00+09:00,1162.1912841796875,1162.1912841796875,1138.0098094770103,1152.3212945051255,1599300
2025-11-17 09:00:00+09:00,1188.3466796875,1195.2556720112646,1165.6457049094165,1166.139204361114,1908700
2025-11-18 09:00:00+09:00,1181.93115234375,1198.2166337747913,1173.5416619095772,1184.3986495302713,1482900
2025-11-19 09:00:00+09:00,1166.6326904296875,1198.2166549760072,1144.9187148040926,1174.0351821202312,4986500
2025-11-20 09:00:00+09:00,1197.229736328125,1219.4372128882098,1173.5417613307013,1180.450754038283,2071300
2025-11-21 09:00:00+09:00,1207.0997314453125,1215.9827221100777,1191.8012475226612,1196.2427428550438,2017300
2025-11-25 09:00:00+09:00,1214.502197265625,1221.9046893253503,1198.2167147342288,1216.9696946188667,1439000
2025-11-26 09:00:00+09:00,1240.1641845703125,1241.6446829999627,1209.0737175476584,1212.528213883509,1410000
2025-11-27 09:00:00+09:00,1219.9306640625,1239.6706424453885,1211.0476737902002,1239.6706424453885,1377700
2025-11-28 09:00:00+09:00,1219.4371337890625,1227.8266243897965,1213.0216409767363,1219.9306332361643,1286100
2025-12-01 09:00:00+09:00,1191.3077392578125,1221.4112073997871,1189.3337413468632,1219.4372094888379,1025200
2025-12-02 09:00:00+09:00,1197.229736328125,1205.125727993933,1190.320743620543,1199.203734244577,758100
2025-12-03 09:00:00+09:00,1200.6842041015625,1204.6321998404908,1191.3077142216077,1194.2687110258041,1179800
2025-12-04 09:00:00+09:00,1183.4117431640625,1198.2167274405103,1177.4897494534835,1192.7882332058127,1379000
2025-12-05 09:00:00+09:00,1180.9442138671875,1188.8402052678875,1173.5417219290314,1184.3987101049938,1065000
2025-12-08 09:00:00+09:00,1194.2686767578125,1196.2426745706352,1181.93119042767,1184.3986876936983,628700
2025-12-09 09:00:00+09:00,1175.022216796875,1196.24269362269,1169.593722725155,1194.2686957784283,1258400
2025-12-10 09:00:00+09:00,1189.8271484375,1200.190636665284,1176.0091641337879,1180.4506590885524,1015000
2025-12-11 09:00:00+09:00,1194.2686767578125,1199.2036712898696,1180.9441915212585,1199.2036712898696,1072300
2025-12-12 09:00:00+09:00,1186.3726806640625,1206.1126587117174,1176.0091921890437,1205.1256598093346,1413200
2025-12-15 09:00:00+09:00,1211.5411376953125,1218.9436293716585,1190.8141610015434,1195.7491554524408,1280500
2025-12-16 09:00:00+09:00,1213.51513671875,1221.4111278482742,1206.112645034821,1218.9436306202979,1226800
2025-12-17 09:00:00+09:00,1143.9317626953125,1176.0092279995383,1132.5812749722788,1173.541730668444,3196700
2025-12-18 09:00:00+09:00,1184.398681640625,1187.8531777954101,1160.217208557129,1168.60669921875,1909700
2025-12-19 09:00:00+09:00,1163.17822265625,1193.2816895981384,1161.204224823995,1192.294690682011,2635000
2025-12-22 09:00:00+09:00,1145.90576171875,1168.606737187769,1141.4642665182898,1164.165241987309,1967900
2025-12-23 09:00:00+09:00,1154.7886962890625,1159.7236907176482,1144.4252079890325,1144.918707431891,854700
2025-12-24 09:00:00+09:00,1160.710693359375,1166.6326866928412,1154.7887000259088,1154.7887000259088,847500
2025-12-25 09:00:00+09:00,1148.373291015625,1162.6847759487805,1144.9187946524494,1162.6847759487805,892600
2025-12-26 09:00:00+09:00,1144.42529296875,1153.8017830793176,1140.4772971327216,1149.8537872432892,703700
2025-12-29 09:00:00+09:00,1138.009765625,1147.3862554545208,1130.113774189614,1145.905757060386,1067900
2025-12-30 09:00:00+09:00,1129.126708984375,1143.4381926209778,1129.126708984375,1139.9836965707632,979400
2026-01-05 09:00:00+09:00,1125.1787109375,1138.5031956722862,1125.1787109375,1135.542199064556,1416700
2026-01-06 09:00:00+09:00,1143.9317626953125,1145.905760560188,1125.178782978996,1125.178782978996,1097300
2026-01-07 09:00:00+09:00,1125.6722412109375,1135.542230173769,1123.2047439702296,1130.1137362442116,1654500
2026-01-08 09:00:00+09:00,1125.6722412109375,1131.5942345886365,1118.7632489369553,1126.1657406590791,1042800
2026-01-09 09:00:00+09:00,1110.8673095703125,1130.1137889453646,1110.3738100991575,1126.165793176123,1444500
2026-01-13 09:00:00+09:00,1126.6593017578125,1137.0227907358737,1119.7503091057715,1126.1658022826666,1633500
2026-01-14 09:00:00+09:00,1137.022705078125,1138.9967028299968,1125.6722180048625,1127.1527163187664,1204000
2026-01-15 09:00:00+09:00,1139.9837646484375,1151.827751813616,1139.9837646484375,1145.9057582310268,1096600
2026-01-16 09:00:00+09:00,1141.957763671875,1143.9317615347477,1126.6592802346113,1130.1137764946386,1214900
2026-01-19 09:00:00+09:00,1168.606689453125,1178.9701778308765,1145.9057149113835,1145.9057149113835,1633600
2026-01-20 09:00:00+09:00,1214.99560546875,1217.9566020702173,1183.4116417197654,1184.3986405869211,2308300
2026-01-21 09:00:00+09:00,1212.03466796875,1225.852652782726,1201.671179358268,1209.0736712228982,2044000
2026-01-22 09:00:00+09:00,1201.177734375,1208.5802265753389,1187.8532484143898,1201.6712338550226,1601600
2026-01-23 09:00:00+09:00,1214.0086669921875,1214.0086669921875,1195.255687583365,1195.255687583365,1284000
2026-01-26 09:00:00+09:00,1231.774658203125,1237.6966517521785,1208.0866840069111,1214.0086775559646,2310500
2026-01-27 09:00:00+09:00,1286.5531005859375,1288.5270984387737,1242.138148897125,1242.631648360334,3850300
2026-01-28 09:00:00+09:00,1253.4886474609375,1281.618117108683,1252.0081490584246,1277.1766219011442,1750600
2026-01-29 09:00:00+09:00,1259.41064453125,1261.3846424066908,1233.7486721505193,1243.6186615277234,1356700
2026-01-30 09:00:00+09:00,1278.16357421875,1281.6180703652872,1256.4495984405164,1259.4105951375482,1504500
2026-02-02 09:00:00+09:00,1283.0986328125,1311.7216023137019,1281.6181343900241,1302.3451123046875,1782700
2026-02-03 09:00:00+09:00,1308.26708984375,1308.7605893118164,1282.1116180362365,1292.4751068656285,1273000
2026-02-04 09:00:00+09:00,1334.916015625,1349.7209991624306,1304.3190496476432,1308.7605447088724,1517700
2026-02-05 09:00:00+09:00,1349.2275390625,1364.03252303173,1333.929055627629,1363.0455241004481,1410700
2026-02-06 09:00:00+09:00,1406.4735107421875,1483.952928702371,1309.254113683868,1332.4485891241777,5002400
2026-02-09 09:00:00+09:00,1488.3944091796875,1505.1733912460368,1416.3434861888936,1420.7849814417507,3423600
2026-02-10 09:00:00+09:00,1479.017822265625,1492.8358065910963,1455.823348576441,1465.1998379401537,2141600
2026-02-12 09:00:00+09:00,1523.432861328125,1541.198842218249,1485.9269016711967,1500.2383862771298,1886800
2026-02-13 09:00:00+09:00,1518.0042724609375,1531.328757297233,1502.7057898711166,1527.874261228564,1731800
2026-02-16 09:00:00+09:00,1493.8228759765625,1527.8743389571978,1493.8228759765625,1525.4068416397604,1201100
2026-02-17 09:00:00+09:00,1497.7708740234375,1506.1603649158258,1492.342379916598,1499.74487188047,709800
2026-02-18 09:00:00+09:00,1480.4984130859375,1506.6538850504558,1480.4984130859375,1490.3684025065104,962600
2026-02-19 09:00:00+09:00,1497.7708740234375,1499.74487188047,1451.8754238474312,1467.6674067036913,1321400
2026-02-20 09:00:00+09:00,1452.368896484375,1484.93986052378,1445.9534035675226,1484.93986052378,1362500
2026-02-24 09:00:00+09:00,1481.4853515625,1494.3163372855597,1453.849382312833,1468.6543658394403,1136400
2026-02-25 09:00:00+09:00,1484.9398193359375,1491.3553120748431,1469.6413366508548,1485.4333187773918,870700
2026-02-26 09:00:00+09:00,1486.913818359375,1508.627793801729,1486.4203189175032,1492.3423122199636,1017800
2026-02-27 09:00:00+09:00,1528.861328125,1532.8093238076985,1490.3683702186895,1490.3683702186895,1355000
2026-03-02 09:00:00+09:00,1539.71826171875,1549.5882505759214,1495.7968113043369,1507.6407979329426,1464400
2026-03-03 09:00:00+09:00,1467.173828125,1516.5237718897158,1461.2518348732342,1515.0432735767743,1890800
2026-03-04 09:00:00+09:00,1411.9019775390625,1431.6419562533451,1383.7725078712099,1419.3044695569185,1466900
2026-03-05 09:00:00+09:00,1426.7069091796875,1458.2908739626346,1417.3304196347501,1441.5118926716939,1326000
2026-03-06 09:00:00+09:00,1410.9149169921875,1418.317408686795,1382.291949106372,1397.0969324955868,1206200
2026-03-09 09:00:00+09:00,1362.0584716796875,1371.9284606049025,1331.9550054577812,1344.785991060561,2003900
2026-03-10 09:00:00+09:00,1383.7724609375,1400.5514422755439,1373.4089724640023,1391.668452155403,1283000
2026-03-11 09:00:00+09:00,1380.3179931640625,1407.9539629950198,1375.8764980126587,1401.5384699985475,959700
2026-03-12 09:00:00+09:00,1332.448486328125,1366.9934470847802,1324.5524952980325,1362.0584526909722,1216400
2026-03-13 09:00:00+09:00,1336.396484375,1340.8379793378415,1312.708511239845,1316.6565067623708,1554300
2026-03-16 09:00:00+09:00,1365.512939453125,1369.460934941244,1346.2664614485454,1352.1884546807237,1808300
2026-03-17 09:00:00+09:00,1361.071533203125,1381.3050113979502,1361.071533203125,1361.5650326712914,717100
2026-03-18 09:00:00+09:00,1391.1749267578125,1391.1749267578125,1364.5259568944134,1371.9284485231353,856000
2026-03-19 09:00:00+09:00,1354.1624755859375,1376.3699505864358,1350.707979474749,1368.967458919603,1387600
2026-03-23 09:00:00+09:00,1309.2540283203125,1333.4355011388934,1300.3710383053235,1329.9810050219535,1370100
2026-03-24 09:00:00+09:00,1341.8250732421875,1344.7860700937701,1326.5265895090106,1336.8900784895498,756600
2026-03-25 09:00:00+09:00,1352.6820068359375,1370.4479872248808,1352.6820068359375,1369.460988314384,1044800
2026-03-26 09:00:00+09:00,1363.0455322265625,1363.0455322265625,1348.2405481690691,1361.0715343522302,967300
2026-03-27 09:00:00+09:00,1366.5,1376.3699891657639,1354.1625135427953,1359.5910075839654,1546400
2026-03-30 09:00:00+09:00,1341.5,1343.0,1297.5,1306.5,1499300
2026-03-31 09:00:00+09:00,1343.5,1352.5,1325.0,1331.0,1364000
2026-04-01 09:00:00+09:00,1399.5,1399.5,1357.0,1370.0,1130400
2026-04-02 09:00:00+09:00,1359.5,1396.5,1356.0,1394.0,1083500
2026-04-03 09:00:00+09:00,1365.0,1368.5,1353.0,1368.0,600300
2026-04-06 09:00:00+09:00,1361.5,1375.0,1358.0,1360.5,586800
2026-04-07 09:00:00+09:00,1360.5,1378.5,1349.0,1370.0,1152000
2026-04-08 09:00:00+09:00,1379.0,1389.0,1372.5,1384.5,1049500
2026-04-09 09:00:00+09:00,1377.0,1395.5,1376.0,1385.0,979600
2026-04-10 09:00:00+09:00,1340.0,1377.0,1335.0,1376.5,1363100
2026-04-13 09:00:00+09:00,1336.0,1349.0,1326.5,1333.5,1012600
2026-04-14 09:00:00+09:00,1316.0,1341.0,1312.5,1330.0,1278400
2026-04-15 09:00:00+09:00,1353.5,1355.5,1328.0,1331.0,1191100
2026-04-16 09:00:00+09:00,1329.0,1351.0,1320.5,1347.0,1332900
2026-04-17 09:00:00+09:00,1316.0,1337.0,1316.0,1332.5,1167300
2026-04-20 09:00:00+09:00,1294.0,1322.0,1284.0,1316.0,1414100
2026-04-21 09:00:00+09:00,1277.0,1294.0,1267.5,1286.0,1668800
2026-04-22 09:00:00+09:00,1235.5,1264.0,1231.5,1263.0,2334800
2026-04-23 09:00:00+09:00,1237.5,1237.5,1222.0,1230.0,1568000
2026-04-24 09:00:00+09:00,1229.0,1239.5,1220.5,1237.5,1295300
2026-04-27 09:00:00+09:00,1214.0,1228.0,1203.5,1213.5,1279900
2026-04-28 09:00:00+09:00,1236.5,1236.5,1211.5,1218.0,1236700
2026-04-30 09:00:00+09:00,1223.5,1234.5,1201.0,1226.0,2148800
2026-05-01 09:00:00+09:00,1207.5,1224.0,1196.5,1220.5,1234900
2026-05-07 09:00:00+09:00,1213.0,1220.5,1194.0,1195.0,1612300
2026-05-08 09:00:00+09:00,1204.0,1215.5,1189.0,1214.0,1642200
2026-05-11 09:00:00+09:00,1204.0,1222.0,1193.0,1200.0,1459700
2026-05-12 09:00:00+09:00,1189.5,1215.5,1189.5,1197.0,1169400
2026-05-13 09:00:00+09:00,1185.5,1202.0,1170.0,1178.0,1703000
2026-05-14 09:00:00+09:00,1315.5,1318.0,1170.0,1184.5,4994000
2026-05-15 09:00:00+09:00,1315.5,1332.5,1258.5,1285.5,3603400
2026-05-18 09:00:00+09:00,1315.5,1334.5,1308.5,1327.0,2001600
2026-05-19 09:00:00+09:00,1362.0,1368.0,1325.0,1333.5,2421800
2026-05-20 09:00:00+09:00,1321.0,1369.0,1310.5,1366.5,1427700
2026-05-21 09:00:00+09:00,1336.0,1345.0,1316.0,1330.0,1499500
2026-05-22 09:00:00+09:00,1298.5,1325.0,1276.5,1321.5,1448900
2026-05-25 09:00:00+09:00,1331.5,1345.5,1314.0,1320.5,1833000
2026-05-26 09:00:00+09:00,1312.0,1346.0,1311.5,1331.5,989600
2026-05-27 09:00:00+09:00,1338.5,1358.0,1334.0,1357.5,1567600
2026-05-28 09:00:00+09:00,1322.5,1363.5,1317.0,1340.0,1338600
2026-05-29 09:00:00+09:00,1325.5,1349.0,1307.5,1307.5,1492600
2026-06-01 09:00:00+09:00,1308.5,1338.0,1308.5,1328.0,1287700
2026-06-02 09:00:00+09:00,1267.5,1300.0,1264.0,1297.5,1827500
2026-06-03 09:00:00+09:00,1266.5,1282.5,1256.5,1260.5,1346300
2026-06-04 09:00:00+09:00,1252.0,1270.0,1247.0,1260.0,879500
2026-06-05 09:00:00+09:00,1257.0,1274.5,1251.5,1257.5,984200
2026-06-08 09:00:00+09:00,1269.0,1270.0,1249.0,1266.0,1344600
2026-06-09 09:00:00+09:00,1283.0,1300.5,1269.5,1272.0,1503900
2026-06-10 09:00:00+09:00,1285.0,1292.5,1266.0,1284.5,1194800
2026-06-11 09:00:00+09:00,1273.5,1326.0,1265.0,1320.5,1403200
2026-06-12 09:00:00+09:00,1280.5,1308.0,1271.5,1299.5,1646700
2026-06-15 09:00:00+09:00,1281.0,1301.5,1280.5,1292.0,960800
2026-06-16 09:00:00+09:00,1277.5,1282.0,1260.5,1281.5,1173500
2026-06-17 09:00:00+09:00,1262.0,1304.5,1261.0,1284.0,1071200
2026-06-18 09:00:00+09:00,1258.0,1269.0,1251.5,1259.0,1024700
2026-06-19 09:00:00+09:00,1249.5,1265.0,1236.0,1260.0,1701500
2026-06-22 09:00:00+09:00,1260.5,1268.5,1235.5,1242.0,1126000
2026-06-23 09:00:00+09:00,1282.0,1287.0,1266.0,1270.5,1959700
2026-06-24 09:00:00+09:00,1261.0,1274.0,1249.0,1252.0,1284900
2026-06-25 09:00:00+09:00,1271.5,1284.0,1267.5,1276.5,901000
2026-06-26 09:00:00+09:00,1287.0,1287.5,1266.5,1277.5,979600
2026-06-29 09:00:00+09:00,1307.0,1309.0,1272.0,1291.0,1720900
2026-06-30 09:00:00+09:00,1284.0,1319.5,1280.5,1310.0,1285000
2026-07-01 09:00:00+09:00,1245.0,1281.5,1233.5,1277.5,1528200
2026-07-02 09:00:00+09:00,1280.0,1303.5,1261.0,1270.0,1627000
2026-07-03 09:00:00+09:00,1293.5,1310.5,1282.0,1310.0,1584400
2026-07-06 09:00:00+09:00,1304.0,1317.5,1292.5,1300.0,1082200
2026-07-07 09:00:00+09:00,1303.5,1305.5,1289.0,1300.0,822700
2026-07-08 09:00:00+09:00,1305.0,1322.0,1300.5,1316.0,1162300
2026-07-09 09:00:00+09:00,1280.5,1300.0,1275.0,1300.0,1027500
2026-07-10 09:00:00+09:00,1262.5,1274.0,1246.5,1274.0,1782500
2026-07-13 09:00:00+09:00,1250.5,1284.0,1245.0,1284.0,1060000
2026-07-14 09:00:00+09:00,1258.5,1274.5,1239.0,1249.0,1452200
2026-07-15 09:00:00+09:00,1242.0,1270.0,1234.5,1270.0,1630500
2026-07-16 09:00:00+09:00,1244.0,1258.0,1233.0,1241.0,1153200
2026-07-17 09:00:00+09:00,1272.5,1278.0,1247.5,1249.5,2238600
2026-07-21 09:00:00+09:00,1266.0,1283.0,1255.5,1279.0,1493100
2026-07-22 09:00:00+09:00,1282.5,1282.5,1253.5,1256.0,1882800
2026-07-23 09:00:00+09:00,1262.5,1280.0,1250.5,1260.0,1679000
2026-07-24 09:00:00+09:00,1267.5,1271.0,1248.0,1253.5,969800
2026-07-27 09:00:00+09:00,1292.5,1295.0,1271.0,1274.0,1676400
2026-07-28 09:00:00+09:00,1304.5,1307.0,1280.0,1300.0,1651100
2026-07-29 09:00:00+09:00,1340.5,1346.0,1302.5,1315.0,2286500
2026-07-30 09:00:00+09:00,1295.5,1342.0,1288.0,1341.5,1539300
2026-07-31 09:00:00+09:00,1262.0,1289.0,1259.0,1265.5,2197600
2026-08-03 09:00:00+09:00,1248.5,1273.0,1228.5,1269.5,1283000
2026-08-04 09:00:00+09:00,1223.5,1248.5,1222.5,1240.0,1188900
2026-08-05 09:00:00+09:00,1213.5,1226.5,1206.0,1218.0,1960500
2026-08-06 09:00:00+09:00,1263.0,1276.0,1208.0,1227.0,3560000
2026-08-07 09:00:00+09:00,1247.5,1269.5,1239.0,1258.5,1519200
2026-08-10 09:00:00+09:00,1250.5,1261.5,1234.5,1256.0,1536900
2026-08-12 09:00:00+09:00,1258.0,1265.5,1246.0,1250.5,1263200
2026-08-13 09:00:00+09:00,1264.5,1269.5,1248.5,1263.0,1524000
2026-08-14 09:00:00+09:00,1310.0,1316.0,1270.5,1288.5,2011000
2026-08-17 09:00:00+09:00,1292.0,1320.5,1287.5,1317.5,1227000
2026-08-18 09:00:00+09:00,1296.0,1296.0,1273.0,1283.0,1222100
2026-08-19 09:00:00+09:00,1285.0,1313.0,1275.0,1309.5,1127000
2026-08-20 09:00:00+09:00,1302.0,1307.0,1290.0,1300.5,1393400
2026-08-21 09:00:00+09:00,1305.0,1305.0,1288.5,1295.0,895300
2026-08-24 09:00:00+09:00,1291.5,1309.5,1285.5,1305.0,1021600
2026-08-25 09:00:00+09:00,1296.0,1307.5,1292.0,1300.0,1019500
2026-08-26 09:00:00+09:00,1297.0,1307.0,1295.0,1299.5,965600
2026-08-27 09:00:00+09:00,1295.0,1316.0,1290.5,1295.0,1314000
2026-08-28 09:00:00+09:00,1278.0,1296.5,1277.5,1286.0,1752500
2026-08-31 09:00:00+09:00,1275.5,1281.0,1265.0,1271.0,1607700
2026-09-01 09:00:00+09:00,1282.5,1288.5,1270.5,1270.5,1163100
2026-09-02 09:00:00+09:00,1289.0,1289.0,1270.0,1273.5,1705300
2026-09-03 09:00:00+09:00,1284.0,1294.5,1264.0,1289.0,2171100
