Date,Close,High,Low,Open,Volume
2019-07-16 09:00:00+09:00,1171.4952392578125,1186.4805056742027,1159.154431620785,1186.039762544309,623200
2019-07-17 09:00:00+09:00,1183.8359375,1185.5989098566642,1169.2914155575204,1169.2914155575204,862000
2019-07-18 09:00:00+09:00,1136.6766357421875,1176.343521053082,1134.0321767214612,1176.343521053082,1444600
2019-07-19 09:00:00+09:00,1190.447265625,1194.8546971896983,1145.4914636650776,1146.8136931344873,1398800
2019-07-22 09:00:00+09:00,1161.798828125,1183.3952403321794,1159.1543694873862,1173.698891994262,857400
2019-07-23 09:00:00+09:00,1160.9173583984375,1166.2062757487722,1151.6617530353521,1152.9839823729358,431400
2019-07-24 09:00:00+09:00,1160.9173583984375,1166.2062757487722,1148.5765512476569,1156.9506703856866,652800
2019-07-25 09:00:00+09:00,1147.695068359375,1162.2395911150813,1147.2543252455657,1158.7136462046071,560600
2019-07-26 09:00:00+09:00,1146.813720703125,1153.865611376165,1143.287775366605,1144.169261700735,564000
2019-07-29 09:00:00+09:00,1147.695068359375,1159.1543893184164,1140.202435424617,1146.8135821317564,554600
2019-07-30 09:00:00+09:00,1153.4246826171875,1170.1729202707807,1138.8801604443304,1169.2914340784862,1027600
2019-07-31 09:00:00+09:00,1115.9617919921875,1137.1174657740298,1106.7061847126313,1109.3506439353616,2236400
2019-08-01 09:00:00+09:00,1095.6875,1114.1987127916332,1093.0430410297668,1111.1135106596944,1461400
2019-08-02 09:00:00+09:00,1067.4798583984375,1090.8392442345717,1063.0724271086008,1088.6355285896534,1485400
2019-08-05 09:00:00+09:00,1059.546630859375,1074.97264253994,1052.0539966145293,1064.8355491498544,1431000
2019-08-06 09:00:00+09:00,1082.024169921875,1092.1612599048497,1035.7461504343814,1043.238782160928,1970200
2019-08-07 09:00:00+09:00,1089.076171875,1092.60211658362,1068.801989800435,1084.2279979006476,995800
2019-08-08 09:00:00+09:00,1075.4132080078125,1083.7873272504964,1067.4798318831647,1083.7873272504964,1097600
2019-08-09 09:00:00+09:00,1065.276123046875,1087.7540222092211,1061.309434959402,1087.7540222092211,1016600
2019-08-13 09:00:00+09:00,1056.0203857421875,1061.7500455980507,1040.5943784379403,1055.1388996105163,928400
2019-08-14 09:00:00+09:00,1044.120361328125,1052.4944798866875,1040.5944166718882,1052.4944798866875,1060200
2019-08-15 09:00:00+09:00,1033.9833984375,1046.3242062619886,1025.1685357057227,1030.457453344789,1189800
2019-08-16 09:00:00+09:00,1026.931396484375,1033.5425428136734,1021.6424794209361,1027.8128826616148,940000
2019-08-19 09:00:00+09:00,1039.713134765625,1043.2390801145546,1030.0167850560686,1037.509418922544,740400
2019-08-20 09:00:00+09:00,1049.4093017578125,1053.816732676577,1039.7129537365308,1039.7129537365308,624600
2019-08-21 09:00:00+09:00,1043.239013671875,1046.7649587962412,1036.1871234231423,1038.3908391258713,620600
2019-08-22 09:00:00+09:00,1058.22412109375,1059.1056072420997,1045.4425719426802,1052.0537180553024,680200
2019-08-23 09:00:00+09:00,1061.7501220703125,1063.5130944606326,1049.8500584356514,1052.4945170211317,717400
2019-08-26 09:00:00+09:00,1051.613037109375,1059.1056698130042,1037.9500010027568,1045.0018906061728,826800
2019-08-27 09:00:00+09:00,1054.6983642578125,1064.3947136158033,1049.4094464261811,1063.0724841578954,767400
2019-08-28 09:00:00+09:00,1066.15771484375,1071.4466328173444,1060.4280537056893,1065.7169716792837,716600
2019-08-29 09:00:00+09:00,1074.97265625,1076.7356290359778,1055.139212407749,1059.1059011761993,830600
2019-08-30 09:00:00+09:00,1075.4132080078125,1083.3465841324603,1072.3280061815606,1082.4650978963884,792800
2019-09-02 09:00:00+09:00,1066.598388671875,1074.091021980727,1063.5131867211712,1070.1243337583935,564200
2019-09-03 09:00:00+09:00,1065.717041015625,1069.2429865607553,1056.9021771527994,1064.8355546293424,732600
2019-09-04 09:00:00+09:00,1053.81689453125,1069.6836482757606,1053.3761513716802,1068.3614187970516,705800
2019-09-05 09:00:00+09:00,1048.087158203125,1063.072424552539,1042.3574975401139,1051.6131032265164,1800000
2019-09-06 09:00:00+09:00,1045.883544921875,1052.9354356588112,1040.5946268691728,1047.2057744350504,1176600
2019-09-09 09:00:00+09:00,1053.3760986328125,1055.5798143203288,1038.8315750952047,1041.4760339202242,803200
2019-09-10 09:00:00+09:00,1049.4093017578125,1057.7834205034649,1045.4426139309246,1051.6130172171947,852600
2019-09-11 09:00:00+09:00,1065.717041015625,1065.717041015625,1040.5946790065718,1045.0021109379848,1179200
2019-09-12 09:00:00+09:00,1082.90576171875,1093.9243388628154,1077.176101603836,1079.8205601184115,1686800
2019-09-13 09:00:00+09:00,1078.49853515625,1094.365289249272,1074.0911034637438,1092.161573403019,2242600
2019-09-17 09:00:00+09:00,1076.294677734375,1078.939136402027,1068.8020448426942,1078.0576501794762,1151400
2019-09-18 09:00:00+09:00,1098.7728271484375,1105.8247185380785,1089.076476487681,1089.9579629113862,1479400
2019-09-19 09:00:00+09:00,1103.620849609375,1114.6394283794366,1101.8578770061652,1104.9430790617823,821200
2019-09-20 09:00:00+09:00,1108.0283203125,1123.0135879698687,1105.824604480534,1114.639467808398,972200
2019-09-24 09:00:00+09:00,1106.2652587890625,1114.639378277904,1101.857827479146,1104.061543134104,848000
2019-09-25 09:00:00+09:00,1116.843017578125,1118.1652468807038,1108.4688986617934,1112.876329670389,599800
2019-09-26 09:00:00+09:00,1112.8765869140625,1126.9803694016862,1109.3506412921565,1126.9803694016862,1039800
2019-09-27 09:00:00+09:00,1095.0987548828125,1122.2095600970379,1088.876602866433,1118.2096052293653,948800
2019-09-30 09:00:00+09:00,1095.0987548828125,1097.3209520315195,1083.9877691392774,1095.0987548828125,899200
2019-10-01 09:00:00+09:00,1112.431884765625,1115.5429607517854,1095.5431865550402,1096.4320654082287,683600
2019-10-02 09:00:00+09:00,1115.5430908203125,1132.4317910000623,1114.209772385069,1119.987485604457,1066800
2019-10-03 09:00:00+09:00,1065.765869140625,1094.6544352349288,1063.0992322703817,1094.6544352349288,1350200
2019-10-04 09:00:00+09:00,1073.3211669921875,1074.6544852120535,1055.0991513206845,1062.210181826637,1129200
2019-10-07 09:00:00+09:00,1083.54345703125,1087.5434123689372,1071.0991515362234,1071.0991515362234,629400
2019-10-08 09:00:00+09:00,1087.54345703125,1099.987763037329,1084.4323805297304,1087.9878965314672,1181400
2019-10-09 09:00:00+09:00,1093.7655029296875,1096.8765791265619,1071.0990906381744,1079.0990008587085,725200
2019-10-10 09:00:00+09:00,1098.2098388671875,1106.2097486606351,1085.3210953110772,1101.3209148979727,705400
2019-10-11 09:00:00+09:00,1092.8765869140625,1110.2097251367743,1089.3210713811986,1109.7652856951663,743200
2019-10-15 09:00:00+09:00,1114.209716796875,1115.0985957093576,1098.2098963721892,1114.209716796875,662200
2019-10-16 09:00:00+09:00,1109.3206787109375,1123.9871780688948,1102.2096487192007,1123.5427386944111,1158200
2019-10-17 09:00:00+09:00,1093.7655029296875,1109.7653233707556,1093.3210634729912,1109.7653233707556,788200
2019-10-18 09:00:00+09:00,1093.7655029296875,1109.3208839140593,1089.7655478194206,1101.3209736935253,718800
2019-10-21 09:00:00+09:00,1090.6544189453125,1097.3210107481566,1084.8767060495143,1087.5433427706519,634200
2019-10-23 09:00:00+09:00,1087.9879150390625,1103.098858303494,1080.8768829146243,1101.7655397801618,762800
2019-10-24 09:00:00+09:00,1091.9876708984375,1096.8765045898836,1083.987761221526,1087.9877160599817,632800
2019-10-25 09:00:00+09:00,1091.0986328125,1101.3207381300917,1084.876481749618,1095.9874657904786,666200
2019-10-28 09:00:00+09:00,1082.2100830078125,1096.8765851594585,1080.8767646303902,1090.2099932723465,817000
2019-10-29 09:00:00+09:00,1077.3211669921875,1087.9877132000308,1076.432288141534,1086.6543949240504,853400
2019-10-30 09:00:00+09:00,1102.654296875,1105.3209336268137,1075.5434898982264,1075.5434898982264,1890600
2019-10-31 09:00:00+09:00,1104.431884765625,1113.7651119608274,1101.3208090338908,1111.9873543998365,816200
2019-11-01 09:00:00+09:00,1091.0986328125,1101.3207381300917,1089.3208753659624,1097.7652232370162,756800
2019-11-05 09:00:00+09:00,1086.6544189453125,1103.9875569162193,1080.4322668531922,1103.5431174810678,1636400
2019-11-06 09:00:00+09:00,1157.7647705078125,1173.3201513015836,1128.4317667252728,1135.5427979452825,2490000
2019-11-07 09:00:00+09:00,1146.20947265625,1164.8759316913654,1130.2096506261512,1159.5426576813325,1920800
2019-11-08 09:00:00+09:00,1123.0985107421875,1150.6537571474173,1113.7652821210613,1150.2093176892686,2114800
2019-11-11 09:00:00+09:00,1111.54296875,1126.6539087490005,1111.0985293382646,1126.209469337265,1046000
2019-11-12 09:00:00+09:00,1122.2098388671875,1131.9875087503867,1118.2098830058787,1127.987552889078,1024400
2019-11-13 09:00:00+09:00,1105.32080078125,1118.6539829378394,1100.8764067290535,1118.6539829378394,898000
2019-11-14 09:00:00+09:00,1099.5430908203125,1111.5429547864194,1093.7653785403352,1111.5429547864194,815000
2019-11-15 09:00:00+09:00,1106.2098388671875,1109.7653546208787,1097.3210494829596,1097.3210494829596,806600
2019-11-18 09:00:00+09:00,1101.7652587890625,1104.8763345500643,1091.9875921116281,1100.8763800002048,727000
2019-11-19 09:00:00+09:00,1127.5428466796875,1134.6538776402215,1107.9875115382188,1110.654148148419,1029400
2019-11-20 09:00:00+09:00,1121.3206787109375,1131.9872250006968,1115.098526708578,1128.876148999517,703400
2019-11-21 09:00:00+09:00,1127.5428466796875,1143.9871057759226,1116.8763002388864,1133.3205593351215,1062600
2019-11-22 09:00:00+09:00,1119.5430908203125,1131.9873967127178,1118.6542118279979,1124.431925278043,683200
2019-11-25 09:00:00+09:00,1123.0985107421875,1129.3206631562716,1120.4318739932944,1129.3206631562716,673600
2019-11-26 09:00:00+09:00,1131.098388671875,1139.9871775808879,1120.8762814265103,1128.8761914446218,1022200
2019-11-27 09:00:00+09:00,1139.0982666015625,1144.8759792296626,1131.0983568088086,1131.0983568088086,647800
2019-11-28 09:00:00+09:00,1134.2093505859375,1139.0981839936355,1124.4316837705414,1138.6537445929357,655400
2019-11-29 09:00:00+09:00,1130.2095947265625,1149.3204923172987,1129.7651552477082,1145.764976486464,599000
2019-12-02 09:00:00+09:00,1147.0982666015625,1158.2092532985944,1142.2094324548686,1144.4316297942748,951200
2019-12-03 09:00:00+09:00,1119.098388671875,1138.2092825213151,1117.320631104485,1136.4315249539254,788200
2019-12-04 09:00:00+09:00,1128.4317626953125,1128.8762021449759,1113.765260856421,1119.0985342523816,816800
2019-12-05 09:00:00+09:00,1134.2093505859375,1134.6537899866373,1122.6539261677422,1131.5427141817386,1017200
2019-12-06 09:00:00+09:00,1123.9874267578125,1133.765095159818,1121.7652293937203,1133.765095159818,738800
2019-12-09 09:00:00+09:00,1146.20947265625,1148.4316701604303,1126.6541346194624,1131.9874086294953,1133600
2019-12-10 09:00:00+09:00,1146.20947265625,1156.4315811754798,1143.0983961503973,1152.4316256679551,1138000
2019-12-11 09:00:00+09:00,1138.2095947265625,1142.2095503503574,1129.7652439652175,1141.3206713228474,805600
2019-12-12 09:00:00+09:00,1141.3203125,1144.4313881181854,1130.6537675233644,1139.542555003894,1132800
2019-12-13 09:00:00+09:00,1144.431640625,1158.2092642597088,1135.5428511832524,1156.8759458434467,1739000
2019-12-16 09:00:00+09:00,1142.2093505859375,1153.320336486579,1136.431637917604,1150.2092604343993,880200
2019-12-17 09:00:00+09:00,1142.65380859375,1149.7648396857376,1137.7649747180085,1147.5426424694915,683600
2019-12-18 09:00:00+09:00,1127.098388671875,1133.7649800875208,1122.209554967068,1131.987222376682,1013400
2019-12-19 09:00:00+09:00,1115.9873046875,1124.4316530702408,1111.5429108018468,1123.098334904545,1178600
2019-12-20 09:00:00+09:00,1121.3206787109375,1129.7650278569968,1117.7651632810177,1129.3205884282568,504200
2019-12-23 09:00:00+09:00,1132.431884765625,1138.2095984634088,1126.6541710678412,1131.987445250411,567400
2019-12-24 09:00:00+09:00,1141.3203125,1143.986948744159,1134.2092825155764,1134.2092825155764,479200
2019-12-25 09:00:00+09:00,1129.3206787109375,1146.6538178174808,1126.6540419253156,1146.6538178174808,384200
2019-12-26 09:00:00+09:00,1140.876220703125,1142.6539787408392,1131.0985514956965,1131.0985514956965,680000
2019-12-27 09:00:00+09:00,1139.542724609375,1143.0982401307772,1133.3205724469212,1140.876042929901,514200
2019-12-30 09:00:00+09:00,1133.320556640625,1148.8759368298101,1131.9872383386949,1148.8759368298101,534600
2020-01-06 09:00:00+09:00,1103.543212890625,1116.876397097922,1102.6543339434718,1113.3208813093095,979400
2020-01-07 09:00:00+09:00,1131.5428466796875,1134.6539228488775,1103.5431611569772,1103.5431611569772,870200
2020-01-08 09:00:00+09:00,1130.6539306640625,1135.5427644837578,1111.0985953852817,1111.0985953852817,980200
2020-01-09 09:00:00+09:00,1166.6534423828125,1168.4312000093005,1135.5426839192708,1135.9871233258928,1190800
2020-01-10 09:00:00+09:00,1172.875732421875,1179.542324307562,1167.9868983723711,1179.0978848485163,1093600
2020-01-14 09:00:00+09:00,1175.986572265625,1176.8754510050549,1158.653436846744,1173.7643754170504,942600
2020-01-15 09:00:00+09:00,1189.31982421875,1190.6531424073362,1168.4311725975688,1172.431127163327,1053600
2020-01-16 09:00:00+09:00,1188.430908203125,1199.097453377723,1180.4309993221766,1198.6530139954482,1130000
2020-01-17 09:00:00+09:00,1177.7646484375,1191.5422726267689,1171.54249557783,1190.2089541568396,891600
2020-01-20 09:00:00+09:00,1165.3201904296875,1172.875660771909,1164.875750997792,1171.9867819081182,496800
2020-01-21 09:00:00+09:00,1153.7645263671875,1159.5422377858213,1149.7645723081332,1159.5422377858213,761000
2020-01-22 09:00:00+09:00,1155.54248046875,1156.43135929988,1147.9870104041468,1153.3202833909254,645400
2020-01-23 09:00:00+09:00,1159.5426025390625,1160.8759209781645,1135.542870635226,1143.542781269838,896600
2020-01-24 09:00:00+09:00,1154.6536865234375,1157.7647626611065,1148.4315342480995,1152.8759287304838,525000
2020-01-27 09:00:00+09:00,1157.7647705078125,1164.4313622765715,1135.9872373965331,1149.7648603853017,1041200
2020-01-28 09:00:00+09:00,1156.8760986328125,1158.6538567559517,1143.098473178484,1153.765021917319,686800
2020-01-29 09:00:00+09:00,1159.5426025390625,1159.5426025390625,1147.0982971074436,1155.5426472217564,669200
2020-01-30 09:00:00+09:00,1162.653564453125,1170.2090348643264,1155.9869729138295,1159.5424884014537,1502600
2020-01-31 09:00:00+09:00,1179.54248046875,1189.3201498622361,1175.0980852898927,1179.9869199866357,1081000
2020-02-03 09:00:00+09:00,1175.986572265625,1186.6531171387826,1157.764558107314,1163.0978305438928,1378800
2020-02-04 09:00:00+09:00,1177.320068359375,1179.097826106992,1159.986930320109,1167.9868401843855,1530200
2020-02-05 09:00:00+09:00,1258.2081298828125,1259.0970088159688,1203.9865149602751,1226.6529277557622,3386200
2020-02-06 09:00:00+09:00,1261.319091796875,1275.0967140117104,1244.8748330243295,1264.43016778087,2299200
2020-02-07 09:00:00+09:00,1245.3193359375,1272.8745817719487,1245.3193359375,1266.6524294867504,1013400
2020-02-10 09:00:00+09:00,1254.2081298828125,1257.7636454884334,1241.3193858124364,1247.541538122273,836400
2020-02-12 09:00:00+09:00,1240.8748779296875,1251.5414241583094,1234.6527259629913,1251.0969847321169,939200
2020-02-13 09:00:00+09:00,1245.3193359375,1251.541488222698,1235.0972286118174,1246.2082148353854,790000
2020-02-14 09:00:00+09:00,1227.9862060546875,1244.4304657810803,1225.7640087943641,1243.541586876951,1138800
2020-02-17 09:00:00+09:00,1220.4306640625,1227.9861343061498,1211.986314966656,1227.9861343061498,589800
2020-02-18 09:00:00+09:00,1223.9862060546875,1224.875084926187,1207.0975074961987,1221.3195694401893,1230800
2020-02-19 09:00:00+09:00,1231.9862060546875,1244.430511166351,1223.986295625761,1229.764008713319,1082800
2020-02-20 09:00:00+09:00,1242.208251953125,1247.985964752907,1233.7639024765206,1235.541660261069,868400
2020-02-21 09:00:00+09:00,1251.5416259765625,1263.0970529209483,1245.7639125043695,1252.8749444701455,1122800
2020-02-25 09:00:00+09:00,1238.20849609375,1242.652891269966,1213.7643226245625,1219.5420363536432,1715200
2020-02-26 09:00:00+09:00,1241.763916015625,1242.2083554988087,1223.097457721904,1230.2084894528455,1441200
2020-02-27 09:00:00+09:00,1238.6527099609375,1242.2082254541874,1225.7639662979066,1234.6527550310313,1460200
2020-02-28 09:00:00+09:00,1223.5419921875,1229.7641454350935,1209.7643671392573,1218.6531574929622,2358400
2020-03-02 09:00:00+09:00,1243.0970458984375,1250.6525159664652,1196.4309072429724,1208.4307714686634,2761000
2020-03-03 09:00:00+09:00,1239.5416259765625,1265.763553525009,1225.7640030273787,1265.3191140750353,1856800
2020-03-04 09:00:00+09:00,1234.208251953125,1238.6526460905147,1205.7641294738307,1223.5417060233897,1546400
2020-03-05 09:00:00+09:00,1244.430419921875,1250.208132585798,1224.4306453159877,1233.7638734654017,1907800
2020-03-06 09:00:00+09:00,1228.875,1246.208137432188,1222.6528481012658,1236.8749095840867,1731200
2020-03-09 09:00:00+09:00,1259.096923828125,1283.0966534033876,1214.2085407336524,1218.652935099442,4933000
2020-03-10 09:00:00+09:00,1236.8748779296875,1281.318818926083,1221.3194985809491,1271.096712496912,4009800
2020-03-11 09:00:00+09:00,1181.3199462890625,1223.54169004281,1178.208870433523,1214.6529018841263,3150200
2020-03-12 09:00:00+09:00,1148.8759765625,1166.2091150870406,1115.5430178614604,1162.653599492263,3131200
2020-03-13 09:00:00+09:00,1052.8770751953125,1099.543218249558,1040.432770380847,1075.543487535946,4397800
2020-03-16 09:00:00+09:00,1041.3216552734375,1081.7656461526021,1033.3217449896467,1066.6547045054417,2042600
2020-03-17 09:00:00+09:00,1079.98779296875,1086.6543842833719,1013.7663192435056,1027.0995018727494,3476800
2020-03-18 09:00:00+09:00,1077.3211669921875,1139.5426865379409,1075.5434092908802,1092.876546878626,2924800
2020-03-19 09:00:00+09:00,1102.209716796875,1175.0977787140876,1086.654337729177,1109.3207472278225,2767400
2020-03-23 09:00:00+09:00,1138.2095947265625,1176.4313929094926,1116.8764980663223,1133.3207600752573,3222800
2020-03-24 09:00:00+09:00,1114.209716796875,1158.2092229647612,1067.0991344353,1147.5426760149705,3116200
2020-03-25 09:00:00+09:00,1152.4315185546875,1152.875958014215,1094.6543888161186,1136.4316980116992,2763000
2020-03-26 09:00:00+09:00,1221.763916015625,1231.5415828589657,1171.9867029949812,1191.5420366816627,3255200
2020-03-27 09:00:00+09:00,1310.2073974609375,1310.2073974609375,1185.76436106709,1221.319514322475,3660200
2020-03-30 09:00:00+09:00,1374.21826171875,1407.7903690897292,1289.6165511438824,1297.2262288146376,2745600
2020-03-31 09:00:00+09:00,1367.50390625,1412.2667182385435,1349.5987814545826,1369.7420468494272,2342400
2020-04-01 09:00:00+09:00,1306.62646484375,1360.789466640973,1295.435761993084,1354.0750449305733,1839000
2020-04-02 09:00:00+09:00,1287.825927734375,1333.0363617632843,1280.6638787793004,1302.5976537042168,2059000
2020-04-03 09:00:00+09:00,1276.635498046875,1318.264916461447,1262.7590252420177,1286.9309456117692,1848800
2020-04-06 09:00:00+09:00,1331.2459716796875,1341.541417997318,1295.883351719131,1298.1214922229638,1989600
2020-04-07 09:00:00+09:00,1299.911865234375,1342.8841582999742,1278.873346754342,1337.5126216667743,2574000
2020-04-08 09:00:00+09:00,1294.5404052734375,1310.207388048185,1274.3971417059047,1299.464314145501,1994000
2020-04-09 09:00:00+09:00,1248.434814453125,1288.7213448585683,1243.5109051813486,1287.8260886273363,2012400
2020-04-10 09:00:00+09:00,1247.0921630859375,1270.368829446479,1233.663317108702,1268.5783166495144,1915600
2020-04-13 09:00:00+09:00,1234.5582275390625,1252.463350491043,1230.0819468010673,1239.9297644246567,831400
2020-04-14 09:00:00+09:00,1231.87255859375,1245.7490300023278,1230.0820461539336,1234.5583272534748,1352800
2020-04-15 09:00:00+09:00,1243.063232421875,1243.9584886209545,1209.0434968568543,1222.024711743507,2482600
2020-04-16 09:00:00+09:00,1270.3685302734375,1277.9782078684511,1238.139307518086,1240.3774479872077,2108000
2020-04-17 09:00:00+09:00,1252.015625,1298.5689410529137,1247.0917165713263,1298.5689410529137,2164000
2020-04-20 09:00:00+09:00,1226.0533447265625,1239.0345594023822,1219.7865514347875,1229.6343694647196,1405800
2020-04-21 09:00:00+09:00,1245.301513671875,1247.0920262724096,1218.8914528139883,1225.6058750659934,1704800
2020-04-22 09:00:00+09:00,1256.4920654296875,1264.996999253401,1240.825082070215,1245.7489911260493,1842200
2020-04-23 09:00:00+09:00,1271.2637939453125,1271.2637939453125,1252.4634138940087,1253.3586700869278,1428400
2020-04-24 09:00:00+09:00,1243.5107421875,1276.187590344335,1233.2152968778123,1267.235029205476,1913400
2020-04-27 09:00:00+09:00,1247.53955078125,1256.9397411531215,1231.8725668281306,1253.3587162495514,1609400
2020-04-28 09:00:00+09:00,1238.1395263671875,1238.5871545401328,1205.9102979151132,1229.186962908278,1849600
2020-04-30 09:00:00+09:00,1202.3289794921875,1249.7775542599356,1202.3289794921875,1239.482108791462,1990200
2020-05-01 09:00:00+09:00,1224.2630615234375,1225.158317875557,1203.6721654246885,1209.0437035374057,2357000
2020-05-07 09:00:00+09:00,1227.396240234375,1246.6442483780943,1217.100794017967,1246.6442483780943,1589600
2020-05-08 09:00:00+09:00,1220.234375,1238.1395015590608,1211.2818117204695,1230.9774509354365,1402600
2020-05-11 09:00:00+09:00,1207.7005615234375,1227.8438251515156,1206.3576772815657,1223.367544345276,1485800
2020-05-12 09:00:00+09:00,1241.2725830078125,1248.4346318098771,1213.0720158496833,1218.4435524512319,1705600
2020-05-13 09:00:00+09:00,1296.3311767578125,1302.5979711205919,1230.082207779858,1242.615796505417,3408800
2020-05-14 09:00:00+09:00,1341.9888916015625,1354.0748489308628,1309.7596720567617,1315.5788366967952,2448600
2020-05-15 09:00:00+09:00,1327.6649169921875,1339.7508754408689,1294.0928101902946,1329.4554293549552,2240400
2020-05-18 09:00:00+09:00,1349.5986328125,1363.0274749300372,1339.3031871890546,1342.8842117537313,733400
2020-05-19 09:00:00+09:00,1313.3406982421875,1347.3604300303286,1303.9405091954643,1341.0936373325133,1563400
2020-05-20 09:00:00+09:00,1311.102783203125,1322.7411144982023,1296.3310550209117,1302.597848795184,1092600
2020-05-21 09:00:00+09:00,1297.22607421875,1306.626263162364,1291.406909634608,1302.149982713024,948400
2020-05-22 09:00:00+09:00,1290.51171875,1299.4642801010232,1283.3496696691814,1297.2261397632674,690200
2020-05-25 09:00:00+09:00,1286.0355224609375,1311.102695888648,1279.3211010070863,1309.7598115978778,776800
2020-05-26 09:00:00+09:00,1295.4356689453125,1298.5690655184353,1273.9495210153282,1285.5878511440696,999000
2020-05-27 09:00:00+09:00,1276.1878662109375,1286.4833137461362,1264.9971623683302,1276.1878662109375,1702000
2020-05-28 09:00:00+09:00,1289.1689453125,1290.0642015245226,1269.9209367540147,1284.245036146376,1282200
2020-05-29 09:00:00+09:00,1358.5513916015625,1358.5513916015625,1297.2263370218543,1305.283643462984,2691400
2020-06-01 09:00:00+09:00,1354.074951171875,1369.741934077996,1341.5413648469782,1363.0275128325154,1005400
2020-06-02 09:00:00+09:00,1351.8369140625,1358.5513358210885,1329.4555082005381,1358.5513358210885,1128400
2020-06-03 09:00:00+09:00,1340.198486328125,1358.5512378109083,1330.3506684593144,1356.3130973861787,1107600
2020-06-04 09:00:00+09:00,1349.5986328125,1358.5511942241915,1321.3980643656716,1333.9316503420398,1121800
2020-06-05 09:00:00+09:00,1360.7896728515625,1365.2659546701532,1342.8845455771998,1342.8845455771998,983000
2020-06-08 09:00:00+09:00,1339.3033447265625,1360.789494641962,1332.5889228780002,1360.789494641962,1021200
2020-06-09 09:00:00+09:00,1354.074951171875,1360.7893724173553,1334.826943601498,1360.7893724173553,670200
2020-06-10 09:00:00+09:00,1358.5513916015625,1360.789532279654,1342.8844068549217,1356.3132509234708,637600
2020-06-11 09:00:00+09:00,1360.7896728515625,1385.4092228538111,1354.0752501236766,1356.3133910329718,1083200
2020-06-12 09:00:00+09:00,1369.7421875,1396.5998774509803,1356.3133425245098,1376.456609987745,2162400
2020-06-15 09:00:00+09:00,1341.0938720703125,1374.2183535566953,1332.5889376346197,1354.075087787949,1292800
2020-06-16 09:00:00+09:00,1374.21826171875,1398.8378071241348,1356.3131377875611,1387.6471046671415,1584600
2020-06-17 09:00:00+09:00,1378.6947021484375,1396.5998281503653,1371.9802798977146,1389.8854058996424,796000
2020-06-18 09:00:00+09:00,1398.8377685546875,1398.8377685546875,1374.218223828125,1383.1707855468749,662800
2020-06-19 09:00:00+09:00,1421.219482421875,1421.219482421875,1378.6948049950788,1392.1236504982776,1546000
2020-06-22 09:00:00+09:00,1394.361572265625,1412.2666967891,1383.170869438453,1412.2666967891,697600
2020-06-23 09:00:00+09:00,1394.361572265625,1398.8378533964938,1360.789463784109,1396.5997128310594,804200
2020-06-24 09:00:00+09:00,1383.171142578125,1392.1237066077567,1371.9804375410852,1383.171142578125,620400
2020-06-25 09:00:00+09:00,1383.171142578125,1401.0762706373887,1374.218578548493,1392.1237066077567,928000
2020-06-26 09:00:00+09:00,1410.0284423828125,1414.5047231522817,1385.4088981507316,1389.8851789202008,842200
2020-06-29 09:00:00+09:00,1389.88525390625,1407.790377950131,1389.88525390625,1394.3615349172203,616200
2020-06-30 09:00:00+09:00,1403.3140869140625,1416.7429298510392,1389.8852439770858,1405.5522274035586,712400
2020-07-01 09:00:00+09:00,1403.3140869140625,1407.7903678930547,1387.6471034875897,1403.3140869140625,486200
2020-07-02 09:00:00+09:00,1396.5997314453125,1423.4574185884917,1380.932747278458,1403.3141532311072,1311000
2020-07-03 09:00:00+09:00,1412.2667236328125,1416.7430048487645,1394.361598769005,1410.0285830248365,657400
2020-07-06 09:00:00+09:00,1412.2667236328125,1416.7430048487645,1396.599739376981,1412.2667236328125,677600
2020-07-07 09:00:00+09:00,1396.5997314453125,1416.7429968026968,1387.6471690642527,1405.552293826372,633200
2020-07-08 09:00:00+09:00,1394.361572265625,1414.5048373545344,1389.8852911347562,1403.3141345273625,625800
2020-07-09 09:00:00+09:00,1371.97998046875,1389.8851025629588,1369.7418402069738,1383.1706817776305,533200
2020-07-10 09:00:00+09:00,1360.7896728515625,1376.4566592166298,1358.551531942267,1367.5040955794484,863800
2020-07-13 09:00:00+09:00,1405.5521240234375,1414.5046853229499,1365.265598175632,1380.9325804497785,808000
2020-07-14 09:00:00+09:00,1389.88525390625,1427.9336424994967,1380.9326918843096,1412.266658961101,889600
2020-07-15 09:00:00+09:00,1385.408935546875,1412.2666208886562,1371.9800928759844,1394.3614973274687,827000
2020-07-16 09:00:00+09:00,1339.3033447265625,1376.456478955274,1339.3033447265625,1371.980197722899,1215000
2020-07-17 09:00:00+09:00,1345.12255859375,1356.3132620762271,1337.9605083649647,1354.0751213797316,730600
2020-07-20 09:00:00+09:00,1331.69384765625,1347.3608340992648,1325.8746812631302,1345.1226931788342,960000
2020-07-21 09:00:00+09:00,1327.6649169921875,1349.5986934360908,1326.7696608108038,1329.0078012642632,953000
2020-07-22 09:00:00+09:00,1313.7886962890625,1325.4270288626624,1298.1217101322934,1322.2936316313085,1014000
2020-07-27 09:00:00+09:00,1305.28369140625,1311.102857383027,1286.4833090197403,1286.9309371718,1076800
2020-07-28 09:00:00+09:00,1310.6551513671875,1315.131432621857,1292.3023982230432,1297.6739357286465,1003400
2020-07-29 09:00:00+09:00,1302.150146484375,1313.7884771164113,1296.3309811683569,1305.7311712942324,814600
2020-07-30 09:00:00+09:00,1306.62646484375,1309.3122335279097,1294.092877651004,1298.121530677244,952800
2020-07-31 09:00:00+09:00,1339.3033447265625,1351.8369321772122,1308.8646323464134,1316.9219385646882,2288200
2020-08-03 09:00:00+09:00,1374.21826171875,1401.0759476155333,1369.7419807359527,1378.694542701547,2267800
2020-08-04 09:00:00+09:00,1407.7904052734375,1414.5048269202107,1354.0750320992522,1374.2182970395718,2009000
2020-08-05 09:00:00+09:00,1369.7421875,1387.6473141339868,1324.9793709150326,1356.3133425245098,1912800
2020-08-06 09:00:00+09:00,1345.12255859375,1378.6946690411814,1334.827111389871,1371.980246951695,1282800
2020-08-07 09:00:00+09:00,1332.1412353515625,1360.7894339612735,1325.4268138024115,1360.7894339612735,1223800
2020-08-11 09:00:00+09:00,1342.8843994140625,1349.5988214111328,1333.9318367513022,1341.9891431477865,677000
2020-08-12 09:00:00+09:00,1325.8743896484375,1356.3130994715616,1318.7123402782906,1351.83681861522,1440600
2020-08-13 09:00:00+09:00,1349.5986328125,1351.8367731654228,1326.321973142102,1339.7508152596392,1081600
2020-08-14 09:00:00+09:00,1354.074951171875,1356.3130915870352,1328.1125223560175,1356.3130915870352,1318000
2020-08-17 09:00:00+09:00,1327.6649169921875,1360.7893957033884,1327.6649169921875,1360.7893957033884,712400
2020-08-18 09:00:00+09:00,1335.7222900390625,1338.8556868320495,1322.7410747538304,1328.5602402265206,599200
2020-08-19 09:00:00+09:00,1339.7508544921875,1347.360531914963,1332.141177069412,1347.360531914963,575800
2020-08-20 09:00:00+09:00,1298.1214599609375,1328.1125419669315,1298.1214599609375,1320.5028644430226,1405400
2020-08-21 09:00:00+09:00,1289.61669921875,1309.3123378045275,1271.7115732316797,1298.1216340626086,1635400
2020-08-24 09:00:00+09:00,1295.88330078125,1305.2834905278496,1289.6165076168502,1293.1975322822216,633000
2020-08-25 09:00:00+09:00,1264.9969482421875,1279.7686748140177,1261.4159236187134,1273.5018817229382,1654600
2020-08-26 09:00:00+09:00,1264.5494384765625,1277.5306539511892,1262.3112978774889,1273.5020008728568,1043200
2020-08-27 09:00:00+09:00,1269.4732666015625,1277.0829441517128,1263.6541014161533,1269.0256385103771,849000
2020-08-28 09:00:00+09:00,1244.853759765625,1269.0256774309769,1233.6630571427768,1259.1778591228706,1419400
2020-08-31 09:00:00+09:00,1238.587158203125,1252.0160034312037,1234.5585046347014,1243.063439945818,1810600
2020-09-01 09:00:00+09:00,1222.024658203125,1223.8151705228365,1203.6719069260816,1216.2054931640625,1975000
2020-09-02 09:00:00+09:00,1229.6343994140625,1231.8725399299235,1214.4150439062073,1225.1581183823403,1433400
2020-09-03 09:00:00+09:00,1231.87255859375,1239.9298645729243,1218.8913434050803,1238.5869802430618,1751800
2020-09-04 09:00:00+09:00,1224.2630615234375,1234.1108813967521,1215.758126178302,1216.2057543543617,998400
2020-09-07 09:00:00+09:00,1210.3863525390625,1226.5009637415055,1210.3863525390625,1222.9199390298515,931000
2020-09-08 09:00:00+09:00,1221.1295166015625,1221.1295166015625,1202.329135480864,1217.5484916261914,983000
2020-09-09 09:00:00+09:00,1216.2056884765625,1218.891457387442,1203.2244720739786,1206.3578691366713,1001800
2020-09-10 09:00:00+09:00,1229.6343994140625,1233.2154242394402,1218.8913249379293,1223.8152340728236,889400
2020-09-11 09:00:00+09:00,1235.9010009765625,1246.1964457510865,1228.291324404088,1245.7488177174116,1344800
2020-09-14 09:00:00+09:00,1239.0347900390625,1242.6158154437996,1228.291713824851,1242.6158154437996,883400
2020-09-15 09:00:00+09:00,1226.0533447265625,1239.482187494652,1220.2341795270572,1234.558278479686,925000
2020-09-16 09:00:00+09:00,1237.69189453125,1239.9300353893534,1223.815421211008,1233.6632409866636,653400
2020-09-17 09:00:00+09:00,1247.987060546875,1248.4346886173726,1226.0532850925003,1226.0532850925003,964600
2020-09-18 09:00:00+09:00,1258.730224609375,1261.8636213278194,1242.1679848118831,1243.0632410171531,1638800
2020-09-23 09:00:00+09:00,1252.9110107421875,1257.8349196804384,1240.8250524392083,1253.358638827483,895400
2020-09-24 09:00:00+09:00,1252.9110107421875,1255.1491511686652,1243.0631928656858,1244.853705206868,682600
2020-09-25 09:00:00+09:00,1278.8734130859375,1283.7973219217602,1255.149125058792,1265.8921988824052,1677600
2020-09-28 09:00:00+09:00,1303.9405517578125,1304.835807886723,1274.8447275682288,1288.7211975663379,1534200
2020-09-29 09:00:00+09:00,1281.83984375,1289.5074290222553,1254.3267436554363,1289.5074290222553,1202400
2020-09-30 09:00:00+09:00,1255.22900390625,1294.017970609785,1255.22900390625,1293.1159016166794,1158600
2020-10-02 09:00:00+09:00,1238.9915771484375,1263.798470757161,1232.2260607096946,1263.798470757161,1195400
2020-10-05 09:00:00+09:00,1252.9737548828125,1262.8965132008188,1225.4606522737947,1231.3241003707985,804400
2020-10-06 09:00:00+09:00,1249.8165283203125,1266.50480386988,1246.2082525258113,1262.896528075379,741200
2020-10-07 09:00:00+09:00,1237.638671875,1248.01246540748,1232.226257858054,1240.344878883473,922400
2020-10-08 09:00:00+09:00,1243.9530029296875,1250.2674851780614,1236.7364517886886,1238.5405895739382,764400
2020-10-09 09:00:00+09:00,1235.3834228515625,1239.8937675863256,1228.6179057494182,1239.4427331128493,864600
2020-10-12 09:00:00+09:00,1227.7159423828125,1244.8552538488475,1225.4607698214922,1237.638701652622,601400
2020-10-13 09:00:00+09:00,1226.3626708984375,1227.2647397994292,1219.1461196905025,1223.656464195462,552000
2020-10-14 09:00:00+09:00,1230.873046875,1239.8937361155643,1223.6564954825485,1229.5199434889153,583200
2020-10-15 09:00:00+09:00,1222.75439453125,1248.9143926436855,1222.75439453125,1237.6385313883254,684400
2020-10-16 09:00:00+09:00,1211.0274658203125,1228.1667744613449,1206.5171214410934,1221.4012578925162,628000
2020-10-19 09:00:00+09:00,1213.282958984375,1221.4015810147537,1206.517440625726,1208.7726134119423,391200
2020-10-20 09:00:00+09:00,1192.5350341796875,1217.7929622863678,1188.4757243053996,1211.0274458292213,743800
2020-10-21 09:00:00+09:00,1192.083984375,1200.2026040188705,1178.5529516352155,1179.0039860598752,607400
2020-10-22 09:00:00+09:00,1183.965576171875,1199.7517838541667,1183.0635071614583,1197.0455768229167,353800
2020-10-23 09:00:00+09:00,1172.689697265625,1188.4759047288162,1172.689697265625,1182.612456242488,456000
2020-10-26 09:00:00+09:00,1187.122802734375,1188.0248717334132,1173.5917677488007,1183.5145267382218,509400
2020-10-27 09:00:00+09:00,1202.0068359375,1204.2620082375704,1186.2206298370074,1194.3392501172607,649600
2020-10-28 09:00:00+09:00,1199.7515869140625,1210.1253788309887,1194.339173740014,1194.339173740014,1035800
2020-10-29 09:00:00+09:00,1187.122802734375,1198.8496997218726,1180.357285241588,1184.4165957372602,627200
2020-10-30 09:00:00+09:00,1185.318603515625,1186.671706944296,1175.8468795149295,1184.8675690394014,840800
2020-11-02 09:00:00+09:00,1201.10498046875,1206.0663604106037,1187.1229097235262,1188.0249788038632,780200
2020-11-04 09:00:00+09:00,1235.3834228515625,1239.8937675863256,1210.5765268103664,1223.656526541179,1666000
2020-11-05 09:00:00+09:00,1285.8992919921875,1304.391705521363,1259.2882578892275,1262.8965336997983,2645800
2020-11-06 09:00:00+09:00,1264.70068359375,1301.2344765221003,1250.267580214649,1263.3475801519594,1421600
2020-11-09 09:00:00+09:00,1304.8428955078125,1323.7863457709745,1275.976685582994,1278.6828927634456,1756800
2020-11-10 09:00:00+09:00,1282.2911376953125,1303.4897600912605,1271.4663092378073,1282.7421722143752,1319400
2020-11-11 09:00:00+09:00,1303.48974609375,1311.157332835478,1291.3118142098292,1291.3118142098292,1385800
2020-11-12 09:00:00+09:00,1340.0234375,1346.3379202078424,1318.8248169808144,1326.04136864692,2177400
2020-11-13 09:00:00+09:00,1353.103271484375,1359.8687878417968,1333.2577568359375,1349.49499609375,1552200
2020-11-16 09:00:00+09:00,1357.6138916015625,1366.6345819112073,1344.5338906525774,1353.10354644674,760800
2020-11-17 09:00:00+09:00,1340.925537109375,1357.613813218708,1335.0620887466364,1353.1034683242935,847400
2020-11-18 09:00:00+09:00,1355.358642578125,1362.1241599287646,1331.9048490959078,1333.7089870560785,826600
2020-11-19 09:00:00+09:00,1366.634521484375,1375.655211395163,1355.35865909589,1366.634521484375,822800
2020-11-20 09:00:00+09:00,1351.2994384765625,1366.6346123444541,1340.023575338407,1364.379439716823,621800
2020-11-24 09:00:00+09:00,1340.925537109375,1364.3793305603294,1340.0234681304921,1350.8482958770865,898200
2020-11-25 09:00:00+09:00,1292.6646728515625,1326.0412205804585,1292.2136384227936,1325.1391517229206,1438800
2020-11-26 09:00:00+09:00,1297.1751708984375,1300.7834467562914,1281.839998502559,1294.0179295228154,1815600
2020-11-27 09:00:00+09:00,1305.293701171875,1307.5488734268367,1284.9971508772192,1297.1750810540127,1719800
2020-11-30 09:00:00+09:00,1278.2318115234375,1325.590435450735,1277.780777009844,1324.237331909955,1003000
2020-12-01 09:00:00+09:00,1283.1929931640625,1297.6260953718831,1279.5847176121074,1291.3116131559616,640200
2020-12-02 09:00:00+09:00,1252.9737548828125,1270.1130647048237,1250.2675480688108,1265.1516855458203,1017000
2020-12-03 09:00:00+09:00,1237.1873779296875,1245.7570316594229,1226.3625521658112,1237.6384123365156,1632000
2020-12-04 09:00:00+09:00,1234.932373046875,1238.54064878989,1228.166856028722,1232.6772007074906,1201600
2020-12-07 09:00:00+09:00,1235.83447265625,1250.7186104656137,1234.9324036981068,1242.1489553632528,699000
2020-12-08 09:00:00+09:00,1229.06884765625,1248.4633285550458,1229.06884765625,1243.952984159977,884600
2020-12-09 09:00:00+09:00,1261.0924072265625,1265.1517175502531,1229.9710280782676,1231.3241315194978,939800
2020-12-10 09:00:00+09:00,1254.7779541015625,1264.700712904666,1249.3655402089605,1253.875885119462,594000
2020-12-11 09:00:00+09:00,1257.9351806640625,1259.7393186069296,1237.1875943210912,1254.3269047783283,868400
2020-12-14 09:00:00+09:00,1268.3089599609375,1288.6055115961587,1266.5048220378067,1280.937925422853,932400
2020-12-15 09:00:00+09:00,1263.3475341796875,1283.1930506037884,1263.3475341796875,1271.4661545350016,696800
2020-12-16 09:00:00+09:00,1273.2701416015625,1278.6825545307934,1257.03290281387,1259.288074867716,899000
2020-12-17 09:00:00+09:00,1270.56396484375,1276.4274123208422,1261.5432764174543,1276.4274123208422,593200
2020-12-18 09:00:00+09:00,1260.190185546875,1271.9170806163877,1254.777772437869,1271.9170806163877,765800
2020-12-21 09:00:00+09:00,1243.9530029296875,1262.4454152284973,1239.8936929128756,1255.6798985338107,508200
2020-12-22 09:00:00+09:00,1239.4429931640625,1242.600235140827,1231.7754055062062,1235.834716619189,487200
2020-12-23 09:00:00+09:00,1251.6207275390625,1260.1903829708615,1248.0124515677787,1252.973831028294,652600
2020-12-24 09:00:00+09:00,1271.466064453125,1275.5253743431847,1263.7984791052345,1267.4067545630653,771800
2020-12-25 09:00:00+09:00,1289.95849609375,1291.7626338505245,1277.3295317963286,1279.584703992297,578200
2020-12-28 09:00:00+09:00,1294.9200439453125,1305.7448718988783,1293.5669404511168,1299.430388925965,857200
2020-12-29 09:00:00+09:00,1306.196044921875,1306.196044921875,1288.605697631836,1294.920181274414,618600
2020-12-30 09:00:00+09:00,1307.549072265625,1315.216659098504,1296.7242437956786,1308.000106785206,670000
2021-01-04 09:00:00+09:00,1328.29638671875,1334.159834266235,1303.94052767535,1317.0205260505093,721000
2021-01-05 09:00:00+09:00,1315.667724609375,1329.6497950457447,1312.5104828979368,1329.6497950457447,714800
2021-01-06 09:00:00+09:00,1295.822021484375,1313.863400133653,1293.5668491532153,1310.7061588700292,782800
2021-01-07 09:00:00+09:00,1300.33251953125,1313.8635551143016,1296.7242433757697,1306.6470028033407,620200
2021-01-08 09:00:00+09:00,1328.29638671875,1328.29638671875,1288.6053571665427,1300.7832866882427,945600
2021-01-12 09:00:00+09:00,1316.1185302734375,1321.9819781464857,1290.860600974153,1308.4509445932974,808600
2021-01-13 09:00:00+09:00,1331.002685546875,1331.4537200048712,1316.1185484329994,1318.3737207229806,763400
2021-01-14 09:00:00+09:00,1342.729736328125,1357.6138751587694,1328.7476665175197,1336.8662876978713,765200
2021-01-15 09:00:00+09:00,1339.572265625,1347.6908854166666,1332.355714699074,1344.9846788194445,714000
2021-01-18 09:00:00+09:00,1339.1214599609375,1357.6138748677743,1337.317321921246,1352.652495258623,644400
2021-01-19 09:00:00+09:00,1315.216552734375,1355.358621730726,1314.3144837681648,1352.6524148320957,914000
2021-01-20 09:00:00+09:00,1284.9970703125,1312.9612045207748,1284.5460358897858,1310.25499798449,854600
2021-01-21 09:00:00+09:00,1285.4483642578125,1302.58767578125,1283.644226202714,1291.762847450658,698000
2021-01-22 09:00:00+09:00,1290.8607177734375,1299.4303731325206,1263.3476137258556,1279.5848554588547,787400
2021-01-25 09:00:00+09:00,1319.726806640625,1323.7861167088977,1292.2137050667775,1297.626118491141,866800
2021-01-26 09:00:00+09:00,1344.5338134765625,1349.044158372492,1321.0800200177293,1327.8455373616237,889400
2021-01-27 09:00:00+09:00,1353.103271484375,1362.1239599609373,1340.0232731933593,1353.103271484375,712200
2021-01-28 09:00:00+09:00,1366.634521484375,1371.144866439769,1333.709003309999,1344.9848656984839,1145800
2021-01-29 09:00:00+09:00,1371.1448974609375,1400.4621403342799,1364.3793798747815,1373.4000699896562,1356800
2021-02-01 09:00:00+09:00,1326.041259765625,1362.124015133397,1323.3350531130422,1339.5722930285397,1263000
2021-02-02 09:00:00+09:00,1314.7655029296875,1327.845502787307,1308.4510202398021,1310.255158151198,1028400
2021-02-03 09:00:00+09:00,1400.4619140625,1413.992947048611,1342.2784722222223,1353.103298611111,1789000
2021-02-04 09:00:00+09:00,1353.103271484375,1386.9308532714842,1347.2398239746094,1382.420509033203,1042200
2021-02-05 09:00:00+09:00,1331.4537353515625,1338.670286762682,1306.646839875839,1338.670286762682,1402000
2021-02-08 09:00:00+09:00,1333.708984375,1352.65243291871,1317.922777255242,1320.1779497009215,1004000
2021-02-09 09:00:00+09:00,1326.9432373046875,1334.1597878814634,1319.275652316863,1334.1597878814634,893200
2021-02-10 09:00:00+09:00,1315.667724609375,1317.0208281999915,1296.724274340745,1308.0001375958818,957200
2021-02-12 09:00:00+09:00,1293.115966796875,1315.6676927612432,1289.0566561232886,1303.038726221197,1321200
2021-02-15 09:00:00+09:00,1299.4302978515625,1300.783401250922,1281.8399536598893,1286.8013327908739,981200
2021-02-16 09:00:00+09:00,1304.3916015625,1312.5102214892377,1291.311602791645,1293.1157405531424,745400
2021-02-17 09:00:00+09:00,1280.48681640625,1296.2730223147455,1280.0357819517214,1293.1157811330463,823200
2021-02-18 09:00:00+09:00,1272.3682861328125,1288.1544931567928,1267.4069067824187,1280.4869068880025,855800
2021-02-19 09:00:00+09:00,1287.2523193359375,1288.6054226849242,1267.8578380004626,1273.270251396409,701600
2021-02-22 09:00:00+09:00,1266.0538330078125,1284.5462473837729,1261.0924535410916,1274.6234884503308,1204400
2021-02-24 09:00:00+09:00,1252.9737548828125,1285.4482366508337,1248.0123757238093,1280.03582302283,1073000
2021-02-25 09:00:00+09:00,1283.1929931640625,1289.0564409359897,1264.2495465162979,1266.0536842922754,1183800
2021-02-26 09:00:00+09:00,1250.718505859375,1283.1929856364666,1250.2674714180264,1283.1929856364666,1029600
2021-03-01 09:00:00+09:00,1284.546142578125,1293.566831781623,1264.2495918702543,1284.9971770383,1038800
2021-03-02 09:00:00+09:00,1276.8785400390625,1284.5461257616566,1271.0150921335494,1284.0950913073864,696600
2021-03-03 09:00:00+09:00,1277.7806396484375,1285.4482255552584,1267.406846950974,1285.4482255552584,632200
2021-03-04 09:00:00+09:00,1289.507568359375,1289.507568359375,1271.9172237752493,1288.1544649298269,685600
2021-03-05 09:00:00+09:00,1298.0772705078125,1301.2345119579704,1280.035890792624,1292.664856593256,1119400
2021-03-08 09:00:00+09:00,1296.2730712890625,1321.9820361684908,1289.0565197439598,1307.9999675498543,978400
2021-03-09 09:00:00+09:00,1327.8453369140625,1327.8453369140625,1299.881202780682,1307.0977535247803,867800
2021-03-10 09:00:00+09:00,1327.39453125,1331.4538417431193,1308.9021167813455,1322.4331517584098,834600
2021-03-11 09:00:00+09:00,1334.159912109375,1344.9847389824733,1326.492326407597,1340.02335999897,710200
2021-03-12 09:00:00+09:00,1339.1214599609375,1339.1214599609375,1308.9021477961066,1338.6704254510146,1151800
2021-03-15 09:00:00+09:00,1330.5518798828125,1345.4360195560778,1329.6498108117055,1335.0622252383475,898200
2021-03-16 09:00:00+09:00,1311.608154296875,1322.8840153207477,1308.9019476511455,1322.8840153207477,1030800
2021-03-17 09:00:00+09:00,1306.196044921875,1311.1574249267578,1296.7243194580078,1308.9022521972656,882600
2021-03-18 09:00:00+09:00,1306.196044921875,1314.3146667480469,1289.9588012695312,1295.3712158203125,992200
2021-03-19 09:00:00+09:00,1305.293701171875,1308.9019767798138,1294.4688743480585,1295.8219777010356,1020600
2021-03-22 09:00:00+09:00,1294.01806640625,1298.9794462356222,1284.5463412774486,1294.469100936193,807600
2021-03-23 09:00:00+09:00,1292.2138671875,1308.4511094977095,1291.7628326788831,1300.7835228512217,725200
2021-03-24 09:00:00+09:00,1296.72412109375,1303.9406727241849,1289.056534986413,1297.1751555706521,917600
2021-03-25 09:00:00+09:00,1300.783447265625,1306.195861054525,1288.1544817581917,1303.9406886424833,813400
2021-03-26 09:00:00+09:00,1314.314453125,1314.314453125,1297.1751431666094,1300.7834189473233,814600
2021-03-29 09:00:00+09:00,1338.67041015625,1340.4745481753287,1326.4924785274702,1335.9642031276323,1430600
2021-03-30 09:00:00+09:00,1336.393798828125,1338.2151191672435,1310.439983995688,1335.4831386585658,1009200
2021-03-31 09:00:00+09:00,1297.2352294921875,1317.2697504109858,1297.2352294921875,1314.0824402648134,939600
2021-04-01 09:00:00+09:00,1294.048095703125,1310.4399786888084,1292.682105454318,1299.5120566983528,644800
2021-04-02 09:00:00+09:00,1263.08544921875,1299.967180071929,1258.5321491134193,1299.967180071929,1691000
2021-04-05 09:00:00+09:00,1280.387939453125,1282.2092594238975,1267.1833696650237,1273.1026595700346,989400
2021-04-06 09:00:00+09:00,1282.66455078125,1304.975719751176,1280.8432308653378,1291.7711503608116,1033400
2021-04-07 09:00:00+09:00,1301.78857421875,1305.431214510373,1283.5753727606352,1284.9413628699938,866800
2021-04-08 09:00:00+09:00,1265.817626953125,1294.9587521779451,1263.9963066265736,1294.0480920146695,1267600
2021-04-09 09:00:00+09:00,1291.771484375,1299.9674261158352,1272.1922902163376,1274.0136106031898,1028800
2021-04-12 09:00:00+09:00,1281.2987060546875,1294.958606972115,1278.5667258712022,1288.583986543982,487800
2021-04-13 09:00:00+09:00,1263.5408935546875,1281.298765572213,1261.2642432960304,1273.5581546927788,871400
2021-04-14 09:00:00+09:00,1254.4342041015625,1265.3621245728646,1252.6128840230122,1261.2641543961263,708800
2021-04-15 09:00:00+09:00,1272.1922607421875,1274.0135810868435,1258.0770280711038,1258.0770280711038,643600
2021-04-16 09:00:00+09:00,1266.728271484375,1280.3881737649397,1263.540960952243,1279.4775136129022,630800
2021-04-19 09:00:00+09:00,1261.26416015625,1271.2814206340254,1260.353500112816,1269.460100547157,618600
2021-04-20 09:00:00+09:00,1248.9700927734375,1265.81730146196,1246.6934429506641,1265.81730146196,911000
2021-04-21 09:00:00+09:00,1248.5150146484375,1253.0683152124361,1236.221103125641,1242.1403938588394,869600
2021-04-22 09:00:00+09:00,1264.4512939453125,1265.8172838199382,1241.6847960348819,1248.0594154498024,1105400
2021-04-23 09:00:00+09:00,1281.7540283203125,1288.1286487098273,1261.2641770683003,1263.5408272074128,1025000
2021-04-26 09:00:00+09:00,1260.80908203125,1277.6562962006817,1257.6217712424386,1275.379645637245,1006000
2021-04-27 09:00:00+09:00,1265.362060546875,1277.2006404584326,1261.2640905774897,1266.72805053667,717600
2021-04-28 09:00:00+09:00,1259.4429931640625,1268.549594705379,1255.8003525475358,1265.817614242984,649800
2021-04-30 09:00:00+09:00,1257.6217041015625,1272.1922669296762,1254.8897235712911,1264.9069855156192,666200
2021-05-06 09:00:00+09:00,1270.8260498046875,1284.030620010469,1268.094069762112,1279.47731993951,720000
2021-05-07 09:00:00+09:00,1268.549560546875,1277.6561618429762,1263.9962598988245,1270.8262108709002,893600
2021-05-10 09:00:00+09:00,1285.85205078125,1295.4139817537734,1271.2814892993094,1276.2901198087266,853200
2021-05-11 09:00:00+09:00,1258.076904296875,1279.9327462824886,1253.0682738418386,1279.9327462824886,935200
2021-05-12 09:00:00+09:00,1305.886474609375,1325.4656651282742,1290.4052541990825,1292.2265742473521,2264600
2021-05-13 09:00:00+09:00,1306.3421630859375,1323.1893781553624,1283.5756562353636,1299.9675411677767,1326800
2021-05-14 09:00:00+09:00,1322.73388671875,1324.09987696321,1302.6993631333369,1309.0739842741502,909600
2021-05-17 09:00:00+09:00,1302.243896484375,1320.001767800071,1299.0565862482244,1315.9037974964488,512200
2021-05-18 09:00:00+09:00,1306.7972412109375,1310.4398816045568,1299.5119604236988,1302.2439407189133,774800
2021-05-19 09:00:00+09:00,1288.583984375,1295.4139348222172,1278.1113936892668,1292.6819546433303,669800
2021-05-20 09:00:00+09:00,1286.7625732421875,1295.4138431967529,1277.6559732900134,1284.485923254144,370400
2021-05-21 09:00:00+09:00,1298.6014404296875,1306.3420521012529,1292.2268190531042,1302.2440812163065,615400
2021-05-24 09:00:00+09:00,1302.6993408203125,1309.0739618519392,1286.7627882412453,1289.0394386096837,514600
2021-05-25 09:00:00+09:00,1302.243896484375,1308.618516956676,1295.413945978338,1299.967246315696,507600
2021-05-26 09:00:00+09:00,1299.5120849609375,1306.3420363535142,1294.5034539397145,1297.6907645895838,572800
2021-05-27 09:00:00+09:00,1279.9326171875,1290.8605370781083,1277.6559672102899,1285.3965771328042,980000
2021-05-28 09:00:00+09:00,1294.50341796875,1298.146058610238,1286.7628066055884,1287.2181366857744,732600
2021-05-31 09:00:00+09:00,1280.8433837890625,1308.6185158228816,1277.6560735556734,1297.2352649893492,624800
2021-06-01 09:00:00+09:00,1268.0941162109375,1287.2179772094507,1265.817466092067,1282.6646769717095,532400
2021-06-02 09:00:00+09:00,1280.8433837890625,1283.5753639891104,1261.7195223887281,1275.379423388967,843000
2021-06-03 09:00:00+09:00,1291.771484375,1294.9587950519915,1271.2816300229115,1278.1115814736077,557200
2021-06-04 09:00:00+09:00,1289.4947509765625,1295.4140418532204,1282.664799965034,1287.2181006393864,379000
2021-06-07 09:00:00+09:00,1304.0650634765625,1309.9843532199966,1295.4137938515435,1301.3330835949776,521600
2021-06-08 09:00:00+09:00,1310.8951416015625,1312.2611316761734,1299.9672210046756,1301.3332110792865,311200
2021-06-09 09:00:00+09:00,1312.2611083984375,1312.2611083984375,1298.601207894637,1302.699178045777,785600
2021-06-10 09:00:00+09:00,1310.4398193359375,1314.0824595564684,1299.056568646779,1303.154538894876,1293800
2021-06-11 09:00:00+09:00,1329.563720703125,1330.0190507444618,1297.2352877682201,1315.9038194630243,1343200
2021-06-14 09:00:00+09:00,1320.9127197265625,1337.759934697222,1306.342155427614,1334.1172936224848,588600
2021-06-15 09:00:00+09:00,1342.3128662109375,1342.7681962198287,1320.0016957752741,1324.0996658552938,719800
2021-06-16 09:00:00+09:00,1329.1082763671875,1345.9554864478953,1325.4656363497372,1335.0275663955442,798600
2021-06-17 09:00:00+09:00,1329.563720703125,1343.2236219432257,1324.0997602070847,1330.0190507444618,568800
2021-06-18 09:00:00+09:00,1333.2064208984375,1348.232312937252,1326.831800033486,1347.3216528136875,832200
2021-06-21 09:00:00+09:00,1293.592529296875,1315.903699284748,1287.6732393000925,1314.993039285243,802200
2021-06-22 09:00:00+09:00,1335.938232421875,1344.5895025023167,1316.359042239823,1316.359042239823,1106800
2021-06-23 09:00:00+09:00,1335.0277099609375,1345.5003011373024,1323.1891286311338,1335.0277099609375,563800
2021-06-24 09:00:00+09:00,1331.8404541015625,1334.5724345202325,1320.912532426883,1325.4658331246662,515800
2021-06-25 09:00:00+09:00,1335.938232421875,1345.955492515018,1332.295592388005,1343.2235124896154,642600
2021-06-28 09:00:00+09:00,1346.410888671875,1347.3215487250857,1328.197687607663,1336.8489581131637,511000
2021-06-29 09:00:00+09:00,1350.053466796875,1357.794076893181,1343.6788467175643,1346.4108267515546,663000
2021-06-30 09:00:00+09:00,1329.1082763671875,1351.874776476252,1326.831626356281,1344.13416643917,567000
2021-07-01 09:00:00+09:00,1314.5379638671875,1330.0191868569639,1305.4313621084955,1330.0191868569639,408600
2021-07-02 09:00:00+09:00,1318.180419921875,1325.0103702841645,1307.7078293663644,1307.7078293663644,453200
2021-07-05 09:00:00+09:00,1326.3763427734375,1332.2956330089523,1316.3590823748739,1321.3677125741558,314800
2021-07-06 09:00:00+09:00,1326.3763427734375,1335.9382731538847,1319.091062483573,1334.1169530814184,248000
2021-07-07 09:00:00+09:00,1318.6358642578125,1324.5551550849368,1305.4312924126893,1305.4312924126893,448200
2021-07-08 09:00:00+09:00,1327.742431640625,1335.9383725766784,1313.6272000285335,1317.72517049656,707600
2021-07-09 09:00:00+09:00,1319.5465087890625,1322.7338191967656,1300.8779764010876,1317.2698584978461,857800
2021-07-12 09:00:00+09:00,1343.678955078125,1348.68758554436,1335.0276842728101,1342.3129649509701,555800
2021-07-13 09:00:00+09:00,1354.151611328125,1357.7942518427938,1345.5003401057866,1350.0536407491225,553600
2021-07-14 09:00:00+09:00,1368.266845703125,1370.5434960287541,1350.0536430980917,1353.6962836190985,455400
2021-07-15 09:00:00+09:00,1372.8201904296875,1384.2034424233002,1368.2668896322425,1370.543540030965,731200
2021-07-16 09:00:00+09:00,1345.9556884765625,1361.436910874466,1343.6790381239296,1360.526250733413,712600
2021-07-19 09:00:00+09:00,1343.2237548828125,1350.0537061788268,1327.7425319451802,1336.8491336731993,504800
2021-07-20 09:00:00+09:00,1375.0968017578125,1379.6501024258846,1343.223697081307,1348.2323278161862,1086400
2021-07-21 09:00:00+09:00,1379.6500244140625,1379.6500244140625,1354.1515421146607,1360.0708326484505,620000
2021-07-26 09:00:00+09:00,1372.8201904296875,1402.4166456130804,1365.9902392335198,1400.139995214358,621000
2021-07-27 09:00:00+09:00,1388.756591796875,1388.756591796875,1375.096690893955,1379.6499911949284,358400
2021-07-28 09:00:00+09:00,1372.8201904296875,1377.3734912271325,1361.8922685158193,1375.09684082841,469200
2021-07-29 09:00:00+09:00,1365.990234375,1379.65013671875,1365.990234375,1365.990234375,335000
2021-07-30 09:00:00+09:00,1364.6241455078125,1370.5434360956008,1353.696224422665,1363.7134854173835,594600
2021-08-02 09:00:00+09:00,1379.6500244140625,1388.7566252352774,1370.5434235928476,1372.8200737981513,464800
2021-08-03 09:00:00+09:00,1365.534912109375,1386.4800958229566,1358.2496308176944,1386.4800958229566,655800
2021-08-04 09:00:00+09:00,1197.973388671875,1240.7744143408815,1188.4114574053947,1228.9358327728585,5519200
2021-08-05 09:00:00+09:00,1213.909912109375,1224.8378332986567,1195.2413800776853,1202.0713308209865,2584400
2021-08-06 09:00:00+09:00,1191.5987548828125,1208.901296986575,1184.76880405238,1206.169316654402,1841600
2021-08-10 09:00:00+09:00,1174.7515869140625,1192.964789811955,1172.474936551826,1185.2241785803508,1890800
2021-08-11 09:00:00+09:00,1183.8580322265625,1191.1433124248797,1176.1174220158503,1182.9473722017729,1240800
2021-08-12 09:00:00+09:00,1187.0455322265625,1192.5094932494696,1182.9475614593823,1186.5902021413203,1103600
2021-08-13 09:00:00+09:00,1179.760009765625,1182.9473197109585,1174.7513798515292,1180.2153397578154,1343800
2021-08-16 09:00:00+09:00,1166.555419921875,1175.2066896246524,1158.814810187811,1173.3853696872256,1463200
2021-08-17 09:00:00+09:00,1179.760009765625,1184.3133096875301,1161.0914800858138,1168.376759960862,960800
2021-08-18 09:00:00+09:00,1195.2413330078125,1197.9733131975445,1177.4834617745535,1179.3047819010417,1196200
2021-08-19 09:00:00+09:00,1202.9820556640625,1206.169366182476,1187.9561632201132,1190.6881436644676,1115800
2021-08-20 09:00:00+09:00,1190.2327880859375,1215.7312716868605,1186.59014757152,1208.4459906580253,1583600
2021-08-23 09:00:00+09:00,1199.3392333984375,1207.0798434849119,1189.7773032916161,1190.6879633017898,920400
2021-08-24 09:00:00+09:00,1238.953125,1244.8724159316428,1217.552611631753,1219.3739319184124,2148600
2021-08-25 09:00:00+09:00,1240.3189697265625,1249.425570091662,1237.1316595987776,1240.3189697265625,1162600
2021-08-26 09:00:00+09:00,1238.953125,1242.5957655733187,1223.4719025633958,1233.9444942116868,924200
2021-08-27 09:00:00+09:00,1235.765869140625,1244.8724709765913,1225.7486071210622,1239.4085098750115,894400
2021-08-30 09:00:00+09:00,1282.66455078125,1286.7625205920529,1259.898051832346,1274.9239411386227,2106200
2021-08-31 09:00:00+09:00,1276.7454833984375,1282.2094440977176,1258.0769510092307,1274.0135030487975,1477200
2021-09-01 09:00:00+09:00,1287.218017578125,1289.494667768394,1267.1834959037571,1277.656086778995,959000
2021-09-02 09:00:00+09:00,1306.7972412109375,1308.1632313585449,1284.4860688000192,1284.4860688000192,1146400
2021-09-03 09:00:00+09:00,1312.716552734375,1313.1718827908212,1293.5926903636348,1302.2439614361124,1008800
2021-09-06 09:00:00+09:00,1307.2525634765625,1316.3591644063888,1303.609923104632,1316.3591644063888,905600
2021-09-07 09:00:00+09:00,1316.814453125,1328.6530339622234,1303.154552158973,1314.9931329961964,1007400
2021-09-08 09:00:00+09:00,1315.448486328125,1320.4571167710496,1298.1459447980217,1314.9931562878592,994600
2021-09-09 09:00:00+09:00,1338.6702880859375,1347.7768886851616,1320.0017568575283,1325.0103871871015,1227600
2021-09-10 09:00:00+09:00,1348.232177734375,1351.4194878472222,1334.116947234623,1342.3128875248017,1443000
2021-09-13 09:00:00+09:00,1352.78564453125,1354.1516347478753,1332.751121354079,1343.223713014873,608000
2021-09-14 09:00:00+09:00,1357.7940673828125,1358.704727387764,1348.6874673332966,1356.883407377861,827800
2021-09-15 09:00:00+09:00,1343.678955078125,1354.15154605298,1339.5809846966602,1354.15154605298,784600
2021-09-16 09:00:00+09:00,1354.6070556640625,1356.4283760750395,1330.0192301158745,1343.223803095457,772000
2021-09-17 09:00:00+09:00,1363.2581787109375,1368.266809294044,1353.2409175447249,1356.8835579688023,1520800
2021-09-21 09:00:00+09:00,1356.8834228515625,1368.2666730432702,1336.3935725064885,1340.4915425755034,852600
2021-09-22 09:00:00+09:00,1334.1170654296875,1360.0708786479443,1334.1170654296875,1359.1602185350228,675400
2021-09-24 09:00:00+09:00,1360.9814453125,1365.079415539269,1345.500224455817,1355.9728150353378,866600
2021-09-27 09:00:00+09:00,1342.3128662109375,1360.5260665665812,1340.491546175373,1350.053476362086,811200
2021-09-28 09:00:00+09:00,1340.036376953125,1343.2236873977977,1325.4658149203353,1343.2236873977977,856200
2021-09-29 09:00:00+09:00,1346.465576171875,1347.3840383657166,1330.8517188765668,1339.5771097180625,896800
2021-09-30 09:00:00+09:00,1343.7100830078125,1355.6500905806774,1333.147768616432,1346.924700431276,1333000
2021-10-01 09:00:00+09:00,1319.8302001953125,1343.7102177353809,1315.2378891299147,1343.7102177353809,732400
2021-10-04 09:00:00+09:00,1328.5555419921875,1329.9332352607587,1310.1862984112377,1315.237840395999,746000
2021-10-05 09:00:00+09:00,1320.7486572265625,1339.1179014160837,1308.808648503374,1313.8601906554923,1070000
2021-10-06 09:00:00+09:00,1336.362548828125,1344.1694778075332,1313.8602241227718,1323.504077567923,915200
2021-10-07 09:00:00+09:00,1340.4954833984375,1354.272415396366,1340.4954833984375,1347.8431804639993,583200
2021-10-08 09:00:00+09:00,1341.4140625,1355.6502268058882,1338.199444753509,1348.7617602062649,974600
2021-10-11 09:00:00+09:00,1351.5172119140625,1354.2725986865682,1325.800268704009,1330.8518111202695,701600
2021-10-12 09:00:00+09:00,1325.80029296875,1345.088000729293,1324.4225995572826,1340.954920494891,848400
2021-10-13 09:00:00+09:00,1323.0447998046875,1335.9032706115363,1316.1563333010185,1325.800186406155,707200
2021-10-14 09:00:00+09:00,1327.6370849609375,1334.0663202391988,1314.778614404415,1329.474009326155,652800
2021-10-15 09:00:00+09:00,1342.7916259765625,1345.08778128774,1320.2893039270236,1322.585459238201,774000
2021-10-18 09:00:00+09:00,1322.58544921875,1343.250846862793,1317.5339075724285,1340.495460510254,708200
2021-10-19 09:00:00+09:00,1327.1778564453125,1331.3109362750731,1317.5340035092047,1318.9116967857915,690400
2021-10-20 09:00:00+09:00,1314.3194580078125,1324.881773708085,1305.5940667771526,1318.911769181844,871200
2021-10-21 09:00:00+09:00,1283.091796875,1301.4610423563886,1277.5810232305835,1301.0018112193538,623200
2021-10-22 09:00:00+09:00,1277.12158203125,1278.4992752157498,1263.3446501862527,1264.2631123092526,700400
2021-10-25 09:00:00+09:00,1247.2718505859375,1268.8557154524835,1245.8941570838176,1263.804172611377,718800
2021-10-26 09:00:00+09:00,1275.743896484375,1278.040051805621,1254.1600364646608,1261.966964556898,1083000
2021-10-27 09:00:00+09:00,1283.091796875,1289.9802639305208,1269.3148627639584,1275.7440986824445,658000
2021-10-28 09:00:00+09:00,1274.3663330078125,1279.4178752287444,1262.8855552329674,1276.2032574517877,575200
2021-10-29 09:00:00+09:00,1276.6624755859375,1276.6624755859375,1244.9755292494522,1268.8555467783976,669400
2021-11-01 09:00:00+09:00,1301.4609375,1301.4609375,1292.2763154992942,1298.246319799753,837400
2021-11-02 09:00:00+09:00,1278.0401611328125,1295.03171196354,1274.3663123045471,1288.6024765140755,1178000
2021-11-04 09:00:00+09:00,1289.5208740234375,1313.8601212895494,1255.5377740669794,1313.8601212895494,2295400
2021-11-05 09:00:00+09:00,1272.070068359375,1295.0316219398692,1264.722371213617,1293.6539287250396,981000
2021-11-08 09:00:00+09:00,1250.027099609375,1283.0917400105047,1249.5678684926927,1279.8771221937282,928200
2021-11-09 09:00:00+09:00,1223.3916015625,1245.434693482545,1222.0139083174972,1234.4131475225226,999200
2021-11-10 09:00:00+09:00,1209.6146240234375,1222.473093830824,1205.9407755070413,1216.5030899916803,1210200
2021-11-11 09:00:00+09:00,1216.0440673828125,1228.9025393944132,1209.614831377012,1210.0740625202836,1033600
2021-11-12 09:00:00+09:00,1222.47314453125,1232.5762283703514,1210.0739052741712,1210.0739052741712,1147800
2021-11-15 09:00:00+09:00,1224.7694091796875,1235.3317250443793,1215.5847866886513,1230.2801826743093,977200
2021-11-16 09:00:00+09:00,1235.331787109375,1248.6494903904797,1233.4948625188777,1235.331787109375,728000
2021-11-17 09:00:00+09:00,1217.421630859375,1243.5978032316814,1217.421630859375,1235.3316435351635,941200
2021-11-18 09:00:00+09:00,1210.0738525390625,1220.6361670014528,1200.8892312674188,1216.9623184927952,946800
2021-11-19 09:00:00+09:00,1207.318603515625,1209.1555279789427,1191.2455144615942,1195.8378256198887,901600
2021-11-22 09:00:00+09:00,1225.687744140625,1229.3615927555088,1199.970803836438,1201.80772814388,725400
2021-11-24 09:00:00+09:00,1225.687744140625,1246.8123736762072,1216.962353680276,1230.7392859860904,1173000
2021-11-25 09:00:00+09:00,1209.155517578125,1231.6578420602093,1207.318593130608,1231.19861094833,928400
2021-11-26 09:00:00+09:00,1232.5762939453125,1237.1686050255857,1210.9924318680287,1231.1986006212305,1242200
2021-11-29 09:00:00+09:00,1216.0440673828125,1240.3833179761996,1210.533293663555,1237.6279311165708,1108600
2021-11-30 09:00:00+09:00,1194.4600830078125,1226.1470286931408,1194.0008519109238,1216.0439445615868,1180600
2021-12-01 09:00:00+09:00,1198.1339111328125,1205.0223774674205,1189.408520442309,1189.408520442309,878800
2021-12-02 09:00:00+09:00,1206.859375,1212.8293795186455,1181.601663574962,1181.601663574962,1008400
2021-12-03 09:00:00+09:00,1223.3916015625,1223.3916015625,1203.1854339691254,1213.7477488474804,764600
2021-12-06 09:00:00+09:00,1219.7177734375,1233.4947061193996,1216.5031558117234,1222.0139288844832,736800
2021-12-07 09:00:00+09:00,1228.443115234375,1232.1169638033002,1204.563099536361,1216.9623384564836,1013600
2021-12-08 09:00:00+09:00,1207.7777099609375,1227.5246459032646,1202.7261682082492,1226.146952697986,1430400
2021-12-09 09:00:00+09:00,1201.3485107421875,1219.7177540257073,1200.4300485780116,1216.5031364510912,996000
2021-12-10 09:00:00+09:00,1204.563232421875,1214.6663171009757,1197.6747655952154,1202.7263079347658,1118000
2021-12-13 09:00:00+09:00,1210.992431640625,1222.473209339152,1207.7778138850374,1216.0439738279767,638600
2021-12-14 09:00:00+09:00,1232.116943359375,1234.87232974035,1217.4215493275076,1220.6361667719787,1072800
2021-12-15 09:00:00+09:00,1234.8724365234375,1241.7609030715414,1225.2285833560918,1227.5247388721266,1005600
2021-12-16 09:00:00+09:00,1259.670654296875,1260.5891163124031,1242.21987600184,1252.7821891804138,1028000
2021-12-17 09:00:00+09:00,1241.301513671875,1260.1299865022659,1233.953816957576,1258.2930623236912,1164400
2021-12-20 09:00:00+09:00,1242.2200927734375,1245.4347103887476,1230.2800844879996,1233.9539331912113,831200
2021-12-21 09:00:00+09:00,1237.6279296875,1255.0787131116651,1227.984075689935,1249.1087082560296,1010400
2021-12-22 09:00:00+09:00,1224.7694091796875,1233.954031670724,1223.8509469305839,1229.8209515497576,710400
2021-12-23 09:00:00+09:00,1224.31005859375,1230.7392937101463,1218.3400545570964,1229.820831550661,549600
2021-12-24 09:00:00+09:00,1221.5546875,1221.5546875,1209.6146792763159,1217.4216077302633,481200
2021-12-27 09:00:00+09:00,1213.7476806640625,1220.1769154462406,1207.7776769377542,1219.7176843903708,599800
2021-12-28 09:00:00+09:00,1232.116943359375,1234.4130986768544,1219.258473581491,1220.6361667719787,538600
2021-12-29 09:00:00+09:00,1234.4132080078125,1244.516292299543,1227.9839725494385,1235.7909013203212,1294200
2021-12-30 09:00:00+09:00,1222.9326171875,1236.7095524167996,1222.01415483888,1233.4949341966296,677000
2022-01-04 09:00:00+09:00,1234.8724365234375,1238.087054245886,1220.6362723240227,1227.5247388721266,701600
2022-01-05 09:00:00+09:00,1242.2200927734375,1247.2716347403534,1229.3616223121967,1229.820853400098,717600
2022-01-06 09:00:00+09:00,1232.5762939453125,1247.2716894021867,1227.0655206489848,1242.220147213886,664200
2022-01-07 09:00:00+09:00,1226.146728515625,1239.4644270650456,1221.5544186709972,1228.442883437939,615200
2022-01-11 09:00:00+09:00,1212.829345703125,1230.7393587597028,1205.4816480388881,1230.280127655688,621000
2022-01-12 09:00:00+09:00,1206.859375,1212.8293795186455,1197.2155215468038,1212.3701484018266,1225600
2022-01-13 09:00:00+09:00,1194.9193115234375,1205.4816267290635,1186.1939207013986,1205.4816267290635,1441400
2022-01-14 09:00:00+09:00,1182.9791259765625,1193.0822085741884,1168.2837331072883,1183.8975880308922,1347200
2022-01-17 09:00:00+09:00,1192.1639404296875,1192.623171531548,1182.060856188758,1189.4085538185248,784000
2022-01-18 09:00:00+09:00,1171.957763671875,1198.1339362930728,1169.20237708017,1193.0823942082802,872000
2022-01-19 09:00:00+09:00,1144.863037109375,1165.9876659529496,1139.352264367573,1164.609972767499,1172400
2022-01-20 09:00:00+09:00,1162.77294921875,1173.7944937611078,1148.0775564956064,1148.0775564956064,991200
2022-01-21 09:00:00+09:00,1170.580078125,1171.9577714299726,1146.7000608388093,1152.670065160357,945400
2022-01-24 09:00:00+09:00,1186.1939697265625,1186.1939697265625,1165.9878006719869,1167.365494016617,744800
2022-01-25 09:00:00+09:00,1206.859375,1209.6147617009133,1178.3870457572298,1180.6832013413243,1129000
2022-01-26 09:00:00+09:00,1209.6146240234375,1215.5846278625813,1203.185389119744,1211.910779346185,1108000
2022-01-27 09:00:00+09:00,1208.237060546875,1208.6962916607279,1189.4085848789077,1205.9409049776107,1083800
2022-01-28 09:00:00+09:00,1219.7177734375,1229.8208574042262,1210.0739205601703,1218.34008016931,1043200
2022-01-31 09:00:00+09:00,1208.6961669921875,1227.0654096516432,1194.4600039311094,1227.0654096516432,969000
2022-02-01 09:00:00+09:00,1206.4002685546875,1216.96258533305,1194.9194894477719,1207.7779620475173,1122400
2022-02-02 09:00:00+09:00,1163.232421875,1187.1124400106098,1134.3008614414725,1150.37395057121,3369600
2022-02-03 09:00:00+09:00,1199.9708251953125,1199.9708251953125,1171.4984979231697,1177.0092709435844,1830200
2022-02-04 09:00:00+09:00,1194.000732421875,1222.4730575796273,1187.5714977088342,1203.1853534405047,1230200
2022-02-07 09:00:00+09:00,1201.3485107421875,1201.8077418242756,1182.5200363765798,1187.1123471974597,755400
2022-02-08 09:00:00+09:00,1208.237060546875,1214.2070650269623,1192.6232026758778,1201.348593839082,852800
2022-02-09 09:00:00+09:00,1199.9708251953125,1215.5846820864876,1196.7562076000706,1202.2669806204854,1233400
2022-02-10 09:00:00+09:00,1221.5546875,1223.8508429276317,1198.5931332236842,1205.481599506579,1288400
2022-02-14 09:00:00+09:00,1223.3916015625,1227.5246812975086,1203.644665050793,1209.6146691124718,1074600
2022-02-15 09:00:00+09:00,1218.340087890625,1227.065478644459,1209.1554660444838,1224.3100920906168,1032600
2022-02-16 09:00:00+09:00,1224.31005859375,1231.6577558696315,1212.8292816001854,1218.3400545570964,1016600
2022-02-17 09:00:00+09:00,1198.593017578125,1220.6361075565733,1191.7045519598598,1216.9622592268317,1315000
2022-02-18 09:00:00+09:00,1209.155517578125,1210.5332109137628,1188.949348655437,1188.949348655437,939000
2022-02-21 09:00:00+09:00,1184.3570556640625,1196.297064755674,1176.0908955237162,1183.4385934262464,1231200
2022-02-22 09:00:00+09:00,1190.786376953125,1190.786376953125,1165.528663597004,1171.4986685720871,1153400
2022-02-24 09:00:00+09:00,1150.373779296875,1176.0907180755676,1148.0776240487776,1157.2622450411677,3095800
2022-02-25 09:00:00+09:00,1150.373779296875,1170.120714430514,1145.3222377510604,1148.536855098397,1982000
2022-02-28 09:00:00+09:00,1163.232421875,1167.824733054925,1145.3224082732925,1151.292412807195,1985400
2022-03-01 09:00:00+09:00,1164.6099853515625,1183.4384590895017,1160.4769057505514,1167.8246028190156,1393000
2022-03-02 09:00:00+09:00,1166.90625,1171.9577922077922,1149.455467827627,1158.6400900236126,1368400
2022-03-03 09:00:00+09:00,1159.099365234375,1170.1209122889015,1156.8032095980152,1170.1209122889015,811600
2022-03-04 09:00:00+09:00,1149.9146728515625,1163.2323747336293,1145.3223618577465,1157.72160154105,1161400
2022-03-07 09:00:00+09:00,1143.026123046875,1152.21074436505,1137.0561191900613,1146.2407405082363,1181000
2022-03-08 09:00:00+09:00,1116.85009765625,1143.4855029457494,1113.1762486508019,1134.76011155781,1123800
2022-03-09 09:00:00+09:00,1102.61376953125,1118.2276254929586,1101.236076358158,1109.961466454407,1150000
2022-03-10 09:00:00+09:00,1132.4639892578125,1141.1893809025403,1115.0132059683572,1123.738597613085,1389200
2022-03-11 09:00:00+09:00,1132.923095703125,1137.974637678291,1117.3092386889757,1119.1461630435815,1250600
2022-03-14 09:00:00+09:00,1132.4639892578125,1139.3524563457554,1122.3609041954962,1136.5970695105782,758200
2022-03-15 09:00:00+09:00,1154.96630859375,1158.6401576866924,1135.219369719185,1135.219369719185,660000
2022-03-16 09:00:00+09:00,1146.24072265625,1164.6099650065105,1143.485336303711,1157.7214991251628,844800
2022-03-17 09:00:00+09:00,1147.6185302734375,1159.5585389917685,1137.9746770778625,1158.180845678115,1023400
2022-03-18 09:00:00+09:00,1137.9747314453125,1155.884745378471,1137.9747314453125,1150.3739718605761,1917200
2022-03-22 09:00:00+09:00,1120.983154296875,1144.863172331876,1119.6054609487019,1138.4339367070681,1713400
2022-03-23 09:00:00+09:00,1124.6568603515625,1132.4637883327698,1116.8499323703552,1126.0345535247168,1392600
2022-03-24 09:00:00+09:00,1111.3392333984375,1120.0646240738797,1099.8584561939083,1115.013082103887,1497400
2022-03-25 09:00:00+09:00,1126.493896484375,1131.5454386210763,1112.7169633842807,1119.605429934328,1302600
2022-03-28 09:00:00+09:00,1132.4639892578125,1137.974762928167,1122.8201353346924,1129.2493712834391,821200
2022-03-29 09:00:00+09:00,1127.87158203125,1132.0046619328302,1120.983115528616,1132.0046619328302,1006000
2022-03-30 09:00:00+09:00,1124.159912109375,1132.047125690002,1113.4889760885267,1132.047125690002,1165000
2022-03-31 09:00:00+09:00,1099.1064453125,1118.5925030174915,1098.1785378027384,1113.952965468684,1507200
2022-04-01 09:00:00+09:00,1106.0657958984375,1107.9216109922268,1090.2913676012283,1104.2099808046482,794400
2022-04-04 09:00:00+09:00,1117.6646728515625,1119.5204879995104,1106.9937357508627,1113.025134981693,676000
2022-04-05 09:00:00+09:00,1113.025146484375,1117.2007306104106,1107.457700982994,1112.5611926925933,746600
2022-04-06 09:00:00+09:00,1089.827392578125,1107.921589389767,1089.827392578125,1103.2820517457562,1102000
2022-04-07 09:00:00+09:00,1107.4576416015625,1117.2006707065616,1085.187860790136,1090.291352226088,1221800
2022-04-08 09:00:00+09:00,1110.2413330078125,1117.200639315843,1098.6424891610948,1113.9529630387622,1350800
2022-04-11 09:00:00+09:00,1116.2728271484375,1119.0565499094062,1101.4263057566045,1114.880965767953,790800
2022-04-12 09:00:00+09:00,1106.99365234375,1117.6645886404417,1103.7459760795396,1113.952958624201,616000
2022-04-13 09:00:00+09:00,1107.921630859375,1113.9530300223448,1096.7867400969692,1101.8902316964052,734200
2022-04-14 09:00:00+09:00,1106.0657958984375,1116.736732687726,1103.2820732577536,1106.0657958984375,868000
2022-04-15 09:00:00+09:00,1090.7552490234375,1108.8494449876714,1087.9715265674015,1103.745953818272,599600
2022-04-18 09:00:00+09:00,1058.2784423828125,1078.6924061990526,1048.535414197789,1078.6924061990526,839600
2022-04-19 09:00:00+09:00,1057.8143310546875,1071.268987019857,1053.174794514974,1068.0213114420574,855800
2022-04-20 09:00:00+09:00,1067.093505859375,1067.5574595575747,1053.1748949133832,1058.74233929178,737000
2022-04-21 09:00:00+09:00,1063.8458251953125,1069.877223244828,1058.2783808419135,1062.9179178030793,1116400
2022-04-22 09:00:00+09:00,1069.87744140625,1074.5169793134758,1045.2878904979536,1052.7111511495148,1060000
2022-04-25 09:00:00+09:00,1071.2691650390625,1076.372656080825,1061.0621829555375,1068.0214889215772,922000
2022-04-26 09:00:00+09:00,1077.300537109375,1085.187750344026,1074.516814791263,1078.2284445487458,804800
2022-04-27 09:00:00+09:00,1075.44482421875,1094.4669285297805,1074.5169166913827,1075.9087779824335,2670800
2022-04-28 09:00:00+09:00,1106.5296630859375,1109.7773392459383,1083.33197622879,1085.1877911773618,1138000
2022-05-02 09:00:00+09:00,1097.2506103515625,1099.106425337358,1083.3319979580965,1087.9715354225852,851400
2022-05-06 09:00:00+09:00,1102.3541259765625,1106.0657560303557,1095.3948196257004,1099.1064496794936,947600
2022-05-09 09:00:00+09:00,1082.404296875,1101.8903579417595,1081.4763892051544,1101.4264041068368,887800
2022-05-10 09:00:00+09:00,1097.714599609375,1100.4983221781224,1081.9401717198066,1088.4355243802172,1085600
2022-05-11 09:00:00+09:00,1107.4576416015625,1122.3041621425136,1098.642520030373,1115.3448556389428,1500600
2022-05-12 09:00:00+09:00,1114.4168701171875,1118.5924537271187,1089.3633684576005,1097.250581943026,1441000
2022-05-13 09:00:00+09:00,1120.4483642578125,1125.5518557720304,1103.28207461908,1123.2320869019313,1265200
2022-05-16 09:00:00+09:00,1106.5296630859375,1119.52036772594,1103.281986925937,1116.7366453030825,984400
2022-05-17 09:00:00+09:00,1107.4576416015625,1121.3762546087041,1106.5297340677532,1111.633225503705,571000
2022-05-18 09:00:00+09:00,1094.0029296875,1107.4575882799247,1081.476178584208,1092.611068453801,944800
2022-05-19 09:00:00+09:00,1087.507568359375,1089.3633833224455,1071.2691874325071,1079.1564010255572,935200
2022-05-20 09:00:00+09:00,1067.093505859375,1080.0842094089674,1062.4539688773777,1072.6609502377717,977200
2022-05-23 09:00:00+09:00,1071.2691650390625,1082.4040545847263,1065.7017202662307,1074.980794887617,1009000
2022-05-24 09:00:00+09:00,1061.526123046875,1073.1249661745724,1058.2784469711196,1072.1970587243566,641600
2022-05-25 09:00:00+09:00,1062.4539794921875,1081.476081308423,1059.6702572751774,1078.228405388578,710600
2022-05-26 09:00:00+09:00,1057.8143310546875,1070.8050333658855,1057.8143310546875,1059.2061920166016,649800
2022-05-27 09:00:00+09:00,1046.2158203125,1058.278619127633,1041.1123285060976,1055.0309425235587,950000
2022-05-30 09:00:00+09:00,1056.4228515625,1060.1344821345247,1047.1437751324386,1049.463544239954,1818400
2022-05-31 09:00:00+09:00,1052.2470703125,1067.5575435577878,1050.3912553736773,1062.4540524760253,1208600
2022-06-01 09:00:00+09:00,1076.3726806640625,1080.5482643390524,1058.7424384807719,1058.7424384807719,788600
2022-06-02 09:00:00+09:00,1071.2691650390625,1078.6924247361717,1069.4133501147853,1078.6924247361717,704400
2022-06-03 09:00:00+09:00,1072.1973876953125,1078.6927418397238,1068.485756755649,1073.5892492976864,578200
2022-06-06 09:00:00+09:00,1070.3411865234375,1075.44467722641,1068.4853717223566,1068.4853717223566,562200
2022-06-07 09:00:00+09:00,1066.629638671875,1075.4447596526343,1066.1656849360456,1070.3412685585106,510200
2022-06-08 09:00:00+09:00,1073.125,1085.6517509727628,1070.3412775616084,1074.9808149589278,838600
2022-06-09 09:00:00+09:00,1068.4854736328125,1074.516872311591,1063.8459361875985,1068.4854736328125,849000
2022-06-10 09:00:00+09:00,1049.46337890625,1070.8052513331675,1049.46337890625,1069.877343836345,1171000
2022-06-13 09:00:00+09:00,1052.711181640625,1055.4949044655891,1038.3286137116434,1041.5762903407683,1019200
2022-06-14 09:00:00+09:00,1040.6483154296875,1048.9994833644778,1033.2250550432075,1045.2878531712377,956000
2022-06-15 09:00:00+09:00,1027.6575927734375,1042.9680670675789,1027.6575927734375,1041.1122520016224,836800
2022-06-16 09:00:00+09:00,1034.6168212890625,1044.3598496509776,1031.833098899944,1042.9679884564182,708000
2022-06-17 09:00:00+09:00,1045.2877197265625,1046.215627156413,1007.243515102693,1014.2028208265715,2109200
2022-06-20 09:00:00+09:00,1048.5355224609375,1059.206459193947,1041.5762158959312,1051.31924508694,890800
2022-06-21 09:00:00+09:00,1031.8330078125,1050.8551091255902,1029.049285669121,1050.8551091255902,1075600
2022-06-22 09:00:00+09:00,1052.2470703125,1055.9587001901455,1029.977291046627,1040.648226944858,1286000
2022-06-23 09:00:00+09:00,1063.3819580078125,1063.8459117416728,1048.5354385242829,1052.7110221290257,815600
2022-06-24 09:00:00+09:00,1070.80517578125,1071.7330832126029,1058.7423791736624,1069.8772683498971,925600
2022-06-27 09:00:00+09:00,1061.9901123046875,1075.908724523622,1059.2063898609006,1071.2691871173104,979000
2022-06-28 09:00:00+09:00,1091.21923828125,1095.8587758589765,1052.2471226283483,1055.4947989327568,1326400
2022-06-29 09:00:00+09:00,1086.1156005859375,1093.5388597099764,1079.6202488524034,1088.4353690621997,1877200
2022-06-30 09:00:00+09:00,1094.4669189453125,1104.6739016569686,1090.291335108726,1094.002965185692,1492800
2022-07-01 09:00:00+09:00,1110.7054443359375,1115.8089363525187,1102.8182294012213,1104.2100908602888,1428600
2022-07-04 09:00:00+09:00,1102.3541259765625,1115.8087849215626,1095.3948196257004,1115.3448311648385,986000
2022-07-05 09:00:00+09:00,1099.570556640625,1112.5612636389108,1094.467064605584,1106.9938177825027,595400
2022-07-06 09:00:00+09:00,1107.4576416015625,1109.3134566691815,1085.6518145570408,1086.1157683239455,886600
2022-07-07 09:00:00+09:00,1133.4390869140625,1140.3983936286393,1110.7053516464453,1114.8809356751913,1472000
2022-07-08 09:00:00+09:00,1120.9124755859375,1138.0787676375433,1116.7368910328441,1137.1508599590782,1755800
2022-07-11 09:00:00+09:00,1121.376220703125,1136.2227407951814,1116.2727294214806,1136.2227407951814,1299200
2022-07-12 09:00:00+09:00,1109.77734375,1122.7680484427258,1106.9936213158444,1117.6645573134406,889200
2022-07-13 09:00:00+09:00,1106.5296630859375,1117.6645527773683,1103.281986925937,1114.8808303545106,489200
2022-07-14 09:00:00+09:00,1091.21923828125,1103.2820359833386,1081.9401631257972,1102.3541284677933,967000
2022-07-15 09:00:00+09:00,1086.1156005859375,1101.4260725292677,1077.3004803761414,1094.9307207957336,799000
2022-07-19 09:00:00+09:00,1071.2691650390625,1086.5796381643502,1060.598229224468,1086.1156844332809,867600
2022-07-20 09:00:00+09:00,1084.723876953125,1087.9715532314278,1069.4134030696978,1072.1971255939573,937200
2022-07-21 09:00:00+09:00,1113.025146484375,1113.025146484375,1087.043734144598,1096.7867637720144,1347000
2022-07-22 09:00:00+09:00,1105.1378173828125,1127.407597078184,1101.8901411772374,1122.7680596416483,774200
2022-07-25 09:00:00+09:00,1121.84033203125,1132.9752236643144,1108.3856713079635,1113.0252094884072,1325800
2022-07-26 09:00:00+09:00,1107.921630859375,1120.4483829670814,1107.921630859375,1118.128614058247,786600
2022-07-27 09:00:00+09:00,1104.2100830078125,1122.768235663406,1101.4263601094735,1120.9124203978465,1040000
2022-07-28 09:00:00+09:00,1101.42626953125,1106.0658073136058,1093.5390553012453,1101.42626953125,873200
2022-07-29 09:00:00+09:00,1100.962158203125,1108.3854175926108,1094.4668062373248,1106.5296027452393,847400
2022-08-01 09:00:00+09:00,1111.169189453125,1116.272680511156,1102.3540685347077,1104.2098834649007,994400
2022-08-02 09:00:00+09:00,1097.2506103515625,1107.4575927734375,1081.94013671875,1107.4575927734375,1497800
2022-08-03 09:00:00+09:00,1164.059814453125,1175.194703072844,1138.542361366269,1159.8842312207305,3225800
2022-08-04 09:00:00+09:00,1136.686767578125,1168.6995785833865,1126.479784359056,1168.6995785833865,1693200
2022-08-05 09:00:00+09:00,1145.5018310546875,1146.8936923317892,1127.8715882113995,1137.1506633920774,917200
2022-08-08 09:00:00+09:00,1149.677490234375,1157.1007508654284,1137.1507379194727,1143.6460909716443,912400
2022-08-09 09:00:00+09:00,1159.88427734375,1173.3389349609374,1152.46101796875,1165.451721875,1124200
2022-08-10 09:00:00+09:00,1168.699462890625,1171.4831853111664,1154.3168970511613,1159.884341892244,937600
2022-08-12 09:00:00+09:00,1168.699462890625,1185.4017974138733,1158.9564344187302,1184.0099362036026,1610800
2022-08-15 09:00:00+09:00,1174.73095703125,1184.0100325212284,1166.8437428647685,1170.5553730607598,925400
2022-08-16 09:00:00+09:00,1168.235595703125,1182.1542088369986,1163.5960579918337,1182.1542088369986,557400
2022-08-17 09:00:00+09:00,1177.5146484375,1177.5146484375,1165.915804382757,1171.9472032912233,859200
2022-08-18 09:00:00+09:00,1182.154296875,1197.9287262681514,1177.9787126238716,1182.154296875,1457800
2022-08-19 09:00:00+09:00,1177.9786376953125,1187.25771321871,1171.0193310527643,1182.1542216808414,702800
2022-08-22 09:00:00+09:00,1171.947265625,1178.4426186411322,1158.492605805869,1175.6588959199328,535200
2022-08-23 09:00:00+09:00,1164.059814453125,1171.4830735329376,1158.956323835754,1171.4830735329376,704000
2022-08-24 09:00:00+09:00,1159.42041015625,1164.9878551029788,1154.316918955082,1163.1320401207358,674600
2022-08-25 09:00:00+09:00,1163.595947265625,1168.699438262404,1157.1005950879062,1159.4203637228059,721000
2022-08-26 09:00:00+09:00,1153.8529052734375,1165.9157020314228,1151.0691829446716,1165.9157020314228,694000
2022-08-29 09:00:00+09:00,1145.5018310546875,1147.821599849857,1139.9343859462808,1143.646016018552,724200
2022-08-30 09:00:00+09:00,1153.8529052734375,1156.1726738807424,1147.357553172984,1150.1412755017498,494000
2022-08-31 09:00:00+09:00,1155.7088623046875,1158.492584975835,1149.2135094053435,1152.92513963354,950400
2022-09-01 09:00:00+09:00,1151.5333251953125,1158.0286783591862,1145.0379720314388,1155.7089093720883,927000
2022-09-02 09:00:00+09:00,1152.925048828125,1162.668077409771,1151.0692338601923,1156.172725022007,804400
2022-09-05 09:00:00+09:00,1141.7900390625,1148.2853907678536,1135.2946873571466,1148.2853907678536,548200
2022-09-06 09:00:00+09:00,1135.7587890625,1151.069262934666,1132.975066540288,1144.573910382838,556800
2022-09-07 09:00:00+09:00,1125.0877685546875,1138.0784726864529,1123.2319536787209,1134.3668429345198,1059800
2022-09-08 09:00:00+09:00,1142.2540283203125,1145.5017042741072,1129.2633245051343,1134.3668152896687,1130800
2022-09-09 09:00:00+09:00,1150.1412353515625,1151.0691427620923,1138.5423927199413,1142.717976067325,1049400
2022-09-12 09:00:00+09:00,1139.470458984375,1155.2448871624974,1135.2948750548721,1155.2448871624974,914000
2022-09-13 09:00:00+09:00,1140.398193359375,1143.645869255842,1132.0470267684602,1134.3667952659364,611600
2022-09-14 09:00:00+09:00,1115.344970703125,1133.9031232938592,1111.1693863702098,1131.5833542200176,1145400
2022-09-15 09:00:00+09:00,1106.99365234375,1119.984357400592,1102.3541148234494,1118.5924961445019,886600
2022-09-16 09:00:00+09:00,1098.6424560546875,1105.1378084131188,1094.9308261355839,1100.0343172743515,1297600
2022-09-20 09:00:00+09:00,1100.4984130859375,1111.169350480953,1094.0030598889716,1102.3542282850706,681000
2022-09-21 09:00:00+09:00,1099.1064453125,1102.818075351546,1091.683185234408,1094.0029540088117,765200
2022-09-22 09:00:00+09:00,1092.14697265625,1104.2097684459961,1091.683018972029,1095.394648445797,747200
2022-09-26 09:00:00+09:00,1091.21923828125,1095.8587758589765,1085.1878394302057,1090.7552845234773,1170400
2022-09-27 09:00:00+09:00,1107.921630859375,1110.2413997682095,1095.8588325334354,1096.3227863152022,1062000
2022-09-28 09:00:00+09:00,1100.4984130859375,1100.4984130859375,1087.5077066920057,1096.7867826876713,1152400
2022-09-29 09:00:00+09:00,1117.3857421875,1121.138507064704,1096.2764397532274,1099.5601090207808,853200
2022-09-30 09:00:00+09:00,1118.7930908203125,1132.3968642516704,1116.9167082780561,1127.7059078960299,1432400
2022-10-03 09:00:00+09:00,1093.9310302734375,1114.5712383918042,1087.3636913266844,1111.7566645574814,975200
2022-10-04 09:00:00+09:00,1130.989501953125,1135.6804579960663,1103.3128612997718,1105.1892437169483,1481800
2022-10-05 09:00:00+09:00,1116.44775390625,1127.2369548893776,1113.16408404182,1124.4223807198662,1046800
2022-10-06 09:00:00+09:00,1104.7200927734375,1120.2002469396896,1104.7200927734375,1120.2002469396896,910600
2022-10-07 09:00:00+09:00,1095.8072509765625,1097.683633255632,1087.8326262905173,1091.1162952788889,825000
2022-10-11 09:00:00+09:00,1091.1163330078125,1096.2763844536792,1084.5489948039822,1096.2763844536792,1008000
2022-10-12 09:00:00+09:00,1096.7454833984375,1101.4364392726823,1083.610806950552,1092.0545275241927,739400
2022-10-13 09:00:00+09:00,1086.8946533203125,1100.4984275742136,1085.9564619924572,1100.4984275742136,505200
2022-10-14 09:00:00+09:00,1098.6219482421875,1105.189286959263,1090.178227034519,1095.807374506298,1032400
2022-10-17 09:00:00+09:00,1085.018310546875,1101.436659387835,1082.6728321410235,1098.152989619643,757000
2022-10-18 09:00:00+09:00,1081.265380859375,1094.8691535469768,1078.9199028097885,1092.9927711073076,1091600
2022-10-19 09:00:00+09:00,1086.4254150390625,1092.0545622672441,1081.2653634132294,1085.018128232017,1162400
2022-10-20 09:00:00+09:00,1071.883544921875,1083.1418403608793,1070.4762579919993,1083.1418403608793,789000
2022-10-21 09:00:00+09:00,1058.27978515625,1073.290845938608,1057.3415938573526,1066.7235068463265,937600
2022-10-24 09:00:00+09:00,1056.8724365234375,1068.5998270751845,1055.9342452792978,1067.6616358310446,970600
2022-10-25 09:00:00+09:00,1064.3779296875,1069.068885746061,1058.2796868113705,1065.3161208992121,821600
2022-10-26 09:00:00+09:00,1073.760009765625,1079.8582535956614,1068.1308616148224,1068.599957294056,754400
2022-10-27 09:00:00+09:00,1066.7235107421875,1076.5745194165877,1064.3780324863778,1073.2908498584543,677800
2022-10-28 09:00:00+09:00,1070.47607421875,1074.2288387208316,1058.7486851497454,1059.6868762752656,2343600
2022-10-31 09:00:00+09:00,1085.4871826171875,1092.9927119697695,1074.6979841728507,1078.919844433678,1492600
2022-11-01 09:00:00+09:00,1100.9674072265625,1103.3128852990521,1085.4872519481319,1085.4872519481319,2174200
2022-11-02 09:00:00+09:00,1199.00830078125,1214.957550478653,1163.826132331096,1191.0336759325485,4645200
2022-11-04 09:00:00+09:00,1203.2301025390625,1216.8338736788803,1192.4409047385172,1201.8228158694262,2364600
2022-11-07 09:00:00+09:00,1216.3648681640625,1221.5249196680365,1201.3538092434108,1210.2666254775477,2089000
2022-11-08 09:00:00+09:00,1210.2666015625,1218.2412264565164,1204.1683589964875,1216.3648441285127,1315400
2022-11-09 09:00:00+09:00,1210.2666015625,1221.0557999485222,1205.1065501604894,1214.9575573825098,1183600
2022-11-10 09:00:00+09:00,1228.5615234375,1229.9688104059278,1205.1067406303694,1212.1431754725086,1463000
2022-11-11 09:00:00+09:00,1228.5615234375,1247.794445339347,1226.216045156787,1247.794445339347,2121800
2022-11-14 09:00:00+09:00,1221.994140625,1229.0305752159309,1210.7358452795104,1214.4886103946737,977200
2022-11-15 09:00:00+09:00,1220.1177978515625,1234.6597631469867,1220.1177978515625,1228.5615196360022,741800
2022-11-16 09:00:00+09:00,1269.372802734375,1275.0019504183413,1240.7579686742135,1254.3617422437985,2418400
2022-11-17 09:00:00+09:00,1279.2236328125,1285.321875286487,1264.2125744149937,1266.558052289604,1527400
2022-11-18 09:00:00+09:00,1297.5185546875,1298.9258416231696,1279.2238245237934,1286.260259202142,1588000
2022-11-21 09:00:00+09:00,1303.61669921875,1305.9621772670025,1286.7292572713318,1290.0129265388855,1741200
2022-11-22 09:00:00+09:00,1316.2823486328125,1327.5406438456378,1307.8386272231937,1310.1841053925323,1558200
2022-11-24 09:00:00+09:00,1326.13330078125,1329.4169700792581,1311.1222411332133,1318.6277709572316,1401200
2022-11-25 09:00:00+09:00,1333.638916015625,1337.3916811679728,1324.2570031347552,1330.8243421513641,1284400
2022-11-28 09:00:00+09:00,1321.9114990234375,1335.5152724342536,1315.8132557703132,1328.4788379114177,1488600
2022-11-29 09:00:00+09:00,1314.8748779296875,1324.7258848638735,1299.3947241759665,1322.8495025906952,2054800
2022-11-30 09:00:00+09:00,1304.554931640625,1320.9732784969435,1304.554931640625,1314.8750353788823,1525000
2022-12-01 09:00:00+09:00,1307.8385009765625,1315.3440303939315,1301.2711627363644,1305.4930230336347,876000
2022-12-02 09:00:00+09:00,1311.5914306640625,1312.5296219592442,1296.5803699411547,1302.678613359836,1061000
2022-12-05 09:00:00+09:00,1306.431396484375,1315.3442139110189,1298.4567703657988,1313.4678312948831,801200
2022-12-06 09:00:00+09:00,1327.071533203125,1331.7624894887492,1312.9986643462519,1313.4677599748143,1153000
2022-12-07 09:00:00+09:00,1328.478759765625,1341.6134367689574,1325.195090514792,1330.3551421946725,947800
2022-12-08 09:00:00+09:00,1328.94775390625,1336.4532830493845,1322.8495114774532,1332.7005184778172,735800
2022-12-09 09:00:00+09:00,1332.2315673828125,1340.6752885845344,1325.195133048044,1327.0715155373157,1161000
2022-12-12 09:00:00+09:00,1313.4677734375,1331.2934075055805,1311.591390904018,1325.1951642717634,861800
2022-12-13 09:00:00+09:00,1310.1839599609375,1316.7512981061052,1309.2457687973422,1315.344011360712,914600
2022-12-14 09:00:00+09:00,1302.2093505859375,1308.3075932219667,1298.4565858868425,1305.9621152850323,976400
2022-12-15 09:00:00+09:00,1298.456787109375,1311.5914655916952,1297.987691449292,1305.0241263505352,587800
2022-12-16 09:00:00+09:00,1303.61669921875,1305.4930816573521,1290.0129265388855,1290.0129265388855,1059000
2022-12-19 09:00:00+09:00,1296.1112060546875,1303.6167360209834,1288.6056760883919,1303.6167360209834,829200
2022-12-20 09:00:00+09:00,1313.4677734375,1318.1587297712053,1254.3617236328125,1296.1112350027902,1741400
2022-12-21 09:00:00+09:00,1351.93359375,1352.871785001735,1307.369509292592,1307.369509292592,2390600
2022-12-22 09:00:00+09:00,1331.762451171875,1350.0571801594422,1318.1586783349662,1350.0571801594422,1422600
2022-12-23 09:00:00+09:00,1340.67529296875,1340.67529296875,1328.9479023724523,1329.8860936201563,1072400
2022-12-26 09:00:00+09:00,1328.009521484375,1340.6751015197258,1315.8130370058889,1340.6751015197258,962600
2022-12-27 09:00:00+09:00,1331.762451171875,1337.3915985526648,1322.8496344856244,1327.5405906362826,915200
2022-12-28 09:00:00+09:00,1346.773681640625,1354.74830810802,1329.4171416821773,1334.1080984277037,1239800
2022-12-29 09:00:00+09:00,1346.773681640625,1362.253838900862,1336.9226724750197,1352.8719254098094,1010000
2022-12-30 09:00:00+09:00,1349.588134765625,1354.2790910908443,1338.3298395850984,1344.8971784404055,883600
2023-01-04 09:00:00+09:00,1331.29345703125,1343.4899439526075,1328.4788831263213,1336.9226048411074,1034200
2023-01-05 09:00:00+09:00,1307.8385009765625,1327.0714201085707,1301.74025832495,1327.0714201085707,873800
2023-01-06 09:00:00+09:00,1292.3585205078125,1308.3077726665297,1284.852990080181,1305.0241031044409,1273800
2023-01-10 09:00:00+09:00,1266.558349609375,1294.7040907118055,1261.8673927589698,1281.1003158456308,1474600
2023-01-11 09:00:00+09:00,1263.2745361328125,1281.5692657686016,1262.8054405011258,1267.4963968179945,1365200
2023-01-12 09:00:00+09:00,1252.4852294921875,1261.3980457320195,1240.7578397029347,1256.7070898163183,2197600
2023-01-13 09:00:00+09:00,1259.052734375,1263.2745952577777,1238.8816212683962,1244.5107691120995,2313200
2023-01-16 09:00:00+09:00,1270.3109130859375,1282.507398957516,1251.5470886681246,1251.5470886681246,1844800
2023-01-17 09:00:00+09:00,1261.3980712890625,1270.3108877094762,1252.9543504697233,1268.903600906253,786400
2023-01-18 09:00:00+09:00,1262.8055419921875,1277.8166034125998,1254.3618199432055,1259.0527766370844,1027400
2023-01-19 09:00:00+09:00,1257.17626953125,1266.089086367479,1255.7689826623716,1262.805417006763,797200
2023-01-20 09:00:00+09:00,1258.1146240234375,1269.8420161191073,1252.485475817516,1258.5837197072644,1619200
2023-01-23 09:00:00+09:00,1259.9908447265625,1267.0272790790934,1252.0162191270272,1261.3981315970686,865000
2023-01-24 09:00:00+09:00,1252.4852294921875,1266.0890016477206,1252.4852294921875,1265.1508104645804,1017800
2023-01-25 09:00:00+09:00,1259.521728515625,1267.027258368977,1254.83077235728,1255.2998679731145,838400
2023-01-26 09:00:00+09:00,1262.33642578125,1267.4964780605492,1257.176373501951,1263.274617104759,717000
2023-01-27 09:00:00+09:00,1256.2379150390625,1262.8052529070785,1255.7688194770612,1259.9906795350716,424600
2023-01-30 09:00:00+09:00,1259.521728515625,1260.459919747294,1248.2634337355971,1252.954389893942,645600
2023-01-31 09:00:00+09:00,1275.4710693359375,1275.4710693359375,1263.274582464759,1268.4346346025652,880400
2023-02-01 09:00:00+09:00,1261.3980712890625,1287.1983293481546,1260.4598800869137,1277.8164173266666,1214800
2023-02-02 09:00:00+09:00,1229.9686279296875,1264.2126057477146,1225.7467676507526,1261.8671278149732,1276200
2023-02-03 09:00:00+09:00,1220.586669921875,1232.3140591409554,1219.1793832155854,1221.5248610594015,1005200
2023-02-06 09:00:00+09:00,1233.2523193359375,1234.6596061210298,1220.5867382701063,1226.2158854104757,968800
2023-02-07 09:00:00+09:00,1230.437744140625,1238.8814648400269,1226.215883790924,1236.0668912735596,1150600
2023-02-08 09:00:00+09:00,1306.431396484375,1308.7768747545445,1265.6200745834267,1267.4964571995622,2243000
2023-02-09 09:00:00+09:00,1279.6929931640625,1305.0241594510344,1272.656558084348,1298.456820043301,1977600
2023-02-10 09:00:00+09:00,1290.0130615234375,1297.987687721946,1281.5693396661932,1292.8276354758523,1712400
2023-02-13 09:00:00+09:00,1286.2601318359375,1292.8274702187614,1276.4091242617017,1285.3219406383912,1004800
2023-02-14 09:00:00+09:00,1281.5693359375,1291.8894403996615,1268.4346575311126,1287.6675794833227,1591200
2023-02-15 09:00:00+09:00,1266.558349609375,1277.3475503653067,1263.743775499132,1268.434732349537,1086600
2023-02-16 09:00:00+09:00,1257.6453857421875,1268.4345852468762,1248.7325687600533,1259.0526726341034,1645400
2023-02-17 09:00:00+09:00,1256.2379150390625,1260.928870659074,1249.2014816090452,1256.7070106010635,2006000
2023-02-20 09:00:00+09:00,1275.9400634765625,1285.3219757080078,1266.089055633545,1269.3727249145509,1151600
2023-02-21 09:00:00+09:00,1256.7071533203125,1275.4709779312914,1254.8307708592147,1268.4345437021743,796600
2023-02-22 09:00:00+09:00,1241.6961669921875,1260.9290883547412,1238.8815931342529,1259.990897068763,856400
2023-02-24 09:00:00+09:00,1255.7689208984375,1255.7689208984375,1238.8814793024928,1244.5106265011411,574200
2023-02-27 09:00:00+09:00,1274.063720703125,1275.0019119554838,1256.2380869083097,1261.867234422462,941000
2023-02-28 09:00:00+09:00,1260.9290771484375,1271.7182768413,1260.9290771484375,1267.0273204530988,999000
2023-03-01 09:00:00+09:00,1250.139892578125,1261.8672836904902,1250.139892578125,1257.6454228900386,573200
2023-03-02 09:00:00+09:00,1249.6707763671875,1255.2999240084812,1244.0416287258938,1254.3617327349323,696400
2023-03-03 09:00:00+09:00,1258.5836181640625,1260.929096393962,1249.2017052444646,1254.3617573502434,669800
2023-03-06 09:00:00+09:00,1259.9908447265625,1270.78004406711,1258.1144622325542,1259.5217491030603,700400
2023-03-07 09:00:00+09:00,1262.8055419921875,1273.594742388109,1260.460063645248,1260.460063645248,677600
2023-03-08 09:00:00+09:00,1261.8670654296875,1270.3107855701091,1257.6452053594767,1266.5580210632552,591000
2023-03-09 09:00:00+09:00,1273.5946044921875,1278.2855606781623,1264.2126921202375,1266.5581702132251,669400
2023-03-10 09:00:00+09:00,1275.4710693359375,1276.878356282612,1266.5582520069993,1275.940164984829,1113200
2023-03-13 09:00:00+09:00,1268.903564453125,1275.0018070919016,1259.9907482887593,1271.7181379787141,617800
2023-03-14 09:00:00+09:00,1253.4234619140625,1256.707131163089,1240.757880524961,1255.2998443420774,832800
2023-03-15 09:00:00+09:00,1254.830810546875,1260.4599581082068,1249.2016629855432,1253.423523656542,440000
2023-03-16 09:00:00+09:00,1285.3221435546875,1287.6676219188384,1252.0163507837449,1258.5836902033675,1577200
2023-03-17 09:00:00+09:00,1266.0889892578125,1278.7545701062604,1263.2744157359352,1267.9653716057308,991600
2023-03-20 09:00:00+09:00,1263.7437744140625,1275.0020708453683,1256.2382434598587,1263.7437744140625,734000
2023-03-22 09:00:00+09:00,1264.2127685546875,1267.4964380834008,1251.5471860867926,1263.7436729077283,659200
2023-03-23 09:00:00+09:00,1266.558349609375,1268.434732349537,1259.0528186487268,1266.0892539243346,391000
2023-03-24 09:00:00+09:00,1265.6201171875,1275.4711262538224,1259.0527778099517,1268.9037868762741,478400
2023-03-27 09:00:00+09:00,1270.3109130859375,1278.2855384635081,1267.0272438128202,1275.9400604112814,514400
2023-03-28 09:00:00+09:00,1266.558349609375,1271.7184021448206,1263.2746798140913,1266.558349609375,502600
2023-03-29 09:00:00+09:00,1280.1619873046875,1281.5692742090166,1260.9290662788567,1266.5582138961731,824400
2023-03-30 09:00:00+09:00,1283.477294921875,1284.4245106376845,1264.532980605685,1273.5315299058752,687800
2023-03-31 09:00:00+09:00,1271.1634521484375,1283.477256081321,1267.374589399858,1283.477256081321,1257000
2023-04-03 09:00:00+09:00,1283.9508056640625,1286.7924525965539,1266.4273162470317,1273.0578257561785,722400
2023-04-04 09:00:00+09:00,1280.6357421875,1286.7926447941707,1274.0052316880085,1283.9509974372456,824600
2023-04-05 09:00:00+09:00,1259.3231201171875,1279.2146473999712,1257.4286889473985,1279.2146473999712,870600
2023-04-06 09:00:00+09:00,1283.9508056640625,1287.7396682407177,1260.7440223820488,1271.6370022899328,1279200
2023-04-07 09:00:00+09:00,1262.1649169921875,1288.6869565237307,1261.69130914341,1288.6869565237307,864600
2023-04-10 09:00:00+09:00,1255.0606689453125,1269.7425107329746,1250.3245909492925,1266.4272561357607,572400
2023-04-11 09:00:00+09:00,1252.6927490234375,1264.0593372943497,1251.7455333341948,1256.4816117804082,770800
2023-04-12 09:00:00+09:00,1256.0079345703125,1262.164836210363,1251.2718563856583,1255.0607189333816,500600
2023-04-13 09:00:00+09:00,1255.534423828125,1256.4816395382934,1247.0094824366101,1255.534423828125,597600
2023-04-14 09:00:00+09:00,1265.4801025390625,1266.900926007482,1247.4830052724142,1254.1135147917057,841400
2023-04-17 09:00:00+09:00,1270.6898193359375,1274.0050741758002,1258.8496234792851,1263.1120939876798,541000
2023-04-18 09:00:00+09:00,1290.5811767578125,1292.0020000716743,1269.7424348211725,1276.3729436191945,1038000
2023-04-19 09:00:00+09:00,1290.5811767578125,1294.3700389281107,1281.1090213320672,1291.5283923003872,1132000
2023-04-20 09:00:00+09:00,1295.3175048828125,1309.9993486310273,1293.4230734314299,1302.421622825497,1000000
2023-04-21 09:00:00+09:00,1289.16064453125,1303.842488756257,1287.739820896572,1303.842488756257,680200
2023-04-24 09:00:00+09:00,1290.5811767578125,1296.7380777845472,1282.0562368746416,1295.7908622419725,679000
2023-04-25 09:00:00+09:00,1293.4229736328125,1301.4743066799592,1291.0549345012987,1295.7910127643263,582600
2023-04-26 09:00:00+09:00,1307.15771484375,1318.050695800781,1301.000812563689,1307.631322711447,1545200
2023-04-27 09:00:00+09:00,1301.4744873046875,1301.9480951967198,1275.8996611349448,1300.0536636285908,980000
2023-04-28 09:00:00+09:00,1323.26025390625,1326.5755086583415,1310.9464505413387,1312.3672740065206,1015800
2023-05-01 09:00:00+09:00,1337.942138671875,1338.8893543452712,1320.8922565507467,1325.1547270810288,928000
2023-05-02 09:00:00+09:00,1321.365966796875,1340.310281733031,1312.8410250756049,1340.310281733031,696200
2023-05-08 09:00:00+09:00,1323.26025390625,1332.7324103407973,1310.9464505413387,1315.2089209368849,685800
2023-05-09 09:00:00+09:00,1345.5198974609375,1346.940721006303,1319.471465795907,1319.471465795907,1171000
2023-05-10 09:00:00+09:00,1425.5596923828125,1484.7606762857533,1408.9834168899893,1451.6081253001064,4293600
2023-05-11 09:00:00+09:00,1408.9833984375,1427.9277130383402,1400.4584568671219,1420.823595063025,1810800
2023-05-12 09:00:00+09:00,1439.7677001953125,1451.6078950982344,1409.4568012438322,1423.1914273312216,1831000
2023-05-15 09:00:00+09:00,1456.343994140625,1461.0800721703506,1444.503799066311,1449.2398770960367,1027400
2023-05-16 09:00:00+09:00,1446.871826171875,1465.8161381348455,1437.3996701903898,1456.3439821533602,947400
2023-05-17 09:00:00+09:00,1470.55224609375,1475.2883241810084,1451.607933744716,1456.3440118319745,1454400
2023-05-18 09:00:00+09:00,1439.7677001953125,1468.184167962325,1435.0316222341437,1468.184167962325,1227000
2023-05-19 09:00:00+09:00,1446.871826171875,1456.3439821533602,1432.663592199647,1444.5037871765037,757600
2023-05-22 09:00:00+09:00,1477.656494140625,1482.3925726474858,1442.1359053391675,1446.8719838460286,948800
2023-05-23 09:00:00+09:00,1453.97607421875,1477.6564663070033,1444.5039173834487,1472.9203878893527,902600
2023-05-24 09:00:00+09:00,1444.50390625,1456.344102202869,1435.031749487705,1451.6080238217214,570600
2023-05-25 09:00:00+09:00,1435.03173828125,1444.5038949695752,1425.559581592925,1432.6636991091689,660800
2023-05-26 09:00:00+09:00,1439.7677001953125,1446.8718171370656,1430.295544272975,1439.7677001953125,563600
2023-05-29 09:00:00+09:00,1423.191650390625,1444.5040045562084,1418.4555716871619,1442.1359652044769,1037200
2023-05-30 09:00:00+09:00,1423.191650390625,1437.399886501014,1420.8236110388934,1425.5596897423563,516200
2023-05-31 09:00:00+09:00,1414.1929931640625,1417.9818558383133,1405.6680521469984,1409.4569148212493,1132000
2023-06-01 09:00:00+09:00,1420.349853515625,1432.6636568472043,1409.4568736453816,1416.5609909520622,751400
2023-06-02 09:00:00+09:00,1439.7677001953125,1446.8718171370656,1427.9275052923904,1432.6635832535592,688400
2023-06-05 09:00:00+09:00,1453.02880859375,1459.6593181505664,1443.0830442585254,1446.3982990369336,883600
2023-06-06 09:00:00+09:00,1471.49951171875,1474.341158667676,1450.1871596018066,1452.0815909010903,663800
2023-06-07 09:00:00+09:00,1449.239990234375,1473.3939900716146,1442.6094804751328,1469.6051273520477,1071600
2023-06-08 09:00:00+09:00,1447.3455810546875,1455.3969144571513,1439.7678554994272,1447.8191889018913,814800
2023-06-09 09:00:00+09:00,1456.343994140625,1462.974503382241,1448.2926614900916,1457.7648175495428,1176400
2023-06-12 09:00:00+09:00,1456.8177490234375,1464.3954746360432,1451.608062664771,1461.0802196805282,566400
2023-06-13 09:00:00+09:00,1457.7650146484375,1462.027485451503,1445.451210106248,1456.3441910474155,733800
2023-06-14 09:00:00+09:00,1473.3939208984375,1479.5508225286785,1463.4481567265098,1467.7106270859074,923200
2023-06-15 09:00:00+09:00,1476.7093505859375,1489.9703710530337,1466.7635852356152,1467.23719310944,795200
2023-06-16 09:00:00+09:00,1478.1300048828125,1482.866083078528,1462.0273390173797,1468.6578484913814,1578800
2023-06-19 09:00:00+09:00,1471.0260009765625,1496.600825204745,1462.5010595671686,1491.8647466439704,931600
2023-06-20 09:00:00+09:00,1470.078857421875,1480.0246228876802,1462.027523473366,1475.7621519737638,825800
2023-06-21 09:00:00+09:00,1482.3924560546875,1491.8646123234075,1474.8147310397114,1474.8147310397114,752000
2023-06-22 09:00:00+09:00,1496.1273193359375,1501.8106139962829,1486.181553680333,1491.8648483406785,750800
2023-06-23 09:00:00+09:00,1490.44384765625,1502.2840434590485,1485.2341615030189,1497.5479651379292,792400
2023-06-26 09:00:00+09:00,1480.498046875,1496.600712771913,1476.235576490523,1494.2326736694258,769600
2023-06-27 09:00:00+09:00,1479.5509033203125,1490.4438837224786,1468.1843150745738,1487.6022366610441,757600
2023-06-28 09:00:00+09:00,1493.759033203125,1498.9687191147402,1478.1299754682793,1479.077191088573,677600
2023-06-29 09:00:00+09:00,1457.7650146484375,1489.970349604933,1453.976151712379,1489.496741737926,966800
2023-06-30 09:00:00+09:00,1459.1856689453125,1462.5009236297062,1445.4510423956813,1450.6607283283,637000
2023-07-03 09:00:00+09:00,1464.3955078125,1475.762096488923,1459.1858213358062,1459.1858213358062,455200
2023-07-04 09:00:00+09:00,1455.3968505859375,1464.3953992879005,1452.5552036274228,1460.1329288501286,433000
2023-07-05 09:00:00+09:00,1455.3968505859375,1462.5009679822242,1446.3983018839742,1447.3455175368124,508600
2023-07-06 09:00:00+09:00,1455.8704833984375,1465.816247923931,1444.503895369302,1461.080169578458,678600
2023-07-07 09:00:00+09:00,1445.4512939453125,1457.7650992017273,1437.8735676336726,1451.1345886790423,714200
2023-07-10 09:00:00+09:00,1442.6094970703125,1458.7121638137105,1436.4525950801897,1446.871967678859,851000
2023-07-11 09:00:00+09:00,1436.92626953125,1448.7664662149289,1435.9790537965557,1444.0303875414572,534400
2023-07-12 09:00:00+09:00,1459.659423828125,1464.8691102856556,1445.924795894635,1447.3456194739617,813800
2023-07-13 09:00:00+09:00,1473.3939208984375,1486.654939794341,1467.7106270859074,1468.6578427213292,801000
2023-07-14 09:00:00+09:00,1492.811767578125,1509.8616481722913,1478.1299259553707,1478.1299259553707,1355400
2023-07-18 09:00:00+09:00,1502.7576904296875,1508.4409845630491,1491.3911021629644,1503.7049061185812,765400
2023-07-19 09:00:00+09:00,1513.650634765625,1529.753301092919,1505.599301601978,1516.4922817645593,997000
2023-07-20 09:00:00+09:00,1508.9146728515625,1528.8062033787958,1501.3369469364259,1517.9132223757872,886400
2023-07-21 09:00:00+09:00,1511.2825927734375,1517.4394945929469,1500.3896126312284,1517.4394945929469,712000
2023-07-24 09:00:00+09:00,1521.7020263671875,1530.7005755427172,1518.386771407782,1518.8603792591255,778200
2023-07-25 09:00:00+09:00,1508.4410400390625,1532.1214331322974,1506.0730007297389,1522.1756680331387,752600
2023-07-26 09:00:00+09:00,1521.7020263671875,1528.8061441373425,1512.2298693403143,1513.6506928943452,940600
2023-07-27 09:00:00+09:00,1532.121337890625,1536.3838083824382,1511.2825932639828,1516.9658872530672,981800
2023-07-28 09:00:00+09:00,1523.5965576171875,1534.963146794313,1507.0202817338798,1519.3340866757655,1119000
2023-07-31 09:00:00+09:00,1538.7518310546875,1548.2239876016538,1526.9116353709794,1534.9629684359008,963200
2023-08-01 09:00:00+09:00,1553.9073486328125,1554.854564328413,1535.9102504164007,1540.1727210466036,973000
2023-08-02 09:00:00+09:00,1548.6976318359375,1563.3794748288774,1527.8588869427322,1536.857435873889,2376600
2023-08-03 09:00:00+09:00,1533.5421142578125,1558.6433286048366,1526.9116048076553,1547.7503487938639,1205200
2023-08-04 09:00:00+09:00,1578.061279296875,1584.2181810468328,1538.7518296625292,1543.9615157586472,1340600
2023-08-07 09:00:00+09:00,1568.1156005859375,1574.7461105249902,1551.539325738306,1566.694777027569,651400
2023-08-08 09:00:00+09:00,1607.425048828125,1610.266695938605,1582.7974405372993,1588.0071269065124,784000
2023-08-09 09:00:00+09:00,1591.3223876953125,1611.2139175415039,1584.691877746582,1607.4250547136578,989600
2023-08-10 09:00:00+09:00,1605.5306396484375,1615.4764046728083,1594.6376589074598,1598.4265217738869,1055200
2023-08-14 09:00:00+09:00,1594.1640625,1622.106926340612,1588.4807681595366,1607.8986904894534,488400
2023-08-15 09:00:00+09:00,1599.3736572265625,1604.5833434064537,1580.4293438451402,1598.4264415574914,509800
2023-08-16 09:00:00+09:00,1622.1068115234375,1625.8956741488937,1586.5862244097857,1588.9542635506957,795000
2023-08-17 09:00:00+09:00,1601.74169921875,1621.6332283042577,1590.8487190052576,1621.6332283042577,668200
2023-08-18 09:00:00+09:00,1578.534912109375,1596.5320098171928,1569.06275542105,1590.8487158041976,729600
2023-08-21 09:00:00+09:00,1581.3765869140625,1596.5320378817923,1577.1141163293885,1583.7446261277703,738800
2023-08-22 09:00:00+09:00,1597.0054931640625,1600.7943555440484,1572.377887694154,1581.8500436441188,672600
2023-08-23 09:00:00+09:00,1613.1083984375,1622.1069479296646,1594.1640837171535,1597.0057309252054,1146600
2023-08-24 09:00:00+09:00,1627.7901611328125,1631.10541604347,1605.0569846025899,1607.8986316688677,628200
2023-08-25 09:00:00+09:00,1606.477783203125,1623.0540574991478,1605.5305675290665,1621.1596261510308,691400
2023-08-28 09:00:00+09:00,1614.529052734375,1618.3179152811263,1602.6888572757775,1616.8970918260945,544400
2023-08-29 09:00:00+09:00,1608.845703125,1624.9483683903077,1606.9512719173167,1618.7914669653371,422800
2023-08-30 09:00:00+09:00,1620.2125244140625,1627.316642469079,1612.1611906183773,1612.1611906183773,815000
2023-08-31 09:00:00+09:00,1632.0526123046875,1632.0526123046875,1616.4235536262038,1618.3179849811715,781800
2023-09-01 09:00:00+09:00,1654.3121337890625,1658.5746042168041,1636.7886442527913,1637.7358599034005,938200
2023-09-04 09:00:00+09:00,1665.6788330078125,1670.8885194346212,1646.260910871526,1652.8914208692822,836200
2023-09-05 09:00:00+09:00,1667.5731201171875,1680.834138965038,1656.6801403493105,1671.3619826451447,738200
2023-09-06 09:00:00+09:00,1673.72998046875,1679.886881924917,1667.0994712082625,1670.8883336428266,579000
2023-09-07 09:00:00+09:00,1692.200927734375,1698.8314379466005,1677.519083693019,1681.3079466714335,769000
2023-09-08 09:00:00+09:00,1671.3621826171875,1701.1994785947684,1664.7316723999475,1697.8842234861484,1002200
2023-09-11 09:00:00+09:00,1679.8870849609375,1688.8856343306181,1669.9413198681323,1681.3079085456238,720800
2023-09-12 09:00:00+09:00,1700.2520751953125,1705.461761219588,1686.0438405836526,1692.2007422487052,722800
2023-09-13 09:00:00+09:00,1685.0966796875,1700.2521304323004,1678.9397778224247,1700.2521304323004,973600
2023-09-14 09:00:00+09:00,1682.7286376953125,1696.9368727448084,1682.7286376953125,1693.1480100649428,550800
2023-09-15 09:00:00+09:00,1680.834228515625,1697.4105029585799,1677.518973627034,1693.6216402287616,801600
2023-09-19 09:00:00+09:00,1686.0439453125,1694.095278759217,1679.8870432650106,1682.255082514045,712200
2023-09-20 09:00:00+09:00,1654.3121337890625,1692.6743676387373,1650.0496633613207,1687.938289385691,925600
2023-09-21 09:00:00+09:00,1640.5775146484375,1665.6787295088207,1637.2622598555567,1650.0496711995256,660600
2023-09-22 09:00:00+09:00,1626.369384765625,1636.3151497860322,1618.3180511776764,1633.9471104954591,631600
2023-09-25 09:00:00+09:00,1615.4761962890625,1624.9483522332962,1606.9512559392522,1624.9483522332962,1286200
2023-09-26 09:00:00+09:00,1615.949951171875,1637.2623039862754,1615.476343331555,1615.476343331555,1194000
2023-09-27 09:00:00+09:00,1633.4732666015625,1637.73573670867,1602.2151524827734,1622.1066796492755,985600
2023-09-28 09:00:00+09:00,1598.525146484375,1621.9835867891773,1587.9927855311985,1615.2811752735195,979800
2023-09-29 09:00:00+09:00,1572.6729736328125,1602.355081506552,1561.183125423623,1590.8652332973625,1685800
2023-10-02 09:00:00+09:00,1556.395751953125,1601.8764029637514,1555.9170082582762,1587.9928358131392,925800
2023-10-03 09:00:00+09:00,1557.3531494140625,1571.7154594301776,1546.3420450683745,1556.3956620796548,882000
2023-10-04 09:00:00+09:00,1512.830078125,1557.3532418166535,1508.5213848645174,1539.639725079114,1169800
2023-10-05 09:00:00+09:00,1531.5010986328125,1534.852304537917,1514.7450691072893,1516.181300209477,1154000
2023-10-06 09:00:00+09:00,1546.82080078125,1571.2367279987814,1537.7246710335423,1540.118389388202,854400
2023-10-10 09:00:00+09:00,1582.247802734375,1589.4289576635779,1571.236698509597,1572.6729294954378,885200
2023-10-11 09:00:00+09:00,1596.1314697265625,1606.6638309545122,1581.2904152689969,1587.0353395751513,1007800
2023-10-12 09:00:00+09:00,1565.01318359375,1603.7914239948188,1560.7044902158536,1603.7914239948188,1106400
2023-10-13 09:00:00+09:00,1540.1185302734375,1550.6508919974087,1530.0649122641921,1550.6508919974087,851800
2023-10-16 09:00:00+09:00,1513.308837890625,1541.554716231513,1507.0851697816158,1534.852304421811,578600
2023-10-17 09:00:00+09:00,1517.1387939453125,1534.852310946252,1513.7875880262159,1530.543617621699,513000
2023-10-18 09:00:00+09:00,1514.7449951171875,1518.5749445359415,1496.073991700762,1506.1276089249911,553600
2023-10-19 09:00:00+09:00,1531.022216796875,1537.2458843448298,1503.733828317381,1505.170059289986,649800
2023-10-20 09:00:00+09:00,1538.6822509765625,1546.342150172463,1522.4049651852733,1525.277427383736,706800
2023-10-23 09:00:00+09:00,1541.075927734375,1549.21457040958,1528.1498481914027,1538.6822093004912,508800
2023-10-24 09:00:00+09:00,1510.9150390625,1535.8097101750634,1488.892830001386,1535.8097101750634,915200
2023-10-25 09:00:00+09:00,1509.95751953125,1536.7671647734028,1508.5212885361345,1536.7671647734028,933000
2023-10-26 09:00:00+09:00,1508.5213623046875,1518.0962360736796,1495.5952827165484,1505.64890017399,613600
2023-10-27 09:00:00+09:00,1536.7672119140625,1544.9058544693705,1517.1387210453781,1517.1387210453781,851800
2023-10-30 09:00:00+09:00,1529.107421875,1545.3847081441766,1512.3513918920241,1532.4586278715951,797400
2023-10-31 09:00:00+09:00,1564.5343017578125,1565.0130454242012,1516.181191452568,1517.138678785345,1148200
2023-11-01 09:00:00+09:00,1529.107421875,1545.8634518579759,1497.0315930504462,1541.5547584337821,2572000
2023-11-02 09:00:00+09:00,1552.0870361328125,1571.2367836483313,1541.554674999277,1555.9169856359163,1946000
2023-11-06 09:00:00+09:00,1544.4271240234375,1571.715514001533,1534.3735066630866,1565.970589795618,1460600
2023-11-07 09:00:00+09:00,1537.2459716796875,1570.7580296110416,1536.2884843102202,1550.6507948522292,1008400
2023-11-08 09:00:00+09:00,1511.3939208984375,1535.809850567687,1497.9890967663007,1535.331106848682,1078600
2023-11-09 09:00:00+09:00,1531.022216796875,1535.8096533722248,1508.5212648927309,1516.6599070708255,878800
2023-11-10 09:00:00+09:00,1571.23681640625,1573.6305348955952,1538.203501253285,1542.5121945341066,1175400
2023-11-13 09:00:00+09:00,1552.0870361328125,1581.7691447818668,1551.1295487570364,1562.619397266348,1095400
2023-11-14 09:00:00+09:00,1557.3531494140625,1576.5028961022158,1554.9594310780435,1563.5768170877125,799800
2023-11-15 09:00:00+09:00,1553.04443359375,1569.3217180395538,1545.3845350310187,1557.3531265352863,1029200
2023-11-16 09:00:00+09:00,1550.6507568359375,1569.800503755801,1535.3309593000467,1540.5971397030094,1028000
2023-11-17 09:00:00+09:00,1564.5343017578125,1565.0130454242012,1542.9908367703274,1547.2995297678244,747000
2023-11-20 09:00:00+09:00,1535.3309326171875,1564.055552497771,1525.7560593236597,1554.0019355395668,846600
2023-11-21 09:00:00+09:00,1533.894775390625,1539.6396996430244,1522.8836705735264,1531.5010569521253,879800
2023-11-22 09:00:00+09:00,1567.40673828125,1569.3217129156803,1534.3734258373263,1534.8521694959338,751600
2023-11-24 09:00:00+09:00,1566.9281005859375,1579.8541802424668,1556.3957393843211,1579.8541802424668,696600
2023-11-27 09:00:00+09:00,1553.04443359375,1579.3753349031385,1547.2995096717016,1577.4603602624557,640600
2023-11-28 09:00:00+09:00,1554.9593505859375,1559.2680433677335,1543.4695031678148,1550.6506578041415,831400
2023-11-29 09:00:00+09:00,1553.5233154296875,1565.0131642957315,1545.8634161856583,1559.2682398627096,571800
2023-11-30 09:00:00+09:00,1543.4696044921875,1549.2145285783868,1530.0647816243893,1532.937243667489,828000
2023-12-01 09:00:00+09:00,1542.033447265625,1560.704451439285,1542.033447265625,1556.874501865201,527400
2023-12-04 09:00:00+09:00,1548.73583984375,1551.1295582979135,1535.3310165004348,1539.639709717929,529000
2023-12-05 09:00:00+09:00,1568.3642578125,1575.545412839114,1542.5120997166896,1542.5120997166896,810400
2023-12-06 09:00:00+09:00,1583.68408203125,1587.0352877671082,1557.8319234974872,1560.225641880243,612800
2023-12-07 09:00:00+09:00,1579.37548828125,1582.247950521228,1567.4068956146748,1568.364383028001,774000
2023-12-08 09:00:00+09:00,1676.5604248046875,1722.9985633558167,1671.7729878406535,1699.5401222320504,4655200
2023-12-11 09:00:00+09:00,1713.90234375,1715.8173184357543,1640.6545620199024,1646.399486077165,1636000
2023-12-12 09:00:00+09:00,1750.765625,1779.0115019141372,1739.7545204402516,1754.5955744120863,2584800
2023-12-13 09:00:00+09:00,1718.6898193359375,1749.3294150009792,1702.412534138884,1748.3719276364466,1234400
2023-12-14 09:00:00+09:00,1757.468017578125,1759.8617359349462,1704.3274700566944,1721.083498554443,1816000
2023-12-15 09:00:00+09:00,1695.7100830078125,1734.4883203662632,1681.347772875053,1734.4883203662632,2564800
2023-12-18 09:00:00+09:00,1670.3367919921875,1685.6565906003132,1657.8894556230855,1664.1131238076366,1081200
2023-12-19 09:00:00+09:00,1666.5068359375,1682.7841218960966,1651.665781092897,1682.7841218960966,1449400
2023-12-20 09:00:00+09:00,1659.3255615234375,1673.2091279643435,1653.1018938085488,1657.8893305123092,1141200
2023-12-21 09:00:00+09:00,1636.8245849609375,1652.6231258511718,1632.994635654214,1648.314432881108,709200
2023-12-22 09:00:00+09:00,1646.8782958984375,1655.4956823304642,1636.345934703738,1650.7082454237827,546600
2023-12-25 09:00:00+09:00,1663.155517578125,1675.6028530579842,1649.750694753661,1673.2091346964728,662600
2023-12-26 09:00:00+09:00,1661.7193603515625,1665.0705662064922,1647.3570495447211,1665.0705662064922,526200
2023-12-27 09:00:00+09:00,1676.0816650390625,1684.220307799892,1666.0280475109791,1675.1241776554357,729800
2023-12-28 09:00:00+09:00,1665.0706787109375,1689.965352458197,1662.1982163554844,1668.4218847922994,548800
2023-12-29 09:00:00+09:00,1663.155517578125,1675.6028530579842,1653.5806441320792,1666.0279796119387,712800
2024-01-04 09:00:00+09:00,1674.166748046875,1674.166748046875,1640.6546884634374,1651.6657937551383,666200
2024-01-05 09:00:00+09:00,1677.0391845703125,1694.7527015069672,1677.0391845703125,1689.0077770950793,583400
2024-01-09 09:00:00+09:00,1693.795166015625,1699.5400902644062,1672.251700082696,1677.0391369566803,695200
2024-01-10 09:00:00+09:00,1723.9560546875,1732.0946975449529,1695.2314328376667,1695.2314328376667,686000
2024-01-11 09:00:00+09:00,1712.4661865234375,1732.573421590249,1704.3275437582995,1711.9874428313706,755400
2024-01-12 09:00:00+09:00,1712.94482421875,1745.9781369272725,1704.3274382947875,1745.9781369272725,1115800
2024-01-15 09:00:00+09:00,1715.8173828125,1720.6048197065081,1692.3589420318604,1707.6787400926862,238000
2024-01-16 09:00:00+09:00,1666.9854736328125,1722.5197398422915,1666.9854736328125,1707.6786859414826,1342000
2024-01-17 09:00:00+09:00,1654.5382080078125,1683.2628296746147,1654.0594643133659,1656.931926480046,1565600
2024-01-18 09:00:00+09:00,1655.016845703125,1672.251617599368,1633.473380832821,1644.0057414360808,1458200
2024-01-19 09:00:00+09:00,1675.124267578125,1681.8266796233077,1648.7933631149078,1656.4532625951165,1403600
2024-01-22 09:00:00+09:00,1677.99658203125,1684.6989934858684,1666.9854774986627,1675.1241199792707,820000
2024-01-23 09:00:00+09:00,1684.6990966796875,1696.6676892960536,1670.815529244703,1670.815529244703,1187000
2024-01-24 09:00:00+09:00,1689.965087890625,1706.2423720232828,1687.5713696358225,1702.4124228155986,1209200
2024-01-25 09:00:00+09:00,1696.6676025390625,1712.4661439848269,1679.432830052774,1681.347804773473,1660000
2024-01-26 09:00:00+09:00,1692.3590087890625,1704.327601496199,1685.6565968730663,1699.5401644133442,780200
2024-01-29 09:00:00+09:00,1705.763671875,1723.955931075463,1698.1037732642787,1698.1037732642787,797200
2024-01-30 09:00:00+09:00,1685.656494140625,1711.0299091333693,1685.1777504615166,1694.273880364576,702800
2024-01-31 09:00:00+09:00,1709.114990234375,1710.0724776238621,1680.8691122445073,1693.3164483078388,732400
2024-02-01 09:00:00+09:00,1736.882080078125,1736.882080078125,1704.3275096687225,1706.7212280811787,909800
2024-02-02 09:00:00+09:00,1743.5845947265625,1766.5642928448697,1742.6271073049663,1752.6807252317258,1006400
2024-02-05 09:00:00+09:00,1735.9246826171875,1751.2444812503231,1726.8285521787632,1747.8932752993248,642000
2024-02-06 09:00:00+09:00,1725.8709716796875,1741.1907694865529,1710.0724301913574,1723.4772532723648,1118200
2024-02-07 09:00:00+09:00,1795.288818359375,1819.7047462890625,1771.3516341145835,1792.8950999348958,2073600
2024-02-08 09:00:00+09:00,1759.86181640625,1786.6714632285434,1755.553123166953,1780.9265389094805,991400
2024-02-09 09:00:00+09:00,1749.3294677734375,1769.9154467319097,1746.4570055931854,1761.7768038878626,1071800
2024-02-13 09:00:00+09:00,1768.4791259765625,1771.3515880111752,1734.0095815612099,1747.4144043894025,553000
2024-02-14 09:00:00+09:00,1777.0965576171875,1788.1076623653544,1767.0429402384266,1771.8303770854557,602800
2024-02-15 09:00:00+09:00,1791.4588623046875,1798.161273868628,1769.4366528803114,1790.5013749384102,724800
2024-02-16 09:00:00+09:00,1788.58642578125,1820.1835093202121,1780.4477830515173,1787.1501947112972,725200
2024-02-19 09:00:00+09:00,1793.8525390625,1804.384899846961,1783.79892195006,1788.5863586702694,700200
2024-02-20 09:00:00+09:00,1820.1834716796875,1841.7269372834712,1794.810056635231,1802.9486991966605,1005000
2024-02-21 09:00:00+09:00,1835.9820556640625,1850.3443663993746,1818.268539090511,1842.6844673405415,1411000
2024-02-22 09:00:00+09:00,1842.2056884765625,1874.7602588550465,1840.769457430453,1843.1631758406356,1077000
2024-02-26 09:00:00+09:00,1822.0985107421875,1864.227956077267,1813.4811241963757,1859.4405191073715,657000
2024-02-27 09:00:00+09:00,1819.7049560546875,1833.1097807770057,1801.0339501914586,1819.2262123146047,686600
2024-02-28 09:00:00+09:00,1821.1409912109375,1828.8008902275976,1809.1723989974062,1810.60863006303,727600
2024-02-29 09:00:00+09:00,1798.6400146484375,1818.7472493078023,1789.5438846834866,1813.4810688017783,1144200
2024-03-01 09:00:00+09:00,1820.6622314453125,1831.6733361845295,1795.288816176682,1795.288816176682,959200
2024-03-04 09:00:00+09:00,1799.1187744140625,1817.3110345065943,1792.89510648767,1801.5124928472903,1294800
2024-03-05 09:00:00+09:00,1800.5548095703125,1813.0021440688045,1780.4475769189025,1788.1074750718205,1782800
2024-03-06 09:00:00+09:00,1840.2906494140625,1853.2167283771687,1813.9597478225503,1817.789697144952,1135600
2024-03-07 09:00:00+09:00,1845.078125,1864.7066156914893,1834.06702046575,1847.950587052413,785600
2024-03-08 09:00:00+09:00,1889.601318359375,1913.0597588457215,1857.5254915719217,1878.590213641294,1963000
2024-03-11 09:00:00+09:00,1901.5699462890625,1929.3370804493761,1888.643866593744,1910.187332752608,1403600
2024-03-12 09:00:00+09:00,1908.7509765625,1918.3258497832799,1876.6751512728868,1905.3997709352268,1063600
2024-03-13 09:00:00+09:00,1922.1558837890625,1932.688244796126,1899.1761870463788,1916.4109596033916,985800
2024-03-14 09:00:00+09:00,1939.390625,1950.8804731856333,1914.0172102567267,1927.9007768143667,1019200
2024-03-15 09:00:00+09:00,1936.9969482421875,1938.4331792962475,1915.4534824312882,1918.804688224095,1365400
2024-03-18 09:00:00+09:00,1941.784423828125,1952.7955287955922,1930.7733188606578,1948.486835547453,670600
2024-03-19 09:00:00+09:00,1929.337158203125,1946.5719318247907,1911.1448971580335,1941.7844947076612,1287400
2024-03-21 09:00:00+09:00,1926.464599609375,1929.8158054238047,1915.9322384783097,1929.8158054238047,1181200
2024-03-22 09:00:00+09:00,1967.636474609375,1972.4239112872567,1921.1983388339227,1926.4645191795926,1011400
2024-03-25 09:00:00+09:00,1967.636474609375,1989.6586833276308,1961.412806928129,1974.3388859584095,666000
2024-03-26 09:00:00+09:00,1969.5516357421875,1981.5202285699838,1950.880630930825,1959.0192740537266,660600
2024-03-27 09:00:00+09:00,1994.9248046875,2012.6383198719102,1974.3388275812936,1986.786162575744,996800
2024-03-28 09:00:00+09:00,1964.9769287109375,1997.3401180481137,1948.5538177040123,1987.196431837954,737200
2024-03-29 09:00:00+09:00,2001.6873779296875,2007.0007372823,1980.9169731876564,1998.7891819191716,319800
2024-04-01 09:00:00+09:00,1965.9429931640625,2012.7971627800118,1947.5877514588453,2004.1025746038563,1242400
2024-04-02 09:00:00+09:00,1949.036865234375,1978.984891416415,1933.5798194629995,1956.282355439707,1410800
2024-04-03 09:00:00+09:00,1955.79931640625,1979.467917666785,1944.6895647941622,1948.5538262244536,983800
2024-04-04 09:00:00+09:00,1957.2484130859375,1978.98488361626,1947.5877595169052,1970.290295404131,841000
2024-04-05 09:00:00+09:00,1960.629638671875,1966.909063481615,1938.410135498949,1947.1047236970505,691400
2024-04-08 09:00:00+09:00,1979.9510498046875,1992.509900084005,1948.0708914033435,1960.1467089796101,489600
2024-04-09 09:00:00+09:00,1985.7474365234375,1986.713501926757,1965.9430957553857,1978.0189132968808,458600
2024-04-10 09:00:00+09:00,1979.9510498046875,1990.0947365687516,1970.2903957436743,1976.0867881802822,463600
2024-04-11 09:00:00+09:00,1970.7734375,1975.1207318474264,1940.8254097732843,1950.969096583946,914000
2024-04-12 09:00:00+09:00,1995.4080810546875,2004.5857023425208,1974.6376749822227,2004.5857023425208,752400
2024-04-15 09:00:00+09:00,1976.086669921875,1995.8910095617669,1955.316264933696,1963.5278203941389,577000
2024-04-16 09:00:00+09:00,1939.3760986328125,1969.3241230699816,1935.9948700673256,1961.1125679823708,726600
2024-04-17 09:00:00+09:00,1897.352294921875,1937.444005837994,1890.106804997275,1932.1306465599541,917400
2024-04-18 09:00:00+09:00,1882.3782958984375,1899.767471842072,1864.506087289702,1899.767471842072,1243600
2024-04-19 09:00:00+09:00,1868.853515625,1880.9293331206384,1836.490324736689,1876.5820388222087,1117600
2024-04-22 09:00:00+09:00,1892.52197265625,1904.1147565622607,1878.9970580992374,1900.2504952602571,945000
2024-04-23 09:00:00+09:00,1890.58984375,1902.182627666709,1878.5140271700946,1885.2764844548415,710200
2024-04-24 09:00:00+09:00,1870.302490234375,1889.6237969516721,1850.0151181812128,1881.4122415968209,1034200
2024-04-25 09:00:00+09:00,1885.2764892578125,1894.9371425463485,1864.9891173518868,1883.3443586001054,1043000
2024-04-26 09:00:00+09:00,1901.216552734375,1902.665650716642,1861.6078745524087,1865.95516849921,961600
2024-04-30 09:00:00+09:00,1910.8773193359375,1914.2585481618605,1894.4542078957397,1912.8094500936077,880600
2024-05-01 09:00:00+09:00,1903.1488037109375,1914.74158830207,1883.3444633677527,1900.7336402544515,705400
2024-05-02 09:00:00+09:00,1920.0548095703125,1920.0548095703125,1894.9371114325374,1904.1147319059553,855400
2024-05-07 09:00:00+09:00,1908.4620361328125,1908.4620361328125,1887.2085991320928,1890.5898277458436,863800
2024-05-08 09:00:00+09:00,1911.3603515625,1912.3264169411011,1878.9971613793593,1910.3942861838987,792000
2024-05-09 09:00:00+09:00,1915.7076416015625,1926.3343607430738,1891.072974500786,1900.7336282657964,647800
2024-05-10 09:00:00+09:00,1893.0050048828125,1920.5378666532438,1885.2764822805862,1908.4620500872652,854200
2024-05-13 09:00:00+09:00,1878.9970703125,1889.6237889620825,1861.1248616745663,1888.6577236303021,737000
2024-05-14 09:00:00+09:00,1836.490234375,1893.0050574738625,1832.142940290472,1873.6837504315163,1149000
2024-05-15 09:00:00+09:00,1814.270751953125,1836.4902553050536,1793.5003466458875,1828.2786997184712,1100800
2024-05-16 09:00:00+09:00,1774.1790771484375,1813.7877578797668,1764.0353906196826,1813.7877578797668,1258600
2024-05-17 09:00:00+09:00,1799.77978515625,1807.9913408051111,1741.3328302437685,1747.129222466494,1223400
2024-05-20 09:00:00+09:00,1806.542236328125,1813.3046938972677,1786.737896304207,1797.3646153414313,1047800
2024-05-21 09:00:00+09:00,1781.9075927734375,1807.9913580241193,1777.5602985649905,1788.1870177411943,1138000
2024-05-22 09:00:00+09:00,1764.035400390625,1788.670067811195,1761.137204223499,1788.670067811195,750200
2024-05-23 09:00:00+09:00,1775.14501953125,1785.7717380155188,1740.8497007865647,1754.8576478794644,822800
2024-05-24 09:00:00+09:00,1744.2310791015625,1768.8657467931105,1734.5704251048771,1753.4087003984139,829800
2024-05-27 09:00:00+09:00,1749.5443115234375,1757.2728341585494,1740.8497235589366,1749.5443115234375,441400
2024-05-28 09:00:00+09:00,1738.4345703125,1747.6121909948945,1729.2569496301055,1746.6461256599055,511200
2024-05-29 09:00:00+09:00,1694.961669921875,1726.8418267229133,1693.9956045642678,1725.3927286865026,906200
2024-05-30 09:00:00+09:00,1696.893798828125,1696.893798828125,1669.843968843959,1679.0215897314438,708800
2024-05-31 09:00:00+09:00,1717.1812744140625,1723.943732316115,1700.275129658931,1702.2072604880889,825600
2024-06-03 09:00:00+09:00,1734.5703125,1744.7139985380118,1722.0114631196045,1722.4944957880814,683800
2024-06-04 09:00:00+09:00,1741.332763671875,1748.5782536732836,1727.807849002579,1729.7399796696213,720800
2024-06-05 09:00:00+09:00,1784.32275390625,1817.6520094610771,1738.9176811214131,1741.8158772566155,1520400
2024-06-06 09:00:00+09:00,1765.00146484375,1791.5682630283166,1763.0693340666905,1784.3227726143439,855800
2024-06-07 09:00:00+09:00,1788.1868896484375,1788.669922303664,1757.2727997139427,1776.1110732677755,618800
2024-06-10 09:00:00+09:00,1787.220947265625,1792.5343068385769,1766.4505416622678,1781.424555004223,802600
2024-06-11 09:00:00+09:00,1770.7978515625,1803.6440746684054,1766.9335900206286,1780.458505417178,563800
2024-06-12 09:00:00+09:00,1728.2908935546875,1780.4584219235824,1727.8078608846051,1773.6959645424295,979000
2024-06-13 09:00:00+09:00,1719.11328125,1725.3927059918517,1701.2410723693454,1717.6641832326495,868600
2024-06-14 09:00:00+09:00,1728.7740478515625,1730.2231459637599,1697.3769220872844,1707.5206088726663,1551200
2024-06-17 09:00:00+09:00,1746.6461181640625,1750.5103794874342,1718.6302235696166,1731.6721055359967,1042400
2024-06-18 09:00:00+09:00,1750.9935302734375,1778.0433613617997,1739.4007455212825,1773.6960670797414,1364600
2024-06-19 09:00:00+09:00,1730.2230224609375,1750.9934272531823,1725.8757284346539,1747.6121985660725,1042400
2024-06-20 09:00:00+09:00,1702.2071533203125,1716.215100949793,1683.3688789220457,1714.766002919157,822600
2024-06-21 09:00:00+09:00,1697.3768310546875,1713.3169094339717,1692.063471594926,1699.7919944454882,1102600
2024-06-24 09:00:00+09:00,1698.3428955078125,1719.1133006576522,1693.51256872878,1719.1133006576522,701800
2024-06-25 09:00:00+09:00,1724.4266357421875,1727.3248317686448,1703.1731982148328,1711.384753623129,701200
2024-06-26 09:00:00+09:00,1705.1053466796875,1720.5623923153107,1705.1053466796875,1706.5544447080272,824000
2024-06-27 09:00:00+09:00,1713.7999267578125,1722.0114822129656,1701.2410772381668,1702.207142585832,723000
2024-06-28 09:00:00+09:00,1709.9356689453125,1721.0454204667087,1704.1392768471928,1709.4526362704694,786200
2024-07-01 09:00:00+09:00,1686.7501220703125,1731.6721614038001,1686.267089389307,1710.4187234395695,910800
2024-07-02 09:00:00+09:00,1693.5125732421875,1694.4786386005687,1667.9118412450866,1680.9537235832324,836600
2024-07-03 09:00:00+09:00,1686.7501220703125,1691.0974161993597,1669.3609455541236,1689.1652854753386,783400
2024-07-04 09:00:00+09:00,1671.2930908203125,1676.1234176723945,1665.0136659126063,1666.4627639682308,1200000
2024-07-05 09:00:00+09:00,1651.0057373046875,1665.4967180300066,1649.5566392321557,1665.4967180300066,1289400
2024-07-08 09:00:00+09:00,1655.8360595703125,1658.2512230177604,1638.9299154381767,1652.4548307438854,1317800
2024-07-09 09:00:00+09:00,1651.0057373046875,1664.0476199574748,1651.0057373046875,1655.8360642131272,917600
2024-07-10 09:00:00+09:00,1664.5306396484375,1667.4288357708667,1650.5226917233636,1651.005724410435,811200
2024-07-11 09:00:00+09:00,1678.055419921875,1686.750007589864,1668.3947669574427,1671.2929628467723,792800
2024-07-12 09:00:00+09:00,1736.0194091796875,1743.2648992013055,1678.055489006743,1680.9536850153902,1802800
2024-07-16 09:00:00+09:00,1710.418701171875,1753.4086092216623,1708.0035377982915,1736.0194329318608,958000
2024-07-17 09:00:00+09:00,1705.5885009765625,1731.6722673466375,1700.758173870993,1727.3249729516249,580800
2024-07-18 09:00:00+09:00,1813.78759765625,1832.625870974118,1729.2568840504327,1729.2568840504327,2869800
2024-07-19 09:00:00+09:00,1799.77978515625,1830.6938770107856,1779.975445061938,1821.0332233062434,1841000
2024-07-22 09:00:00+09:00,1814.7537841796875,1825.3805031714237,1794.4664115591002,1799.7797710549683,1328200
2024-07-23 09:00:00+09:00,1822.4822998046875,1822.4822998046875,1800.2627965470633,1812.3386135349026,1071400
2024-07-24 09:00:00+09:00,1803.64404296875,1827.3126444967277,1790.60216049415,1823.448383022772,1239800
2024-07-25 09:00:00+09:00,1860.1588134765625,1878.0310222791159,1811.3725137722954,1835.5241472892594,2993400
2024-07-26 09:00:00+09:00,1874.166748046875,1879.4801073841213,1850.498147362778,1869.336421376651,2187600
2024-07-29 09:00:00+09:00,1889.1407470703125,1909.9111516021517,1880.4461591267518,1906.5299229574337,1779200
2024-07-30 09:00:00+09:00,1866.438232421875,1901.2165845788045,1857.7436443826427,1892.0389638707259,703800
2024-07-31 09:00:00+09:00,1908.4620361328125,1909.9111341101343,1878.9970439272693,1883.3443378592347,1286200
2024-08-01 09:00:00+09:00,1891.072998046875,1917.6397962314416,1864.0231671680435,1911.3603712059985,1317000
2024-08-02 09:00:00+09:00,1858.226806640625,1900.7336844634415,1858.226806640625,1876.0990166343092,2178200
2024-08-05 09:00:00+09:00,1724.9097900390625,1860.641980182153,1710.4188088849958,1810.889611553191,3051400
2024-08-06 09:00:00+09:00,1781.9075927734375,1835.5242213442837,1729.257029582246,1777.5602985649905,2460600
2024-08-07 09:00:00+09:00,1917.6397705078125,2021.4917983816613,1912.809443629959,1950.9690259650013,4023400
2024-08-08 09:00:00+09:00,1913.2923583984375,1985.2642244427109,1903.1486725801171,1907.0129338442391,2243400
2024-08-09 09:00:00+09:00,1899.767578125,1914.25855888873,1856.7776685259344,1891.0729896667622,2390200
2024-08-13 09:00:00+09:00,1903.1488037109375,1917.6397844498533,1867.8874172462426,1906.0469998587207,1268400
2024-08-14 09:00:00+09:00,1904.1148681640625,1915.2246200584748,1880.929298993115,1903.1488027819396,1060200
2024-08-15 09:00:00+09:00,1911.3603515625,1919.5719072806103,1887.6917497867703,1911.8433842518004,1176200
2024-08-16 09:00:00+09:00,1924.88525390625,1927.3004173364961,1886.2426390223102,1894.4541946851473,1265200
2024-08-19 09:00:00+09:00,1952.4180908203125,1957.2484176160085,1911.3603130568968,1928.2664568418325,1018200
2024-08-20 09:00:00+09:00,1967.8751220703125,1978.0188082665513,1943.7234882697442,1947.1047170018237,922200
2024-08-21 09:00:00+09:00,2013.2802734375,2039.3640389762777,1990.0947040696976,1990.0947040696976,1399800
2024-08-22 09:00:00+09:00,2035.982666015625,2055.303972454682,2022.9407841692616,2027.2880781180495,1340000
2024-08-23 09:00:00+09:00,2094.912841796875,2098.777103437266,2053.3720291626737,2056.7532580980155,1467800
2024-08-26 09:00:00+09:00,2128.241943359375,2153.8426748614283,2101.1921138477715,2104.090309866872,2235800
2024-08-27 09:00:00+09:00,2141.766845703125,2155.2917603805463,2106.0224283413677,2128.2419310257033,1584200
2024-08-28 09:00:00+09:00,2143.2158203125,2156.257701572008,2126.7927105783046,2154.325571015044,1164400
2024-08-29 09:00:00+09:00,2148.529296875,2152.8765908659793,2128.2419249170975,2143.215937552692,925600
2024-08-30 09:00:00+09:00,2113.7509765625,2135.9704795153966,2094.429669646938,2135.0044141696185,1470200
2024-09-02 09:00:00+09:00,2106.988525390625,2106.988525390625,2074.625336211081,2092.0145124866567,1187400
2024-09-03 09:00:00+09:00,2120.0302734375,2128.2418283813226,2092.9804453872607,2101.1920003310834,1004600
2024-09-04 09:00:00+09:00,2087.6669921875,2119.0641126160485,2077.0402745039914,2089.1160900534333,1095400
2024-09-05 09:00:00+09:00,2093.94677734375,2120.0305434283086,2070.2781747855392,2083.8030905330884,944400
2024-09-06 09:00:00+09:00,2094.4296875,2123.894680797394,2086.7011646678966,2101.1921449780903,876800
2024-09-09 09:00:00+09:00,2114.23388671875,2121.9624090371185,2077.5234057064986,2084.285862735071,893800
2024-09-10 09:00:00+09:00,2168.81689453125,2179.443614281737,2108.9208377557766,2114.2341976310204,1414000
2024-09-11 09:00:00+09:00,2119.064453125,2199.730913957431,2104.573472137138,2197.315750459454,1556800
2024-09-12 09:00:00+09:00,2135.970703125,2143.2161939768484,2106.022674270692,2132.5894740608037,1380600
2024-09-13 09:00:00+09:00,2108.4375,2128.7248711340208,2080.9046391752577,2114.233891752577,1403000
2024-09-17 09:00:00+09:00,2154.808837890625,2168.816785951335,2121.4795821599696,2131.623268686691,1019600
2024-09-18 09:00:00+09:00,2163.986328125,2168.816654750279,2136.4534663609097,2149.9783809116907,1270600
2024-09-19 09:00:00+09:00,2156.2578125,2189.5870663222445,2134.5213426159276,2163.986335125448,1281600
2024-09-20 09:00:00+09:00,2155.77490234375,2167.8507196322544,2145.631215821407,2156.2579350352903,1551800
2024-09-24 09:00:00+09:00,2159.63916015625,2187.6550562173243,2145.1481794350047,2154.32580055846,969200
2024-09-25 09:00:00+09:00,2132.1064453125,2159.156277876501,2118.5815290304995,2159.156277876501,732200
2024-09-26 09:00:00+09:00,2171.23193359375,2171.23193359375,2135.4875146647314,2144.665135741101,1058600
2024-09-27 09:00:00+09:00,2129.796142578125,2162.4572415830994,2111.2719371723183,2144.4205152669197,2219600
2024-09-30 09:00:00+09:00,2177.569091796875,2193.168422653714,2096.6475629770225,2101.0348747805087,1913600
2024-10-01 09:00:00+09:00,2146.85791015625,2175.6191764367263,2141.9831192612537,2175.6191764367263,995400
2024-10-02 09:00:00+09:00,2139.545654296875,2169.2818777901784,2137.1082589285716,2150.270193917411,1184000
2024-10-03 09:00:00+09:00,2150.270263671875,2171.231864519277,2138.570765524488,2150.757742761349,1052600
2024-10-04 09:00:00+09:00,2162.944580078125,2168.306849715461,2130.28348319617,2131.7459203699887,864600
2024-10-07 09:00:00+09:00,2146.37060546875,2169.2821245368923,2122.971607271498,2162.9448958584703,1213000
2024-10-08 09:00:00+09:00,2165.38232421875,2167.8197199011215,2114.1970148889504,2128.3339098467045,952600
2024-10-09 09:00:00+09:00,2188.29345703125,2198.043038038295,2171.2316902689213,2177.0814388731483,952400
2024-10-10 09:00:00+09:00,2161.9697265625,2184.8812433941657,2155.6324985026777,2184.8812433941657,893200
2024-10-11 09:00:00+09:00,2156.607421875,2172.206752232143,2142.470528738839,2172.206752232143,913600
2024-10-15 09:00:00+09:00,2141.00830078125,2167.332173331839,2140.0333425386357,2153.19527881393,1041400
2024-10-16 09:00:00+09:00,2135.645751953125,2164.8944954174453,2133.69583572217,2147.345249338853,646800
2024-10-17 09:00:00+09:00,2120.046630859375,2144.42058614633,2117.6092353306794,2139.545795088939,673000
2024-10-18 09:00:00+09:00,2096.16015625,2130.7711727834303,2092.7478025072674,2111.2720085392443,864200
2024-10-21 09:00:00+09:00,2088.847900390625,2098.597482189414,2074.223527692441,2097.6225240095355,1153200
2024-10-22 09:00:00+09:00,2078.61083984375,2086.897984374084,2058.624197152945,2071.786132583475,777600
2024-10-23 09:00:00+09:00,2026.45068359375,2074.711116039211,2019.1384968595894,2063.9865754957755,1092200
2024-10-24 09:00:00+09:00,2025.9632568359375,2040.100151553994,2017.1886325281785,2027.913173348773,693600
2024-10-25 09:00:00+09:00,2019.138427734375,2034.7377588998747,2011.3387621516251,2032.7878425041874,595600
2024-10-28 09:00:00+09:00,2002.5640869140625,2026.938041233854,1990.377109754167,1999.6392123956875,1228000
2024-10-29 09:00:00+09:00,2020.11328125,2023.0381556919644,1992.814453125,2002.0765555245537,909400
2024-10-30 09:00:00+09:00,2033.7628173828125,2052.2870232937776,2010.3638204426459,2010.3638204426459,3633600
2024-10-31 09:00:00+09:00,2075.68603515625,2090.31040834899,2040.100060387249,2048.387205196468,1844200
2024-11-01 09:00:00+09:00,2069.3486328125,2104.934604589959,2068.8611537470556,2085.435441972173,1825400
2024-11-05 09:00:00+09:00,2068.373779296875,2083.4856310899936,2034.2502429898325,2078.610840188988,1734400
2024-11-06 09:00:00+09:00,2025.9632568359375,2109.3221877596493,2017.1886325281785,2102.4974799647252,4107400
2024-11-07 09:00:00+09:00,2011.3387451171875,2026.9380761505734,1985.014873998349,1998.6642886525615,2208400
2024-11-08 09:00:00+09:00,2041.0748291015625,2044.9746615908896,1999.639108902462,2008.901211064614,1749600
2024-11-11 09:00:00+09:00,2010.36376953125,2035.2252031505745,1999.6392295386004,2021.5757886144747,1045000
2024-11-12 09:00:00+09:00,2005.489013671875,2020.6008657437826,1998.176827185468,2010.8512837619066,1404000
2024-11-13 09:00:00+09:00,1996.226806640625,2024.5005929129466,1989.8895786830358,1999.63916015625,1116400
2024-11-14 09:00:00+09:00,1987.4521484375,1996.2267716094095,1970.390381158787,1991.3519809583486,1099800
2024-11-15 09:00:00+09:00,1960.1534423828125,1988.9147090081758,1957.7160469060866,1985.5023553407598,824000
2024-11-18 09:00:00+09:00,1964.540771484375,1985.5023727682033,1945.5290865990423,1953.328752193025,887400
2024-11-19 09:00:00+09:00,1979.652587890625,1979.652587890625,1952.3537588037314,1968.9280478922026,755800
2024-11-20 09:00:00+09:00,1990.8646240234375,2002.076643208682,1975.7527720781077,1991.3521031184482,656000
2024-11-21 09:00:00+09:00,1964.540771484375,2007.4389322512795,1957.7160640896402,1994.2769965614339,613800
2024-11-22 09:00:00+09:00,1995.2518310546875,1998.176705471088,1953.8161101556773,1964.5406496824799,748600
2024-11-25 09:00:00+09:00,1978.6776123046875,2013.7761065362563,1976.2402168719398,2007.438878411112,881600
2024-11-26 09:00:00+09:00,2005.9765625,2015.7261448207778,1970.8780661452006,1978.6777320018227,886000
2024-11-27 09:00:00+09:00,2029.3753662109375,2035.2251150445986,2008.413766223652,2010.363682501539,1127600
2024-11-28 09:00:00+09:00,2101.034912109375,2111.759452263994,2033.2753174961028,2035.712712985789,1673400
2024-11-29 09:00:00+09:00,2097.135009765625,2108.834507728055,2074.7109720043004,2104.934675073912,1084000
2024-12-02 09:00:00+09:00,2085.435546875,2108.834543193373,2072.2736114459153,2107.372105923475,901800
2024-12-03 09:00:00+09:00,2058.13671875,2090.310338702037,2055.211844208906,2078.61084053766,1173800
2024-12-04 09:00:00+09:00,2065.936279296875,2069.8361118203234,2050.3369492030806,2055.2117398573914,580200
2024-12-05 09:00:00+09:00,2050.824462890625,2051.311941964286,2029.8628627232144,2050.336983816964,842800
2024-12-06 09:00:00+09:00,2053.74951171875,2065.4490104800248,2037.1752218069444,2050.8246370284314,575200
2024-12-09 09:00:00+09:00,2068.861328125,2075.1985565099258,2054.2369549290174,2054.72443403555,946000
2024-12-10 09:00:00+09:00,2066.423828125,2079.5857633359874,2057.6492046510084,2071.786098025773,885800
2024-12-11 09:00:00+09:00,2088.847900390625,2095.6726076497775,2065.4489040735307,2080.560755861654,649400
2024-12-12 09:00:00+09:00,2102.009765625,2109.8094308035716,2072.7610212053573,2082.023123604911,1026200
2024-12-13 09:00:00+09:00,2057.649169921875,2106.8845563616073,2041.0748814174108,2092.7476632254466,1284400
2024-12-16 09:00:00+09:00,2058.13671875,2059.599156020547,2038.6375551427047,2047.4121787659876,528600
2024-12-17 09:00:00+09:00,2048.87451171875,2071.7860277907894,2044.9746791958496,2060.5740092874507,598400
2024-12-18 09:00:00+09:00,2030.837890625,2050.824533331583,2022.0632669977194,2047.4121796987517,516000
2024-12-19 09:00:00+09:00,2019.138427734375,2036.6876752955623,2005.9764920634846,2015.2385949430002,699200
2024-12-20 09:00:00+09:00,2016.7010498046875,2062.5240855024495,2000.6142394001542,2019.138445320526,1623800
2024-12-23 09:00:00+09:00,2022.55078125,2038.150112414136,2012.3137201735358,2016.701032063449,722800
2024-12-24 09:00:00+09:00,2013.2886962890625,2016.2135709083686,1991.3521366442665,2013.2886962890625,528200
2024-12-25 09:00:00+09:00,1993.302001953125,2017.6759564891133,1983.5524201387298,2015.7260401262345,528200
2024-12-26 09:00:00+09:00,2006.4639892578125,2006.4639892578125,1984.0399505051744,1993.3020534682205,601200
2024-12-27 09:00:00+09:00,2032.787841796875,2039.6125491794064,2004.5140540692446,2013.7761569455374,1375400
2024-12-30 09:00:00+09:00,2030.837890625,2051.312012421987,2027.4255369921686,2038.6375560714714,688800
2025-01-06 09:00:00+09:00,1969.41552734375,2042.5373909827506,1968.4405691618967,2019.1383946182705,1255800
2025-01-07 09:00:00+09:00,1959.666015625,1973.315430659204,1948.4539961326182,1966.490723142102,1133200
2025-01-08 09:00:00+09:00,1950.40380859375,1963.5657438179517,1941.6291851109488,1948.4538922642387,1070800
2025-01-09 09:00:00+09:00,1955.278564453125,1962.103271484375,1942.1166294642858,1950.8912527901787,833200
2025-01-10 09:00:00+09:00,1949.9163818359375,1968.440587463379,1946.5040281677245,1959.665963745117,1064400
2025-01-14 09:00:00+09:00,1926.5174560546875,1950.4039326100215,1910.4306453133402,1940.6543503425382,1056000
2025-01-15 09:00:00+09:00,1940.1668701171875,1940.1668701171875,1910.9181233315012,1926.5174549505339,829400
2025-01-16 09:00:00+09:00,1935.2919921875,1976.2402358509132,1935.2919921875,1949.9163649244333,1035800
2025-01-17 09:00:00+09:00,1923.592529296875,1942.6042142037625,1897.2686578873386,1930.9047157995242,1346000
2025-01-20 09:00:00+09:00,1914.81787109375,1923.1050156478725,1904.5808101739512,1915.305350185169,866200
2025-01-21 09:00:00+09:00,1909.9429931640625,1918.2301373406294,1895.806100156978,1915.3052629253705,713800
2025-01-22 09:00:00+09:00,1902.1434326171875,1919.2052009774134,1892.3938506970583,1915.7928473053682,931000
2025-01-23 09:00:00+09:00,1905.5557861328125,1907.9931816126448,1888.9814968699536,1891.9063714457523,898200
2025-01-24 09:00:00+09:00,1918.230224609375,1926.0298900715732,1914.3303918782758,1919.692661883537,750600
2025-01-27 09:00:00+09:00,1937.7293701171875,1945.0415564195166,1925.0549138598174,1940.1667655512972,814200
2025-01-28 09:00:00+09:00,1936.75439453125,1964.5407022302888,1932.3670827892965,1950.891287921989,1006000
2025-01-29 09:00:00+09:00,1933.3421630859375,1937.7294751050433,1916.2803941227485,1917.7428314624503,725800
2025-01-30 09:00:00+09:00,1939.6793212890625,1942.1167167669328,1923.1050320395457,1940.1668003846366,792600
2025-01-31 09:00:00+09:00,1925.054931640625,1936.7544298324142,1915.3053498141342,1927.4923270972479,737000
2025-02-03 09:00:00+09:00,1881.181884765625,1920.6676926604205,1881.181884765625,1920.1802135506082,1115600
2025-02-04 09:00:00+09:00,1849.00830078125,1888.4941094718065,1840.2336766277929,1881.6694017968955,1191400
2025-02-05 09:00:00+09:00,1746.1500244140625,1767.5991034409242,1725.6759035247853,1747.124982551647,3482000
2025-02-06 09:00:00+09:00,1759.31201171875,1769.0615933852434,1748.0999928022825,1753.9497418021786,1562800
2025-02-07 09:00:00+09:00,1767.1116943359375,1794.4105232691272,1766.1367361597522,1769.549089776401,1143400
2025-02-10 09:00:00+09:00,1749.074951171875,1767.599156340362,1738.8378904208691,1766.6241981735996,1209200
2025-02-12 09:00:00+09:00,1728.1134033203125,1752.9748373314085,1714.4639885691224,1747.6125672505839,1382200
2025-02-13 09:00:00+09:00,1710.07666015625,1729.5758238980543,1706.176827407889,1720.8012002142423,1759600
2025-02-14 09:00:00+09:00,1677.903076171875,1694.477365709889,1670.5908896109866,1691.5524910855336,2326600
2025-02-17 09:00:00+09:00,1656.94140625,1682.7777976978523,1651.5791363268609,1677.9030068586349,1678000
2025-02-18 09:00:00+09:00,1646.7044677734375,1653.0416963350285,1631.1051359295209,1651.091779854539,2461200
2025-02-19 09:00:00+09:00,1685.2152099609375,1710.0766434894329,1665.2285673203826,1669.615879119529,1872000
2025-02-20 09:00:00+09:00,1708.6142578125,1715.4389652616796,1682.2903862228068,1688.6276145684735,1623000
2025-02-21 09:00:00+09:00,1697.8897705078125,1747.125161498708,1697.8897705078125,1742.7378494302122,1723800
2025-02-25 09:00:00+09:00,1712.5140380859375,1717.8763080600181,1687.6526045697456,1697.889665429354,1000600
2025-02-26 09:00:00+09:00,1708.126708984375,1731.0382259142455,1696.4272109776327,1727.6258723289454,948600
2025-02-27 09:00:00+09:00,1713.00146484375,1722.7510463169644,1707.1517159598216,1714.463902064732,892200
2025-02-28 09:00:00+09:00,1685.7027587890625,1723.726129288064,1680.3404885904854,1708.126797801294,1230400
2025-03-03 09:00:00+09:00,1709.1016845703125,1715.4389127218853,1696.427228267167,1696.427228267167,780400
2025-03-04 09:00:00+09:00,1715.9263916015625,1736.4005133195358,1706.176809831099,1723.2385779294102,825000
2025-03-05 09:00:00+09:00,1723.2386474609375,1734.9381460575605,1717.388898162626,1727.1384803264784,758200
2025-03-06 09:00:00+09:00,1705.689453125,1733.9632422879752,1701.3021410135038,1730.550888423478,1034800
2025-03-07 09:00:00+09:00,1715.9263916015625,1732.013201522827,1712.0265588933771,1723.2385779294102,1490400
2025-03-10 09:00:00+09:00,1739.3253173828125,1749.5623778270499,1723.7259871820697,1728.1132988010288,1236800
2025-03-11 09:00:00+09:00,1725.6759033203125,1742.7376707260219,1712.026489395745,1739.32531724488,1578400
2025-03-12 09:00:00+09:00,1749.074951171875,1761.261928256406,1700.8145219171327,1713.0014990016637,1577400
2025-03-13 09:00:00+09:00,1750.0499267578125,1754.9247176401461,1720.80118146381,1754.9247176401461,1077200
2025-03-14 09:00:00+09:00,1762.724365234375,1770.0365514839646,1726.6509130697336,1732.5006620694053,1669200
2025-03-17 09:00:00+09:00,1752.4873046875,1766.624198105007,1742.737723020254,1764.1868026881955,974800
2025-03-18 09:00:00+09:00,1782.7110595703125,1796.8479533979141,1757.8496255976338,1763.6993747676759,993000
2025-03-19 09:00:00+09:00,1784.173583984375,1791.9732499252902,1765.649377374701,1768.5742521025443,959000
2025-03-21 09:00:00+09:00,1803.6727294921875,1817.8096238584776,1796.3605427510029,1808.5475206529773,1421200
2025-03-24 09:00:00+09:00,1789.5357666015625,1809.522409595478,1781.2486219455486,1803.672660426527,880000
2025-03-25 09:00:00+09:00,1788.0733642578125,1791.4857180063962,1771.0115955148945,1785.1484896161694,856400
2025-03-26 09:00:00+09:00,1744.2001953125,1791.485667348641,1741.2753207535634,1790.0232300691728,1674400
2025-03-27 09:00:00+09:00,1749.5625,1764.6743521872388,1741.2753552521594,1750.0499791028142,1471000
2025-03-28 09:00:00+09:00,1751.999755859375,1751.999755859375,1722.2635329580335,1735.4254676848568,1140200
2025-03-31 09:00:00+09:00,1732.9881591796875,1743.2252200356013,1712.51403746786,1732.5006800913106,1083000
2025-04-01 09:00:00+09:00,1727.138427734375,1744.6876750949275,1716.9013667740528,1742.2502796281842,811500
2025-04-02 09:00:00+09:00,1696.914794921875,1727.625979087367,1696.914794921875,1726.6510208598913,870400
2025-04-03 09:00:00+09:00,1727.6258544921875,1732.988124356582,1663.2786161194535,1663.2786161194535,1220900
2025-04-04 09:00:00+09:00,1786.1234130859375,1797.8229114249284,1719.338776734198,1727.6259213909832,2445100
2025-04-07 09:00:00+09:00,1722.263671875,1763.6993956534816,1690.0900510587674,1737.8630031798402,2027500
2025-04-08 09:00:00+09:00,1761.261962890625,1771.4990238429368,1705.2018671993928,1761.261962890625,1416500
2025-04-09 09:00:00+09:00,1776.861328125,1799.2853668338478,1707.1518164866254,1730.0633342978394,2187000
2025-04-10 09:00:00+09:00,1836.8211669921875,1839.7460414619202,1746.63753750876,1815.8595666257693,1845400
2025-04-11 09:00:00+09:00,1800.26025390625,1827.559082560122,1756.3871364268125,1758.824531842337,1607900
2025-04-14 09:00:00+09:00,1831.4588623046875,1851.932983203489,1807.0849088537334,1812.9346576819626,1094700
2025-04-15 09:00:00+09:00,1828.5340576171875,1848.033221121503,1821.221871303069,1838.771118456953,810600
2025-04-16 09:00:00+09:00,1840.2335205078125,1848.5206648385763,1811.9597339675602,1828.5340226290873,647700
2025-04-17 09:00:00+09:00,1838.2835693359375,1860.2201274425718,1830.971383300393,1851.445504199918,985000
2025-04-18 09:00:00+09:00,1863.14501953125,1868.019810267857,1836.8211495535716,1844.133335658482,942600
2025-04-21 09:00:00+09:00,1919.692626953125,1928.4672504384364,1866.069927876222,1868.9948023713257,1499200
2025-04-22 09:00:00+09:00,1970.8779296875,1982.0899485801076,1914.817835224462,1921.1550632941967,2050700
2025-04-23 09:00:00+09:00,1957.228515625,1982.0899488247198,1937.729352331102,1961.615827366127,1704200
2025-04-24 09:00:00+09:00,1857.2952880859375,1938.2168150734087,1849.0081437558952,1938.2168150734087,2178800
2025-04-25 09:00:00+09:00,1845.5958251953125,1856.8078442073286,1833.8963270958177,1852.420532420018,1302500
2025-04-28 09:00:00+09:00,1866.0699462890625,1868.019862638372,1829.0215356521846,1833.4088474381306,1192700
2025-04-30 09:00:00+09:00,1908.968017578125,1908.968017578125,1871.4321295920383,1887.031459664178,1347300
2025-05-01 09:00:00+09:00,1897.756103515625,1916.7677880871918,1889.468958958788,1913.8429135377198,727000
2025-05-02 09:00:00+09:00,1888.4940185546875,1899.7060377665507,1858.2703145922737,1884.1067066891758,717600
2025-05-07 09:00:00+09:00,1911.8929443359375,1922.617484054293,1893.8562184459759,1901.168404617582,969300
2025-05-08 09:00:00+09:00,1929.4422607421875,1931.3921771249486,1907.0182223404338,1910.9180551059562,711600
2025-05-09 09:00:00+09:00,1954.3037109375,1960.640939234379,1927.9798395504647,1950.8913572391807,1262000
2025-05-12 09:00:00+09:00,1914.81787109375,1945.0415747617267,1888.006521065706,1944.5540956703076,1292000
2025-05-13 09:00:00+09:00,1862.65771484375,1895.318815836823,1855.8330071735556,1894.3438575982236,1410400
2025-05-14 09:00:00+09:00,1757.849609375,1817.322058721575,1747.1250693288962,1794.8980204433583,2598900
2025-05-15 09:00:00+09:00,1778.8111572265625,1782.7109898540805,1754.924682383016,1757.8495568536543,1425200
2025-05-16 09:00:00+09:00,1794.8980712890625,1801.2352996776442,1782.711093618713,1795.3855503958764,811800
2025-05-19 09:00:00+09:00,1784.173583984375,1800.2603949875129,1777.8363554073812,1787.0984587122182,645500
2025-05-20 09:00:00+09:00,1763.2119140625,1809.5224288084048,1763.2119140625,1784.1735154738042,1009700
2025-05-21 09:00:00+09:00,1766.624267578125,1786.6109107819614,1762.7244347578642,1783.6860361667657,551800
2025-05-22 09:00:00+09:00,1802.69775390625,1827.5591885869474,1766.6242996636697,1770.5241325547595,1238100
2025-05-23 09:00:00+09:00,1793.435546875,1808.059919369224,1783.1984861290432,1791.4856305424369,1112500
2025-05-26 09:00:00+09:00,1821.221923828125,1832.4339431664673,1807.0850298797802,1807.0850298797802,840300
2025-05-27 09:00:00+09:00,1808.5474853515625,1817.3221092697102,1802.2102569662336,1813.4222764172002,715300
2025-05-28 09:00:00+09:00,1811.959716796875,1818.2969447544644,1791.9730747767858,1815.8595493861608,867300
2025-05-29 09:00:00+09:00,1790.0233154296875,1813.4223130170037,1786.6109616148706,1810.0099592021868,971800
2025-05-30 09:00:00+09:00,1813.90966796875,1818.296979716054,1781.2485694054858,1795.3854628134657,1038400
2025-06-02 09:00:00+09:00,1796.3604736328125,1814.397200233739,1793.9230781462009,1806.1100555792593,671500
2025-06-03 09:00:00+09:00,1856.3204345703125,1867.5324540018032,1816.347147901519,1823.6593344872738,1526600
2025-06-04 09:00:00+09:00,1838.7711181640625,1861.1951561904536,1830.4839736760484,1856.320365315151,891300
2025-06-05 09:00:00+09:00,1838.2835693359375,1849.0081088547365,1830.4839042313565,1833.8962577146108,781500
2025-06-06 09:00:00+09:00,1848.0333251953125,1859.2453448417098,1836.3338264338545,1836.3338264338545,723100
2025-06-09 09:00:00+09:00,1827.55908203125,1853.395473428331,1823.6592493675396,1849.0081616816567,535300
2025-06-10 09:00:00+09:00,1828.5340576171875,1841.2085138949926,1813.9096849889509,1815.3721222517745,663400
2025-06-11 09:00:00+09:00,1817.8094482421875,1827.559029621872,1801.7226389657078,1824.1466761389825,788400
2025-06-12 09:00:00+09:00,1830.48388671875,1831.9463239118675,1814.3970775944574,1821.2217844956724,550400
2025-06-13 09:00:00+09:00,1825.609130859375,1849.49560546875,1820.734340122768,1848.5206473214287,1141700
2025-06-16 09:00:00+09:00,1836.8211669921875,1847.545706714541,1827.0715854264115,1847.0582276362522,590200
2025-06-17 09:00:00+09:00,1824.6341552734375,1834.8712157224736,1823.6591971354342,1827.071550618446,541800
2025-06-18 09:00:00+09:00,1849.4957275390625,1873.3822037249913,1813.909752813087,1816.3471483422634,814000
2025-06-19 09:00:00+09:00,1849.4957275390625,1855.345476809086,1823.6593349297925,1842.6710200573687,799500
2025-06-20 09:00:00+09:00,1860.22021484375,1867.0449221309127,1832.9213856950996,1848.5207166371856,1494700
2025-06-23 09:00:00+09:00,1833.8963623046875,1857.2953589529131,1833.8963623046875,1842.6709860477722,629100
2025-06-24 09:00:00+09:00,1833.8963623046875,1847.5457770161527,1828.0466131426313,1843.6459442414482,548800
2025-06-25 09:00:00+09:00,1831.9464111328125,1833.89632748314,1809.0348940164629,1823.65926664392,741200
2025-06-26 09:00:00+09:00,1829.99658203125,1835.358852250308,1801.7227936034894,1810.0099384874882,1173900
2025-06-27 09:00:00+09:00,1824.146728515625,1826.584123930531,1810.9847932751327,1814.8846259389823,817500
2025-06-30 09:00:00+09:00,1837.796142578125,1838.283621661037,1822.684291007854,1836.3337053293892,891900
2025-07-01 09:00:00+09:00,1834.871337890625,1855.3454601518913,1826.096714064368,1851.9331064416801,713600
2025-07-02 09:00:00+09:00,1826.0966796875,1848.5207179324614,1824.6342424106547,1824.6342424106547,775800
2025-07-03 09:00:00+09:00,1790.5107421875,1823.1718420313775,1784.1735138595834,1815.3721763970188,1018800
2025-07-04 09:00:00+09:00,1780.7611083984375,1791.9731274220246,1748.10000950364,1773.9364011666887,2010200
2025-07-07 09:00:00+09:00,1800.26025390625,1800.7477329893547,1782.711006914475,1792.948067659677,838400
2025-07-08 09:00:00+09:00,1769.5491943359375,1794.4106292976821,1769.5491943359375,1787.098442544228,987900
2025-07-09 09:00:00+09:00,1756.8746337890625,1771.4990064343654,1755.4121965245322,1765.6492573762441,866200
2025-07-10 09:00:00+09:00,1749.074951171875,1761.7494073397872,1747.12503483835,1755.8996583392125,1131400
2025-07-11 09:00:00+09:00,1741.7628173828125,1762.236939501502,1737.3755055002362,1760.77450220731,949400
2025-07-14 09:00:00+09:00,1749.074951171875,1754.9247001724498,1727.6258715031006,1735.4255368372005,816300
2025-07-15 09:00:00+09:00,1751.512451171875,1757.849679634228,1741.7628689221012,1754.924804959296,804300
2025-07-16 09:00:00+09:00,1762.724365234375,1764.186802484293,1744.2001600687483,1750.04990906842,1023600
2025-07-17 09:00:00+09:00,1771.9864501953125,1774.9113246660613,1752.9747661354454,1759.3119941554012,792900
2025-07-18 09:00:00+09:00,1784.173583984375,1798.310478502284,1778.3238345286884,1778.8113136499958,995500
2025-07-22 09:00:00+09:00,1748.0999755859375,1775.8862830617877,1742.2502266436534,1768.5740968839323,1120700
2025-07-23 09:00:00+09:00,1765.1617431640625,1768.0866176349225,1736.4004775339383,1745.1751009465186,1444100
2025-07-24 09:00:00+09:00,1761.261962890625,1786.6108757249212,1757.8496092398543,1783.6860011671179,1008300
2025-07-25 09:00:00+09:00,1763.2119140625,1776.3738498323887,1757.3621648314383,1776.3738498323887,872100
2025-07-28 09:00:00+09:00,1773.448974609375,1789.5357849892841,1767.5992253803172,1770.524099994846,715900
2025-07-29 09:00:00+09:00,1750.0499267578125,1772.4739648165476,1748.5874894931123,1759.3120294342466,830600
2025-07-30 09:00:00+09:00,1773.9364013671875,1773.9364013671875,1747.1250515251443,1752.97480058159,713200
2025-07-31 09:00:00+09:00,1781.736083984375,1782.2235630771204,1764.6743157382866,1772.4739812222126,621500
2025-08-01 09:00:00+09:00,1794.4105224609375,1807.0849787456386,1789.5357315822064,1792.460606109445,743400
2025-08-04 09:00:00+09:00,1787.5858154296875,1796.3604390123803,1765.6492564729556,1774.9113591435757,897400
2025-08-05 09:00:00+09:00,1780.7611083984375,1791.9731274220246,1765.649256670994,1779.2986711344913,1543500
2025-08-06 09:00:00+09:00,1620.867919921875,1633.054896763393,1587.2318638392858,1616.4806082589287,8454100
2025-08-07 09:00:00+09:00,1628.6676025390625,1648.6542447731545,1621.355416355858,1632.5674351701048,4361100
2025-08-08 09:00:00+09:00,1662.7911376953125,1670.1033238769103,1624.7677695510047,1625.2552486297777,3103100
2025-08-12 09:00:00+09:00,1681.3153076171875,1692.5273261950927,1662.7911030102134,1670.1032890392821,1999800
2025-08-13 09:00:00+09:00,1678.3905029296875,1691.5524383287877,1671.5657956857099,1676.9280656631208,1907800
2025-08-14 09:00:00+09:00,1667.6658935546875,1679.8528702687672,1660.3537075262395,1671.565726103193,1484300
2025-08-15 09:00:00+09:00,1662.7911376953125,1667.178449404271,1655.478951513715,1662.7911376953125,1145700
2025-08-18 09:00:00+09:00,1665.2286376953125,1678.3905736489933,1663.7662003671257,1670.1034287892685,1073900
2025-08-19 09:00:00+09:00,1679.365478515625,1679.365478515625,1662.303710228819,1668.6409384496326,1338300
2025-08-20 09:00:00+09:00,1700.8145751953125,1713.4890317602533,1694.9648260114936,1703.739449787222,1045300
2025-08-21 09:00:00+09:00,1690.090087890625,1704.2269821937193,1684.7278176377272,1704.2269821937193,880800
2025-08-22 09:00:00+09:00,1697.4022216796875,1697.4022216796875,1675.9531413368081,1685.2152442121424,842600
2025-08-25 09:00:00+09:00,1696.42724609375,1700.814557937096,1684.2402687511224,1691.552455156699,1002500
2025-08-26 09:00:00+09:00,1673.515625,1690.0899131590445,1667.178397174483,1687.6525178415382,1201400
2025-08-27 09:00:00+09:00,1658.891357421875,1666.6910229284133,1656.4539619510817,1663.2786692693028,1318400
2025-08-28 09:00:00+09:00,1667.6658935546875,1674.9780795831355,1662.7911028690555,1667.1784144861242,773100
2025-08-29 09:00:00+09:00,1654.5040283203125,1675.9531082396095,1652.554111964013,1669.1284009925605,1208600
2025-09-01 09:00:00+09:00,1670.1033935546875,1674.4907054466876,1649.1417922929095,1650.1167504911318,1358800
2025-09-02 09:00:00+09:00,1644.7545166015625,1658.8914107869346,1639.8797255031584,1652.5541823590092,2043600
2025-09-03 09:00:00+09:00,1652.55419921875,1654.9915947928191,1642.8046169224742,1644.7545333817295,1016000
2025-09-04 09:00:00+09:00,1656.4539794921875,1658.8913749887918,1638.4172528173167,1654.991542194225,1553400
2025-09-05 09:00:00+09:00,1656.4539794921875,1659.3788540881126,1636.9548155193543,1638.9047319166375,2674300
2025-09-08 09:00:00+09:00,1674.4906005859375,1674.4906005859375,1660.3537075970023,1666.20345642001,1639300
2025-09-09 09:00:00+09:00,1671.078369140625,1679.852993015926,1661.816266161141,1674.0032437657253,1890600
2025-09-10 09:00:00+09:00,1666.69091796875,1673.0281457937263,1657.9162948264752,1666.69091796875,1584900
2025-09-11 09:00:00+09:00,1680.827880859375,1680.827880859375,1657.9163639219066,1662.30367567589,1181700
2025-09-12 09:00:00+09:00,1679.8529052734375,1685.2151751393712,1674.0031563287826,1680.82786343088,1876600
2025-09-16 09:00:00+09:00,1688.6275634765625,1696.4272288967775,1672.0532744586055,1677.9030235237667,1225200
2025-09-17 09:00:00+09:00,1694.477294921875,1697.889648507736,1682.290317829514,1682.7777969132082,1261700
2025-09-18 09:00:00+09:00,1701.78955078125,1706.176862713943,1683.7528239468454,1690.5775313977013,1673300
2025-09-19 09:00:00+09:00,1708.6142578125,1713.9765279511412,1693.502405603602,1695.9398011211663,1892000
2025-09-22 09:00:00+09:00,1701.302001953125,1720.8011652992927,1697.8896483675458,1711.0515836262089,1110000
2025-09-24 09:00:00+09:00,1694.477294921875,1719.8262072739858,1691.5524204197084,1715.9263746044303,1246500
2025-09-25 09:00:00+09:00,1708.126708984375,1713.0014998205177,1704.226876315461,1709.1016671516036,1073800
2025-09-26 09:00:00+09:00,1716.9013671875,1722.7511163090928,1706.6643062247126,1715.926409000568,1093800
2025-09-29 09:00:00+09:00,1727.27392578125,1736.1646694655687,1712.9499498454031,1730.7314372140406,1016200
2025-09-30 09:00:00+09:00,1714.9256591796875,1724.3103330058436,1714.431728978311,1718.8771007907008,900900
2025-10-01 09:00:00+09:00,1705.5408935546875,1719.864868623638,1694.1804995344855,1708.9984047782273,1439600
2025-10-02 09:00:00+09:00,1707.5167236328125,1709.9863746649687,1687.2655851691316,1704.0592121877937,1074400
2025-10-03 09:00:00+09:00,1710.97412109375,1733.200978902416,1708.9984003996462,1708.9984003996462,1249500
2025-10-06 09:00:00+09:00,1713.937744140625,1740.6099741647154,1705.5409309848928,1738.63425342219,1797300
2025-10-07 09:00:00+09:00,1733.6949462890625,1735.6706670255742,1713.937738923945,1715.9134596604567,1310600
2025-10-08 09:00:00+09:00,1725.298095703125,1740.1160009052703,1723.3223750095055,1724.3102353563154,2311200
2025-10-09 09:00:00+09:00,1729.2496337890625,1738.1403774075152,1716.9013787634335,1718.383169366509,1770500
2025-10-10 09:00:00+09:00,1723.81640625,1733.201080094914,1715.4195928098138,1721.8406854405443,1969700
2025-10-14 09:00:00+09:00,1728.755615234375,1729.7434755859374,1700.1076650390623,1707.0226874999998,1931400
2025-10-15 09:00:00+09:00,1736.6585693359375,1747.5250336491886,1728.2617560029707,1738.1403599241082,1199800
2025-10-16 09:00:00+09:00,1726.2860107421875,1737.1524749013658,1725.2981503640804,1730.7313824436696,960700
2025-10-17 09:00:00+09:00,1747.0311279296875,1747.0311279296875,1723.816408389768,1723.816408389768,1293200
2025-10-20 09:00:00+09:00,1754.9339599609375,1770.2457958063608,1749.994658075317,1757.4036109037477,1122500
2025-10-21 09:00:00+09:00,1758.8853759765625,1765.8003985162063,1748.0189119856936,1750.4885628927093,1017900
2025-10-22 09:00:00+09:00,1781.1123046875,1782.100165089434,1755.4279342372088,1755.9218644381758,1160200
2025-10-23 09:00:00+09:00,1785.5576171875,1791.4847794022303,1779.6304549727697,1785.5576171875,1056200
2025-10-24 09:00:00+09:00,1767.2822265625,1794.9423173080284,1765.8004359868467,1790.4969455810683,1045300
2025-10-27 09:00:00+09:00,1778.642578125,1794.4483438845114,1760.3671614655652,1763.3307425454736,999100
2025-10-28 09:00:00+09:00,1768.2701416015625,1786.0516290590083,1768.2701416015625,1782.1001874017982,1020900
2025-10-29 09:00:00+09:00,1734.682861328125,1763.3308129104232,1734.682861328125,1754.4400693159168,1228100
2025-10-30 09:00:00+09:00,1777.65478515625,1781.112296547218,1747.031112836248,1764.8125999897975,2953400
2025-10-31 09:00:00+09:00,1799.881591796875,1807.7844747465867,1787.53333718795,1789.0151277410212,1232200
2025-11-04 09:00:00+09:00,1801.3634033203125,1808.7723561719179,1787.0394278072088,1805.8087750312757,1415700
2025-11-05 09:00:00+09:00,1818.6510009765625,1824.578163391478,1803.833094939274,1812.7238385616472,1662600
2025-11-06 09:00:00+09:00,1801.8572998046875,1825.0720183054605,1798.3997885386148,1806.3026714324951,1021600
2025-11-07 09:00:00+09:00,1827.541748046875,1830.5053292599239,1807.7845399598818,1807.7845399598818,1694900
2025-11-10 09:00:00+09:00,1809.76025390625,1837.4203451231579,1794.4484176968904,1837.4203451231579,1441500
2025-11-11 09:00:00+09:00,1812.7237548828125,1814.6994755965811,1783.0879441762816,1805.8087323846219,1261000
2025-11-12 09:00:00+09:00,1771.7275390625,1802.3512099356183,1734.6827759095345,1734.6827759095345,2855600
2025-11-13 09:00:00+09:00,1824.578125,1825.5659853817,1790.9908720221983,1802.3512664117488,1655800
2025-11-14 09:00:00+09:00,1847.2989501953125,1851.7443220005953,1827.5417421718332,1841.8657179888557,2100400
2025-11-17 09:00:00+09:00,1910.028076171875,1930.2792142952385,1863.598637547578,1864.092567745709,2466900
2025-11-18 09:00:00+09:00,1891.752685546875,1921.3884978530925,1891.752685546875,1918.9188468275743,1551200
2025-11-19 09:00:00+09:00,1865.5743408203125,1901.6312449452482,1865.5743408203125,1888.295129720957,1189400
2025-11-20 09:00:00+09:00,1872.9832763671875,1904.1008782688575,1855.2017895662332,1864.5864631556258,2072300
2025-11-21 09:00:00+09:00,1879.8983154296875,1900.6433835453067,1867.5500605989616,1898.6676627723905,1611800
2025-11-25 09:00:00+09:00,1896.69189453125,1899.655475616455,1876.440757115682,1879.8982683817544,1156800
2025-11-26 09:00:00+09:00,1917.930908203125,1927.3155817173817,1894.7161895099632,1896.6919102498068,1139500
2025-11-27 09:00:00+09:00,1918.4248046875,1936.2062910337281,1902.1251088701242,1905.088689927829,1111500
2025-11-28 09:00:00+09:00,1923.3641357421875,1941.1456223592184,1918.4248339041233,1918.9187640879297,720900
2025-12-01 09:00:00+09:00,1896.69189453125,1916.9430319468179,1892.7404530843098,1902.1251265207925,1194500
2025-12-02 09:00:00+09:00,1896.69189453125,1909.0401490529377,1890.2708021799722,1896.69189453125,693700
2025-12-03 09:00:00+09:00,1870.0196533203125,1884.3436284778109,1869.0317929646228,1879.898256877208,858400
2025-12-04 09:00:00+09:00,1861.6229248046875,1872.9833194108187,1850.756460398823,1864.586506006287,1052100
2025-12-05 09:00:00+09:00,1814.20556640625,1875.946839425793,1810.7480551171557,1872.983258320855,1144000
2025-12-08 09:00:00+09:00,1840.8778076171875,1851.7442717351319,1814.2055775095062,1824.5781114402712,1184600
2025-12-09 09:00:00+09:00,1836.9263916015625,1849.2746464523393,1829.0235084970652,1840.877833153811,632100
2025-12-10 09:00:00+09:00,1817.6630859375,1836.4324330205502,1815.687365191916,1827.5416896654212,1313900
2025-12-11 09:00:00+09:00,1818.156982421875,1831.9870273846059,1805.3147978136249,1831.9870273846059,821300
2025-12-12 09:00:00+09:00,1825.072021484375,1839.8899269362103,1817.1691385767297,1839.8899269362103,854000
2025-12-15 09:00:00+09:00,1871.50146484375,1873.4771855772879,1842.3595840240664,1846.3110254911421,987500
2025-12-16 09:00:00+09:00,1876.4407958984375,1888.295120484266,1857.1775184464661,1857.1775184464661,616400
2025-12-17 09:00:00+09:00,1848.2867431640625,1886.3193672216876,1848.2867431640625,1881.8739955785886,783600
2025-12-18 09:00:00+09:00,1897.6798095703125,1904.5948323016983,1868.0439978643733,1886.8133452781349,1259900
2025-12-19 09:00:00+09:00,1879.4044189453125,1897.679836422573,1875.9469075306956,1896.6919760183969,1235700
2025-12-22 09:00:00+09:00,1849.274658203125,1866.5622151040623,1841.8657052455806,1847.7928676116162,705400
2025-12-23 09:00:00+09:00,1856.68359375,1869.5257787559858,1850.2625012470073,1850.2625012470073,509400
2025-12-24 09:00:00+09:00,1858.1654052734375,1869.0318696317618,1856.1896844810149,1863.1047072544939,442700
2025-12-25 09:00:00+09:00,1847.2989501953125,1869.0318790211397,1846.8050199947254,1868.0440186199658,483000
2025-12-26 09:00:00+09:00,1841.86572265625,1853.7200475003772,1831.9871186194775,1847.298954876475,779600
2025-12-29 09:00:00+09:00,1842.359619140625,1844.8292701046205,1830.0113643206475,1844.3353399118214,709000
2025-12-30 09:00:00+09:00,1843.347412109375,1855.6956664777388,1841.8656215851713,1852.238155254597,696400
2026-01-05 09:00:00+09:00,1841.86572265625,1850.2625360875068,1815.6874219588026,1819.6388635735118,1057300
2026-01-06 09:00:00+09:00,1844.8292236328125,1844.8292236328125,1829.0234578613936,1829.5173880417503,1251200
2026-01-07 09:00:00+09:00,1831.4931640625,1836.926396210474,1816.1813280091187,1825.5660017192556,1067100
2026-01-08 09:00:00+09:00,1799.881591796875,1837.9142159923633,1795.436220137662,1827.5416821208664,2119800
2026-01-09 09:00:00+09:00,1804.8209228515625,1827.5417116997212,1763.8247168864066,1778.642622656945,3175000
2026-01-13 09:00:00+09:00,1799.881591796875,1817.6630784337267,1783.5818957130944,1788.0272673723073,2505200
2026-01-14 09:00:00+09:00,1792.47265625,1808.2784223012538,1778.642610955153,1790.0030053044916,1536400
2026-01-15 09:00:00+09:00,1789.509033203125,1804.8208687066572,1785.5575917828585,1790.4968935581915,1443700
2026-01-16 09:00:00+09:00,1786.051513671875,1794.942256826215,1772.7153989403648,1778.148630868017,1613700
2026-01-19 09:00:00+09:00,1824.084228515625,1874.4651089132944,1812.7238339161504,1820.1327869158076,6389000
2026-01-20 09:00:00+09:00,1924.35205078125,1924.35205078125,1840.8778473464372,1841.8657077421153,8146900
2026-01-21 09:00:00+09:00,1873.4771728515625,1915.4612381540626,1863.1046390709448,1914.473377794004,2824500
2026-01-22 09:00:00+09:00,1870.0196533203125,1879.404326699363,1855.2017479849692,1875.9468154544497,1950400
2026-01-23 09:00:00+09:00,1858.1654052734375,1876.934752801452,1847.2989409151132,1871.0075904241842,1925300
2026-01-26 09:00:00+09:00,1884.837646484375,1890.7648088947033,1846.8050210181023,1857.1775552361767,10758100
2026-01-27 09:00:00+09:00,1886.3194580078125,1893.2344808965554,1870.0197611986325,1884.837667388796,2510100
2026-01-28 09:00:00+09:00,1867.550048828125,1892.7404885240346,1866.0682582577774,1883.8497451019489,2024500
2026-01-29 09:00:00+09:00,1877.922607421875,1877.922607421875,1852.7321673959634,1857.1775391652418,1770800
2026-01-30 09:00:00+09:00,1888.7890625,1891.7526436650105,1875.452947257453,1886.8133417233264,1995500
2026-02-02 09:00:00+09:00,1891.752685546875,1915.461335391849,1890.764825136668,1912.991684366331,2407300
2026-02-03 09:00:00+09:00,1902.1251220703125,1902.1251220703125,1865.574288771636,1871.9953811078901,2063900
2026-02-04 09:00:00+09:00,1916.4490966796875,1929.7852115277162,1882.8618444698373,1893.2343782405264,2713100
2026-02-05 09:00:00+09:00,1951.0242919921875,1965.3482678068137,1916.449177956883,1936.206385977057,2616500
2026-02-06 09:00:00+09:00,1976.7086181640625,1983.6236408163106,1951.0242483128552,1964.8542936173515,2133900
2026-02-09 09:00:00+09:00,2001.8990478515625,2016.7169534611226,1978.1903988762663,1994.9840252337676,2656200
2026-02-10 09:00:00+09:00,2000.9112548828125,2021.656323435041,1991.5265810139472,1997.453743457441,1494500
2026-02-12 09:00:00+09:00,2026.5955810546875,2038.943835874665,2006.3444431499245,2014.24732623471,1518100
2026-02-13 09:00:00+09:00,2033.5106201171875,2052.7738977913605,2006.8383894914095,2030.053108739772,1891100
2026-02-16 09:00:00+09:00,2035.486328125,2044.8710018047805,2024.125933670529,2041.4134904490718,1090800
2026-02-17 09:00:00+09:00,2027.0894775390625,2043.883103814971,2013.7533625552528,2036.9680812307734,1082700
2026-02-18 09:00:00+09:00,2027.5833740234375,2036.9680473745811,2017.7047704959177,2025.1137231415576,981900
2026-02-19 09:00:00+09:00,2036.47412109375,2048.32844534945,2008.320100986463,2015.2351234689547,1001600
2026-02-20 09:00:00+09:00,2053.76171875,2053.76171875,2028.5712791982323,2044.8709753787878,923600
2026-02-24 09:00:00+09:00,2055.737548828125,2064.628292672168,2041.9075028485029,2060.6768509637045,954500
2026-02-25 09:00:00+09:00,2059.68896484375,2063.146476295526,2043.3892679996627,2061.6646856733364,847200
2026-02-26 09:00:00+09:00,2066.110107421875,2081.421944220842,2046.846828868336,2054.74971237748,1516000
2026-02-27 09:00:00+09:00,2098.70947265625,2098.70947265625,2061.6647067232734,2074.5068922467053,1366000
2026-03-02 09:00:00+09:00,2111.551513671875,2130.814790638706,2096.2396781341376,2108.587932600055,1390900
2026-03-03 09:00:00+09:00,2064.628173828125,2105.6243791936117,2064.628173828125,2096.7336358613375,1170300
2026-03-04 09:00:00+09:00,2052.77392578125,2063.146460054928,2027.5834854023174,2061.6646694444025,1482600
2026-03-05 09:00:00+09:00,2034.992431640625,2093.2761954594584,2031.5349202276434,2069.073615568587,1271300
2026-03-06 09:00:00+09:00,2034.0045166015625,2043.3891901847169,1995.971892080358,2015.2351694352537,1301000
2026-03-09 09:00:00+09:00,2026.1016845703125,2036.4742187916622,1983.1297570818638,2007.3323369316797,1694000
2026-03-10 09:00:00+09:00,2019.6805419921875,2059.6888872847694,2016.7169608594038,2055.2435155855937,1435100
2026-03-11 09:00:00+09:00,1979.6722412109375,2043.8831671983182,1978.6843808111316,2037.956004799483,1639600
2026-03-12 09:00:00+09:00,1939.169921875,1982.1418483149198,1934.230619985354,1975.72075585838,1167300
2026-03-13 09:00:00+09:00,1932.748779296875,1956.457427752344,1922.870175773763,1924.3519663022298,1452200
2026-03-16 09:00:00+09:00,1925.33984375,1963.3724676516804,1912.497659055926,1954.9756545824782,1055800
2026-03-17 09:00:00+09:00,1949.54248046875,1960.40894476323,1926.3277612941793,1926.3277612941793,947900
2026-03-18 09:00:00+09:00,1990.044677734375,1990.044677734375,1944.6031015736496,1944.6031015736496,1055500
2026-03-19 09:00:00+09:00,1950.5302734375,1990.5386178660735,1950.5302734375,1967.3238994939381,2526500
2026-03-23 09:00:00+09:00,1896.197998046875,1949.0485283388823,1878.4165112196577,1945.5910170113677,1564900
2026-03-24 09:00:00+09:00,1925.8338623046875,1931.7610247431733,1908.05237498923,1911.015956208473,887100
2026-03-25 09:00:00+09:00,1933.2427978515625,1951.024285006048,1924.3520542743197,1943.6153320250125,1036800
2026-03-26 09:00:00+09:00,1921.88232421875,1941.1456011769951,1912.0037206504194,1941.1456011769951,1125600
2026-03-27 09:00:00+09:00,1953.0,1957.4453717754172,1926.821699544765,1946.0849772382398,1484700
2026-03-30 09:00:00+09:00,1965.0,1965.0,1911.5,1931.5,1548400
2026-03-31 09:00:00+09:00,1969.5,1988.5,1957.5,1979.0,1311100
2026-04-01 09:00:00+09:00,2015.0,2015.0,1957.5,1988.0,1310800
2026-04-02 09:00:00+09:00,1997.0,2027.0,1992.5,2006.5,1244000
2026-04-03 09:00:00+09:00,2010.5,2022.0,1998.5,2012.0,912500
2026-04-06 09:00:00+09:00,2000.5,2021.5,2000.5,2011.5,643600
2026-04-07 09:00:00+09:00,2010.5,2032.5,1998.0,2017.0,807500
2026-04-08 09:00:00+09:00,2013.5,2031.5,2010.0,2029.0,968900
2026-04-09 09:00:00+09:00,1995.5,2034.0,1995.5,2024.0,862300
2026-04-10 09:00:00+09:00,1940.5,2000.0,1939.5,1996.0,1050700
2026-04-13 09:00:00+09:00,1964.0,1964.0,1928.0,1938.5,779300
2026-04-14 09:00:00+09:00,1922.0,1966.5,1921.0,1953.0,855500
2026-04-15 09:00:00+09:00,1939.0,1943.0,1907.0,1907.5,823900
2026-04-16 09:00:00+09:00,1933.0,1940.5,1924.5,1927.5,1085100
2026-04-17 09:00:00+09:00,1924.5,1944.5,1924.0,1940.0,915200
2026-04-20 09:00:00+09:00,1914.5,1936.0,1908.5,1935.0,851800
2026-04-21 09:00:00+09:00,1896.0,1919.0,1895.0,1910.0,782400
2026-04-22 09:00:00+09:00,1886.0,1895.0,1876.0,1887.0,918600
2026-04-23 09:00:00+09:00,1882.5,1892.5,1867.0,1881.0,957700
2026-04-24 09:00:00+09:00,1883.0,1890.5,1875.0,1875.0,602500
2026-04-27 09:00:00+09:00,1879.0,1887.5,1867.5,1884.5,758200
2026-04-28 09:00:00+09:00,1897.0,1897.0,1873.0,1888.5,802500
2026-04-30 09:00:00+09:00,1886.5,1896.5,1873.5,1889.0,885100
2026-05-01 09:00:00+09:00,1891.0,1917.5,1880.5,1895.0,1015300
2026-05-07 09:00:00+09:00,1868.0,1891.0,1846.5,1860.5,1462100
2026-05-08 09:00:00+09:00,1888.0,1889.5,1858.0,1888.0,1370800
2026-05-11 09:00:00+09:00,1848.0,1886.5,1848.0,1879.0,1666400
2026-05-12 09:00:00+09:00,1828.0,1857.0,1823.0,1833.5,1336000
2026-05-13 09:00:00+09:00,1845.0,1856.5,1731.0,1753.0,2623000
2026-05-14 09:00:00+09:00,1863.0,1867.0,1824.0,1860.0,1806700
2026-05-15 09:00:00+09:00,1858.0,1870.0,1833.0,1838.0,1612400
2026-05-18 09:00:00+09:00,1873.5,1905.0,1863.0,1875.5,1567300
2026-05-19 09:00:00+09:00,1913.5,1918.5,1881.0,1896.0,1533200
2026-05-20 09:00:00+09:00,1900.5,1927.5,1883.0,1903.5,1220400
2026-05-21 09:00:00+09:00,1865.0,1892.0,1859.0,1886.0,1119800
2026-05-22 09:00:00+09:00,1820.5,1848.0,1808.0,1847.5,985300
2026-05-25 09:00:00+09:00,1807.0,1824.0,1796.0,1820.5,918200
2026-05-26 09:00:00+09:00,1773.0,1810.0,1772.0,1805.0,846700
2026-05-27 09:00:00+09:00,1797.5,1811.0,1775.5,1777.5,1047400
2026-05-28 09:00:00+09:00,1807.0,1833.0,1799.0,1816.5,1063800
2026-05-29 09:00:00+09:00,1822.0,1843.0,1786.5,1786.5,1437300
2026-06-01 09:00:00+09:00,1879.5,1904.5,1843.0,1851.5,3101900
2026-06-02 09:00:00+09:00,1853.5,1874.0,1818.5,1874.0,1568500
2026-06-03 09:00:00+09:00,1907.5,1932.0,1845.0,1851.5,1628500
2026-06-04 09:00:00+09:00,1924.5,1954.5,1902.0,1916.5,1656300
2026-06-05 09:00:00+09:00,1935.0,1964.0,1923.0,1949.5,1368000
2026-06-08 09:00:00+09:00,1966.0,1972.5,1940.0,1941.5,1518700
2026-06-09 09:00:00+09:00,2022.5,2059.0,1955.0,1959.0,2085900
2026-06-10 09:00:00+09:00,2069.5,2096.5,2017.0,2025.0,1722900
2026-06-11 09:00:00+09:00,2082.5,2114.0,2063.0,2090.0,1438900
2026-06-12 09:00:00+09:00,2130.5,2178.5,2115.0,2126.5,2740600
2026-06-15 09:00:00+09:00,2091.5,2122.5,2089.0,2108.0,1254000
2026-06-16 09:00:00+09:00,2075.0,2082.5,2051.5,2060.0,1178400
2026-06-17 09:00:00+09:00,2046.0,2094.0,2034.5,2068.5,1224900
2026-06-18 09:00:00+09:00,2069.0,2077.0,2039.0,2055.0,1141700
2026-06-19 09:00:00+09:00,2047.0,2054.5,2015.0,2040.0,1606600
2026-06-22 09:00:00+09:00,2040.0,2053.0,2028.0,2037.5,1019900
2026-06-23 09:00:00+09:00,2103.5,2108.5,2036.0,2043.0,1569500
2026-06-24 09:00:00+09:00,2098.5,2123.5,2078.0,2085.0,1019900
2026-06-25 09:00:00+09:00,2148.0,2159.0,2110.0,2148.5,1309300
2026-06-26 09:00:00+09:00,2190.0,2196.5,2140.0,2168.5,1225900
2026-06-29 09:00:00+09:00,2175.5,2227.0,2164.0,2195.0,1266700
2026-06-30 09:00:00+09:00,2171.0,2196.0,2157.0,2180.0,1097500
2026-07-01 09:00:00+09:00,2100.0,2167.0,2096.5,2146.5,1229300
2026-07-02 09:00:00+09:00,2177.0,2187.0,2129.0,2141.0,1317700
2026-07-03 09:00:00+09:00,2164.0,2224.0,2163.0,2221.5,1246200
2026-07-06 09:00:00+09:00,2190.0,2196.0,2159.0,2161.5,1151700
2026-07-07 09:00:00+09:00,2201.0,2227.5,2178.0,2201.0,1538700
2026-07-08 09:00:00+09:00,2204.5,2233.0,2200.0,2203.0,1603800
2026-07-09 09:00:00+09:00,2170.5,2203.0,2161.0,2202.0,1074600
2026-07-10 09:00:00+09:00,2134.0,2171.5,2119.0,2171.5,1301200
2026-07-13 09:00:00+09:00,2111.5,2141.5,2101.5,2141.5,837900
2026-07-14 09:00:00+09:00,2112.5,2143.5,2051.0,2109.0,1760100
2026-07-15 09:00:00+09:00,1940.0,2125.0,1936.5,2100.0,6723400
