Date,Close,High,Low,Open,Volume
2019-08-29 09:00:00+09:00,5183.654296875,5197.921235306766,5098.052666284403,5102.808312428326,442000
2019-08-30 09:00:00+09:00,5155.12060546875,5205.054891776334,5105.186319161166,5140.853666523726,529200
2019-09-02 09:00:00+09:00,5121.83154296875,5190.788420752452,5100.431132622084,5178.899303893193,154000
2019-09-03 09:00:00+09:00,5143.23046875,5159.875227548543,5052.873206700762,5052.873206700762,235200
2019-09-04 09:00:00+09:00,5131.341796875,5174.142608897127,5100.430099303464,5105.185745083701,147600
2019-09-05 09:00:00+09:00,5181.27685546875,5212.1885576812765,5109.942158055229,5145.60950676199,173600
2019-09-06 09:00:00+09:00,5093.29736328125,5212.188524889122,5088.541716816935,5183.654646103233,339600
2019-09-09 09:00:00+09:00,5207.43212890625,5207.43212890625,5109.941390419877,5133.719619318993,261200
2019-09-10 09:00:00+09:00,5114.69775390625,5233.588915084917,5107.56428423553,5224.0776221906235,311600
2019-09-11 09:00:00+09:00,5157.49755859375,5178.897963401193,5095.6741669278035,5133.719331029924,323200
2019-09-12 09:00:00+09:00,5159.87646484375,5224.077692747336,5157.498641588062,5174.14340437788,291200
2019-09-13 09:00:00+09:00,5119.453125,5178.898702392011,5093.297070947515,5178.898702392011,341600
2019-09-17 09:00:00+09:00,5147.98681640625,5147.98681640625,5093.29688717884,5119.452940287601,471200
2019-09-18 09:00:00+09:00,5109.9423828125,5197.9218468255585,5098.053266053978,5178.899260011924,308000
2019-09-19 09:00:00+09:00,5136.09765625,5219.3214608651615,5114.697249348958,5157.498063151042,467600
2019-09-20 09:00:00+09:00,5162.25341796875,5162.25341796875,5100.430023741579,5150.364303694294,266400
2019-09-24 09:00:00+09:00,5414.30322265625,5449.970569314064,5162.253972941026,5171.765265383111,616400
2019-09-25 09:00:00+09:00,5307.30078125,5445.214511228719,5271.633437289986,5433.325396575381,291600
2019-09-26 09:00:00+09:00,5297.7890625,5357.234630975089,5281.144303326974,5357.234630975089,255600
2019-09-27 09:00:00+09:00,5126.5859375,5252.610545425557,5069.518190514842,5252.610545425557,536400
2019-09-30 09:00:00+09:00,5029.095703125,5071.896517619681,5002.939649822695,5057.629579454788,227600
2019-10-01 09:00:00+09:00,5043.361328125,5081.4064866587105,5010.071814408004,5067.1395522085695,254800
2019-10-02 09:00:00+09:00,5057.62890625,5109.941005891514,5040.984147273155,5055.251083539022,217600
2019-10-03 09:00:00+09:00,5107.56298828125,5133.719037103919,4995.805325129844,4998.183147750087,292400
2019-10-04 09:00:00+09:00,5069.51904296875,5100.4307444502665,4983.917408096857,5074.274689350522,212800
2019-10-07 09:00:00+09:00,5157.49755859375,5159.875381350133,5093.296344171421,5112.318926222481,291200
2019-10-08 09:00:00+09:00,5238.34326171875,5245.47672961941,5167.008582712139,5174.142050612801,312400
2019-10-09 09:00:00+09:00,5326.3232421875,5347.723648071289,5235.965972900391,5252.610733032227,494800
2019-10-10 09:00:00+09:00,5271.63330078125,5302.544998079471,5219.321197661184,5302.544998079471,237200
2019-10-11 09:00:00+09:00,5342.96826171875,5388.146898555713,5235.96622710489,5278.7670409504335,464800
2019-10-15 09:00:00+09:00,5335.83447265625,5369.123992539132,5095.674364929743,5224.076798763717,836000
2019-10-16 09:00:00+09:00,5278.76611328125,5400.035064532306,5271.6326455605995,5335.833855046453,642400
2019-10-17 09:00:00+09:00,5183.654296875,5259.744635177753,5155.120420011468,5235.966404458142,418400
2019-10-18 09:00:00+09:00,5188.40966796875,5226.454835103259,5167.009261455588,5188.40966796875,272400
2019-10-21 09:00:00+09:00,5347.72509765625,5347.72509765625,5224.078274589054,5231.211745150623,341200
2019-10-23 09:00:00+09:00,5338.21240234375,5359.612808411052,5295.411590209145,5328.701110758282,197200
2019-10-24 09:00:00+09:00,5307.30078125,5371.502000378025,5307.30078125,5371.502000378025,126400
2019-10-25 09:00:00+09:00,5264.5,5307.30081300813,5254.988708220415,5307.30081300813,251200
2019-10-28 09:00:00+09:00,5316.81298828125,5326.324281641324,5224.077878020531,5271.6343448209,156800
2019-10-29 09:00:00+09:00,5266.8779296875,5338.212619480108,5262.1222837013265,5338.212619480108,134400
2019-10-30 09:00:00+09:00,5252.6103515625,5302.544628331541,5231.209947232911,5266.877287782226,245600
2019-10-31 09:00:00+09:00,5309.6787109375,5364.368639442454,5271.63354328188,5302.545242002071,252400
2019-11-01 09:00:00+09:00,5321.56787109375,5340.590455083361,5283.522703114527,5309.678756100243,241200
2019-11-05 09:00:00+09:00,5421.43603515625,5421.43603515625,5285.900134277344,5345.345704838268,382800
2019-11-06 09:00:00+09:00,5414.30322265625,5445.214923093023,5366.746760445831,5445.214923093023,248400
2019-11-07 09:00:00+09:00,5366.74560546875,5435.702460833657,5361.98996027117,5414.302057444547,261200
2019-11-08 09:00:00+09:00,5350.1005859375,5361.989698350694,5319.188893663194,5338.211473524306,430400
2019-11-11 09:00:00+09:00,5345.34716796875,5364.369755755116,5312.05763934261,5331.080227128976,264000
2019-11-12 09:00:00+09:00,5361.990234375,5409.546688781874,5338.2120071715635,5369.1237025360315,276400
2019-11-13 09:00:00+09:00,5369.12353515625,5397.657406910845,5342.967486047871,5385.768293679764,257600
2019-11-14 09:00:00+09:00,5369.12353515625,5402.413052203277,5338.211840755439,5397.657406910845,210800
2019-11-15 09:00:00+09:00,5390.52392578125,5419.057797466021,5364.367876736877,5373.879167298467,190400
2019-11-18 09:00:00+09:00,5361.990234375,5388.14628429878,5333.456361730876,5373.879347976718,190400
2019-11-19 09:00:00+09:00,5359.61328125,5359.61328125,5328.70158087012,5342.968519506988,268800
2019-11-20 09:00:00+09:00,5466.61572265625,5466.61572265625,5342.9689120524545,5364.369321580035,396800
2019-11-21 09:00:00+09:00,5459.48095703125,5485.637006912497,5419.05797085114,5466.614425180681,302800
2019-11-22 09:00:00+09:00,5533.19384765625,5542.705139186385,5445.214401002498,5447.592223885032,339200
2019-11-25 09:00:00+09:00,5419.05810546875,5549.838358123766,5414.302459917659,5545.082712572675,877200
2019-11-26 09:00:00+09:00,5400.0361328125,5464.237354999174,5400.0361328125,5464.237354999174,650800
2019-11-27 09:00:00+09:00,5302.54541015625,5390.524863149873,5285.9006487790775,5366.746632611056,1426400
2019-11-28 09:00:00+09:00,5359.740234375,5366.889732242108,5269.179928058304,5297.777919526734,548000
2019-11-29 09:00:00+09:00,5262.03173828125,5424.087063554404,5262.03173828125,5374.040566043577,439200
2019-12-02 09:00:00+09:00,5302.54541015625,5352.591906162219,5285.863244820926,5300.162243679775,218800
2019-12-03 09:00:00+09:00,5397.8720703125,5402.638403266418,5283.48007941846,5307.311744188052,269200
2019-12-04 09:00:00+09:00,5266.7978515625,5397.872006239395,5247.732519973134,5390.722506893382,404000
2019-12-05 09:00:00+09:00,5254.88232421875,5314.4614888924325,5238.200158110119,5314.4614888924325,192000
2019-12-06 09:00:00+09:00,5181.00341796875,5242.965740354761,5130.956926810818,5242.965740354761,270000
2019-12-09 09:00:00+09:00,5247.732421875,5307.311581978031,5171.47109694312,5197.685927388454,462400
2019-12-10 09:00:00+09:00,5457.451171875,5478.899669930403,5304.928519036572,5309.694851937773,673200
2019-12-11 09:00:00+09:00,5452.68505859375,5495.582056432337,5421.703893488104,5457.451391686926,487600
2019-12-12 09:00:00+09:00,5476.51611328125,5543.244769143685,5471.749780719648,5502.7309423700635,434000
2019-12-13 09:00:00+09:00,5357.35791015625,5526.562719596238,5333.526246854843,5483.6657256537055,431200
2019-12-16 09:00:00+09:00,5462.2177734375,5474.133606276587,5354.975277885716,5357.358444453534,348000
2019-12-17 09:00:00+09:00,5433.619140625,5459.833969812226,5374.039983381304,5440.768639494244,359600
2019-12-18 09:00:00+09:00,5445.53515625,5493.198483657002,5400.254995213348,5466.983653583151,340800
2019-12-19 09:00:00+09:00,5374.04052734375,5428.853357556125,5354.975195095967,5409.788025308342,250000
2019-12-20 09:00:00+09:00,5362.1240234375,5464.600171440972,5343.058693576389,5421.703179253473,378400
2019-12-23 09:00:00+09:00,5390.7216796875,5424.086004849138,5376.422683189656,5419.31967268319,173200
2019-12-24 09:00:00+09:00,5445.53515625,5469.366819953501,5393.105496102297,5431.236158027899,210400
2019-12-25 09:00:00+09:00,5426.47021484375,5462.21771296525,5419.32071521945,5433.61971446805,122400
2019-12-26 09:00:00+09:00,5421.70361328125,5447.918443938874,5395.488782623626,5428.853112551511,126400
2019-12-27 09:00:00+09:00,5393.10546875,5447.918294990058,5381.189636958683,5447.918294990058,123200
2019-12-30 09:00:00+09:00,5376.4228515625,5459.833667078762,5371.656519247285,5459.833667078762,123600
2020-01-06 09:00:00+09:00,5283.4794921875,5326.37648400499,5257.264663854589,5302.544821884162,222800
2020-01-07 09:00:00+09:00,5352.59130859375,5357.3576410145815,5259.647826387536,5259.647826387536,229600
2020-01-08 09:00:00+09:00,5381.1904296875,5381.1904296875,5262.032094220549,5309.69542840733,250000
2020-01-09 09:00:00+09:00,5531.3291015625,5536.0954342652685,5452.684611966824,5457.450944669593,476800
2020-01-10 09:00:00+09:00,5671.935546875,5671.935546875,5552.777237066702,5552.777237066702,393200
2020-01-14 09:00:00+09:00,5864.97265625,5881.654821464852,5724.365835153393,5881.654821464852,569600
2020-01-15 09:00:00+09:00,5879.27099609375,5903.102658015492,5812.542342712873,5841.140337018963,494000
2020-01-16 09:00:00+09:00,6003.1962890625,6012.728954864901,5850.673636224072,5874.505300730076,503200
2020-01-17 09:00:00+09:00,5931.701171875,5974.5981670914525,5845.907181442095,5943.61700387957,398800
2020-01-20 09:00:00+09:00,5886.421875,5907.870375759109,5855.440707236842,5907.870375759109,187200
2020-01-21 09:00:00+09:00,5838.7568359375,5879.27065888074,5824.457839604592,5864.971662547832,174000
2020-01-22 09:00:00+09:00,5910.251953125,5931.700448116179,5826.841139270413,5886.420292023689,317200
2020-01-23 09:00:00+09:00,5862.58935546875,5917.402182775978,5845.907190636115,5888.804185920033,234800
2020-01-24 09:00:00+09:00,5791.0947265625,5905.486721161265,5750.580895142104,5905.486721161265,166000
2020-01-27 09:00:00+09:00,5693.384765625,5803.010424569642,5679.085766632221,5767.262927087693,228800
2020-01-28 09:00:00+09:00,5686.23486328125,5686.23486328125,5578.992378433112,5600.44087540274,496400
2020-01-29 09:00:00+09:00,5674.318359375,5724.364846374947,5607.589710041736,5686.234189613083,324400
2020-01-30 09:00:00+09:00,5655.25390625,5714.833066661399,5619.50641000316,5674.319237581648,149600
2020-01-31 09:00:00+09:00,5724.3662109375,5767.263210020296,5683.852378470416,5710.067211243235,316800
2020-02-03 09:00:00+09:00,5755.34765625,5769.646656638199,5640.95565314441,5671.936820652174,324000
2020-02-04 09:00:00+09:00,5810.16064453125,5829.225978885741,5714.833972758793,5757.730975056398,207200
2020-02-05 09:00:00+09:00,5893.5703125,5915.018809391428,5869.738649287303,5872.121815608572,170400
2020-02-06 09:00:00+09:00,5948.3837890625,5962.682788555439,5850.673959194086,5876.888791597807,307600
2020-02-07 09:00:00+09:00,5981.74755859375,5981.74755859375,5936.467397791646,5972.2148931617285,126000
2020-02-10 09:00:00+09:00,5979.3642578125,5988.896923030216,5915.0187675929155,5915.0187675929155,105600
2020-02-12 09:00:00+09:00,5862.58935546875,5965.06551086922,5812.542860970846,5965.06551086922,272000
2020-02-13 09:00:00+09:00,5798.24365234375,5895.953471392699,5767.262490206278,5886.4208061196305,233600
2020-02-14 09:00:00+09:00,5791.0947265625,5833.991724537037,5769.646227575232,5833.991724537037,217600
2020-02-17 09:00:00+09:00,5686.23486328125,5741.047688870298,5652.87053466183,5721.982358230629,254000
2020-02-18 09:00:00+09:00,5578.99169921875,5648.103514373532,5481.281891586128,5636.1876841744315,313600
2020-02-19 09:00:00+09:00,5624.27392578125,5691.002599476959,5621.890758863546,5655.255095711401,165200
2020-02-20 09:00:00+09:00,5598.05859375,5693.38526201309,5598.05859375,5683.852595186781,166800
2020-02-21 09:00:00+09:00,5681.46826171875,5700.533591456061,5588.524779249357,5588.524779249357,201600
2020-02-25 09:00:00+09:00,5626.65625,5700.53441338416,5562.310752858958,5562.310752858958,421200
2020-02-26 09:00:00+09:00,5531.3291015625,5614.739923860943,5478.89944183205,5576.609262238798,350800
2020-02-27 09:00:00+09:00,5445.53515625,5509.880648249453,5397.871828842997,5509.880648249453,320400
2020-02-28 09:00:00+09:00,5583.7587890625,5583.7587890625,5390.722313640365,5438.3856409050895,981200
2020-03-02 09:00:00+09:00,5795.86083984375,5872.1221666838,5559.927359932348,5559.927359932348,731600
2020-03-03 09:00:00+09:00,5567.07763671875,5783.9458152039415,5526.563801177561,5783.9458152039415,714400
2020-03-04 09:00:00+09:00,5571.84326171875,5671.9362544442365,5505.114599901759,5509.880932888686,423200
2020-03-05 09:00:00+09:00,5712.44921875,5738.6640462035875,5536.0949249713185,5640.9542347856695,457200
2020-03-06 09:00:00+09:00,5664.7861328125,5795.860275557426,5612.35647571453,5700.533626288388,488400
2020-03-09 09:00:00+09:00,5462.2177734375,5657.637431998527,5407.4049423777,5562.310769285831,664400
2020-03-10 09:00:00+09:00,5416.9365234375,5445.53451652208,5178.619914399334,5402.637526895211,672800
2020-03-11 09:00:00+09:00,5502.7314453125,5562.3106077779885,5440.769116348392,5443.1522828470115,562400
2020-03-12 09:00:00+09:00,5397.8720703125,5462.217565190397,5271.564247033664,5462.217565190397,542000
2020-03-13 09:00:00+09:00,5185.76953125,5209.601192698759,4830.677775663488,5128.573543772978,875600
2020-03-16 09:00:00+09:00,4895.02294921875,5266.796844096123,4880.723953261928,5188.152366333602,703600
2020-03-17 09:00:00+09:00,5319.2275390625,5371.657201185875,4790.164584908433,4871.192244553651,670400
2020-03-18 09:00:00+09:00,5169.087890625,5469.366855225622,5157.172058696404,5350.208535939661,641600
2020-03-19 09:00:00+09:00,5447.9189453125,5514.647611309329,5242.966614036527,5278.7141136776845,844800
2020-03-23 09:00:00+09:00,5414.55419921875,5688.6183422249815,5376.42353584397,5450.301696132607,766000
2020-03-24 09:00:00+09:00,5235.8173828125,5600.4418978649865,5109.509544264907,5474.134059317394,732000
2020-03-25 09:00:00+09:00,5457.451171875,5526.562998942412,5269.181022277566,5312.0780183883735,588800
2020-03-26 09:00:00+09:00,5712.44921875,5743.430378467876,5321.609973078327,5509.88009751773,544400
2020-03-27 09:00:00+09:00,6038.943359375,6065.158188480416,5795.860398579322,5810.159396273185,637600
2020-03-30 09:00:00+09:00,6196.232421875,6196.232421875,5965.06528921274,6012.728615534856,409600
2020-03-31 09:00:00+09:00,6143.802734375,6305.858043117242,6108.055239799505,6210.531390915923,494000
2020-04-01 09:00:00+09:00,6088.99072265625,6298.709385510947,6069.925389669459,6141.420388369924,363600
2020-04-02 09:00:00+09:00,6084.2236328125,6262.961107336956,6081.840466485507,6093.756298120471,356800
2020-04-03 09:00:00+09:00,6105.6728515625,6053.243186170473,6041.32735312683,6053.243186170473,316800
2020-04-06 09:00:00+09:00,6386.8857421875,6415.483738048041,6129.503779442631,6172.400773233442,598800
2020-04-07 09:00:00+09:00,6048.4765625,6529.876194345941,6034.177563534279,6379.736705205871,818000
2020-04-08 09:00:00+09:00,6029.4111328125,6160.485287873642,5915.019142940959,6048.476464457757,735600
2020-04-09 09:00:00+09:00,5905.486328125,6084.2238077898,5776.795342766343,6053.242644647901,566800
2020-04-10 09:00:00+09:00,5891.18798828125,5907.870154914733,5762.496988537242,5905.486988252806,499600
2020-04-13 09:00:00+09:00,5860.20654296875,5976.98170384938,5788.711546511222,5886.421375003178,457600
2020-04-14 09:00:00+09:00,6608.52099609375,6682.399160853543,6277.260837977258,6310.625170449423,1652000
2020-04-15 09:00:00+09:00,6913.5654296875,6915.948595985221,6496.511327586392,6510.810325372717,1534400
2020-04-16 09:00:00+09:00,7056.5556640625,7073.2378287529555,6839.687523086584,6839.687523086584,986000
2020-04-17 09:00:00+09:00,6815.85546875,7011.275101070804,6620.435836429196,6937.396947388549,1458800
2020-04-20 09:00:00+09:00,7049.40625,7097.069578262339,6739.594616294793,6744.360949121027,696000
2020-04-21 09:00:00+09:00,7066.087890625,7173.330371258432,6951.695911282673,7016.041399662732,566400
2020-04-22 09:00:00+09:00,7101.8359375,7304.405083368289,7066.088441170302,7106.602270343959,626800
2020-04-23 09:00:00+09:00,7068.47216796875,7220.994831067199,7011.276169306831,7132.817666463408,403200
2020-04-24 09:00:00+09:00,7197.162109375,7197.162109375,6987.443478373344,7035.106803600993,433600
2020-04-27 09:00:00+09:00,7185.24609375,7256.741079757462,7137.582769745024,7173.330262748756,306800
2020-04-28 09:00:00+09:00,7104.21875,7161.414741278095,6956.462439198255,7120.900914122777,614400
2020-04-30 09:00:00+09:00,6851.603515625,6968.378671195652,6720.529361413043,6963.612338315217,898400
2020-05-01 09:00:00+09:00,6713.3798828125,6846.837203876575,6651.417555175608,6808.7065407154105,892000
2020-05-07 09:00:00+09:00,6906.416015625,6915.948680932971,6732.444873754529,6739.594372735507,688400
2020-05-08 09:00:00+09:00,6861.13671875,7044.640549018756,6794.408053197725,7001.743549735151,504400
2020-05-11 09:00:00+09:00,6677.63232421875,6911.182633916622,6637.118494985446,6911.182633916622,652000
2020-05-12 09:00:00+09:00,6792.02490234375,6882.585234374999,6706.230903577302,6744.361569695723,659600
2020-05-13 09:00:00+09:00,6761.04248046875,6772.95831141776,6606.136678131609,6691.930660964487,783200
2020-05-14 09:00:00+09:00,6803.9404296875,6889.734424597746,6780.108764434654,6801.557263162215,497600
2020-05-15 09:00:00+09:00,6815.85546875,6842.0702974759615,6691.930823863637,6753.893146306818,511600
2020-05-18 09:00:00+09:00,6946.93017578125,6963.612340868889,6815.8560215212265,6815.8560215212265,473200
2020-05-19 09:00:00+09:00,6870.6689453125,6942.163939540517,6803.940284033017,6913.565941849311,570000
2020-05-20 09:00:00+09:00,6954.0791015625,7001.742426453264,6818.2386256238215,6818.2386256238215,451200
2020-05-21 09:00:00+09:00,7020.8076171875,7082.769938316786,6927.864135493572,6944.546298874533,543200
2020-05-22 09:00:00+09:00,7149.49951171875,7256.742004394531,7018.425354003906,7020.808520507812,778400
2020-05-25 09:00:00+09:00,7209.07861328125,7280.573607793131,7173.331116025311,7197.1627808626035,606800
2020-05-26 09:00:00+09:00,7220.99462890625,7316.321290673989,7125.667967138511,7280.573792511087,713600
2020-05-27 09:00:00+09:00,7173.33056640625,7292.488881462832,7111.3682425768275,7149.498903394933,1599200
2020-05-28 09:00:00+09:00,7225.865234375,7225.865234375,7053.934534812872,7187.658412250083,686000
2020-05-29 09:00:00+09:00,7388.24462890625,7464.658277298299,7268.848303293674,7287.951715391686,2807000
2020-06-01 09:00:00+09:00,7564.9501953125,7684.346505213265,7450.329737807765,7464.657294995857,653000
2020-06-02 09:00:00+09:00,7722.55322265625,7727.32907498937,7502.864015332695,7521.967424665178,455800
2020-06-03 09:00:00+09:00,7531.52001953125,7717.778282538047,7335.7100507292325,7684.347312254776,682600
2020-06-04 09:00:00+09:00,7646.14013671875,7679.57110546143,7416.899208197514,7531.519672458132,554800
2020-06-05 09:00:00+09:00,7459.8818359375,7717.777878921255,7421.675014754722,7717.777878921255,382000
2020-06-08 09:00:00+09:00,7393.02001953125,7493.312926772953,7311.830523192728,7388.244166805454,400600
2020-06-09 09:00:00+09:00,7569.72607421875,7607.9328935208005,7268.847372215102,7350.03686323196,541200
2020-06-10 09:00:00+09:00,7698.67431640625,7717.777726620658,7545.847034690989,7655.691643423833,380800
2020-06-11 09:00:00+09:00,7884.93310546875,7913.588222750889,7751.209224818765,7875.381399708037,400400
2020-06-12 09:00:00+09:00,7961.34716796875,7994.778139879836,7689.1235395499025,7856.278399105335,465000
2020-06-15 09:00:00+09:00,7985.22607421875,8152.380926250841,7875.381457169091,7880.157310084293,458800
2020-06-16 09:00:00+09:00,7947.01953125,8075.967564509465,7875.381734994741,8037.760739839994,323000
2020-06-17 09:00:00+09:00,7947.01953125,8195.363891601562,7927.916118915265,8032.98488675631,382000
2020-06-18 09:00:00+09:00,8061.638671875,8142.828160869002,7990.000887468528,7994.776739762293,243200
2020-06-19 09:00:00+09:00,7923.140625,8095.0713438065095,7923.140625,8052.088664104882,428600
2020-06-22 09:00:00+09:00,7937.46728515625,8032.9843403326195,7904.036315844522,7990.001665503253,299400
2020-06-23 09:00:00+09:00,7942.2431640625,7994.777544582456,7822.846844698963,7985.225839033374,264800
2020-06-24 09:00:00+09:00,7899.26123046875,7985.226588478688,7789.41660634494,7970.899028810365,281600
2020-06-25 09:00:00+09:00,7980.44970703125,8042.535790927962,7808.519013163432,7880.1568022750225,295200
2020-06-26 09:00:00+09:00,7961.34716796875,7990.002286749681,7904.036930406887,7942.2437554481285,200600
2020-06-29 09:00:00+09:00,8028.20849609375,8037.760201621523,7913.588029760466,7918.363882524352,254800
2020-06-30 09:00:00+09:00,7899.26123046875,8032.985120706431,7789.41660634494,8028.209267483657,402600
2020-07-01 09:00:00+09:00,7932.69140625,8090.2945467715235,7894.484584305389,7937.467258993077,380200
2020-07-02 09:00:00+09:00,7832.39892578125,7947.0193978658535,7660.468217654345,7932.691838855278,390000
2020-07-03 09:00:00+09:00,7999.55517578125,7999.55517578125,7798.969314657183,7832.400291511193,314000
2020-07-06 09:00:00+09:00,8075.96826171875,8109.3992361906785,7994.778752286924,8047.313140742812,231200
2020-07-07 09:00:00+09:00,8200.1396484375,8209.691354492756,7975.674556138977,8066.415763663912,256000
2020-07-08 09:00:00+09:00,8190.5869140625,8462.810502459914,8181.035209206451,8343.414191759293,431600
2020-07-09 09:00:00+09:00,8099.84619140625,8161.932276599812,7961.346462897534,8118.949602235039,428800
2020-07-10 09:00:00+09:00,8118.9501953125,8214.467256433823,8056.86410558364,8166.708725873162,274000
2020-07-13 09:00:00+09:00,8706.37890625,8768.464987314865,7956.570081082007,8305.207305523176,976400
2020-07-14 09:00:00+09:00,8696.8271484375,8840.102719251956,8572.65498706497,8672.947886635091,438600
2020-07-15 09:00:00+09:00,8930.84375,8983.378125000001,8658.620170454546,8749.361363636364,446800
2020-07-16 09:00:00+09:00,8768.4658203125,8911.741405611725,8672.948763446351,8830.551907275498,482000
2020-07-17 09:00:00+09:00,8859.2080078125,8921.29410166779,8773.242647089792,8778.018500463275,307400
2020-07-20 09:00:00+09:00,8964.275390625,9145.75779064831,8854.430780084576,8978.602948521577,400400
2020-07-21 09:00:00+09:00,9064.568359375,9102.775180700079,8935.620337402857,8964.275453396667,252800
2020-07-22 09:00:00+09:00,9098.0,9112.327559055118,8921.29343832021,9074.120734908136,297800
2020-07-27 09:00:00+09:00,9203.0673828125,9203.0673828125,8978.602324695123,9007.25743849734,295000
2020-07-28 09:00:00+09:00,9226.94921875,9279.483608711827,9126.65629245924,9207.845804218427,227400
2020-07-29 09:00:00+09:00,9384.55078125,9427.53345658397,9222.171785543893,9289.03372495229,323800
2020-07-30 09:00:00+09:00,9542.154296875,9599.464532892267,9417.982118837588,9546.930149876438,419000
2020-07-31 09:00:00+09:00,9231.72265625,9475.29112778065,9164.860722888645,9403.653342036341,399200
2020-08-03 09:00:00+09:00,9050.2412109375,9217.396061799143,8988.155123474604,9198.292650272098,427200
2020-08-04 09:00:00+09:00,9160.0849609375,9188.740075518119,8973.826716163485,9064.56791233544,406400
2020-08-05 09:00:00+09:00,9021.5849609375,9207.843199940446,9002.481551808993,9193.515643094064,265800
2020-08-06 09:00:00+09:00,8945.1708984375,9040.687939531334,8940.395046382808,8978.601862820342,181200
2020-08-07 09:00:00+09:00,8973.8271484375,9035.913233019559,8868.758389914017,8997.706411738292,237800
2020-08-11 09:00:00+09:00,8859.2080078125,8916.518248294306,8715.932406607986,8873.535567932951,419400
2020-08-12 09:00:00+09:00,8806.671875,8816.22357985358,8672.948007049892,8811.44772742679,463800
2020-08-13 09:00:00+09:00,8940.3974609375,8940.3974609375,8744.587473812266,8835.328687358106,296800
2020-08-14 09:00:00+09:00,9026.361328125,9059.792296006945,8863.982341269842,8940.395982142858,283000
2020-08-17 09:00:00+09:00,8911.7412109375,9021.58582393405,8902.189505459539,8940.396327371383,162600
2020-08-18 09:00:00+09:00,9231.72265625,9231.72265625,8844.878613230729,8854.430317996637,279800
2020-08-19 09:00:00+09:00,9050.2412109375,9269.930443498517,9031.137799410455,9183.965091626815,280800
2020-08-20 09:00:00+09:00,9121.8779296875,9140.981338964333,9007.257474026506,9050.240144899379,164200
2020-08-21 09:00:00+09:00,9241.275390625,9250.827096455105,9097.99980317345,9169.637596899225,214000
2020-08-24 09:00:00+09:00,9427.533203125,9427.533203125,9293.80932790337,9298.585180589856,273000
2020-08-25 09:00:00+09:00,9188.740234375,9365.44677734375,9131.430004222973,9355.895072318412,339200
2020-08-26 09:00:00+09:00,8997.708984375,9102.77777293989,8863.98507165605,9088.450210862859,399200
2020-08-27 09:00:00+09:00,8868.7578125,9064.567758817986,8811.44758430937,8945.171450087506,424600
2020-08-28 09:00:00+09:00,8773.2412109375,8940.396051646707,8711.155127245509,8835.327294629491,328400
2020-08-31 09:00:00+09:00,8906.96484375,8930.844106065684,8806.67194202413,8820.99949941354,416000
2020-09-01 09:00:00+09:00,8763.6875,8873.532084468665,8720.704836512261,8816.221866485013,240800
2020-09-02 09:00:00+09:00,8868.7578125,8868.7578125,8758.913208467959,8763.689060817178,290600
2020-09-03 09:00:00+09:00,8887.861328125,8983.378376251007,8854.430361280896,8930.843999781702,159000
2020-09-04 09:00:00+09:00,8696.8271484375,8873.53368577533,8696.8271484375,8801.895900368101,233600
2020-09-07 09:00:00+09:00,8252.6748046875,8572.656987508139,8171.4852956136065,8548.777720133463,554400
2020-09-08 09:00:00+09:00,8333.86328125,8472.363014863897,8262.225488001432,8405.501074498567,359200
2020-09-09 09:00:00+09:00,8438.931640625,8467.58675655242,8281.328503024193,8329.087029569893,361600
2020-09-10 09:00:00+09:00,8453.2587890625,8524.896575410488,8395.94855998411,8520.120722987289,212800
2020-09-11 09:00:00+09:00,8582.2060546875,8601.30946271129,8415.05123447934,8586.981906693447,184800
2020-09-14 09:00:00+09:00,8520.1201171875,8543.999377605627,8395.947963013243,8481.913300518498,178400
2020-09-15 09:00:00+09:00,8319.53515625,8534.448521365528,8314.759303691877,8520.120963691159,232000
2020-09-16 09:00:00+09:00,8534.4482421875,8567.87920900077,8319.534884102197,8319.534884102197,226800
2020-09-17 09:00:00+09:00,8558.3291015625,8558.3291015625,8376.84667641776,8429.381062643868,261200
2020-09-18 09:00:00+09:00,8481.9140625,8529.672587626688,8410.276274809967,8501.017472550675,371400
2020-09-23 09:00:00+09:00,8615.638671875,8715.931583243833,8534.44917219547,8672.948906942906,372000
2020-09-24 09:00:00+09:00,8692.052734375,8792.345650540865,8515.346167797046,8563.104699304602,266600
2020-09-25 09:00:00+09:00,8859.2080078125,8878.311421306436,8792.346060583726,8806.673620704178,220400
2020-09-28 09:00:00+09:00,8878.310546875,8945.172487518492,8758.914224297338,8883.086399778107,186800
2020-09-29 09:00:00+09:00,8935.62109375,8969.052065239177,8730.259411745055,8902.190122260823,235200
2020-09-30 09:00:00+09:00,8763.6875,9007.255926430518,8735.032391008175,8978.600817438692,222000
2020-10-02 09:00:00+09:00,8548.7763671875,8873.534352086243,8510.569545434706,8844.879235771648,329800
2020-10-05 09:00:00+09:00,8606.0859375,8653.844461015538,8524.896447523584,8610.861789851555,148400
2020-10-06 09:00:00+09:00,8429.3779296875,8539.222514606941,8381.619414505134,8505.791553979285,295600
2020-10-07 09:00:00+09:00,8348.1904296875,8486.690156495817,8329.08701909325,8472.36259855013,390400
2020-10-08 09:00:00+09:00,8419.828125,8448.48324057005,8123.725264109473,8309.983515314805,367200
2020-10-09 09:00:00+09:00,8410.2763671875,8477.13830309927,8348.190283840859,8419.828072317754,239200
2020-10-12 09:00:00+09:00,8219.2451171875,8438.934411429584,8214.469262964845,8367.296598089773,414800
2020-10-13 09:00:00+09:00,8309.9833984375,8391.172891410739,8071.190772045617,8171.483675130208,557000
2020-10-14 09:00:00+09:00,8629.9658203125,8629.9658203125,8290.880278949917,8405.500743635861,444600
2020-10-15 09:00:00+09:00,8161.931640625,8677.723692811951,8138.052378949678,8606.085907785986,539400
2020-10-16 09:00:00+09:00,8357.7431640625,8372.070723772322,8176.260741071428,8185.812447544643,377800
2020-10-19 09:00:00+09:00,8572.65625,8658.621605153203,8376.84627437326,8438.932364206128,355200
2020-10-20 09:00:00+09:00,8811.4482421875,8873.534327362806,8625.189986661586,8644.293397484756,415600
2020-10-21 09:00:00+09:00,8563.1025390625,8945.170694737348,8534.447427386887,8892.636323332055,362200
2020-10-22 09:00:00+09:00,8262.2236328125,8372.068224462608,8252.671929190752,8367.292372651735,358600
2020-10-23 09:00:00+09:00,8300.4326171875,8324.311882484357,8171.484584584472,8290.880911068756,190200
2020-10-26 09:00:00+09:00,8195.361328125,8300.430063100961,8152.378663816652,8300.430063100961,187000
2020-10-27 09:00:00+09:00,8247.896484375,8252.67233642154,8056.86240251339,8166.706999583816,249200
2020-10-28 09:00:00+09:00,8424.60546875,8424.60546875,8161.933529531604,8166.709382971939,210200
2020-10-29 09:00:00+09:00,8405.5,8472.361931818183,8381.620738636364,8415.051704545454,201200
2020-10-30 09:00:00+09:00,8472.36328125,8553.552782817784,8343.415249348223,8405.501338782413,311800
2020-11-02 09:00:00+09:00,8429.3779296875,8553.55006916165,8305.20579021335,8501.015702461049,285000
2020-11-04 09:00:00+09:00,8386.3984375,8481.915503986333,8324.312344283884,8448.484530716116,293200
2020-11-05 09:00:00+09:00,8553.552734375,8606.087117444864,8448.483968235274,8477.13908627338,328400
2020-11-06 09:00:00+09:00,8692.052734375,8701.60444067651,8491.46690204327,8553.552993003092,294000
2020-11-09 09:00:00+09:00,8926.0712890625,8945.174705411484,8787.57152053237,8787.57152053237,322800
2020-11-10 09:00:00+09:00,8152.38134765625,8749.362992915203,8114.174522359677,8739.811286591059,914000
2020-11-11 09:00:00+09:00,8309.9833984375,8395.948743938578,8200.138790297235,8305.207545909661,442400
2020-11-12 09:00:00+09:00,8505.7919921875,8510.567843951783,8300.430366323344,8357.740587494736,262800
2020-11-13 09:00:00+09:00,8486.689453125,8577.430645927125,8443.70678285031,8567.878941421637,315600
2020-11-16 09:00:00+09:00,8481.9140625,8539.224292652027,8429.379684860642,8515.345030088682,293400
2020-11-17 09:00:00+09:00,8247.896484375,8391.172045771207,8142.827739351114,8391.172045771207,443200
2020-11-18 09:00:00+09:00,8314.759765625,8329.087324095348,8200.13929786222,8224.018561979467,266600
2020-11-19 09:00:00+09:00,8443.70703125,8443.70703125,8224.017821160916,8233.569525947398,355200
2020-11-20 09:00:00+09:00,8343.416015625,8520.122594089868,8305.209187848812,8467.58820589761,530400
2020-11-24 09:00:00+09:00,8276.552734375,8505.793664121105,8252.673470859781,8424.60416816936,695000
2020-11-25 09:00:00+09:00,8281.3291015625,8453.259809553418,8219.243012565781,8338.639337559473,531200
2020-11-26 09:00:00+09:00,8563.1025390625,8610.861058521856,8348.1892014954,8357.74090538727,1241800
2020-11-27 09:00:00+09:00,8557.125,8700.620667970934,8518.859488541084,8547.558622135271,477400
2020-11-30 09:00:00+09:00,8609.7412109375,8662.356296115451,8451.895955403645,8537.99336751302,612200
2020-12-01 09:00:00+09:00,8585.8251953125,8815.418292457347,8557.126058169393,8772.369586742687,363800
2020-12-02 09:00:00+09:00,8246.2177734375,8471.02765473191,8227.085017582656,8471.02765473191,564400
2020-12-03 09:00:00+09:00,8241.43359375,8341.880549912943,8227.084028583866,8327.530984746807,263600
2020-12-04 09:00:00+09:00,8174.4697265625,8255.783936832577,8088.372327453006,8207.952048438414,365800
2020-12-07 09:00:00+09:00,7997.4921875,8160.120617150119,7997.4921875,8160.120617150119,258400
2020-12-08 09:00:00+09:00,7877.912109375,8021.407776212432,7863.562542691257,7920.960809426229,271400
2020-12-09 09:00:00+09:00,8131.421875,8212.73609375,7882.696029411764,7882.696029411764,343600
2020-12-10 09:00:00+09:00,8140.986328125,8207.950963021445,8021.406622952776,8207.950963021445,284200
2020-12-11 09:00:00+09:00,8260.56640625,8260.56640625,8121.853941987551,8193.601768330196,268600
2020-12-14 09:00:00+09:00,8246.2177734375,8298.83285203832,8198.385883800393,8251.000962401211,214800
2020-12-15 09:00:00+09:00,8155.33740234375,8341.881776942815,8155.33740234375,8341.881776942815,216600
2020-12-16 09:00:00+09:00,8021.40771484375,8179.252947157312,7983.142203979856,8140.987436293418,376400
2020-12-17 09:00:00+09:00,8179.251953125,8193.601517955043,8069.238622761331,8126.636882081506,334200
2020-12-18 09:00:00+09:00,8069.23876953125,8160.119348441205,7983.141378984978,8131.420218259114,315800
2020-12-21 09:00:00+09:00,7849.21337890625,8026.191377089998,7849.21337890625,7987.925863969188,315000
2020-12-22 09:00:00+09:00,7734.41552734375,7815.729728929924,7686.583644057765,7787.030598958334,328600
2020-12-23 09:00:00+09:00,7997.4921875,8021.408133036782,7763.115921239533,7763.115921239533,291200
2020-12-24 09:00:00+09:00,8035.75732421875,8035.75732421875,7887.47846883138,7983.142246500651,193000
2020-12-25 09:00:00+09:00,7987.92578125,8050.107239427395,7930.527512163174,8050.107239427395,134000
2020-12-28 09:00:00+09:00,7964.009765625,8040.540790399775,7849.213228462838,8035.757601351352,210400
2020-12-29 09:00:00+09:00,8011.8427734375,8021.409152868469,7882.696651119402,7954.444496851679,216600
2020-12-30 09:00:00+09:00,7978.35986328125,8016.625378213055,7897.045644051166,7968.7934845483,143000
2021-01-04 09:00:00+09:00,7992.7080078125,8064.455835530745,7863.561917919659,8064.455835530745,202800
2021-01-05 09:00:00+09:00,7992.7080078125,8078.8054010743945,7954.442499696103,8026.190327414348,228000
2021-01-06 09:00:00+09:00,7935.3115234375,8069.240831849947,7911.395575506706,7954.4442817821355,210200
2021-01-07 09:00:00+09:00,7949.66015625,8045.323936710289,7916.177833088898,8026.191180618231,282400
2021-01-08 09:00:00+09:00,8246.2177734375,8246.2177734375,7849.2130894495,7944.876868723717,396800
2021-01-12 09:00:00+09:00,8011.8427734375,8361.01562266791,7997.493204291044,8361.01562266791,576800
2021-01-13 09:00:00+09:00,7705.71826171875,8069.24066264403,7672.235935317737,8069.24066264403,1123400
2021-01-14 09:00:00+09:00,7576.57080078125,7810.947043987236,7480.907028044113,7753.548780344954,667600
2021-01-15 09:00:00+09:00,7595.70361328125,7638.752311341408,7456.991141754073,7523.955783180986,392800
2021-01-18 09:00:00+09:00,7686.58447265625,7715.28360572155,7600.487073460349,7648.318961902516,292800
2021-01-19 09:00:00+09:00,7633.96826171875,7796.5966582716555,7614.835509183114,7739.198400664747,276800
2021-01-20 09:00:00+09:00,7595.70361328125,7691.3673867482685,7557.438103894443,7677.017820728216,340200
2021-01-21 09:00:00+09:00,7753.54931640625,7787.031639179133,7662.66872602271,7696.151048795593,333200
2021-01-22 09:00:00+09:00,7748.76611328125,7815.730758704668,7657.885523063754,7720.066979528357,247400
2021-01-25 09:00:00+09:00,7772.6826171875,7834.864078125001,7700.934777644231,7825.297699519231,213000
2021-01-26 09:00:00+09:00,7796.59814453125,7806.164522622699,7705.7175526624815,7772.682199302627,177000
2021-01-27 09:00:00+09:00,7748.76611328125,7882.695404128086,7748.76611328125,7858.779459334009,374200
2021-01-28 09:00:00+09:00,7806.1650390625,7839.647364597695,7710.501251819087,7748.766766716452,856600
2021-01-29 09:00:00+09:00,7643.537109375,7796.599179149718,7633.97073001408,7782.249610108339,229000
2021-02-01 09:00:00+09:00,7653.1025390625,7705.717619018555,7567.005135498047,7705.717619018555,300600
2021-02-02 09:00:00+09:00,7901.828125,7911.394502875302,7724.8501343069,7724.8501343069,324400
2021-02-03 09:00:00+09:00,8021.40771484375,8059.673225707644,7911.394371110055,8002.274959411803,277000
2021-02-04 09:00:00+09:00,7839.646484375,8026.190848554759,7796.597784948902,8026.190848554759,256400
2021-02-05 09:00:00+09:00,7930.52783203125,7944.877399881729,7820.514478510912,7849.21361421187,142200
2021-02-08 09:00:00+09:00,7997.4921875,8026.191322144138,7906.611594460227,7959.226674641148,214000
2021-02-09 09:00:00+09:00,7954.443359375,7978.3593045324715,7858.779578745115,7978.3593045324715,153400
2021-02-10 09:00:00+09:00,7920.9599609375,7987.92459828842,7882.694453879831,7925.743149319708,136200
2021-02-12 09:00:00+09:00,7681.8017578125,7897.045269083709,7681.8017578125,7897.045269083709,286200
2021-02-15 09:00:00+09:00,7734.41552734375,7763.114657315341,7653.101325757576,7748.765092329546,173200
2021-02-16 09:00:00+09:00,7787.03173828125,7839.646817593961,7724.850280911683,7734.416658968539,135000
2021-02-17 09:00:00+09:00,7657.88525390625,7748.765840929497,7643.535687534159,7724.849896976011,223200
2021-02-18 09:00:00+09:00,7567.0048828125,7677.018228137839,7547.872127103745,7638.75271672033,220400
2021-02-19 09:00:00+09:00,7667.45166015625,7686.584415390576,7523.955995898803,7528.739184707385,208200
2021-02-22 09:00:00+09:00,7586.1376953125,7614.83682909048,7500.040293978563,7605.270451164486,220400
2021-02-24 09:00:00+09:00,7586.1376953125,7619.620018053476,7519.173049830549,7523.956238793546,337200
2021-02-25 09:00:00+09:00,7590.92138671875,7633.970090235113,7500.040790406427,7533.523115363599,335400
2021-02-26 09:00:00+09:00,7294.36279296875,7552.654983670594,7280.013226818647,7533.522228803791,413600
2021-03-01 09:00:00+09:00,7485.69091796875,7509.60686339357,7327.845678164936,7375.677569014577,238800
2021-03-02 09:00:00+09:00,7380.4609375,7514.390235134479,7327.845856286455,7514.390235134479,250000
2021-03-03 09:00:00+09:00,7280.01416015625,7327.846053455568,7227.3990775269995,7256.098213506591,192000
2021-03-04 09:00:00+09:00,7198.69873046875,7241.747427195805,7103.034959964181,7179.565976367836,296000
2021-03-05 09:00:00+09:00,7366.111328125,7366.111328125,7236.965220424107,7270.447544642858,297000
2021-03-08 09:00:00+09:00,7351.76220703125,7466.55875418073,7318.279880779319,7375.678154354058,366000
2021-03-09 09:00:00+09:00,7653.1025390625,7672.235295410156,7370.894382934571,7437.859030151367,459600
2021-03-10 09:00:00+09:00,7844.43017578125,7863.562932307545,7672.235367044588,7686.58493443931,610000
2021-03-11 09:00:00+09:00,8370.5810546875,8408.846568080358,7935.310839843751,7978.359542410714,889000
2021-03-12 09:00:00+09:00,8504.5107421875,8528.426689156531,8217.519378559125,8370.581439160926,557600
2021-03-15 09:00:00+09:00,8298.83203125,8427.978120497119,8227.08420389049,8427.978120497119,379800
2021-03-16 09:00:00+09:00,8504.5107421875,8528.426689156531,8274.9176512848,8337.099113404282,234000
2021-03-17 09:00:00+09:00,8227.0859375,8447.11265443314,8188.820421511628,8442.329464934593,356800
2021-03-18 09:00:00+09:00,8274.916015625,8298.83195786669,8097.938043036489,8179.252246658237,239000
2021-03-19 09:00:00+09:00,8337.0966796875,8356.229431677602,8212.733791751829,8227.083355744406,270400
2021-03-22 09:00:00+09:00,8289.265625,8375.363017527408,8274.916059578765,8332.314321263704,165000
2021-03-23 09:00:00+09:00,8298.83203125,8442.32768596902,8298.83203125,8384.929424081412,247400
2021-03-24 09:00:00+09:00,8418.4130859375,8494.944113991478,8370.581193403765,8370.581193403765,291800
2021-03-25 09:00:00+09:00,8179.251953125,8356.229919362208,8155.336011741594,8327.53078970212,225000
2021-03-26 09:00:00+09:00,8174.4697265625,8179.252915401916,7987.925361825263,8160.120160044251,326400
2021-03-29 09:00:00+09:00,8475.810546875,8475.810546875,8160.120086325479,8207.951974287527,303800
2021-03-30 09:00:00+09:00,8418.4130859375,8514.076871004972,8346.665247136896,8504.510492498224,238600
2021-03-31 09:00:00+09:00,8260.56640625,8423.194812626665,8260.56640625,8346.663797861176,259600
2021-04-01 09:00:00+09:00,8164.9033203125,8308.39898499286,8164.9033203125,8260.567096766074,182800
2021-04-02 09:00:00+09:00,8207.951171875,8279.698996803978,8179.252041903409,8241.43349017519,118600
2021-04-05 09:00:00+09:00,8140.986328125,8250.999656883447,8131.419951711222,8231.86690405589,107800
2021-04-06 09:00:00+09:00,8030.974609375,8193.603041012135,8016.625041877605,8155.3375276857505,225800
2021-04-07 09:00:00+09:00,8222.30078125,8270.132664794211,8054.889188845259,8083.588318971786,259000
2021-04-08 09:00:00+09:00,7940.09326171875,8222.301395719598,7925.7436955831145,8222.301395719598,289400
2021-04-09 09:00:00+09:00,7925.7431640625,8045.322873840148,7906.610410498076,7959.2254828002415,327000
2021-04-12 09:00:00+09:00,7724.849609375,7911.393965267028,7691.367289086687,7825.296570239938,489200
2021-04-13 09:00:00+09:00,7935.3115234375,7992.709798471406,7567.0059253032705,7653.10333785413,631600
2021-04-14 09:00:00+09:00,7696.15087890625,7863.562489075124,7672.23493459641,7863.562489075124,310800
2021-04-15 09:00:00+09:00,7734.41552734375,7753.548280658144,7648.318137428977,7681.800455729167,182000
2021-04-16 09:00:00+09:00,7662.66796875,7758.3317386470035,7657.88478025515,7734.415796172753,130600
2021-04-19 09:00:00+09:00,7815.73046875,7868.3455453450115,7715.28350434134,7758.332203373623,352000
2021-04-20 09:00:00+09:00,7696.15087890625,7810.947411593478,7662.668556872475,7710.500445492154,321000
2021-04-21 09:00:00+09:00,7739.2001953125,7767.899330771013,7643.536410450788,7691.368302881644,353800
2021-04-22 09:00:00+09:00,7705.71826171875,7763.1165355490575,7657.886366860161,7753.550156577339,282000
2021-04-23 09:00:00+09:00,7691.3681640625,7743.9832447868075,7677.018596592234,7681.8017857489895,182800
2021-04-26 09:00:00+09:00,7648.31884765625,7700.9339241566995,7624.40290379241,7653.102036429019,199800
2021-04-27 09:00:00+09:00,7567.0048828125,7667.451850283463,7567.0048828125,7629.186338865953,230400
2021-04-28 09:00:00+09:00,7490.4736328125,7662.668428969109,7490.4736328125,7576.571030890805,299200
2021-04-30 09:00:00+09:00,7504.82373046875,7624.403458487691,7485.690973985719,7528.739676072539,331200
2021-05-06 09:00:00+09:00,7390.0263671875,7538.305213389967,7375.676801425971,7523.955647628438,339800
2021-05-07 09:00:00+09:00,7461.7744140625,7567.00456605569,7399.59296061198,7461.7744140625,250800
2021-05-10 09:00:00+09:00,7552.6552734375,7576.571217938569,7346.978150728309,7423.509173131729,197000
2021-05-11 09:00:00+09:00,7519.17333984375,7586.137987908516,7447.4255026315,7567.005231318583,381400
2021-05-12 09:00:00+09:00,7485.69091796875,7605.270645092851,7466.558161628894,7543.089186988318,259800
2021-05-13 09:00:00+09:00,7299.14697265625,7485.691357933834,7284.797404557974,7452.209032371191,230800
2021-05-14 09:00:00+09:00,7495.25732421875,7500.040513321634,7284.797003691867,7361.328029338007,277400
2021-05-17 09:00:00+09:00,7299.14697265625,7423.509896174639,7265.664647093607,7413.943517442455,280400
2021-05-18 09:00:00+09:00,7356.54443359375,7380.460377786188,7294.3629786934125,7323.062111724337,218800
2021-05-19 09:00:00+09:00,7327.84521484375,7327.84521484375,7241.7478167581185,7294.362893366005,309400
2021-05-20 09:00:00+09:00,7256.09765625,7299.146356913316,7222.615333511865,7289.579978988134,238400
2021-05-21 09:00:00+09:00,7356.54443359375,7375.6771889477,7303.929356370388,7366.110811270725,607600
2021-05-24 09:00:00+09:00,7380.4609375,7447.425586317239,7332.629045487686,7332.629045487686,427800
2021-05-25 09:00:00+09:00,7366.111328125,7399.59365234375,7342.195382254465,7390.027273995536,334200
2021-05-26 09:00:00+09:00,7495.25732421875,7509.606891527401,7399.593542161076,7404.376731263959,643000
2021-05-27 09:00:00+09:00,7327.84521484375,7476.124067102338,7289.57970458347,7476.124067102338,1515400
2021-05-28 09:00:00+09:00,7384.14892578125,7403.3160871719865,7283.521328479884,7321.855651261357,606400
2021-05-31 09:00:00+09:00,7297.8974609375,7465.610140604482,7297.8974609375,7427.275813823457,162400
2021-06-01 09:00:00+09:00,7120.60107421875,7297.897332459728,7101.433911165672,7283.521960169919,303200
2021-06-02 09:00:00+09:00,7144.56005859375,7178.1025940801055,7048.724242918448,7139.7682678099845,211000
2021-06-03 09:00:00+09:00,7384.14892578125,7408.107877519671,7187.685521526201,7197.2691022215695,261800
2021-06-04 09:00:00+09:00,7369.77392578125,7393.732878725923,7302.688857536167,7345.814972836578,148400
2021-06-07 09:00:00+09:00,7398.52490234375,7451.234600482209,7374.56594864445,7379.357739384311,108600
2021-06-08 09:00:00+09:00,7441.6513671875,7460.818531043746,7408.108830439069,7441.6513671875,94200
2021-06-09 09:00:00+09:00,7580.61328125,7652.490145484356,7542.278953658344,7542.278953658344,278000
2021-06-10 09:00:00+09:00,7374.5654296875,7551.86167458577,7345.814687271564,7470.401237740619,213400
2021-06-11 09:00:00+09:00,7494.35986328125,7513.527024056906,7360.189737851662,7417.691220178629,227600
2021-06-14 09:00:00+09:00,7590.19677734375,7594.9885682385375,7499.152750342783,7561.446031975023,157800
2021-06-15 09:00:00+09:00,7791.45166015625,7796.243450845152,7590.196451222325,7609.363613977936,312000
2021-06-16 09:00:00+09:00,8026.2490234375,8050.207975746269,7848.952776352612,7868.1199381996275,422400
2021-06-17 09:00:00+09:00,7959.1640625,8131.6685214102945,7930.413319348284,8045.416291955147,316400
2021-06-18 09:00:00+09:00,8093.333984375,8141.251888367747,7848.952674011989,7892.078787605461,347800
2021-06-21 09:00:00+09:00,8050.2080078125,8136.460236467635,8011.873683965774,8088.542331659227,343000
2021-06-22 09:00:00+09:00,8251.462890625,8289.79721299724,8093.333810839503,8136.459923508275,342600
2021-06-23 09:00:00+09:00,8318.5478515625,8376.049334407402,8232.295627295147,8246.670998006373,312000
2021-06-24 09:00:00+09:00,8241.87890625,8285.005016805959,8131.667734829215,8280.213226744185,257800
2021-06-25 09:00:00+09:00,8184.37744140625,8280.21324282787,8174.793861264088,8246.670712330302,215400
2021-06-28 09:00:00+09:00,8198.7529296875,8198.7529296875,8122.0842874461205,8170.002188846983,195000
2021-06-29 09:00:00+09:00,8189.16943359375,8241.879125676565,8136.459741510935,8227.503755108524,237000
2021-06-30 09:00:00+09:00,7810.61865234375,8184.378317916028,7777.076118253931,8093.334296815088,626200
2021-07-01 09:00:00+09:00,7959.1640625,7968.747643550571,7762.700650963275,7777.076022539133,270200
2021-07-02 09:00:00+09:00,7662.07373046875,7959.164769423761,7633.322984763426,7939.997605620211,386600
2021-07-05 09:00:00+09:00,7695.6162109375,7724.366956432908,7647.698301778487,7666.8654654420925,147600
2021-07-06 09:00:00+09:00,7666.865234375,7695.615979003906,7571.0294189453125,7647.698071289063,118400
2021-07-07 09:00:00+09:00,7724.3662109375,7762.700534564981,7638.113982775667,7743.533372751241,181600
2021-07-08 09:00:00+09:00,7628.53076171875,7748.325528705539,7623.738971039278,7642.906133757165,317200
2021-07-09 09:00:00+09:00,7628.53076171875,7652.489715116108,7451.234506578301,7532.694948129319,315600
2021-07-12 09:00:00+09:00,7772.2841796875,7916.037894478267,7724.366274757244,7762.700598701449,345400
2021-07-13 09:00:00+09:00,8495.8447265625,8620.431282056366,8059.791782333968,8059.791782333968,921200
2021-07-14 09:00:00+09:00,8457.5107421875,8567.72193032932,8380.842089567102,8495.845068497698,425000
2021-07-15 09:00:00+09:00,8505.4287109375,8596.472736575704,8481.469756822184,8582.097364106514,368600
2021-07-16 09:00:00+09:00,8553.345703125,8639.597928702731,8452.718106617647,8491.052429096639,300200
2021-07-19 09:00:00+09:00,8572.5146484375,8615.640770201579,8433.552700531023,8462.303448373743,216200
2021-07-20 09:00:00+09:00,8692.30859375,8721.059338823043,8486.261587393192,8586.889195148842,348200
2021-07-21 09:00:00+09:00,8673.140625,8735.433900207183,8577.30481698895,8721.058529005526,293200
2021-07-26 09:00:00+09:00,8836.0615234375,8840.853313851512,8730.642134329244,8807.31078095343,208000
2021-07-27 09:00:00+09:00,8960.6484375,8994.190971758022,8773.768603776738,8831.270091076203,253000
2021-07-28 09:00:00+09:00,8797.7294921875,8984.609367021549,8745.019783900974,8898.357117098141,205200
2021-07-29 09:00:00+09:00,8697.1005859375,8860.02147845644,8682.725213068183,8807.311777935607,233400
2021-07-30 09:00:00+09:00,8907.9384765625,9003.774285885389,8783.351924442744,8783.351924442744,371800
2021-08-02 09:00:00+09:00,9104.400390625,9157.11007709704,8907.937013774672,8960.64670024671,273600
2021-08-03 09:00:00+09:00,8989.3984375,9109.193192797175,8951.064115804904,9046.899920042644,210600
2021-08-04 09:00:00+09:00,8788.14453125,8955.857213144083,8716.267667581107,8893.56393129771,265600
2021-08-05 09:00:00+09:00,8764.18359375,8831.268651329277,8716.265695479087,8783.350753058365,186600
2021-08-06 09:00:00+09:00,8697.1005859375,8768.977450284092,8634.807303503789,8721.059540719698,194400
2021-08-10 09:00:00+09:00,8788.14453125,8807.311694895037,8697.100503936068,8697.100503936068,229400
2021-08-11 09:00:00+09:00,8711.4755859375,8788.144237958952,8677.933050678115,8788.144237958952,196200
2021-08-12 09:00:00+09:00,8807.310546875,8836.06128859494,8625.222515982045,8658.765047988642,210000
2021-08-13 09:00:00+09:00,9075.650390625,9099.609340969839,8860.01983752145,8879.18699779732,247400
2021-08-16 09:00:00+09:00,9018.1484375,9104.40065422423,8955.855169865834,9094.817074588203,193000
2021-08-17 09:00:00+09:00,9219.40625,9315.242073804573,9056.485349532224,9080.444305483368,243400
2021-08-18 09:00:00+09:00,9372.740234375,9425.449918719645,9200.235812883437,9219.402970826943,240200
2021-08-19 09:00:00+09:00,9358.3671875,9482.953745039682,9281.69853670635,9315.24107142857,205400
2021-08-20 09:00:00+09:00,9502.1220703125,9621.916851834341,9358.36833248629,9358.36833248629,229800
2021-08-23 09:00:00+09:00,9458.9951171875,9679.417495804839,9430.244372150455,9578.789888175184,264400
2021-08-24 09:00:00+09:00,9550.0390625,9607.54055208856,9406.2853385286,9420.66071092574,298600
2021-08-25 09:00:00+09:00,9363.1591796875,9473.370367575326,9305.657690354721,9391.90992435389,258800
2021-08-26 09:00:00+09:00,9372.740234375,9506.910339979551,9320.030550030355,9430.241708205522,236400
2021-08-27 09:00:00+09:00,9482.953125,9526.079238251643,9334.407623799898,9367.950156328954,312600
2021-08-30 09:00:00+09:00,9348.7841796875,9444.619999058976,9248.15656934745,9363.15955259322,337000
2021-08-31 09:00:00+09:00,9334.408203125,9377.534319053197,9224.197017975168,9377.534319053197,337600
2021-09-01 09:00:00+09:00,9343.9921875,9367.951141826923,9238.572788461539,9267.323533653846,266600
2021-09-02 09:00:00+09:00,9502.1220703125,9502.1220703125,9310.450419877552,9343.99295870367,230600
2021-09-03 09:00:00+09:00,9401.4931640625,9458.994651304472,9281.698398975057,9396.701373459002,310800
2021-09-06 09:00:00+09:00,9458.9951171875,9502.121234743066,9300.866019483758,9320.033182841787,169400
2021-09-07 09:00:00+09:00,9693.791015625,9703.37459547238,9521.286578372157,9526.078368295848,195400
2021-09-08 09:00:00+09:00,9454.203125,9569.206102698936,9420.660589837811,9487.745660162189,394600
2021-09-09 09:00:00+09:00,9372.740234375,9516.493918951304,9315.238760544478,9463.784234606659,267800
2021-09-10 09:00:00+09:00,9573.998046875,9573.998046875,9334.408506162412,9348.783878605167,190400
2021-09-13 09:00:00+09:00,9554.83203125,9554.83203125,9401.494706776579,9554.83203125,142800
2021-09-14 09:00:00+09:00,9597.9560546875,9621.915006396655,9526.079199560036,9583.580683662007,145200
2021-09-15 09:00:00+09:00,9497.330078125,9521.28903392249,9396.702463775542,9502.121869284498,291800
2021-09-16 09:00:00+09:00,9569.20703125,9569.20703125,9449.412251189284,9449.412251189284,235400
2021-09-17 09:00:00+09:00,9760.8759765625,9804.002085442748,9588.371541041513,9617.12228029501,336600
2021-09-21 09:00:00+09:00,9780.044921875,9818.37924787941,9674.625525362873,9689.000897614527,220200
2021-09-22 09:00:00+09:00,9722.54296875,9919.00638014416,9722.54296875,9823.170569707983,184800
2021-09-24 09:00:00+09:00,9727.3359375,9813.588177339901,9631.500115455665,9722.544146397782,231200
2021-09-27 09:00:00+09:00,9602.748046875,9866.296521215381,9602.748046875,9751.293550594124,240400
2021-09-28 09:00:00+09:00,9343.9921875,9473.370540865384,9291.282487980769,9473.370540865384,254400
2021-09-29 09:00:00+09:00,9243.36328125,9291.281183174571,9037.31630297434,9291.281183174571,339000
2021-09-30 09:00:00+09:00,9118.77734375,9262.531059100762,9027.733324027851,9161.903458355227,283800
2021-10-01 09:00:00+09:00,9099.609375,9205.028756911532,9042.107893957345,9042.107893957345,383800
2021-10-04 09:00:00+09:00,8946.2734375,9128.361488182914,8912.730901847885,9085.235370915909,234800
2021-10-05 09:00:00+09:00,8778.560546875,8869.604570013988,8668.34936096991,8792.935918949577,318000
2021-10-06 09:00:00+09:00,8855.2275390625,9013.356602260044,8773.767112566795,8797.72606153612,308200
2021-10-07 09:00:00+09:00,8998.982421875,9133.152553830538,8893.563032481363,8965.439888886116,313000
2021-10-08 09:00:00+09:00,9037.3173828125,9075.651708932595,8869.604706037082,9008.566638222428,384800
2021-10-11 09:00:00+09:00,9166.6953125,9257.739332854155,8941.481156887088,9080.4430826908,445800
2021-10-12 09:00:00+09:00,8409.591796875,8457.509698851496,8179.58586738782,8251.462720352563,1052000
2021-10-13 09:00:00+09:00,8567.72265625,8615.640568197707,8294.590558148071,8395.218173238256,508800
2021-10-14 09:00:00+09:00,8586.888671875,8663.557320731026,8433.551374162946,8567.721509660993,291600
2021-10-15 09:00:00+09:00,8778.560546875,8812.10308171568,8687.516523736012,8711.47547719364,238000
2021-10-18 09:00:00+09:00,8462.3017578125,8735.433807753221,8443.13459641315,8711.474856004035,320000
2021-10-19 09:00:00+09:00,8653.9736328125,8653.9736328125,8553.34603243096,8553.34603243096,225600
2021-10-20 09:00:00+09:00,8606.0556640625,8682.724311403814,8548.554178556515,8644.389987733157,161600
2021-10-21 09:00:00+09:00,8462.3017578125,8572.512935858756,8423.967435013803,8548.55398410957,204200
2021-10-22 09:00:00+09:00,8409.591796875,8481.468649839744,8400.0082164797,8471.885069444445,131200
2021-10-25 09:00:00+09:00,8304.1728515625,8376.049708327322,8256.25494705262,8376.049708327322,170200
2021-10-26 09:00:00+09:00,8395.2197265625,8471.888399864441,8304.175677016445,8366.468974074272,187600
2021-10-27 09:00:00+09:00,8361.6748046875,8462.302409786891,8342.507641811426,8347.299432530444,162800
2021-10-28 09:00:00+09:00,8313.755859375,8433.550612391931,8299.380489012969,8400.00808154719,198200
2021-10-29 09:00:00+09:00,8323.341796875,8342.508962786054,8146.045512197755,8265.840299141839,261400
2021-11-01 09:00:00+09:00,8400.009765625,8433.552303194523,8337.716481567313,8385.634392380918,223200
2021-11-02 09:00:00+09:00,8385.6328125,8414.383553571428,8275.421638392856,8356.88207142857,235600
2021-11-04 09:00:00+09:00,8577.3056640625,8596.472827557613,8476.678055713164,8515.012382703388,283000
2021-11-05 09:00:00+09:00,8668.349609375,8706.683936005735,8591.680956113529,8606.056328600054,319000
2021-11-08 09:00:00+09:00,8558.138671875,8673.141655147678,8529.387926056832,8673.141655147678,206000
2021-11-09 09:00:00+09:00,8768.9775390625,8821.687240116973,8567.722316854508,8567.722316854508,356200
2021-11-10 09:00:00+09:00,8941.4814453125,8994.191143007269,8764.185189430098,8764.185189430098,253000
2021-11-11 09:00:00+09:00,8922.3134765625,9037.316442962876,8922.3134765625,8941.480637629229,287200
2021-11-12 09:00:00+09:00,8840.85546875,9003.776382537262,8807.312927676152,8970.233841463414,351200
2021-11-15 09:00:00+09:00,8984.6064453125,8994.190025520833,8879.187063020834,8907.937803645833,278400
2021-11-16 09:00:00+09:00,8922.3134765625,9066.06718456297,8912.729896029135,9027.732862429511,255400
2021-11-17 09:00:00+09:00,8745.017578125,8984.607100813357,8692.307883133562,8984.607100813357,318000
2021-11-18 09:00:00+09:00,8821.685546875,8888.770608067965,8764.184065852458,8783.351226193305,250600
2021-11-19 09:00:00+09:00,9128.361328125,9142.736700295276,8883.980001230315,8888.771791953739,679800
2021-11-22 09:00:00+09:00,9296.07421875,9406.285407941366,9099.610794539303,9123.56974871134,448000
2021-11-24 09:00:00+09:00,9066.0673828125,9276.906159156977,9061.275592441034,9209.821093956461,343600
2021-11-25 09:00:00+09:00,9046.8994140625,9272.113541425284,9018.148674399166,9219.403852042506,510800
2021-11-26 09:00:00+09:00,9176.2783203125,9185.861900803688,9008.56566171671,9018.149242207899,1578600
2021-11-29 09:00:00+09:00,8753.7197265625,9142.66722949808,8700.899695299644,9065.838093115744,737400
2021-11-30 09:00:00+09:00,8456.005859375,8897.773343226505,8446.402218421706,8811.340574646862,1118400
2021-12-01 09:00:00+09:00,8345.5634765625,8465.608981116045,8249.527072919664,8446.40170038748,449800
2021-12-02 09:00:00+09:00,8321.5556640625,8480.015754607255,8259.131992029717,8326.357484988099,254600
2021-12-03 09:00:00+09:00,8302.345703125,8355.165716273857,8115.074747415414,8307.14752250217,297200
2021-12-06 09:00:00+09:00,8350.365234375,8398.383435837766,8273.536112034575,8316.752493351063,229200
2021-12-07 09:00:00+09:00,8547.240234375,8576.051156513342,8321.554677624648,8364.771060832163,217000
2021-12-08 09:00:00+09:00,8552.04296875,8652.881207011511,8532.835685271617,8580.853893967575,206200
2021-12-09 09:00:00+09:00,8499.22265625,8691.29548463983,8499.22265625,8614.466353283899,267400
2021-12-10 09:00:00+09:00,8518.4306640625,8643.278013141207,8504.025200707265,8571.25069636503,239400
2021-12-13 09:00:00+09:00,8263.931640625,8556.842640089339,8263.931640625,8556.842640089339,231200
2021-12-14 09:00:00+09:00,8345.5634765625,8427.194419658912,8273.536173830373,8321.55437565179,184800
2021-12-15 09:00:00+09:00,8451.203125,8513.626784446022,8287.941246448863,8287.941246448863,156200
2021-12-16 09:00:00+09:00,8465.6103515625,8614.466801306367,8456.006709643541,8600.061338427928,113600
2021-12-17 09:00:00+09:00,8456.005859375,8619.267755580991,8412.78947508518,8451.204038898353,192600
2021-12-20 09:00:00+09:00,8422.3935546875,8446.402658321158,8345.564423059792,8446.402658321158,156000
2021-12-21 09:00:00+09:00,8422.3935546875,8518.429969222136,8398.38445105384,8451.20447904789,196200
2021-12-22 09:00:00+09:00,8153.4912109375,8383.97859499227,8124.680287930653,8374.374953989987,343400
2021-12-23 09:00:00+09:00,8187.1025390625,8206.309817746518,8100.66978498442,8191.9043587335045,181000
2021-12-24 09:00:00+09:00,8038.24755859375,8211.11309748824,8019.040276494363,8206.311276963392,160000
2021-12-27 09:00:00+09:00,7975.82373046875,8023.841934746106,7870.183681058568,8019.04011431837,119200
2021-12-28 09:00:00+09:00,8134.2841796875,8139.086000336666,7985.427739563348,7985.427739563348,173400
2021-12-29 09:00:00+09:00,8211.1123046875,8259.130505299707,8057.454062728435,8105.472263340643,132600
2021-12-30 09:00:00+09:00,8129.4814453125,8225.517847501662,8124.679625203042,8163.094186078706,119000
2022-01-04 09:00:00+09:00,8244.7255859375,8249.5274063137,8115.076435780067,8177.5001006706825,168400
2022-01-05 09:00:00+09:00,8043.04931640625,8177.500290053638,8033.445675431437,8143.887546641791,232200
2022-01-06 09:00:00+09:00,8019.03955078125,8086.265032045284,7942.210429336639,7956.615889607504,172000
2022-01-07 09:00:00+09:00,7870.18359375,7980.625462362722,7855.778132626602,7927.805438243594,246200
2022-01-11 09:00:00+09:00,7553.263671875,7750.138313036396,7514.849107745948,7692.516466842816,505000
2022-01-12 09:00:00+09:00,7716.525390625,7846.174541556472,7164.316044065028,7202.730607303983,647000
2022-01-13 09:00:00+09:00,7865.38134765625,7937.408649374714,7466.830278147417,7625.290341928037,473600
2022-01-14 09:00:00+09:00,7524.45263671875,7802.958222506681,7524.45263671875,7769.345479394344,354800
2022-01-17 09:00:00+09:00,7490.83984375,7562.867149939904,7418.812537560097,7476.4343825120195,273000
2022-01-18 09:00:00+09:00,7274.7578125,7447.623344678217,7265.154171823432,7404.406961633663,320200
2022-01-19 09:00:00+09:00,7116.29833984375,7293.965707302737,7058.676490938133,7202.731113202176,389000
2022-01-20 09:00:00+09:00,7097.0908203125,7207.532693700313,7049.072614491712,7130.703564387052,310200
2022-01-21 09:00:00+09:00,7164.31591796875,7212.3341211722945,7077.883152202371,7082.684972522726,327600
2022-01-24 09:00:00+09:00,7125.90185546875,7125.90185546875,6948.234491147764,7082.685469552835,273200
2022-01-25 09:00:00+09:00,7044.2705078125,7101.892352457183,6943.432279684304,7101.892352457183,295200
2022-01-26 09:00:00+09:00,6856.99951171875,7053.874147559414,6789.774026309743,6996.252302923122,470000
2022-01-27 09:00:00+09:00,6813.783203125,6948.234175420631,6684.134051268499,6914.621432346723,409000
2022-01-28 09:00:00+09:00,6852.1982421875,6924.225553773213,6789.774572146548,6924.225553773213,218800
2022-01-31 09:00:00+09:00,6871.404296875,6962.638875240217,6837.791557477289,6885.809756616876,274800
2022-02-01 09:00:00+09:00,6876.20654296875,7058.675711008424,6876.20654296875,6996.252048258009,198200
2022-02-02 09:00:00+09:00,6856.99951171875,6890.612254423254,6775.368565150669,6876.20679326418,252800
2022-02-03 09:00:00+09:00,6756.1611328125,6847.395718117004,6712.94475029984,6837.792077558635,251800
2022-02-04 09:00:00+09:00,6794.57568359375,6808.981144407024,6674.530176816475,6674.530176816475,266200
2022-02-07 09:00:00+09:00,6770.5673828125,6900.216545462101,6751.360099457003,6818.585591201241,207600
2022-02-08 09:00:00+09:00,6919.423828125,6953.036573993754,6760.963740458015,6780.171023811589,320400
2022-02-09 09:00:00+09:00,6938.63134765625,7029.865946691176,6900.216779641544,6962.6404526654405,274000
2022-02-10 09:00:00+09:00,7188.32568359375,7207.532966649445,6881.009154702635,6905.018258522253,518400
2022-02-14 09:00:00+09:00,7106.6943359375,7217.136207374367,7020.261566986909,7044.270669473184,379000
2022-02-15 09:00:00+09:00,7322.7763671875,7380.398214011271,7111.496262167008,7202.730852971312,517000
2022-02-16 09:00:00+09:00,7269.95703125,7356.389809692867,7183.524252807134,7356.389809692867,300600
2022-02-17 09:00:00+09:00,7149.91064453125,7226.739771671949,7125.901542299782,7178.721567209012,251600
2022-02-18 09:00:00+09:00,7293.96533203125,7293.96533203125,7092.288871237759,7097.090691732842,333000
2022-02-21 09:00:00+09:00,7567.66943359375,7601.282178539916,7212.334701305719,7212.334701305719,434600
2022-02-22 09:00:00+09:00,7591.6787109375,7697.318768901209,7447.624086441532,7447.624086441532,493000
2022-02-24 09:00:00+09:00,7658.904296875,7711.724326508621,7577.273341986677,7586.876983738244,378000
2022-02-25 09:00:00+09:00,7524.45263671875,7702.119993169671,7418.812586937121,7658.9036091680955,447800
2022-02-28 09:00:00+09:00,7620.48974609375,7630.093387865765,7428.416910653454,7510.04786571558,231400
2022-03-01 09:00:00+09:00,7788.55322265625,7884.589637238941,7630.09313859481,7634.894959323944,308600
2022-03-02 09:00:00+09:00,7807.7607421875,7884.589876181965,7692.517041195802,7692.517041195802,386400
2022-03-03 09:00:00+09:00,7817.36376953125,7908.598358979097,7692.516436602618,7735.732821077914,244200
2022-03-04 09:00:00+09:00,7663.70556640625,7802.9583617858125,7553.2636942086665,7802.9583617858125,346000
2022-03-07 09:00:00+09:00,7903.7958984375,7961.417739738381,7668.506713125569,7702.1194538844165,490400
2022-03-08 09:00:00+09:00,7740.53515625,7975.8243762600805,7687.715127268145,7788.553364415322,459000
2022-03-09 09:00:00+09:00,7822.16552734375,7889.3910137665935,7601.281786240121,7721.327297709485,305400
2022-03-10 09:00:00+09:00,7745.3359375,7759.741398016119,7385.199424597024,7438.01944648946,441800
2022-03-11 09:00:00+09:00,7658.904296875,7846.1753110305635,7644.498834247649,7759.742535266458,375200
2022-03-14 09:00:00+09:00,7490.83984375,7591.678072415865,7380.397974258814,7586.876252003205,282000
2022-03-15 09:00:00+09:00,7562.8671875,7639.696314484127,7471.632599206349,7471.632599206349,315200
2022-03-16 09:00:00+09:00,7586.8759765625,7692.516021805775,7558.065055132516,7586.8759765625,320400
2022-03-17 09:00:00+09:00,7639.6962890625,7735.73269747309,7596.479905277734,7735.73269747309,430000
2022-03-18 09:00:00+09:00,7548.4619140625,7721.327454079199,7538.8582729504615,7687.714710187063,316600
2022-03-22 09:00:00+09:00,7380.3984375,7606.084011060508,7337.18205107352,7586.8767282042945,321800
2022-03-23 09:00:00+09:00,7567.66943359375,7639.696744192675,7390.002067449735,7457.227557342065,396400
2022-03-24 09:00:00+09:00,7438.01953125,7615.68687964009,7346.784946941576,7534.055935785184,179200
2022-03-25 09:00:00+09:00,7553.263671875,7553.263671875,7423.614517939447,7481.236364133027,184600
2022-03-28 09:00:00+09:00,7375.59619140625,7495.6417023340855,7308.370705286661,7490.839881896973,262400
2022-03-29 09:00:00+09:00,7438.01953125,7471.632272837315,7351.5867671683345,7452.424991930278,286600
2022-03-30 09:00:00+09:00,7226.740234375,7476.434913569353,7154.712923068937,7476.434913569353,489000
2022-03-31 09:00:00+09:00,7121.099609375,7260.352400118004,7082.685046411412,7212.33419641352,362800
2022-04-01 09:00:00+09:00,7063.4775390625,7145.10848274983,6933.828393206152,7077.882999713205,324200
2022-04-04 09:00:00+09:00,7015.45849609375,7149.90944605311,6996.251217528127,7097.089429997647,263600
2022-04-05 09:00:00+09:00,6986.64892578125,7068.279875429554,6866.603411592569,7068.279875429554,523600
2022-04-06 09:00:00+09:00,6736.9541015625,6962.639663054615,6732.152281105221,6962.639663054615,436600
2022-04-07 09:00:00+09:00,6578.494140625,6756.1615006272805,6559.286858462591,6736.954218464872,383800
2022-04-08 09:00:00+09:00,6679.3330078125,6789.774890759795,6616.909334842289,6645.720260828541,468000
2022-04-11 09:00:00+09:00,6568.89013671875,6775.368408560056,6544.881035341854,6746.557486907781,452400
2022-04-12 09:00:00+09:00,6165.5380859375,6338.403639748832,5963.8616064909465,6002.276174004575,1251000
2022-04-13 09:00:00+09:00,6251.970703125,6271.177986391129,6021.483303931452,6079.105153729838,717400
2022-04-14 09:00:00+09:00,6232.76318359375,6367.214161360025,6218.35772169022,6256.7722867663,307200
2022-04-15 09:00:00+09:00,6107.916015625,6232.763355567021,6088.708732556997,6179.943327130012,305000
2022-04-18 09:00:00+09:00,5925.4462890625,6050.293617681321,5858.220804421597,6050.293617681321,348600
2022-04-19 09:00:00+09:00,5704.56298828125,6002.275871508049,5680.5538847952175,5983.068588719223,716800
2022-04-20 09:00:00+09:00,5810.203125,5877.428615702479,5646.941219008264,5742.97763429752,854800
2022-04-21 09:00:00+09:00,5901.4375,5983.068449959316,5839.013832384052,5853.419294141579,555600
2022-04-22 09:00:00+09:00,5690.1572265625,5915.842787447257,5690.1572265625,5834.211839893196,515600
2022-04-25 09:00:00+09:00,5627.7333984375,5690.157062413342,5550.904273544155,5570.111554767491,388200
2022-04-26 09:00:00+09:00,5570.11181640625,5666.148227033944,5502.886328966864,5646.940944908405,444600
2022-04-27 09:00:00+09:00,5661.3466796875,5738.175811897,5574.913905951813,5608.5266512934695,635000
2022-04-28 09:00:00+09:00,5805.4013671875,5810.203188004032,5608.526713709677,5618.1303553427415,456200
2022-05-02 09:00:00+09:00,5704.56298828125,5781.392119436553,5622.9320364287405,5776.5902987393465,478200
2022-05-06 09:00:00+09:00,5661.3466796875,5781.392198764844,5613.328472056563,5752.581274186281,422200
2022-05-09 09:00:00+09:00,5406.84912109375,5613.327373497863,5406.84912109375,5613.327373497863,401200
2022-05-10 09:00:00+09:00,5699.76171875,5757.3835726885,5445.26519718829,5445.26519718829,684800
2022-05-11 09:00:00+09:00,5738.17529296875,5766.986214941815,5627.733425405335,5670.949808364932,417200
2022-05-12 09:00:00+09:00,5512.48974609375,5656.544356183308,5512.48974609375,5642.138895174352,574200
2022-05-13 09:00:00+09:00,5498.083984375,5512.48944459607,5209.974779953603,5238.785700395742,1232200
2022-05-16 09:00:00+09:00,5354.02978515625,5565.3098843014295,5349.227964721133,5565.3098843014295,666400
2022-05-17 09:00:00+09:00,5320.4169921875,5474.07524466945,5291.606069847135,5368.4351960881095,502600
2022-05-18 09:00:00+09:00,5286.80419921875,5387.6424264518055,5248.389636463301,5320.416941629768,506400
2022-05-19 09:00:00+09:00,5382.8408203125,5392.44446138353,5171.560716749833,5209.975281033954,608600
2022-05-20 09:00:00+09:00,5397.24658203125,5517.292102094223,5320.417449190948,5498.084818884147,1351000
2022-05-23 09:00:00+09:00,5474.0751953125,5522.093398780154,5411.65153080455,5435.660632538377,779400
2022-05-24 09:00:00+09:00,5354.02978515625,5445.264373423486,5277.200658194367,5426.057091683016,690200
2022-05-25 09:00:00+09:00,5354.02978515625,5378.038887331839,5257.9933764538955,5306.011580805073,633800
2022-05-26 09:00:00+09:00,5550.904296875,5608.526140787198,5325.218741552228,5363.633304160359,1236800
2022-05-27 09:00:00+09:00,5555.7060546875,5608.526077679343,5402.047805983956,5406.849626255942,2009000
2022-05-30 09:00:00+09:00,5839.99609375,5839.99609375,5627.983034240924,5666.530863242574,1191000
2022-05-31 09:00:00+09:00,5878.54443359375,5878.54443359375,5878.54443359375,5878.54443359375,2608000
2022-06-01 09:00:00+09:00,6047.19091796875,6143.560494350722,5892.999595757595,5907.455032214891,847200
2022-06-02 09:00:00+09:00,5926.72802734375,6008.64215455094,5859.269334349594,5950.8204176988065,529200
2022-06-03 09:00:00+09:00,5825.54150390625,5989.369800955723,5801.449107281328,5974.9143629807695,388200
2022-06-06 09:00:00+09:00,5782.17431640625,5868.906931152344,5762.900402018229,5811.085187988281,326000
2022-06-07 09:00:00+09:00,5758.08251953125,5811.085789585512,5733.99012405204,5801.448831393828,274400
2022-06-08 09:00:00+09:00,5786.99365234375,5849.6338833849395,5738.808859235142,5786.99365234375,318800
2022-06-09 09:00:00+09:00,5709.89697265625,5777.355671067378,5666.53066653481,5762.900235693565,506000
2022-06-10 09:00:00+09:00,5671.35009765625,5719.534890329624,5565.343553774825,5671.35009765625,359000
2022-06-13 09:00:00+09:00,5705.07958984375,5748.445904293576,5613.528481560785,5695.442631077122,264400
2022-06-14 09:00:00+09:00,5666.53125,5733.989955357143,5608.70950255102,5613.527981505102,377000
2022-06-15 09:00:00+09:00,5579.79833984375,5632.801605593561,5497.884201866769,5618.346169479976,404800
2022-06-16 09:00:00+09:00,5517.158203125,5656.894087745633,5488.2473304448695,5546.069075805131,368600
2022-06-17 09:00:00+09:00,5579.79833984375,5652.075520411675,5493.065723162241,5550.887467616581,542400
2022-06-20 09:00:00+09:00,5661.712890625,5753.26399268617,5647.257453457447,5656.894411569149,411000
2022-06-21 09:00:00+09:00,5666.53125,5791.811702806122,5666.53125,5685.805165816327,453600
2022-06-22 09:00:00+09:00,5844.81494140625,5907.455167488923,5623.16491065218,5714.716010311469,473200
2022-06-23 09:00:00+09:00,5999.00634765625,6032.73570061496,5844.815019845005,5849.633498839106,473200
2022-06-24 09:00:00+09:00,6172.4716796875,6191.745595939451,6037.554265923838,6080.92057749073,399600
2022-06-27 09:00:00+09:00,6312.20751953125,6331.481435621422,6186.927064945134,6220.656418102934,525400
2022-06-28 09:00:00+09:00,6288.115234375,6288.115234375,6138.742382064176,6239.930443306993,379000
2022-06-29 09:00:00+09:00,6350.75537109375,6389.30320339174,6191.745562864544,6215.837958050787,448200
2022-06-30 09:00:00+09:00,6278.47802734375,6326.662816502182,6191.745406858571,6220.656280353631,371600
2022-07-01 09:00:00+09:00,6153.19677734375,6317.025039230741,6109.830472726605,6264.021778032009,355200
2022-07-04 09:00:00+09:00,6288.115234375,6312.207629909004,6177.290214918583,6264.022838840997,326000
2022-07-05 09:00:00+09:00,6177.2900390625,6350.755281969091,6124.286770396597,6350.755281969091,408000
2022-07-06 09:00:00+09:00,6384.484375,6384.484375,6235.111533018868,6235.111533018868,543800
2022-07-07 09:00:00+09:00,6442.306640625,6471.2175156016265,6302.570744904637,6384.484890671746,341400
2022-07-08 09:00:00+09:00,6331.4814453125,6461.580379120292,6326.662966282583,6456.761900090373,296600
2022-07-11 09:00:00+09:00,6389.30322265625,6413.3956179151355,6264.022767310049,6307.389078776042,288800
2022-07-12 09:00:00+09:00,6789.236328125,6928.972207128282,6577.2232703269165,6668.774363466998,1481200
2022-07-13 09:00:00+09:00,6635.0458984375,6885.606818349446,6567.587189230438,6866.332901433143,688800
2022-07-14 09:00:00+09:00,6808.51123046875,6842.2405854675335,6582.0427040483455,6606.135100476048,597200
2022-07-15 09:00:00+09:00,6726.5966796875,6866.332570597913,6712.141242696767,6808.510822634984,304400
2022-07-19 09:00:00+09:00,6620.59033203125,6765.144706093068,6553.1316241357345,6765.144706093068,308200
2022-07-20 09:00:00+09:00,6702.50439453125,6731.415268986453,6639.864166544977,6678.411999151914,316400
2022-07-21 09:00:00+09:00,6784.41796875,6808.510362104936,6668.774480646307,6668.774480646307,290800
2022-07-22 09:00:00+09:00,7030.16015625,7078.3449414196375,6851.876451122344,6861.513408156272,645400
2022-07-25 09:00:00+09:00,6861.51416015625,7073.527238138606,6861.51416015625,7049.434842913339,367800
2022-07-26 09:00:00+09:00,6880.7880859375,6904.8804811963855,6755.507630591299,6789.236983953738,196200
2022-07-27 09:00:00+09:00,6784.41796875,6928.972328879616,6760.325575395063,6871.150584827769,193000
2022-07-28 09:00:00+09:00,6938.60986328125,6962.702258639865,6803.692449273003,6890.425072564019,303800
2022-07-29 09:00:00+09:00,6895.2431640625,7020.5236128854385,6866.332291257207,6986.794261279263,290800
2022-08-01 09:00:00+09:00,7006.06787109375,7006.06787109375,6885.605906322537,6943.427649412719,193200
2022-08-02 09:00:00+09:00,6885.60595703125,6977.157050931595,6866.3320425259135,6972.338572305262,212200
2022-08-03 09:00:00+09:00,6909.69873046875,6977.157434950314,6885.606336011048,6919.335688251831,172800
2022-08-04 09:00:00+09:00,6866.33251953125,7015.705367324562,6851.877082648027,6977.157535635965,179200
2022-08-05 09:00:00+09:00,7015.705078125,7145.80400471111,6909.698545351133,6914.517024113582,318400
2022-08-08 09:00:00+09:00,7025.34228515625,7025.34228515625,7025.34228515625,7025.34228515625,23600
2022-08-09 09:00:00+09:00,7025.34228515625,7107.2564270270705,6981.975974754051,7059.071637691294,184200
2022-08-10 09:00:00+09:00,7034.97900390625,7063.889876525042,6972.338779898865,6996.431173747859,143000
2022-08-12 09:00:00+09:00,6991.61279296875,7092.8008485527225,6981.975835294086,7044.616060179403,217600
2022-08-15 09:00:00+09:00,7155.44140625,7222.900113110269,7049.434866898147,7068.708783143939,329400
2022-08-16 09:00:00+09:00,7338.54345703125,7463.82391000749,7285.54018846438,7391.546725598121,338800
2022-08-17 09:00:00+09:00,7420.45703125,7420.45703125,7295.1765878652595,7406.001595474837,224200
2022-08-18 09:00:00+09:00,7290.35888671875,7430.094780780114,7280.721928507622,7377.091510618907,209600
2022-08-19 09:00:00+09:00,7189.1708984375,7275.9035232175775,7189.1708984375,7261.448085754231,168800
2022-08-22 09:00:00+09:00,7266.2666015625,7275.90355992001,7131.349184557361,7160.260059629891,141600
2022-08-23 09:00:00+09:00,7333.724609375,7348.180045530142,7251.810471162533,7290.358300909576,195000
2022-08-24 09:00:00+09:00,7261.447265625,7343.361401999005,7261.447265625,7304.8135731171205,241800
2022-08-25 09:00:00+09:00,7174.71484375,7328.906163427636,7155.440928790295,7328.906163427636,262600
2022-08-26 09:00:00+09:00,7092.80078125,7222.899708623471,7063.8899085003395,7222.899708623471,219200
2022-08-29 09:00:00+09:00,7102.4375,7107.25597862958,6938.609226594301,7015.704884667571,302000
2022-08-30 09:00:00+09:00,7227.71826171875,7227.71826171875,7227.71826171875,7227.71826171875,25000
2022-08-31 09:00:00+09:00,7078.345703125,7155.4413676927325,6991.6130804863,7131.348972515316,351800
2022-09-01 09:00:00+09:00,7015.705078125,7078.345302036831,6981.975726787861,7006.068120600104,298600
2022-09-02 09:00:00+09:00,7155.44140625,7198.80771780303,7112.075094696969,7121.712052819865,298200
2022-09-05 09:00:00+09:00,7039.79736328125,7155.440851795111,6986.794097712397,7136.166937042801,297600
2022-09-06 09:00:00+09:00,6900.06103515625,7039.796908074917,6851.876251391192,7039.796908074917,313400
2022-09-07 09:00:00+09:00,6977.15673828125,7001.249130333326,6798.8730370958865,6861.513256431284,284000
2022-09-08 09:00:00+09:00,7059.0712890625,7116.8930334097695,6996.431066019624,7030.160416888864,334800
2022-09-09 09:00:00+09:00,6924.15380859375,7044.615774644441,6880.787500815501,7010.886424150248,434200
2022-09-12 09:00:00+09:00,6986.79443359375,7044.616180630388,6875.969418440194,6919.335728717672,484000
2022-09-13 09:00:00+09:00,7015.705078125,7054.252908224588,6943.427896688273,6986.794205550309,300000
2022-09-14 09:00:00+09:00,6769.962890625,6890.424863767794,6769.962890625,6847.058553436388,475800
2022-09-15 09:00:00+09:00,6606.134765625,6765.1445739879655,6553.1314961706785,6750.689136864059,502400
2022-09-16 09:00:00+09:00,6731.4150390625,6798.8737438204635,6543.494361522459,6582.042192812723,596800
2022-09-20 09:00:00+09:00,6803.69189453125,6822.965809246636,6716.959278312013,6789.236458494711,332200
2022-09-21 09:00:00+09:00,6774.78173828125,6914.517634732286,6774.78173828125,6798.874134221084,391600
2022-09-22 09:00:00+09:00,6596.49755859375,6798.873670690855,6586.86060087484,6774.781276393581,276000
2022-09-26 09:00:00+09:00,6707.322265625,6736.233137459591,6567.586385091146,6577.223342369343,297200
2022-09-27 09:00:00+09:00,6900.06103515625,6948.245818921308,6755.506683861076,6755.506683861076,312000
2022-09-28 09:00:00+09:00,6794.0556640625,6890.425247949911,6736.233913730053,6847.058935200576,354600
2022-09-29 09:00:00+09:00,6866.33251953125,6904.8803512198465,6697.685755893641,6745.870545504386,284600
2022-09-30 09:00:00+09:00,6914.51708984375,7006.068187200566,6861.513822952961,6861.513822952961,306400
2022-10-03 09:00:00+09:00,6716.95947265625,6856.695358385828,6639.86381156407,6856.695358385828,377400
2022-10-04 09:00:00+09:00,7174.71484375,7198.8072374496305,6832.602853215245,6832.602853215245,484000
2022-10-05 09:00:00+09:00,7242.17431640625,7299.996067435442,7078.3460218235405,7121.712335095434,422600
2022-10-06 09:00:00+09:00,7131.3486328125,7237.355166543497,7097.61928117082,7208.44429370777,390400
2022-10-07 09:00:00+09:00,7097.619140625,7121.711534177698,6986.794130282587,7015.705002545825,276800
2022-10-11 09:00:00+09:00,6948.24658203125,7073.527033579664,6919.335708597001,7034.979202333998,465400
2022-10-12 09:00:00+09:00,7324.087890625,7401.183552631579,7010.886763723272,7087.9824257298515,987400
2022-10-13 09:00:00+09:00,7213.263671875,7328.907177636523,7121.712563147127,7251.811507128841,532400
2022-10-14 09:00:00+09:00,7242.17431640625,7333.72542220247,7203.626482386789,7324.088463697605,432800
2022-10-17 09:00:00+09:00,7063.8896484375,7237.3548785491985,7063.8896484375,7227.71792132077,353000
2022-10-18 09:00:00+09:00,7184.3525390625,7203.626456001635,7083.164475132043,7112.075350540745,280200
2022-10-19 09:00:00+09:00,7237.35546875,7391.546796979028,7203.6261156999,7203.6261156999,341200
2022-10-20 09:00:00+09:00,7112.0751953125,7218.081736164041,7078.345841405191,7160.259986608655,253800
2022-10-21 09:00:00+09:00,7020.5234375,7073.526702985587,6948.246257292381,7073.526702985587,271200
2022-10-24 09:00:00+09:00,6856.6953125,7020.523591224526,6798.873567067814,7020.523591224526,400600
2022-10-25 09:00:00+09:00,6822.96630859375,6928.972847286591,6784.418476341808,6914.517410192112,269600
2022-10-26 09:00:00+09:00,6981.97607421875,7030.160864240964,6900.061931180987,6914.517368187651,345400
2022-10-27 09:00:00+09:00,7006.06787109375,7063.889614183932,6986.793956730356,7030.160264047992,245200
2022-10-28 09:00:00+09:00,7001.2490234375,7044.615328469115,6914.516413374269,6943.4272833953455,568000
2022-10-31 09:00:00+09:00,6938.60986328125,7059.071840074327,6904.880509779188,7010.887049357097,402200
2022-11-01 09:00:00+09:00,6885.60595703125,6948.246179173591,6818.147256262574,6924.153786041921,340600
2022-11-02 09:00:00+09:00,7001.2490234375,7001.2490234375,6832.6022816478835,6880.787065016346,313400
2022-11-04 09:00:00+09:00,6798.8740234375,6938.609917611623,6769.963148780785,6928.972959392718,586800
2022-11-07 09:00:00+09:00,6745.87060546875,6871.151059570312,6726.596689453125,6847.058664550781,344400
2022-11-08 09:00:00+09:00,6880.7880859375,6914.517439299939,6813.329379212623,6851.877211626838,353600
2022-11-09 09:00:00+09:00,6813.32861328125,6851.876441362049,6779.599263710551,6842.23948434185,258400
2022-11-10 09:00:00+09:00,6875.9697265625,6900.062122240715,6813.329497799142,6837.421893477356,298800
2022-11-11 09:00:00+09:00,6933.791015625,7020.523634305508,6928.972536809417,7020.523634305508,598000
2022-11-14 09:00:00+09:00,7025.34228515625,7083.164032359183,6928.972706484697,6938.609664351852,449400
2022-11-15 09:00:00+09:00,7063.8896484375,7131.348349036493,7020.523340909575,7083.163562894355,272000
2022-11-16 09:00:00+09:00,7136.16748046875,7140.985959523759,7015.705504093518,7083.164210863648,252800
2022-11-17 09:00:00+09:00,7203.62548828125,7222.899402631167,7116.892873706626,7145.803745231501,269000
2022-11-18 09:00:00+09:00,7136.16748046875,7222.900103458917,7092.801168973667,7198.807708183871,689000
2022-11-21 09:00:00+09:00,7087.9814453125,7169.895574864037,7039.796663223359,7083.162967103585,328800
2022-11-22 09:00:00+09:00,7174.71484375,7295.176812248153,7150.6224500503695,7155.440928790295,473200
2022-11-24 09:00:00+09:00,7155.44140625,7232.537071233165,7136.167490004208,7218.081634048821,644000
2022-11-25 09:00:00+09:00,7131.3486328125,7232.536687737543,7121.711675200591,7208.44429370777,575400
2022-11-28 09:00:00+09:00,6948.24658203125,7073.527033579664,6880.787877351335,7063.890075768248,2036800
2022-11-29 09:00:00+09:00,6867.29833984375,6973.618229693548,6862.46561757785,6939.789173832248,801400
2022-11-30 09:00:00+09:00,6746.48046875,6814.138582333453,6736.815023952364,6814.138582333453,378000
2022-12-01 09:00:00+09:00,6799.64013671875,6804.4728589196875,6698.152970499067,6736.814748106565,423600
2022-12-02 09:00:00+09:00,6693.3203125,6785.142035198556,6693.3203125,6775.476590703971,379800
2022-12-05 09:00:00+09:00,6683.6552734375,6770.644279165536,6625.662602952142,6698.153441058839,248600
2022-12-06 09:00:00+09:00,6765.81103515625,6794.807368164063,6678.822036132812,6688.48748046875,238800
2022-12-07 09:00:00+09:00,6731.982421875,6785.142369212132,6698.153364478643,6756.1460343009685,227600
2022-12-08 09:00:00+09:00,6717.48388671875,6770.643831146021,6683.654831174123,6736.814775601393,264800
2022-12-09 09:00:00+09:00,6930.123046875,6930.123046875,6765.8105060146445,6789.974114964697,382200
2022-12-12 09:00:00+09:00,6799.64013671875,6876.963691933746,6775.476525714063,6847.967358728122,263600
2022-12-13 09:00:00+09:00,6727.1494140625,6843.134748787716,6644.993135298805,6823.803859666846,519000
2022-12-14 09:00:00+09:00,6818.9716796875,6838.3025703457215,6751.313562383726,6765.811730377392,259800
2022-12-15 09:00:00+09:00,6741.6474609375,6785.141960685484,6731.982016549059,6775.476516297043,192000
2022-12-16 09:00:00+09:00,6698.1533203125,6794.807769379058,6688.4878754058445,6717.484210125812,276000
2022-12-19 09:00:00+09:00,6688.4873046875,6727.149081015174,6630.4946401959905,6688.4873046875,180400
2022-12-20 09:00:00+09:00,6606.3310546875,6707.81821792703,6553.171112038222,6698.15277380898,322200
2022-12-21 09:00:00+09:00,6765.81103515625,6765.81103515625,6765.81103515625,6765.81103515625,47800
2022-12-22 09:00:00+09:00,6823.8037109375,6823.8037109375,6702.985656565377,6760.978322663997,231200
2022-12-23 09:00:00+09:00,6838.3017578125,6867.298090354461,6789.974536909232,6818.970869451193,204600
2022-12-26 09:00:00+09:00,6760.97900390625,6857.633457142937,6756.146281244416,6857.633457142937,178200
2022-12-27 09:00:00+09:00,6857.6328125,6959.119978858351,6785.141979386892,6794.807423801973,367200
2022-12-28 09:00:00+09:00,6785.14208984375,6828.636590419672,6669.156754974626,6828.636590419672,330800
2022-12-29 09:00:00+09:00,6369.52783203125,6765.811050716047,6364.695109852167,6760.978328536964,611200
2022-12-30 09:00:00+09:00,6446.8515625,6475.847896364318,6369.528005528486,6432.353395567841,344400
2023-01-04 09:00:00+09:00,6408.1904296875,6466.183103259333,6326.034142127403,6369.528647306278,326200
2023-01-05 09:00:00+09:00,6446.8515625,6466.182451742879,6292.204448556972,6364.695283217767,294000
2023-01-06 09:00:00+09:00,6442.0185546875,6456.516720977119,6374.360445335943,6408.189500011722,249800
2023-01-10 09:00:00+09:00,6466.181640625,6538.672466192545,6379.192649943946,6495.177970852018,388800
2023-01-11 09:00:00+09:00,6480.6806640625,6567.669666264681,6461.349774684238,6529.007887508156,353800
2023-01-12 09:00:00+09:00,6533.83984375,6533.83984375,6398.523633968195,6466.181738859097,461600
2023-01-13 09:00:00+09:00,6615.99609375,6625.661537276296,6475.847162618699,6480.679884381848,658600
2023-01-16 09:00:00+09:00,6297.037109375,6471.015110861953,6214.880830895049,6471.015110861953,883200
2023-01-17 09:00:00+09:00,5978.0771484375,6268.040470107871,5968.4117043818205,6268.040470107871,984800
2023-01-18 09:00:00+09:00,6089.22900390625,6152.054382517981,6007.072739567832,6036.069068157863,778800
2023-01-19 09:00:00+09:00,6258.3759765625,6277.706867609798,6069.899788851351,6156.8887985641895,569600
2023-01-20 09:00:00+09:00,6253.54248046875,6379.193256737828,6200.3825366626015,6205.215258826796,481200
2023-01-23 09:00:00+09:00,6282.53857421875,6364.69484788161,6258.374964317909,6359.862125901443,405400
2023-01-24 09:00:00+09:00,6195.54931640625,6311.53463902228,6166.552985752243,6297.036473695276,432000
2023-01-25 09:00:00+09:00,6176.21875,6176.21875,6176.21875,6176.21875,33200
2023-01-26 09:00:00+09:00,6098.8955078125,6195.549953261192,6098.8955078125,6190.717230988757,278800
2023-01-27 09:00:00+09:00,6055.40087890625,6079.564489755836,6002.240935037161,6065.066323246084,492200
2023-01-30 09:00:00+09:00,6181.052734375,6200.3836264293395,6002.241982872361,6098.896443144058,1439000
2023-01-31 09:00:00+09:00,6127.89208984375,6176.21931452706,6113.393922438757,6127.89208984375,299200
2023-02-01 09:00:00+09:00,6161.72119140625,6210.048416436887,6123.059411381741,6127.892133884804,328600
2023-02-02 09:00:00+09:00,6123.05908203125,6195.549915678029,6098.895470815657,6190.717193434911,216400
2023-02-03 09:00:00+09:00,6079.56396484375,6108.560295359698,6031.236747317171,6094.0621301017245,288800
2023-02-06 09:00:00+09:00,6127.89208984375,6156.888424653736,6060.233975287116,6069.899420223778,260400
2023-02-07 09:00:00+09:00,6229.37939453125,6239.044839674045,6152.055833388891,6185.884891388673,381000
2023-02-08 09:00:00+09:00,6263.2080078125,6297.037063410253,6248.709841127748,6268.0407300407505,342400
2023-02-09 09:00:00+09:00,5963.57958984375,6166.553935689323,5963.57958984375,6166.553935689323,814200
2023-02-10 09:00:00+09:00,5958.74609375,6021.571478355637,5886.255265358881,5992.575146999189,557600
2023-02-13 09:00:00+09:00,5987.7431640625,6036.0703889540455,5968.412274105882,6011.906776508273,267800
2023-02-14 09:00:00+09:00,6118.2265625,6142.390174516193,6016.739392031991,6031.237559241707,353200
2023-02-15 09:00:00+09:00,6065.06640625,6137.557239790837,6002.241017181275,6118.226350846614,297600
2023-02-16 09:00:00+09:00,6079.56396484375,6132.723904122988,6060.233077833118,6108.560295359698,231400
2023-02-17 09:00:00+09:00,6079.56396484375,6098.894851854382,6031.236747317171,6060.233077833118,209000
2023-02-20 09:00:00+09:00,6103.7275390625,6118.225704238421,6074.731208710659,6074.731208710659,185400
2023-02-21 09:00:00+09:00,6031.2373046875,6098.895415477264,5992.57552709335,6089.229971078726,247000
2023-02-22 09:00:00+09:00,5900.75439453125,6040.90335230472,5891.0889491675625,6026.405184259188,280000
2023-02-24 09:00:00+09:00,5987.7431640625,6011.906776508273,5857.259656855327,5862.092379344482,351400
2023-02-27 09:00:00+09:00,5982.91015625,5987.742878508683,5915.2520446284325,5963.579267215267,226600
2023-02-28 09:00:00+09:00,6031.2373046875,6040.902749086038,5939.415582901393,5968.411916097005,270400
2023-03-01 09:00:00+09:00,5876.58984375,6031.236944901316,5857.258956106086,5997.407891524465,384800
2023-03-02 09:00:00+09:00,5794.43408203125,5886.255806433746,5794.43408203125,5808.93224904217,233000
2023-03-03 09:00:00+09:00,5886.25537109375,5891.088093073301,5789.6009315027195,5794.4336534822705,338600
2023-03-06 09:00:00+09:00,5963.57958984375,5963.57958984375,5910.4196421222905,5929.750532202821,286600
2023-03-07 09:00:00+09:00,5949.08056640625,5963.578731880839,5905.586069982483,5949.08056640625,158600
2023-03-08 09:00:00+09:00,5857.25927734375,5895.92105475196,5833.095666463619,5891.088332575933,489600
2023-03-09 09:00:00+09:00,5915.25244140625,5915.25244140625,5847.594325246375,5847.594325246375,496000
2023-03-10 09:00:00+09:00,5736.44189453125,5852.427240334746,5736.44189453125,5842.7617948511215,462200
2023-03-13 09:00:00+09:00,5794.43408203125,5799.266804368223,5707.445079965726,5707.445079965726,368600
2023-03-14 09:00:00+09:00,5683.28173828125,5784.768912179129,5615.623622349331,5784.768912179129,412400
2023-03-15 09:00:00+09:00,5581.79443359375,5688.114327566965,5557.63082132711,5659.117992846997,335400
2023-03-16 09:00:00+09:00,5668.78271484375,5702.611767703005,5523.8010597326565,5538.299225243766,316000
2023-03-17 09:00:00+09:00,5726.77587890625,5736.441323427611,5654.285044996044,5659.117767256725,332800
2023-03-20 09:00:00+09:00,5721.94287109375,5794.433701386323,5707.4447050352355,5750.939203210779,320800
2023-03-22 09:00:00+09:00,5697.77978515625,5741.274287333015,5639.78711558723,5726.7761199407605,304600
2023-03-23 09:00:00+09:00,5678.44873046875,5721.943231382978,5654.285118849733,5707.445064411569,228200
2023-03-24 09:00:00+09:00,5717.11083984375,5717.11083984375,5668.783613809568,5697.779949430077,238600
2023-03-27 09:00:00+09:00,5741.2744140625,5770.270749487057,5702.612633496422,5717.110801208702,302200
2023-03-28 09:00:00+09:00,5779.935546875,5813.764601079118,5707.444716437604,5736.441048612563,244200
2023-03-29 09:00:00+09:00,5813.76513671875,5813.76513671875,5721.943409704904,5784.768801872273,228000
2023-03-30 09:00:00+09:00,5750.939453125,5794.433953190651,5736.441286436449,5794.433953190651,197600
2023-03-31 09:00:00+09:00,5760.60546875,5779.936359584732,5726.77640978922,5741.274577915268,370600
2023-04-03 09:00:00+09:00,5775.103515625,5818.598019089958,5760.605347803347,5794.434406053871,266200
2023-04-04 09:00:00+09:00,5755.77197265625,5755.77197265625,5692.946585885023,5736.44108441895,466600
2023-04-05 09:00:00+09:00,5668.78271484375,5775.102595258551,5663.949993006713,5775.102595258551,328600
2023-04-06 09:00:00+09:00,5678.44873046875,5683.281452792553,5567.296117021277,5601.125173287899,358200
2023-04-07 09:00:00+09:00,5605.95751953125,5668.782905525997,5601.124797531655,5649.452017527613,400200
2023-04-10 09:00:00+09:00,5717.11083984375,5746.107175464259,5644.620000792476,5644.620000792476,504200
2023-04-11 09:00:00+09:00,5982.91015625,5997.40832302605,5741.2740433158315,5770.270376867932,969000
2023-04-12 09:00:00+09:00,5992.57568359375,6084.397407777848,5929.750293362525,5934.583015688004,542200
2023-04-13 09:00:00+09:00,6040.90234375,6060.23323125,5944.24790625,5958.746071875,353000
2023-04-14 09:00:00+09:00,6147.22314453125,6152.055867129152,6060.234137769015,6065.066860366917,399400
2023-04-17 09:00:00+09:00,6166.5537109375,6190.717322657474,6152.055543905515,6171.386433281495,411000
2023-04-18 09:00:00+09:00,6268.04052734375,6277.705971487688,6181.051530048308,6185.884252120278,374800
2023-04-19 09:00:00+09:00,6161.72119140625,6253.542918964461,6113.393966375613,6229.379306449142,387000
2023-04-20 09:00:00+09:00,6118.2265625,6166.553786532386,6089.230228080569,6127.892007306477,384200
2023-04-21 09:00:00+09:00,6195.54931640625,6205.2147599575865,6147.222098649571,6147.222098649571,380000
2023-04-24 09:00:00+09:00,6234.21240234375,6248.710570721294,6195.550620003633,6195.550620003633,343000
2023-04-25 09:00:00+09:00,6301.8701171875,6321.201007117523,6214.881112502396,6234.2120024324195,458400
2023-04-26 09:00:00+09:00,6335.69873046875,6364.695063331307,6287.371509031154,6301.869675462433,627600
2023-04-27 09:00:00+09:00,6306.7021484375,6326.033036248803,6263.2076508620685,6301.8694264846745,383200
2023-04-28 09:00:00+09:00,6466.181640625,6490.3452491475155,6369.52720653494,6379.192649943946,849000
2023-05-01 09:00:00+09:00,6615.99609375,6620.828815513148,6446.85083203981,6446.85083203981,584000
2023-05-02 09:00:00+09:00,6596.66552734375,6683.654523308723,6587.0000833476415,6654.658191320398,712200
2023-05-08 09:00:00+09:00,6558.00390625,6640.160182157332,6514.509407240236,6620.829293708548,364800
2023-05-09 09:00:00+09:00,6615.99609375,6630.494259039445,6538.672545539627,6558.003432592221,265800
2023-05-10 09:00:00+09:00,6678.82275390625,6693.320921968276,6611.164636283466,6640.160972407516,314800
2023-05-11 09:00:00+09:00,6944.62158203125,6954.287026125936,6688.487313522095,6688.487313522095,834000
2023-05-12 09:00:00+09:00,6949.4541015625,7017.112208253651,6915.625048216924,6997.781320627608,927000
2023-05-15 09:00:00+09:00,6992.94873046875,7036.443228446786,6959.119676485832,6983.28328647363,587400
2023-05-16 09:00:00+09:00,6992.94873046875,7050.941394439465,6944.621510493153,7012.279618458988,455200
2023-05-17 09:00:00+09:00,6905.95947265625,6954.286690799401,6862.464976327415,6944.621247170771,535200
2023-05-18 09:00:00+09:00,6881.796875,6939.789545294943,6843.1350948033705,6925.291377721208,525200
2023-05-19 09:00:00+09:00,6925.29150390625,6944.62239435679,6794.8079933651,6843.135219491452,767200
2023-05-22 09:00:00+09:00,6968.78515625,6968.78515625,6901.127047936893,6925.290658048717,349800
2023-05-23 09:00:00+09:00,6833.46923828125,6968.785460821473,6823.803793814091,6968.785460821473,391400
2023-05-24 09:00:00+09:00,6727.1494140625,6799.6402482657595,6727.1494140625,6765.811192304238,362000
2023-05-25 09:00:00+09:00,6640.16015625,6751.312764396834,6640.16015625,6678.821932996725,624600
2023-05-26 09:00:00+09:00,6567.66943359375,6640.160266194122,6567.66943359375,6601.498488807257,1029800
2023-05-29 09:00:00+09:00,6519.34228515625,6635.327618620853,6519.34228515625,6635.327618620853,1814000
2023-05-30 09:00:00+09:00,6484.15478515625,6542.395696400169,6430.7672831826585,6498.71501296723,871600
2023-05-31 09:00:00+09:00,6435.62109375,6455.034732041855,6338.552902290724,6421.060865031109,441800
2023-06-01 09:00:00+09:00,6571.51611328125,6576.369522522964,6459.88770072182,6479.301337688677,365000
2023-06-02 09:00:00+09:00,6707.412109375,6712.2655190055175,6586.076868612066,6590.930278242583,304400
2023-06-05 09:00:00+09:00,6683.14501953125,6748.666049134497,6668.584790730528,6746.239344334377,297200
2023-06-06 09:00:00+09:00,6644.31689453125,6678.290757395909,6605.489622685925,6666.157234944245,222400
2023-06-07 09:00:00+09:00,6632.18408203125,6680.718177033308,6603.063625030015,6656.451129532279,247600
2023-06-08 09:00:00+09:00,6702.55908203125,6775.360230641292,6658.878392865224,6658.878392865224,384600
2023-06-09 09:00:00+09:00,6646.744140625,6780.212898468876,6566.662885918675,6746.239032835889,358000
2023-06-12 09:00:00+09:00,6668.58447265625,6753.519136609295,6641.890721128149,6702.558338237468,192800
2023-06-13 09:00:00+09:00,6646.744140625,6702.5583484506205,6639.464026560789,6678.291301569916,270400
2023-06-14 09:00:00+09:00,6772.93310546875,6785.06662948428,6624.904112479287,6649.171160510346,291200
2023-06-15 09:00:00+09:00,6712.26513671875,6823.893551863024,6707.411727364652,6787.4929817072825,352400
2023-06-16 09:00:00+09:00,6806.90625,6814.186363636364,6690.424431818182,6697.704545454546,337800
2023-06-19 09:00:00+09:00,6729.251953125,6806.906501448116,6702.558202138929,6806.906501448116,285000
2023-06-20 09:00:00+09:00,6843.3076171875,6848.16102684508,6734.105899891955,6768.079767495014,294800
2023-06-21 09:00:00+09:00,6857.86767578125,6945.229047447253,6838.454037633249,6896.694952077251,414800
2023-06-22 09:00:00+09:00,6836.02734375,6906.401782148562,6826.320524660544,6889.414848742013,224400
2023-06-23 09:00:00+09:00,6920.96142578125,6969.49551712614,6833.600061360449,6889.414266407071,367400
2023-06-26 09:00:00+09:00,6976.77587890625,6998.616220788043,6882.134397418478,6930.66849048913,274400
2023-06-27 09:00:00+09:00,6933.095703125,7015.603667390401,6899.121835486306,7015.603667390401,337200
2023-06-28 09:00:00+09:00,7112.6708984375,7119.951011946648,6962.215219248444,6962.215219248444,368000
2023-06-29 09:00:00+09:00,7112.6708984375,7158.778283995437,7064.136808376514,7146.64476148019,246600
2023-06-30 09:00:00+09:00,7071.4169921875,7105.390855567947,7035.016424279877,7076.27040124185,223200
2023-07-03 09:00:00+09:00,7100.5380859375,7119.951723903153,7064.137514751901,7083.551152717554,249200
2023-07-04 09:00:00+09:00,7001.04296875,7068.990699469237,6986.482740738735,7049.577062120883,228200
2023-07-05 09:00:00+09:00,7037.443359375,7056.856996228448,6967.06892578125,6984.055858028017,191200
2023-07-06 09:00:00+09:00,7005.8955078125,7035.015960217678,6981.628464141518,6993.761985977009,220000
2023-07-07 09:00:00+09:00,7071.4169921875,7117.524378203822,6937.948243192884,6998.615856372255,395800
2023-07-10 09:00:00+09:00,7238.8603515625,7250.993875450469,7003.469988135895,7117.525112682807,684800
2023-07-11 09:00:00+09:00,7775.16162109375,7925.617307893941,7462.116724364319,7556.758204770891,1644000
2023-07-12 09:00:00+09:00,7687.80078125,7806.709316061,7682.947371665877,7726.62805792298,630200
2023-07-13 09:00:00+09:00,7782.44140625,7847.962428379326,7687.799929840972,7763.027770063532,373200
2023-07-14 09:00:00+09:00,7556.75830078125,7702.360580179733,7522.784435588271,7668.386714986754,583200
2023-07-18 09:00:00+09:00,7627.1328125,7690.227134206968,7598.012356327553,7619.852698456888,307600
2023-07-19 09:00:00+09:00,7678.09423828125,7702.361287074807,7598.012977262514,7673.240828522539,507400
2023-07-20 09:00:00+09:00,7624.7060546875,7765.454925206875,7598.012303382102,7712.067422596077,266200
2023-07-21 09:00:00+09:00,7602.86572265625,7602.86572265625,7483.957193958467,7583.4520853178365,408600
2023-07-24 09:00:00+09:00,7716.9208984375,7741.187945287932,7617.426006350727,7719.347603122543,258200
2023-07-25 09:00:00+09:00,7670.8134765625,7716.920865380813,7605.292450347003,7687.800409285037,278600
2023-07-26 09:00:00+09:00,7792.1494140625,7818.843167894543,7665.960759583755,7687.801103628153,264200
2023-07-27 09:00:00+09:00,7850.3896484375,7864.949876533519,7736.334528352008,7784.868622005409,251000
2023-07-28 09:00:00+09:00,7920.763671875,7949.884126551011,7792.148330389285,7801.855148614622,387600
2023-07-31 09:00:00+09:00,7974.1513671875,8025.112164117183,7906.203637947923,7986.284890265996,291400
2023-08-01 09:00:00+09:00,8000.845703125,8022.68604626365,7920.764444949955,8022.68604626365,187400
2023-08-02 09:00:00+09:00,7794.576171875,7947.458581223732,7794.576171875,7896.497778107488,355000
2023-08-03 09:00:00+09:00,7707.21435546875,7794.57572725618,7653.826850487544,7794.57572725618,229800
2023-08-04 09:00:00+09:00,7835.8291015625,7838.255806146446,7758.174554876219,7775.161486963843,165400
2023-08-07 09:00:00+09:00,7816.41650390625,7835.830143158423,7750.895471430165,7835.830143158423,183400
2023-08-08 09:00:00+09:00,8095.486328125,8114.899964403477,7913.483488014276,7930.470419757943,313000
2023-08-09 09:00:00+09:00,8190.126953125,8277.488307291667,8032.391174768519,8066.365034722223,416000
2023-08-10 09:00:00+09:00,8284.76953125,8299.329758897187,8170.71441468036,8294.476349681458,343600
2023-08-14 09:00:00+09:00,8275.0625,8464.345454545455,8243.51534090909,8386.690909090908,344200
2023-08-15 09:00:00+09:00,8275.0625,8340.583522727273,8262.928977272728,8335.730113636364,159200
2023-08-16 09:00:00+09:00,8250.7958984375,8306.610105985754,8168.287939453126,8216.822032973345,170600
2023-08-17 09:00:00+09:00,8253.2236328125,8316.31796226064,8209.542943194556,8301.757732387992,201200
2023-08-18 09:00:00+09:00,8165.86181640625,8224.102732778836,8110.047604882523,8224.102732778836,181000
2023-08-21 09:00:00+09:00,8236.2353515625,8265.355806547399,8148.8739866078,8156.154100354025,117200
2023-08-22 09:00:00+09:00,8311.462890625,8338.156640054745,8228.954937842154,8284.769141195256,200800
2023-08-23 09:00:00+09:00,8233.8076171875,8294.475224151747,8204.687165844662,8245.941138580349,137800
2023-08-24 09:00:00+09:00,8241.0888671875,8287.196254842553,8209.54170721299,8250.795685641195,174600
2023-08-25 09:00:00+09:00,8185.2734375,8219.247297009339,8153.726282241328,8182.846733249333,163200
2023-08-28 09:00:00+09:00,8185.2734375,8248.367748017343,8056.658112214645,8245.941043766676,216800
2023-08-29 09:00:00+09:00,8219.248046875,8265.355431844184,8199.834411098502,8214.394637930876,236200
2023-08-30 09:00:00+09:00,8221.6748046875,8241.08844058995,8168.287305955763,8187.700941858213,150000
2023-08-31 09:00:00+09:00,8306.609375,8309.03607946246,8194.980969726848,8202.261083114226,149400
2023-09-01 09:00:00+09:00,8316.3173828125,8364.851479006327,8275.063401047746,8306.610563573733,158600
2023-09-04 09:00:00+09:00,8340.5830078125,8396.397208912205,8267.78187594332,8313.889259460468,179200
2023-09-05 09:00:00+09:00,8204.6884765625,8321.170300542091,8168.287906568878,8284.769730548469,234200
2023-09-06 09:00:00+09:00,8209.54296875,8253.223658503917,8148.875344091783,8241.090133572274,251600
2023-09-07 09:00:00+09:00,8255.6484375,8294.475708223104,8209.541053516314,8258.075141920193,304400
2023-09-08 09:00:00+09:00,8153.72705078125,8316.316250900994,8131.886710466657,8255.648638916016,337800
2023-09-11 09:00:00+09:00,8127.033203125,8228.95479002594,8027.538320674082,8228.95479002594,259600
2023-09-12 09:00:00+09:00,8168.28759765625,8194.981347975388,8095.486460422237,8100.339869571171,230000
2023-09-13 09:00:00+09:00,8090.6328125,8182.847583608279,8012.978268408819,8139.166902556989,477200
2023-09-14 09:00:00+09:00,8068.7919921875,8112.472670641448,8029.964722450658,8095.4857401315785,432000
2023-09-15 09:00:00+09:00,7818.8427734375,8066.366660119879,7784.868906637958,8054.2331362629,562600
2023-09-19 09:00:00+09:00,7663.53369140625,7721.774606097115,7573.745614591167,7658.680281848678,505600
2023-09-20 09:00:00+09:00,7624.7060546875,7695.080489947188,7619.852645359246,7670.813443305916,223200
2023-09-21 09:00:00+09:00,7418.435546875,7631.985539719292,7382.034979912905,7624.705426326873,366800
2023-09-22 09:00:00+09:00,7234.00732421875,7374.7562087557135,7234.00732421875,7362.622684226664,377200
2023-09-25 09:00:00+09:00,7590.73193359375,7598.012047340803,7280.113747052829,7294.673974546935,504200
2023-09-26 09:00:00+09:00,7697.5068359375,7806.708540734848,7600.438653895413,7639.265926712248,394800
2023-09-27 09:00:00+09:00,7617.42578125,7687.800215036636,7525.2110059433735,7554.331461303361,329200
2023-09-28 09:00:00+09:00,7481.5302734375,7564.038229745276,7386.888794143286,7564.038229745276,294600
2023-09-29 09:00:00+09:00,7423.28955078125,7534.917965078712,7394.169094877564,7503.370804516386,222800
2023-10-02 09:00:00+09:00,7321.3681640625,7493.6641997431225,7314.088049878812,7464.543743008369,301800
2023-10-03 09:00:00+09:00,7326.2216796875,7386.8892987640775,7282.540993952364,7284.967698715427,224400
2023-10-04 09:00:00+09:00,7469.39697265625,7561.611750096451,7328.64810182647,7377.18219521605,505600
2023-10-05 09:00:00+09:00,7537.34423828125,7556.757874439089,7416.009012294752,7442.7027620117815,259600
2023-10-06 09:00:00+09:00,7629.55908203125,7692.653400139651,7571.318173008111,7588.305104806526,376600
2023-10-10 09:00:00+09:00,7716.9208984375,7731.481126547759,7547.051570484473,7581.025436075079,456600
2023-10-11 09:00:00+09:00,7593.15869140625,7864.949606534885,7513.077439627277,7843.10926514062,442200
2023-10-12 09:00:00+09:00,6891.8408203125,7085.977181448064,6826.319798429247,6988.909000880282,1703400
2023-10-13 09:00:00+09:00,6707.412109375,6894.268380149919,6673.4382419613785,6891.84167533466,816200
2023-10-16 09:00:00+09:00,6855.44091796875,6872.427851216815,6624.903966745022,6634.6107857439165,776200
2023-10-17 09:00:00+09:00,6996.189453125,7010.7496809150625,6896.69456322624,6920.96160954301,680200
2023-10-18 09:00:00+09:00,6886.98779296875,6940.375295239825,6726.825286155523,6918.534953401658,492400
2023-10-19 09:00:00+09:00,6923.388671875,6981.629586044295,6850.58752916338,6886.98810051919,334800
2023-10-20 09:00:00+09:00,6923.388671875,6969.496062259025,6853.014233920435,6891.841510033298,316800
2023-10-23 09:00:00+09:00,7013.17626953125,7052.0035429957825,6870.000698630784,6894.267744546118,371200
2023-10-24 09:00:00+09:00,7229.1533203125,7258.273776789087,7085.977742635952,7141.791950882742,495200
2023-10-25 09:00:00+09:00,7190.32666015625,7275.261332145946,7173.33972575831,7231.580643694102,327800
2023-10-26 09:00:00+09:00,7284.96728515625,7345.634900788797,7214.592851022495,7258.273534277929,353600
2023-10-27 09:00:00+09:00,7360.1953125,7394.169178103363,7221.873145400594,7280.114057863501,248000
2023-10-30 09:00:00+09:00,7323.794921875,7377.182426275679,7265.55400798335,7348.061969329854,267800
2023-10-31 09:00:00+09:00,7617.42578125,7629.559304316662,7331.074636876792,7369.901910690109,395400
2023-11-01 09:00:00+09:00,7590.73193359375,7639.266025240769,7500.943864046765,7593.158638176101,361000
2023-11-02 09:00:00+09:00,7668.38671875,7670.8134234078325,7573.745237094541,7646.546376829509,297400
2023-11-06 09:00:00+09:00,7568.89208984375,7763.028469192099,7561.611975618186,7753.321650224681,356800
2023-11-07 09:00:00+09:00,7384.46240234375,7559.185140749517,7369.902174143269,7559.185140749517,412800
2023-11-08 09:00:00+09:00,7508.22412109375,7542.197985895079,7367.4752526311,7386.888889660431,402000
2023-11-09 09:00:00+09:00,7547.05126953125,7585.878542943629,7413.582517176195,7547.05126953125,351200
2023-11-10 09:00:00+09:00,7551.90478515625,7578.598536003525,7483.9570557268235,7571.318422136086,271000
2023-11-13 09:00:00+09:00,7636.83984375,7675.667119727122,7578.598929784319,7581.025634532889,341600
2023-11-14 09:00:00+09:00,7636.83984375,7721.7745099499525,7605.292682018589,7716.921100452812,301400
2023-11-15 09:00:00+09:00,7828.548828125,7843.10905533168,7578.598261076992,7692.653374195986,576200
2023-11-16 09:00:00+09:00,7794.576171875,7806.7096964264865,7704.788090193999,7765.455712951432,534000
2023-11-17 09:00:00+09:00,7687.80078125,7789.722382516571,7646.546799784958,7724.2013531309185,273400
2023-11-20 09:00:00+09:00,7627.1328125,7726.627704422526,7619.852698456888,7726.627704422526,368400
2023-11-21 09:00:00+09:00,7486.3837890625,7564.0383372796805,7403.875831581747,7564.0383372796805,501200
2023-11-22 09:00:00+09:00,7493.66357421875,7534.917551149359,7369.901643426924,7520.357323997378,541400
2023-11-24 09:00:00+09:00,7513.07763671875,7522.784455370841,7411.15604087179,7510.650932055727,900200
2023-11-27 09:00:00+09:00,7561.61083984375,7602.864814258815,7505.796639164544,7513.076752296614,893600
2023-11-28 09:00:00+09:00,7525.2109375,7619.852416559174,7525.2109375,7561.611506368913,1804000
2023-11-29 09:00:00+09:00,7707.921875,7715.230271215233,7510.595177188685,7595.859799699747,995600
2023-11-30 09:00:00+09:00,7625.0927734375,7742.027103509386,7561.753344648562,7598.295322796027,374200
2023-12-01 09:00:00+09:00,7705.484375,7759.079271063863,7632.400425822005,7685.995321885868,273200
2023-12-04 09:00:00+09:00,7827.29150390625,7829.727635715745,7649.453881813142,7651.890013622637,436600
2023-12-05 09:00:00+09:00,7871.14208984375,7895.50340859907,7729.846441062897,7759.0800235692805,241600
2023-12-06 09:00:00+09:00,7939.35400390625,7939.35400390625,7805.3667470130795,7880.886837261957,244600
2023-12-07 09:00:00+09:00,8024.61865234375,8083.085819209643,7956.406957666875,7961.279221572367,349800
2023-12-08 09:00:00+09:00,8131.8076171875,8314.517494745638,8087.957246573547,8112.318563581299,577600
2023-12-11 09:00:00+09:00,8341.314453125,8353.495110912858,8039.234139986127,8097.701297367845,412800
2023-12-12 09:00:00+09:00,8282.84765625,8404.654239430147,8214.635969669118,8385.165186121323,300200
2023-12-13 09:00:00+09:00,8083.0849609375,8148.860516677497,8007.564878421206,8087.957224325647,366400
2023-12-14 09:00:00+09:00,8017.31005859375,8143.988917009695,7956.406761278392,8085.521751586951,369400
2023-12-15 09:00:00+09:00,7525.2109375,7815.110614276465,7466.743775797184,7698.176290870832,721600
2023-12-18 09:00:00+09:00,7522.7744140625,7554.44412500253,7439.945939296268,7520.338282451728,265000
2023-12-19 09:00:00+09:00,7586.1142578125,7586.1142578125,7454.563143515174,7454.563143515174,245000
2023-12-20 09:00:00+09:00,7632.40087890625,7715.2293595582805,7600.731165715768,7649.4538013934325,264600
2023-12-21 09:00:00+09:00,7656.76220703125,7705.484842774369,7603.167307713818,7659.198338818406,235800
2023-12-22 09:00:00+09:00,7897.93896484375,7927.172545219483,7632.4006097641795,7632.4006097641795,245400
2023-12-25 09:00:00+09:00,7890.630859375,8010.001316957394,7871.141805075833,7990.512262658228,107800
2023-12-26 09:00:00+09:00,7914.99267578125,7941.790127130463,7827.291925911098,7854.08937726031,110800
2023-12-27 09:00:00+09:00,8029.490234375,8029.490234375,7910.119778827557,7941.789491523818,160800
2023-12-28 09:00:00+09:00,7985.6396484375,8014.873228602615,7907.683434663857,7941.789278189825,110800
2023-12-29 09:00:00+09:00,7934.4814453125,7983.204082373062,7876.014280839826,7946.662104577641,211600
2024-01-04 09:00:00+09:00,7924.736328125,7939.353118155356,7795.621349523516,7837.03558794286,294000
2024-01-05 09:00:00+09:00,7778.5693359375,7890.6314059196875,7681.124057692119,7871.142350270611,303800
2024-01-09 09:00:00+09:00,7902.8115234375,7907.683787015451,7788.313329355637,7790.749461144613,379600
2024-01-10 09:00:00+09:00,7912.55615234375,7946.6619978279905,7824.855406812846,7876.014175039207,366200
2024-01-11 09:00:00+09:00,7815.11083984375,7963.714880127562,7783.441126340643,7946.661957472043,467600
2024-01-12 09:00:00+09:00,7707.921875,7841.9091389459545,7644.582441134639,7790.750365439317,598200
2024-01-15 09:00:00+09:00,7403.40478515625,7600.731467485192,7393.660257633834,7600.731467485192,975800
2024-01-16 09:00:00+09:00,7264.5458984375,7388.788635131099,7201.206464044685,7366.863446302817,684200
2024-01-17 09:00:00+09:00,7588.55029296875,7649.453585849719,7247.491852835323,7271.85316998771,1032000
2024-01-18 09:00:00+09:00,7668.9423828125,7749.334726723812,7495.977036821493,7605.60296033692,472000
2024-01-19 09:00:00+09:00,7598.29541015625,7773.69690728073,7559.317299684144,7661.634839673424,518200
2024-01-22 09:00:00+09:00,7576.36962890625,7590.986419187098,7510.594072642434,7556.880575198453,286400
2024-01-23 09:00:00+09:00,7727.40966796875,7732.281931315515,7564.188845852134,7595.858557606105,315400
2024-01-24 09:00:00+09:00,7600.7314453125,7810.238786433293,7598.295313439003,7795.621995192308,283400
2024-01-25 09:00:00+09:00,7547.13623046875,7651.889896676031,7539.827835151963,7569.061416419111,213400
2024-01-26 09:00:00+09:00,7632.40087890625,7678.687382800032,7503.285894360437,7520.33881684762,264800
2024-01-29 09:00:00+09:00,7681.12353515625,7707.920984850738,7605.603449653604,7642.145426509724,205000
2024-01-30 09:00:00+09:00,7666.5068359375,7771.260504175604,7610.475804089212,7717.665604146807,1095800
2024-01-31 09:00:00+09:00,7724.97412109375,7763.9522308186,7605.603660061396,7627.528846781624,251600
2024-02-01 09:00:00+09:00,7776.1328125,7776.1328125,7776.1328125,7776.1328125,377400
2024-02-02 09:00:00+09:00,7727.40966796875,7839.471724944337,7724.973536295368,7839.471724944337,217600
2024-02-05 09:00:00+09:00,7863.83349609375,7871.141891536216,7727.410114501045,7727.410114501045,283400
2024-02-06 09:00:00+09:00,7837.03564453125,7936.917043793227,7822.4188543953505,7868.705356492364,223000
2024-02-07 09:00:00+09:00,7795.62158203125,7890.630720062256,7795.62158203125,7844.344216918946,180600
2024-02-08 09:00:00+09:00,7569.06103515625,7807.801936812289,7561.752640207596,7756.643172171709,378800
2024-02-09 09:00:00+09:00,7544.7001953125,7590.986699578221,7491.105295636403,7530.0834044917465,371800
2024-02-13 09:00:00+09:00,7461.8720703125,7556.881215184255,7347.373870082435,7544.700555585312,356800
2024-02-14 09:00:00+09:00,7398.5322265625,7522.774947522225,7369.298645160211,7495.977497903461,235600
2024-02-15 09:00:00+09:00,7323.01220703125,7405.840688414837,7305.959284393453,7405.840688414837,253600
2024-02-16 09:00:00+09:00,7352.24609375,7415.585523318422,7303.523455620444,7327.884774685222,247400
2024-02-19 09:00:00+09:00,7381.4794921875,7410.713074334777,7303.523273128094,7342.501382657797,266200
2024-02-20 09:00:00+09:00,7323.01220703125,7396.096161193239,7318.139943420451,7376.607106750042,187400
2024-02-21 09:00:00+09:00,7323.01220703125,7357.118052306845,7266.98117550706,7323.01220703125,214200
2024-02-22 09:00:00+09:00,7171.9716796875,7337.628634245499,7162.227152948794,7308.395054029382,433200
2024-02-26 09:00:00+09:00,7215.82275390625,7374.171328856927,7208.514358139296,7228.00341351784,590600
2024-02-27 09:00:00+09:00,7152.48291015625,7271.85336744428,7152.48291015625,7235.311390723455,321400
2024-02-28 09:00:00+09:00,7069.654296875,7103.76014117419,7025.803925633184,7103.76014117419,310200
2024-02-29 09:00:00+09:00,7128.1220703125,7169.536313373099,7006.315473075444,7084.27169530716,318600
2024-03-01 09:00:00+09:00,7057.4736328125,7186.588614703788,7050.165237611106,7094.015608819468,322400
2024-03-04 09:00:00+09:00,6908.86962890625,7069.654324078258,6840.657940045398,7045.293006627953,355400
2024-03-05 09:00:00+09:00,6816.29736328125,6879.636795534757,6789.499911173997,6833.350287349502,219000
2024-03-06 09:00:00+09:00,6896.689453125,6925.92303611246,6835.7861552344575,6850.402946728188,252200
2024-03-07 09:00:00+09:00,6835.7861328125,6852.839056165916,6794.371890382773,6823.605473274345,279600
2024-03-08 09:00:00+09:00,6696.92578125,6743.212281738814,6657.947675575209,6740.77615013414,438800
2024-03-11 09:00:00+09:00,6650.6396484375,6726.159732357486,6587.300223214285,6696.926151485233,315800
2024-03-12 09:00:00+09:00,6860.1474609375,6877.20038431341,6599.481346477162,6643.331720872359,432200
2024-03-13 09:00:00+09:00,6894.25244140625,7028.239679666795,6852.838204125718,6899.124704615724,406400
2024-03-14 09:00:00+09:00,6935.66748046875,6942.975876127832,6818.733149923439,6838.222205014324,237600
2024-03-15 09:00:00+09:00,6913.7421875,6991.698406668428,6894.253132707892,6950.284165235201,217800
2024-03-18 09:00:00+09:00,6935.66748046875,6967.337194991438,6896.689370286979,6918.614557264225,208000
2024-03-19 09:00:00+09:00,6945.41162109375,6955.156148096336,6879.636063826289,6903.997381332756,158800
2024-03-21 09:00:00+09:00,6967.3369140625,6991.6982319438375,6906.433619359156,6964.900782274366,291200
2024-03-22 09:00:00+09:00,6923.48681640625,6947.848135253563,6811.424749708612,6903.9977613284,301400
2024-03-25 09:00:00+09:00,6947.84765625,7025.803871186887,6908.869548781557,6950.283787966778,290200
2024-03-26 09:00:00+09:00,7018.49560546875,7025.804000753862,6889.380622098447,6947.847784379339,292000
2024-03-27 09:00:00+09:00,6967.3369140625,7108.632557774257,6947.84785975743,7074.526712740385,296600
2024-03-28 09:00:00+09:00,6984.39013671875,7064.782489181854,6977.081741040286,7037.985038360819,241000
2024-03-29 09:00:00+09:00,7050.16552734375,7081.835241184616,6967.337044990713,7008.751286167231,227200
2024-04-01 09:00:00+09:00,6772.4462890625,6977.081356789568,6731.032049165356,6977.081356789568,562200
2024-04-02 09:00:00+09:00,6757.82958984375,6813.860621050097,6675.00110893002,6808.988357466936,375200
2024-04-03 09:00:00+09:00,6765.1376953125,6789.499012184349,6689.617613009767,6726.159588317541,261400
2024-04-04 09:00:00+09:00,6723.72412109375,6782.19128736413,6706.6711975982225,6750.521572301008,304400
2024-04-05 09:00:00+09:00,6757.82958984375,6770.010248801651,6672.564977138439,6704.234690428983,277400
2024-04-08 09:00:00+09:00,6701.79931640625,6735.905165344704,6657.948939199666,6711.543844674379,303400
2024-04-09 09:00:00+09:00,6762.7021484375,6933.231381287149,6762.7021484375,6799.244126905282,414600
2024-04-10 09:00:00+09:00,6706.67138671875,6799.24440259064,6706.67138671875,6772.446950627725,252200
2024-04-11 09:00:00+09:00,6767.57470703125,6770.010839035221,6633.587446812849,6667.693294868442,302400
2024-04-12 09:00:00+09:00,6840.658203125,6872.327917028356,6777.3187753182865,6799.243961866764,430200
2024-04-15 09:00:00+09:00,6752.95751953125,7164.663804091416,6645.767717633928,7162.227672230113,1283000
2024-04-16 09:00:00+09:00,6799.244140625,6889.38102102741,6670.129149778306,6699.362732611519,582600
2024-04-17 09:00:00+09:00,6984.39013671875,7128.121918395208,6838.22222314947,6886.944861005896,789000
2024-04-18 09:00:00+09:00,7193.8974609375,7298.6511320585,7033.112756426198,7033.112756426198,791800
2024-04-19 09:00:00+09:00,7030.67578125,7193.896598070426,7023.367386466995,7164.66301893841,534600
2024-04-22 09:00:00+09:00,6918.61376953125,7115.94042985943,6850.402084479534,7030.675823544784,835800
2024-04-23 09:00:00+09:00,7047.72900390625,7086.707111083057,6869.891389912073,6894.252706897576,350600
2024-04-24 09:00:00+09:00,7023.36767578125,7098.887758316532,6999.006358834385,7098.887758316532,249200
2024-04-25 09:00:00+09:00,7067.21875,7113.505256807997,7006.315451568425,7064.782618062737,260800
2024-04-26 09:00:00+09:00,7011.18701171875,7020.931538489728,6901.561085545247,7020.931538489728,316400
2024-04-30 09:00:00+09:00,7089.1435546875,7096.451950104703,7006.315073292526,7062.34610482442,203800
2024-05-01 09:00:00+09:00,7096.4521484375,7103.76054405896,7035.5488515920015,7064.782434077841,224200
2024-05-02 09:00:00+09:00,7162.22705078125,7179.279972330729,7113.5044177827385,7167.0993140811015,253800
2024-05-07 09:00:00+09:00,7337.62890625,7388.787673524651,7167.099682001161,7206.077790400896,589200
2024-05-08 09:00:00+09:00,7240.18408203125,7393.66039332599,7228.003422404683,7366.862942147543,408800
2024-05-09 09:00:00+09:00,7030.67578125,7203.641124447765,6967.336359797297,7171.971413721413,547600
2024-05-10 09:00:00+09:00,6653.07568359375,6999.0063855601775,6650.639551889762,6957.592146592366,1017800
2024-05-13 09:00:00+09:00,6701.79931640625,6760.266486015028,6621.406958194179,6723.724505009542,710200
2024-05-14 09:00:00+09:00,6884.5087890625,6889.38105289057,6655.512389143224,6655.512389143224,489400
2024-05-15 09:00:00+09:00,6828.4775390625,6977.081581118444,6823.605275388534,6891.81696682405,324800
2024-05-16 09:00:00+09:00,6867.4560546875,6872.3283186496765,6731.032663746563,6806.552755160296,564200
2024-05-17 09:00:00+09:00,6874.76416015625,6906.433874572279,6816.296995080506,6828.477654471286,549800
2024-05-20 09:00:00+09:00,6816.29736328125,6894.253587593259,6796.808307203248,6869.892267495756,385800
2024-05-21 09:00:00+09:00,6694.490234375,6833.349747970115,6650.639861660753,6801.680034343159,584200
2024-05-22 09:00:00+09:00,6514.216796875,6643.331789483218,6499.600005258975,6643.331789483218,677800
2024-05-23 09:00:00+09:00,6460.6220703125,6499.600182350585,6409.463298262514,6484.983390336303,463200
2024-05-24 09:00:00+09:00,6329.0703125,6431.3878464203235,6321.761917219977,6426.515582900308,601800
2024-05-27 09:00:00+09:00,6273.0390625,6380.22885618932,6265.730667475727,6285.219720873786,872000
2024-05-28 09:00:00+09:00,6319.32568359375,6346.123132521866,6214.572019602027,6287.65597122416,775600
2024-05-29 09:00:00+09:00,6265.73095703125,6350.995569588052,6241.369639157879,6319.325856352669,1850200
2024-05-30 09:00:00+09:00,6160.48583984375,6268.178083369028,6109.087269070322,6182.513798746648,1138000
2024-05-31 09:00:00+09:00,6211.88427734375,6221.674481090548,6020.975304281176,6069.926323015169,682400
2024-06-03 09:00:00+09:00,6138.4580078125,6236.360049404406,6123.772701573714,6202.094334847238,425400
2024-06-04 09:00:00+09:00,6292.654296875,6373.423488550175,6074.822234478315,6136.011016050418,558000
2024-06-05 09:00:00+09:00,6282.86376953125,6405.241326397851,6231.465195647278,6312.234383179234,636000
2024-06-06 09:00:00+09:00,6226.56982421875,6285.311048975531,6189.8565587457615,6241.255130407945,253400
2024-06-07 09:00:00+09:00,6199.64697265625,6290.206363887312,6199.64697265625,6282.863710544253,144000
2024-06-10 09:00:00+09:00,6385.66064453125,6422.373910022998,6199.64676603973,6209.436970170863,436400
2024-06-11 09:00:00+09:00,6351.3955078125,6419.926942964234,6299.996931448699,6341.605302790824,290200
2024-06-12 09:00:00+09:00,6231.46533203125,6312.234521330948,6148.248591540652,6236.36043441305,416400
2024-06-13 09:00:00+09:00,6182.51416015625,6275.521103183145,6153.143546568809,6260.835796389425,253800
2024-06-14 09:00:00+09:00,6069.9267578125,6175.17145562941,6069.9267578125,6099.297371156754,527800
2024-06-17 09:00:00+09:00,6226.56982421875,6268.178191754803,6077.269211295265,6077.269211295265,447400
2024-06-18 09:00:00+09:00,6285.3115234375,6326.919894114461,6253.493357625706,6265.731113707166,278000
2024-06-19 09:00:00+09:00,6175.17138671875,6211.884652989373,6145.800773702252,6202.09444865054,294400
2024-06-20 09:00:00+09:00,6251.04541015625,6299.996431379087,6197.199286811129,6229.017450605974,323000
2024-06-21 09:00:00+09:00,6251.04541015625,6368.527861091058,6216.779695300264,6255.940512278534,538800
2024-06-24 09:00:00+09:00,6437.06005859375,6463.983123477602,6260.836361172172,6277.969220643714,453800
2024-06-25 09:00:00+09:00,6532.513671875,6566.779386152351,6434.611631082568,6456.639590260866,471800
2024-06-26 09:00:00+09:00,6451.74462890625,6534.961365394418,6444.401975686706,6532.513814321237,292400
2024-06-27 09:00:00+09:00,6388.1083984375,6427.269216205699,6339.157376227251,6419.926562874161,340000
2024-06-28 09:00:00+09:00,6351.3955078125,6395.451430410043,6309.787136470376,6388.108776643786,249400
2024-07-01 09:00:00+09:00,6339.15771484375,6427.269559528837,6314.682202431226,6427.269559528837,278200
2024-07-02 09:00:00+09:00,6366.0810546875,6393.004119509324,6319.577579086169,6341.605541213115,194400
2024-07-03 09:00:00+09:00,6415.03173828125,6434.612148012745,6368.528265168948,6397.898879766191,221200
2024-07-04 09:00:00+09:00,6397.89892578125,6432.164643057813,6373.423413440847,6417.479335653572,170000
2024-07-05 09:00:00+09:00,6258.38818359375,6417.479005624878,6251.045530269236,6417.479005624878,413000
2024-07-08 09:00:00+09:00,6331.81494140625,6368.528209330909,6248.598200777022,6292.654122286613,289800
2024-07-09 09:00:00+09:00,6263.28369140625,6307.339614206294,6229.017973672882,6290.20675533961,330000
2024-07-10 09:00:00+09:00,6184.96142578125,6233.912446167331,6155.590813549602,6221.674691070811,344800
2024-07-11 09:00:00+09:00,6194.751953125,6260.835834094725,6158.038685919597,6238.807873771483,548000
2024-07-12 09:00:00+09:00,6273.0732421875,6292.653650278605,6180.066303754756,6216.779568925575,490400
2024-07-16 09:00:00+09:00,5705.24169921875,5903.493341276544,5656.29067648843,5874.122727638352,1936400
2024-07-17 09:00:00+09:00,5766.4306640625,5947.54945402032,5707.68943488699,5837.409649316241,1271400
2024-07-18 09:00:00+09:00,5918.1787109375,6077.2695365003365,5815.381562112283,5888.808096987438,929200
2024-07-19 09:00:00+09:00,5949.9970703125,6055.241773736374,5932.864211615591,6023.42360758497,502000
2024-07-22 09:00:00+09:00,6378.318359375,6383.213461722947,5979.367518017316,6013.633234452945,1358000
2024-07-23 09:00:00+09:00,6160.48583984375,6248.597675455341,6113.9823710487435,6231.464818530865,761800
2024-07-24 09:00:00+09:00,6052.7939453125,6162.933746177467,6028.318434009174,6160.486195047134,540200
2024-07-25 09:00:00+09:00,6295.1015625,6441.954631609643,6077.2695099873645,6118.877879568429,929800
2024-07-26 09:00:00+09:00,6299.99658203125,6446.8496492114655,6299.99658203125,6378.3182178606985,557400
2024-07-29 09:00:00+09:00,6427.26953125,6444.402389863385,6285.3115598819495,6295.101764803884,424400
2024-07-30 09:00:00+09:00,6395.451171875,6429.716888065681,6366.080557997273,6427.269336909204,278600
2024-07-31 09:00:00+09:00,6566.77978515625,6591.255296841514,6459.08753374109,6459.08753374109,736600
2024-08-01 09:00:00+09:00,6765.03125,6813.982272069465,6613.28308158466,6649.996348136759,1278400
2024-08-02 09:00:00+09:00,6676.919921875,6880.066679028821,6669.57726800197,6809.087691589534,1118400
2024-08-05 09:00:00+09:00,6745.451171875,6875.17138671875,6652.444225383255,6667.129532724057,1181600
2024-08-06 09:00:00+09:00,6508.0380859375,6662.2337983910775,6395.450740336475,6610.835227573219,926800
2024-08-07 09:00:00+09:00,6402.7939453125,6556.989671059705,6304.891897219037,6366.080677277451,769000
2024-08-08 09:00:00+09:00,6542.30419921875,6689.157267663615,6402.793784196128,6481.115420700056,784400
2024-08-09 09:00:00+09:00,6757.68896484375,6855.591014316315,6620.62609558216,6620.62609558216,768000
2024-08-13 09:00:00+09:00,6554.54150390625,6804.191703084158,6481.114974736277,6757.688234609842,623200
2024-08-14 09:00:00+09:00,6623.0732421875,6635.310997623915,6510.485892172487,6510.485892172487,387000
2024-08-15 09:00:00+09:00,6686.7099609375,6708.737922009403,6515.381374822703,6515.381374822703,368800
2024-08-16 09:00:00+09:00,6620.62646484375,6718.528519776744,6459.088074204309,6672.025043683572,469000
2024-08-19 09:00:00+09:00,6730.765625,6735.660727272727,6569.22725,6615.730721590909,328200
2024-08-20 09:00:00+09:00,6774.8212890625,6818.877207849756,6625.520675394576,6635.3108795695225,288000
2024-08-21 09:00:00+09:00,6828.66748046875,6887.4087061071905,6755.240948420698,6804.191969786066,294800
2024-08-22 09:00:00+09:00,7019.57666015625,7041.6046203868655,6794.401955576621,6828.667671490913,480000
2024-08-23 09:00:00+09:00,6848.248046875,6929.01723398968,6801.744575505942,6926.5696828649925,402400
2024-08-26 09:00:00+09:00,7014.68212890625,7034.262539594055,6904.542318787345,6926.570280811126,294200
2024-08-27 09:00:00+09:00,6987.7587890625,7019.57695517732,6948.597969228875,6980.416135343695,186600
2024-08-28 09:00:00+09:00,6938.8076171875,7068.527830136684,6906.989451747134,6985.311089754189,270600
2024-08-29 09:00:00+09:00,6999.99658203125,7046.989566078453,6899.157470429961,6970.625967001749,299600
2024-08-30 09:00:00+09:00,6990.2060546875,7072.443772977941,6927.548745513831,7019.576668362658,488400
2024-09-02 09:00:00+09:00,6948.1083984375,6985.311176955272,6819.856714599919,6872.723820914647,335000
2024-09-03 09:00:00+09:00,7111.6044921875,7118.4576352829445,6925.590608168278,6943.212976127994,262300
2024-09-04 09:00:00+09:00,7043.07373046875,7111.605167935085,6994.122703707082,7096.919859906585,297500
2024-09-05 09:00:00+09:00,7096.9189453125,7121.394455539126,6990.205720724411,7042.093802404858,307200
2024-09-06 09:00:00+09:00,7050.9052734375,7200.695402128966,7006.849353234127,7051.884293886464,297600
2024-09-09 09:00:00+09:00,7103.7724609375,7323.073044075592,7079.296949426553,7197.75842513954,365900
2024-09-10 09:00:00+09:00,7263.35302734375,7283.912457667812,7054.82166262826,7103.772687209361,320800
2024-09-11 09:00:00+09:00,7165.4501953125,7262.37321339365,7049.925789922847,7245.729866854463,302600
2024-09-12 09:00:00+09:00,7240.8349609375,7327.967777530717,7190.904919968352,7247.688103815618,383500
2024-09-13 09:00:00+09:00,7146.8486328125,7288.806585108091,7102.792716582834,7269.226177894906,417300
2024-09-17 09:00:00+09:00,7152.72314453125,7225.1706551657035,7084.1917155527135,7195.80004274633,346400
2024-09-18 09:00:00+09:00,7191.88427734375,7222.233911511686,7061.674556558735,7078.317904328248,224700
2024-09-19 09:00:00+09:00,7203.6328125,7253.562857816322,7157.618849169272,7195.800648528812,293300
2024-09-20 09:00:00+09:00,7182.09375,7243.772036020992,7030.345585980099,7151.74411719602,398200
2024-09-24 09:00:00+09:00,7071.46484375,7182.094156686972,7071.46484375,7182.094156686972,201200
2024-09-25 09:00:00+09:00,7088.107421875,7139.0164807061465,7039.156403768128,7094.960564409962,257600
2024-09-26 09:00:00+09:00,7059.716796875,7075.381124811485,6965.730829256084,7014.681854057602,504500
2024-09-27 09:00:00+09:00,7099.85595703125,7143.9118751319675,7023.4923656566725,7059.716120539485,495200
2024-09-30 09:00:00+09:00,7329.92626953125,7357.3388427310465,7140.97531854694,7242.793447574754,605600
2024-10-01 09:00:00+09:00,7193.841796875,7340.694854786166,7147.8278387295,7329.925630539347,369800
2024-10-02 09:00:00+09:00,7192.86376953125,7225.171446732084,7112.584086789782,7194.821810573724,264300
2024-10-03 09:00:00+09:00,7178.17822265625,7234.961410996956,7159.576833372225,7163.492915326757,250200
2024-10-04 09:00:00+09:00,7311.3251953125,7398.458021019894,7208.528041388047,7225.171390118673,339000
2024-10-07 09:00:00+09:00,7313.283203125,7337.758715852995,7219.297234249498,7276.080423778447,248300
2024-10-08 09:00:00+09:00,7167.40869140625,7286.84918592224,7050.905258230818,7248.667388494998,283000
2024-10-09 09:00:00+09:00,7303.49267578125,7390.625497248345,7168.387851483956,7188.947281268327,319300
2024-10-10 09:00:00+09:00,7184.0517578125,7232.023757830599,7093.002859818965,7204.611186391685,449800
2024-10-11 09:00:00+09:00,7166.4296875,7288.807243639003,7153.702421661544,7245.730343878075,515700
2024-10-15 09:00:00+09:00,7771.4638671875,8006.428761131188,7549.226238332428,7841.9533353706065,1392300
2024-10-16 09:00:00+09:00,7937.89794921875,7996.639177259342,7653.002993221875,7695.100873317633,660900
2024-10-17 09:00:00+09:00,7817.47802734375,8003.491906516613,7763.63190442529,7998.596804433117,491300
2024-10-18 09:00:00+09:00,7839.99560546875,7942.792750645351,7759.715930187976,7768.527114060256,311100
2024-10-21 09:00:00+09:00,7682.37353515625,7832.1636652542375,7613.842103085275,7832.1636652542375,405400
2024-10-22 09:00:00+09:00,7561.95361328125,7610.904633564013,7466.009613527034,7588.387164233942,279600
2024-10-23 09:00:00+09:00,7346.56982421875,7528.667637025877,7274.122307295484,7528.667637025877,367400
2024-10-24 09:00:00+09:00,7183.07275390625,7370.065652365579,7111.604263919176,7356.3593666146335,444900
2024-10-25 09:00:00+09:00,7108.66748046875,7215.380709413949,7079.2968669975935,7192.863239086063,221900
2024-10-28 09:00:00+09:00,7139.01708984375,7207.548521040824,7059.716433744279,7120.415701375973,287200
2024-10-29 09:00:00+09:00,7154.68115234375,7191.883927903282,7010.765152152927,7066.5693154922255,254400
2024-10-30 09:00:00+09:00,7112.58349609375,7154.681375010754,7079.29680113612,7154.681375010754,277500
2024-10-31 09:00:00+09:00,7129.2265625,7190.904847783919,7063.632195610752,7148.806970526641,205600
2024-11-01 09:00:00+09:00,6975.5205078125,7138.037897889254,6961.814221902412,7110.625326069078,259800
2024-11-05 09:00:00+09:00,7026.4296875,7026.4296875,6887.408785225372,6975.520624695207,170400
2024-11-06 09:00:00+09:00,6965.73046875,7036.219940816058,6929.506712271609,7021.534634135629,217900
2024-11-07 09:00:00+09:00,6757.19921875,6865.870489871595,6757.19921875,6862.9334284899305,429800
2024-11-08 09:00:00+09:00,6865.87060546875,6924.611834091041,6757.199332517512,6770.905619196046,314100
2024-11-11 09:00:00+09:00,6999.01708984375,7047.968111593951,6874.68149459824,6924.6115367834445,230300
2024-11-12 09:00:00+09:00,6999.01708984375,7165.450563794434,6993.142967233726,7045.03105028894,199300
2024-11-13 09:00:00+09:00,6970.6259765625,7026.430145195093,6955.940669027607,6999.01757112996,216300
2024-11-14 09:00:00+09:00,6867.828125,6980.415471311475,6860.97498218104,6980.415471311475,250300
2024-11-15 09:00:00+09:00,6897.19873046875,6944.191709753704,6867.828118415654,6893.28264886167,212300
2024-11-18 09:00:00+09:00,6883.4931640625,7054.821752273414,6875.661000030001,6929.507127753431,218000
2024-11-19 09:00:00+09:00,6779.71630859375,6927.548389835289,6773.842186160311,6913.842104157265,166300
2024-11-20 09:00:00+09:00,6625.03125,6846.289867186346,6587.828473658933,6765.031171494015,313000
2024-11-21 09:00:00+09:00,6579.01708984375,6706.289741879417,6568.247865440731,6625.031048656645,264300
2024-11-22 09:00:00+09:00,6766.01025390625,6840.415807269999,6541.814573376004,6569.227145667911,285300
2024-11-25 09:00:00+09:00,6814.96142578125,6937.338983348073,6766.010402754521,6815.940446241785,287700
2024-11-26 09:00:00+09:00,6886.4296875,6911.884218616719,6777.7584200401625,6805.170992012014,294800
2024-11-27 09:00:00+09:00,7080.27587890625,7129.226901299131,6902.0941573961645,6921.674566353317,517900
2024-11-28 09:00:00+09:00,7213.53173828125,7306.958529710932,7113.220867483065,7149.6081441451515,448200
2024-11-29 09:00:00+09:00,7262.7041015625,7276.472260996742,7149.608506209801,7202.71426402759,197000
2024-12-02 09:00:00+09:00,7318.759765625,7349.246402649237,7191.896018008012,7244.018332920418,272400
2024-12-03 09:00:00+09:00,7363.01513671875,7472.176974594506,7297.124658000952,7317.7768975990675,323600
2024-12-04 09:00:00+09:00,7459.39208984375,7553.802325918239,7348.263374464404,7356.130894137278,275500
2024-12-05 09:00:00+09:00,7404.3193359375,7464.309172501743,7313.842861119297,7376.783017514568,362600
2024-12-06 09:00:00+09:00,7362.03125,7442.673323537269,7330.5611725220415,7371.865649211863,147800
2024-12-09 09:00:00+09:00,7375.79931640625,7436.7725907552085,7284.339404882812,7362.031157682291,211000
2024-12-10 09:00:00+09:00,6936.2021484375,7127.9729436941725,6933.251828510474,7081.751264837436,771000
2024-12-11 09:00:00+09:00,6848.67578125,7056.181609774376,6838.841381793869,6972.589214397258,398400
2024-12-12 09:00:00+09:00,6806.3876953125,6901.781367678533,6752.298499641038,6887.0297688590435,481000
2024-12-13 09:00:00+09:00,6674.60693359375,6779.835008132505,6616.583976605091,6708.043891858401,386900
2024-12-16 09:00:00+09:00,6598.8818359375,6629.368473331548,6520.206642662537,6619.5340741721775,482900
2024-12-17 09:00:00+09:00,6542.82568359375,6637.235914410675,6502.504647515689,6622.484315845531,464900
2024-12-18 09:00:00+09:00,6519.22314453125,6584.130178403488,6467.100829452029,6579.212978867712,411100
2024-12-19 09:00:00+09:00,6423.82958984375,6495.620704365886,6329.419357047516,6462.18374691722,347700
2024-12-20 09:00:00+09:00,6299.916015625,6353.02177036177,6241.8930613755665,6328.435772798451,524500
2024-12-23 09:00:00+09:00,6471.03466796875,6614.616896163801,6318.601480501401,6478.9021873219035,527000
2024-12-24 09:00:00+09:00,6463.1669921875,6505.454907687205,6441.5313144899765,6481.852350198998,179000
2024-12-25 09:00:00+09:00,6371.70703125,6484.80261831494,6312.700637998726,6463.166940789473,221400
2024-12-26 09:00:00+09:00,6388.42529296875,6448.415124075753,6368.756495884486,6377.607454572405,227000
2024-12-27 09:00:00+09:00,6527.0908203125,6549.709938719489,6436.614346684543,6461.20034495301,313400
2024-12-30 09:00:00+09:00,6586.09716796875,6595.931567204182,6478.902216302542,6534.958291944504,250300
2025-01-06 09:00:00+09:00,6558.56103515625,6655.921590334008,6546.7597557407635,6590.031113597545,550100
2025-01-07 09:00:00+09:00,6687.3916015625,6740.497358398437,6630.352084960938,6648.05400390625,509600
2025-01-08 09:00:00+09:00,6794.58642578125,6851.6259412965655,6688.374914132042,6724.762191271123,659400
2025-01-09 09:00:00+09:00,6673.623046875,6863.4269443178055,6626.417932485079,6825.072788875995,631100
2025-01-10 09:00:00+09:00,6780.818359375,6814.25531720223,6561.511253625816,6589.047571836476,486300
2025-01-14 09:00:00+09:00,7216.48193359375,7572.487174798565,7145.6742613099195,7567.569975334411,1691800
2025-01-15 09:00:00+09:00,7362.03125,7395.468207320331,7197.796783161903,7200.747102925461,790700
2025-01-16 09:00:00+09:00,7386.6171875,7496.76245777027,7344.3292712355205,7374.81590854247,681900
2025-01-17 09:00:00+09:00,7483.97802734375,7571.504182985484,7377.766512632433,7417.104110673661,546800
2025-01-20 09:00:00+09:00,7332.52783203125,7464.308777510352,7324.660312898169,7464.308777510352,426400
2025-01-21 09:00:00+09:00,7159.44287109375,7336.462062961452,7088.635194346669,7332.5283031421695,624800
2025-01-22 09:00:00+09:00,7150.591796875,7179.111555107619,7073.883481628644,7159.442756326503,469300
2025-01-23 09:00:00+09:00,7112.2373046875,7184.028416861475,7010.9429957297,7150.591460506473,292000
2025-01-24 09:00:00+09:00,7152.55859375,7257.786666007838,7113.220996644267,7113.220996644267,375900
2025-01-27 09:00:00+09:00,7188.94580078125,7208.614599141801,7004.059096192074,7180.094841519002,417300
2025-01-28 09:00:00+09:00,7376.78271484375,7432.838789333297,7288.273123544465,7336.461678807409,425000
2025-01-29 09:00:00+09:00,7250.90234375,7356.130412484742,7244.01826448698,7299.090898591144,287300
2025-01-30 09:00:00+09:00,7296.14111328125,7385.634150255046,7238.118155243294,7250.9028748109795,1044100
2025-01-31 09:00:00+09:00,7140.75732421875,7317.776511432546,7140.75732421875,7287.289873634614,355600
2025-02-03 09:00:00+09:00,7076.83349609375,7167.309966582998,7016.843662399792,7115.187652062018,342300
2025-02-04 09:00:00+09:00,6999.1416015625,7126.988785516853,6992.2575224264965,7070.932712552251,318500
2025-02-05 09:00:00+09:00,7061.0986328125,7147.641345860899,7002.092237552229,7002.092237552229,299700
2025-02-06 09:00:00+09:00,7176.1611328125,7209.598090262907,7051.264262335977,7080.7674600863365,269000
2025-02-07 09:00:00+09:00,7021.7607421875,7200.746800321691,6990.290666032038,7200.746800321691,245000
2025-02-10 09:00:00+09:00,6962.7548828125,7050.2810388252565,6874.245286844544,6916.533204918123,307200
2025-02-12 09:00:00+09:00,6914.56640625,6947.019925152895,6874.245367613071,6884.079767280615,254700
2025-02-13 09:00:00+09:00,6882.1123046875,6955.870295949512,6879.161985037019,6915.549260726279,183000
2025-02-14 09:00:00+09:00,6775.90087890625,6914.56590414947,6775.90087890625,6914.56590414947,250300
2025-02-17 09:00:00+09:00,6776.88427734375,6950.953137754408,6775.900837454425,6874.244826386999,273800
2025-02-18 09:00:00+09:00,6723.77880859375,6816.222162112517,6707.060329765888,6801.470563146757,197500
2025-02-19 09:00:00+09:00,6717.8779296875,6737.546727607826,6628.3848991500145,6670.672814678716,263000
2025-02-20 09:00:00+09:00,6678.54052734375,6710.010604928053,6661.822048627089,6709.027165003543,178100
2025-02-21 09:00:00+09:00,6932.26806640625,6944.069345565971,6659.855205802685,6678.540564472243,454600
2025-02-25 09:00:00+09:00,7036.5126953125,7070.933092843728,6848.67566878494,6928.334303071497,430000
2025-02-26 09:00:00+09:00,7025.69482421875,7091.5852991939255,6981.440027593631,7069.949620843868,307600
2025-02-27 09:00:00+09:00,7181.078125,7243.034838486032,7027.661501129827,7031.595260716243,372100
2025-02-28 09:00:00+09:00,6926.3671875,7157.475563059066,6919.483108228028,7149.608043891098,334500
2025-03-03 09:00:00+09:00,7005.04248046875,7026.678158493502,6932.267927112764,6948.00296567622,285400
2025-03-04 09:00:00+09:00,7017.82763671875,7093.552514525272,6927.351159339529,7035.529556205989,325300
2025-03-05 09:00:00+09:00,6985.3740234375,7061.098900222617,6953.903944773555,7048.314180765389,253000
2025-03-06 09:00:00+09:00,6908.66552734375,6992.257921624777,6888.013288756672,6982.423522297598,260900
2025-03-07 09:00:00+09:00,6908.66552734375,6954.887204181494,6835.89097232262,6841.791611918928,313800
2025-03-10 09:00:00+09:00,7040.4462890625,7058.148207375551,6860.476786213158,6878.178704526209,338000
2025-03-11 09:00:00+09:00,6902.7646484375,7042.41311404202,6845.725134317344,7023.727755968176,523100
2025-03-12 09:00:00+09:00,6992.2578125,7061.098606715893,6886.04630142405,6953.903655722574,358300
2025-03-13 09:00:00+09:00,7054.21484375,7109.287481593301,6995.208446060748,7001.109085829674,273200
2025-03-14 09:00:00+09:00,7201.73046875,7250.902464303394,7080.767359688652,7120.104956131367,334700
2025-03-17 09:00:00+09:00,7113.22119140625,7210.5817469087,7098.469592087697,7179.111668362453,161400
2025-03-18 09:00:00+09:00,7214.51513671875,7276.471850679121,7139.773704004652,7148.624663141848,245700
2025-03-19 09:00:00+09:00,7213.53173828125,7213.53173828125,7129.9393459494295,7164.359742791944,223200
2025-03-21 09:00:00+09:00,7167.31005859375,7242.0514916965385,7140.757181044075,7163.376298956761,317300
2025-03-24 09:00:00+09:00,7336.4619140625,7370.882311782632,7248.935759859878,7267.621118622235,281600
2025-03-25 09:00:00+09:00,7314.826171875,7377.766327158678,7259.753536001781,7336.461850253764,272000
2025-03-26 09:00:00+09:00,7421.03759765625,7434.805756464518,7344.329284295902,7356.130563274417,252300
2025-03-27 09:00:00+09:00,7389.5673828125,7476.11009371049,7332.527868811552,7421.037459502679,345900
2025-03-28 09:00:00+09:00,7385.6337890625,7402.352267679552,7304.008275814539,7334.494913292693,213100
2025-03-31 09:00:00+09:00,7393.5009765625,7405.302255056615,7312.858906852721,7325.643625221344,411600
2025-04-01 09:00:00+09:00,7372.8486328125,7463.325099961859,7346.295756583883,7448.573502057073,394600
2025-04-02 09:00:00+09:00,7338.4287109375,7434.805823463884,7334.4949512425455,7434.805823463884,336700
2025-04-03 09:00:00+09:00,7593.1396484375,7638.377884913102,7285.322952418728,7336.461828434627,548700
2025-04-04 09:00:00+09:00,7688.53369140625,7763.275129184054,7577.404974710304,7593.140014242474,468000
2025-04-07 09:00:00+09:00,7478.0771484375,7670.831372673922,7444.640191171999,7513.480985542149,576700
2025-04-08 09:00:00+09:00,7561.669921875,7624.610079892947,7238.118172063987,7330.561529152848,369500
2025-04-09 09:00:00+09:00,7626.57666015625,7656.079858067879,7518.398267813608,7572.487463984929,413500
2025-04-10 09:00:00+09:00,7904.89013671875,7932.426454686916,7566.586801681271,7662.963914569856,467600
2025-04-11 09:00:00+09:00,8003.234375,8007.168134830425,7838.016462122143,7912.757898900221,503600
2025-04-14 09:00:00+09:00,8064.20751953125,8221.55791015625,8051.4228002929685,8107.478876953125,604600
2025-04-15 09:00:00+09:00,8314.0009765625,8398.576808592827,8201.888827126952,8306.133457303866,997700
2025-04-16 09:00:00+09:00,8295.3154296875,8471.351169096399,8152.716646367442,8461.51677024674,643700
2025-04-17 09:00:00+09:00,8259.9111328125,8319.900962447166,8091.742921869419,8314.983763296783,470000
2025-04-18 09:00:00+09:00,8580.5126953125,8651.320364546023,8262.861623612105,8308.099856733525,433100
2025-04-21 09:00:00+09:00,8887.3466796875,8899.14795889036,8610.016618420279,8629.685417091714,396400
2025-04-22 09:00:00+09:00,8946.3525390625,8998.474852415287,8804.73719712285,8811.621276244916,447700
2025-04-23 09:00:00+09:00,8850.958984375,8879.47874110243,8763.432834418403,8841.124585503472,399500
2025-04-24 09:00:00+09:00,8510.689453125,8804.738002522316,8442.832095571774,8703.443686174745,840700
2025-04-25 09:00:00+09:00,8556.91015625,8679.840137807436,8448.731772479456,8495.936885397512,347300
2025-04-28 09:00:00+09:00,8827.3564453125,8858.826521766377,8441.848008752508,8457.583046979445,389100
2025-04-30 09:00:00+09:00,9052.564453125,9126.322447039653,8892.263746350489,8900.131265701386,529500
2025-05-01 09:00:00+09:00,9067.3154296875,9125.338380918689,9027.977835632457,9071.249189093005,348700
2025-05-02 09:00:00+09:00,9080.1005859375,9148.941378855905,8973.889076863392,9007.326033423758,333000
2025-05-07 09:00:00+09:00,9220.7333984375,9415.454517559792,9152.876038743367,9195.163958552754,423600
2025-05-08 09:00:00+09:00,9210.8984375,9252.202914798207,9164.676760523436,9204.997797885972,270600
2025-05-09 09:00:00+09:00,8786.0517578125,9036.828923498888,8732.946005078911,9006.342287670346,645100
2025-05-12 09:00:00+09:00,8700.4921875,8775.233614678706,8624.767320489997,8654.27051542896,576500
2025-05-13 09:00:00+09:00,8536.2587890625,8662.139103002592,8430.047274175547,8567.728867547523,536100
2025-05-14 09:00:00+09:00,8776.21875,8822.440431000672,8488.070823761765,8541.176584911474,349100
2025-05-15 09:00:00+09:00,9178.4443359375,9323.00999728785,8657.221203177736,8703.442877214922,676700
2025-05-16 09:00:00+09:00,9039.7802734375,9313.176587190288,8985.69107467346,9192.213469954342,507900
2025-05-19 09:00:00+09:00,8945.369140625,9100.752641528557,8824.406035491218,9045.680008296917,289100
2025-05-20 09:00:00+09:00,8890.296875,8998.475266178097,8796.870082618916,8965.038308904868,302800
2025-05-21 09:00:00+09:00,8795.88671875,8914.88295007477,8742.780962621591,8850.959354735018,251300
2025-05-22 09:00:00+09:00,8862.7607421875,9047.647450968154,8766.383628035883,8801.787465887497,467100
2025-05-23 09:00:00+09:00,8912.916015625,8949.303292749366,8784.0853858063,8822.439542775226,187100
2025-05-26 09:00:00+09:00,9024.044921875,9145.99147487331,8928.651247352127,8946.353166335753,333800
2025-05-27 09:00:00+09:00,8968.97265625,9041.747215083607,8954.22105648643,9030.92937525699,174700
2025-05-28 09:00:00+09:00,8855.876953125,8930.618391041435,8823.423434029706,8853.91007317983,290100
2025-05-29 09:00:00+09:00,8745.763671875,8818.842546278653,8706.261577602756,8783.290661433633,366700
2025-05-30 09:00:00+09:00,8722.0625,8894.884164119112,8647.99607252038,8776.37788015172,655600
2025-06-02 09:00:00+09:00,8854.39453125,8872.170473873522,8686.510628694512,8686.510628694512,359000
2025-06-03 09:00:00+09:00,8710.212890625,8850.445343059098,8690.461840986394,8795.142404071003,395100
2025-06-04 09:00:00+09:00,8648.984375,8730.95122851964,8579.85570335693,8692.43668288993,252900
2025-06-05 09:00:00+09:00,8680.5859375,8749.714608219567,8595.656427758817,8633.183420435153,269700
2025-06-06 09:00:00+09:00,8712.1875,8739.838967921107,8628.245543810926,8707.24973787123,192100
2025-06-09 09:00:00+09:00,8681.5732421875,8730.950862720929,8508.751570320497,8591.705972816659,323200
2025-06-10 09:00:00+09:00,8705.2744140625,8731.938328887196,8543.3158203125,8670.710080030487,251600
2025-06-11 09:00:00+09:00,8685.5234375,8686.510989909038,8621.33253091245,8686.510989909038,167200
2025-06-12 09:00:00+09:00,8737.8642578125,8778.353909097572,8556.154603264862,8602.569569372139,268800
2025-06-13 09:00:00+09:00,8838.5947265625,9006.478648743017,8783.291787491271,8834.644516628841,357200
2025-06-16 09:00:00+09:00,9002.52734375,9089.431951719504,8869.207774705874,8986.726505937362,318900
2025-06-17 09:00:00+09:00,8783.291015625,8911.672827186867,8772.427939262072,8887.971569667754,399100
2025-06-18 09:00:00+09:00,8820.818359375,8894.88479208359,8755.63989859144,8798.104653344366,242800
2025-06-19 09:00:00+09:00,8949.2001953125,8966.976139200784,8844.519636859275,8895.87236364765,134100
2025-06-20 09:00:00+09:00,8932.412109375,9055.856168376866,8888.959800606342,8986.727495335821,404900
2025-06-23 09:00:00+09:00,9018.3291015625,9084.495116652806,8915.623645302918,8992.652737497605,211300
2025-06-24 09:00:00+09:00,9005.490234375,9083.506873098066,8950.187300596626,9083.506873098066,165600
2025-06-25 09:00:00+09:00,8836.619140625,8936.361936020969,8746.751869525662,8888.959419397142,247100
2025-06-26 09:00:00+09:00,8923.5234375,8949.199799759297,8836.618826776228,8836.618826776228,188700
2025-06-27 09:00:00+09:00,9022.279296875,9045.980555973621,8959.075939278679,8965.001254053333,165200
2025-06-30 09:00:00+09:00,9031.1669921875,9079.557061363792,8942.28727329227,9060.793565152577,202800
2025-07-01 09:00:00+09:00,9050.91796875,9183.249993606792,8986.727061170213,9078.569436630523,232200
2025-07-02 09:00:00+09:00,9061.78125,9120.04684434939,8991.665026291412,9006.47831299041,170300
2025-07-03 09:00:00+09:00,8976.8515625,9032.154498418591,8899.822473184819,8986.727086771178,220600
2025-07-04 09:00:00+09:00,9189.17578125,9250.404034709161,8956.113397115127,8976.85199909323,278700
2025-07-07 09:00:00+09:00,9488.4033203125,9604.934501806762,9285.955081275857,9285.955081275857,473100
2025-07-08 09:00:00+09:00,9365.947265625,9558.519989876042,9346.196216983868,9510.129920705267,457600
2025-07-09 09:00:00+09:00,9157.5732421875,9520.004966535911,9115.108489743408,9411.37420446963,359500
2025-07-10 09:00:00+09:00,9118.0712890625,9223.739395629129,9099.30779350394,9157.573384975258,311600
2025-07-11 09:00:00+09:00,9189.17578125,9274.105294112707,9043.01801492813,9055.856197105051,423700
2025-07-14 09:00:00+09:00,8742.8017578125,9105.233503561645,8446.53602559249,8448.511130473957,1071100
2025-07-15 09:00:00+09:00,8827.73046875,9083.506527750587,8754.651594749832,8868.220115155498,793400
2025-07-16 09:00:00+09:00,9117.083984375,9229.664960785178,8902.785108225804,9003.515455540173,579600
2025-07-17 09:00:00+09:00,9508.154296875,9626.660582253584,9194.112640621755,9197.075297756219,710100
2025-07-18 09:00:00+09:00,9115.1083984375,9600.984165721493,9100.295112849573,9589.133537251151,522800
2025-07-22 09:00:00+09:00,9108.1962890625,9287.930835805357,8987.714889597508,9268.179786712735,261800
2025-07-23 09:00:00+09:00,9046.9677734375,9068.693926806742,8831.68134459683,8996.602599717893,477100
2025-07-24 09:00:00+09:00,9107.208984375,9107.208984375,8920.561565371869,9031.167443299651,382100
2025-07-25 09:00:00+09:00,9247.4404296875,9380.760000171034,9133.871906683009,9202.013020485703,322600
2025-07-28 09:00:00+09:00,9104.24609375,9246.453647443459,9046.968051290134,9228.677703231777,216900
2025-07-29 09:00:00+09:00,9080.544921875,9218.802267069399,9031.167298591286,9195.101007893216,244400
2025-07-30 09:00:00+09:00,9130.91015625,9147.698548274253,9045.980643656716,9128.93505130597,213300
2025-07-31 09:00:00+09:00,9312.619140625,9375.822494283537,9119.058870045732,9203.98837652439,353300
2025-08-01 09:00:00+09:00,9424.212890625,9424.212890625,9259.291633920151,9359.034429891348,217600
2025-08-04 09:00:00+09:00,9439.0263671875,9500.254619412404,9350.146646215866,9480.503570307596,198500
2025-08-05 09:00:00+09:00,9415.3251953125,9549.632330466948,9365.947572093954,9490.37918260469,204500
2025-08-06 09:00:00+09:00,9607.8974609375,9675.051025265155,9401.499005871621,9401.499005871621,228600
2025-08-07 09:00:00+09:00,9776.7685546875,9874.536240234374,9677.025764382102,9678.013316761364,228200
2025-08-08 09:00:00+09:00,9865.6484375,9919.963819288037,9727.391102039539,9776.768721846845,197900
2025-08-12 09:00:00+09:00,9437.0517578125,9816.271920537489,9364.960424794468,9816.271920537489,689400
2025-08-13 09:00:00+09:00,9579.2587890625,9579.2587890625,9297.80634010551,9381.748298566366,331100
2025-08-14 09:00:00+09:00,9374.8349609375,9513.092297346564,9304.718740330047,9450.876495962486,391400
2025-08-15 09:00:00+09:00,9456.802734375,9475.566231863839,9267.19265448778,9332.371119449013,346900
2025-08-18 09:00:00+09:00,9426.1875,9565.432386066004,9396.560928496596,9456.801623886851,320300
2025-08-19 09:00:00+09:00,9551.6064453125,9564.444626018565,9404.461143373754,9520.004769728339,234000
2025-08-20 09:00:00+09:00,9534.818359375,9588.146188624742,9432.112910449572,9461.739482254985,218900
2025-08-21 09:00:00+09:00,9522.96875,9536.794484989112,9425.201052576998,9536.794484989112,180800
2025-08-22 09:00:00+09:00,9341.2587890625,9573.333618899658,9292.868718160284,9468.653057356089,297700
2025-08-25 09:00:00+09:00,9273.1171875,9357.059142871405,9207.938728035144,9279.042501996806,273200
2025-08-26 09:00:00+09:00,9115.1083984375,9238.552445003555,9056.842808458321,9233.614683140913,321800
2025-08-27 09:00:00+09:00,9005.490234375,9114.12099715395,8994.627158097106,9017.340863041794,326100
2025-08-28 09:00:00+09:00,8923.5234375,9031.166648510127,8878.096027348938,8974.876162018592,227300
2025-08-29 09:00:00+09:00,8783.291015625,8901.79730322057,8710.212138274399,8880.071150494716,471400
2025-09-01 09:00:00+09:00,8704.287109375,8875.133679595318,8671.697879217367,8783.291303696535,337400
2025-09-02 09:00:00+09:00,8654.9091796875,8717.12498049995,8564.054359453447,8700.336589804527,346700
2025-09-03 09:00:00+09:00,8673.673828125,8819.831601842694,8650.96012004725,8674.66138065012,262200
2025-09-04 09:00:00+09:00,8648.984375,8685.523815725623,8596.644095041676,8641.08395538365,205300
2025-09-05 09:00:00+09:00,8673.673828125,8703.300403878588,8562.08039278649,8617.383334193186,270000
2025-09-08 09:00:00+09:00,8759.5908203125,8880.07222731116,8652.935148543193,8674.661303903607,377900
2025-09-09 09:00:00+09:00,8899.822265625,9000.552610841794,8687.498498746463,8789.216396367343,452300
2025-09-10 09:00:00+09:00,9008.453125,9072.644031942009,8897.847254576847,8908.710331136264,525700
2025-09-11 09:00:00+09:00,8974.876953125,9060.794019027495,8888.959887222505,9008.453737500688,342700
2025-09-12 09:00:00+09:00,8940.3115234375,9011.415293423968,8823.780344848567,8898.834324278727,380000
2025-09-16 09:00:00+09:00,8750.7021484375,8972.901446868651,8750.7021484375,8940.312216432083,284500
2025-09-17 09:00:00+09:00,8806.0048828125,8877.10865667843,8660.834677836227,8699.349222013605,280500
2025-09-18 09:00:00+09:00,8722.0625,8868.220250226448,8691.448376641756,8857.357174196104,232100
2025-09-19 09:00:00+09:00,8580.84375,8719.101101248705,8542.329202152147,8692.437183507884,307800
2025-09-22 09:00:00+09:00,8532.453125,8580.843194806133,8486.038160083912,8519.6149432147,253500
2025-09-24 09:00:00+09:00,8660.8349609375,8705.274821056335,8446.536079920004,8570.967688252744,351300
2025-09-25 09:00:00+09:00,8547.265625,8658.859041016754,8505.788426126517,8607.506318601965,281200
2025-09-26 09:00:00+09:00,8610.46875,8621.331825610736,8487.024708968918,8496.900232251404,329000
2025-09-29 09:00:00+09:00,8344.818359375,8591.706476516272,8320.129547660872,8543.316405556583,387800
2025-09-30 09:00:00+09:00,8532.453125,8597.631586371528,8369.50697157118,8423.822356047453,486300
2025-10-01 09:00:00+09:00,8410.984375,8551.216825540096,8407.034165125631,8474.187732989903,339400
2025-10-02 09:00:00+09:00,8206.560546875,8499.86361335176,8166.070897967434,8453.448649969916,304300
2025-10-03 09:00:00+09:00,8198.66015625,8233.224490804174,8112.743096072482,8171.996241022494,210700
2025-10-06 09:00:00+09:00,8224.3369140625,8295.440691417507,8201.623207407429,8251.000830570627,302200
2025-10-07 09:00:00+09:00,8219.3984375,8219.3984375,8135.4564854169175,8207.547808970623,216100
2025-10-08 09:00:00+09:00,8295.4404296875,8350.743365885417,8147.307564871652,8163.1084037853425,369600
2025-10-09 09:00:00+09:00,8287.5400390625,8319.141716999822,8198.660319863784,8226.31178805894,332600
2025-10-10 09:00:00+09:00,8406.046875,8483.075969954181,8227.29987260632,8243.10071259692,591900
2025-10-14 09:00:00+09:00,8279.6396484375,8408.021465505353,8218.411397220525,8317.166641118873,588100
2025-10-15 09:00:00+09:00,7466.8837890625,7619.954412962075,7200.244637753563,7538.975115157139,2079400
2025-10-16 09:00:00+09:00,7475.77197265625,7578.477426441752,7381.954490832955,7456.020923851346,776800
2025-10-17 09:00:00+09:00,7418.494140625,7608.104214506789,7344.427705514926,7407.631063475523,613100
2025-10-20 09:00:00+09:00,7403.6806640625,7578.4774464473285,7403.6806640625,7448.120523990846,532400
2025-10-21 09:00:00+09:00,7267.3984375,7353.315500152874,7236.784311727137,7325.664031712869,800200
2025-10-22 09:00:00+09:00,7295.0498046875,7361.215817536297,7240.734421005652,7267.398336631287,495500
2025-10-23 09:00:00+09:00,7447.1328125,7492.560223901008,7262.460509630686,7318.750997671064,485500
2025-10-24 09:00:00+09:00,7362.20361328125,7456.021097286846,7342.452564016914,7416.518998758174,392700
2025-10-27 09:00:00+09:00,7228.8837890625,7424.419170242059,7228.8837890625,7342.4523185354765,489800
2025-10-28 09:00:00+09:00,7147.90478515625,7278.261711329312,7121.240868439032,7275.299053916288,464500
2025-10-29 09:00:00+09:00,6814.11181640625,7124.203281674592,6808.186501783288,7083.7136317510185,980600
2025-10-30 09:00:00+09:00,6799.29833984375,6956.319172964325,6797.3232350246235,6814.111625987201,670600
2025-10-31 09:00:00+09:00,6813.1240234375,6850.651014724734,6749.92066969058,6759.796193713537,461100
2025-11-04 09:00:00+09:00,6887.1904296875,6912.866792058002,6657.090720751856,6733.132255464493,504400
2025-11-05 09:00:00+09:00,6870.40234375,7038.286259006217,6864.477029093898,6922.742623212232,513400
2025-11-06 09:00:00+09:00,6883.24072265625,6921.755269024054,6810.161839804519,6836.825756520691,570800
2025-11-07 09:00:00+09:00,7030.3857421875,7069.887839348267,6923.73007985343,6969.157491588311,690700
2025-11-10 09:00:00+09:00,7475.77197265625,7519.22428002704,7243.697149198625,7280.236589487698,1073100
2025-11-11 09:00:00+09:00,7461.9462890625,7526.137198113461,7355.290624793211,7515.274121197144,447700
2025-11-12 09:00:00+09:00,7341.46484375,7511.323863540825,7314.800927852602,7426.394353645413,281300
2025-11-13 09:00:00+09:00,7305.91259765625,7367.140845973996,7302.949940479585,7341.464483776232,257000
2025-11-14 09:00:00+09:00,7299.0,7402.693005006088,7229.871329995941,7290.1120281423355,255200
2025-11-17 09:00:00+09:00,7357.265625,7399.730379614093,7219.995836828859,7266.410801174497,425000
2025-11-18 09:00:00+09:00,7535.02490234375,7548.850636109518,7384.916935743979,7385.904488155819,582800
2025-11-19 09:00:00+09:00,7456.0205078125,7557.738403481995,7406.642888555464,7535.024698623759,400600
2025-11-20 09:00:00+09:00,7331.58935546875,7547.863341035514,7331.58935546875,7441.207676920397,349900
2025-11-21 09:00:00+09:00,7507.37353515625,7561.688918533465,7403.68053052702,7410.593397502302,526500
2025-11-25 09:00:00+09:00,7506.38623046875,7543.913223858805,7459.971264959997,7489.597838688988,352900
2025-11-26 09:00:00+09:00,7459.97119140625,7614.029373278024,7412.5686739072435,7505.398604009465,464800
2025-11-27 09:00:00+09:00,7390.99365234375,7542.842991515039,7344.347123317275,7445.580016098135,385400
2025-11-28 09:00:00+09:00,7412.828125,7463.444570893025,7367.174075763155,7384.046224394163,296000
2025-12-01 09:00:00+09:00,7393.97119140625,7483.2943333158555,7355.264496578754,7389.008794633494,393300
2025-12-02 09:00:00+09:00,7434.66259765625,7457.48962205167,7384.04615225771,7402.90325936697,226000
2025-12-03 09:00:00+09:00,7450.54248046875,7602.391821019132,7304.648016018383,7393.9711575186075,437100
2025-12-04 09:00:00+09:00,7440.61767578125,7547.805445420356,7368.166683340003,7423.745526856576,314600
2025-12-05 09:00:00+09:00,7358.24169921875,7481.309135245608,7358.24169921875,7440.617483010921,235200
2025-12-08 09:00:00+09:00,7358.24169921875,7385.0386409342755,7289.760625945741,7346.331947345183,303700
2025-12-09 09:00:00+09:00,7669.88037109375,7778.060619599084,7542.843015050789,7564.677560620674,912600
2025-12-10 09:00:00+09:00,7721.4892578125,7812.797357005141,7693.699836319087,7696.677274336238,569800
2025-12-11 09:00:00+09:00,7499.173828125,7759.203412954109,7453.519778880194,7716.5268017035305,572100
2025-12-12 09:00:00+09:00,7585.51953125,7588.496969244734,7462.452094134339,7482.301680765897,279300
2025-12-15 09:00:00+09:00,7900.13525390625,7979.533598166614,7792.947489154758,7810.812116613341,649600
2025-12-16 09:00:00+09:00,7856.46630859375,7956.706720060143,7805.849863199829,7900.135398737525,569700
2025-12-17 09:00:00+09:00,7847.5341796875,7908.075419723031,7735.384013720043,7856.466493791103,370400
2025-12-18 09:00:00+09:00,7949.75927734375,7989.458449764943,7866.391015259246,7890.210518711962,306800
2025-12-19 09:00:00+09:00,8001.3681640625,8009.307998509597,7910.060067920879,7950.751719462253,370800
2025-12-22 09:00:00+09:00,7908.0751953125,8022.21031673079,7850.511394945014,7999.383292447132,387200
2025-12-23 09:00:00+09:00,8031.142578125,8059.924478120752,7944.796878137744,8001.368198819049,296100
2025-12-24 09:00:00+09:00,7963.654296875,8059.924793734032,7962.661817525938,7989.458759950618,248500
2025-12-25 09:00:00+09:00,7989.45849609375,8059.924527549981,7963.654033870342,8004.345685838024,173000
2025-12-26 09:00:00+09:00,7967.6240234375,8018.24046902735,7944.796998955803,7990.451047919197,194700
2025-12-29 09:00:00+09:00,7959.68408203125,7988.4659820784955,7890.210530193072,7979.533668270729,182600
2025-12-30 09:00:00+09:00,7883.26318359375,7981.518635586169,7883.26318359375,7975.56375970784,264700
2026-01-05 09:00:00+09:00,7674.8427734375,7884.255915193004,7673.850294092687,7846.541700090117,707200
2026-01-06 09:00:00+09:00,7741.3388671875,7769.128288762019,7662.932999173678,7680.797627328726,399500
2026-01-07 09:00:00+09:00,7644.07568359375,7658.962873317706,7553.760065935086,7635.143369759377,484200
2026-01-08 09:00:00+09:00,7626.2109375,7661.940192282665,7581.549369021668,7638.120689094221,268800
2026-01-09 09:00:00+09:00,7584.52685546875,7719.504041067252,7543.835203928025,7642.090655209287,515900
2026-01-13 09:00:00+09:00,7296.7080078125,7612.3164336128775,7269.911065999261,7594.451805737384,1165700
2026-01-14 09:00:00+09:00,7071.4150390625,7171.655448739035,6862.994385279605,6998.964049890351,1847100
2026-01-15 09:00:00+09:00,6849.099609375,7024.768444450985,6849.099609375,6962.242248915465,1176600
2026-01-16 09:00:00+09:00,6494.78466796875,6799.475819109704,6494.78466796875,6798.4833397900275,1489400
2026-01-19 09:00:00+09:00,6770.69384765625,6937.430371609087,6582.122778900066,6583.115258209309,1644200
2026-01-20 09:00:00+09:00,6994.001953125,7031.7161682830465,6715.115256824713,6835.205257722701,1131800
2026-01-21 09:00:00+09:00,6894.75390625,7018.813822513315,6834.212667113502,6954.302666056391,801200
2026-01-22 09:00:00+09:00,6786.57373046875,6937.430590227634,6784.588771787711,6861.009681007673,693100
2026-01-23 09:00:00+09:00,6677.40087890625,6800.468314843286,6664.498647719303,6772.678893825246,616600
2026-01-26 09:00:00+09:00,6880.859375,6880.859375,6642.664329565123,6709.160446415693,637600
2026-01-27 09:00:00+09:00,6796.49853515625,6811.385725288747,6673.431096727603,6748.859526732257,556600
2026-01-28 09:00:00+09:00,6888.798828125,6888.798828125,6720.077346957842,6809.400484046337,549700
2026-01-29 09:00:00+09:00,6781.611328125,6792.528600861627,6629.76198915191,6690.3032288732065,1066700
2026-01-30 09:00:00+09:00,6892.76904296875,6915.59606787707,6771.686563020271,6796.498546616271,500400
2026-02-02 09:00:00+09:00,7045.61083984375,7118.061831717056,6939.415550385618,6977.129765333366,864200
2026-02-03 09:00:00+09:00,7107.14453125,7235.174365704859,7056.528085070172,7081.340068491656,552200
2026-02-04 09:00:00+09:00,7057.5205078125,7101.189598284129,7009.881500025269,7056.5280284836,305000
2026-02-05 09:00:00+09:00,7076.37744140625,7176.617851165301,6983.0843867790145,7176.617851165301,314200
2026-02-06 09:00:00+09:00,7143.8662109375,7143.8662109375,7068.437781925101,7122.031665697069,352100
2026-02-09 09:00:00+09:00,7206.392578125,7253.039107690056,7045.610923028422,7178.603156256456,512500
2026-02-10 09:00:00+09:00,7217.3095703125,7272.888411888064,7157.760811481539,7207.384777174007,336600
2026-02-12 09:00:00+09:00,7434.66259765625,7463.4444979809105,7218.302105560527,7245.099047242107,542500
2026-02-13 09:00:00+09:00,7481.30908203125,7604.376517182733,7453.519661190593,7562.692385921747,486000
2026-02-16 09:00:00+09:00,7225.24951171875,7481.309178480211,7194.482652534233,7423.745377425309,423400
2026-02-17 09:00:00+09:00,7278.84326171875,7278.84326171875,7165.700620344884,7213.339627239143,306000
2026-02-18 09:00:00+09:00,7285.79052734375,7317.549864882914,7216.31697647683,7277.850692958959,258700
2026-02-19 09:00:00+09:00,7145.85107421875,7260.978674858941,7142.873636271159,7236.1666919623485,337700
2026-02-20 09:00:00+09:00,7053.55078125,7148.828799401119,7047.595905115555,7126.001774219079,311000
2026-02-24 09:00:00+09:00,6943.38525390625,7036.678309061651,6887.806412537075,7026.753515960013,509000
2026-02-25 09:00:00+09:00,6888.798828125,6982.09188241743,6869.941721406318,6946.362627582031,343300
2026-02-26 09:00:00+09:00,6825.2802734375,6932.468039837275,6824.287794118984,6927.505643244693,453300
2026-02-27 09:00:00+09:00,6885.82177734375,6941.400621323463,6852.07747921321,6869.942107635261,291300
2026-03-02 09:00:00+09:00,6807.41552734375,6883.836433540786,6781.611065510984,6883.836433540786,380500
2026-03-03 09:00:00+09:00,6615.8671875,6631.746856716922,6480.889999156166,6620.829584130288,713900
2026-03-04 09:00:00+09:00,6563.265625,6613.882069408741,6461.0402568803875,6540.438601050961,435500
2026-03-05 09:00:00+09:00,6444.16845703125,6644.649286897307,6444.16845703125,6594.0328397529065,492700
2026-03-06 09:00:00+09:00,6462.03271484375,6493.792052407104,6358.814867762848,6448.138004659782,333000
2026-03-09 09:00:00+09:00,6794.513671875,6808.40838286043,6307.206308028867,6373.702424887709,853800
2026-03-10 09:00:00+09:00,6679.3857421875,6784.5885488252225,6603.957314786869,6716.107476579913,594500
2026-03-11 09:00:00+09:00,6636.70947265625,6778.634020972362,6636.70947265625,6778.634020972362,446000
2026-03-12 09:00:00+09:00,6648.619140625,6650.604099317529,6552.348644037356,6600.980132004311,355700
2026-03-13 09:00:00+09:00,6823.29541015625,6847.114914133523,6681.370865625,6693.280617613636,574800
2026-03-16 09:00:00+09:00,6830.24267578125,6972.167218448602,6812.3780480329115,6922.543252480997,384900
2026-03-17 09:00:00+09:00,6769.70166015625,6834.212818037815,6750.844552467792,6756.799428579937,345700
2026-03-18 09:00:00+09:00,6807.41552734375,6807.41552734375,6680.378176782444,6746.874289966878,321400
2026-03-19 09:00:00+09:00,6581.13037109375,6770.693921218754,6581.13037109375,6723.054913857497,356900
2026-03-23 09:00:00+09:00,6483.8671875,6647.626269994643,6474.934873909383,6627.776684237716,339000
2026-03-24 09:00:00+09:00,6502.724609375,6562.273369534111,6456.078080583696,6458.063039255666,378600
2026-03-25 09:00:00+09:00,6513.6416015625,6611.897051593688,6487.837139938148,6536.4686253071195,356500
2026-03-26 09:00:00+09:00,6518.60400390625,6554.333258495261,6481.8822700231,6514.634086729693,216300
2026-03-27 09:00:00+09:00,6616.85986328125,6658.543996213275,6565.25093679398,6574.1832509937,298200
2026-03-30 09:00:00+09:00,6639.6865234375,6694.272884990424,6475.927438778727,6546.393469147048,469500
2026-03-31 09:00:00+09:00,6786.57373046875,6869.941995072343,6715.115217951384,6731.987366740206,527800
2026-04-01 09:00:00+09:00,6678.3935546875,6785.581324624526,6674.423637282425,6773.671572409301,602300
2026-04-02 09:00:00+09:00,6725.0400390625,6747.8670639884795,6574.183178682113,6606.934997054171,538500
2026-04-03 09:00:00+09:00,6606.93505859375,6704.198035271261,6606.93505859375,6649.611670809392,367900
2026-04-06 09:00:00+09:00,6670.45361328125,6731.987332076584,6667.476175275024,6674.423530622885,397600
2026-04-07 09:00:00+09:00,6728.017578125,6756.799479550819,6644.649311926077,6670.453775273363,317400
2026-04-08 09:00:00+09:00,6776.64892578125,6879.866777023378,6744.889586937518,6757.791818342785,410500
2026-04-09 09:00:00+09:00,6538.45361328125,6862.001864333115,6538.45361328125,6778.633603325886,510800
2026-04-10 09:00:00+09:00,6371.71728515625,6610.9048031815855,6371.71728515625,6572.198109393254,504000
2026-04-13 09:00:00+09:00,6300.2587890625,6371.7173008477075,6244.679946562894,6361.792507544207,613300
2026-04-14 09:00:00+09:00,6417.37109375,6659.536040683963,6259.56688652664,6593.039928206194,1404800
2026-04-15 09:00:00+09:00,6298.27392578125,6405.461695082286,6235.747727022313,6401.491777700766,779900
2026-04-16 09:00:00+09:00,6272.46923828125,6379.65700374555,6244.679817605321,6297.281221027616,513700
2026-04-17 09:00:00+09:00,6254.6044921875,6328.047959725087,6240.709782112821,6296.2886224115355,507700
2026-04-20 09:00:00+09:00,6282.39404296875,6421.34114660471,6281.401563657065,6298.273711955717,416700
2026-04-21 09:00:00+09:00,6294.3037109375,6341.942717264369,6286.363876549689,6333.0104035780805,251100
2026-04-22 09:00:00+09:00,6302.24365234375,6377.672080308809,6267.5068763072095,6291.326379875123,304400
2026-04-23 09:00:00+09:00,6154.3642578125,6293.311362488157,6148.409381897829,6252.619710404572,502700
2026-04-24 09:00:00+09:00,6044.19921875,6128.559963182472,6041.221780711207,6102.755500179598,347600
2026-04-27 09:00:00+09:00,6163.29638671875,6221.852664789025,6012.439534741093,6020.379369055707,447400
2026-04-28 09:00:00+09:00,6196.04833984375,6199.02577777736,6086.8756156113595,6115.657515636262,339700
2026-04-30 09:00:00+09:00,5997.552734375,6196.048605113871,5974.72570924003,6171.236621271512,437900
2026-05-01 09:00:00+09:00,6121.6123046875,6162.303955869761,5985.64264098092,6034.274126540207,412300
2026-05-07 09:00:00+09:00,6370.724609375,6413.401219158943,5979.687766238413,5985.64264202222,1016500
2026-05-08 09:00:00+09:00,6224.830078125,6389.5816395039465,6190.093303135463,6373.701970937301,542000
2026-05-11 09:00:00+09:00,6268.49951171875,6369.732404403252,6214.9056273563665,6224.830420756808,446900
2026-05-12 09:00:00+09:00,6170.244140625,6234.755298601616,6105.732982648384,6183.146372220323,381800
2026-05-13 09:00:00+09:00,6161.3115234375,6256.589536686533,6157.341606218791,6192.078381882501,238100
2026-05-14 09:00:00+09:00,6087.8681640625,6184.138658342588,6059.086263710721,6177.191303085263,271100
2026-05-15 09:00:00+09:00,6221.85302734375,6221.85302734375,6040.229306813537,6055.116497020931,349800
2026-05-18 09:00:00+09:00,6122.60498046875,6282.394152434298,6109.702749192029,6282.394152434298,302900
2026-05-19 09:00:00+09:00,6251.62744140625,6325.070913491352,6203.988432486183,6221.8530608312085,346700
2026-05-20 09:00:00+09:00,6134.5146484375,6211.92803503807,6037.251675529092,6211.92803503807,352100
2026-05-21 09:00:00+09:00,6132.52978515625,6202.003338313871,6112.680198539787,6150.394413111067,341900
2026-05-22 09:00:00+09:00,6002.51513671875,6060.078939286489,5940.981416732546,6060.078939286489,324200
2026-05-25 09:00:00+09:00,5836.77099609375,5986.63537637094,5791.116946472884,5965.7933102396755,478200
2026-05-26 09:00:00+09:00,5786.154296875,5901.281895234777,5782.18437969018,5855.6278476093485,379300
2026-05-27 09:00:00+09:00,5872.5,5877.462396484705,5722.635626161907,5751.417525773196,563400
2026-05-28 09:00:00+09:00,5920.0,6050.0,5838.0,5980.0,372400
2026-05-29 09:00:00+09:00,6012.0,6089.0,5886.0,5906.0,467400
2026-06-01 09:00:00+09:00,5829.0,6006.0,5653.0,6006.0,744800
2026-06-02 09:00:00+09:00,5710.0,5802.0,5615.0,5751.0,722800
2026-06-03 09:00:00+09:00,5788.0,5788.0,5666.0,5689.0,374300
2026-06-04 09:00:00+09:00,5761.0,5880.0,5741.0,5851.0,314000
2026-06-05 09:00:00+09:00,5802.0,5880.0,5722.0,5732.0,292100
2026-06-08 09:00:00+09:00,6066.0,6105.0,5902.0,5902.0,552600
2026-06-09 09:00:00+09:00,6012.0,6160.0,6000.0,6070.0,293100
2026-06-10 09:00:00+09:00,6150.0,6167.0,6040.0,6080.0,233300
2026-06-11 09:00:00+09:00,6124.0,6361.0,6119.0,6250.0,415800
2026-06-12 09:00:00+09:00,6076.0,6078.0,5993.0,6068.0,305500
2026-06-15 09:00:00+09:00,6150.0,6187.0,6027.0,6052.0,270600
2026-06-16 09:00:00+09:00,6000.0,6099.0,5960.0,6050.0,316600
2026-06-17 09:00:00+09:00,6055.0,6129.0,6000.0,6030.0,225700
2026-06-18 09:00:00+09:00,6012.0,6021.0,5941.0,5994.0,333600
2026-06-19 09:00:00+09:00,5995.0,6006.0,5910.0,5952.0,286500
2026-06-22 09:00:00+09:00,5934.0,6042.0,5914.0,6030.0,291800
2026-06-23 09:00:00+09:00,5963.0,5978.0,5852.0,5900.0,302300
2026-06-24 09:00:00+09:00,6000.0,6087.0,5956.0,6004.0,297600
2026-06-25 09:00:00+09:00,6000.0,6068.0,5960.0,6038.0,221700
2026-06-26 09:00:00+09:00,6165.0,6165.0,6026.0,6076.0,385300
2026-06-29 09:00:00+09:00,6274.0,6297.0,6146.0,6165.0,376700
2026-06-30 09:00:00+09:00,6186.0,6331.0,6130.0,6310.0,406300
2026-07-01 09:00:00+09:00,6078.0,6116.0,6020.0,6044.0,438200
2026-07-02 09:00:00+09:00,6366.0,6389.0,6151.0,6197.0,498200
2026-07-03 09:00:00+09:00,6421.0,6634.0,6421.0,6500.0,488500
2026-07-06 09:00:00+09:00,6650.0,6655.0,6459.0,6465.0,349200
2026-07-07 09:00:00+09:00,6747.0,6769.0,6595.0,6650.0,467300
2026-07-08 09:00:00+09:00,6618.0,6773.0,6555.0,6773.0,337400
2026-07-09 09:00:00+09:00,6515.0,6603.0,6490.0,6601.0,252600
2026-07-10 09:00:00+09:00,6362.0,6442.0,6314.0,6441.0,508300
2026-07-13 09:00:00+09:00,6369.0,6474.0,6286.0,6330.0,646100
2026-07-14 09:00:00+09:00,6553.0,6650.0,6334.0,6569.0,951100
2026-07-15 09:00:00+09:00,6240.0,6590.0,6237.0,6576.0,753200
2026-07-16 09:00:00+09:00,6307.0,6430.0,6211.0,6300.0,378600
2026-07-17 09:00:00+09:00,6448.0,6612.0,6391.0,6450.0,435700
2026-07-21 09:00:00+09:00,6250.0,6437.0,6188.0,6401.0,499100
2026-07-22 09:00:00+09:00,6181.0,6190.0,6016.0,6065.0,575500
2026-07-23 09:00:00+09:00,6203.0,6210.0,6037.0,6091.0,286000
2026-07-24 09:00:00+09:00,6236.0,6294.0,6147.0,6177.0,342200
2026-07-27 09:00:00+09:00,6385.0,6420.0,6148.0,6161.0,302500
2026-07-28 09:00:00+09:00,6612.0,6631.0,6450.0,6485.0,514700
2026-07-29 09:00:00+09:00,7004.0,7025.0,6665.0,6666.0,889000
2026-07-30 09:00:00+09:00,6880.0,7089.0,6742.0,7037.0,473500
2026-07-31 09:00:00+09:00,6383.0,6633.0,6369.0,6601.0,499500
2026-08-03 09:00:00+09:00,6377.0,6407.0,6265.0,6328.0,449300
2026-08-04 09:00:00+09:00,6311.0,6419.0,6264.0,6400.0,318200
2026-08-05 09:00:00+09:00,6250.0,6398.0,6201.0,6220.0,382200
2026-08-06 09:00:00+09:00,6323.0,6375.0,6280.0,6350.0,298600
2026-08-07 09:00:00+09:00,6455.0,6516.0,6210.0,6298.0,404500
2026-08-10 09:00:00+09:00,6481.0,6517.0,6374.0,6500.0,258600
2026-08-12 09:00:00+09:00,6505.0,6507.0,6355.0,6432.0,305500
2026-08-13 09:00:00+09:00,6415.0,6501.0,6343.0,6465.0,328000
2026-08-14 09:00:00+09:00,6584.0,6615.0,6350.0,6419.0,453500
2026-08-17 09:00:00+09:00,6356.0,6583.0,6356.0,6582.0,367400
2026-08-18 09:00:00+09:00,6406.0,6420.0,6253.0,6318.0,274500
2026-08-19 09:00:00+09:00,6437.0,6520.0,6350.0,6506.0,278200
2026-08-20 09:00:00+09:00,6444.0,6559.0,6403.0,6537.0,362500
2026-08-21 09:00:00+09:00,6458.0,6537.0,6425.0,6430.0,339700
2026-08-24 09:00:00+09:00,6464.0,6494.0,6368.0,6470.0,253700
2026-08-25 09:00:00+09:00,6621.0,6636.0,6474.0,6550.0,398600
2026-08-26 09:00:00+09:00,6577.0,6615.0,6541.0,6599.0,355300
2026-08-27 09:00:00+09:00,6569.0,6646.0,6474.0,6532.0,321600
2026-08-28 09:00:00+09:00,6524.0,6579.0,6459.0,6521.0,339800
2026-08-31 09:00:00+09:00,,,,,316400
