Date,Close,High,Low,Open,Volume
2019-07-10 09:00:00+09:00,1805.128662109375,1820.6455273997135,1796.5081813925203,1808.576854396117,2217500
2019-07-11 09:00:00+09:00,1858.57568359375,1865.4720683195153,1805.1287019690687,1806.8527981505101,2024500
2019-07-12 09:00:00+09:00,1855.1278076171875,1863.7482899945908,1841.3350358133423,1858.5760005681489,1251500
2019-07-16 09:00:00+09:00,1882.712890625,1889.6092748397434,1851.6791616586538,1855.1273537660256,1228500
2019-07-17 09:00:00+09:00,1891.3338623046875,1908.5748273211386,1879.2651867931718,1891.3338623046875,1605000
2019-07-18 09:00:00+09:00,1875.8170166015625,1891.333885305068,1867.1965339885037,1870.6447270337273,1687500
2019-07-19 09:00:00+09:00,1905.1263427734375,1912.0227277246536,1870.6444180173573,1870.6444180173573,1124000
2019-07-22 09:00:00+09:00,1851.6796875,1889.609811452514,1848.2314944134077,1889.609811452514,1024000
2019-07-23 09:00:00+09:00,1875.8170166015625,1887.8856922598445,1853.40376180761,1855.1278583302217,646500
2019-07-24 09:00:00+09:00,1905.1263427734375,1910.2986314868497,1882.7130916819854,1894.7817653466134,724500
2019-07-25 09:00:00+09:00,1887.8856201171875,1896.5061024008276,1884.4374272037314,1891.3338130306436,647500
2019-07-26 09:00:00+09:00,1837.8868408203125,1867.1964808709179,1732.716955932846,1867.1964808709179,3337500
2019-07-29 09:00:00+09:00,1874.092529296875,1875.8166254599817,1843.0587983609562,1848.231086850276,947000
2019-07-30 09:00:00+09:00,1903.4022216796875,1918.9190876172936,1887.8853557420814,1887.8853557420814,922000
2019-07-31 09:00:00+09:00,1918.9193115234375,1936.1602756880686,1901.6783473588064,1905.1265401917326,1419000
2019-08-01 09:00:00+09:00,1915.4710693359375,1929.263840312254,1875.8168527790278,1901.678298359621,961500
2019-08-02 09:00:00+09:00,1898.2301025390625,1901.6782952775532,1874.0927533696286,1875.8168497388738,1165500
2019-08-05 09:00:00+09:00,1898.2301025390625,1922.3674517084967,1875.8168497388738,1893.0578134313266,1127500
2019-08-06 09:00:00+09:00,1868.9205322265625,1872.3687250904493,1824.094024996036,1846.5072786112994,1394500
2019-08-07 09:00:00+09:00,1903.4022216796875,1912.0227027561355,1849.9552390057108,1862.0239125127378,1062000
2019-08-08 09:00:00+09:00,1882.712890625,1906.8502353766025,1877.5406024639422,1903.4020432692307,694000
2019-08-09 09:00:00+09:00,1884.437255859375,1894.7818336591522,1865.472196559784,1882.7131595594124,901000
2019-08-13 09:00:00+09:00,1917.1951904296875,1922.3674796125015,1879.2650697557187,1879.2650697557187,1077000
2019-08-14 09:00:00+09:00,1906.8502197265625,1939.6080444777422,1903.402027647491,1932.7116603195989,1216000
2019-08-15 09:00:00+09:00,1880.9888916015625,1884.4370838868083,1856.8515456048422,1862.023834032711,560000
2019-08-16 09:00:00+09:00,1887.8856201171875,1905.1265846844676,1875.8169449200911,1879.2651378335472,418500
2019-08-19 09:00:00+09:00,1896.5059814453125,1925.8156193403765,1893.0577887517757,1906.8505595259235,606500
2019-08-20 09:00:00+09:00,1905.1263427734375,1913.7468239624577,1898.2299578222214,1901.6781502978295,627500
2019-08-21 09:00:00+09:00,1927.53955078125,1927.53955078125,1875.8166648032202,1884.4371457995585,863500
2019-08-22 09:00:00+09:00,1929.2637939453125,1934.436082937123,1915.4710233004846,1932.7119866065195,513000
2019-08-23 09:00:00+09:00,1970.642333984375,1980.9869131653952,1943.056789501654,1943.056789501654,632000
2019-08-26 09:00:00+09:00,1968.91796875,1979.2625465192646,1927.5396576729422,1930.987850262697,601500
2019-08-27 09:00:00+09:00,1999.95166015625,2020.6408152613146,1986.1588900862068,1993.0552751212283,937000
2019-08-28 09:00:00+09:00,1968.91796875,1989.607124288529,1956.8492946858582,1982.7107391090194,723000
2019-08-29 09:00:00+09:00,1984.4346923828125,1987.882884724051,1951.676865141046,1977.5383077003355,653000
2019-08-30 09:00:00+09:00,1996.503662109375,1998.227758536067,1974.0904085623786,1998.227758536067,604000
2019-09-02 09:00:00+09:00,2008.572021484375,2029.261175353742,1996.503348393911,2020.640694574839,501500
2019-09-03 09:00:00+09:00,2008.572021484375,2012.0202137959361,1989.6069637707885,2001.6756368612528,385500
2019-09-04 09:00:00+09:00,2001.6759033203125,2017.192770787912,1993.0554213938685,2001.6759033203125,481000
2019-09-05 09:00:00+09:00,2003.400146484375,2015.4688220656062,1982.7109883451217,1996.5037604379572,742000
2019-09-06 09:00:00+09:00,1993.05517578125,2005.123848990998,1982.710598744323,2005.123848990998,661000
2019-09-09 09:00:00+09:00,2017.192626953125,2018.916723215478,1993.0552792801816,1994.7793755425346,570500
2019-09-10 09:00:00+09:00,1958.5736083984375,2008.5724065001582,1956.8495119121712,2008.5724065001582,1025500
2019-09-11 09:00:00+09:00,1974.0902099609375,1974.0902099609375,1929.2637073766716,1943.0564774025995,1534500
2019-09-12 09:00:00+09:00,2010.2962646484375,2027.5372274670347,1979.2625315749624,1991.3312055479805,1372000
2019-09-13 09:00:00+09:00,2025.812744140625,2032.7091279504652,2003.3994967586434,2010.2958805684839,1240500
2019-09-17 09:00:00+09:00,2098.2255859375,2105.12197241552,2015.4689482012632,2018.917141440273,1760500
2019-09-18 09:00:00+09:00,2020.6412353515625,2105.1219695940763,1986.159303007679,2051.6749744610574,2569500
2019-09-19 09:00:00+09:00,2017.192626953125,2024.0890120025374,1967.193835344885,2017.192626953125,1699500
2019-09-20 09:00:00+09:00,2055.123291015625,2062.0196778982277,2027.537743485214,2051.6750975743234,1281000
2019-09-24 09:00:00+09:00,2146.500244140625,2153.3966304671812,2068.9158979668678,2068.9158979668678,1389000
2019-09-25 09:00:00+09:00,2110.293701171875,2146.4997205547256,2110.293701171875,2139.603335910373,741000
2019-09-26 09:00:00+09:00,2099.948974609375,2137.879087451252,2093.0525904563065,2134.4308953747177,981000
2019-09-27 09:00:00+09:00,2055.123291015625,2079.2606451047345,2029.2618402058645,2079.2606451047345,1160500
2019-09-30 09:00:00+09:00,2029.2611083984375,2046.5020693873794,2006.8478591128135,2041.3297810906968,962000
2019-10-01 09:00:00+09:00,2039.606201171875,2056.847166524131,2022.365235819619,2030.985718495747,1056500
2019-10-02 09:00:00+09:00,2043.0543212890625,2044.7784177627243,2018.9169706577993,2034.4338389207544,849000
2019-10-03 09:00:00+09:00,2032.70947265625,2037.8817613907443,2001.6757402492844,2015.4685102079359,664000
2019-10-04 09:00:00+09:00,2027.5372314453125,2027.5372314453125,1991.3312094552177,2013.7444611633716,830500
2019-10-07 09:00:00+09:00,2039.606201171875,2051.674876918454,2027.5375254252958,2037.8821046366493,496500
2019-10-08 09:00:00+09:00,2032.70947265625,2058.5709163287215,2029.2612801665873,2055.1227238390584,566500
2019-10-09 09:00:00+09:00,2041.329833984375,2041.329833984375,2012.020199543721,2015.4683918308567,660000
2019-10-10 09:00:00+09:00,2048.2265625,2053.3988517992425,2010.2964409722224,2034.4337910353536,814000
2019-10-11 09:00:00+09:00,2053.3984375,2068.9153022670025,2048.226149244332,2067.1912061817798,552500
2019-10-15 09:00:00+09:00,2093.052734375,2098.225022845449,2062.0190035523065,2068.915388179572,952500
2019-10-16 09:00:00+09:00,2125.810791015625,2170.6372959356627,2122.3625983294683,2124.086694672547,850000
2019-10-17 09:00:00+09:00,2117.190185546875,2132.707051727593,2115.466089304573,2129.258859242989,608000
2019-10-18 09:00:00+09:00,2106.845703125,2132.7071479260435,2101.673414164791,2120.638473685556,562000
2019-10-21 09:00:00+09:00,2132.707275390625,2136.155468236851,2101.6735397745933,2105.121732620819,455500
2019-10-23 09:00:00+09:00,2127.53515625,2148.2243149817664,2108.570094079214,2144.7761218598052,489500
2019-10-24 09:00:00+09:00,2089.6044921875,2139.6032795418214,2089.6044921875,2137.879183426155,589000
2019-10-25 09:00:00+09:00,2106.845703125,2113.742088405278,2091.328836244374,2105.1216068049303,478500
2019-10-28 09:00:00+09:00,2082.708740234375,2101.6738032663106,2074.0882570380404,2101.6738032663106,588500
2019-10-29 09:00:00+09:00,2067.191650390625,2094.7771936819095,2063.743457479214,2082.7085184919724,629500
2019-10-30 09:00:00+09:00,2089.6044921875,2105.1213572284964,2068.915338799505,2070.6394349151715,784000
2019-10-31 09:00:00+09:00,2108.570068359375,2125.811033758879,2082.7086202601186,2089.6050064199203,641500
2019-11-01 09:00:00+09:00,2113.741943359375,2115.4660395611363,2094.7768851400006,2112.0178471576137,754500
2019-11-05 09:00:00+09:00,2168.913330078125,2168.913330078125,2117.1904366740364,2141.327786929278,866500
2019-11-06 09:00:00+09:00,2160.292724609375,2184.430073487692,2143.051761124863,2182.705977139241,607500
2019-11-07 09:00:00+09:00,2165.46533203125,2177.5340082448,2156.8448490215715,2172.3617184389927,526000
2019-11-08 09:00:00+09:00,2158.568603515625,2198.2228190754167,2148.2240255435054,2198.2228190754167,839000
2019-11-11 09:00:00+09:00,2168.913330078125,2175.809715865337,2151.6723656100953,2156.8446549505043,492500
2019-11-12 09:00:00+09:00,2186.154296875,2201.6711649127565,2172.3615252858835,2182.706103977721,789500
2019-11-13 09:00:00+09:00,2212.015380859375,2227.5322463525426,2198.2226115321146,2198.2226115321146,1357500
2019-11-14 09:00:00+09:00,2195.3681640625,2219.6455371248026,2183.2294775313485,2209.24094866953,778500
2019-11-15 09:00:00+09:00,2209.2412109375,2217.9117023462027,2197.102522965316,2198.8366212470564,615500
2019-11-18 09:00:00+09:00,2200.5703125,2205.7726063829787,2172.824745124113,2195.3680186170213,568500
2019-11-19 09:00:00+09:00,2209.2412109375,2214.443505782722,2197.102522965316,2202.3048178105378,512000
2019-11-20 09:00:00+09:00,2221.379638671875,2221.379638671875,2195.3681674930476,2197.102265571636,566000
2019-11-21 09:00:00+09:00,2231.784423828125,2236.986718522363,2205.772950356935,2221.3798344396487,519500
2019-11-22 09:00:00+09:00,2256.061767578125,2271.6686514430007,2224.847999848374,2228.3161962627905,774500
2019-11-25 09:00:00+09:00,2259.52978515625,2275.1366677858787,2238.720608316745,2271.6684716459613,692500
2019-11-26 09:00:00+09:00,2264.731689453125,2301.1477426526008,2264.731689453125,2271.6680805387396,1236000
2019-11-27 09:00:00+09:00,2264.731689453125,2276.8703738529503,2250.858907281896,2252.5930050532997,620500
2019-11-28 09:00:00+09:00,2269.934326171875,2282.0730124080883,2254.327443868172,2273.4025222393643,604000
2019-11-29 09:00:00+09:00,2259.52978515625,2287.27535427559,2257.7956870862913,2276.8707658558374,599000
2019-12-02 09:00:00+09:00,2266.46630859375,2278.6049957859123,2257.7958177422056,2271.6686031046765,839500
2019-12-03 09:00:00+09:00,2273.40234375,2280.338735340389,2247.390875286041,2250.859071081236,839000
2019-12-04 09:00:00+09:00,2264.731689453125,2280.3385693957575,2261.2634939103177,2280.3385693957575,712000
2019-12-05 09:00:00+09:00,2257.79541015625,2275.136388728879,2247.390823012673,2266.4658994425645,710000
2019-12-06 09:00:00+09:00,2252.593505859375,2261.263996644053,2236.9866224469542,2261.263996644053,371500
2019-12-09 09:00:00+09:00,2275.13671875,2275.13671875,2261.263933879573,2269.93442442359,515500
2019-12-10 09:00:00+09:00,2271.66845703125,2283.8071434428675,2268.2002609136453,2269.9343589724476,744000
2019-12-11 09:00:00+09:00,2282.0732421875,2294.211929645944,2282.0732421875,2292.477831437595,820000
2019-12-12 09:00:00+09:00,2242.18896484375,2269.9345359477716,2236.986670261746,2269.9345359477716,645500
2019-12-13 09:00:00+09:00,2205.77294921875,2254.3276996732507,2179.7614757609817,2252.593601442733,1530500
2019-12-16 09:00:00+09:00,2224.84765625,2240.454537704599,2205.7725789166016,2210.9748727348015,707500
2019-12-17 09:00:00+09:00,2233.518310546875,2240.454702815654,2207.5068395389535,2214.4432318077324,965500
2019-12-18 09:00:00+09:00,2358.37353515625,2360.107633343865,2240.4548583984374,2243.9230547736674,2664000
2019-12-19 09:00:00+09:00,2415.5986328125,2417.3327308977923,2354.905199827261,2382.650769191942,1389000
2019-12-20 09:00:00+09:00,2417.33251953125,2448.546282337249,2406.9279319292505,2441.6098906025827,1441000
2019-12-23 09:00:00+09:00,2422.53466796875,2427.7369614575878,2410.395983161462,2417.3323744799122,531000
2019-12-24 09:00:00+09:00,2431.205810546875,2434.67400713824,2422.5353190684623,2432.9399088425575,373000
2019-12-25 09:00:00+09:00,2410.39599609375,2434.6733658385792,2406.9278004159173,2434.6733658385792,267000
2019-12-26 09:00:00+09:00,2405.1943359375,2415.5989257108417,2394.7897461641583,2413.8648274152847,223500
2019-12-27 09:00:00+09:00,2431.205810546875,2439.8763020252873,2417.3330241814147,2424.269417364145,390000
2019-12-30 09:00:00+09:00,2431.205810546875,2457.2172849821127,2426.0035156598274,2450.2808917993825,324500
2020-01-06 09:00:00+09:00,2401.726318359375,2426.00369630669,2391.3217278105258,2398.2581215097584,686000
2020-01-07 09:00:00+09:00,2438.14208984375,2441.6102862731154,2398.25783090605,2406.928321979463,884500
2020-01-08 09:00:00+09:00,2405.1943359375,2422.5353188930694,2373.980566617475,2412.1307291197277,682500
2020-01-09 09:00:00+09:00,2436.408203125,2443.344596585854,2408.6626292815836,2424.269514568505,621000
2020-01-10 09:00:00+09:00,2415.5986328125,2429.4714174948404,2405.1940443007447,2426.0032213242553,473000
2020-01-14 09:00:00+09:00,2410.39599609375,2420.800583127248,2396.523213382419,2420.800583127248,858000
2020-01-15 09:00:00+09:00,2396.523193359375,2410.3959759547984,2380.916312939524,2401.7254868326586,663000
2020-01-16 09:00:00+09:00,2405.1943359375,2406.928434233057,2382.6510580952595,2401.726139346386,444000
2020-01-17 09:00:00+09:00,2354.9052734375,2399.9918250644328,2341.0324883215208,2394.789530645941,987500
2020-01-20 09:00:00+09:00,2358.37353515625,2384.3850079704735,2347.968946030561,2367.0440260943246,473500
2020-01-21 09:00:00+09:00,2354.9052734375,2356.6393715769973,2335.8301939030284,2347.9688808795104,271500
2020-01-22 09:00:00+09:00,2396.523193359375,2399.9913890082307,2361.841236870817,2370.511725992956,539000
2020-01-23 09:00:00+09:00,2399.99169921875,2406.9280914130236,2389.5871109273394,2394.7894050730447,565500
2020-01-24 09:00:00+09:00,2354.9052734375,2389.5872362274486,2347.9688808795104,2387.853138087951,532000
2020-01-27 09:00:00+09:00,2315.02099609375,2327.1596829646533,2290.7436223519426,2323.691486715824,659000
2020-01-28 09:00:00+09:00,2327.159423828125,2332.3617176220773,2292.4774652017745,2304.616150720997,635000
2020-01-29 09:00:00+09:00,2330.6279296875,2337.5643223353795,2304.616457257952,2311.5528499058314,770000
2020-01-30 09:00:00+09:00,2313.286865234375,2330.6278462331334,2302.88227663512,2328.8937481332578,649000
2020-01-31 09:00:00+09:00,2328.89404296875,2342.7668295240364,2309.8189614552307,2321.957649691107,786500
2020-02-03 09:00:00+09:00,2257.79541015625,2280.338682300667,2249.124920869936,2261.263605870776,691000
2020-02-04 09:00:00+09:00,2280.339111328125,2290.743700429242,2262.9981294929303,2271.6686204105276,628500
2020-02-05 09:00:00+09:00,2318.489013671875,2334.095895588888,2306.3503277364202,2306.3503277364202,570000
2020-02-06 09:00:00+09:00,2351.437255859375,2360.1077472157885,2316.7552904337203,2341.0326662316784,750500
2020-02-07 09:00:00+09:00,2351.437255859375,2365.310042029637,2342.7667645029615,2356.6395506732233,534500
2020-02-10 09:00:00+09:00,2325.425537109375,2342.766517997588,2315.020948576447,2334.0960275534817,254000
2020-02-12 09:00:00+09:00,2302.882568359375,2339.2986330698773,2289.0097818029935,2332.3622397916865,769500
2020-02-13 09:00:00+09:00,2292.477783203125,2308.0846667498936,2283.807292343809,2302.882372234304,373500
2020-02-14 09:00:00+09:00,2264.731689453125,2283.806764938565,2249.1248095104925,2283.806764938565,502000
2020-02-17 09:00:00+09:00,2250.859619140625,2261.264209059611,2238.720930901808,2261.264209059611,359500
2020-02-18 09:00:00+09:00,2178.027099609375,2238.720529932885,2172.8248055816457,2231.7841378959124,597000
2020-02-19 09:00:00+09:00,2226.581787109375,2252.5932565849516,2202.304415598837,2207.506709493952,729000
2020-02-20 09:00:00+09:00,2197.1025390625,2236.9867998347477,2191.9002441791636,2236.9867998347477,627500
2020-02-21 09:00:00+09:00,2205.77294921875,2230.050324446,2202.304752757714,2217.9116368323753,508500
2020-02-25 09:00:00+09:00,2141.611083984375,2165.8884565963435,2117.3337113724065,2160.6861624652074,1045000
2020-02-26 09:00:00+09:00,2117.33349609375,2136.408572635135,2098.258419552365,2131.206279032939,702000
2020-02-27 09:00:00+09:00,2108.6630859375,2139.876848722759,2091.322106612356,2120.801771465101,847500
2020-02-28 09:00:00+09:00,2172.824951171875,2178.0272455481845,2067.0449655202515,2080.917750523743,2427000
2020-03-02 09:00:00+09:00,2271.66845703125,2287.2753395604723,2155.483887091484,2172.8248676795088,1870000
2020-03-03 09:00:00+09:00,2184.9638671875,2276.8710774739584,2183.229768880208,2273.402880859375,1687500
2020-03-04 09:00:00+09:00,2164.154052734375,2197.1019109090166,2132.9402923583984,2155.483563741048,1232000
2020-03-05 09:00:00+09:00,2181.49560546875,2193.634293257527,2124.270363035945,2191.9001950019874,1373500
2020-03-06 09:00:00+09:00,2198.83642578125,2230.0501920778293,2157.218070719144,2195.3682295260746,1166500
2020-03-09 09:00:00+09:00,2132.94091796875,2195.36845703125,2112.13173828125,2169.356982421875,978500
2020-03-10 09:00:00+09:00,2164.154052734375,2184.9632263183594,2061.842282613118,2129.4720967610674,1398500
2020-03-11 09:00:00+09:00,2188.431884765625,2202.3046700890204,2139.877136133741,2158.9522159534094,1829000
2020-03-12 09:00:00+09:00,2134.6748046875,2202.30463196842,2098.2587438439277,2184.963650614338,1845500
2020-03-13 09:00:00+09:00,2025.426513671875,2047.9697882247299,1893.635062439801,1978.6058665236383,2221000
2020-03-16 09:00:00+09:00,1914.4442138671875,2053.1720554517665,1902.3055277285368,1999.415016837742,1821500
2020-03-17 09:00:00+09:00,1964.7332763671875,1999.4152406455137,1872.8260710296227,1872.8260710296227,2805500
2020-03-18 09:00:00+09:00,1987.276611328125,2080.9179176210732,1936.9877616522824,2008.0857905043358,2557000
2020-03-19 09:00:00+09:00,2243.923095703125,2252.5935867993503,2002.8834432280596,2079.183764874843,3349500
2020-03-23 09:00:00+09:00,2245.656982421875,2276.870747428511,2164.154373793436,2223.1137076948603,2276500
2020-03-24 09:00:00+09:00,2249.125,2289.0092521202773,2191.899768696993,2275.136468774094,1440500
2020-03-25 09:00:00+09:00,2254.327392578125,2327.1595083383413,2224.84772667518,2289.0093524639424,1242500
2020-03-26 09:00:00+09:00,2320.2236328125,2320.2236328125,2155.484286686052,2233.51871379858,2490500
2020-03-27 09:00:00+09:00,2462.419677734375,2462.419677734375,2320.223611837038,2342.7668905768596,1994500
2020-03-30 09:00:00+09:00,2517.91064453125,2517.91064453125,2413.8647501291325,2429.47163428945,1680000
2020-03-31 09:00:00+09:00,2472.823974609375,2535.2515083302287,2455.482993020249,2514.442330423278,1220500
2020-04-01 09:00:00+09:00,2431.205810546875,2509.2402338525876,2406.92843440732,2471.0900713475726,1382500
2020-04-02 09:00:00+09:00,2401.726318359375,2491.899436449402,2401.726318359375,2441.610582129964,1166500
2020-04-03 09:00:00+09:00,2396.523193359375,2509.2395519471893,2372.245823817384,2471.089399809775,1105500
2020-04-06 09:00:00+09:00,2486.696533203125,2497.101121208159,2335.830007130132,2387.852947155302,1158500
2020-04-07 09:00:00+09:00,2431.205810546875,2582.072362271253,2406.92843440732,2519.644823626683,1366000
2020-04-08 09:00:00+09:00,2420.801025390625,2443.344301415036,2306.3505471128447,2379.1826696532503,1256000
2020-04-09 09:00:00+09:00,2321.956787109375,2415.5980615708436,2282.07254057949,2399.9911824939322,1075500
2020-04-10 09:00:00+09:00,2335.83056640625,2335.83056640625,2221.380070947592,2318.489582245847,815500
2020-04-13 09:00:00+09:00,2318.489013671875,2347.9686795151224,2304.616229745641,2315.0208176903166,598500
2020-04-14 09:00:00+09:00,2507.505615234375,2507.505615234375,2375.7141721100234,2384.384661789257,1998500
2020-04-15 09:00:00+09:00,2550.85791015625,2550.85791015625,2462.4189207490654,2498.8349752108475,1438000
2020-04-16 09:00:00+09:00,2601.14697265625,2611.551560546875,2545.6558372395834,2557.7945231119793,1583000
2020-04-17 09:00:00+09:00,2547.39013671875,2589.0084915732427,2523.1127630536294,2582.072099097494,1136000
2020-04-20 09:00:00+09:00,2556.060791015625,2578.604068005586,2502.303745885717,2507.506040575708,728000
2020-04-21 09:00:00+09:00,2602.881103515625,2625.4243775633954,2554.326359412735,2566.4650454384578,949500
2020-04-22 09:00:00+09:00,2611.552001953125,2625.424788152079,2549.124464057831,2583.8064295552167,1174000
2020-04-23 09:00:00+09:00,2575.135986328125,2632.36123046875,2559.5291015625,2620.2225423177083,811500
2020-04-24 09:00:00+09:00,2592.4765625,2592.4765625,2517.910346989967,2540.4536214464883,763000
2020-04-27 09:00:00+09:00,2549.124755859375,2621.9568917410716,2533.5178695990116,2613.286399374203,851000
2020-04-28 09:00:00+09:00,2507.505615234375,2523.1124966569955,2465.887264774053,2510.9738111060683,982500
2020-04-30 09:00:00+09:00,2493.633056640625,2536.9855089466164,2479.7602719027077,2514.442233747501,1305500
2020-05-01 09:00:00+09:00,2455.48291015625,2498.835362666071,2450.2806158550716,2465.887498758607,1343000
2020-05-07 09:00:00+09:00,2469.35595703125,2471.090055315682,2436.408089627041,2452.0149741869295,1035000
2020-05-08 09:00:00+09:00,2483.228515625,2521.3786743846017,2469.3557306215084,2504.0376931302376,1161500
2020-05-11 09:00:00+09:00,2408.662353515625,2495.3672618495207,2398.2577645155575,2491.899065516165,1547000
2020-05-12 09:00:00+09:00,2478.02587890625,2479.759976792119,2403.4596698139,2410.396061357374,1458000
2020-05-13 09:00:00+09:00,2484.962646484375,2502.303627967169,2465.887566853302,2465.887566853302,3315500
2020-05-14 09:00:00+09:00,2475.013671875,2511.667612008551,2464.5411175511285,2478.5045233162905,1621500
2020-05-15 09:00:00+09:00,2492.4677734375,2499.449475884104,2476.7589429326417,2492.4677734375,744000
2020-05-18 09:00:00+09:00,2506.43115234375,2508.176577937304,2469.7772148791128,2485.4860452211,586500
2020-05-19 09:00:00+09:00,2475.013671875,2515.1584634498413,2466.2865432717736,2508.1767605672603,738500
2020-05-20 09:00:00+09:00,2497.703857421875,2511.667261236952,2471.522475268606,2488.976730037452,843500
2020-05-21 09:00:00+09:00,2597.193115234375,2604.174817157048,2522.1398195656398,2530.866946968981,1152000
2020-05-22 09:00:00+09:00,2639.083740234375,2658.283423529731,2593.70267062717,2593.70267062717,1094500
2020-05-25 09:00:00+09:00,2660.029052734375,2660.029052734375,2625.120534981955,2642.5747938581653,567000
2020-05-26 09:00:00+09:00,2707.155029296875,2717.6275826016986,2668.755667179189,2687.955348238032,745000
2020-05-27 09:00:00+09:00,2726.355224609375,2747.3003351697544,2710.6463916890903,2740.3186316496276,1342000
2020-05-28 09:00:00+09:00,2742.06396484375,2742.06396484375,2675.737783644474,2705.410022602045,1429000
2020-05-29 09:00:00+09:00,2778.718017578125,2792.681424701633,2735.082370317162,2742.064073878916,2401000
2020-06-01 09:00:00+09:00,2815.371826171875,2831.0806584319785,2768.2453293915646,2818.8626777852314,866500
2020-06-02 09:00:00+09:00,2872.97119140625,2874.716617403459,2834.571819467649,2841.5535234564854,960500
2020-06-03 09:00:00+09:00,2797.91748046875,2864.2436590450525,2797.91748046875,2862.4982332930444,1111000
2020-06-04 09:00:00+09:00,2829.3349609375,2841.552940411012,2761.263361013649,2783.9538943215994,1079500
2020-06-05 09:00:00+09:00,2742.06396484375,2794.426739474757,2717.62800334928,2773.4816296223544,904000
2020-06-08 09:00:00+09:00,2703.664306640625,2743.8090962163087,2673.9920708672935,2742.063670582583,957500
2020-06-09 09:00:00+09:00,2740.318359375,2749.0454879080417,2680.9738853503186,2694.937291003185,863000
2020-06-10 09:00:00+09:00,2780.46337890625,2810.135618354716,2766.499972106972,2790.9359340057085,854500
2020-06-11 09:00:00+09:00,2750.791259765625,2773.481796806839,2735.0824264294,2756.0275375443666,788500
2020-06-12 09:00:00+09:00,2749.045166015625,2782.2082505580356,2714.136655970982,2724.609208984375,733500
2020-06-15 09:00:00+09:00,2754.281982421875,2785.6996476206036,2717.6280396900247,2717.6280396900247,637000
2020-06-16 09:00:00+09:00,2769.990234375,2790.935340116966,2731.5908738480625,2790.935340116966,700000
2020-06-17 09:00:00+09:00,2771.736328125,2827.5899569033377,2771.736328125,2771.736328125,563500
2020-06-18 09:00:00+09:00,2783.954345703125,2813.6265863783306,2754.2821050279194,2754.2821050279194,526000
2020-06-19 09:00:00+09:00,2782.208740234375,2789.1904434721023,2754.2819272834654,2775.2270369966477,1200500
2020-06-22 09:00:00+09:00,2783.954345703125,2817.1174382224726,2775.2272160927705,2782.208919781054,1144000
2020-06-23 09:00:00+09:00,2707.155029296875,2733.3364125589337,2632.1017306123067,2696.6824759920514,1778000
2020-06-24 09:00:00+09:00,2677.4833984375,2707.1556394892846,2642.5748795530476,2705.4102135450617,1157000
2020-06-25 09:00:00+09:00,2597.193115234375,2653.0467306157593,2597.193115234375,2630.356199367072,2963000
2020-06-26 09:00:00+09:00,2642.57470703125,2658.2835395036946,2602.4299129350024,2602.4299129350024,2740500
2020-06-29 09:00:00+09:00,2682.71923828125,2686.2100895997683,2637.338171140513,2642.5744481182905,1366500
2020-06-30 09:00:00+09:00,2591.957275390625,2649.556325954861,2558.7941856718226,2647.810900180187,1747500
2020-07-01 09:00:00+09:00,2590.2119140625,2656.538095150354,2586.721062426297,2618.1387271521226,1185500
2020-07-02 09:00:00+09:00,2548.32177734375,2614.647960589683,2523.8858150952483,2600.6845535905395,1132500
2020-07-03 09:00:00+09:00,2591.957275390625,2593.702701165299,2541.3399279250843,2548.3216310237794,777500
2020-07-06 09:00:00+09:00,2612.90234375,2623.374898233968,2581.484680298096,2600.6843635187042,530000
2020-07-07 09:00:00+09:00,2616.39306640625,2639.0836000041695,2593.7025328083305,2612.902215083493,763000
2020-07-08 09:00:00+09:00,2600.683837890625,2656.537450516464,2600.683837890625,2626.8652188089873,952000
2020-07-09 09:00:00+09:00,2571.01220703125,2588.466465055902,2518.649432957294,2567.5213554263196,897500
2020-07-10 09:00:00+09:00,2543.085205078125,2612.902231984868,2539.5943537327876,2565.7757388228165,947500
2020-07-13 09:00:00+09:00,2560.539306640625,2577.993562309614,2520.3945186019514,2550.066753239232,583000
2020-07-14 09:00:00+09:00,2548.32177734375,2577.9940172169304,2529.122092719927,2558.794332593108,698000
2020-07-15 09:00:00+09:00,2614.64794921875,2623.375078555261,2543.0854886593584,2572.7577284034965,1207500
2020-07-16 09:00:00+09:00,2539.594482421875,2597.19353253866,2539.594482421875,2586.720977971972,754500
2020-07-17 09:00:00+09:00,2565.775634765625,2569.2664859693878,2534.35797393176,2550.0668043486926,429000
2020-07-20 09:00:00+09:00,2548.32177734375,2604.175405340325,2536.103796219499,2593.7028500909673,471000
2020-07-21 09:00:00+09:00,2574.503173828125,2586.721154992055,2550.067211500265,2564.030618544756,783000
2020-07-22 09:00:00+09:00,2577.99365234375,2598.9387598780254,2557.0485448094746,2583.2299292273187,582500
2020-07-27 09:00:00+09:00,2614.64794921875,2632.102207891772,2539.5946369247536,2550.067192128567,814500
2020-07-28 09:00:00+09:00,2607.666015625,2630.3565498975067,2584.9754813524933,2593.702609918842,626500
2020-07-29 09:00:00+09:00,2628.611083984375,2644.3199151635645,2579.73916476023,2602.4296986857257,673500
2020-07-30 09:00:00+09:00,2654.7919921875,2670.500820543639,2630.3560369668394,2633.846887712648,881500
2020-07-31 09:00:00+09:00,2546.57568359375,2640.8286561188097,2546.57568359375,2626.865252781764,818000
2020-08-03 09:00:00+09:00,2579.739013671875,2600.684120684096,2555.3030554909506,2600.684120684096,528500
2020-08-04 09:00:00+09:00,2551.812744140625,2607.666374655331,2543.0856143727024,2579.739559397978,704000
2020-08-05 09:00:00+09:00,2516.904052734375,2553.5579952499243,2516.904052734375,2553.5579952499243,582500
2020-08-06 09:00:00+09:00,2480.25,2532.612772695285,2473.268296973962,2487.231703026038,613000
2020-08-07 09:00:00+09:00,2452.3232421875,2501.195164451735,2447.086964802046,2480.25005490992,605500
2020-08-11 09:00:00+09:00,2469.77734375,2471.522769434629,2417.4145732111306,2471.522769434629,878000
2020-08-12 09:00:00+09:00,2525.630615234375,2534.357742446657,2471.5224265182273,2471.5224265182273,881000
2020-08-13 09:00:00+09:00,2557.048828125,2564.0305314099833,2523.885737521331,2541.3399957337883,660500
2020-08-14 09:00:00+09:00,2564.0302734375,2572.757401665674,2543.0851656898826,2557.048570854961,401500
2020-08-17 09:00:00+09:00,2529.12158203125,2581.484347704775,2529.12158203125,2564.0300924802664,298500
2020-08-18 09:00:00+09:00,2595.4482421875,2595.4482421875,2527.376633952589,2527.376633952589,515500
2020-08-19 09:00:00+09:00,2548.32177734375,2611.1571088398973,2548.32177734375,2591.9574242160743,485000
2020-08-20 09:00:00+09:00,2558.794189453125,2569.266744116644,2539.5945059033406,2548.3216347896064,263000
2020-08-21 09:00:00+09:00,2562.28515625,2583.2302665190737,2555.3034528269754,2555.3034528269754,265000
2020-08-24 09:00:00+09:00,2565.775634765625,2572.7573371731505,2544.8305275430484,2544.8305275430484,326500
2020-08-25 09:00:00+09:00,2565.775634765625,2588.466167590083,2558.7939323580995,2574.502762775032,520500
2020-08-26 09:00:00+09:00,2523.885498046875,2560.5394368151906,2515.1583697687047,2548.321457225752,444000
2020-08-27 09:00:00+09:00,2516.904052734375,2537.8491627432604,2502.940646061785,2525.631181904744,516000
2020-08-28 09:00:00+09:00,2475.013671875,2520.3947406117773,2461.0502661098376,2516.9038891704868,752500
2020-08-31 09:00:00+09:00,2471.522705078125,2494.213238387458,2466.2864281605866,2475.013556356484,723500
2020-09-01 09:00:00+09:00,2530.8671875,2550.066869612069,2504.685802801724,2523.8854849137933,776500
2020-09-02 09:00:00+09:00,2536.103759765625,2548.321740714255,2522.1403529671907,2532.6129080660166,344000
2020-09-03 09:00:00+09:00,2560.539306640625,2581.4844134434115,2546.575902105434,2555.3030299399284,474500
2020-09-04 09:00:00+09:00,2490.72216796875,2551.8120599651807,2490.72216796875,2534.3578051090576,530000
2020-09-07 09:00:00+09:00,2473.26806640625,2511.6674294697204,2455.813810468309,2464.5409384372792,430500
2020-09-08 09:00:00+09:00,2469.77734375,2494.213303334806,2448.832235534452,2478.504472173145,553000
2020-09-09 09:00:00+09:00,2436.614013671875,2461.0499708290426,2422.650609582065,2450.5774177616854,1112000
2020-09-10 09:00:00+09:00,2461.05029296875,2466.2865701878322,2443.5960355718084,2452.323164270279,580500
2020-09-11 09:00:00+09:00,2492.4677734375,2492.4677734375,2454.06840998118,2475.013517320991,1063000
2020-09-14 09:00:00+09:00,2548.32177734375,2577.9940172169304,2488.9772975973888,2504.6861304714253,1113000
2020-09-15 09:00:00+09:00,2497.703857421875,2614.647364373144,2497.703857421875,2614.647364373144,1100000
2020-09-16 09:00:00+09:00,2527.376220703125,2532.6124974034765,2504.6856883349337,2504.6856883349337,1036500
2020-09-17 09:00:00+09:00,2555.30322265625,2571.0120539430714,2518.649282987001,2548.3215198621074,794500
2020-09-18 09:00:00+09:00,2639.083740234375,2639.083740234375,2551.812452528212,2565.7758585611978,1623500
2020-09-23 09:00:00+09:00,2651.3017578125,2700.1736796154955,2637.338351583073,2673.9922929353193,1151000
2020-09-24 09:00:00+09:00,2640.8291015625,2661.774210101,2611.156864466292,2612.902290177834,783000
2020-09-25 09:00:00+09:00,2682.71923828125,2687.9555152590274,2653.0470020738453,2661.7741303701405,659500
2020-09-28 09:00:00+09:00,2707.155029296875,2710.645880398483,2668.755667179189,2689.700773788836,727500
2020-09-29 09:00:00+09:00,2703.664306640625,2715.8822860767027,2651.301537628863,2691.4463272045473,588500
2020-09-30 09:00:00+09:00,2602.4296875,2705.4098025653925,2602.4296875,2701.9189512072435,894000
2020-10-02 09:00:00+09:00,2586.720703125,2628.6109169407896,2576.2481496710525,2611.1566611842104,660500
2020-10-05 09:00:00+09:00,2633.84716796875,2653.0468491136517,2602.4295079134567,2618.1383379411036,530500
2020-10-06 09:00:00+09:00,2626.86572265625,2642.5745542203076,2616.3931682802117,2633.847425573609,571000
2020-10-07 09:00:00+09:00,2625.120361328125,2649.55632213836,2614.647806695167,2625.120361328125,689500
2020-10-08 09:00:00+09:00,2626.86572265625,2639.083702761628,2569.26667358804,2602.4297624454944,615000
2020-10-09 09:00:00+09:00,2628.611083984375,2653.0470435964476,2616.393104178339,2635.5927867306814,570500
2020-10-12 09:00:00+09:00,2611.156982421875,2637.3383692777093,2607.666130841097,2612.9024082122637,566500
2020-10-13 09:00:00+09:00,2591.957275390625,2644.3200486308397,2583.230146517256,2635.5929197574706,475500
2020-10-14 09:00:00+09:00,2626.86572265625,2630.3565741149296,2576.248376505399,2577.9938022347387,372000
2020-10-15 09:00:00+09:00,2548.32177734375,2639.0839228381847,2548.32177734375,2635.593071088399,655500
2020-10-16 09:00:00+09:00,2564.0302734375,2571.011976020039,2536.1034631073435,2544.8305913355175,335500
2020-10-19 09:00:00+09:00,2604.17529296875,2619.8841251649424,2579.7393317746732,2591.957312371712,319500
2020-10-20 09:00:00+09:00,2612.90234375,2630.35660122328,2598.938937771376,2604.17521501336,422000
2020-10-21 09:00:00+09:00,2590.2119140625,2649.556391877948,2586.721062426297,2630.3567078788324,401500
2020-10-22 09:00:00+09:00,2550.06689453125,2588.4662591306255,2537.848914885994,2588.4662591306255,639000
2020-10-23 09:00:00+09:00,2525.630615234375,2553.5574223136773,2495.9583827126166,2532.6123170042006,544000
2020-10-26 09:00:00+09:00,2511.667724609375,2532.6128341961107,2488.977189223745,2525.631131000532,368000
2020-10-27 09:00:00+09:00,2527.376220703125,2527.376220703125,2478.504304833175,2506.4311139017177,439500
2020-10-28 09:00:00+09:00,2577.99365234375,2579.739077971606,2492.4677965787914,2497.70407346236,689500
2020-10-29 09:00:00+09:00,2598.938720703125,2602.4295719062184,2558.7939318675494,2564.03020867219,818500
2020-10-30 09:00:00+09:00,2551.812744140625,2581.4849853515625,2546.5764662798715,2565.7761517693016,723500
2020-11-02 09:00:00+09:00,2614.64794921875,2623.375078555261,2567.5214508015897,2590.2119870765187,763000
2020-11-04 09:00:00+09:00,2532.6123046875,2618.1381509519297,2522.139752083692,2614.6473000839937,876500
2020-11-05 09:00:00+09:00,2495.958740234375,2509.922145774148,2483.740760387074,2504.685868696733,1105500
2020-11-06 09:00:00+09:00,2609.41162109375,2611.1570469272574,2513.413200250836,2513.413200250836,1147000
2020-11-09 09:00:00+09:00,2667.010498046875,2684.4647552330457,2642.574537986236,2653.0470922979384,688500
2020-11-10 09:00:00+09:00,2562.28515625,2632.102190480245,2557.048878682732,2630.356764624489,865500
2020-11-11 09:00:00+09:00,2616.39306640625,2646.065302649683,2584.9754045014383,2609.411363760736,999500
2020-11-12 09:00:00+09:00,2650.356201171875,2653.866606736341,2615.2521455272145,2618.7625510916805,491000
2020-11-13 09:00:00+09:00,2676.68408203125,2676.68408203125,2636.3144204661885,2666.152865970799,586500
2020-11-16 09:00:00+09:00,2701.25732421875,2708.278135977603,2669.6636713039106,2688.9709036407567,829500
2020-11-17 09:00:00+09:00,2643.335693359375,2680.1949560157805,2625.7836635229914,2680.1949560157805,865000
2020-11-18 09:00:00+09:00,2655.621337890625,2660.886945302173,2638.0693131854655,2648.6005280085615,394000
2020-11-19 09:00:00+09:00,2697.74658203125,2697.74658203125,2639.824892241379,2643.3352976831898,724000
2020-11-20 09:00:00+09:00,2690.7255859375,2701.256801538038,2669.6631547364236,2697.7463963378586,541500
2020-11-24 09:00:00+09:00,2695.99169921875,2738.116569519043,2680.19487285614,2720.5645402272544,907500
2020-11-25 09:00:00+09:00,2703.01220703125,2741.626667131696,2692.4809906402193,2717.0538288859575,601500
2020-11-26 09:00:00+09:00,2732.850830078125,2743.382047149717,2703.012381708614,2717.054004470737,650000
2020-11-27 09:00:00+09:00,2741.62646484375,2767.9545038787414,2720.564033615757,2736.360857036752,826000
2020-11-30 09:00:00+09:00,2681.94970703125,2729.340179603137,2680.1945043434025,2720.564166163899,2310500
2020-12-01 09:00:00+09:00,2722.319580078125,2729.3403913742645,2703.012349013741,2708.277957485846,787000
2020-12-02 09:00:00+09:00,2704.767822265625,2738.1166792565705,2697.747010267531,2738.1166792565705,852500
2020-12-03 09:00:00+09:00,2743.381591796875,2755.6680096744044,2718.8087560418167,2720.5639585957497,584000
2020-12-04 09:00:00+09:00,2780.2412109375,2781.9964137221828,2739.8715468897963,2745.1371552438445,581500
2020-12-07 09:00:00+09:00,2771.465576171875,2792.5280124695714,2760.934358023027,2781.996794320723,514500
2020-12-08 09:00:00+09:00,2767.954833984375,2787.262064912611,2759.178819926086,2771.465239607691,539500
2020-12-09 09:00:00+09:00,2827.63232421875,2827.63232421875,2766.2002128918375,2787.2626510610644,545500
2020-12-10 09:00:00+09:00,2868.00146484375,2868.00146484375,2815.345379197904,2841.673422020827,600000
2020-12-11 09:00:00+09:00,2873.26708984375,2887.308712762962,2841.673438275523,2866.246278384144,586500
2020-12-14 09:00:00+09:00,2850.449462890625,2894.3295346715768,2850.449462890625,2878.5327088304343,481500
2020-12-15 09:00:00+09:00,2817.1005859375,2859.2254545122664,2811.834977365654,2850.4494402258565,713500
2020-12-16 09:00:00+09:00,2680.19482421875,2771.465374879768,2660.88759234815,2746.8925343171863,1753000
2020-12-17 09:00:00+09:00,2690.7255859375,2701.256801538038,2639.8247105348987,2667.907952136334,968000
2020-12-18 09:00:00+09:00,2690.7255859375,2706.522409338307,2655.6215339357063,2688.97038333741,1005500
2020-12-21 09:00:00+09:00,2631.049072265625,2692.4811720183247,2611.7418409147767,2685.4603606180162,672500
2020-12-22 09:00:00+09:00,2574.882568359375,2632.80426212615,2567.861756993705,2611.741828029141,761000
2020-12-23 09:00:00+09:00,2615.252197265625,2615.252197265625,2553.820098672137,2571.3721268417053,598000
2020-12-24 09:00:00+09:00,2606.47607421875,2629.2937098853113,2595.94485775726,2629.2937098853113,414500
2020-12-25 09:00:00+09:00,2574.882568359375,2624.028247919063,2564.35135131087,2622.2730450776457,465000
2020-12-28 09:00:00+09:00,2567.86181640625,2592.4346567546354,2550.309787585975,2574.8826279343602,553500
2020-12-29 09:00:00+09:00,2569.616943359375,2569.616943359375,2527.4920754354507,2536.268089586268,651000
2020-12-30 09:00:00+09:00,2576.637451171875,2590.679072159188,2550.3094118206636,2559.0854249377344,560500
2021-01-04 09:00:00+09:00,2546.799072265625,2574.8823149646255,2523.981437572687,2571.3719096272507,365000
2021-01-05 09:00:00+09:00,2548.554443359375,2567.8616739908853,2531.0024155125475,2562.596065636837,440500
2021-01-06 09:00:00+09:00,2538.0234375,2571.3722931794605,2531.002625778008,2532.757828708506,386000
2021-01-07 09:00:00+09:00,2559.085693359375,2574.8825186270255,2538.0232596691744,2557.3304905518585,419000
2021-01-08 09:00:00+09:00,2629.293701171875,2629.293701171875,2546.799172496923,2560.8407943990424,822000
2021-01-12 09:00:00+09:00,2594.189697265625,2638.0697665698476,2588.9240889491184,2638.0697665698476,696000
2021-01-13 09:00:00+09:00,2555.575439453125,2588.924294775659,2555.575439453125,2576.6378743936725,795000
2021-01-14 09:00:00+09:00,2580.14794921875,2597.6999760841836,2552.0647062340563,2564.3511250398597,521000
2021-01-15 09:00:00+09:00,2543.28857421875,2566.1062080799256,2541.533371614044,2564.35100547522,547500
2021-01-18 09:00:00+09:00,2543.28857421875,2557.3301950563964,2532.7573585905147,2538.0229664046324,453500
2021-01-19 09:00:00+09:00,2501.164306640625,2552.0651942845398,2501.164306640625,2545.0443821957238,489500
2021-01-20 09:00:00+09:00,2481.85693359375,2502.9193686737535,2457.284092667079,2502.9193686737535,624000
2021-01-21 09:00:00+09:00,2492.387939453125,2518.7159810670664,2474.8359117104974,2483.611925581811,574500
2021-01-22 09:00:00+09:00,2476.591064453125,2488.877483624756,2462.549442542689,2471.3254562367115,445500
2021-01-25 09:00:00+09:00,2469.570556640625,2490.632992091718,2443.242512326759,2483.612180274687,740000
2021-01-26 09:00:00+09:00,2448.50830078125,2476.5915501092068,2436.2218792002686,2467.8155346942203,655000
2021-01-27 09:00:00+09:00,2462.549560546875,2474.835980307266,2446.7527351406584,2467.8151690156137,635500
2021-01-28 09:00:00+09:00,2460.79443359375,2464.3048393478066,2441.4872019464383,2452.018419208608,738500
2021-01-29 09:00:00+09:00,2443.242431640625,2488.877706944257,2443.242431640625,2459.039257707267,760500
2021-02-01 09:00:00+09:00,2453.7734375,2457.2838429899857,2425.6901935801143,2443.242221030043,561500
2021-02-02 09:00:00+09:00,2474.8359375,2490.6327626329785,2453.773503989362,2457.283909574468,654500
2021-02-03 09:00:00+09:00,2492.387939453125,2492.387939453125,2467.8151006134462,2469.570303387709,444500
2021-02-04 09:00:00+09:00,2495.89892578125,2501.1645353293115,2478.3468939543777,2485.3677066851264,470000
2021-02-05 09:00:00+09:00,2527.491943359375,2532.7575515747067,2495.8982940673827,2501.163902282715,605500
2021-02-08 09:00:00+09:00,2571.372314453125,2574.8827203431633,2520.471429047568,2527.492240827645,695000
2021-02-09 09:00:00+09:00,2615.252197265625,2631.049022618236,2538.0232733195257,2562.5961127569212,727500
2021-02-10 09:00:00+09:00,2580.14794921875,2606.4759895169004,2571.371935786033,2595.9447733976403,435000
2021-02-12 09:00:00+09:00,2545.043701171875,2581.902954775054,2539.778093514278,2580.1477522225214,562500
2021-02-15 09:00:00+09:00,2580.14794921875,2583.658354591837,2541.533490114796,2545.0438954878828,308500
2021-02-16 09:00:00+09:00,2560.8408203125,2597.700078178547,2555.575212045922,2581.9032533788127,415000
2021-02-17 09:00:00+09:00,2506.4296875,2557.330570509454,2497.653673188025,2550.309759059874,673500
2021-02-18 09:00:00+09:00,2508.184814453125,2534.512856592241,2501.1640032160276,2515.205625690223,588500
2021-02-19 09:00:00+09:00,2504.674072265625,2513.4500851327084,2480.101236237791,2509.939679985875,638000
2021-02-22 09:00:00+09:00,2476.591064453125,2513.450321968019,2471.3254562367115,2511.6951192292145,461500
2021-02-24 09:00:00+09:00,2452.0185546875,2464.3049755055476,2434.466524947432,2448.5081487394864,633000
2021-02-25 09:00:00+09:00,2444.99755859375,2464.304789853284,2416.9143131253363,2446.752761435526,654500
2021-02-26 09:00:00+09:00,2406.383056640625,2457.2839382179977,2406.383056640625,2455.528735404985,637000
2021-03-01 09:00:00+09:00,2481.85693359375,2488.8777452870845,2425.690440047074,2430.9560488170746,667000
2021-03-02 09:00:00+09:00,2474.8359375,2478.346343085106,2444.9974900265956,2471.3255319148934,766500
2021-03-03 09:00:00+09:00,2446.752685546875,2474.8359301442565,2422.1798465241664,2474.8359301442565,649000
2021-03-04 09:00:00+09:00,2427.44580078125,2444.9978311556624,2415.159379519161,2444.9978311556624,675000
2021-03-05 09:00:00+09:00,2467.815185546875,2467.815185546875,2432.711128853463,2444.997548696157,620500
2021-03-08 09:00:00+09:00,2455.52880859375,2494.143271630964,2444.9975914017828,2474.836040112357,541000
2021-03-09 09:00:00+09:00,2504.674072265625,2506.4292748390417,2450.2627924897074,2457.283602783374,696500
2021-03-10 09:00:00+09:00,2518.7158203125,2548.5542655705576,2506.4294016768295,2525.736630961455,639500
2021-03-11 09:00:00+09:00,2602.9658203125,2609.986631695676,2531.0025036349457,2550.30973493868,1007500
2021-03-12 09:00:00+09:00,2632.803955078125,2634.559157714844,2578.392673339844,2625.78314453125,902500
2021-03-15 09:00:00+09:00,2641.580078125,2641.580078125,2606.476023930648,2631.048861866694,633000
2021-03-16 09:00:00+09:00,2655.621337890625,2655.621337890625,2634.558908244434,2650.3557304790775,573000
2021-03-17 09:00:00+09:00,2513.45068359375,2516.9610895764226,2453.7737818883115,2506.4298716284043,1769500
2021-03-18 09:00:00+09:00,2548.554443359375,2548.554443359375,2471.3255208333335,2492.3879542495265,1310500
2021-03-19 09:00:00+09:00,2543.28857421875,2608.2310705928658,2525.7365481716915,2583.658234126984,1055500
2021-03-22 09:00:00+09:00,2536.268310546875,2552.0651373945716,2522.2266866822556,2541.533919496107,608500
2021-03-23 09:00:00+09:00,2513.45068359375,2538.02352547246,2504.674668637068,2536.2683224811235,626500
2021-03-24 09:00:00+09:00,2497.653564453125,2534.5128229587576,2497.653564453125,2534.5128229587576,487500
2021-03-25 09:00:00+09:00,2511.695068359375,2516.960676469143,2492.3878386235588,2515.2054737658873,456500
2021-03-26 09:00:00+09:00,2520.47119140625,2520.47119140625,2476.5911219179798,2495.8983524928185,685000
2021-03-29 09:00:00+09:00,2545.043701171875,2545.043701171875,2506.429245016164,2523.981270541487,833000
2021-03-30 09:00:00+09:00,2560.8408203125,2587.1688616453907,2531.0023734685574,2580.1480506232865,475500
2021-03-31 09:00:00+09:00,2506.4296875,2527.4921218487398,2499.40887605042,2513.45049894958,784500
2021-04-01 09:00:00+09:00,2483.61181640625,2520.4710730454944,2478.3462083149293,2492.3878298917843,557500
2021-04-02 09:00:00+09:00,2459.0390625,2497.6535231531047,2448.507845958244,2487.122306611349,454000
2021-04-05 09:00:00+09:00,2448.50830078125,2481.8571593581987,2446.7530976982525,2476.5915501092068,412000
2021-04-06 09:00:00+09:00,2443.242431640625,2483.6120982553766,2434.466417159157,2464.3048663961476,615500
2021-04-07 09:00:00+09:00,2466.0595703125,2471.325177935943,2450.2627474421706,2450.2627474421706,426000
2021-04-08 09:00:00+09:00,2395.85205078125,2460.7945605826467,2395.85205078125,2457.284154647436,697500
2021-04-09 09:00:00+09:00,2385.320556640625,2399.3621787547713,2364.2581234694053,2390.5861649334297,602500
2021-04-12 09:00:00+09:00,2367.768310546875,2402.87236259353,2367.768310546875,2395.851552184199,410500
2021-04-13 09:00:00+09:00,2376.54443359375,2387.0756496953472,2355.482001390556,2362.502812124954,669500
2021-04-14 09:00:00+09:00,2366.013427734375,2383.5654561300307,2355.482210696982,2355.482210696982,612000
2021-04-15 09:00:00+09:00,2390.58642578125,2402.8728464717556,2374.789599179171,2374.789599179171,371500
2021-04-16 09:00:00+09:00,2378.2998046875,2395.8518327663746,2367.7685878401753,2390.5862243427123,404000
2021-04-19 09:00:00+09:00,2374.789306640625,2399.36214499463,2373.034103901053,2378.2997121197686,501000
2021-04-20 09:00:00+09:00,2304.58154296875,2366.0136480745427,2301.0711369627047,2366.0136480745427,869000
2021-04-21 09:00:00+09:00,2271.232421875,2288.7844498647605,2253.6803938852395,2271.232421875,912500
2021-04-22 09:00:00+09:00,2281.763671875,2302.8261057692307,2267.722049278846,2292.2948888221154,744000
2021-04-23 09:00:00+09:00,2267.72216796875,2283.51899421621,2257.190950470443,2276.4981825506725,757500
2021-04-26 09:00:00+09:00,2251.9248046875,2288.7840571414654,2246.6591971940766,2287.0288546436573,575500
2021-04-27 09:00:00+09:00,2237.884033203125,2253.680861672794,2222.087204733456,2250.170455346201,725000
2021-04-28 09:00:00+09:00,2208.045166015625,2251.9252368823904,2204.5347603462837,2243.149222709037,965500
2021-04-30 09:00:00+09:00,2215.065673828125,2232.6176997697107,2209.800066045649,2216.8208764222836,1081500
2021-05-06 09:00:00+09:00,2232.617919921875,2276.4979891027297,2232.617919921875,2246.6595420597487,1084500
2021-05-07 09:00:00+09:00,2260.70166015625,2287.0297074406785,2246.660034937888,2253.6808475470693,1372000
2021-05-10 09:00:00+09:00,2283.5185546875,2288.784162423136,2243.148895380957,2257.1905160093197,1867500
2021-05-11 09:00:00+09:00,2257.190673828125,2292.2947278534457,2255.435471126859,2290.5395251521795,1717500
2021-05-12 09:00:00+09:00,2251.9248046875,2271.2320321633865,2239.638387202845,2257.1904121809234,3236000
2021-05-13 09:00:00+09:00,2238.40966796875,2259.6100752423295,2231.3428655442235,2241.9430691810135,1731000
2021-05-14 09:00:00+09:00,2282.57763671875,2291.4111415048133,2238.4101127884337,2245.476916617284,979000
2021-05-17 09:00:00+09:00,2273.744140625,2296.711253156566,2257.8438319493007,2296.711253156566,893500
2021-05-18 09:00:00+09:00,2291.410888671875,2307.3111955323584,2268.443778762288,2289.644187909599,790500
2021-05-19 09:00:00+09:00,2279.044189453125,2284.344292219295,2256.077077466388,2273.744086686955,706500
2021-05-20 09:00:00+09:00,2321.445068359375,2324.978470289907,2270.2107403666646,2273.744142297196,832000
2021-05-21 09:00:00+09:00,2333.811767578125,2360.312279700511,2317.9114603046937,2333.811767578125,829000
2021-05-24 09:00:00+09:00,2319.678466796875,2339.112178247572,2310.8449615920126,2337.3454772065998,447500
2021-05-25 09:00:00+09:00,2332.04541015625,2335.57881229285,2310.844997336648,2326.7453069513494,425000
2021-05-26 09:00:00+09:00,2390.34619140625,2395.6462938262193,2337.345167206555,2349.7120728531504,735000
2021-05-27 09:00:00+09:00,2377.9794921875,2392.1130998676635,2358.545781627275,2385.046296027582,2690500
2021-05-28 09:00:00+09:00,2362.0791015625,2388.5796150430065,2356.7789988663985,2385.0462132456055,698000
2021-05-31 09:00:00+09:00,2349.711669921875,2397.412583521793,2344.411568410773,2377.9788779810856,477000
2021-06-01 09:00:00+09:00,2300.24462890625,2346.1788534466205,2282.577619467646,2330.278544951877,622000
2021-06-02 09:00:00+09:00,2333.811767578125,2337.3451691944433,2275.5106409088758,2298.4777514149437,564000
2021-06-03 09:00:00+09:00,2370.912109375,2374.445510432191,2344.411601446069,2344.411601446069,501500
2021-06-04 09:00:00+09:00,2406.24658203125,2411.546684634843,2367.379162938234,2374.4459664096917,585500
2021-06-07 09:00:00+09:00,2404.479736328125,2415.0799408968014,2393.8795317594486,2415.0799408968014,366500
2021-06-08 09:00:00+09:00,2423.913330078125,2434.513534145522,2395.646119231733,2418.6132280444267,446500
2021-06-09 09:00:00+09:00,2423.913330078125,2450.413840246618,2422.1466294002257,2423.913330078125,367500
2021-06-10 09:00:00+09:00,2402.712890625,2425.6799991383273,2395.6460880055147,2415.0797952090993,460500
2021-06-11 09:00:00+09:00,2416.846923828125,2425.6804286666784,2397.4132131833085,2422.147026731257,579500
2021-06-14 09:00:00+09:00,2445.114013671875,2445.114013671875,2418.6135005179167,2441.580611918014,391000
2021-06-15 09:00:00+09:00,2501.648193359375,2503.4148940608998,2445.1137709105756,2452.1805737166756,790500
2021-06-16 09:00:00+09:00,2512.2490234375,2524.615931429105,2492.8153108792635,2510.482322295842,637500
2021-06-17 09:00:00+09:00,2483.9814453125,2489.281547969639,2450.414128483953,2459.247632912518,730000
2021-06-18 09:00:00+09:00,2506.94873046875,2519.315637525326,2478.6815143394338,2505.1820294606678,1158500
2021-06-21 09:00:00+09:00,2438.04736328125,2483.981588966259,2430.98055932971,2475.148084026834,799500
2021-06-22 09:00:00+09:00,2483.9814453125,2503.4151550553433,2461.014333798231,2483.9814453125,1386500
2021-06-23 09:00:00+09:00,2333.811767578125,2362.07898050867,2261.3770344436034,2291.4109481823075,2350000
2021-06-24 09:00:00+09:00,2282.57763671875,2332.0452635207043,2234.8767108740085,2332.0452635207043,2149000
2021-06-25 09:00:00+09:00,2268.44384765625,2305.544564790815,2259.6103435765917,2298.477761527088,981500
2021-06-28 09:00:00+09:00,2293.177734375,2296.7111361228813,2259.6104177701272,2293.177734375,776500
2021-06-29 09:00:00+09:00,2323.21142578125,2324.9781264852663,2270.210404660765,2277.27720747683,910000
2021-06-30 09:00:00+09:00,2280.810546875,2330.2781652425447,2271.9770435950813,2309.0777573707396,1173000
2021-07-01 09:00:00+09:00,2372.67919921875,2377.97930167419,2286.110859113226,2298.4777648425866,1521000
2021-07-02 09:00:00+09:00,2307.31103515625,2362.07875498002,2300.2442325983443,2349.711850503685,790500
2021-07-05 09:00:00+09:00,2286.11083984375,2314.3780527011686,2282.5774382365726,2305.5445486832255,605500
2021-07-06 09:00:00+09:00,2250.777099609375,2294.944625111914,2243.710295528969,2294.944625111914,615000
2021-07-07 09:00:00+09:00,2238.40966796875,2263.1434764545925,2220.742661907434,2261.376775848461,704500
2021-07-08 09:00:00+09:00,2215.4423828125,2271.9767976849084,2215.4423828125,2238.409488854416,869000
2021-07-09 09:00:00+09:00,2197.77587890625,2201.309280640826,2164.2085624277784,2178.342169366082,989500
2021-07-12 09:00:00+09:00,2217.20947265625,2240.176582731574,2211.9093703311755,2236.643181181524,666000
2021-07-13 09:00:00+09:00,2252.5439453125,2268.4442555147057,2210.1431181066177,2217.2099226409314,1499000
2021-07-14 09:00:00+09:00,2266.6767578125,2280.810361914215,2256.076554736214,2261.3766562743567,700000
2021-07-15 09:00:00+09:00,2247.243408203125,2282.577424055375,2243.7100066179,2273.7439200923127,619500
2021-07-16 09:00:00+09:00,2238.40966796875,2249.00987160554,2213.6758594829075,2215.442560089039,530000
2021-07-19 09:00:00+09:00,2247.243408203125,2252.5435105809624,2222.50959710655,2224.2762978991623,392000
2021-07-20 09:00:00+09:00,2259.610107421875,2268.4436105783325,2224.276094796044,2233.109597952502,501500
2021-07-21 09:00:00+09:00,2282.57763671875,2291.4111415048133,2254.3104214033474,2259.6105242749854,442500
2021-07-26 09:00:00+09:00,2298.4775390625,2309.0777429321192,2293.17743712769,2305.5443416422463,357000
2021-07-27 09:00:00+09:00,2316.144775390625,2324.978279492039,2302.0111688283637,2312.6113737500596,436500
2021-07-28 09:00:00+09:00,2270.21044921875,2310.8445662086574,2254.3101425705254,2305.5444639925827,510500
2021-07-29 09:00:00+09:00,2261.376953125,2286.1107635498047,2247.2433471679688,2268.4437561035156,490500
2021-07-30 09:00:00+09:00,2280.810546875,2296.7108527788537,2259.610139003195,2266.67694162713,665500
2021-08-02 09:00:00+09:00,2302.0107421875,2312.610945144618,2286.1104377518227,2296.710640708941,554000
2021-08-03 09:00:00+09:00,2293.177734375,2310.844743114407,2280.8108282574153,2287.877631753178,369500
2021-08-04 09:00:00+09:00,2317.91162109375,2328.51182667802,2293.177808063786,2293.177808063786,507000
2021-08-05 09:00:00+09:00,2339.11181640625,2347.945320244642,2307.311202588038,2307.311202588038,573500
2021-08-06 09:00:00+09:00,2303.77783203125,2332.04504469421,2300.24443044838,2326.744942319905,363000
2021-08-10 09:00:00+09:00,2340.87841796875,2340.87841796875,2303.777703419811,2312.6112068838443,479000
2021-08-11 09:00:00+09:00,2362.0791015625,2372.6793069547025,2351.478896170297,2362.0791015625,485000
2021-08-12 09:00:00+09:00,2386.812744140625,2392.1128464592202,2356.77883100192,2374.44583873057,531000
2021-08-13 09:00:00+09:00,2468.081298828125,2468.081298828125,2413.313567787558,2415.0802687888668,897000
2021-08-16 09:00:00+09:00,2381.5126953125,2466.314334314726,2379.7459944999537,2466.314334314726,488000
2021-08-17 09:00:00+09:00,2386.812744140625,2411.546554960735,2383.2793425948953,2411.546554960735,597500
2021-08-18 09:00:00+09:00,2438.04736328125,2455.7143731600995,2411.5468484629755,2416.8469514266303,571000
2021-08-19 09:00:00+09:00,2427.447021484375,2446.880731263362,2422.1469188173787,2434.51382504037,290500
2021-08-20 09:00:00+09:00,2505.181396484375,2510.4814981694617,2434.5133740165506,2438.046775139942,888500
2021-08-23 09:00:00+09:00,2496.3486328125,2514.0156436604298,2476.914920879777,2505.182138236465,474000
2021-08-24 09:00:00+09:00,2533.44921875,2545.816125675558,2498.115198962692,2524.615713803173,1005500
2021-08-25 09:00:00+09:00,2529.915771484375,2538.749276273077,2514.0154628647106,2522.848967653413,441000
2021-08-26 09:00:00+09:00,2517.548828125,2538.7492393092107,2501.6485197368424,2538.7492393092107,271500
2021-08-27 09:00:00+09:00,2494.581298828125,2519.3151077400184,2473.380891189359,2514.015005830327,427500
2021-08-30 09:00:00+09:00,2512.2490234375,2512.2490234375,2468.081494896053,2492.8153108792635,435500
2021-08-31 09:00:00+09:00,2446.880859375,2485.74828096796,2422.1470456340253,2478.6814770419674,1245000
2021-09-01 09:00:00+09:00,2452.180419921875,2468.0807252383715,2420.3798092888824,2441.5802163775443,718000
2021-09-02 09:00:00+09:00,2450.414306640625,2478.6815228671935,2422.147090414057,2423.9137914282173,749500
2021-09-03 09:00:00+09:00,2441.580810546875,2445.1142125881875,2395.6465840098135,2411.54689319572,987500
2021-09-06 09:00:00+09:00,2445.114013671875,2453.9475180565278,2429.2137057795,2443.347312794944,469000
2021-09-07 09:00:00+09:00,2501.648193359375,2517.5484996730997,2462.780777925825,2466.314179328875,593000
2021-09-08 09:00:00+09:00,2483.9814453125,2483.9814453125,2455.714231141092,2461.014333798231,753000
2021-09-09 09:00:00+09:00,2453.947509765625,2489.2815271848563,2446.8807062817787,2489.2815271848563,666000
2021-09-10 09:00:00+09:00,2510.48193359375,2510.48193359375,2438.0471980009675,2441.580599737201,798500
2021-09-13 09:00:00+09:00,2489.28173828125,2506.948748489066,2452.181016844837,2506.948748489066,568500
2021-09-14 09:00:00+09:00,2508.715087890625,2514.0151901889853,2491.0480802294232,2492.8147809955435,569000
2021-09-15 09:00:00+09:00,2494.581298828125,2514.015005830327,2475.147591825923,2503.414802010944,689000
2021-09-16 09:00:00+09:00,2489.28173828125,2501.648645426721,2455.7144188864,2496.3485423643765,676500
2021-09-17 09:00:00+09:00,2480.447998046875,2487.514801460114,2448.6473826873,2476.9145963402557,1276500
2021-09-21 09:00:00+09:00,2473.38134765625,2483.98155343192,2448.6475341796877,2453.9476370675225,907000
2021-09-22 09:00:00+09:00,2522.848876953125,2577.616604674096,2475.147952809053,2508.715269799326,1727500
2021-09-24 09:00:00+09:00,2475.147705078125,2521.0819237305386,2452.1805957519186,2506.9483179913345,1341500
2021-09-27 09:00:00+09:00,2526.38232421875,2565.249744591346,2512.248716810533,2512.248716810533,997000
2021-09-28 09:00:00+09:00,2466.31396484375,2503.414676349279,2448.6469593649263,2499.8812752535146,691000
2021-09-29 09:00:00+09:00,2441.580810546875,2461.0145217740933,2418.6136972783443,2452.1810166708124,816500
2021-09-30 09:00:00+09:00,2430.980224609375,2464.547538757324,2420.3800201416016,2434.513626098633,696000
2021-10-01 09:00:00+09:00,2392.11279296875,2411.5465010357043,2370.9123841684363,2400.9462966355472,699500
2021-10-04 09:00:00+09:00,2416.846923828125,2429.2138306020993,2386.813007377045,2390.3464093124658,443500
2021-10-05 09:00:00+09:00,2416.846923828125,2457.481046085469,2408.013418989572,2420.3803257635464,808500
2021-10-06 09:00:00+09:00,2438.04736328125,2461.0144761237543,2406.2467454993207,2423.91375537817,600000
2021-10-07 09:00:00+09:00,2434.513671875,2459.2474827648766,2432.746971097152,2455.71408120918,400500
2021-10-08 09:00:00+09:00,2459.24755859375,2468.081062755365,2427.4469436119343,2445.113951935165,528500
2021-10-11 09:00:00+09:00,2478.68115234375,2480.447853093817,2438.047035092213,2453.9473418428142,589000
2021-10-12 09:00:00+09:00,2436.2802734375,2478.6810903791243,2423.9133684961926,2464.547484731916,659000
2021-10-13 09:00:00+09:00,2416.846923828125,2429.2138306020993,2399.179914151019,2411.5468209249934,437000
2021-10-14 09:00:00+09:00,2436.2802734375,2448.647178378807,2392.1127557899745,2415.0798649666876,426500
2021-10-15 09:00:00+09:00,2471.614501953125,2471.614501953125,2439.813886488396,2455.7141942207604,451500
2021-10-18 09:00:00+09:00,2429.21337890625,2475.1475955255682,2420.379875710227,2475.1475955255682,489000
2021-10-19 09:00:00+09:00,2446.880859375,2459.247766245487,2430.980550541516,2446.880859375,635500
2021-10-20 09:00:00+09:00,2446.880859375,2464.547869189982,2443.3474574120037,2464.547869189982,436500
2021-10-21 09:00:00+09:00,2432.7470703125,2459.2475830610024,2427.4469677627994,2448.6473779616013,476000
2021-10-22 09:00:00+09:00,2438.04736328125,2453.947672172215,2432.747260317595,2438.04736328125,428000
2021-10-25 09:00:00+09:00,2408.01318359375,2423.913490748808,2379.7459708736474,2423.913490748808,573000
2021-10-26 09:00:00+09:00,2457.480712890625,2462.7808150751484,2422.1466983271366,2434.5136034243574,667000
2021-10-27 09:00:00+09:00,2480.447998046875,2485.748100606804,2453.947485247229,2457.4808869538483,356000
2021-10-28 09:00:00+09:00,2489.28173828125,2501.648645426721,2468.081326031871,2485.748336239687,491500
2021-10-29 09:00:00+09:00,2482.21435546875,2498.114660948621,2438.046840246886,2494.581259730872,607000
2021-11-01 09:00:00+09:00,2512.2490234375,2522.849230287447,2485.748506312632,2519.3158280041316,498000
2021-11-02 09:00:00+09:00,2487.514404296875,2505.1814100092106,2473.3807997270064,2496.347907153043,652500
2021-11-04 09:00:00+09:00,2501.648193359375,2510.4816968669998,2482.2144856426003,2501.648193359375,896500
2021-11-05 09:00:00+09:00,2542.28271484375,2547.5828177933895,2496.3484892802076,2510.482097145913,863000
2021-11-08 09:00:00+09:00,2514.01513671875,2544.0490491040055,2510.481735261661,2544.0490491040055,481500
2021-11-09 09:00:00+09:00,2533.44921875,2551.1162286436543,2521.082311824442,2526.3824147925384,521000
2021-11-10 09:00:00+09:00,2551.1162109375,2570.5499216856388,2529.9157992122578,2542.282706051982,666000
2021-11-11 09:00:00+09:00,2547.58251953125,2567.0162280713635,2531.6822125438844,2558.1827241894935,974000
2021-11-12 09:00:00+09:00,2533.98876953125,2581.9675190244784,2530.4347880873074,2549.981686028993,682500
2021-11-15 09:00:00+09:00,2542.87353515625,2553.535478699882,2533.988582203223,2542.87353515625,392500
2021-11-16 09:00:00+09:00,2560.6435546875,2567.751517365328,2532.2117039761883,2539.3196666540166,586000
2021-11-17 09:00:00+09:00,2446.916259765625,2516.2188989311003,2436.254315278629,2516.2188989311003,1272500
2021-11-18 09:00:00+09:00,2429.14599609375,2468.23978681362,2422.0380341446826,2454.0238629154856,541000
2021-11-19 09:00:00+09:00,2482.45654296875,2484.233534051763,2420.261855063305,2432.7007926443944,1247000
2021-11-22 09:00:00+09:00,2533.98876953125,2551.7586767509642,2477.1250664281647,2482.4560385940786,930000
2021-11-24 09:00:00+09:00,2471.793701171875,2548.2042900650385,2466.462729853747,2528.6573952319036,967500
2021-11-25 09:00:00+09:00,2452.247314453125,2482.4561581818953,2452.247314453125,2482.4561581818953,417500
2021-11-26 09:00:00+09:00,2446.916259765625,2473.571120983115,2425.5923707916327,2454.0242227569556,752000
2021-11-29 09:00:00+09:00,2354.51220703125,2436.2537628979953,2352.7352166863207,2434.476772553066,1114500
2021-11-30 09:00:00+09:00,2274.547607421875,2382.944016838074,2274.547607421875,2372.2820749282837,6025500
2021-12-01 09:00:00+09:00,2148.381591796875,2270.9939407083593,2148.381591796875,2267.4399595804903,1905000
2021-12-02 09:00:00+09:00,2127.057861328125,2166.1516566073387,2118.1729078555763,2146.604758967732,1045500
2021-12-03 09:00:00+09:00,2144.82763671875,2151.935599060817,2084.4099568111797,2116.3957873504814,747500
2021-12-06 09:00:00+09:00,2178.590576171875,2189.2525202640704,2137.719790485127,2144.827753213257,897500
2021-12-07 09:00:00+09:00,2203.46826171875,2208.7992333196826,2175.0364131804436,2199.9142806514615,747500
2021-12-08 09:00:00+09:00,2175.036376953125,2233.677063586665,2169.705405440985,2224.7921110664315,849500
2021-12-09 09:00:00+09:00,2146.604736328125,2189.2525125465645,2146.604736328125,2175.036587140418,489500
2021-12-10 09:00:00+09:00,2121.72705078125,2176.8137665050513,2119.95005995145,2171.482794015651,774500
2021-12-13 09:00:00+09:00,2071.971435546875,2130.612136552919,2055.978517090681,2130.612136552919,944500
2021-12-14 09:00:00+09:00,2089.74072265625,2100.402665118782,2075.5247993728744,2084.4097514249843,543500
2021-12-15 09:00:00+09:00,2114.618896484375,2123.503849830948,2066.640148412881,2066.640148412881,582000
2021-12-16 09:00:00+09:00,2125.280517578125,2144.827411970566,2116.3955655815607,2132.3884791753762,709000
2021-12-17 09:00:00+09:00,2119.94970703125,2139.4966029049665,2118.172716497276,2118.172716497276,714000
2021-12-20 09:00:00+09:00,2125.280517578125,2137.719450373315,2102.1796423870583,2102.1796423870583,777500
2021-12-21 09:00:00+09:00,2135.942626953125,2182.1443809471193,2123.503693185511,2128.834664800203,983500
2021-12-22 09:00:00+09:00,2022.2156982421875,2068.417462876895,1984.898888344924,2063.0864900344286,2013500
2021-12-23 09:00:00+09:00,1972.45947265625,2054.2010363879504,1954.6895674971847,2029.323169165259,1409000
2021-12-24 09:00:00+09:00,1938.6968994140625,1984.8986587034901,1938.6968994140625,1976.013704993985,556500
2021-12-27 09:00:00+09:00,1933.3658447265625,1958.243714052088,1924.4808913960178,1952.9127420537613,575000
2021-12-28 09:00:00+09:00,1947.581787109375,1961.7977125627283,1933.365861656022,1945.804796427706,692500
2021-12-29 09:00:00+09:00,1984.8985595703125,2000.8914754486766,1952.912727813584,1963.5746717324935,864500
2021-12-30 09:00:00+09:00,1961.7974853515625,1993.783313917077,1960.0204948757007,1965.3514663032863,587000
2022-01-04 09:00:00+09:00,2000.8916015625,2009.776555388266,1979.5677123806615,1990.2296569715807,703500
2022-01-05 09:00:00+09:00,1968.9053955078125,2007.9991849493033,1954.6894720745431,1986.6752997993992,1111000
2022-01-06 09:00:00+09:00,1977.79052734375,2000.8914050216194,1960.0206214376965,1965.3515932095124,617500
2022-01-07 09:00:00+09:00,1952.91259765625,1967.1285219340025,1924.480749100745,1963.5745408645644,722000
2022-01-11 09:00:00+09:00,1897.8260498046875,1958.2437330381701,1878.2791522879727,1954.6897516714948,1214500
2022-01-12 09:00:00+09:00,1919.14990234375,1942.2507807978877,1892.4950425889758,1897.8260145399306,910500
2022-01-13 09:00:00+09:00,1890.718017578125,1906.710933140346,1869.3941301618304,1906.710933140346,725500
2022-01-14 09:00:00+09:00,1832.0772705078125,1899.6029119038328,1826.746298818653,1881.8330062733012,849500
2022-01-17 09:00:00+09:00,1837.408447265625,1842.7394195497614,1817.8615488904588,1824.969511935974,571000
2022-01-18 09:00:00+09:00,1789.4295654296875,1835.631321836015,1785.8755841676623,1835.631321836015,1275500
2022-01-19 09:00:00+09:00,1707.6878662109375,1780.5444765279494,1704.1338852198637,1776.9904955368756,1522500
2022-01-20 09:00:00+09:00,1729.0118408203125,1753.8897090335543,1718.3498973003516,1725.4578596469921,1404500
2022-01-21 09:00:00+09:00,1711.241943359375,1721.9038869317076,1698.8030091916537,1714.7959245501524,891000
2022-01-24 09:00:00+09:00,1714.7960205078125,1727.2349553715997,1681.0331973061043,1713.0190298129858,920500
2022-01-25 09:00:00+09:00,1700.580078125,1713.0190128657262,1681.0331806752874,1713.0190128657262,905500
2022-01-26 09:00:00+09:00,1672.1483154296875,1702.3571585352186,1670.3713246587738,1688.1412323679099,778500
2022-01-27 09:00:00+09:00,1613.5074462890625,1670.3711448366948,1602.8455028113815,1666.8171636774678,1465500
2022-01-28 09:00:00+09:00,1627.723388671875,1659.7092194536367,1625.9463980728883,1640.1623228647825,956000
2022-01-31 09:00:00+09:00,1640.162353515625,1652.6012879409873,1615.2844846649004,1627.7234190902627,775000
2022-02-01 09:00:00+09:00,1624.16943359375,1672.1481805379856,1620.6154523386215,1656.1552648899071,1049000
2022-02-02 09:00:00+09:00,1634.8314208984375,1638.3854022482167,1617.0615141495416,1620.6154954993208,1414000
2022-02-03 09:00:00+09:00,1604.62255859375,1650.8243155410782,1592.1836240310076,1641.9393622819766,1401500
2022-02-04 09:00:00+09:00,1636.6082763671875,1636.6082763671875,1597.514484749296,1597.514484749296,1394000
2022-02-07 09:00:00+09:00,1620.615478515625,1631.277422453228,1609.9535345780223,1615.2845065468236,928000
2022-02-08 09:00:00+09:00,1657.932373046875,1668.5943175680768,1629.5005209903368,1641.9394562650723,1521000
2022-02-09 09:00:00+09:00,1661.486083984375,1684.5869600183823,1636.6082174862133,1670.371036305147,1732500
2022-02-10 09:00:00+09:00,1615.2843017578125,1656.1550816702766,1609.9533304648826,1652.601100808323,2401000
2022-02-14 09:00:00+09:00,1634.8314208984375,1638.3854022482167,1604.6225794253144,1609.953551449983,1403500
2022-02-15 09:00:00+09:00,1670.37109375,1670.37109375,1627.723321143617,1640.1622548204787,2067000
2022-02-16 09:00:00+09:00,1659.709228515625,1679.2561252112052,1631.2773787765993,1675.7021439938271,1626500
2022-02-17 09:00:00+09:00,1620.615478515625,1654.3783009847004,1611.7305252342894,1650.8243196721662,1270000
2022-02-18 09:00:00+09:00,1624.16943359375,1633.0543867315714,1585.0756397873358,1601.0685554354145,1345000
2022-02-21 09:00:00+09:00,1634.8314208984375,1638.3854022482167,1592.183644701087,1597.5146167257558,1466000
2022-02-22 09:00:00+09:00,1629.5003662109375,1636.6083285499165,1599.2915262702766,1613.5074509482347,1181000
2022-02-24 09:00:00+09:00,1656.1552734375,1657.9322640742355,1613.5074981558478,1617.0614794293188,1498000
2022-02-25 09:00:00+09:00,1613.5074462890625,1665.0401730978542,1601.068512231768,1659.7092013590136,1200500
2022-02-28 09:00:00+09:00,1633.0543212890625,1636.6083024017698,1595.7375196056344,1627.7233496200013,1413000
2022-03-01 09:00:00+09:00,1633.0543212890625,1656.1551985216606,1627.7233496200013,1643.7162646271847,780000
2022-03-02 09:00:00+09:00,1666.817138671875,1681.0330630955157,1622.3923748479979,1622.3923748479979,1937500
2022-03-03 09:00:00+09:00,1684.5872802734375,1721.9040871149377,1673.9253354615803,1688.14126187739,1459500
2022-03-04 09:00:00+09:00,1645.4932861328125,1677.4791167487851,1641.93930495326,1665.0401826203513,1472000
2022-03-07 09:00:00+09:00,1659.709228515625,1666.8171909503815,1618.8384445157756,1629.5003881679102,1928000
2022-03-08 09:00:00+09:00,1631.27734375,1659.7091928785403,1624.169381467865,1645.4932683142702,1569000
2022-03-09 09:00:00+09:00,1647.270263671875,1654.3782259746663,1620.6154050364078,1638.3853107933858,1128000
2022-03-10 09:00:00+09:00,1663.2633056640625,1677.479231353499,1627.7234914404714,1631.2774728628306,1606500
2022-03-11 09:00:00+09:00,1553.08984375,1650.8243304848397,1544.204890410469,1643.7163678132151,2045000
2022-03-14 09:00:00+09:00,1478.4561767578125,1551.3127912374644,1469.571223772489,1547.758810043335,2075000
2022-03-15 09:00:00+09:00,1515.7730712890625,1524.6580248136172,1467.794322256466,1474.90228507611,2089500
2022-03-16 09:00:00+09:00,1544.2047119140625,1570.8595688515895,1537.0967500640554,1542.4277214515607,1703500
2022-03-17 09:00:00+09:00,1554.8668212890625,1577.9676997767858,1547.7588586774555,1570.8597371651786,1520500
2022-03-18 09:00:00+09:00,1508.6649169921875,1560.1976408941584,1506.8879265128091,1554.8666694560236,1861000
2022-03-22 09:00:00+09:00,1499.7801513671875,1533.542974679956,1492.6721885644995,1513.9960769725637,2387500
2022-03-23 09:00:00+09:00,1528.2120361328125,1569.0828231456667,1474.9023139421329,1492.672221339026,3124000
2022-03-24 09:00:00+09:00,1485.56396484375,1521.1037726151317,1457.1321186266448,1515.7728014494244,2129500
2022-03-25 09:00:00+09:00,1494.4493408203125,1501.557304391396,1464.2404956432074,1496.2263317130833,1410000
2022-03-28 09:00:00+09:00,1437.58544921875,1483.7872065484007,1432.2544772191748,1476.6792438823006,1979500
2022-03-29 09:00:00+09:00,1416.2613525390625,1432.2542661812852,1387.8295060639998,1423.369314157828,3660500
2022-03-30 09:00:00+09:00,1412.70751953125,1460.6862654775944,1405.5995571688286,1451.8013125245675,2032000
2022-03-31 09:00:00+09:00,1378.94482421875,1426.923574545949,1378.94482421875,1400.2687132530605,1771000
2022-04-01 09:00:00+09:00,1334.52001953125,1364.728861517976,1320.3040938904378,1361.1748801077729,2183000
2022-04-04 09:00:00+09:00,1336.2969970703125,1357.6208853214346,1322.0810715695645,1339.8509784454995,2038000
2022-04-05 09:00:00+09:00,1329.18896484375,1354.0668331697025,1307.8650777072191,1352.2898425749916,2630500
2022-04-06 09:00:00+09:00,1275.879150390625,1343.4047878764798,1274.1021599304709,1334.5198355757095,2419000
2022-04-07 09:00:00+09:00,1235.0084228515625,1279.4331862634892,1226.1234701691772,1275.879205190535,2308000
2022-04-08 09:00:00+09:00,1240.3394775390625,1268.7713280270639,1229.677533606062,1243.8934588500626,2497500
2022-04-11 09:00:00+09:00,1217.2384033203125,1265.2171433052008,1213.6844225806913,1243.8932588674727,2571000
2022-04-12 09:00:00+09:00,1178.1446533203125,1224.346404430913,1167.4827107563278,1213.6844618669284,2883000
2022-04-13 09:00:00+09:00,1220.7926025390625,1227.9005652903816,1188.8067701581263,1195.9147329094455,2968500
2022-04-14 09:00:00+09:00,1231.4544677734375,1254.555345235277,1224.346505477487,1224.346505477487,2606000
2022-04-15 09:00:00+09:00,1203.022705078125,1231.4545563059685,1197.6917329729044,1226.123584200748,1940000
2022-04-18 09:00:00+09:00,1167.48291015625,1199.4687433112158,1162.1519379637557,1199.4687433112158,1416000
2022-04-19 09:00:00+09:00,1128.38916015625,1178.1449026513287,1126.6121693528544,1163.9289762241635,2728000
2022-04-20 09:00:00+09:00,1149.7130126953125,1165.7059294097758,1123.05815150454,1144.382040457158,2492000
2022-04-21 09:00:00+09:00,1197.6915283203125,1213.6844419032248,1155.04375876588,1155.04375876588,2944000
2022-04-22 09:00:00+09:00,1172.8138427734375,1183.4757867986507,1160.3749080773557,1176.3678241151752,2297000
2022-04-25 09:00:00+09:00,1160.3748779296875,1171.036821677893,1146.1589529320804,1155.0439060555848,2136500
2022-04-26 09:00:00+09:00,1153.2667236328125,1172.8136172537077,1142.6047816577789,1165.7056559370185,2891500
2022-04-27 09:00:00+09:00,1167.48291015625,1176.3678638104072,1144.3820306554414,1160.3749472329243,2740000
2022-04-28 09:00:00+09:00,1181.69873046875,1185.252711613017,1153.2668813146147,1162.151834175282,2924000
2022-05-02 09:00:00+09:00,1181.69873046875,1190.5836833294172,1153.2668813146147,1183.4757210408834,2957000
2022-05-06 09:00:00+09:00,1181.69873046875,1199.4686361900847,1171.0367870359494,1187.0297021851504,4305000
2022-05-09 09:00:00+09:00,1142.6051025390625,1183.4758915878938,1140.8281117108525,1179.9219099314737,3576500
2022-05-10 09:00:00+09:00,1195.9144287109375,1195.9144287109375,1124.8348192778951,1147.935692343634,4599500
2022-05-11 09:00:00+09:00,1199.46875,1211.9076851851853,1169.2599074074074,1187.029814814815,6641500
2022-05-12 09:00:00+09:00,1155.1170654296875,1182.1057819116895,1149.719322133287,1182.1057819116895,4738500
2022-05-13 09:00:00+09:00,1198.2991943359375,1198.2991943359375,1155.1172413868949,1155.1172413868949,3177500
2022-05-16 09:00:00+09:00,1205.49609375,1210.8938374533582,1176.7081273320896,1205.49609375,3145500
2022-05-17 09:00:00+09:00,1223.488525390625,1257.6742341883041,1216.2915340647978,1219.8900297277114,3457000
2022-05-18 09:00:00+09:00,1221.689453125,1245.079678295287,1200.098476044735,1219.890205034978,2537000
2022-05-19 09:00:00+09:00,1237.8826904296875,1243.280434719352,1194.7007361123729,1194.7007361123729,2450000
2022-05-20 09:00:00+09:00,1223.488525390625,1237.8825080422794,1212.6930384018842,1232.484764547909,3795500
2022-05-23 09:00:00+09:00,1241.481201171875,1245.0796974071557,1205.496238819067,1205.496238819067,2443000
2022-05-24 09:00:00+09:00,1221.689453125,1234.2841897551546,1207.2954684048232,1232.4849416651325,2621000
2022-05-25 09:00:00+09:00,1216.291748046875,1234.2842295268583,1201.8977628628884,1225.2879887868667,2415000
2022-05-26 09:00:00+09:00,1225.287841796875,1234.284081457645,1201.897618678873,1205.496114543181,2525000
2022-05-27 09:00:00+09:00,1214.492431640625,1234.28416015625,1207.295439453125,1228.886416015625,2955000
2022-05-30 09:00:00+09:00,1252.2764892578125,1264.8712240635664,1210.893789181764,1212.6930370111575,4251000
2022-05-31 09:00:00+09:00,1266.6702880859375,1270.2687832225452,1221.6890988783402,1241.480822129683,20136500
2022-06-01 09:00:00+09:00,1295.4586181640625,1309.85260281033,1257.6744084676106,1261.2729046291774,3217500
2022-06-02 09:00:00+09:00,1264.871337890625,1272.0683298558633,1246.8788579775294,1268.4698338732442,2589000
2022-06-03 09:00:00+09:00,1236.083251953125,1270.2689605224252,1234.284004133688,1263.0719692446778,2461500
2022-06-06 09:00:00+09:00,1214.492431640625,1237.88265625,1214.492431640625,1234.28416015625,1571000
2022-06-07 09:00:00+09:00,1212.6929931640625,1227.0869752787696,1209.0944976353858,1214.4922409284009,1921000
2022-06-08 09:00:00+09:00,1214.492431640625,1227.08716796875,1209.0946875,1210.8939355468751,1639500
2022-06-09 09:00:00+09:00,1212.6929931640625,1218.0907364570776,1192.9012677563405,1201.8975065780323,2468000
2022-06-10 09:00:00+09:00,1207.2952880859375,1210.8937837285184,1185.7043142304512,1203.6967924433563,1984500
2022-06-13 09:00:00+09:00,1221.689453125,1232.4849416651325,1207.2954684048232,1207.2954684048232,2068000
2022-06-14 09:00:00+09:00,1201.8978271484375,1214.4925648580768,1189.3030894387982,1203.6970753926716,2429500
2022-06-15 09:00:00+09:00,1147.920166015625,1194.7006116526254,1147.920166015625,1187.5036200161637,2433500
2022-06-16 09:00:00+09:00,1147.920166015625,1173.1096367432406,1144.3216701973943,1165.9126451067789,2213500
2022-06-17 09:00:00+09:00,1158.7156982421875,1160.5149462208244,1120.9314906908119,1137.1247224985443,3696500
2022-06-20 09:00:00+09:00,1171.310302734375,1185.7042849492368,1164.113311626944,1169.5110549575172,1694000
2022-06-21 09:00:00+09:00,1162.3140869140625,1198.2990431652718,1153.3178478512602,1178.5073172271068,2263500
2022-06-22 09:00:00+09:00,1246.8787841796875,1261.272767258241,1171.3103730172822,1194.7005955199315,5957500
2022-06-23 09:00:00+09:00,1306.25390625,1324.2463842975208,1243.2802330836778,1245.0794808884298,5685500
2022-06-24 09:00:00+09:00,1342.2388916015625,1351.235130821412,1313.4509260980437,1313.4509260980437,3655500
2022-06-27 09:00:00+09:00,1340.439697265625,1367.4284160025168,1324.2464660234898,1345.8374410130034,2748000
2022-06-28 09:00:00+09:00,1327.8450927734375,1335.0420851461931,1315.250356121115,1331.4435889598153,2159000
2022-06-29 09:00:00+09:00,1331.443603515625,1331.443603515625,1284.6631525812923,1299.0571374841638,3040500
2022-06-30 09:00:00+09:00,1326.045654296875,1342.2388848106766,1317.0494151225407,1338.640389140943,1764500
2022-07-01 09:00:00+09:00,1295.4586181640625,1329.6443316989476,1291.8601220024957,1326.0458355373805,2261000
2022-07-04 09:00:00+09:00,1331.443603515625,1336.841347854202,1300.8563855970228,1320.6481148384714,1565000
2022-07-05 09:00:00+09:00,1309.8525390625,1327.8450189946773,1302.6555470896292,1322.4472750150242,1410000
2022-07-06 09:00:00+09:00,1358.432373046875,1358.432373046875,1315.2504168175703,1322.4474095224543,2230500
2022-07-07 09:00:00+09:00,1371.027099609375,1371.027099609375,1326.0458955539493,1340.4398808516855,2153000
2022-07-08 09:00:00+09:00,1353.0345458984375,1376.4247707610434,1349.4360497657287,1371.0270265619804,1803000
2022-07-11 09:00:00+09:00,1358.432373046875,1367.42861392798,1335.0421467560016,1365.629365751759,1717500
2022-07-12 09:00:00+09:00,1340.439697265625,1374.6254076656878,1333.2427056024537,1360.2314243393457,1664500
2022-07-13 09:00:00+09:00,1338.6405029296875,1353.0344868321572,1327.8450150028352,1349.4359908565398,1493000
2022-07-14 09:00:00+09:00,1367.428466796875,1367.428466796875,1327.8450111790708,1335.0420031095807,1779500
2022-07-15 09:00:00+09:00,1376.4246826171875,1399.814905981924,1367.4284428615197,1374.625434666054,1609500
2022-07-19 09:00:00+09:00,1362.0306396484375,1383.621614121068,1344.0381609212454,1380.0231183756296,1616000
2022-07-20 09:00:00+09:00,1376.4246826171875,1380.0231785194546,1358.4322031058516,1362.0306990081187,1208000
2022-07-21 09:00:00+09:00,1407.011962890625,1408.8112109250121,1380.0232423748203,1381.8224904092071,1359000
2022-07-22 09:00:00+09:00,1425.00439453125,1426.803642504143,1408.811162775213,1410.610410748106,1423000
2022-07-25 09:00:00+09:00,1398.0155029296875,1434.0004579600527,1394.417007426651,1426.8034669539798,1386500
2022-07-26 09:00:00+09:00,1383.621826171875,1387.220322468811,1353.0346076479193,1376.424833578003,1423000
2022-07-27 09:00:00+09:00,1369.227783203125,1385.4210158559872,1362.030790912964,1381.8225197109068,969000
2022-07-28 09:00:00+09:00,1363.829833984375,1374.6253207969162,1345.8373559634729,1369.2275773906456,1412000
2022-07-29 09:00:00+09:00,1363.829833984375,1378.2238164010967,1354.833594973924,1367.4283295885555,1453500
2022-08-01 09:00:00+09:00,1376.4246826171875,1376.4246826171875,1351.2352113013173,1367.4284428615197,1361000
2022-08-02 09:00:00+09:00,1354.833740234375,1380.0232121643635,1349.4359962493775,1378.2239641693643,1373500
2022-08-03 09:00:00+09:00,1358.432373046875,1362.030869399317,1342.2391394608858,1351.2353803419908,996000
2022-08-04 09:00:00+09:00,1363.829833984375,1381.8223120052771,1347.6366037655632,1381.8223120052771,826500
2022-08-05 09:00:00+09:00,1374.625244140625,1389.019225754663,1367.428253333606,1367.428253333606,1091000
2022-08-08 09:00:00+09:00,1387.2200927734375,1389.0193406239866,1369.2276142679455,1376.4246056701422,1221000
2022-08-09 09:00:00+09:00,1367.428466796875,1399.8149304841695,1362.0307228489926,1392.6179385536595,1227000
2022-08-10 09:00:00+09:00,1387.2200927734375,1387.2200927734375,1356.632879314101,1358.4321271646502,1005000
2022-08-12 09:00:00+09:00,1387.2200927734375,1403.4133234283804,1381.8223492217899,1383.621597072339,1248500
2022-08-15 09:00:00+09:00,1412.40966796875,1417.8074119227708,1394.4171881220143,1398.0156840913614,1274000
2022-08-16 09:00:00+09:00,1428.602783203125,1432.2012788786997,1421.405791851976,1426.8035353653377,889000
2022-08-17 09:00:00+09:00,1441.1976318359375,1441.1976318359375,1421.405904057916,1430.4021439570165,1101500
2022-08-18 09:00:00+09:00,1407.011962890625,1432.2014353720429,1399.814970753077,1425.0044432344948,1480000
2022-08-19 09:00:00+09:00,1412.40966796875,1423.2051558767914,1408.8111719994029,1412.40966796875,970000
2022-08-22 09:00:00+09:00,1423.205078125,1423.205078125,1399.814855602086,1403.413351374842,809000
2022-08-23 09:00:00+09:00,1430.402099609375,1430.402099609375,1412.4096203690056,1423.2051079132273,930000
2022-08-24 09:00:00+09:00,1412.40966796875,1437.59913975418,1408.8111719994029,1426.8036518461386,818000
2022-08-25 09:00:00+09:00,1408.8111572265625,1417.8073970555954,1401.614165363336,1412.4096531581756,786000
2022-08-26 09:00:00+09:00,1403.413330078125,1425.0043043870194,1403.413330078125,1405.2125779371995,793500
2022-08-29 09:00:00+09:00,1390.818603515625,1392.6178513856323,1369.2276290755378,1385.4208599056033,955500
2022-08-30 09:00:00+09:00,1401.6141357421875,1401.6141357421875,1387.2201523199315,1394.4171440310595,488000
2022-08-31 09:00:00+09:00,1394.4171142578125,1403.413353704637,1381.8223790322581,1399.8148579259073,994500
2022-09-01 09:00:00+09:00,1425.00439453125,1425.00439453125,1390.8186830462832,1394.4171789920692,1320500
2022-09-02 09:00:00+09:00,1430.402099609375,1441.1975871535967,1423.2051079132273,1432.201347533412,1253000
2022-09-05 09:00:00+09:00,1378.223876953125,1417.8073303382016,1378.223876953125,1417.8073303382016,1105000
2022-09-06 09:00:00+09:00,1358.432373046875,1374.6256066328642,1344.0383876371068,1374.6256066328642,1397500
2022-09-07 09:00:00+09:00,1383.621826171875,1383.621826171875,1333.2428780147716,1345.8376150540475,1161000
2022-09-08 09:00:00+09:00,1416.008056640625,1416.008056640625,1380.0230996739,1394.41708246059,1326500
2022-09-09 09:00:00+09:00,1408.8111572265625,1419.606645021402,1398.015669431723,1401.614165363336,1255000
2022-09-12 09:00:00+09:00,1430.402099609375,1444.7960830016705,1410.6103724449686,1421.4058599891903,1200500
2022-09-13 09:00:00+09:00,1464.587890625,1469.9856346936426,1432.201426213145,1437.5991702817876,916000
2022-09-14 09:00:00+09:00,1442.9969482421875,1448.394692437607,1417.807475330229,1439.3984521119075,1751000
2022-09-15 09:00:00+09:00,1417.8072509765625,1437.5989765612608,1408.811012074427,1428.6027376591253,920000
2022-09-16 09:00:00+09:00,1446.5950927734375,1451.9928356569205,1405.2123973334014,1407.011644961229,1274500
2022-09-20 09:00:00+09:00,1462.7886962890625,1464.5879443779788,1435.799974955316,1439.3984711331489,1880500
2022-09-21 09:00:00+09:00,1532.959228515625,1556.3494514859337,1509.569005545316,1529.360732674039,4212500
2022-09-22 09:00:00+09:00,1469.985595703125,1516.7660430572025,1466.3870997528113,1511.3682991317319,2298500
2022-09-26 09:00:00+09:00,1484.37939453125,1491.5763855350378,1455.5914305160986,1466.3869170217804,2286000
2022-09-27 09:00:00+09:00,1525.7623291015625,1543.7548093975715,1478.9818803319392,1484.379624420742,2945500
2022-09-28 09:00:00+09:00,1469.985595703125,1500.572811280791,1462.7886038024976,1498.7735633056343,2443000
2022-09-29 09:00:00+09:00,1500.5728759765625,1505.9706201347515,1453.7924266055904,1469.9856590801578,1517500
2022-09-30 09:00:00+09:00,1527.5614013671875,1534.7583926574923,1493.3756927382399,1495.174940560816,1725500
2022-10-03 09:00:00+09:00,1477.1826171875,1509.5690813889312,1468.186377131547,1505.97058536655,2287000
2022-10-04 09:00:00+09:00,1567.1451416015625,1570.74363790834,1489.7774710058482,1491.5767191592367,2251000
2022-10-05 09:00:00+09:00,1588.7359619140625,1588.7359619140625,1550.9517544393227,1561.7472422892483,1851500
2022-10-06 09:00:00+09:00,1574.342041015625,1599.531513671875,1565.34580078125,1568.944296875,2120500
2022-10-07 09:00:00+09:00,1576.1412353515625,1579.739731322685,1558.148755495951,1561.7472514670735,1086500
2022-10-11 09:00:00+09:00,1552.7509765625,1586.9366875181056,1540.156240947277,1576.1411998479143,1394000
2022-10-12 09:00:00+09:00,1619.3231201171875,1630.1186075846356,1559.947939046224,1565.345682779948,2597000
2022-10-13 09:00:00+09:00,1594.1339111328125,1622.9218824399513,1590.53541471942,1612.1263931997742,1923500
2022-10-14 09:00:00+09:00,1599.53125,1615.724479752531,1592.3342589988752,1610.3267365016873,1815500
2022-10-17 09:00:00+09:00,1567.1451416015625,1608.5278491295028,1567.1451416015625,1606.728600976114,1364500
2022-10-18 09:00:00+09:00,1565.345703125,1586.9366783405171,1558.1487113864941,1581.538934536638,1427000
2022-10-19 09:00:00+09:00,1583.3380126953125,1619.3229675292969,1572.5425262451172,1579.739517211914,1758500
2022-10-20 09:00:00+09:00,1579.7396240234375,1585.1373676134947,1561.7471453899132,1572.5426325700278,1338000
2022-10-21 09:00:00+09:00,1561.7471923828125,1567.1449361352877,1541.9554652904037,1563.5464403003043,1049000
2022-10-24 09:00:00+09:00,1532.959228515625,1572.5426827730707,1518.565245149281,1568.9441869314846,1784000
2022-10-25 09:00:00+09:00,1516.7659912109375,1550.9517015703773,1513.167495383628,1550.9517015703773,899500
2022-10-26 09:00:00+09:00,1538.357177734375,1552.7511630231177,1520.3646961234467,1525.7624406067252,903000
2022-10-27 09:00:00+09:00,1550.9520263671875,1558.1490195289841,1531.1602951722466,1532.9595434626956,1011500
2022-10-28 09:00:00+09:00,1556.3494873046875,1567.144975077899,1529.3607678716583,1538.357007682668,2785000
2022-10-31 09:00:00+09:00,1556.3494873046875,1576.141214888909,1549.1524954558797,1565.3457271156972,1021000
2022-11-01 09:00:00+09:00,1559.9478759765625,1572.5426108460388,1552.7508846225762,1568.9441151690457,944000
2022-11-02 09:00:00+09:00,1567.1451416015625,1570.74363790834,1549.1526600676755,1549.1526600676755,1116500
2022-11-04 09:00:00+09:00,1543.754638671875,1556.3493734862143,1531.1599038575357,1556.3493734862143,928500
2022-11-07 09:00:00+09:00,1534.758544921875,1558.1487689359246,1534.758544921875,1554.5502729337632,808500
2022-11-08 09:00:00+09:00,1568.9442138671875,1577.9404536256004,1550.9517343503621,1554.5502302537272,1221000
2022-11-09 09:00:00+09:00,1568.9442138671875,1576.1412056739177,1561.7472220604575,1570.7434618188702,909500
2022-11-10 09:00:00+09:00,1561.7471923828125,1572.542679887763,1554.5502007128457,1558.148696547829,651500
2022-11-11 09:00:00+09:00,1565.345703125,1583.3381824712644,1550.9517196479885,1574.341942798132,2809500
2022-11-14 09:00:00+09:00,1630.359619140625,1637.6542930517687,1564.7075539403313,1570.1785593736893,2442500
2022-11-15 09:00:00+09:00,1663.185546875,1672.3038886890076,1641.3015265213817,1657.7145417865954,2340500
2022-11-16 09:00:00+09:00,1665.0091552734375,1670.4801601648069,1644.9488040050828,1663.1854869763145,1905500
2022-11-17 09:00:00+09:00,1701.4825439453125,1706.953548909767,1670.480182480071,1675.9511874445254,1985000
2022-11-18 09:00:00+09:00,1679.5985107421875,1697.8351938121352,1666.832832593224,1697.8351938121352,1465500
2022-11-21 09:00:00+09:00,1716.0718994140625,1719.7192360759416,1666.8328544786962,1674.127527802454,1102000
2022-11-22 09:00:00+09:00,1750.721435546875,1767.134449005127,1727.0137494405112,1727.0137494405112,1681000
2022-11-24 09:00:00+09:00,1756.1925048828125,1772.6055189471379,1728.8374814422702,1768.958182488399,1191000
2022-11-25 09:00:00+09:00,1747.07421875,1765.310901617954,1739.7795456028184,1761.6635650443632,629000
2022-11-28 09:00:00+09:00,1705.1298828125,1732.4849076704545,1685.06953125,1732.4849076704545,1575500
2022-11-29 09:00:00+09:00,1657.7144775390625,1688.7168385051395,1648.5961360784515,1686.8931702130174,1598000
2022-11-30 09:00:00+09:00,1617.5938720703125,1646.7725664932268,1617.5938720703125,1637.6542244860661,1889000
2022-12-01 09:00:00+09:00,1681.422119140625,1685.069455624661,1635.8304130901743,1635.8304130901743,1889500
2022-12-02 09:00:00+09:00,1655.8907470703125,1674.1274293067697,1644.9487377284383,1666.8327564121869,1179000
2022-12-05 09:00:00+09:00,1668.6563720703125,1670.4800402365095,1637.6540132449625,1650.419690408342,869500
2022-12-06 09:00:00+09:00,1685.069580078125,1692.3642535849567,1655.8908860507981,1665.0092279343378,974000
2022-12-07 09:00:00+09:00,1683.2457275390625,1706.9534138424297,1681.4220593618804,1692.3640684249729,841500
2022-12-08 09:00:00+09:00,1683.2457275390625,1692.3640684249729,1659.5380412356953,1685.0693957162446,709500
2022-12-09 09:00:00+09:00,1721.5428466796875,1727.013851489051,1685.0694812839315,1685.0694812839315,1136000
2022-12-12 09:00:00+09:00,1730.6611328125,1739.7794738705215,1701.482441426831,1714.248118908061,944500
2022-12-13 09:00:00+09:00,1681.422119140625,1737.955834643184,1681.422119140625,1732.48482991713,1454000
2022-12-14 09:00:00+09:00,1708.777099609375,1708.777099609375,1681.4220766700573,1681.4220766700573,1336500
2022-12-15 09:00:00+09:00,1714.2481689453125,1719.7191737398186,1696.011486296958,1705.1298276211353,1008500
2022-12-16 09:00:00+09:00,1701.4825439453125,1710.6008855527366,1686.8931973734343,1690.5405340164039,1515000
2022-12-19 09:00:00+09:00,1688.716796875,1696.011469863661,1668.6564461561825,1694.1878016164958,1319500
2022-12-20 09:00:00+09:00,1666.8328857421875,1694.187911219357,1650.4198704558858,1694.187911219357,1329000
2022-12-21 09:00:00+09:00,1727.0140380859375,1745.2507227542158,1654.0672994128252,1659.5383048133085,2984500
2022-12-22 09:00:00+09:00,1736.1322021484375,1736.1322021484375,1696.0114999979482,1730.6611973097345,1494500
2022-12-23 09:00:00+09:00,1789.0185546875,1789.0185546875,1741.6031801494012,1745.2505166523317,1852000
2022-12-26 09:00:00+09:00,1810.902587890625,1830.9629388138846,1796.313241764618,1821.8445974851302,1342000
2022-12-27 09:00:00+09:00,1911.2044677734375,1918.4991413145574,1825.4920536652776,1827.3157220505575,2539000
2022-12-28 09:00:00+09:00,1885.6729736328125,1892.9676466449318,1851.0232768252463,1883.849305379783,1627500
2022-12-29 09:00:00+09:00,1821.8447265625,1882.025783596096,1820.0210581675426,1882.025783596096,1599000
2022-12-30 09:00:00+09:00,1860.1417236328125,1863.7890603458181,1812.7263463637407,1825.49202485926,1210500
2023-01-04 09:00:00+09:00,1798.1368408203125,1856.4942230781726,1798.1368408203125,1856.4942230781726,1780500
2023-01-05 09:00:00+09:00,1799.960693359375,1812.7263720356827,1768.9583308597707,1794.489688212386,1349000
2023-01-06 09:00:00+09:00,1805.4315185546875,1814.549859557489,1779.9001637468434,1803.6078503541273,1167500
2023-01-10 09:00:00+09:00,1796.313232421875,1829.1392610346606,1783.547554628014,1812.7262467282678,1174000
2023-01-11 09:00:00+09:00,1761.6634521484375,1805.4314882266594,1761.6634521484375,1798.1368155469559,1516000
2023-01-12 09:00:00+09:00,1756.1925048828125,1787.1948647820939,1739.7794908184871,1761.663509570921,2092500
2023-01-13 09:00:00+09:00,1754.368896484375,1776.2529159831406,1737.955881860301,1739.7795501518647,1183500
2023-01-16 09:00:00+09:00,1732.48486328125,1758.0162191611842,1725.1901901726974,1750.7215460526315,1163000
2023-01-17 09:00:00+09:00,1710.600830078125,1732.484849226246,1697.835152241721,1732.484849226246,1548500
2023-01-18 09:00:00+09:00,1683.2457275390625,1727.0137637914324,1679.5983911846984,1721.5427592598862,2178000
2023-01-19 09:00:00+09:00,1725.1903076171875,1725.1903076171875,1672.303923979874,1683.2459343875942,1348500
2023-01-20 09:00:00+09:00,1719.7191162109375,1750.721475676034,1703.3061023764747,1708.7771069879623,1287500
2023-01-23 09:00:00+09:00,1745.2506103515625,1747.0742787009372,1723.3665901590664,1737.9559369540639,1183500
2023-01-24 09:00:00+09:00,1736.1322021484375,1761.6635580623852,1719.7191876323284,1750.7215483849789,1107000
2023-01-25 09:00:00+09:00,1752.545166015625,1756.1925024693517,1727.013810839539,1728.8374790664022,1028500
2023-01-26 09:00:00+09:00,1712.424560546875,1754.3689321044662,1710.6008922182841,1750.7215954472845,1092500
2023-01-27 09:00:00+09:00,1734.3084716796875,1734.3084716796875,1712.4244531095967,1719.7191259662936,1224500
2023-01-30 09:00:00+09:00,1736.1322021484375,1743.4268752667083,1717.8955193527606,1736.1322021484375,4992500
2023-01-31 09:00:00+09:00,1741.6031494140625,1758.0161633875982,1737.955812975499,1743.4268176333442,1028500
2023-02-01 09:00:00+09:00,1770.7818603515625,1798.1368839409274,1745.2505050014884,1750.7215097193614,1472500
2023-02-02 09:00:00+09:00,1748.89794921875,1789.018652954738,1743.4269441638426,1781.7239795481946,888000
2023-02-03 09:00:00+09:00,1712.424560546875,1741.6032538043298,1696.0115455895568,1737.9559171471478,1129500
2023-02-06 09:00:00+09:00,1706.9534912109375,1723.3665055495042,1692.3641451322117,1717.895500769982,853500
2023-02-07 09:00:00+09:00,1725.1903076171875,1736.1323180249074,1719.7193024133276,1728.8376444197609,683500
2023-02-08 09:00:00+09:00,1723.366455078125,1741.6031371424438,1719.7191186652612,1723.366455078125,841500
2023-02-09 09:00:00+09:00,1683.2457275390625,1719.7190910827042,1683.2457275390625,1717.895422905522,968000
2023-02-10 09:00:00+09:00,1677.77490234375,1690.5405809485394,1657.7145502505095,1674.1275655995246,1032000
2023-02-13 09:00:00+09:00,1681.422119140625,1690.5404603507152,1663.1854367204446,1679.5984508986069,934500
2023-02-14 09:00:00+09:00,1721.5428466796875,1723.3665149494755,1690.540486093295,1692.3641543630827,854000
2023-02-15 09:00:00+09:00,1701.4825439453125,1728.8375687675846,1696.0115389808582,1723.36656380313,713500
2023-02-16 09:00:00+09:00,1717.8956298828125,1732.484977058038,1710.6009562951997,1717.8956298828125,708500
2023-02-17 09:00:00+09:00,1716.0718994140625,1719.7192360759416,1696.0115477737281,1705.1298894284255,529000
2023-02-20 09:00:00+09:00,1730.6611328125,1741.603142082126,1719.719123542874,1723.3664599660826,572000
2023-02-21 09:00:00+09:00,1710.600830078125,1737.9558540132762,1708.7771618157815,1732.484849226246,444500
2023-02-22 09:00:00+09:00,1699.6588134765625,1703.3061499861687,1685.069467438137,1699.6588134765625,743500
2023-02-24 09:00:00+09:00,1737.9559326171875,1743.4269376516593,1705.129902410357,1708.7772391000049,1208000
2023-02-27 09:00:00+09:00,1728.83740234375,1741.6030793652756,1706.9533845925632,1736.132074927479,805500
2023-02-28 09:00:00+09:00,1748.89794921875,1758.016290976929,1725.1902606474844,1752.5452859220215,1220000
2023-03-01 09:00:00+09:00,1634.006591796875,1710.6006507873535,1630.359255654471,1710.6006507873535,3241000
2023-03-02 09:00:00+09:00,1568.3546142578125,1621.2409907851109,1564.707277945585,1619.4173226289972,2366000
2023-03-03 09:00:00+09:00,1597.533447265625,1606.651788859607,1564.7074175272903,1577.473095758865,1608000
2023-03-06 09:00:00+09:00,1613.9464111328125,1615.7700793939796,1588.4150554764742,1608.4754063493115,1030000
2023-03-07 09:00:00+09:00,1590.23876953125,1619.417462550172,1584.7677645902022,1608.4754526680763,1297000
2023-03-08 09:00:00+09:00,1615.77001953125,1621.2410241120556,1582.9439920464165,1592.0623330144258,1336000
2023-03-09 09:00:00+09:00,1617.5938720703125,1630.3595508803376,1610.299198464584,1628.5358824789055,1260500
2023-03-10 09:00:00+09:00,1593.8861083984375,1610.2991232446457,1581.12043018472,1595.7097767146827,1237500
2023-03-13 09:00:00+09:00,1581.120361328125,1595.709707222733,1573.825688380821,1582.944029564951,774500
2023-03-14 09:00:00+09:00,1557.4127197265625,1579.2967392074977,1551.9417148563286,1566.531061176952,1074500
2023-03-15 09:00:00+09:00,1544.64697265625,1573.825663993322,1539.1759680305488,1557.4126501162189,1086000
2023-03-16 09:00:00+09:00,1544.64697265625,1557.4126501162189,1522.762954153446,1522.762954153446,1018500
2023-03-17 09:00:00+09:00,1559.236328125,1559.236328125,1540.9996459247077,1542.823314144737,1061000
2023-03-20 09:00:00+09:00,1524.586669921875,1557.412698700097,1524.586669921875,1550.11802563827,1303500
2023-03-22 09:00:00+09:00,1555.5889892578125,1568.3546667780995,1522.7629613485035,1539.175975303158,1730500
2023-03-23 09:00:00+09:00,1544.64697265625,1550.117977281951,1524.5866223620128,1546.470640864817,1554500
2023-03-24 09:00:00+09:00,1544.64697265625,1568.354659367621,1520.939285944879,1553.7653136990848,2759000
2023-03-27 09:00:00+09:00,1572.002197265625,1577.4732025925355,1542.8235021887688,1551.9418444002863,1672500
2023-03-28 09:00:00+09:00,1599.3570556640625,1606.651728665951,1570.1783636565083,1572.0020319069804,1469000
2023-03-29 09:00:00+09:00,1604.828125,1604.828125,1581.1204367897728,1597.5334517045455,1762500
2023-03-30 09:00:00+09:00,1608.475341796875,1621.2410191127233,1593.8859962930485,1608.475341796875,1235500
2023-03-31 09:00:00+09:00,1613.9464111328125,1617.5937476551467,1601.1807333046434,1613.9464111328125,1459500
2023-04-03 09:00:00+09:00,1606.6517333984375,1632.1830889802516,1603.0043968867499,1626.71208421272,1168000
2023-04-04 09:00:00+09:00,1603.0045166015625,1621.2412005219444,1599.3571798174862,1610.2991901697153,987500
2023-04-05 09:00:00+09:00,1595.7098388671875,1612.1228543526786,1584.7678285435268,1603.0045124162948,1391500
2023-04-06 09:00:00+09:00,1575.6495361328125,1593.886220578794,1555.5891832422326,1588.4152152449997,1677000
2023-04-07 09:00:00+09:00,1557.4127197265625,1572.002066047186,1551.9417148563286,1561.0600563067183,1104000
2023-04-10 09:00:00+09:00,1570.178466796875,1579.2968086481924,1564.7074616860846,1566.531130056348,705500
2023-04-11 09:00:00+09:00,1572.002197265625,1597.5335554578742,1572.002197265625,1581.1205394771425,1020000
2023-04-12 09:00:00+09:00,1586.5914306640625,1593.886103908495,1573.8257524863056,1575.6494207974138,836000
2023-04-13 09:00:00+09:00,1597.533447265625,1597.533447265625,1581.1204323964575,1586.5914373528467,718500
2023-04-14 09:00:00+09:00,1613.9464111328125,1617.5937476551467,1599.3570650434765,1612.1227428716456,948000
2023-04-17 09:00:00+09:00,1597.533447265625,1619.4174670911816,1592.0624423092358,1619.4174670911816,678500
2023-04-18 09:00:00+09:00,1621.240966796875,1623.0646349260055,1604.827953634702,1608.4752898929626,914500
2023-04-19 09:00:00+09:00,1593.8861083984375,1617.593796509627,1593.8861083984375,1613.9464598771362,860000
2023-04-20 09:00:00+09:00,1599.3570556640625,1606.651728665951,1593.8860509126462,1595.7097191631183,692500
2023-04-21 09:00:00+09:00,1599.3570556640625,1613.9464016678396,1595.7097191631183,1613.9464016678396,1074500
2023-04-24 09:00:00+09:00,1588.4150390625,1606.6517214857204,1586.5913708201779,1606.6517214857204,713000
2023-04-25 09:00:00+09:00,1604.828125,1610.299129971591,1588.4151100852273,1595.7097833806818,958500
2023-04-26 09:00:00+09:00,1582.944091796875,1604.828111499136,1582.944091796875,1599.3571065735707,1255000
2023-04-27 09:00:00+09:00,1586.5914306640625,1601.1807771529275,1572.0020841751975,1577.473089108522,1187000
2023-04-28 09:00:00+09:00,1621.240966796875,1630.3593074425269,1606.6516217638323,1613.9462942803536,3470000
2023-05-01 09:00:00+09:00,1641.301513671875,1648.5961870659721,1628.5358352322048,1630.359503580729,1609000
2023-05-02 09:00:00+09:00,1637.654052734375,1655.890734836094,1630.3593798936872,1650.4197302055784,2608000
2023-05-08 09:00:00+09:00,1661.3616943359375,1672.3037032997306,1646.77234905088,1650.4196853721442,3858000
2023-05-09 09:00:00+09:00,1661.3616943359375,1670.4800351390984,1654.0670216934086,1665.009030657202,1971500
2023-05-10 09:00:00+09:00,1661.3616943359375,1675.951039620995,1654.0670216934086,1655.8906898540408,2395500
2023-05-11 09:00:00+09:00,1641.301513671875,1665.0092022026909,1637.6541769748262,1648.5961870659721,8025000
2023-05-12 09:00:00+09:00,1679.014404296875,1680.8676210786598,1634.537201534044,1640.096851879398,4126000
2023-05-15 09:00:00+09:00,1673.45458984375,1684.5738894440406,1658.6288570433624,1679.0142396438953,1458500
2023-05-16 09:00:00+09:00,1799.473388671875,1803.1798220162043,1719.7850717687952,1729.0511551296183,3928000
2023-05-17 09:00:00+09:00,1814.29931640625,1814.29931640625,1764.2624608975996,1797.6203645700332,1765500
2023-05-18 09:00:00+09:00,1842.09765625,1845.804090165996,1797.6204492580484,1825.4187036280182,1883000
2023-05-19 09:00:00+09:00,1869.895751953125,1875.4554023553642,1842.0974999419288,1843.9507167426752,1520500
2023-05-22 09:00:00+09:00,1890.28125,1899.5473345588236,1873.6022977941177,1875.4555147058825,1132500
2023-05-23 09:00:00+09:00,1871.7489013671875,1906.960019313699,1858.7763842289992,1897.6939356435644,1408500
2023-05-24 09:00:00+09:00,1840.244140625,1856.9230905400302,1830.978057338872,1851.3634405683536,1344000
2023-05-25 09:00:00+09:00,1840.244140625,1856.9230905400302,1830.978057338872,1832.8312739960977,1096000
2023-05-26 09:00:00+09:00,1823.5653076171875,1836.5378250494234,1814.2992237370188,1830.9781747213224,1311500
2023-05-29 09:00:00+09:00,1803.179931640625,1832.831400197922,1803.179931640625,1832.831400197922,1292500
2023-05-30 09:00:00+09:00,1803.179931640625,1816.1524491344423,1788.3541973619765,1795.7670645013006,1106000
2023-05-31 09:00:00+09:00,1786.5009765625,1799.4734940271655,1767.9688087558352,1780.9413262205005,1659000
2023-06-01 09:00:00+09:00,1827.2716064453125,1829.1248230847095,1779.087973820994,1786.5008403785814,1060500
2023-06-02 09:00:00+09:00,1827.2716064453125,1843.9505561998844,1808.739440051344,1814.2990899695344,1056500
2023-06-05 09:00:00+09:00,1835.2406005859375,1851.9195520237583,1821.5268639372232,1845.989235556924,1616500
2023-06-06 09:00:00+09:00,1847.842529296875,1853.2169035617574,1835.2406769749316,1842.097602140387,919000
2023-06-07 09:00:00+09:00,1829.125,1862.4829027355622,1828.939723562687,1847.2865022004194,1337000
2023-06-08 09:00:00+09:00,1835.2406005859375,1847.6571759452577,1825.6038504662542,1835.2406005859375,729000
2023-06-09 09:00:00+09:00,1837.8349609375,1851.7340857104798,1828.1982118059605,1844.5064955839835,1011500
2023-06-12 09:00:00+09:00,1835.05517578125,1843.7653167834947,1824.1211521448238,1838.3909431768373,743000
2023-06-13 09:00:00+09:00,1840.244140625,1846.1744565503955,1819.8587573955185,1836.722983731724,768500
2023-06-14 09:00:00+09:00,1899.54736328125,1902.32718869093,1835.7966553080373,1847.2866229569913,1783500
2023-06-15 09:00:00+09:00,1931.0518798828125,1942.1711805347288,1902.3270198653618,1905.106845028341,1947000
2023-06-16 09:00:00+09:00,1987.574951171875,1995.9144264914773,1944.0243578361742,1944.950966205019,2660000
2023-06-19 09:00:00+09:00,1979.235595703125,2026.492625375812,1964.4098609038508,2001.4741979020366,1949000
2023-06-20 09:00:00+09:00,1990.35498046875,1991.2815889326555,1954.2172503764402,1979.2356789018854,867000
2023-06-21 09:00:00+09:00,2020.0064697265625,2025.5661205606723,1992.2082155560133,1999.6210833348264,1383500
2023-06-22 09:00:00+09:00,2009.8135986328125,2028.3457664394775,1999.6209063391468,2019.0796825361451,1320500
2023-06-23 09:00:00+09:00,1965.3363037109375,2018.1529794825187,1951.43717850789,1999.620812545122,2184000
2023-06-26 09:00:00+09:00,2019.07958984375,2051.51088201655,1961.6298722805043,2020.9328065393386,3264000
2023-06-27 09:00:00+09:00,1953.29052734375,2023.7127664699954,1943.0978348386357,2001.4741646406546,1610500
2023-06-28 09:00:00+09:00,2006.107177734375,2006.107177734375,1967.1896250947243,1968.1162334909066,1924000
2023-06-29 09:00:00+09:00,1997.767333984375,2013.5196738163484,1984.7948188286323,2003.3269833368363,1326000
2023-06-30 09:00:00+09:00,1983.8685302734375,2011.6667815150083,1970.8960130273713,2010.7401731402892,1115500
2023-07-03 09:00:00+09:00,2017.2265625,2024.639429978181,1984.7952672829583,1992.2081347611393,955500
2023-07-04 09:00:00+09:00,2009.8135986328125,2017.2264657554786,1989.4282140454811,1989.4282140454811,697000
2023-07-05 09:00:00+09:00,2025.5662841796875,2037.6121952932904,2000.5478534052816,2008.8873303300834,872500
2023-07-06 09:00:00+09:00,1974.6026611328125,2025.5661272812426,1974.6026611328125,2025.5661272812426,812500
2023-07-07 09:00:00+09:00,1982.015380859375,1992.2080733275625,1953.2905202672102,1953.2905202672102,1063500
2023-07-10 09:00:00+09:00,1994.0615234375,2014.446910758887,1983.8688297768065,1992.2083064082829,1344500
2023-07-11 09:00:00+09:00,2000.547607421875,2014.446733920869,1985.7218724896147,2005.1806495882063,1317500
2023-07-12 09:00:00+09:00,2005.1806640625,2017.2265737819143,2001.4742303026803,2001.4742303026803,940500
2023-07-13 09:00:00+09:00,1998.6944580078125,2022.7862780857927,1998.6944580078125,2019.0798442276418,934500
2023-07-14 09:00:00+09:00,1991.2813720703125,2028.345706590002,1989.4281553443282,2020.006231323072,897500
2023-07-18 09:00:00+09:00,2008.8870849609375,2020.932994603231,1990.3549162804861,1994.0613500165764,612000
2023-07-19 09:00:00+09:00,2033.9053955078125,2033.9053955078125,2010.7401859917782,2023.7127033207573,794500
2023-07-20 09:00:00+09:00,1982.015380859375,2036.685276825108,1967.1896463601931,2036.685276825108,1092000
2023-07-21 09:00:00+09:00,1982.015380859375,1997.7677237647558,1974.6025136097842,1984.7952060779717,598000
2023-07-24 09:00:00+09:00,1995.914306640625,2009.8134313386795,1987.5748318217923,2001.4739565198468,497500
2023-07-25 09:00:00+09:00,1944.0244140625,1998.694309405535,1936.6115468973428,1996.8410926142458,1257000
2023-07-26 09:00:00+09:00,1968.1162109375,1973.675861250883,1940.3179593705863,1944.0243929128414,672000
2023-07-27 09:00:00+09:00,1988.5015869140625,1991.2814120588632,1955.1436851764547,1959.7767270844558,543500
2023-07-28 09:00:00+09:00,1996.8408203125,2001.4738616589327,1958.8498812717519,1974.602221849623,691000
2023-07-31 09:00:00+09:00,2022.7861328125,2025.5659580064705,2005.180573250687,2011.6668320366182,783000
2023-08-01 09:00:00+09:00,2032.978759765625,2045.9512769200091,2027.4191095566034,2039.465018342817,569000
2023-08-02 09:00:00+09:00,1972.749267578125,2022.7861207717458,1941.2445822339932,2011.6668200620522,1313000
2023-08-03 09:00:00+09:00,1944.9508056640625,1964.4095798036267,1942.1709807869818,1949.5838471258635,927500
2023-08-04 09:00:00+09:00,1965.3363037109375,1970.8959537921567,1943.0977033860613,1949.5839618141504,561500
2023-08-07 09:00:00+09:00,1983.8685302734375,1988.5015721470327,1962.5565376549,1966.262971153776,637500
2023-08-08 09:00:00+09:00,2012.593505859375,2013.520114287487,2000.5475962939183,2000.5475962939183,437000
2023-08-09 09:00:00+09:00,1985.7216796875,2012.5933216431406,1985.7216796875,2012.5933216431406,846000
2023-08-10 09:00:00+09:00,2021.8592529296875,2023.7124694768277,1986.6481385340285,1996.8408295432982,871000
2023-08-14 09:00:00+09:00,2026.4923095703125,2052.437341425808,2022.7858764480986,2023.712484728652,814500
2023-08-15 09:00:00+09:00,2023.712646484375,2041.3182052221052,2014.446562938201,2038.5383801582532,700500
2023-08-16 09:00:00+09:00,2027.4188232421875,2041.3179468018918,2007.033442021288,2019.079349106365,509000
2023-08-17 09:00:00+09:00,2011.6668701171875,2045.951381491824,2001.4741775463494,2042.244947829701,984500
2023-08-18 09:00:00+09:00,1959.7767333984375,1989.428201705175,1955.1436914755097,1982.941943013076,1247000
2023-08-21 09:00:00+09:00,1970.895751953125,1979.2352262209097,1956.9966281734837,1962.5562776853403,811000
2023-08-22 09:00:00+09:00,1985.7216796875,1990.3547214039897,1969.969337851435,1983.8684630009043,496500
2023-08-23 09:00:00+09:00,1974.6026611328125,1984.7953543624985,1967.1897933294044,1973.6760526573864,591000
2023-08-24 09:00:00+09:00,1992.2078857421875,1997.7675356558866,1972.7491110442404,1977.3821526389897,747500
2023-08-25 09:00:00+09:00,1978.308837890625,1985.7217047304962,1963.4831042108826,1976.455621180657,656000
2023-08-28 09:00:00+09:00,1954.216796875,1992.2077350788288,1933.8314153997746,1992.2077350788288,661500
2023-08-29 09:00:00+09:00,1982.015380859375,1985.7218144841704,1954.217128673409,1956.0703454858067,452500
2023-08-30 09:00:00+09:00,1968.1162109375,1990.3548121910312,1968.1162109375,1982.9419451065207,453500
2023-08-31 09:00:00+09:00,1975.52880859375,1983.8682829264628,1964.4095094834663,1964.4095094834663,541500
2023-09-01 09:00:00+09:00,1975.52880859375,1982.0150664080822,1957.923251669134,1973.6755920753694,776000
2023-09-04 09:00:00+09:00,1968.1162109375,1976.4556864075741,1957.9235186962983,1973.675861250883,624500
2023-09-05 09:00:00+09:00,1965.3363037109375,1975.528995526506,1958.8500452828487,1964.4096953640678,513500
2023-09-06 09:00:00+09:00,1982.94189453125,1984.7951112551111,1958.8500771210572,1965.3363356545708,664000
2023-09-07 09:00:00+09:00,1988.5015869140625,2000.5474958748653,1969.0428109004579,1970.8960276636585,729000
2023-09-08 09:00:00+09:00,1985.7216796875,2007.0336715833528,1982.9418546576062,1983.8684630009043,910500
2023-09-11 09:00:00+09:00,1964.4097900390625,1994.9878669594818,1942.1711886423939,1985.7217830442032,544000
2023-09-12 09:00:00+09:00,1982.015380859375,1983.8685976717727,1964.4098211415965,1964.4098211415965,458500
2023-09-13 09:00:00+09:00,2005.1806640625,2015.3733569020044,1990.3549290232208,1993.134754343086,849500
2023-09-14 09:00:00+09:00,1988.5015869140625,2013.5200132172683,1979.2355030980605,2007.0337545460668,685500
2023-09-15 09:00:00+09:00,1990.35498046875,2001.4742820356146,1981.0888958296962,1994.9880227882768,817000
2023-09-19 09:00:00+09:00,1920.8592529296875,1966.2630654687875,1901.4004761272158,1964.409848630457,2012000
2023-09-20 09:00:00+09:00,1908.813232421875,1931.051833187955,1902.3269738651015,1915.2994909786482,1986500
2023-09-21 09:00:00+09:00,1840.8001708984375,1897.6939476142247,1830.236812825576,1877.3085634113374,3257000
2023-09-22 09:00:00+09:00,1826.901123046875,1848.0278400916175,1816.7084305116953,1830.23689070884,2022500
2023-09-25 09:00:00+09:00,1885.6478271484375,1893.9873015682585,1833.7577640917727,1834.1284300215927,1144000
2023-09-26 09:00:00+09:00,1881.0150146484375,1910.6664828596445,1879.161797885237,1887.501273319639,1313500
2023-09-27 09:00:00+09:00,1899.54736328125,1902.32718869093,1855.070156726372,1862.4830244855184,1255500
2023-09-28 09:00:00+09:00,1875.4554443359375,1890.281179073771,1864.3361432825625,1890.281179073771,1100500
2023-09-29 09:00:00+09:00,1861.55615234375,1888.427794164541,1850.4368522799746,1868.0424107142858,1333500
2023-10-02 09:00:00+09:00,1869.895751953125,1887.501311560216,1851.7342499280855,1872.6755771542446,1231500
2023-10-03 09:00:00+09:00,1889.3543701171875,1902.326886635893,1869.8955953391292,1886.5745451488933,1270500
2023-10-04 09:00:00+09:00,1913.4461669921875,1933.8315498850825,1873.602009519711,1881.0148760262182,1965500
2023-10-05 09:00:00+09:00,1955.1439208984375,1955.1439208984375,1914.3731471924987,1914.3731471924987,1193000
2023-10-06 09:00:00+09:00,1970.895751953125,1992.2077417485748,1962.5562776853403,1962.5562776853403,1081000
2023-10-10 09:00:00+09:00,2013.519775390625,2018.152816751395,1969.9691865993875,1970.8957948715415,978000
2023-10-11 09:00:00+09:00,1987.574951171875,2022.7860691879735,1986.6483428030303,2015.373202237216,1507000
2023-10-12 09:00:00+09:00,1964.4097900390625,1991.2814333933704,1959.7767480814232,1982.9419578696197,1185000
2023-10-13 09:00:00+09:00,1925.4923095703125,1969.0429056000548,1918.0794421609946,1951.437345502925,1518500
2023-10-16 09:00:00+09:00,1932.905029296875,1948.6573713381247,1908.8132120573166,1913.4462538341547,1132500
2023-10-17 09:00:00+09:00,1953.29052734375,1969.9694787157555,1938.4647927908563,1938.4647927908563,815000
2023-10-18 09:00:00+09:00,1930.125244140625,1951.4372367547558,1886.574650537836,1950.5106283802284,1360000
2023-10-19 09:00:00+09:00,1951.4371337890625,1969.9693003017792,1931.0517506250742,1931.9783589507101,749500
2023-10-20 09:00:00+09:00,1951.4371337890625,1959.7766087197851,1930.1251422994385,1932.9049672763458,748000
2023-10-23 09:00:00+09:00,1951.4371337890625,1967.1894753248716,1943.09765885834,1949.5839171377909,495500
2023-10-24 09:00:00+09:00,1966.262939453125,1973.6758063313648,1945.8775555379652,1949.5839889770853,524000
2023-10-25 09:00:00+09:00,1974.6026611328125,1994.9880475921846,1946.8044068700324,1955.1438831488663,691000
2023-10-26 09:00:00+09:00,1968.1162109375,1992.2080289621588,1959.7767354674259,1975.5290780220105,551500
2023-10-27 09:00:00+09:00,1989.4283447265625,1993.1347785313628,1961.6300911905603,1971.8227841537612,480000
2023-10-30 09:00:00+09:00,1979.235595703125,1990.354896802581,1963.483252478896,1968.1162946036693,635500
2023-10-31 09:00:00+09:00,2047.804443359375,2047.8044433593748,1985.7216842168057,1992.2079426346859,877500
2023-11-01 09:00:00+09:00,2049.657958984375,2068.1901285954455,2044.098308101054,2057.070826828803,832000
2023-11-02 09:00:00+09:00,2050.584228515625,2070.96961171822,2047.8044035334528,2051.5108368430156,745000
2023-11-06 09:00:00+09:00,2009.8135986328125,2069.1165356141405,2008.8869902424794,2069.1165356141405,873500
2023-11-07 09:00:00+09:00,1972.749267578125,2014.4466452394756,1972.749267578125,2008.8869948846288,801500
2023-11-08 09:00:00+09:00,1998.6944580078125,2003.3275003305012,1969.969595607144,1975.5292463943701,922000
2023-11-09 09:00:00+09:00,1996.8408203125,2007.9601195439386,1968.115963964617,1995.9142120432134,684500
2023-11-10 09:00:00+09:00,2010.740234375,2014.4466679867512,1996.8411083309331,2001.474150345622,547500
2023-11-13 09:00:00+09:00,2008.8870849609375,2036.6853379816146,1994.0613500165764,2018.1531693011632,1973000
2023-11-14 09:00:00+09:00,2002.9765625,2023.6161336358314,2001.100237851288,2023.6161336358314,976500
2023-11-15 09:00:00+09:00,2396.06689453125,2530.224124726226,2011.4202904757242,2017.9874276181356,10281500
2023-11-16 09:00:00+09:00,2332.271484375,2363.2308403622787,2273.1672593083767,2279.7343954268904,3326000
2023-11-17 09:00:00+09:00,2308.817626953125,2348.2204470799156,2279.734593050018,2279.734593050018,2064500
2023-11-20 09:00:00+09:00,2308.817626953125,2331.333524168434,2277.8582682820756,2297.5596783454707,1580500
2023-11-21 09:00:00+09:00,2276.920166015625,2306.0032006866113,2266.6003795194683,2295.683414190455,1530500
2023-11-22 09:00:00+09:00,2236.578857421875,2261.9092387769047,2227.19723469779,2253.465778325228,1383000
2023-11-24 09:00:00+09:00,2301.31201171875,2304.126498483999,2245.022276413766,2252.5275744544306,852000
2023-11-27 09:00:00+09:00,2333.209716796875,2348.2203140903007,2318.1991195034493,2326.642580481001,602500
2023-11-28 09:00:00+09:00,2339.776611328125,2353.8490448365137,2329.4568267553063,2336.0239623925545,799000
2023-11-29 09:00:00+09:00,2351.97314453125,2365.1074181744243,2328.5190844541535,2336.0243836788245,596500
2023-11-30 09:00:00+09:00,2334.147705078125,2357.6017616002123,2319.137108903989,2345.4056522087267,1221500
2023-12-01 09:00:00+09:00,2306.0029296875,2343.529421627085,2294.7449821056243,2328.518824851251,728000
2023-12-04 09:00:00+09:00,2295.683349609375,2316.3229220210656,2288.1780505505785,2288.1780505505785,476500
2023-12-05 09:00:00+09:00,2276.920166015625,2290.054439738006,2271.2911915631757,2282.549140468074,1167500
2023-12-06 09:00:00+09:00,2275.981689453125,2280.67250084936,2248.7749833549633,2272.229040336137,938500
2023-12-07 09:00:00+09:00,2259.0947265625,2316.3226245360515,2259.0947265625,2299.435703822545,1079000
2023-12-08 09:00:00+09:00,2220.6298828125,2276.919613682272,2211.2482610008715,2263.7853431459916,1046500
2023-12-11 09:00:00+09:00,2338.8388671875,2341.6533543922983,2271.2911742723372,2289.1162599027275,1338500
2023-12-12 09:00:00+09:00,2330.395263671875,2391.375816062645,2330.395263671875,2347.282185872396,1223000
2023-12-13 09:00:00+09:00,2290.054443359375,2325.7046149479274,2286.3017937184745,2310.6940163843265,953500
2023-12-14 09:00:00+09:00,2289.1162109375,2315.3847576203893,2272.2292880699283,2305.06497142354,1105500
2023-12-15 09:00:00+09:00,2273.16748046875,2289.116241165394,2260.0332069538667,2273.16748046875,1131000
2023-12-18 09:00:00+09:00,2260.033203125,2292.8688868565796,2246.898929632368,2270.3529894406392,1043000
2023-12-19 09:00:00+09:00,2285.36328125,2298.497552981322,2248.7749528556033,2296.621228448276,946500
2023-12-20 09:00:00+09:00,2339.776611328125,2349.158233667051,2289.115850697925,2322.889691118058,1409000
2023-12-21 09:00:00+09:00,2336.024169921875,2397.9428828595633,2322.8898974805475,2382.93228578376,1103000
2023-12-22 09:00:00+09:00,2440.16015625,2442.97464316609,2321.013543468858,2330.3951665224913,1454000
2023-12-25 09:00:00+09:00,2424.21142578125,2470.1813792887115,2402.6336925022374,2470.1813792887115,614000
2023-12-26 09:00:00+09:00,2413.8916015625,2428.902198385275,2390.437544026914,2424.211386878158,490000
2023-12-27 09:00:00+09:00,2446.72705078125,2447.665212993973,2417.644022186841,2417.644022186841,389000
2023-12-28 09:00:00+09:00,2444.851318359375,2447.665805679052,2414.830120282821,2429.840719321098,380000
2023-12-29 09:00:00+09:00,2425.149658203125,2439.2220933571084,2388.5613268027682,2439.2220933571084,673000
2024-01-04 09:00:00+09:00,2453.29443359375,2453.29443359375,2376.3651243950167,2412.0152920724786,766500
2024-01-05 09:00:00+09:00,2435.469482421875,2452.3564048731823,2419.5207223289735,2441.0984565723106,752500
2024-01-09 09:00:00+09:00,2466.4287109375,2475.810334029693,2439.2220039701406,2450.479951680772,736000
2024-01-10 09:00:00+09:00,2433.59326171875,2453.294672087329,2424.2116377337125,2453.294672087329,749000
2024-01-11 09:00:00+09:00,2427.02587890625,2440.1601511539066,2383.870412949664,2434.531177333482,1053500
2024-01-12 09:00:00+09:00,2407.324462890625,2435.469331903376,2399.819164487225,2435.469331903376,704500
2024-01-15 09:00:00+09:00,2426.087890625,2426.087890625,2405.448318469644,2405.448318469644,47000
2024-01-16 09:00:00+09:00,2411.076904296875,2442.0362575427102,2402.6334443207384,2405.4479309794506,482500
2024-01-17 09:00:00+09:00,2411.076904296875,2439.221770883998,2403.571606540309,2403.571606540309,674000
2024-01-18 09:00:00+09:00,2396.06689453125,2404.510356571493,2385.747107593175,2399.8195443269137,606500
2024-01-19 09:00:00+09:00,2393.252197265625,2417.644418797928,2385.7468983326085,2396.0666843655063,576500
2024-01-22 09:00:00+09:00,2400.757568359375,2400.757568359375,2384.8088076473355,2394.190431595594,424500
2024-01-23 09:00:00+09:00,2426.087890625,2436.4076767026777,2398.881181874758,2401.695668986852,646000
2024-01-24 09:00:00+09:00,2402.633544921875,2419.5204655812245,2397.9427336276112,2409.2006807338444,465000
2024-01-25 09:00:00+09:00,2370.736328125,2398.8811994521666,2359.4783795941335,2393.252225186733,649000
2024-01-26 09:00:00+09:00,2338.8388671875,2361.3547648258873,2338.8388671875,2355.7257904162907,630500
2024-01-29 09:00:00+09:00,2358.5400390625,2364.1690129027447,2336.962306008229,2346.3439290753035,772000
2024-01-30 09:00:00+09:00,2148.391845703125,2345.4059450907475,2148.391845703125,2336.024321310385,5503500
2024-01-31 09:00:00+09:00,2195.2998046875,2196.2379669971956,2131.504767628205,2149.3298515124197,1884500
2024-02-01 09:00:00+09:00,2154.958740234375,2202.8050161385772,2133.3810079638524,2184.9799329585803,1088500
2024-02-02 09:00:00+09:00,2061.142822265625,2154.9590636068006,2061.142822265625,2148.391926712918,2397500
2024-02-05 09:00:00+09:00,2048.9462890625,2082.7201289921018,2048.9462890625,2072.400344569168,1257500
2024-02-06 09:00:00+09:00,2071.462158203125,2089.2872401804166,2021.7395611085753,2047.069940760516,1251000
2024-02-07 09:00:00+09:00,2064.895263671875,2095.8546201921713,2054.57547816511,2074.2768868598437,718500
2024-02-08 09:00:00+09:00,2059.266357421875,2078.0296044143292,2048.0084092264024,2054.575545673761,757500
2024-02-09 09:00:00+09:00,2071.462158203125,2079.9056180871053,2047.069940760516,2047.069940760516,620500
2024-02-13 09:00:00+09:00,2044.255615234375,2073.338646015589,2035.8121546849902,2071.462321449059,661500
2024-02-14 09:00:00+09:00,2014.234619140625,2048.946627015894,2003.914833015545,2045.1939775158653,921500
2024-02-15 09:00:00+09:00,2012.358154296875,2031.1214004907854,2000.1620442708333,2031.1214004907854,795500
2024-02-16 09:00:00+09:00,2018.92529296875,2030.1832406990588,1999.223884440709,2027.3687537664816,724000
2024-02-19 09:00:00+09:00,2060.204345703125,2071.4622929474044,2017.0488812667206,2024.5541794295737,764000
2024-02-20 09:00:00+09:00,2072.40087890625,2086.473315838615,2064.8955792089887,2084.5969909142996,455000
2024-02-21 09:00:00+09:00,2068.64794921875,2079.905897241709,2060.2044882015307,2072.4005985597364,320500
2024-02-22 09:00:00+09:00,2057.389892578125,2074.2768137210373,2053.6372434352556,2068.647840006733,517000
2024-02-26 09:00:00+09:00,2282.548828125,2349.158350030826,2147.4534597526203,2161.5258939580767,6882000
2024-02-27 09:00:00+09:00,2258.15673828125,2306.0030173225227,2242.2079786008258,2245.0224656032533,1445500
2024-02-28 09:00:00+09:00,2210.310302734375,2260.032902923221,2210.310302734375,2251.5894425137944,1215000
2024-02-29 09:00:00+09:00,2120.24658203125,2230.011559950567,2107.1123111691095,2206.5575048396017,3637000
2024-03-01 09:00:00+09:00,2083.658447265625,2127.752074920503,2082.7202849750956,2120.246776596269,1541500
2024-03-04 09:00:00+09:00,2003.9149169921875,2082.720559795251,1994.5332928489656,2067.709961166096,2744500
2024-03-05 09:00:00+09:00,2108.989013671875,2108.989013671875,2033.936023861488,2052.699271314085,1988000
2024-03-06 09:00:00+09:00,2184.0419921875,2188.7328040263906,2082.7204564674616,2093.040242513021,1859500
2024-03-07 09:00:00+09:00,2151.206298828125,2189.670955719513,2149.329974101716,2174.66035790824,1077000
2024-03-08 09:00:00+09:00,2142.7626953125,2176.536538145797,2123.061286993077,2123.061286993077,901000
2024-03-11 09:00:00+09:00,2154.020751953125,2155.8970766499483,2113.6797709714247,2139.0101543785386,714000
2024-03-12 09:00:00+09:00,2161.526123046875,2182.1656954023574,2122.1233030954995,2164.340610186259,644000
2024-03-13 09:00:00+09:00,2140.886474609375,2179.3511308140132,2140.886474609375,2171.8458320423765,519000
2024-03-14 09:00:00+09:00,2148.391845703125,2159.6497942395604,2139.010221922762,2145.577358569016,531500
2024-03-15 09:00:00+09:00,2142.7626953125,2155.896967525449,2116.4941508866027,2145.5771822152747,766000
2024-03-18 09:00:00+09:00,2169.969482421875,2174.660294100262,2154.0207227153587,2157.7733720580686,662500
2024-03-19 09:00:00+09:00,2183.103759765625,2194.361707817704,2162.464188336814,2169.9694870381995,710000
2024-03-21 09:00:00+09:00,2155.89697265625,2194.361627085713,2150.2679988373043,2187.7944909636094,1176000
2024-03-22 09:00:00+09:00,2083.658447265625,2114.6178028530926,2045.193793353923,2063.9570391645093,1807500
2024-03-25 09:00:00+09:00,2048.008544921875,2084.5968789814046,2014.2346980976938,2079.9060669224905,1224000
2024-03-26 09:00:00+09:00,2024.554443359375,2059.2664518877796,2018.9254690034177,2049.884827961184,744500
2024-03-27 09:00:00+09:00,2044.255615234375,2058.3280494833493,2032.0595055519302,2034.8739924017252,683500
2024-03-28 09:00:00+09:00,2025.4923095703125,2055.5135017455095,2021.739660548413,2045.1937169352855,503000
2024-03-29 09:00:00+09:00,2012.358154296875,2037.688536658654,2008.605505058093,2026.4305889423078,306000
2024-04-01 09:00:00+09:00,2018.92529296875,2038.6267014967907,2018.92529296875,2029.2450783881998,714500
2024-04-02 09:00:00+09:00,2002.0384521484375,2025.4925108662026,1991.7186663126208,2018.9253744252285,776000
2024-04-03 09:00:00+09:00,1991.718505859375,2011.4199135951483,1987.0276944937145,1998.2856417712994,679500
2024-04-04 09:00:00+09:00,1987.966064453125,1996.4095257934166,1968.2646546591109,1991.718713937699,529000
2024-04-05 09:00:00+09:00,1995.4710693359375,1995.4710693359375,1974.8315002125757,1985.1512847742567,361000
2024-04-08 09:00:00+09:00,2015.1728515625,2019.8636636005876,1990.7806289644436,1990.7806289644436,468500
2024-04-09 09:00:00+09:00,1993.5950927734375,2026.4307766544118,1990.7806055836397,2026.4307766544118,414500
2024-04-10 09:00:00+09:00,1965.449951171875,2011.419902297136,1965.449951171875,2003.9146041542363,516500
2024-04-11 09:00:00+09:00,1956.068359375,1959.8210085056955,1929.7998154601319,1951.3775479616306,497000
2024-04-12 09:00:00+09:00,1970.1409912109375,1979.5226149786088,1941.9961199079241,1941.9961199079241,551500
2024-04-15 09:00:00+09:00,1943.8724365234375,1970.1409829629436,1941.057949404919,1958.8830344888695,382500
2024-04-16 09:00:00+09:00,1912.9130859375,1940.1197948596127,1903.5314621712544,1934.4908205998652,753500
2024-04-17 09:00:00+09:00,1895.087890625,1925.1090849319305,1893.2115659808167,1917.603786355198,541000
2024-04-18 09:00:00+09:00,1892.2734375,1913.851171294001,1885.7063011279126,1885.7063011279126,647000
2024-04-19 09:00:00+09:00,1829.7918701171875,1880.0773491665902,1822.661859162427,1880.0773491665902,1313000
2024-04-22 09:00:00+09:00,1869.0069580078125,1873.6977696828867,1850.8067003259405,1855.4975120010147,532000
2024-04-23 09:00:00+09:00,1859.81298828125,1876.324622050945,1857.186088001672,1873.5101351178687,664500
2024-04-24 09:00:00+09:00,1846.866455078125,1869.3823524018978,1844.0519679126533,1869.3823524018978,903000
2024-04-25 09:00:00+09:00,1840.674560546875,1859.2502211867914,1836.9219110860251,1845.3653723729374,570000
2024-04-26 09:00:00+09:00,1856.6234130859375,1857.1862876287023,1829.2291164681158,1834.2951018747776,735000
2024-04-30 09:00:00+09:00,1870.1328125,1882.891797290289,1855.6850897061245,1868.8193623329626,733500
2024-05-01 09:00:00+09:00,1854.559326171875,1870.1327978314778,1853.2458760151396,1866.9430230284825,1154500
2024-05-02 09:00:00+09:00,1856.810791015625,1860.56344024122,1847.2415812990646,1855.122167577167,601000
2024-05-07 09:00:00+09:00,1881.015625,1884.7682746259352,1860.7513399243057,1866.5679010357942,1475500
2024-05-08 09:00:00+09:00,1866.9429931640625,1904.4694854889683,1866.9429931640625,1876.324616245289,1023500
2024-05-09 09:00:00+09:00,1868.06884765625,1876.3247222428274,1860.9388366160817,1862.8151613383245,1833000
2024-05-10 09:00:00+09:00,1872.0091552734375,1872.0091552734375,1853.2459084821267,1857.5614323397742,2217000
2024-05-13 09:00:00+09:00,1889.458984375,1899.7787702876738,1864.5038886177977,1872.5720619724427,3223000
2024-05-14 09:00:00+09:00,1856.4674072265625,1874.912308114825,1847.340068289607,1871.109240552726,2093500
2024-05-15 09:00:00+09:00,1844.487548828125,1870.7286886818479,1844.487548828125,1870.1582518272794,828500
2024-05-16 09:00:00+09:00,1823.5709228515625,1844.4877947507982,1801.1328471171921,1843.1566978724006,1019000
2024-05-17 09:00:00+09:00,1830.6064453125,1835.1700563795318,1813.6827496137016,1829.275348561965,798500
2024-05-20 09:00:00+09:00,1818.6268310546875,1838.0223814552473,1814.063103866083,1825.4723057771907,690500
2024-05-21 09:00:00+09:00,1806.45703125,1833.0785032894737,1803.7948376218897,1822.239737889892,599000
2024-05-22 09:00:00+09:00,1792.385498046875,1801.5129520382675,1786.110460473092,1796.5688951161967,555500
2024-05-23 09:00:00+09:00,1792.385498046875,1796.5688951161967,1776.7930156091104,1792.5757210402617,372500
2024-05-24 09:00:00+09:00,1788.962890625,1792.5758510970907,1782.1174156951943,1786.8712499687836,437000
2024-05-27 09:00:00+09:00,1771.6588134765625,1787.4415185667212,1765.5738829672348,1782.8777916696265,519500
2024-05-28 09:00:00+09:00,1763.10205078125,1774.1309229098733,1759.4890903661674,1765.193691404463,455500
2024-05-29 09:00:00+09:00,1722.78955078125,1759.4891283749942,1717.2750565676104,1757.587594654485,835000
2024-05-30 09:00:00+09:00,1736.86083984375,1738.952480383419,1714.6128734709416,1718.6060476140917,560500
2024-05-31 09:00:00+09:00,1768.8065185546875,1768.8065185546875,1734.3886919138258,1739.9031855928688,993000
2024-06-03 09:00:00+09:00,1781.356689453125,1795.8084147429272,1775.4619815975443,1795.8084147429272,465500
2024-06-04 09:00:00+09:00,1786.4908447265625,1789.9135820472206,1761.010247669793,1774.320983074887,381000
2024-06-05 09:00:00+09:00,1775.0816650390625,1796.9493020481136,1771.0884907920058,1795.6182052789602,317500
2024-06-06 09:00:00+09:00,1754.164794921875,1774.1308982787093,1749.4109607892954,1764.8133369546917,410500
2024-06-07 09:00:00+09:00,1757.7777099609375,1760.2496804340562,1744.847188605423,1756.446613226058,386500
2024-06-10 09:00:00+09:00,1768.42626953125,1769.5671432809804,1755.115534169187,1767.2853957815196,449500
2024-06-11 09:00:00+09:00,1730.5858154296875,1772.7998877936818,1730.5858154296875,1768.4263833909258,439500
2024-06-12 09:00:00+09:00,1721.648681640625,1744.6571932969998,1721.648681640625,1743.7064264341677,542500
2024-06-13 09:00:00+09:00,1706.8165283203125,1721.4583603843673,1705.2953246386812,1717.465186212535,537500
2024-06-14 09:00:00+09:00,1712.521240234375,1724.1206656874283,1694.8369996601762,1698.0696302310405,941500
2024-06-17 09:00:00+09:00,1720.6978759765625,1729.4448844932126,1711.190207562636,1729.4448844932126,730500
2024-06-18 09:00:00+09:00,1726.4024658203125,1739.7132015134207,1713.471944012969,1734.0086005020887,420500
2024-06-19 09:00:00+09:00,1732.677490234375,1732.677490234375,1697.879447548181,1726.4024523828323,652500
2024-06-20 09:00:00+09:00,1720.507568359375,1728.8743625763227,1709.6688036884561,1718.0355979054038,539500
2024-06-21 09:00:00+09:00,1718.9864501953125,1753.594386453361,1718.9864501953125,1724.5009443026233,2135500
2024-06-24 09:00:00+09:00,1766.334716796875,1820.3382047433465,1750.3617871440213,1819.9578747877247,1851500
2024-06-25 09:00:00+09:00,1829.275390625,1831.747361184034,1779.2650783137572,1780.5961750949,1540000
2024-06-26 09:00:00+09:00,1783.25830078125,1829.2754400528736,1773.3703022175312,1829.2754400528736,1295500
2024-06-27 09:00:00+09:00,1756.4466552734375,1782.4976894839383,1752.2632580324134,1775.6520987094252,1004000
2024-06-28 09:00:00+09:00,1741.8048095703125,1760.0594860412116,1734.1986750307042,1756.2564187714074,844000
2024-07-01 09:00:00+09:00,1757.9678955078125,1762.1512928357586,1741.8048591510612,1741.8048591510612,891500
2024-07-02 09:00:00+09:00,1777.743896484375,1784.5893713568398,1755.305706052661,1768.6164419072138,1206000
2024-07-03 09:00:00+09:00,1750.9322509765625,1769.7574814954999,1740.8541453298262,1768.4263846605552,956500
2024-07-04 09:00:00+09:00,1738.9525146484375,1757.3974141777294,1735.1494473665382,1753.9746768361006,539500
2024-07-05 09:00:00+09:00,1726.0220947265625,1743.8964411663774,1719.9371639141225,1743.8964411663774,663000
2024-07-08 09:00:00+09:00,1739.1427001953125,1747.1291650603591,1733.8184289720841,1734.198758929545,493500
2024-07-09 09:00:00+09:00,1736.6705322265625,1736.6705322265625,1706.8164328944938,1724.8810012473539,1564500
2024-07-10 09:00:00+09:00,1716.70458984375,1730.3956556056783,1700.351446555595,1730.3956556056783,1162000
2024-07-11 09:00:00+09:00,1734.19873046875,1736.1002641644395,1712.5211999137282,1715.7538304084815,934500
2024-07-12 09:00:00+09:00,1749.9813232421875,1750.932090028265,1734.3887247384366,1745.7979261713667,866500
2024-07-16 09:00:00+09:00,1725.6417236328125,1749.9813302416694,1725.6417236328125,1749.9813302416694,780000
2024-07-17 09:00:00+09:00,1716.32421875,1739.9032823336556,1715.3734519290526,1730.395614124182,800000
2024-07-18 09:00:00+09:00,1723.740234375,1735.7198730234409,1713.2817994174022,1714.2325662317292,896500
2024-07-19 09:00:00+09:00,1721.8387451171875,1724.691045633671,1709.0984462648137,1723.740278794843,751500
2024-07-22 09:00:00+09:00,1746.55859375,1753.4040682158784,1727.7333648782355,1727.7333648782355,965500
2024-07-23 09:00:00+09:00,1729.0645751953125,1751.8829796612629,1726.9729345434298,1749.4110090561996,549500
2024-07-24 09:00:00+09:00,1689.5126953125,1731.7267667361036,1689.5126953125,1726.5926025253236,1017000
2024-07-25 09:00:00+09:00,1712.14111328125,1715.7539579353481,1667.645175070705,1689.5128141964894,1133500
2024-07-26 09:00:00+09:00,1699.0203857421875,1724.500984118164,1697.8795119297024,1723.3599942452709,580000
2024-07-29 09:00:00+09:00,1730.3956298828125,1736.1002308604482,1699.9710913354224,1699.9710913354224,802000
2024-07-30 09:00:00+09:00,1728.6842041015625,1739.3328622351585,1720.8879625187333,1730.3956308199417,542500
2024-07-31 09:00:00+09:00,1764.8133544921875,1764.8133544921875,1726.782681053628,1727.543340946561,724500
2024-08-01 09:00:00+09:00,1738.9525146484375,1764.4331118613236,1723.7402455208403,1764.4331118613236,804000
2024-08-02 09:00:00+09:00,1669.9268798828125,1728.6842002159685,1669.9268798828125,1722.7894923066306,1630000
2024-08-05 09:00:00+09:00,1540.812744140625,1661.1798049386957,1540.812744140625,1654.3343299973524,1789000
2024-08-06 09:00:00+09:00,1604.7044677734375,1635.319116436039,1580.5549645860779,1623.3394763533,1362000
2024-08-07 09:00:00+09:00,1587.5904541015625,1633.7976975160973,1570.6667585837035,1576.1812524653612,1111500
2024-08-08 09:00:00+09:00,1601.8519287109375,1622.1982450986923,1579.2236327625465,1591.773707923255,724000
2024-08-09 09:00:00+09:00,1597.6685791015625,1608.69745094323,1578.0828059250907,1599.379889732282,857000
2024-08-13 09:00:00+09:00,1581.6956787109375,1597.0981710276037,1545.9468690351214,1578.2729413273687,1169500
2024-08-14 09:00:00+09:00,1611.3597412109375,1625.0506913204397,1592.5345107197581,1594.2459375136507,1179500
2024-08-15 09:00:00+09:00,1625.8114013671875,1636.840274211163,1601.0914619311952,1601.0914619311952,841000
2024-08-16 09:00:00+09:00,1649.580322265625,1652.4326225346722,1618.3951262332178,1639.311994872897,953500
2024-08-19 09:00:00+09:00,1641.7841796875,1641.7841796875,1617.8247863552685,1635.1288119941694,829000
2024-08-20 09:00:00+09:00,1643.4957275390625,1655.8556978964411,1638.9321158125892,1640.6434266873596,515500
2024-08-21 09:00:00+09:00,1652.622802734375,1652.622802734375,1637.6007569542621,1638.5515237527654,389500
2024-08-22 09:00:00+09:00,1668.5958251953125,1671.8284557040686,1648.8198282503165,1652.8131186648056,398500
2024-08-23 09:00:00+09:00,1655.094970703125,1677.5330450398626,1645.7774091951312,1673.34964770851,590500
2024-08-26 09:00:00+09:00,1665.3631591796875,1672.9692938332237,1657.3766945813936,1663.2715185741267,356000
2024-08-27 09:00:00+09:00,1688.181640625,1690.8438343000896,1672.3989337065934,1672.96937061971,372000
2024-08-28 09:00:00+09:00,1672.589111328125,1698.0697110877622,1662.8913352141635,1690.083245785457,419000
2024-08-29 09:00:00+09:00,1684.568603515625,1690.46331104449,1669.5464421789227,1669.5464421789227,384000
2024-08-30 09:00:00+09:00,1680.575439453125,1691.7945345644614,1671.0677710741636,1684.5687298085318,398500
2024-09-02 09:00:00+09:00,1660.9896240234375,1690.0830653191517,1657.9472166428618,1690.0830653191517,803500
2024-09-03 09:00:00+09:00,1696.7384033203125,1696.7384033203125,1660.2289350903886,1660.9895949524205,537500
2024-09-04 09:00:00+09:00,1681.1458740234375,1695.78770651891,1672.5889724941826,1674.870836114065,758000
2024-09-05 09:00:00+09:00,1689.13232421875,1696.1680219613881,1679.0542190492215,1686.470246735322,462000
2024-09-06 09:00:00+09:00,1684.3785400390625,1711.190235032996,1677.1527351405612,1703.3938771721755,457000
2024-09-09 09:00:00+09:00,1674.1103515625,1692.174922097273,1666.8844305002635,1683.2376903048298,506500
2024-09-10 09:00:00+09:00,1680.9556884765625,1699.210364461198,1676.2018545159387,1688.1814928846309,592500
2024-09-11 09:00:00+09:00,1626.0013427734375,1680.955710502487,1625.2407989660119,1680.955710502487,861500
2024-09-12 09:00:00+09:00,1645.7772216796875,1654.3341223123375,1629.0437503212504,1641.023387994882,504500
2024-09-13 09:00:00+09:00,1618.9658203125,1642.9250982376368,1617.2543935776737,1637.2204972020893,685500
2024-09-17 09:00:00+09:00,1636.6500244140625,1649.7705368718068,1621.437755319586,1634.9385977167728,844000
2024-09-18 09:00:00+09:00,1641.593994140625,1647.4888181540175,1622.3885504972989,1623.9097542212567,709500
2024-09-19 09:00:00+09:00,1637.7908935546875,1659.6585303163474,1637.7908935546875,1642.164397694939,759000
2024-09-20 09:00:00+09:00,1656.426025390625,1665.173150394049,1642.9251820089291,1646.1578126393158,1007000
2024-09-24 09:00:00+09:00,1651.1016845703125,1692.3649889742373,1639.5023754520673,1672.0185552205558,1555500
2024-09-25 09:00:00+09:00,1680.005126953125,1694.266630577515,1626.1917431558434,1646.538178205389,1116000
2024-09-26 09:00:00+09:00,1738.19189453125,1742.3752918491205,1684.3785144734065,1684.3785144734065,1240500
2024-09-27 09:00:00+09:00,1742.1851806640625,1763.8625949777784,1735.529812784689,1758.9186538344059,806000
2024-09-30 09:00:00+09:00,1724.691162109375,1735.339704999226,1711.9508623965949,1715.1834930790037,736500
2024-10-01 09:00:00+09:00,1732.4873046875,1746.368593522122,1726.5925966517282,1741.8048662257522,652500
2024-10-02 09:00:00+09:00,1701.6824951171875,1733.6282369492938,1693.125593766066,1728.6841798657379,809500
2024-10-03 09:00:00+09:00,1723.169921875,1726.5926594415464,1710.4296224313557,1715.5637868113809,699000
2024-10-04 09:00:00+09:00,1761.7708740234375,1781.736976751172,1730.3955697369975,1730.3955697369975,1015000
2024-10-07 09:00:00+09:00,1753.2139892578125,1768.426258145082,1744.8471949456539,1765.3838507917885,823000
2024-10-08 09:00:00+09:00,1686.4703369140625,1727.1630897115563,1674.3004744349482,1720.5077215565054,1302000
2024-10-09 09:00:00+09:00,1717.0848388671875,1722.4091097291143,1698.8301627518958,1701.6824631486852,704000
2024-10-10 09:00:00+09:00,1718.416015625,1719.3667824682075,1702.8234161843188,1706.246153607784,387000
2024-10-11 09:00:00+09:00,1690.46337890625,1712.5211223530823,1688.7519522334783,1711.950685482292,698000
2024-10-15 09:00:00+09:00,1688.5618896484375,1713.852264107893,1688.5618896484375,1704.1544888685332,639500
2024-10-16 09:00:00+09:00,1671.447998046875,1699.7808944948094,1671.447998046875,1679.0541322814454,824500
2024-10-17 09:00:00+09:00,1688.751953125,1691.7944765381562,1678.8640711983455,1678.8640711983455,631500
2024-10-18 09:00:00+09:00,1671.6380615234375,1698.0694237256316,1670.6872947688319,1691.9844932840767,381500
2024-10-21 09:00:00+09:00,1670.8775634765625,1676.9624940846206,1656.8061686992028,1669.7365737035777,336000
2024-10-22 09:00:00+09:00,1663.2716064453125,1673.1596052293767,1655.4752483773111,1666.6943440081473,414000
2024-10-23 09:00:00+09:00,1641.0235595703125,1665.7434973158677,1639.1220258975775,1656.2358289521926,597000
2024-10-24 09:00:00+09:00,1624.099853515625,1637.9811420899293,1620.1066792514907,1635.318948540237,515000
2024-10-25 09:00:00+09:00,1607.17626953125,1631.1355471766833,1603.182979216742,1631.1355471766833,678000
2024-10-28 09:00:00+09:00,1624.099853515625,1633.987851765391,1599.1898089794645,1607.176273568137,493000
2024-10-29 09:00:00+09:00,1614.97265625,1628.0932860820174,1609.2680547683256,1623.9098884500397,411000
2024-10-30 09:00:00+09:00,1611.3597412109375,1624.6704774199386,1607.746780672902,1623.5294875372072,891500
2024-10-31 09:00:00+09:00,1623.90966796875,1625.6210946050544,1607.7466326318245,1611.359592837179,413500
2024-11-01 09:00:00+09:00,1610.7890625,1625.8112243302523,1609.838295702146,1616.303556351713,532000
2024-11-05 09:00:00+09:00,1629.2340087890625,1641.023540636072,1610.979332165592,1625.8112714297124,429000
2024-11-06 09:00:00+09:00,1624.2901611328125,1645.7774694104335,1623.529501204588,1633.0371700053417,526500
2024-11-07 09:00:00+09:00,1628.473388671875,1646.1576275836906,1628.473388671875,1636.459736782735,396000
2024-11-08 09:00:00+09:00,1627.7127685546875,1645.3970078981665,1627.3324386209824,1644.6364640911572,508500
2024-11-11 09:00:00+09:00,1616.3035888671875,1630.1847611830253,1615.1627151109717,1625.8112570369944,461500
2024-11-12 09:00:00+09:00,1620.6771240234375,1628.8536955938425,1614.402086123378,1616.4937267365963,494000
2024-11-13 09:00:00+09:00,1629.0439453125,1639.1220507185255,1619.346053798455,1620.867373608004,535000
2024-11-14 09:00:00+09:00,1615.1007080078125,1646.0858534851807,1615.1007080078125,1628.8503190338147,656500
2024-11-15 09:00:00+09:00,1605.4178466796875,1624.0088866475444,1595.1540409016218,1624.0088866475444,628500
2024-11-18 09:00:00+09:00,1599.027099609375,1634.6599440319496,1597.865085798424,1606.3860476162915,681000
2024-11-19 09:00:00+09:00,1604.8367919921875,1609.2908827088738,1599.8016352785469,1604.8367919921875,461500
2024-11-20 09:00:00+09:00,1562.4259033203125,1609.8719063080698,1562.4259033203125,1602.5129580558805,931500
2024-11-21 09:00:00+09:00,1552.1619873046875,1574.2389486894076,1548.482454340921,1562.8131300747134,911500
2024-11-22 09:00:00+09:00,1568.6229248046875,1569.5912105607397,1547.3206381715374,1549.6445476258518,647500
2024-11-25 09:00:00+09:00,1562.6195068359375,1586.2455833098616,1561.844830997901,1583.9217921936274,589000
2024-11-26 09:00:00+09:00,1575.594482421875,1575.594482421875,1557.1970536704446,1565.91162518428,545000
2024-11-27 09:00:00+09:00,1566.299072265625,1578.4994495954247,1557.3908902658216,1572.689734848001,529500
2024-11-28 09:00:00+09:00,1601.7381591796875,1617.6180683145374,1578.3056924970367,1578.4993023576453,873000
2024-11-29 09:00:00+09:00,1605.611328125,1613.1640039947072,1586.0520039275693,1588.3759132873977,599500
2024-12-02 09:00:00+09:00,1597.2840576171875,1611.2273952543685,1593.9918626169042,1605.6112909480655,655500
2024-12-03 09:00:00+09:00,1616.64990234375,1625.5582023713168,1597.6715248399855,1599.0271485614574,781500
2024-12-04 09:00:00+09:00,1630.3995361328125,1641.2442888741157,1613.164003105768,1616.6498080441197,1131500
2024-12-05 09:00:00+09:00,1626.5263671875,1633.3043670918669,1605.8050295543621,1631.7550154117182,915500
2024-12-06 09:00:00+09:00,1637.371337890625,1637.371337890625,1626.5265838784414,1626.7201937647842,474500
2024-12-09 09:00:00+09:00,1650.1524658203125,1659.8353229562113,1633.6916086892843,1640.4696086844135,744500
2024-12-10 09:00:00+09:00,1630.5931396484375,1655.3812302455854,1626.9136066618164,1652.4763731084445,700500
2024-12-11 09:00:00+09:00,1626.91357421875,1647.2475737732464,1623.815107280497,1646.8603540551676,633500
2024-12-12 09:00:00+09:00,1628.6566162109375,1644.3427979341052,1626.720044729117,1644.3427979341052,636000
2024-12-13 09:00:00+09:00,1613.744873046875,1632.723248528088,1613.551263192561,1619.1672491559455,666000
2024-12-16 09:00:00+09:00,1604.06201171875,1614.713154051808,1596.5094544383055,1607.9351543853165,707000
2024-12-17 09:00:00+09:00,1605.4178466796875,1617.0372762093355,1603.093937133968,1604.0622229281055,952000
2024-12-18 09:00:00+09:00,1599.027099609375,1615.8752951771464,1590.1187998545238,1615.8752951771464,891500
2024-12-19 09:00:00+09:00,1597.2840576171875,1603.8684476177536,1589.3441622038022,1593.9918626169042,1103000
2024-12-20 09:00:00+09:00,1552.7430419921875,1607.9353310549354,1552.7430419921875,1597.6715255005997,1617000
2024-12-23 09:00:00+09:00,1560.6829833984375,1590.699840961215,1554.2922030355962,1571.527736270574,1204500
2024-12-24 09:00:00+09:00,1558.1654052734375,1571.9151340515255,1557.1971195087388,1568.6229388117608,688000
2024-12-25 09:00:00+09:00,1550.6126708984375,1568.4291505826595,1542.0917098584823,1564.9432276669936,885000
2024-12-26 09:00:00+09:00,1566.6864013671875,1587.020402868245,1552.743062412387,1552.743062412387,1106000
2024-12-27 09:00:00+09:00,1591.087158203125,1592.6365100217608,1573.4644041561555,1584.1155478150588,872500
2024-12-30 09:00:00+09:00,1689.6585693359375,1699.3414264668024,1614.5196216402132,1617.0371408544502,3016500
2025-01-06 09:00:00+09:00,1648.9906005859375,1690.433277169729,1646.2793532584215,1688.69031557362,1649000
2025-01-07 09:00:00+09:00,1667.3880615234375,1672.6168282132999,1649.7653081527674,1657.5115941528763,1132000
2025-01-08 09:00:00+09:00,1660.4163818359375,1677.4581866823823,1653.8319917321355,1674.940667477613,1090500
2025-01-09 09:00:00+09:00,1670.2928466796875,1686.560093857361,1648.990561098845,1656.736846764606,2017500
2025-01-10 09:00:00+09:00,1675.13427734375,1683.4615108052085,1654.8002774453578,1664.676744402144,1307500
2025-01-14 09:00:00+09:00,1675.71533203125,1684.429903972218,1668.743721758054,1677.0709557507455,1448000
2025-01-15 09:00:00+09:00,1679.0074462890625,1684.8171606360836,1664.48316042151,1675.1343033910484,1277000
2025-01-16 09:00:00+09:00,1713.8658447265625,1721.6121310304113,1677.264594661297,1677.264594661297,1778500
2025-01-17 09:00:00+09:00,1701.665283203125,1711.1544119786086,1684.2361409064708,1704.1828023395212,1390500
2025-01-20 09:00:00+09:00,1719.8690185546875,1729.745603645602,1705.9257989892951,1711.929123068898,1167000
2025-01-21 09:00:00+09:00,1737.29833984375,1741.9461589760735,1721.0312092785189,1724.1296765674342,1176000
2025-01-22 09:00:00+09:00,1713.8658447265625,1737.2983135161257,1704.1829868467514,1736.52375580511,1166500
2025-01-23 09:00:00+09:00,1716.1895751953125,1724.516808463321,1686.7536666721535,1696.4365235416835,1093500
2025-01-24 09:00:00+09:00,1734.9744873046875,1743.6890592213222,1721.6120964196025,1721.6120964196025,956000
2025-01-27 09:00:00+09:00,1812.243408203125,1813.5990317598703,1749.3048406300381,1764.0228535049503,1855500
2025-01-28 09:00:00+09:00,1841.0985107421875,1857.5593681529065,1820.3771724794944,1828.5107962516379,1947000
2025-01-29 09:00:00+09:00,1832.384033203125,1845.3590862913127,1823.088513357495,1841.679553048755,1104000
2025-01-30 09:00:00+09:00,1827.5426025390625,1840.7112654908965,1814.7611593395889,1837.0317322518931,6060000
2025-01-31 09:00:00+09:00,1840.90478515625,1855.2354612597537,1826.961565184015,1831.4156559084201,1151500
2025-02-03 09:00:00+09:00,1813.405517578125,1823.6693224225132,1807.7894132034344,1816.5039845579233,999500
2025-02-04 09:00:00+09:00,1799.4622802734375,1822.3138005728185,1793.6525657126315,1819.989891108707,886500
2025-02-05 09:00:00+09:00,1780.48388671875,1803.7227447492808,1775.8360678330662,1800.8178874954644,945000
2025-02-06 09:00:00+09:00,1785.71240234375,1793.0714680649944,1778.3534548214413,1780.6773640913639,686000
2025-02-07 09:00:00+09:00,1769.0579833984375,1787.2618019357528,1765.5721784995092,1783.5822689764213,869000
2025-02-10 09:00:00+09:00,1787.6490478515625,1797.3319050454263,1765.3784763056756,1771.9628664770792,833500
2025-02-12 09:00:00+09:00,1787.6490478515625,1794.233438022966,1777.385242865855,1792.103256719892,1001500
2025-02-13 09:00:00+09:00,1788.036376953125,1809.9196104634507,1788.036376953125,1802.9480005978578,862000
2025-02-14 09:00:00+09:00,1785.1314697265625,1801.0113786403833,1784.1631840391215,1791.3285217659725,559500
2025-02-17 09:00:00+09:00,1798.8812255859375,1813.4055111250673,1789.0046404999662,1789.0046404999662,811500
2025-02-18 09:00:00+09:00,1776.0296630859375,1801.39882047983,1776.0296630859375,1800.817872673637,669000
2025-02-19 09:00:00+09:00,1799.0748291015625,1801.7860763388794,1777.772543719305,1781.6456865160792,658500
2025-02-20 09:00:00+09:00,1803.9163818359375,1807.595915025863,1781.06486140094,1801.0115245382951,1110000
2025-02-21 09:00:00+09:00,1819.7962646484375,1829.8664601018318,1806.0465360604944,1822.3137839620501,1457000
2025-02-25 09:00:00+09:00,1826.1868896484375,1832.3839419699598,1809.5324223458547,1832.3839419699598,2289500
2025-02-26 09:00:00+09:00,1820.9581298828125,1830.64098723431,1810.6943247300137,1830.64098723431,1727000
2025-02-27 09:00:00+09:00,1834.4815673828125,1834.6775111537427,1793.7153342546194,1825.4660006917727,1545500
2025-02-28 09:00:00+09:00,1798.4190673828125,1831.9337063655369,1778.4280177294381,1831.9337063655369,859000
2025-03-03 09:00:00+09:00,1805.4747314453125,1832.1295424997058,1789.2074517743024,1798.2230179658159,1044500
2025-03-04 09:00:00+09:00,1814.29443359375,1819.7821749785664,1777.2519699046054,1801.1629712496526,829500
2025-03-05 09:00:00+09:00,1822.72216796875,1827.034007774726,1791.363507014449,1807.0428374915996,1188000
2025-03-06 09:00:00+09:00,1840.361328125,1846.6330839453922,1813.1184448538243,1822.7220821685303,1031500
2025-03-07 09:00:00+09:00,1824.093994140625,1846.4369665916238,1812.922448103231,1843.3011485849609,1001500
2025-03-10 09:00:00+09:00,1825.85791015625,1828.6018407249687,1805.6707969325978,1828.6018407249687,626500
2025-03-11 09:00:00+09:00,1792.1474609375,1803.5149512252417,1768.2364588416199,1796.4591809742408,966500
2025-03-12 09:00:00+09:00,1822.330078125,1829.973799235427,1792.7353910412503,1795.4792019760193,1035500
2025-03-13 09:00:00+09:00,1823.31005859375,1832.325745094013,1817.0383026856964,1830.5617726241935,1051500
2025-03-14 09:00:00+09:00,1836.6373291015625,1847.2209238890084,1823.8978744540523,1829.5816789924556,1303500
2025-03-17 09:00:00+09:00,1847.8089599609375,1853.4927647613115,1830.7576651836066,1837.2254843094772,823000
2025-03-18 09:00:00+09:00,1856.0406494140625,1863.6843704765834,1847.4169702473102,1851.3368026642354,1028000
2025-03-19 09:00:00+09:00,1857.0206298828125,1862.5083714078394,1844.6731815455535,1857.8046442251564,1007000
2025-03-21 09:00:00+09:00,1844.085205078125,1858.0005622836866,1832.3257078484814,1853.884786102828,1017500
2025-03-24 09:00:00+09:00,1841.3411865234375,1852.7086760439554,1828.2097246532765,1848.0049491512168,859500
2025-03-25 09:00:00+09:00,1846.2410888671875,1846.2410888671875,1826.641926564988,1829.581800910318,959000
2025-03-26 09:00:00+09:00,1866.2322998046875,1866.2322998046875,1848.2010461612817,1848.2010461612817,1080000
2025-03-27 09:00:00+09:00,1870.739990234375,1883.4794453800255,1858.9804931768515,1868.192123130003,1167000
2025-03-28 09:00:00+09:00,1844.4771728515625,1863.8803919739967,1838.7934873842796,1863.8803919739967,578000
2025-03-31 09:00:00+09:00,1825.85791015625,1844.47711432226,1820.5662320396818,1844.2811705489771,861000
2025-04-01 09:00:00+09:00,1827.8177490234375,1851.9248133065742,1826.0538962671662,1846.241008636416,600500
2025-04-02 09:00:00+09:00,1808.022705078125,1836.4414901443936,1799.3990258981542,1834.285630161297,984500
2025-04-03 09:00:00+09:00,1811.1585693359375,1811.1585693359375,1764.1205790616698,1764.1205790616698,903500
2025-04-04 09:00:00+09:00,1830.9537353515625,1847.221015863587,1807.6306847553333,1840.557252943581,2023500
2025-04-07 09:00:00+09:00,1797.4390869140625,1841.9292082754505,1762.5526027167055,1818.4102140358223,2553500
2025-04-08 09:00:00+09:00,1918.5621337890625,1926.0097918814345,1835.8536411477344,1842.3213410799576,1836500
2025-04-09 09:00:00+09:00,1928.7535400390625,1931.6934144236097,1879.9516970298564,1900.5308177216866,1787500
2025-04-10 09:00:00+09:00,2038.312744140625,2038.312744140625,1929.5374005831204,1948.3525472949043,1666500
2025-04-11 09:00:00+09:00,2136.30859375,2188.2463714879586,2026.5532898509175,2078.491067588876,5420000
2025-04-14 09:00:00+09:00,2181.38671875,2305.8413967739216,2166.6873473298515,2221.5650006317383,5524000
2025-04-15 09:00:00+09:00,2212.745361328125,2230.384606901157,2170.607163570326,2203.925738541609,2122000
2025-04-16 09:00:00+09:00,2249.00390625,2249.00390625,2184.326669730392,2214.705371732026,2424500
2025-04-17 09:00:00+09:00,2208.82568359375,2261.7434240170255,2174.5271481342197,2249.983926145186,2170500
2025-04-18 09:00:00+09:00,2227.44482421875,2234.3045311125165,2189.2264572391937,2213.725410431217,1287500
2025-04-21 09:00:00+09:00,2224.5048828125,2249.0038352663823,2204.905720849394,2234.304463794053,976000
2025-04-22 09:00:00+09:00,2227.44482421875,2231.3646567294736,2202.9458710267268,2206.8657035374504,1322000
2025-04-23 09:00:00+09:00,2282.322265625,2285.262139732718,2229.4045316860775,2232.3444057937954,2260500
2025-04-24 09:00:00+09:00,2219.60498046875,2259.783260468405,2201.9657355908525,2249.0037219319124,1801000
2025-04-25 09:00:00+09:00,2206.865478515625,2241.1640094872264,2195.1059821825042,2212.745226682185,2328500
2025-04-28 09:00:00+09:00,2221.565185546875,2237.2445163667912,2196.086272964511,2205.8858547269588,1164000
2025-04-30 09:00:00+09:00,2249.00390625,2249.00390625,2223.524994893791,2224.5049530228757,1341500
2025-05-01 09:00:00+09:00,2224.5048828125,2245.084002873761,2210.785469438326,2229.4046733032765,1072500
2025-05-02 09:00:00+09:00,2212.745361328125,2251.9436848237515,2208.825528978562,2211.765403240734,1192000
2025-05-07 09:00:00+09:00,2214.705322265625,2232.3445681951744,2204.9057411936533,2212.745406051231,1812500
2025-05-08 09:00:00+09:00,2220.5849609375,2239.204164052157,2208.8254642335064,2224.5047931721647,1130500
2025-05-09 09:00:00+09:00,2222.545166015625,2238.2244969928074,2207.8457932245165,2210.785667782738,1540500
2025-05-12 09:00:00+09:00,2230.384521484375,2241.1640600328496,2215.6851507364554,2241.1640600328496,889000
2025-05-13 09:00:00+09:00,2201.9658203125,2222.5449401285045,2195.106113707165,2222.5449401285045,1552500
2025-05-14 09:00:00+09:00,2192.166259765625,2201.9658407212155,2176.48693023668,2195.106134052302,823500
2025-05-15 09:00:00+09:00,2205.885498046875,2213.7251621892005,2174.5268414775724,2210.7852881358285,1171500
2025-05-16 09:00:00+09:00,2230.384521484375,2242.1440180827108,2218.6250248860392,2221.564899035623,1607000
2025-05-19 09:00:00+09:00,2197.066162109375,2256.8436089821103,2195.1062458184656,2253.903734545746,1943500
2025-05-20 09:00:00+09:00,2183.3466796875,2220.5850880484177,2165.707433621802,2216.665255589374,1668000
2025-05-21 09:00:00+09:00,2201.9658203125,2220.585023955552,2178.446826237066,2203.925736485453,1553500
2025-05-22 09:00:00+09:00,2249.00390625,2249.00390625,2211.765497344771,2214.705371732026,1419500
2025-05-23 09:00:00+09:00,2275.462890625,2281.3426396963823,2236.2645634824503,2250.9639361609065,1415000
2025-05-26 09:00:00+09:00,2209.8056640625,2361.699179774113,2199.026124237805,2306.8215224847563,4780500
2025-05-27 09:00:00+09:00,2221.565185546875,2252.9238471867075,2211.765603784427,2235.2846000143018,1613000
2025-05-28 09:00:00+09:00,2226.46484375,2244.1040898712586,2213.72538821798,2234.304508692782,1157000
2025-05-29 09:00:00+09:00,2228.4248046875,2236.264469787544,2216.665307037434,2232.344637237522,1063500
2025-05-30 09:00:00+09:00,2215.685302734375,2233.324548841946,2207.8456377976768,2228.42475825651,1187000
2025-06-02 09:00:00+09:00,2264.68310546875,2270.5628539035456,2213.725285700522,2216.6651599179195,1209500
2025-06-03 09:00:00+09:00,2283.30224609375,2290.1619524124867,2254.88346277327,2271.5427495473446,1405500
2025-06-04 09:00:00+09:00,2236.264404296875,2280.362519193176,2227.444781317615,2271.542896213916,1186500
2025-06-05 09:00:00+09:00,2236.264404296875,2245.084027276135,2220.585074555968,2228.424739426421,728000
2025-06-06 09:00:00+09:00,2232.344482421875,2258.8033502995704,2226.464734004609,2258.8033502995704,615000
2025-06-09 09:00:00+09:00,2224.5048828125,2233.3245056958976,2202.9458046530835,2227.444757106966,700500
2025-06-10 09:00:00+09:00,2208.82568359375,2222.545097777562,2199.0261020338844,2212.745516217696,872500
2025-06-11 09:00:00+09:00,2196.086181640625,2214.7053862149987,2189.2264746921715,2200.0060141825984,990500
2025-06-12 09:00:00+09:00,2208.82568359375,2211.7655580617097,2186.2866460060586,2203.925892813817,674500
2025-06-13 09:00:00+09:00,2202.94580078125,2212.7453817455794,2192.166261720488,2198.0460102990855,583500
2025-06-16 09:00:00+09:00,2217.64501953125,2217.64501953125,2197.0659009231385,2203.9256071258424,580000
2025-06-17 09:00:00+09:00,2200.005859375,2226.464727171492,2199.0259013084633,2218.6250626391984,659000
2025-06-18 09:00:00+09:00,2217.64501953125,2217.64501953125,2200.985733038969,2205.885523183758,573500
2025-06-19 09:00:00+09:00,2246.06396484375,2251.943713442817,2214.705305648724,2214.705305648724,1028000
2025-06-20 09:00:00+09:00,2237.244384765625,2251.943756544637,2224.5049292238145,2235.2844685284235,2105500
2025-06-23 09:00:00+09:00,2235.284423828125,2261.743292501233,2232.344549531113,2240.184214323145,542000
2025-06-24 09:00:00+09:00,2231.364501953125,2259.7832856846317,2220.5849632963464,2252.923579266682,677000
2025-06-25 09:00:00+09:00,2194.1259765625,2231.3643808096526,2188.246228523476,2231.3643808096526,976000
2025-06-26 09:00:00+09:00,2196.086181640625,2203.925846724572,2187.2665584211845,2195.1062235051318,709500
2025-06-27 09:00:00+09:00,2209.8056640625,2210.7856222283813,2185.3067099154655,2200.9860405695676,972500
2025-06-30 09:00:00+09:00,2205.885498046875,2224.5047003848986,2205.885498046875,2220.5848683137356,905000
2025-07-01 09:00:00+09:00,2195.106201171875,2223.524986812047,2193.1462849208287,2201.965908050537,835500
2025-07-02 09:00:00+09:00,2181.38671875,2199.025964454178,2177.4668863712936,2189.2263835074123,848000
2025-07-03 09:00:00+09:00,2180.40673828125,2181.3866963658706,2162.7674927580756,2176.486905942767,808000
2025-07-04 09:00:00+09:00,2195.106201171875,2195.106201171875,2177.4669549124583,2182.366745540074,653500
2025-07-07 09:00:00+09:00,2248.02392578125,2250.96380013929,2199.0260198139167,2199.0260198139167,1592500
2025-07-08 09:00:00+09:00,2237.244384765625,2257.823505256242,2231.36463605402,2251.943756544637,1188500
2025-07-09 09:00:00+09:00,2249.98388671875,2297.0218773818597,2231.364682081269,2264.6832588009715,1083000
2025-07-10 09:00:00+09:00,2219.60498046875,2255.863428273317,2219.60498046875,2230.384519005243,1014000
2025-07-11 09:00:00+09:00,2230.384521484375,2240.1841019829885,2189.2262833901996,2200.005821938674,1220500
2025-07-14 09:00:00+09:00,2255.863525390625,2261.7432739363867,2218.6251179341334,2234.3044473894984,1138000
2025-07-15 09:00:00+09:00,2259.783447265625,2280.362567990941,2249.9838659678558,2272.5229029527254,810000
2025-07-16 09:00:00+09:00,2293.10205078125,2293.10205078125,2236.2644785823986,2239.204353006477,976500
2025-07-17 09:00:00+09:00,2346.019775390625,2346.019775390625,2273.5028733944237,2280.36258034001,1510000
2025-07-18 09:00:00+09:00,2272.52294921875,2349.9396430472457,2272.52294921875,2342.0999778494233,1028000
2025-07-22 09:00:00+09:00,2245.083984375,2276.4426432575838,2232.34452920395,2269.5829366270186,1180000
2025-07-23 09:00:00+09:00,2231.364501953125,2256.84341150551,2211.7653407589823,2245.0839147890247,1224500
2025-07-24 09:00:00+09:00,2233.324462890625,2235.2843790493707,2217.64513362066,2219.605049779406,913500
2025-07-25 09:00:00+09:00,2215.685302734375,2235.284465076121,2215.685302734375,2225.484883905248,866000
2025-07-28 09:00:00+09:00,2193.146240234375,2213.7253604510515,2187.266491601039,2213.7253604510515,1088000
2025-07-29 09:00:00+09:00,2164.727294921875,2193.1460778792016,2164.727294921875,2189.2262457471566,1184000
2025-07-30 09:00:00+09:00,2177.466796875,2184.3265032557943,2164.7273421678105,2165.7073002222096,618000
2025-07-31 09:00:00+09:00,2178.44677734375,2195.106064439946,2172.5670289568575,2185.3064837951247,661500
2025-08-01 09:00:00+09:00,2203.92578125,2209.8055298882837,2182.3667029096264,2187.2664934415297,829500
2025-08-04 09:00:00+09:00,2212.745361328125,2219.6050679398595,2195.106115755093,2199.0259481046555,722000
2025-08-05 09:00:00+09:00,2199.026123046875,2226.4649516766935,2199.026123046875,2205.8858302043295,643500
2025-08-06 09:00:00+09:00,2214.705322265625,2220.585070908808,2196.0861182288786,2196.0861182288786,603000
2025-08-07 09:00:00+09:00,2228.4248046875,2264.683255775203,2220.585139587456,2223.5250139999725,1575000
2025-08-08 09:00:00+09:00,2255.863525390625,2263.7031901183077,2230.3846150256572,2230.3846150256572,1041000
2025-08-12 09:00:00+09:00,2268.60302734375,2276.4426922330586,2227.4447866748783,2257.82348812095,1202000
2025-08-13 09:00:00+09:00,2253.903564453125,2264.68310323964,2235.2843610945993,2248.023816024117,902500
2025-08-14 09:00:00+09:00,2226.46484375,2252.923712931888,2217.6452206893705,2239.20429928202,918500
2025-08-15 09:00:00+09:00,2232.344482421875,2232.344482421875,2211.765362961445,2220.5849855873435,581500
2025-08-18 09:00:00+09:00,2239.204345703125,2251.943801499248,2216.6653085253693,2221.565099216186,722500
2025-08-19 09:00:00+09:00,2245.083984375,2249.9837748254035,2234.3044453841117,2237.244319654354,454000
2025-08-20 09:00:00+09:00,2259.783447265625,2265.663196044287,2243.1241590594173,2247.043991578525,616500
2025-08-21 09:00:00+09:00,2249.98388671875,2276.442756466749,2244.1041378858613,2273.502882050305,555000
2025-08-22 09:00:00+09:00,2244.10400390625,2267.622997833652,2243.1240458259417,2259.7833331911847,577500
2025-08-25 09:00:00+09:00,2226.46484375,2236.264424928477,2212.745430100132,2236.264424928477,752000
2025-08-26 09:00:00+09:00,2230.384521484375,2230.384521484375,2218.6250248860392,2227.444647334791,1291000
2025-08-27 09:00:00+09:00,2236.264404296875,2240.184236732102,2225.484865100001,2231.3646137528413,736500
2025-08-28 09:00:00+09:00,2244.890869140625,2256.2938042091396,2211.1778437206685,2216.1356415765445,1041400
2025-08-29 09:00:00+09:00,2252.823486328125,2260.7559633926608,2215.640000088114,2243.899449630522,1609500
2025-09-01 09:00:00+09:00,2231.5048828125,2292.9815780954928,2225.5555252044687,2259.76433145065,955800
2025-09-02 09:00:00+09:00,2319.753662109375,2319.753662109375,2254.3107291325773,2300.418250093503,1797400
2025-09-03 09:00:00+09:00,2534.922119140625,2562.685787959689,2403.04469225007,2404.5320316510915,4325800
2025-09-04 09:00:00+09:00,2490.7978515625,2536.409595659584,2487.3273927725045,2516.0826227467533,1814200
2025-09-05 09:00:00+09:00,2517.07421875,2528.972934773242,2478.899171508765,2478.899171508765,1139500
2025-09-08 09:00:00+09:00,2545.33349609375,2567.1478073185503,2517.569827262186,2532.4432212790953,1164100
2025-09-09 09:00:00+09:00,2532.93896484375,2556.7363949303617,2507.6541953767246,2548.3081384413535,866800
2025-09-10 09:00:00+09:00,2501.704833984375,2557.2321707672227,2497.242815850039,2556.2406111818145,637000
2025-09-11 09:00:00+09:00,2497.242919921875,2518.5614518965904,2476.420167760525,2506.1669565624534,948100
2025-09-12 09:00:00+09:00,2460.059326171875,2493.7723520041377,2457.58042721362,2489.8061136709302,968600
2025-09-16 09:00:00+09:00,2441.715576171875,2478.8990621034263,2437.253557860089,2475.4286034164816,813100
2025-09-17 09:00:00+09:00,2400.070068359375,2430.3126368720627,2394.120710619174,2429.321077248696,750000
2025-09-18 09:00:00+09:00,2389.65869140625,2400.5658472591417,2366.8528200774767,2400.0700674476466,875500
2025-09-19 09:00:00+09:00,2346.030029296875,2389.1628721854695,2338.0975524438004,2371.810579069368,2256000
2025-09-22 09:00:00+09:00,2325.207275390625,2355.945623167644,2323.2241561792043,2343.5511280962655,734500
2025-09-24 09:00:00+09:00,2418.90966796875,2428.3294842613113,2340.080678994159,2347.5173760672333,1022400
2025-09-25 09:00:00+09:00,2391.14599609375,2434.2788390670357,2367.84434529209,2415.4392065039915,946300
2025-09-26 09:00:00+09:00,2387.1796875,2407.506658878505,2374.785192757009,2390.6501460280374,746600
2025-09-29 09:00:00+09:00,2340.080810546875,2381.7263164972856,2331.652553390244,2370.81916017694,765500
2025-09-30 09:00:00+09:00,2347.517333984375,2354.4582511281515,2338.5932976566623,2340.0806370446144,693200
2025-10-01 09:00:00+09:00,2312.317138671875,2348.5090664426825,2294.4690647027096,2348.5090664426825,957500
2025-10-02 09:00:00+09:00,2296.94775390625,2327.190320922931,2288.519497524552,2310.8295879466937,862800
2025-10-03 09:00:00+09:00,2310.82958984375,2319.257846232367,2290.9983983411216,2297.9393153670417,698400
2025-10-06 09:00:00+09:00,2314.7958984375,2336.1144299502034,2298.9309447536275,2335.1228703449615,990700
2025-10-07 09:00:00+09:00,2337.10595703125,2343.055314579908,2305.3760501050724,2305.871829900794,720300
2025-10-08 09:00:00+09:00,2347.021728515625,2379.7431974809883,2346.5259486828163,2349.9964075124763,1058400
2025-10-09 09:00:00+09:00,2433.287353515625,2443.202949903219,2364.869738441225,2384.700931216413,1490400
2025-10-10 09:00:00+09:00,2415.439208984375,2461.5467308307516,2382.7177418675915,2408.994071521978,1191700
2025-10-14 09:00:00+09:00,2458.076416015625,2473.445590863645,2401.061735127808,2415.4393503082138,1453400
2025-10-15 09:00:00+09:00,2498.730224609375,2506.662701512897,2429.321051703559,2429.321051703559,1243600
2025-10-16 09:00:00+09:00,2481.873779296875,2536.4095595051563,2439.2367147704003,2526.4939631036505,851400
2025-10-17 09:00:00+09:00,2472.453857421875,2538.8883504827395,2465.01716043745,2485.8399119938404,880500
2025-10-20 09:00:00+09:00,2519.552978515625,2523.519216970589,2473.4454564766734,2505.6711439232527,1011100
2025-10-21 09:00:00+09:00,2551.282958984375,2574.5846105724563,2504.679655808213,2548.308280058237,1367800
2025-10-22 09:00:00+09:00,2638.540283203125,2644.489641226131,2559.215509563046,2578.055143302565,1539700
2025-10-23 09:00:00+09:00,2647.464111328125,2650.438790104898,2614.74264478362,2647.464111328125,1132800
2025-10-24 09:00:00+09:00,2632.5908203125,2646.968434962041,2609.784948799435,2635.5654992055083,1057100
2025-10-27 09:00:00+09:00,2638.04443359375,2715.3860858472035,2624.1625985738992,2656.884066834976,1250700
2025-10-28 09:00:00+09:00,2605.818603515625,2649.943005287484,2602.8439247444885,2637.5485104077484,1248900
2025-10-29 09:00:00+09:00,2582.021240234375,2627.6329825733847,2564.66894695323,2618.7089460287957,965900
2025-10-30 09:00:00+09:00,2644.489501953125,2677.2109693563693,2576.5676681009354,2583.0128056197564,2867700
2025-10-31 09:00:00+09:00,2654.405029296875,2667.295304000222,2637.5485162232676,2667.295304000222,986200
2025-11-04 09:00:00+09:00,2665.80810546875,2671.261683516017,2588.46645316205,2605.3229671263307,905700
2025-11-05 09:00:00+09:00,2653.909423828125,2687.62245218985,2609.289239231725,2673.7406169820806,1884900
2025-11-06 09:00:00+09:00,2619.700439453125,2673.740437163267,2597.39034865536,2662.8332816621373,1341300
2025-11-07 09:00:00+09:00,2661.345947265625,2671.2615431943345,2607.305949454158,2608.793288843465,1208200
2025-11-10 09:00:00+09:00,2714.39453125,2726.789026826484,2672.2532462899544,2705.966274257991,1015500
2025-11-11 09:00:00+09:00,2717.369140625,2728.7720762634553,2687.622352002942,2705.966204986544,681400
2025-11-12 09:00:00+09:00,2716.377685546875,2741.662456848735,2704.9747494695657,2717.3692452057717,1135100
2025-11-13 09:00:00+09:00,2724.31005859375,2737.200333666259,2703.983086364024,2706.957765226911,659000
2025-11-14 09:00:00+09:00,2692.08447265625,2774.383924306515,2649.447407343462,2740.175116090441,1874000
2025-11-17 09:00:00+09:00,2729.763671875,2745.132846199033,2675.723671832433,2719.35229572001,2297900
2025-11-18 09:00:00+09:00,2733.234130859375,2786.282571273297,2719.3522959847037,2736.704589578043,1665200
2025-11-19 09:00:00+09:00,2757.031494140625,2771.904888282725,2715.881770347481,2750.586356679048,1962900
2025-11-20 09:00:00+09:00,2797.685546875,2868.086281884082,2747.1160048262227,2757.0316013063753,2259700
2025-11-21 09:00:00+09:00,2862.136962890625,2876.0187981514837,2744.637143004071,2779.3417311562175,2113700
2025-11-25 09:00:00+09:00,2815.533447265625,2899.3202323665037,2798.67693428675,2880.4806002136434,2456000
2025-11-26 09:00:00+09:00,2726.7890625,2893.866865056818,2594.4158480113633,2834.3732855113635,20287400
2025-11-27 09:00:00+09:00,2726.7890625,2754.056953125,2670.7659417613636,2726.7890625,3242200
2025-11-28 09:00:00+09:00,2745.628662109375,2782.8121488660026,2718.3607718211815,2763.972515575978,2648800
2025-12-01 09:00:00+09:00,2720.839599609375,2820.9871213151137,2716.8733611259795,2795.2065711730424,2219900
2025-12-02 09:00:00+09:00,2718.8564453125,2819.0039657270013,2718.8564453125,2806.1136908221642,2915100
2025-12-03 09:00:00+09:00,2736.70458984375,2806.113764223845,2700.5126632027004,2796.1981678838315,5633200
2025-12-04 09:00:00+09:00,2775.87109375,2800.164303893552,2747.6116452156634,2761.4934795834074,2886200
2025-12-05 09:00:00+09:00,2789.7529296875,2793.719168080516,2743.6454083686913,2789.257149888373,2051300
2025-12-08 09:00:00+09:00,2788.265625,2790.7445240264938,2763.972414540363,2776.366909672831,1326100
2025-12-09 09:00:00+09:00,2815.037841796875,2853.7086680843277,2789.753070762771,2825.9449979292335,1508800
2025-12-10 09:00:00+09:00,2860.6494140625,2860.6494140625,2822.970149683167,2841.8097818728334,1685300
2025-12-11 09:00:00+09:00,2827.927978515625,2890.3962333005074,2818.508162317905,2870.5650413053067,1831300
2025-12-12 09:00:00+09:00,2818.50830078125,2837.843713926451,2812.5589428904186,2834.8690349810354,1279100
2025-12-15 09:00:00+09:00,2797.685546875,2826.9365564914497,2786.282610922825,2825.944996843434,1747300
2025-12-16 09:00:00+09:00,2794.710693359375,2805.6178488062274,2774.8795016378253,2797.6853721176076,1644700
2025-12-17 09:00:00+09:00,2767.938720703125,2798.1812895662615,2767.938720703125,2794.710830844262,2712000
2025-12-18 09:00:00+09:00,2776.366943359375,2786.2825395856585,2768.9302461896623,2780.8289616612024,1966000
2025-12-19 09:00:00+09:00,2801.156005859375,2803.6349049796045,2774.383895360896,2776.36701465708,2846000
2025-12-22 09:00:00+09:00,2803.13916015625,2841.809986914684,2803.13916015625,2806.609618967904,1088400
2025-12-23 09:00:00+09:00,2825.94482421875,2837.3477594743695,2800.660054738898,2804.130513294956,1311300
2025-12-24 09:00:00+09:00,2830.90283203125,2837.347969827468,2815.533657286422,2822.4745749131184,791400
2025-12-25 09:00:00+09:00,2845.776123046875,2857.1790587315577,2828.9196094260396,2851.725480795405,1401800
2025-12-26 09:00:00+09:00,2850.73388671875,2893.3709500679347,2848.2549876868206,2875.5228770380436,1648100
2025-12-29 09:00:00+09:00,2845.776123046875,2872.0524531028827,2841.3141047354775,2857.674838543935,1714400
2025-12-30 09:00:00+09:00,2853.70849609375,2865.607211157379,2842.8013406187565,2865.607211157379,1541300
2026-01-05 09:00:00+09:00,2850.73388671875,2867.5904001358695,2840.8182905910326,2850.73388671875,1764900
2026-01-06 09:00:00+09:00,2931.05029296875,2966.7464399737823,2842.801485095198,2845.7761640122844,1879700
2026-01-07 09:00:00+09:00,2811.071533203125,2882.9596059217233,2811.071533203125,2881.472266486166,1551500
2026-01-08 09:00:00+09:00,2633.086669921875,2967.7380542557603,2620.1963943771625,2954.847778711048,8137500
2026-01-09 09:00:00+09:00,2559.711181640625,2581.0297136589375,2454.1100811778215,2572.6014568144883,8798500
2026-01-13 09:00:00+09:00,2497.242919921875,2589.953745021218,2497.242919921875,2573.593011180157,4055200
2026-01-14 09:00:00+09:00,2512.1162109375,2543.350337894094,2491.7892394260657,2504.1837342501112,3297600
2026-01-15 09:00:00+09:00,2578.054931640625,2597.886123422476,2511.124659376878,2568.1393357496995,3038500
2026-01-16 09:00:00+09:00,2507.654296875,2575.0803515161624,2499.721819858393,2543.350443449733,3286500
2026-01-19 09:00:00+09:00,2544.837890625,2578.0551395382818,2501.2092651866596,2520.544678733197,2443800
2026-01-20 09:00:00+09:00,2591.936767578125,2605.3228220396036,2535.4178709629937,2556.7364021423855,1869100
2026-01-21 09:00:00+09:00,2599.869384765625,2634.573972281566,2577.0635129694356,2591.936907619124,1912600
2026-01-22 09:00:00+09:00,2526.493896484375,2607.801784832773,2526.493896484375,2602.843986762749,1993300
2026-01-23 09:00:00+09:00,2513.603759765625,2543.350549822023,2486.3358688805934,2525.5024757881843,1595200
2026-01-26 09:00:00+09:00,2520.544677734375,2568.1395418300676,2511.6206407164327,2557.2323854748047,1497200
2026-01-27 09:00:00+09:00,2480.882080078125,2529.9642795041314,2480.882080078125,2524.5107017901305,1833600
2026-01-28 09:00:00+09:00,2461.051025390625,2500.217631153288,2450.143869355453,2492.285154036799,2332000
2026-01-29 09:00:00+09:00,2402.549072265625,2442.707238764493,2365.365584766673,2431.800082431467,2706500
2026-01-30 09:00:00+09:00,2445.18603515625,2458.076310280756,2407.5067694076947,2415.935026219872,2476400
2026-02-02 09:00:00+09:00,2485.34423828125,2508.150110006951,2460.0594674549297,2498.7302934245963,2032100
2026-02-03 09:00:00+09:00,2458.076416015625,2493.276784215929,2458.076416015625,2478.8991690355233,1707300
2026-02-04 09:00:00+09:00,2487.822998046875,2502.6963918175816,2467.9918063525993,2499.2259332710832,1498800
2026-02-05 09:00:00+09:00,2535.913818359375,2555.7450114648245,2487.8231750786595,2531.947579738285,1341900
2026-02-06 09:00:00+09:00,2522.031982421875,2540.3758360388615,2498.7303305300275,2535.4180377640005,1289200
2026-02-09 09:00:00+09:00,2546.82080078125,2547.812360368862,2502.2006193387133,2518.56135253431,1484200
2026-02-10 09:00:00+09:00,2553.76171875,2561.1984156595804,2527.9811694634536,2528.972729051398,1150300
2026-02-12 09:00:00+09:00,2683.160400390625,2683.160400390625,2588.4664542571054,2603.339848937763,2254100
2026-02-13 09:00:00+09:00,2707.94921875,2760.9976563930336,2677.210871704504,2732.738208302819,2239600
2026-02-16 09:00:00+09:00,2687.622314453125,2727.780478531838,2685.6391952393615,2721.831120890547,1547000
2026-02-17 09:00:00+09:00,2645.976806640625,2688.6138696668745,2627.632953943285,2688.1180898642438,1396900
2026-02-18 09:00:00+09:00,2685.1435546875,2713.4030049491666,2652.4220859634647,2660.3545632298974,1194800
2026-02-19 09:00:00+09:00,2731.746826171875,2750.090679632557,2682.1688438457068,2686.1350824318,1894900
2026-02-20 09:00:00+09:00,2633.582275390625,2715.881721496582,2633.582275390625,2706.95768517184,1528100
2026-02-24 09:00:00+09:00,2673.24462890625,2696.5462790469387,2639.0358233805578,2661.345913940792,2202900
2026-02-25 09:00:00+09:00,2702.0,2722.3269724770644,2689.109724770642,2717.8649541284403,2333100
2026-02-26 09:00:00+09:00,2600.5,2723.0,2600.5,2723.0,2448300
2026-02-27 09:00:00+09:00,2625.0,2627.0,2568.5,2621.0,4405700
2026-03-02 09:00:00+09:00,2582.5,2644.5,2565.5,2623.0,1439400
2026-03-03 09:00:00+09:00,2513.5,2579.0,2489.5,2572.0,1711400
2026-03-04 09:00:00+09:00,2440.0,2464.5,2426.5,2451.0,1637400
2026-03-05 09:00:00+09:00,2320.0,2495.5,2320.0,2490.0,2490200
2026-03-06 09:00:00+09:00,2272.5,2300.0,2251.0,2297.0,1975300
2026-03-09 09:00:00+09:00,2272.0,2272.0,2174.0,2208.0,2699600
2026-03-10 09:00:00+09:00,2268.0,2302.0,2247.5,2281.5,1757500
2026-03-11 09:00:00+09:00,2242.5,2296.5,2242.5,2285.0,1098800
2026-03-12 09:00:00+09:00,2201.0,2238.0,2184.0,2220.5,1557400
2026-03-13 09:00:00+09:00,2261.5,2263.5,2217.0,2231.0,2096300
2026-03-16 09:00:00+09:00,2327.0,2346.5,2259.0,2269.0,2151600
2026-03-17 09:00:00+09:00,2340.0,2372.0,2318.5,2321.0,1381100
2026-03-18 09:00:00+09:00,2428.5,2428.5,2345.0,2346.0,1549500
2026-03-19 09:00:00+09:00,2339.5,2375.5,2327.0,2349.0,4335900
2026-03-23 09:00:00+09:00,2347.5,2375.0,2332.5,2339.5,1646600
2026-03-24 09:00:00+09:00,2372.0,2405.5,2372.0,2397.5,1166400
2026-03-25 09:00:00+09:00,2449.0,2451.5,2391.0,2418.0,1819100
2026-03-26 09:00:00+09:00,2472.5,2484.5,2410.0,2449.0,1424700
2026-03-27 09:00:00+09:00,2528.0,2535.5,2471.5,2480.0,1766000
2026-03-30 09:00:00+09:00,2486.0,2526.0,2468.5,2496.0,1833700
2026-03-31 09:00:00+09:00,2480.5,2504.5,2470.5,2500.0,1283400
2026-04-01 09:00:00+09:00,2535.5,2546.0,2484.0,2500.5,1133000
2026-04-02 09:00:00+09:00,2470.0,2545.5,2470.0,2520.5,1032800
2026-04-03 09:00:00+09:00,2506.0,2541.5,2475.0,2486.5,987100
2026-04-06 09:00:00+09:00,2525.0,2545.0,2491.5,2503.5,780300
2026-04-07 09:00:00+09:00,2512.0,2544.5,2496.5,2523.5,811900
2026-04-08 09:00:00+09:00,2489.5,2562.0,2480.5,2561.5,1665200
2026-04-09 09:00:00+09:00,2250.0,2550.0,2241.0,2532.5,4563000
2026-04-10 09:00:00+09:00,2177.5,2285.0,2150.5,2269.5,5184400
2026-04-13 09:00:00+09:00,2132.0,2215.0,2131.0,2194.0,4710200
2026-04-14 09:00:00+09:00,2023.0,2118.0,2010.0,2118.0,4010900
2026-04-15 09:00:00+09:00,2038.0,2079.5,2012.5,2016.0,3175900
2026-04-16 09:00:00+09:00,2025.0,2093.5,2017.0,2050.5,3076400
2026-04-17 09:00:00+09:00,2060.5,2077.5,2026.0,2036.0,3005600
2026-04-20 09:00:00+09:00,2051.0,2082.0,2026.5,2077.5,1883800
2026-04-21 09:00:00+09:00,2024.0,2050.0,2015.0,2040.0,2218800
2026-04-22 09:00:00+09:00,2060.5,2098.5,2030.0,2040.0,2231900
2026-04-23 09:00:00+09:00,2075.0,2108.5,2050.0,2088.5,2063100
2026-04-24 09:00:00+09:00,2051.5,2075.0,2031.5,2071.5,1495200
2026-04-27 09:00:00+09:00,2115.5,2136.0,2070.5,2098.0,2578000
2026-04-28 09:00:00+09:00,2151.5,2159.5,2116.0,2126.0,2261400
2026-04-30 09:00:00+09:00,2058.0,2130.5,2043.0,2122.5,2511300
2026-05-01 09:00:00+09:00,2070.0,2086.5,2061.0,2086.0,1169800
2026-05-07 09:00:00+09:00,2079.0,2119.5,2072.0,2091.0,2658200
2026-05-08 09:00:00+09:00,2048.0,2078.0,2032.5,2068.0,2199600
2026-05-11 09:00:00+09:00,2039.0,2072.0,2030.5,2050.0,1832100
2026-05-12 09:00:00+09:00,2032.5,2064.0,2028.5,2032.0,1693300
2026-05-13 09:00:00+09:00,2063.5,2104.5,2050.0,2054.0,2586000
2026-05-14 09:00:00+09:00,2011.5,2076.0,1993.0,2068.5,2303200
2026-05-15 09:00:00+09:00,2106.5,2106.5,1999.0,2001.0,3002300
2026-05-18 09:00:00+09:00,2031.0,2115.0,2022.0,2106.5,1888300
2026-05-19 09:00:00+09:00,2091.0,2091.0,2014.5,2075.0,3076000
2026-05-20 09:00:00+09:00,2083.0,2147.0,2046.0,2123.5,2008800
2026-05-21 09:00:00+09:00,2127.0,2137.0,2084.0,2103.0,2284500
2026-05-22 09:00:00+09:00,2087.5,2094.0,2042.0,2053.0,2224900
2026-05-25 09:00:00+09:00,1942.5,2058.0,1933.5,2049.0,3835700
2026-05-26 09:00:00+09:00,1926.0,1949.0,1890.5,1918.5,3500100
2026-05-27 09:00:00+09:00,1904.0,1920.0,1889.0,1905.0,2934400
2026-05-28 09:00:00+09:00,1951.5,1987.5,1925.5,1930.0,3389700
2026-05-29 09:00:00+09:00,1971.5,1999.0,1940.0,1951.5,16913700
2026-06-01 09:00:00+09:00,1946.0,1956.0,1899.0,1955.5,2004600
2026-06-02 09:00:00+09:00,1954.5,1966.0,1892.5,1901.0,2446000
2026-06-03 09:00:00+09:00,1972.5,1979.5,1924.0,1938.5,1895100
2026-06-04 09:00:00+09:00,1963.0,2019.0,1945.0,1997.0,1748200
2026-06-05 09:00:00+09:00,1986.5,2009.5,1965.5,1965.5,1473100
2026-06-08 09:00:00+09:00,2053.0,2053.0,2000.0,2005.0,1812400
2026-06-09 09:00:00+09:00,2054.0,2064.5,2026.5,2051.0,1199600
2026-06-10 09:00:00+09:00,2102.0,2109.5,2070.0,2098.0,1324400
2026-06-11 09:00:00+09:00,2108.5,2135.0,2091.0,2116.0,1331000
2026-06-12 09:00:00+09:00,2079.0,2109.5,2064.5,2093.0,1318700
2026-06-15 09:00:00+09:00,2062.5,2079.0,2049.0,2065.0,903200
2026-06-16 09:00:00+09:00,2022.0,2046.5,2012.0,2035.0,1714500
2026-06-17 09:00:00+09:00,2015.5,2070.0,2015.5,2030.5,946500
2026-06-18 09:00:00+09:00,2027.0,2030.5,1983.5,2005.0,1572400
2026-06-19 09:00:00+09:00,1972.5,2010.0,1963.0,2005.5,1985600
2026-06-22 09:00:00+09:00,1972.0,1982.0,1943.5,1970.0,1659900
2026-06-23 09:00:00+09:00,1990.0,1999.5,1944.0,1950.0,1609600
2026-06-24 09:00:00+09:00,2014.5,2040.5,1986.5,2006.0,1716100
2026-06-25 09:00:00+09:00,1996.0,2043.0,1990.5,2031.0,1837300
2026-06-26 09:00:00+09:00,1999.0,2014.5,1980.0,2010.0,1156400
2026-06-29 09:00:00+09:00,2093.0,2099.5,2009.0,2021.5,2025600
2026-06-30 09:00:00+09:00,2058.0,2093.5,2040.0,2088.0,1630900
2026-07-01 09:00:00+09:00,2017.0,2046.5,2003.0,2041.5,1411100
2026-07-02 09:00:00+09:00,2104.0,2113.0,2036.0,2059.0,1952800
2026-07-03 09:00:00+09:00,2133.0,2173.0,2123.5,2153.0,1792300
2026-07-06 09:00:00+09:00,2255.5,2257.0,2176.0,2199.0,2212200
2026-07-07 09:00:00+09:00,2308.0,2314.5,2229.0,2255.0,2558400
2026-07-08 09:00:00+09:00,2294.5,2312.5,2250.5,2300.0,2420500
2026-07-09 09:00:00+09:00,2360.5,2408.5,2310.0,2384.0,7254600
2026-07-10 09:00:00+09:00,2257.0,2318.5,2257.0,2305.0,2978400
