Date,Close,High,Low,Open,Volume
2019-08-29 09:00:00+09:00,367.0923156738281,371.51363496598526,363.53069735514595,371.51363496598526,1237600
2019-08-30 09:00:00+09:00,375.8121337890625,378.26842224520016,370.28548476275273,370.28548476275273,817600
2019-09-02 09:00:00+09:00,370.8995666503906,396.07652398924165,370.2854945201747,393.00616333816225,2280800
2019-09-03 09:00:00+09:00,370.8995666503906,376.4262158223335,366.969505017009,370.8995666503906,679200
2019-09-04 09:00:00+09:00,369.67138671875,370.28545878971136,362.91659393817486,365.6185110504049,1336000
2019-09-05 09:00:00+09:00,373.3558044433594,373.9698764901412,367.21508397554095,369.6713721626683,657600
2019-09-06 09:00:00+09:00,370.28546142578125,374.58396595311206,369.6713893504483,373.3558218024461,452000
2019-09-09 09:00:00+09:00,370.8995666503906,372.7417830410383,368.32046370348394,370.2854945201747,543200
2019-09-10 09:00:00+09:00,361.44281005859375,370.8995196659711,357.3899345125748,367.33790176189393,2069600
2019-09-11 09:00:00+09:00,365.12725830078125,365.37288713246693,353.8283320432394,356.2846203600963,1290400
2019-09-12 09:00:00+09:00,366.8466796875,369.671411402536,363.16224701571394,365.2500921963927,900000
2019-09-13 09:00:00+09:00,369.0573425292969,370.8995588813566,365.0044665547655,367.21512617723715,992000
2019-09-17 09:00:00+09:00,370.8995666503906,377.0402879525494,367.70639157326804,369.057350259743,978400
2019-09-18 09:00:00+09:00,379.4965515136719,392.39206540005875,376.42619106453213,380.72469569332776,2358400
2019-09-19 09:00:00+09:00,386.86541748046875,390.5498500279018,379.4965523856027,380.1106244768415,916000
2019-09-20 09:00:00+09:00,400.375,404.0594325153374,391.777990797546,392.3920628834356,1243200
2019-09-24 09:00:00+09:00,397.918701171875,411.42828670548806,394.2342687536169,404.67349393868153,1395200
2019-09-25 09:00:00+09:00,390.5498352050781,410.20014137891854,389.3216910692131,399.1468441561333,1004000
2019-09-26 09:00:00+09:00,399.7609558105469,404.05946071173554,393.00616239439324,393.00616239439324,745600
2019-09-27 09:00:00+09:00,405.28759765625,412.41083422111745,399.39250532670457,399.8837630208333,784400
2019-09-30 09:00:00+09:00,411.9195556640625,415.1127305141715,401.60314460986416,402.83128878298305,1168400
2019-10-01 09:00:00+09:00,393.00616455078125,407.74389572143554,388.09358749389645,407.74389572143554,1222400
2019-10-02 09:00:00+09:00,387.60235595703125,395.70810864814786,383.1810363073313,384.65480952389794,788800
2019-10-03 09:00:00+09:00,377.040283203125,390.5498698976995,375.81213895816364,386.1285506158388,553600
2019-10-04 09:00:00+09:00,384.40911865234375,386.61977812063196,374.3383366301417,380.7246862051967,730400
2019-10-07 09:00:00+09:00,386.1285400390625,402.83130131301687,385.8829111967985,402.83130131301687,842400
2019-10-08 09:00:00+09:00,392.02362060546875,395.21679546002457,385.14601322642545,385.14601322642545,712000
2019-10-09 09:00:00+09:00,385.8829040527344,392.0236249956487,382.9353580001355,388.3391924299001,797600
2019-10-10 09:00:00+09:00,374.82958984375,382.1984546506389,372.1276727478907,382.1984546506389,654000
2019-10-11 09:00:00+09:00,369.42578125,372.3733273769947,366.2326062790891,372.1276985330785,817600
2019-10-15 09:00:00+09:00,379.7421875,380.2334451811126,373.3558376455369,375.32086836998707,826800
2019-10-16 09:00:00+09:00,380.4790344238281,389.3216717635685,377.2858598289219,384.1634666487199,661600
2019-10-17 09:00:00+09:00,385.14605712890625,387.35671689559007,378.7597066918198,380.4791087325739,624800
2019-10-18 09:00:00+09:00,381.70721435546875,389.56733717359936,379.98781248900264,386.12853344066724,612400
2019-10-21 09:00:00+09:00,381.9528503417969,384.9003964537593,375.8121292752085,381.7072214991333,355200
2019-10-23 09:00:00+09:00,386.86541748046875,387.1110463169643,378.75966587611606,382.68972726004466,605200
2019-10-24 09:00:00+09:00,395.70806884765625,396.1993265371009,384.4091419904296,388.584832350709,696000
2019-10-25 09:00:00+09:00,394.97119140625,401.8487992168066,390.54987209946364,401.8487992168066,481200
2019-10-28 09:00:00+09:00,392.5148620605469,399.638097980294,391.0410891116337,397.91869620656195,444000
2019-10-29 09:00:00+09:00,396.4449768066406,398.1643788126174,391.532399646707,395.4624613746539,632800
2019-10-30 09:00:00+09:00,393.25177001953125,399.88374865196556,389.56733744595664,393.25177001953125,651200
2019-10-31 09:00:00+09:00,400.375,404.0594325153374,391.777990797546,400.375,695200
2019-11-01 09:00:00+09:00,401.1119079589844,407.74388684134357,398.9012483315313,399.63813487401563,628000
2019-11-05 09:00:00+09:00,419.7796630859375,422.2359513427306,405.2875623708583,408.7263659303686,1550000
2019-11-06 09:00:00+09:00,415.8496398925781,429.6048553881389,410.2001763854728,424.9379072735736,1370400
2019-11-07 09:00:00+09:00,436.482421875,437.21930834974677,415.11271410734383,416.3408582319218,1633600
2019-11-08 09:00:00+09:00,426.1660461425781,431.815509578474,419.77969617156543,421.25346924179917,1346400
2019-11-11 09:00:00+09:00,441.1493835449219,442.13189887575686,426.1660247496879,435.00866272720305,1564800
2019-11-12 09:00:00+09:00,441.39501953125,453.1852036923519,437.21932930752644,444.5881944082151,2483200
2019-11-13 09:00:00+09:00,456.6240539550781,463.0104043600442,442.6232088364985,445.8163840389816,2139600
2019-11-14 09:00:00+09:00,468.4141845703125,477.2568225590546,418.5515314671277,428.6223136209729,4446400
2019-11-15 09:00:00+09:00,472.0986328125,472.83551933614075,462.02785032274323,464.97539641730623,1761600
2019-11-18 09:00:00+09:00,475.2918395996094,494.9421482135467,474.0636953112383,479.9587878954195,3822800
2019-11-19 09:00:00+09:00,487.8188781738281,490.0295377425917,478.9762398987738,478.9762398987738,2594800
2019-11-20 09:00:00+09:00,491.2576599121094,491.2576599121094,480.9412490539551,489.0470004425049,1702800
2019-11-21 09:00:00+09:00,500.8372497558594,504.76731154894117,485.11700258353227,491.50335299729016,2377600
2019-11-22 09:00:00+09:00,498.3809509277344,503.0478992114342,490.02956978848204,499.85472406995535,1232800
2019-11-25 09:00:00+09:00,499.1178283691406,504.52166312510576,495.18776672843876,504.03040542001804,980800
2019-11-26 09:00:00+09:00,496.4158630371094,500.5915531269811,485.8538233980219,496.90712069474137,2839600
2019-11-27 09:00:00+09:00,498.1352844238281,499.6090574546679,482.4150387615377,486.5907290155836,2323200
2019-11-28 09:00:00+09:00,516.5574340820312,517.7855782429491,502.5565906475682,505.7497654659545,2850000
2019-11-29 09:00:00+09:00,500.591552734375,520.7331166814892,496.66149147640147,519.5049725383725,1953200
2019-12-02 09:00:00+09:00,501.5741271972656,506.2410754914616,491.50334403610606,500.5916117669086,1121200
2019-12-03 09:00:00+09:00,514.8380737304688,516.803104546234,493.22273475705214,494.2052501649347,1662800
2019-12-04 09:00:00+09:00,513.8555297851562,516.066189330121,506.4866646352735,512.1361279168502,1132000
2019-12-05 09:00:00+09:00,494.6965026855469,511.1536355951455,489.047039149416,508.6973471011756,2172000
2019-12-06 09:00:00+09:00,498.8721923828125,499.36345008087534,489.2926672705871,491.2576980628385,820000
2019-12-09 09:00:00+09:00,489.5382995605469,497.15279393404256,486.5907533514518,497.15279393404256,848800
2019-12-10 09:00:00+09:00,477.74810791015625,479.4675098409383,468.6598405617368,476.76559252113793,1653200
2019-12-11 09:00:00+09:00,460.0628356933594,478.97625712869774,457.11528949564433,477.7481128796498,1526400
2019-12-12 09:00:00+09:00,455.3958740234375,465.95791425159706,449.99203948810003,458.3434201336216,1200000
2019-12-13 09:00:00+09:00,440.4125061035156,454.1677210180705,438.93873307695617,454.1677210180705,1594400
2019-12-16 09:00:00+09:00,459.3259582519531,460.0628448159937,442.6231961337003,443.60571155242104,2222800
2019-12-17 09:00:00+09:00,455.15020751953125,456.62398045267594,449.5007446091431,455.8870939861036,1359200
2019-12-18 09:00:00+09:00,456.86962890625,457.6065154044859,449.99202158938175,454.9045982442876,959200
2019-12-19 09:00:00+09:00,461.5365295410156,468.9053937699834,454.9045517349446,455.3958093502091,1361200
2019-12-20 09:00:00+09:00,486.3451232910156,487.5732675417505,469.6423614810211,470.62487688160905,1818000
2019-12-23 09:00:00+09:00,472.58990478515625,486.59074915768946,469.1511009041832,482.16942988215266,1652400
2019-12-24 09:00:00+09:00,481.67816162109375,482.16941930760174,465.22102912307577,472.5898944206957,1018400
2019-12-25 09:00:00+09:00,500.3459777832031,503.2935240440762,477.01123655129135,477.01123655129135,2304800
2019-12-26 09:00:00+09:00,491.2576599121094,502.3109572601319,491.0120310821533,498.62652481079107,1113600
2019-12-27 09:00:00+09:00,491.2576599121094,491.9945464019776,478.9762184143067,491.2576599121094,989600
2019-12-30 09:00:00+09:00,491.50335693359375,495.679047622185,486.59077965289816,488.31018170114163,1133200
2020-01-06 09:00:00+09:00,485.60821533203125,490.7664209577129,475.7830617593043,490.7664209577129,1048400
2020-01-07 09:00:00+09:00,491.2576599121094,492.2401752319336,474.0636418151856,480.6956202239991,1282000
2020-01-08 09:00:00+09:00,469.6423645019531,486.0994975676597,464.4841586156869,484.134466753844,1397600
2020-01-09 09:00:00+09:00,470.8704833984375,483.1519253232794,466.9404219824881,478.97623506883315,924400
2020-01-10 09:00:00+09:00,464.97540283203125,468.6598355010648,461.0453413183955,468.6598355010648,1170400
2020-01-14 09:00:00+09:00,477.2568054199219,477.9936918925208,466.94039480353655,472.5898577601285,981600
2020-01-15 09:00:00+09:00,466.44915771484375,473.81802276563116,464.48412703463373,472.83550742552615,877600
2020-01-16 09:00:00+09:00,479.9587707519531,481.1869149964566,469.6423590981241,470.13361679592543,922000
2020-01-17 09:00:00+09:00,477.50244140625,483.88879093123074,476.7655549225984,481.432502652392,608000
2020-01-20 09:00:00+09:00,478.9762268066406,479.4674844751603,470.8704752760667,474.0636501214443,536400
2020-01-21 09:00:00+09:00,490.275146484375,497.39838258059086,484.3800545426791,491.257661807991,1104400
2020-01-22 09:00:00+09:00,492.2402038574219,496.66152305374607,488.55577119381843,488.80140003805866,974400
2020-01-23 09:00:00+09:00,503.0478820800781,504.5216551721096,484.87134727835655,490.52081079781055,1476000
2020-01-24 09:00:00+09:00,481.92376708984375,503.539104247798,481.1868805958226,503.539104247798,1243200
2020-01-27 09:00:00+09:00,456.6240539550781,478.97628037245954,456.37842509334865,478.97628037245954,2103600
2020-01-28 09:00:00+09:00,451.9570617675781,456.6240096880042,444.83382546798043,448.76388687465504,1128000
2020-01-29 09:00:00+09:00,441.8862609863281,455.88710416377154,438.9387150542348,452.69392940400377,1113200
2020-01-30 09:00:00+09:00,421.9903564453125,441.6406640795529,409.95454301934024,440.1668910069849,2076800
2020-01-31 09:00:00+09:00,428.6223449707031,433.28929313943854,416.3409024213993,418.06030437830185,1155600
2020-02-03 09:00:00+09:00,425.6747741699219,428.86794904828827,415.11273418763295,415.6039918612278,1074000
2020-02-04 09:00:00+09:00,443.851318359375,449.0095240514319,427.1485570708097,428.6223301256831,1037200
2020-02-05 09:00:00+09:00,447.7814025878906,459.5715876258603,442.3775677788212,454.65901052670625,740800
2020-02-06 09:00:00+09:00,449.2550964355469,449.2550964355469,439.18431515951767,444.58814901494793,589200
2020-02-07 09:00:00+09:00,444.8338623046875,454.16775891848,441.6406871473375,453.1852434854492,727600
2020-02-10 09:00:00+09:00,429.6048278808594,438.20183701512474,425.6747665623381,435.7455486910489,992800
2020-02-12 09:00:00+09:00,427.1485595703125,428.62233263380983,418.79717887716095,426.1660441946476,1516000
2020-02-13 09:00:00+09:00,432.3067626953125,434.7630511197177,423.21849552501334,423.70975320989436,1882400
2020-02-14 09:00:00+09:00,404.0594177246094,439.42996857709795,394.4798935353937,432.30673264152733,4442000
2020-02-17 09:00:00+09:00,386.1285400390625,388.09357077717476,373.11021139906865,387.84794193491075,3345200
2020-02-18 09:00:00+09:00,374.82958984375,383.1809699582241,370.40827095961663,377.53150693960924,2476400
2020-02-19 09:00:00+09:00,384.65478515625,387.11107369492333,368.44328080100576,370.65394048581175,1988800
2020-02-20 09:00:00+09:00,389.5673522949219,393.7430427041361,384.90040419050604,389.07609459972025,1611200
2020-02-21 09:00:00+09:00,391.7779846191406,402.8312819908405,391.53235578865844,397.91870538119616,1305600
2020-02-25 09:00:00+09:00,394.97119140625,397.1818510596432,368.93453326628577,368.93453326628577,1482800
2020-02-26 09:00:00+09:00,390.7955017089844,411.42832518073465,388.58484205129685,394.23430562094273,1481200
2020-02-27 09:00:00+09:00,391.5323791503906,401.6031618010594,387.6023176281784,395.46244067260284,1504000
2020-02-28 09:00:00+09:00,373.60150146484375,387.11108896028514,369.9170685115415,381.7072539621086,1629600
2020-03-02 09:00:00+09:00,386.3741760253906,392.0236395019221,355.17931248106476,365.4957240469048,3093600
2020-03-03 09:00:00+09:00,372.61895751953125,407.74388232196566,366.47823640022455,396.19932661766904,1821200
2020-03-04 09:00:00+09:00,390.5498352050781,395.2167829213652,373.8470749573138,373.8470749573138,1886000
2020-03-05 09:00:00+09:00,395.46246337890625,403.32258687463604,392.51491706800755,400.37504056373734,1278800
2020-03-06 09:00:00+09:00,393.00616455078125,400.86628784179686,389.5673606109619,395.70808193206784,2030000
2020-03-09 09:00:00+09:00,361.07440185546875,378.5140498362431,357.88122687307344,377.53153445704453,2699200
2020-03-10 09:00:00+09:00,366.969482421875,370.1626573023866,335.774620127646,344.12600058436874,2533600
2020-03-11 09:00:00+09:00,329.38824462890625,366.96945374764056,329.14261581113675,364.758794387715,3060400
2020-03-12 09:00:00+09:00,318.3349914550781,325.94948584945115,299.6671987462927,319.3175068608037,2203600
2020-03-13 09:00:00+09:00,288.12261962890625,294.2633404223612,270.437343743756,283.21004299414227,2643200
2020-03-16 09:00:00+09:00,294.754638671875,312.4399169921875,291.56146341959635,300.8953603108724,3765600
2020-03-17 09:00:00+09:00,331.8446044921875,342.65227480873546,285.1751190343669,290.0876964509796,4602000
2020-03-18 09:00:00+09:00,357.8812255859375,368.4432658743351,335.0377431017287,335.0377431017287,3184000
2020-03-19 09:00:00+09:00,379.4965515136719,384.4091282322955,357.8812139517281,379.9878091855342,2480800
2020-03-23 09:00:00+09:00,394.4798889160156,416.3408541174636,369.9170066671977,369.9170066671977,2192000
2020-03-24 09:00:00+09:00,407.49822998046875,425.18350578432273,397.9187055867145,404.05942635194157,1905200
2020-03-25 09:00:00+09:00,418.55157470703125,432.7980484940077,409.70893580477,424.937925025331,1668400
2020-03-26 09:00:00+09:00,378.02276611328125,398.9012164834105,373.6014472113715,393.25175344208145,1722800
2020-03-27 09:00:00+09:00,391.04107666015625,393.49736483013214,380.72466634625766,385.1459850522142,883600
2020-03-30 09:00:00+09:00,386.4139709472656,401.4275073980829,371.1543109480742,394.78217159198346,1021600
2020-03-31 09:00:00+09:00,392.8132019042969,397.4895495460147,386.4139893419462,391.3364605437544,1238400
2020-04-01 09:00:00+09:00,380.2608642578125,405.61158854166666,376.8151347435022,398.2278824395732,1301200
2020-04-02 09:00:00+09:00,358.3558654785156,384.19883654667785,357.86361841055066,374.35389518737793,1217600
2020-04-03 09:00:00+09:00,382.7221374511719,405.6116286299236,361.80163476091485,396.75118043169715,1825600
2020-04-06 09:00:00+09:00,390.59808349609375,397.98179017843955,366.9702221125871,369.1853341172909,1196800
2020-04-07 09:00:00+09:00,394.53607177734375,412.50309188947483,390.3519712032858,398.7201723514017,1052400
2020-04-08 09:00:00+09:00,407.0883483886719,410.0418309646477,378.5380168209053,382.2298700408751,912800
2020-04-09 09:00:00+09:00,425.79376220703125,427.2705035788476,405.6116301255419,412.2569662987152,1201600
2020-04-10 09:00:00+09:00,425.79376220703125,430.22398632248013,415.94881972825596,426.5321328929394,815600
2020-04-13 09:00:00+09:00,441.2995300292969,444.49913621467385,418.4100396262157,418.4100396262157,1020000
2020-04-14 09:00:00+09:00,441.5456848144531,449.17551548850446,436.130966271578,442.7763026651066,777200
2020-04-15 09:00:00+09:00,410.78021240234375,437.6076798390456,404.6271235407149,437.36155628458044,1764800
2020-04-16 09:00:00+09:00,417.9178161621094,426.039893861373,407.33450279640226,408.8112441962684,1264400
2020-04-17 09:00:00+09:00,442.03790283203125,444.74526192510046,422.8402656266312,422.8402656266312,1308400
2020-04-20 09:00:00+09:00,434.4080810546875,450.4061123683162,430.71622767461935,443.0224056081799,1001200
2020-04-21 09:00:00+09:00,419.6406555175781,435.63868637308695,418.41003775946206,429.7317211341299,1165200
2020-04-22 09:00:00+09:00,407.3345031738281,409.54961527567974,389.613606359015,406.1038853394661,1586800
2020-04-23 09:00:00+09:00,402.90423583984375,420.87125429818747,400.4430004345912,409.54957143402567,875600
2020-04-24 09:00:00+09:00,415.70269775390625,416.6871920055437,397.4895540986137,405.11938454880385,844800
2020-04-27 09:00:00+09:00,409.79571533203125,425.5476227081574,408.3189740155194,423.8247578388936,586400
2020-04-28 09:00:00+09:00,422.10186767578125,424.07085597980824,398.22788448945425,409.0573201616026,868400
2020-04-30 09:00:00+09:00,421.363525390625,436.13093866366097,415.70268363596125,428.0088613634912,875600
2020-05-01 09:00:00+09:00,412.2569580078125,423.332518073694,408.8112282095382,419.3945411613806,657200
2020-05-07 09:00:00+09:00,425.055419921875,430.71626222540897,417.6717125694394,420.6251955104137,663600
2020-05-08 09:00:00+09:00,427.2705078125,428.2550020701325,416.1949474141345,428.2550020701325,540800
2020-05-11 09:00:00+09:00,438.09991455078125,441.79176776328785,428.2549726507637,435.63867907577685,558400
2020-05-12 09:00:00+09:00,460.2510681152344,462.9584273394416,443.0224185066427,443.2685420724797,1384800
2020-05-13 09:00:00+09:00,472.3110656738281,473.04943628196855,454.34404754241103,466.1579772726579,1642800
2020-05-14 09:00:00+09:00,457.5437316894531,478.46423582802413,455.82086664274726,473.78788784410824,1770400
2020-05-15 09:00:00+09:00,445.483642578125,445.483642578125,409.7957264599879,437.8538122356267,2117200
2020-05-18 09:00:00+09:00,468.6192626953125,470.8343747563723,436.6231995911158,445.4836478353549,1015600
2020-05-19 09:00:00+09:00,468.86541748046875,476.4952484210958,458.03598001635294,472.55727116141736,893200
2020-05-20 09:00:00+09:00,491.2626037597656,497.66181603318944,472.5572140374499,472.80333758642774,1752400
2020-05-21 09:00:00+09:00,543.9329833984375,545.6558480517357,507.7528256791749,507.7528256791749,3943600
2020-05-22 09:00:00+09:00,536.7954711914062,573.960127839688,534.0881120978229,556.2392319544145,3254000
2020-05-25 09:00:00+09:00,569.0376586914062,578.3903537737044,546.8865387596474,555.9931102871482,2006400
2020-05-26 09:00:00+09:00,536.3032836914062,561.6540125671359,529.4118234145088,551.070698570472,2168400
2020-05-27 09:00:00+09:00,515.1365966796875,527.9350214419158,505.5377781080163,525.2276623575982,1787600
2020-05-28 09:00:00+09:00,501.5998229980469,518.3362253355675,498.64634023260203,516.8594839528452,1328400
2020-05-29 09:00:00+09:00,529.9041137695312,530.642484573669,509.7219784564325,513.9060796798798,2047200
2020-06-01 09:00:00+09:00,542.210205078125,549.8400354718707,530.6423977069621,537.041610295265,1790800
2020-06-02 09:00:00+09:00,539.9951171875,544.1792179132008,530.1501743034981,543.4408471969006,1548800
2020-06-03 09:00:00+09:00,510.2141418457031,545.902058183198,507.26065911432426,545.902058183198,1688800
2020-06-04 09:00:00+09:00,529.4118041992188,531.62691635068,508.98354769129907,515.6288841456826,1322400
2020-06-05 09:00:00+09:00,502.8304138183594,514.3982206952379,494.7083366494872,514.3982206952379,1820000
2020-06-08 09:00:00+09:00,511.1985778808594,512.4291955454738,502.338130695635,509.22958961747617,1436400
2020-06-09 09:00:00+09:00,507.01458740234375,513.1676770552848,499.8770034049321,508.9835760912849,1286800
2020-06-10 09:00:00+09:00,515.3828125,518.0901720690067,502.8305090436963,505.04562141833816,1730400
2020-06-11 09:00:00+09:00,528.6734008789062,543.6869378684842,522.028064834339,529.1656479933187,2796400
2020-06-12 09:00:00+09:00,507.9991149902344,517.3518118747445,506.0301261724428,516.3673174658487,1824400
2020-06-15 09:00:00+09:00,501.35369873046875,521.5358309326771,500.86145160358564,516.8594832272873,1498000
2020-06-16 09:00:00+09:00,491.50872802734375,515.6288358624362,484.6172686458887,513.6598474677348,1672000
2020-06-17 09:00:00+09:00,496.6773681640625,510.7064117643358,490.03203172182776,497.41573887986635,2115600
2020-06-18 09:00:00+09:00,489.29364013671875,494.4622349268954,485.1095395922901,488.8013930138448,1557600
2020-06-19 09:00:00+09:00,492.2471008300781,501.35367219543457,490.77035952758786,499.1385602416992,1066400
2020-06-22 09:00:00+09:00,499.3847351074219,502.83046516730553,489.04754492777096,494.4622635933024,1133200
2020-06-23 09:00:00+09:00,492.2471008300781,508.24513160705567,490.52423597717285,506.5222667541504,1244800
2020-06-24 09:00:00+09:00,494.2160949707031,498.40019537633157,488.55525324544107,493.47772431088634,1023600
2020-06-25 09:00:00+09:00,494.9544677734375,496.43120909946464,487.0785140346259,491.26261445836957,1239200
2020-06-26 09:00:00+09:00,485.601806640625,492.4932666436344,478.21809949454354,492.0010195005623,1244800
2020-06-29 09:00:00+09:00,479.2025451660156,488.80136348212994,475.01844487437603,475.7568155140772,959200
2020-06-30 09:00:00+09:00,467.6347351074219,485.10950678775185,455.82080495733965,483.878889063785,1303600
2020-07-01 09:00:00+09:00,450.4060974121094,469.60373435098614,444.7452557506457,460.4971629825446,1634800
2020-07-02 09:00:00+09:00,433.6697082519531,455.32858130880436,433.1774611370247,450.40611015952,1817200
2020-07-03 09:00:00+09:00,470.34210205078125,470.5882255997351,439.3305348825979,442.53014101899777,1686800
2020-07-06 09:00:00+09:00,476.98748779296875,480.67934141365737,468.3731626780287,468.8654098274538,1205600
2020-07-07 09:00:00+09:00,495.9389953613281,495.9389953613281,479.9409632528982,479.9409632528982,1566400
2020-07-08 09:00:00+09:00,489.7859191894531,502.33822164104214,486.3401891047032,497.16962651391725,1151200
2020-07-09 09:00:00+09:00,480.4331970214844,494.4622401722142,471.8188722798082,493.72386948007056,1293600
2020-07-10 09:00:00+09:00,475.51068115234375,483.6327580043248,475.51068115234375,480.4331519717262,948800
2020-07-13 09:00:00+09:00,481.4176940917969,482.6483119192299,465.91190946614086,482.40218835374327,885200
2020-07-14 09:00:00+09:00,478.2180480957031,493.7238314359138,474.28007137437976,489.5397311695077,1232000
2020-07-15 09:00:00+09:00,576.66748046875,576.66748046875,564.6074264598005,571.745009444689,3145600
2020-07-16 09:00:00+09:00,596.849609375,612.3553930412371,568.2992775451031,591.6810148195876,10214000
2020-07-17 09:00:00+09:00,583.5589599609375,604.7255860919541,569.7760406198104,592.9116552281309,3809600
2020-07-20 09:00:00+09:00,587.2508544921875,591.9272024533575,569.0377098013149,583.5590008386323,2078800
2020-07-21 09:00:00+09:00,612.1093139648438,614.8166732143867,596.1112820357264,602.7566183755137,2486000
2020-07-22 09:00:00+09:00,600.29541015625,611.6170948086434,589.2198490832565,611.6170948086434,1216800
2020-07-27 09:00:00+09:00,592.1732788085938,613.5860282916975,591.1887845794855,610.1402984898187,1046800
2020-07-28 09:00:00+09:00,599.8031005859375,602.5104596776262,586.2663051274941,599.0647299245678,1075200
2020-07-29 09:00:00+09:00,596.3573608398438,607.4329205747975,590.696519197534,593.8961253431874,1313200
2020-07-30 09:00:00+09:00,614.8167114257812,624.6616547632638,602.7566558373652,603.7411501711134,1649200
2020-07-31 09:00:00+09:00,601.2798461914062,625.8922017457004,598.326363524891,612.8476533019245,1382800
2020-08-03 09:00:00+09:00,623.4309692382812,631.3069230541616,610.8786678442219,624.9077105787588,1689600
2020-08-04 09:00:00+09:00,621.4619750976562,644.3514656656096,616.785627562268,633.7681528223624,1467600
2020-08-05 09:00:00+09:00,660.8417358398438,673.6401605190512,628.599550590302,633.7681451722896,2298800
2020-08-06 09:00:00+09:00,654.4425659179688,664.0413850495222,646.0743646237938,653.2119480805901,1158000
2020-08-07 09:00:00+09:00,652.7196044921875,661.8261751430965,647.7971338700744,654.6885927410327,1143600
2020-08-11 09:00:00+09:00,627.8612060546875,636.967777839879,618.0162635842103,636.967777839879,1836000
2020-08-12 09:00:00+09:00,595.3729858398438,615.0628737551755,584.0513002885281,615.0628737551755,2852400
2020-08-13 09:00:00+09:00,624.1693725585938,627.8612261029073,581.0977478749369,593.4039263559818,2384800
2020-08-14 09:00:00+09:00,625.4000244140625,661.0879439496938,606.6946321057317,661.0879439496938,4076000
2020-08-17 09:00:00+09:00,629.8302001953125,633.275930090871,600.5414960830647,614.5705392292674,1253200
2020-08-18 09:00:00+09:00,634.998779296875,640.6596211278162,628.3534432344659,635.737149970476,1204000
2020-08-19 09:00:00+09:00,670.1943969726562,672.1633852854661,639.9212016632047,639.9212016632047,2698000
2020-08-20 09:00:00+09:00,666.994873046875,685.4541407511243,647.5511110650657,671.9173444346749,2460800
2020-08-21 09:00:00+09:00,705.39013671875,706.8668781075542,681.0239038034827,689.1459814419051,2423200
2020-08-24 09:00:00+09:00,724.5877685546875,728.7718691203905,710.0664783560711,713.7583317963973,2048000
2020-08-25 09:00:00+09:00,707.605224609375,723.6032557744564,703.1750005944293,721.8803908797554,1983600
2020-08-26 09:00:00+09:00,720.6497802734375,740.8319120980351,715.2350619790333,727.048992803188,2164400
2020-08-27 09:00:00+09:00,729.7564086914062,748.2156770394182,719.665341994493,736.4017452966905,2131200
2020-08-28 09:00:00+09:00,695.2990112304688,727.787319011857,674.3785100076051,721.1419833293003,2655200
2020-08-31 09:00:00+09:00,694.8067626953125,710.8047930088779,689.1459211997432,703.9133337968805,2234400
2020-09-01 09:00:00+09:00,712.7738037109375,718.6807689350613,697.5141435486178,699.9753790586693,1787200
2020-09-02 09:00:00+09:00,780.2116088867188,810.97705087752,764.2135790515022,785.1340796052469,5181200
2020-09-03 09:00:00+09:00,775.2891845703125,790.056597609747,762.9830070374504,787.5953621031746,2205200
2020-09-04 09:00:00+09:00,748.215576171875,766.6748420313785,738.3706343801398,745.7543407239413,2547200
2020-09-07 09:00:00+09:00,740.8318481445312,756.8298780878517,732.2175243288972,756.8298780878517,1513600
2020-09-08 09:00:00+09:00,766.6748657226562,766.6748657226562,743.2931282447582,751.9074525787206,1320400
2020-09-09 09:00:00+09:00,775.2891845703125,776.5198023235987,746.9849762447296,750.6768295045883,1661200
2020-09-10 09:00:00+09:00,788.8260498046875,793.7485212543268,776.5198711805895,788.8260498046875,1854000
2020-09-11 09:00:00+09:00,780.2116088867188,799.9014917608315,771.5972851292944,797.4402564015675,1377200
2020-09-14 09:00:00+09:00,764.213623046875,785.134124805002,753.1380632925724,780.2116538030897,1510000
2020-09-15 09:00:00+09:00,801.1322631835938,806.0547348467802,771.5974332044751,771.5974332044751,1755200
2020-09-16 09:00:00+09:00,833.1282348632812,847.8956481843438,814.668968211953,814.668968211953,2140800
2020-09-17 09:00:00+09:00,825.7445678710938,840.5119819015754,815.8996251841061,822.0527143634735,1486800
2020-09-18 09:00:00+09:00,834.3590087890625,841.7427168314437,818.3609746972369,833.128390781999,1337600
2020-09-23 09:00:00+09:00,888.506103515625,892.1979571313409,856.5100388460872,862.6631282056137,2164000
2020-09-24 09:00:00+09:00,897.120361328125,919.2714813609182,871.277387956533,883.5835657525291,3262400
2020-09-25 09:00:00+09:00,903.2734375,921.7327039339236,886.0447888283378,918.0408506471389,1491600
2020-09-28 09:00:00+09:00,894.6591796875,921.7327724703405,861.4324976358322,916.8103010552785,1718000
2020-09-29 09:00:00+09:00,957.420654296875,961.8508784041613,886.0448214572622,886.537068580294,2436600
2020-09-30 09:00:00+09:00,927.3936157226562,967.2656342330253,911.1494600332467,967.2656342330253,2599800
2020-10-02 09:00:00+09:00,917.056396484375,967.2656033772394,900.8122413131542,966.7733562508388,2091000
2020-10-05 09:00:00+09:00,905.7347412109375,928.8703568831735,896.8742926556131,909.1804712046747,1403200
2020-10-06 09:00:00+09:00,900.8121948242188,907.2114071371776,872.7541100673988,900.3199477232218,1191600
2020-10-07 09:00:00+09:00,890.96728515625,913.1184055054385,886.0448139675415,894.9052621072169,1049600
2020-10-08 09:00:00+09:00,916.5641479492188,916.5641479492188,863.8937055053054,883.0913434054233,1918600
2020-10-09 09:00:00+09:00,917.548583984375,945.6066683658714,903.2734182464206,923.4555491173217,1775200
2020-10-12 09:00:00+09:00,937.238525390625,943.6377380114644,920.5021231515068,937.238525390625,1611000
2020-10-13 09:00:00+09:00,993.8469848632812,1012.0601292119396,956.928449021406,959.881931888756,5376600
2020-10-14 09:00:00+09:00,1039.1336669921875,1058.3313046107073,1011.5678283604668,1038.6414198737639,4024400
2020-10-15 09:00:00+09:00,1064.73046875,1114.447425450763,1030.7654191227462,1097.7110241851594,6447000
2020-10-16 09:00:00+09:00,1055.3779296875,1077.0368051101912,1022.8896165534632,1073.0988277606111,2900400
2020-10-19 09:00:00+09:00,1051.43994140625,1067.1918506408006,1039.626009480337,1056.3624130420471,1886600
2020-10-20 09:00:00+09:00,1197.1448974609375,1209.4510744496395,1098.2032344717727,1107.5559289831863,10770000
2020-10-21 09:00:00+09:00,1155.30419921875,1172.0406043203425,1125.769366686528,1157.2731880542315,6172000
2020-10-22 09:00:00+09:00,1071.129638671875,1135.6140057058894,1058.3312146803912,1132.168276169721,4628400
2020-10-23 09:00:00+09:00,1060.30029296875,1071.6219766912575,1007.6298513031714,1034.7034428135155,4584200
2020-10-26 09:00:00+09:00,1013.044677734375,1090.3274835673667,1004.6764758288919,1078.0213042945973,3046400
2020-10-27 09:00:00+09:00,1026.3353271484375,1049.9631907950202,962.3431964389426,978.5873526959682,3672000
2020-10-28 09:00:00+09:00,1088.8507080078125,1121.831267427579,1017.9671176130905,1017.9671176130905,5042200
2020-10-29 09:00:00+09:00,1058.331298828125,1093.7730911609738,1041.1026497774346,1078.0211834574854,3329800
2020-10-30 09:00:00+09:00,1017.4747924804688,1072.6064696734115,999.2616491220859,1063.2537744353228,3303000
2020-11-02 09:00:00+09:00,964.8043212890625,1032.2421743587572,947.5756726946149,1023.8739736128827,4543000
2020-11-04 09:00:00+09:00,1068.66845703125,1077.0366577542031,982.0329671936175,984.4942027003684,4409600
2020-11-05 09:00:00+09:00,1165.6412353515625,1173.0249425011712,1096.7266352885479,1107.5560724413072,7469200
2020-11-06 09:00:00+09:00,1134.6295166015625,1175.4860241407944,1110.0171626622662,1175.4860241407944,3880000
2020-11-09 09:00:00+09:00,1210.435546875,1228.156441420547,1174.0092636424868,1182.8697109152604,5203000
2020-11-10 09:00:00+09:00,1096.7265625,1159.2419455509425,1046.517357214991,1089.8351029510773,5714400
2020-11-11 09:00:00+09:00,1076.54443359375,1096.7265651791838,999.7538841467335,1024.858486850566,4618600
2020-11-12 09:00:00+09:00,1117.4010009765625,1127.2459437164441,1092.7886441268586,1125.769202305462,3228800
2020-11-13 09:00:00+09:00,1162.6876220703125,1191.237953179575,1060.7924748355306,1097.7110064423357,7381600
2020-11-16 09:00:00+09:00,1153.3349609375,1191.23798782277,1128.2303587147887,1181.393045774648,3706000
2020-11-17 09:00:00+09:00,1097.7110595703125,1147.9202649856363,1065.7149972958416,1124.7846507256343,4168800
2020-11-18 09:00:00+09:00,1078.5135498046875,1112.9708517153804,1063.2538875299522,1084.4205158465206,3504200
2020-11-19 09:00:00+09:00,1117.4010009765625,1126.75369657945,1054.8856145783143,1078.021230017036,3249200
2020-11-20 09:00:00+09:00,1136.1063232421875,1154.8117133128994,1105.0947554933757,1125.7691339925836,2952600
2020-11-24 09:00:00+09:00,1181.8853759765625,1186.3156002097107,1130.6916737268489,1153.3350420296067,3580600
2020-11-25 09:00:00+09:00,1155.30419921875,1181.3933012888795,1138.5677941171575,1164.1646489784166,2711200
2020-11-26 09:00:00+09:00,1154.811767578125,1169.0869343555187,1133.152893846907,1159.2419917504196,1682200
2020-11-27 09:00:00+09:00,1130.6915283203125,1174.0092708071159,1122.32332806718,1146.9356817528637,2268800
2020-11-30 09:00:00+09:00,1199.606201171875,1208.4666491083105,1144.9667722305217,1144.9667722305217,4480400
2020-12-01 09:00:00+09:00,1287.226318359375,1299.5324973111856,1202.0675600128466,1212.4047503323675,6594200
2020-12-02 09:00:00+09:00,1277.87353515625,1314.2998223679458,1241.4472479445542,1299.5324086334745,5205000
2020-12-03 09:00:00+09:00,1171.5482177734375,1263.5984348842076,1171.5482177734375,1260.1527048319329,5702000
2020-12-04 09:00:00+09:00,1147.427978515625,1151.8582023708977,1098.2032690125952,1145.4589901355039,6363800
2020-12-07 09:00:00+09:00,1111.494140625,1144.9669491114926,1099.6802082180027,1144.9669491114926,2793400
2020-12-08 09:00:00+09:00,1109.0328369140625,1123.8002515201088,1073.591041859552,1087.8662093120631,2907200
2020-12-09 09:00:00+09:00,1125.769287109375,1153.3351288575714,1098.6956925352536,1130.1995116760495,3025200
2020-12-10 09:00:00+09:00,1069.6529541015625,1099.1877802617528,1059.3157649454959,1093.2808150297149,3192400
2020-12-11 09:00:00+09:00,1106.5714111328125,1120.3543290650719,1079.005575268294,1094.2652344075811,2359200
2020-12-14 09:00:00+09:00,1105.587158203125,1110.01738279076,1089.8352485582006,1095.2499674986434,1134800
2020-12-15 09:00:00+09:00,1092.29638671875,1162.6877266469976,1087.3739153950962,1128.2304273814218,2132400
2020-12-16 09:00:00+09:00,1085.8970947265625,1100.1722605230586,1071.1296818336355,1091.8040598837333,1365200
2020-12-17 09:00:00+09:00,1132.66064453125,1136.5986215656915,1090.8196385403085,1092.7886270575293,2326200
2020-12-18 09:00:00+09:00,1124.29248046875,1160.7187692405046,1112.478548975208,1146.9358491647056,1687400
2020-12-21 09:00:00+09:00,1124.78466796875,1151.3660124196526,1118.385455415755,1124.2924208492889,1349400
2020-12-22 09:00:00+09:00,1073.0987548828125,1115.9242556510717,1063.2538121774655,1104.6025715399226,1702600
2020-12-23 09:00:00+09:00,1109.0328369140625,1124.2924986736434,1080.48250200904,1093.7731751544816,1356600
2020-12-24 09:00:00+09:00,1129.21484375,1135.1218089309066,1092.296311369333,1109.0327127152354,1159600
2020-12-25 09:00:00+09:00,1114.9395751953125,1143.4899042731615,1103.1256459217198,1128.7224926811707,882200
2020-12-28 09:00:00+09:00,1095.25,1130.691797752809,1084.4205617977527,1119.8623595505617,1786600
2020-12-29 09:00:00+09:00,1173.0247802734375,1183.3619688532706,1095.2497423870745,1097.7109777632252,3133800
2020-12-30 09:00:00+09:00,1177.455078125,1183.854290506114,1144.9667691131897,1155.7962054504599,1953200
2021-01-04 09:00:00+09:00,1169.0867919921875,1195.6681337890625,1148.9046621093748,1159.73409765625,2405800
2021-01-05 09:00:00+09:00,1142.997802734375,1160.7186989007994,1118.8776940634084,1158.7497104378633,2006400
2021-01-06 09:00:00+09:00,1134.1373291015625,1176.4705801010132,1130.1993522644043,1132.1683406829834,1511400
2021-01-07 09:00:00+09:00,1087.865966796875,1123.3077539504384,1075.5597907018878,1119.862024643842,2960400
2021-01-08 09:00:00+09:00,1086.8817138671875,1116.9087902013807,1077.529017959816,1110.5095772121265,1583600
2021-01-12 09:00:00+09:00,1023.8740844726562,1077.5290244762714,994.8315022688646,1067.684081356342,3445400
2021-01-13 09:00:00+09:00,1036.1800537109375,1058.331171248701,1013.0444420603844,1015.997924398753,2168200
2021-01-14 09:00:00+09:00,1023.3818359375,1051.4399237914863,1018.9516115395021,1023.3818359375,1485800
2021-01-15 09:00:00+09:00,976.1260375976562,1028.304232244833,969.7268250465875,1022.8895139323902,2611800
2021-01-18 09:00:00+09:00,1034.2110595703125,1035.6878007310509,950.0368134082357,958.4050133190855,2934800
2021-01-19 09:00:00+09:00,1016.490234375,1072.114155190678,983.5096795550847,1058.823483845339,3900200
2021-01-20 09:00:00+09:00,1028.796630859375,1047.994271339526,1013.0447207218152,1015.9982038726077,1649400
2021-01-21 09:00:00+09:00,1076.54443359375,1078.0211749292696,1026.3352281860853,1036.6724175347222,2837600
2021-01-22 09:00:00+09:00,1052.91650390625,1087.3737994992548,1048.4862801871493,1065.2226809037518,1803600
2021-01-25 09:00:00+09:00,1060.79248046875,1070.1451751921404,1051.9320328360643,1069.1606810107307,826800
2021-01-26 09:00:00+09:00,1004.6763305664062,1065.2227238342493,995.3236356713735,1057.3467702384323,2258000
2021-01-27 09:00:00+09:00,1030.273193359375,1043.5638652278428,1003.1996025161998,1014.0290388534698,1501600
2021-01-28 09:00:00+09:00,950.5292358398438,1004.1841745796381,939.2075515186027,1001.7229388576293,4359600
2021-01-29 09:00:00+09:00,935.2694702148438,973.1724961130243,919.5175633480675,962.8353072317024,2837400
2021-02-01 09:00:00+09:00,967.265625,979.5718034351145,919.5176526717557,925.4246183206106,1723200
2021-02-02 09:00:00+09:00,997.784912109375,1000.2461477090528,969.2345791531127,969.2345791531127,1956800
2021-02-03 09:00:00+09:00,992.8624267578125,1014.5212997262527,985.9709671769452,998.7693921128416,1333600
2021-02-04 09:00:00+09:00,990.8933715820312,1003.6917956561161,977.602700428174,992.8623599011213,773600
2021-02-05 09:00:00+09:00,989.4166259765625,998.7693204509678,983.0174139677589,984.98640227816,664600
2021-02-08 09:00:00+09:00,990.4012451171875,994.3392222349497,973.1725952269779,990.8934922569077,1034200
2021-02-09 09:00:00+09:00,990.8933715820312,992.3701128213488,954.4670876788667,986.4631478640788,1693000
2021-02-10 09:00:00+09:00,1000.2462158203125,1000.7384629737674,972.1881280733844,975.6338581475685,1096200
2021-02-12 09:00:00+09:00,971.20361328125,1010.5833847270179,957.9129404183034,1008.6143961547294,2332000
2021-02-15 09:00:00+09:00,965.296630859375,1000.2461774126721,948.0679811500031,990.893481856156,1970400
2021-02-16 09:00:00+09:00,943.1454467773438,967.7578018602597,940.6842112690521,954.9593772171435,1401000
2021-02-17 09:00:00+09:00,923.9478149414062,952.4981469960687,919.5175910018896,923.4555678370156,1917000
2021-02-18 09:00:00+09:00,850.60302734375,920.5021187111183,849.1262859768339,918.5331302218967,3191400
2021-02-19 09:00:00+09:00,812.2077026367188,839.7735398171164,794.9790543989701,830.9130921519886,4654200
2021-02-22 09:00:00+09:00,910.6571655273438,914.1028953428527,855.0332413627007,866.3549250422298,10049000
2021-02-24 09:00:00+09:00,840.7581176757812,922.9633903056732,839.7736233927885,919.0254131737024,6563000
2021-02-25 09:00:00+09:00,881.122314453125,892.9362449262395,852.5719824764316,865.8626542586854,3392200
2021-02-26 09:00:00+09:00,906.71923828125,913.1184511464271,849.1263224946559,851.5875582120317,3985000
2021-03-01 09:00:00+09:00,914.5951538085938,927.3935789964427,888.9983034328957,926.4090847512235,4340600
2021-03-02 09:00:00+09:00,910.6571655273438,940.1919925174197,907.211435711835,930.3470501873944,5687200
2021-03-03 09:00:00+09:00,901.796630859375,914.595054659781,888.998207058969,894.9051718899257,5746400
2021-03-04 09:00:00+09:00,904.750244140625,908.6882212641968,883.09136996098,886.0448528036588,4405600
2021-03-05 09:00:00+09:00,929.362548828125,929.362548828125,887.5215442463503,899.8277220645193,3226800
2021-03-08 09:00:00+09:00,930.3469848632812,961.850798107329,917.0563136509487,934.2849615187872,4382600
2021-03-09 09:00:00+09:00,895.8897705078125,910.1649371807392,870.7851670485277,904.2579716609075,2773800
2021-03-10 09:00:00+09:00,922.96337890625,951.021465625,896.38203359375,929.3625916666666,4005400
2021-03-11 09:00:00+09:00,957.912841796875,957.912841796875,917.5485802206449,932.3159929924365,9173600
2021-03-12 09:00:00+09:00,979.5718383789062,1014.0291392264055,952.9904920108355,973.664872519335,6057600
2021-03-15 09:00:00+09:00,1009.1065673828125,1016.4902739734184,986.4632005049542,999.2616252620046,4133400
2021-03-16 09:00:00+09:00,1013.5368041992188,1016.4902868729416,987.9399543602875,1013.0445570869316,2935000
2021-03-17 09:00:00+09:00,1053.408935546875,1057.346912876022,1000.2462416033878,1007.6299490955388,3332000
2021-03-18 09:00:00+09:00,1074.083251953125,1084.9126889572353,1051.9321308083538,1067.684039177969,3073200
2021-03-19 09:00:00+09:00,1057.3468017578125,1070.1452267325346,1038.6414114101417,1048.4863536983896,2189800
2021-03-22 09:00:00+09:00,1068.66845703125,1078.0211519569034,1048.4863258758924,1058.3312679028961,1572600
2021-03-23 09:00:00+09:00,1061.2847900390625,1077.0366978689558,1051.9320947650633,1068.668496834325,1525600
2021-03-24 09:00:00+09:00,1018.951416015625,1053.9009573379,1013.5366983459767,1038.6412984507094,1570800
2021-03-25 09:00:00+09:00,1016.9825439453125,1024.858497819042,962.8353610634227,1004.6763660176103,2389400
2021-03-26 09:00:00+09:00,1062.7615966796875,1065.222832429293,1021.4128360863139,1026.335307585525,1799800
2021-03-29 09:00:00+09:00,1044.05615234375,1078.5134511009696,1031.2577270910685,1068.1762614738036,1756600
2021-03-30 09:00:00+09:00,1029.10498046875,1049.3028283381702,1015.803958701083,1044.8691544156145,1316000
2021-03-31 09:00:00+09:00,1051.2730712890625,1071.470913802114,1016.2963196201199,1027.13418633444,1802600
2021-04-01 09:00:00+09:00,1067.037353515625,1091.6688713714798,1057.6773767304003,1070.9783963725617,2050800
2021-04-02 09:00:00+09:00,1079.3531494140625,1088.7131265198896,1067.0373900642899,1081.323670910026,1171000
2021-04-05 09:00:00+09:00,1047.332275390625,1096.1026870856729,1042.405971179004,1091.669013295214,1647200
2021-04-06 09:00:00+09:00,1039.449951171875,1069.500399997223,1035.0162783943647,1055.2141210474674,1280000
2021-04-07 09:00:00+09:00,1057.1846923828125,1067.0372990219814,1031.0752847890153,1039.4500004323088,1142400
2021-04-08 09:00:00+09:00,1078.860595703125,1088.2205734740653,1048.8101407543165,1052.7511840262914,2700400
2021-04-09 09:00:00+09:00,1128.6162109375,1130.5867324755839,1085.2647370996563,1088.7131497913028,3251200
2021-04-12 09:00:00+09:00,1142.409912109375,1168.519323640982,1134.0351952030105,1153.2477810470232,2845800
2021-04-13 09:00:00+09:00,1123.68994140625,1148.814091784031,1100.5363126267262,1123.1973110066856,3234600
2021-04-14 09:00:00+09:00,1126.6456298828125,1144.8729531472043,1116.793022712871,1127.1382602413096,1026000
2021-04-15 09:00:00+09:00,1150.7845458984375,1156.20347997587,1118.2709414338412,1122.2119843992468,1781000
2021-04-16 09:00:00+09:00,1158.174072265625,1168.5193106822894,1143.3951602418188,1145.8583122457865,1635000
2021-04-19 09:00:00+09:00,1175.90869140625,1181.32762546803,1153.7403247898774,1165.5634536519428,1585600
2021-04-20 09:00:00+09:00,1166.548583984375,1169.9969961836532,1141.424437961063,1153.247565501445,1684000
2021-04-21 09:00:00+09:00,1159.6519775390625,1184.2834978776152,1151.2772606239546,1153.7404126578099,2471400
2021-04-22 09:00:00+09:00,1157.188720703125,1180.834978086586,1141.9171794763065,1179.3570870001197,1739800
2021-04-23 09:00:00+09:00,1162.1148681640625,1173.9379952670456,1142.9022866217147,1157.6811955004437,1295200
2021-04-26 09:00:00+09:00,1151.2772216796875,1161.1298294818243,1127.630962954559,1160.6371990917173,1284600
2021-04-27 09:00:00+09:00,1145.365478515625,1177.3864488827285,1137.483393502184,1149.3065210223454,2276600
2021-04-28 09:00:00+09:00,1141.4246826171875,1156.6962256301927,1085.2648147629106,1128.12366128328,16056200
2021-04-30 09:00:00+09:00,1103.984619140625,1132.5571795646126,1095.6099031542838,1128.1235063953732,2900200
2021-05-06 09:00:00+09:00,1027.1343994140625,1081.3237442272746,1022.2080953401342,1079.353222597703,3100200
2021-05-07 09:00:00+09:00,1018.2669067382812,1047.8247269629048,1012.8479730304336,1027.1342528056684,1652600
2021-05-10 09:00:00+09:00,1018.7595825195312,1026.1490379053112,998.0691074393474,1007.9217146203873,1407600
2021-05-11 09:00:00+09:00,968.5113525390625,995.6060241512947,956.6882231082703,995.6060241512947,2565000
2021-05-12 09:00:00+09:00,944.8650512695312,993.14282761177,936.4903349652653,985.2607416783433,2518600
2021-05-13 09:00:00+09:00,886.734619140625,925.1597859700521,882.3009460449218,925.1597859700521,3856600
2021-05-14 09:00:00+09:00,1002.5028686523438,1007.9218030774915,915.3072874476927,916.2925482522651,4957000
2021-05-17 09:00:00+09:00,993.142822265625,1022.7006443568638,975.900759379069,999.0543866838727,3603000
2021-05-18 09:00:00+09:00,1003.980712890625,1020.7301457847767,992.1575837888709,993.6354749265901,2222000
2021-05-19 09:00:00+09:00,986.7385864257812,1005.4585396380527,977.3786098196456,988.2164774688554,1214600
2021-05-20 09:00:00+09:00,982.304931640625,1012.355383410975,977.8712584286061,981.3196709268431,1872400
2021-05-21 09:00:00+09:00,1004.9658813476562,1012.3553363575654,985.2606679878983,985.2606679878983,1082200
2021-05-24 09:00:00+09:00,988.216552734375,1007.4291377576255,983.2902488822594,997.5765300533944,984800
2021-05-25 09:00:00+09:00,1009.8922729492188,1017.2817286049448,995.1133616377668,1002.5028172934927,817000
2021-05-26 09:00:00+09:00,1011.3701171875,1027.1342885221322,1004.9659225828055,1012.3553778959144,947000
2021-05-27 09:00:00+09:00,1005.4585571289062,1016.2964249666505,989.6943857285511,1006.9364481976896,948600
2021-05-28 09:00:00+09:00,1006.4437866210938,1028.1195216241913,1004.9658955981553,1014.818502417745,921200
2021-05-31 09:00:00+09:00,998.069091796875,1027.134282525412,995.1133096888882,1006.9364381208353,808600
2021-06-01 09:00:00+09:00,984.7681274414062,1006.9364944923634,982.3049755468554,1001.0249299454415,925600
2021-06-02 09:00:00+09:00,951.7618408203125,972.9449459731455,947.8207980011807,965.0628603348821,1105600
2021-06-03 09:00:00+09:00,977.3786010742188,982.3049045070526,943.8797377309492,945.8502591040827,1217800
2021-06-04 09:00:00+09:00,951.7618408203125,968.5112728016223,951.269210467921,959.643926458576,751400
2021-06-07 09:00:00+09:00,997.5764770507812,1001.5175199230807,971.4670680217979,971.4670680217979,990800
2021-06-08 09:00:00+09:00,1024.1785888671875,1036.0017183201996,1004.473373112167,1007.4291554754201,1460800
2021-06-09 09:00:00+09:00,1049.7952880859375,1050.7805487974213,1023.1932488758762,1031.0753345677463,1072000
2021-06-10 09:00:00+09:00,1080.8310546875,1087.7278800136737,1054.2290141436874,1054.2290141436874,1519800
2021-06-11 09:00:00+09:00,1099.551025390625,1124.1825447766157,1094.132091125707,1105.4625900432627,2450800
2021-06-14 09:00:00+09:00,1119.2562255859375,1129.108833205532,1082.8015773934378,1107.9257268234037,1214600
2021-06-15 09:00:00+09:00,1129.108642578125,1139.946509129922,1123.6897093022264,1133.0496849605966,1317400
2021-06-16 09:00:00+09:00,1134.0350341796875,1136.4981858612246,1104.9698443375496,1123.1971667809241,923600
2021-06-17 09:00:00+09:00,1125.6605224609375,1128.1236745888607,1105.9553054375513,1125.6605224609375,935800
2021-06-18 09:00:00+09:00,1174.9234619140625,1182.312917649371,1146.350899737536,1150.2919427963673,2603400
2021-06-21 09:00:00+09:00,1192.658203125,1197.091876742565,1148.8140973513011,1150.2919885571562,2681000
2021-06-22 09:00:00+09:00,1240.443359375,1248.325445852363,1189.2097972721406,1193.150840510822,2940800
2021-06-23 09:00:00+09:00,1348.8218994140625,1356.2113546701657,1259.1631756400086,1263.1042184432638,5283200
2021-06-24 09:00:00+09:00,1328.1314697265625,1349.3145755122607,1309.90414614352,1328.1314697265625,2783600
2021-06-25 09:00:00+09:00,1334.0430908203125,1367.0493268191904,1320.7420703431528,1333.0578300442266,3034600
2021-06-28 09:00:00+09:00,1384.783935546875,1390.202869481779,1331.0872265555518,1339.4619426367674,2802000
2021-06-29 09:00:00+09:00,1441.9290771484375,1445.8701200651399,1406.952321262705,1434.046991315033,3204400
2021-06-30 09:00:00+09:00,1495.13330078125,1502.5227569630356,1443.4071075087522,1443.4071075087522,4049800
2021-07-01 09:00:00+09:00,1495.13330078125,1514.8385172660112,1448.3334116299425,1465.5754760541083,1959400
2021-07-02 09:00:00+09:00,1596.122314453125,1598.58546617296,1492.669942220052,1495.1330939398872,3990200
2021-07-05 09:00:00+09:00,1556.7120361328125,1571.4909478682505,1509.912148970592,1544.3962763532807,2703200
2021-07-06 09:00:00+09:00,1655.238037109375,1667.5537963140578,1541.9330524262928,1559.1751153128487,3288200
2021-07-07 09:00:00+09:00,1642.9222412109375,1714.3536430027173,1625.6801787094732,1689.7221251434828,4121200
2021-07-08 09:00:00+09:00,1670.0169677734375,1697.111638342033,1642.922297204842,1645.3854490747142,2739200
2021-07-09 09:00:00+09:00,1633.0697021484375,1674.9432842548076,1583.8066643762372,1655.2380691459275,3491800
2021-07-12 09:00:00+09:00,1682.332763671875,1692.1853713654145,1635.5328771275622,1677.4064598251052,1770000
2021-07-13 09:00:00+09:00,1674.9432373046875,1724.206273696002,1670.016933665556,1687.2589964025162,1595400
2021-07-14 09:00:00+09:00,1667.5538330078125,1679.8695924834979,1645.3854659515787,1674.9432886932236,1231400
2021-07-15 09:00:00+09:00,1504.98583984375,1633.069741107048,1490.2069281595234,1618.2908294228212,3687000
2021-07-16 09:00:00+09:00,1537.0068359375,1571.490963666867,1502.522708208133,1507.4490121694712,2132600
2021-07-19 09:00:00+09:00,1554.248779296875,1564.1013864556508,1487.7436809751387,1502.5225917133023,1530200
2021-07-20 09:00:00+09:00,1596.122314453125,1615.8275282118054,1544.3961283365886,1559.1750386555989,1738200
2021-07-21 09:00:00+09:00,1615.82763671875,1633.069699915444,1581.343510325362,1613.364484833508,1360200
2021-07-26 09:00:00+09:00,1635.53271484375,1657.701079954584,1618.290653090879,1618.290653090879,1554400
2021-07-27 09:00:00+09:00,1630.6064453125,1657.7011143433724,1613.364383201945,1657.7011143433724,1112600
2021-07-28 09:00:00+09:00,1573.953857421875,1628.1431921061962,1546.8591900797144,1613.3642826468358,1351200
2021-07-29 09:00:00+09:00,1566.564453125,1613.3643345862815,1556.7118465015724,1605.9748796187107,1295800
2021-07-30 09:00:00+09:00,1517.3013916015625,1588.7327882841037,1502.5224819431057,1554.2486657477045,1577000
2021-08-02 09:00:00+09:00,1549.3223876953125,1581.3433591421156,1522.2277195480176,1549.3223876953125,1022400
2021-08-03 09:00:00+09:00,1583.806640625,1608.4381591417184,1539.4699072949065,1544.3962109982504,1035400
2021-08-04 09:00:00+09:00,1583.806640625,1608.4381591417184,1554.2488184049378,1581.343488773328,825600
2021-08-05 09:00:00+09:00,1645.3853759765625,1652.7748312578944,1588.7328854863515,1588.7328854863515,1082200
2021-08-06 09:00:00+09:00,1635.53271484375,1650.3116249176392,1596.122287980045,1645.3853215596762,933200
2021-08-10 09:00:00+09:00,1645.3853759765625,1655.2379830183384,1576.4171266841317,1647.8485277370066,1263400
2021-08-11 09:00:00+09:00,1623.217041015625,1650.3117108960073,1608.4381301717801,1645.3854072813922,999200
2021-08-12 09:00:00+09:00,1615.82763671875,1633.069699915444,1578.88035844012,1610.9013329482661,1245000
2021-08-13 09:00:00+09:00,1642.9222412109375,1672.4800626420188,1519.7646519147652,1561.638232275464,2855400
2021-08-16 09:00:00+09:00,1625.6800537109375,1662.6273276589134,1588.7327797629616,1647.8484180797232,1362000
2021-08-17 09:00:00+09:00,1566.564453125,1650.3116094241352,1559.1749981574294,1647.8484577682784,1329200
2021-08-18 09:00:00+09:00,1573.953857421875,1583.8064637281152,1541.9328869265944,1564.1012511156348,1132000
2021-08-19 09:00:00+09:00,1689.7220458984375,1711.8904109320906,1564.1013107077374,1569.0276140485491,2268600
2021-08-20 09:00:00+09:00,1761.1536865234375,1825.1956387606535,1716.8169503592112,1719.2801023683348,4241600
2021-08-23 09:00:00+09:00,1891.70068359375,1901.5532913208008,1795.6377582550049,1825.1955814361572,4722800
2021-08-24 09:00:00+09:00,1968.0582275390625,1977.9108344353783,1908.9425861611683,1926.1846482297208,4527200
2021-08-25 09:00:00+09:00,1889.2376708984375,2019.7847329031536,1854.7535413122862,1997.6163638834848,4401000
2021-08-26 09:00:00+09:00,1798.100830078125,1874.4585365608948,1780.8587673239513,1874.4585365608948,3098200
2021-08-27 09:00:00+09:00,1775.9324951171875,1837.5112917578667,1763.6167357890517,1778.3956469828147,2509000
2021-08-30 09:00:00+09:00,1820.269287109375,1830.1218948880455,1771.0062482160224,1817.8061351647073,2626800
2021-08-31 09:00:00+09:00,1916.33203125,1963.1319137612468,1842.4374799164525,1847.363783338689,3314200
2021-09-01 09:00:00+09:00,1874.45849609375,1958.2056562346008,1854.7532819429616,1950.8162009280552,2975000
2021-09-02 09:00:00+09:00,1876.9217529296875,1901.5532719970063,1852.2902338623687,1869.5322972094918,1706400
2021-09-03 09:00:00+09:00,1847.3638916015625,1871.99541015625,1803.027158203125,1849.8270434570313,2133000
2021-09-06 09:00:00+09:00,1928.6478271484375,1933.574130666058,1894.1637025250939,1899.0900060427143,2023400
2021-09-07 09:00:00+09:00,1918.795166015625,1953.2792896667404,1881.8478906751445,1943.4266829092787,1338600
2021-09-08 09:00:00+09:00,1963.132080078125,1992.6899031156877,1943.4268647197498,1960.668928158328,2416200
2021-09-09 09:00:00+09:00,2162.64697265625,2165.1101241057445,1940.9633422017369,1943.4264936512316,4787000
2021-09-10 09:00:00+09:00,2221.76318359375,2221.76318359375,2108.4581875346453,2165.1106855641974,3694800
2021-09-13 09:00:00+09:00,2256.247314453125,2273.4893790832252,2184.8159038427093,2243.9315540030534,2364000
2021-09-14 09:00:00+09:00,2229.15234375,2248.857557838398,2150.331487396409,2246.3944060773483,3042000
2021-09-15 09:00:00+09:00,2307.97314453125,2352.3098751625866,2234.078593479022,2243.931200285986,3854000
2021-09-16 09:00:00+09:00,2243.93115234375,2339.9940666592342,2219.2996358526,2339.9940666592342,3756600
2021-09-17 09:00:00+09:00,2243.93115234375,2315.3625501680845,2219.2996358526,2261.173213887555,11213400
2021-09-21 09:00:00+09:00,2288.26806640625,2310.436433034513,2130.626348160825,2140.478955551164,3535600
2021-09-22 09:00:00+09:00,2219.2998046875,2335.067941003052,2172.4999197939787,2303.0469671285377,3208600
2021-09-24 09:00:00+09:00,2303.04736328125,2322.752581362801,2253.784318077373,2285.805297459893,1887400
2021-09-27 09:00:00+09:00,2266.099609375,2305.5100373641303,2239.0049401324727,2285.8048233695654,1462000
2021-09-28 09:00:00+09:00,2147.868408203125,2231.6155709082927,2138.0158008260464,2219.2998116869444,2496200
2021-09-29 09:00:00+09:00,2088.753173828125,2147.868829691185,2061.6584982242225,2096.1426308110076,2271600
2021-09-30 09:00:00+09:00,1948.3531494140625,2069.0475922981195,1928.6479342493185,2061.6581366113405,3691600
2021-10-01 09:00:00+09:00,1886.7742919921875,1977.9109092294082,1874.4585329060767,1943.4267837882976,2759200
2021-10-04 09:00:00+09:00,1773.46923828125,1869.5321553548176,1758.6903279622395,1869.5321553548176,3772400
2021-10-05 09:00:00+09:00,1714.353759765625,1736.5221273488012,1635.5328972476652,1726.6695195340562,4987200
2021-10-06 09:00:00+09:00,1628.143310546875,1734.0588360438728,1615.8275517681543,1724.2062290208964,3365800
2021-10-07 09:00:00+09:00,1672.480224609375,1748.8379373676823,1635.5329442424522,1662.627616511529,2794000
2021-10-08 09:00:00+09:00,1665.0906982421875,1721.7431924131495,1650.3117867193278,1694.6485212879068,2442600
2021-10-11 09:00:00+09:00,1699.5748291015625,1719.2800445114358,1576.4172327898552,1635.5328790194746,2609400
2021-10-12 09:00:00+09:00,1591.1961669921875,1677.4064856372752,1581.3435591470347,1670.0170297534105,3162600
2021-10-13 09:00:00+09:00,1566.564453125,1628.143244521423,1566.564453125,1605.9748796187107,2019800
2021-10-14 09:00:00+09:00,1603.5118408203125,1637.9959664293515,1569.0277152112735,1601.0486889910953,1923000
2021-10-15 09:00:00+09:00,1677.40625,1677.40625,1603.5117015418502,1637.9958241556535,2000400
2021-10-18 09:00:00+09:00,1596.122314453125,1650.3116522894966,1583.8065558539497,1650.3116522894966,1701600
2021-10-19 09:00:00+09:00,1682.332763671875,1682.332763671875,1601.0487502001738,1625.6802694340226,1524000
2021-10-20 09:00:00+09:00,1677.40625,1729.132433920705,1670.016795154185,1699.5746145374449,1558400
2021-10-21 09:00:00+09:00,1650.3118896484375,1674.9434103894591,1637.996129277927,1647.8487375743355,1089400
2021-10-22 09:00:00+09:00,1665.0906982421875,1702.0379770493366,1630.606571355515,1674.943305924094,1365600
2021-10-25 09:00:00+09:00,1679.8695068359375,1684.7958103750457,1642.922230292625,1662.6274444490584,753200
2021-10-26 09:00:00+09:00,1719.2799072265625,1731.5956658743173,1692.185238201502,1709.4273003083588,934600
2021-10-27 09:00:00+09:00,1714.353759765625,1714.353759765625,1677.4064804603313,1714.353759765625,860600
2021-10-28 09:00:00+09:00,1778.395751953125,1798.1009680412483,1709.4274956446936,1709.4274956446936,3909000
2021-10-29 09:00:00+09:00,1771.006103515625,1812.8796831536856,1758.6903447985483,1805.4902279234398,1629400
2021-11-01 09:00:00+09:00,1800.5640869140625,1827.6587585365723,1771.00626332587,1798.1009349483797,986800
2021-11-02 09:00:00+09:00,1773.46923828125,1825.1954243977864,1756.2271762424045,1768.5429348415798,992600
2021-11-04 09:00:00+09:00,1807.953369140625,1854.753251993039,1790.711307037104,1822.7322795150715,1232800
2021-11-05 09:00:00+09:00,1911.4058837890625,1926.1847952616583,1857.2165417228778,1857.2165417228778,1953600
2021-11-08 09:00:00+09:00,1798.100830078125,1891.7005993150685,1780.8587673239513,1884.311143848994,1927000
2021-11-09 09:00:00+09:00,1775.9324951171875,1815.3429249672222,1763.6167357890517,1812.879773101595,957400
2021-11-10 09:00:00+09:00,1768.543212890625,1790.711581854435,1729.1327791771848,1751.3011481409949,918800
2021-11-11 09:00:00+09:00,1761.1536865234375,1766.079990541685,1711.8906463409637,1729.1327104048296,816400
2021-11-12 09:00:00+09:00,1748.8377685546875,1785.7850453551387,1736.5220096212038,1775.9324382083516,1364600
2021-11-15 09:00:00+09:00,1711.890625,1795.637792266187,1645.3855215827339,1655.238129496403,3451000
2021-11-16 09:00:00+09:00,1674.9432373046875,1731.595729154699,1660.1643263872934,1704.5010591394762,1617600
2021-11-17 09:00:00+09:00,1660.164306640625,1716.816797816789,1647.8485476892852,1692.185279914109,1185400
2021-11-18 09:00:00+09:00,1677.40625,1692.18515969163,1630.6063693098383,1660.1641886930984,1349600
2021-11-19 09:00:00+09:00,1706.9642333984375,1721.7431445101124,1677.406411175088,1694.6484741387085,804600
2021-11-22 09:00:00+09:00,1783.3218994140625,1788.2482030036042,1711.890497365709,1714.35364916048,1394200
2021-11-24 09:00:00+09:00,1613.3643798828125,1736.5219661334088,1605.9749247077768,1731.595662683385,2460800
2021-11-25 09:00:00+09:00,1603.5118408203125,1650.3117255754369,1601.0486889910953,1645.3854219170025,1043600
2021-11-26 09:00:00+09:00,1578.88037109375,1601.048738238592,1551.7857001389432,1596.1224344286272,1161800
2021-11-29 09:00:00+09:00,1586.2698974609375,1625.6803296959918,1539.4700091818104,1544.3963132111921,1535600
2021-11-30 09:00:00+09:00,1512.375244140625,1635.5328373116856,1509.9120922772038,1605.975014950631,1797800
2021-12-01 09:00:00+09:00,1502.522705078125,1537.0068327356557,1448.3333616162909,1524.6910728579662,2259200
2021-12-02 09:00:00+09:00,1467.5457763671875,1492.6699235960316,1457.693169610778,1480.3541651505197,1721000
2021-12-03 09:00:00+09:00,1561.63818359375,1561.63818359375,1480.3541771921825,1492.6699357378745,1874400
2021-12-06 09:00:00+09:00,1480.354248046875,1537.0067400686355,1473.950053296589,1532.0804364145695,1336400
2021-12-07 09:00:00+09:00,1583.806640625,1588.7329443283436,1527.1541480365474,1527.1541480365474,1587400
2021-12-08 09:00:00+09:00,1601.0487060546875,1635.53283203125,1598.585554199219,1618.2907690429688,1316600
2021-12-09 09:00:00+09:00,1569.0277099609375,1608.438139096534,1561.638254498013,1583.806620886786,744600
2021-12-10 09:00:00+09:00,1497.59619140625,1544.3960723876953,1492.6698881450452,1534.5434658652857,1094800
2021-12-13 09:00:00+09:00,1539.469970703125,1551.78573046875,1500.0595394531251,1532.08051484375,1109600
2021-12-14 09:00:00+09:00,1502.522705078125,1544.3962886622694,1502.522705078125,1522.2279208824282,1145800
2021-12-15 09:00:00+09:00,1544.3963623046875,1603.5120125364458,1507.4490809098386,1522.227993467778,2052800
2021-12-16 09:00:00+09:00,1588.7330322265625,1623.2171600578367,1571.4909683109254,1578.88042427477,1316000
2021-12-17 09:00:00+09:00,1485.280517578125,1556.71191892102,1480.3542140372358,1554.2487671505753,2115200
2021-12-20 09:00:00+09:00,1490.206787109375,1514.8383042516787,1463.604748595687,1477.891028538223,1615600
2021-12-21 09:00:00+09:00,1532.080322265625,1537.0066255526526,1455.2299909879923,1517.3014124045417,1118200
2021-12-22 09:00:00+09:00,1586.2698974609375,1598.5856575343919,1537.0068571671195,1566.5646813434103,1372600
2021-12-23 09:00:00+09:00,1630.6064453125,1635.5327487726586,1583.8065624409933,1630.6064453125,1623000
2021-12-24 09:00:00+09:00,1640.4593505859375,1684.796089790963,1620.7541331614818,1625.6804375175957,1273800
2021-12-27 09:00:00+09:00,1633.0697021484375,1657.7012210345376,1623.2170945939974,1652.7749172573176,726200
2021-12-28 09:00:00+09:00,1615.82763671875,1665.09067442359,1601.048725407298,1660.164370653106,934000
2021-12-29 09:00:00+09:00,1566.564453125,1610.9011829304245,1551.7855431898586,1603.511727962854,1026400
2021-12-30 09:00:00+09:00,1527.154296875,1561.638426159274,1514.8385364163305,1559.1752740675404,1396400
2022-01-04 09:00:00+09:00,1576.417236328125,1581.3435401916504,1527.154197692871,1546.8594131469727,1083000
2022-01-05 09:00:00+09:00,1519.7647705078125,1598.5856338080555,1507.4490106171495,1591.196177873658,1869200
2022-01-06 09:00:00+09:00,1292.16943359375,1433.0617164789244,1290.6915425145348,1382.8134197856104,6584800
2022-01-07 09:00:00+09:00,1265.0748291015625,1292.1695002855913,1194.1360536379234,1291.184239515263,5340200
2022-01-11 09:00:00+09:00,1207.9296875,1239.4580317088091,1172.4603002650897,1236.5022494392333,4133400
2022-01-12 09:00:00+09:00,1311.8746337890625,1318.7714587507774,1241.4284931086886,1265.0747501202827,3726800
2022-01-13 09:00:00+09:00,1191.6729736328125,1271.9717312608193,1178.864582845523,1271.9717312608193,3292800
2022-01-14 09:00:00+09:00,1211.3780517578125,1239.457982197095,1160.6371248236708,1192.6580981316242,5517800
2022-01-17 09:00:00+09:00,1175.90869140625,1224.6790979622697,1163.1003018056792,1174.9234306677445,3257600
2022-01-18 09:00:00+09:00,1236.0096435546875,1266.0600972242116,1151.7698472024151,1178.3718881557643,5089000
2022-01-19 09:00:00+09:00,1197.5843505859375,1251.2810573789723,1184.7759618096175,1203.003284298996,5753600
2022-01-20 09:00:00+09:00,1254.7294921875,1259.6557956511338,1191.1801775066253,1200.047523741166,4469400
2022-01-21 09:00:00+09:00,1260.64111328125,1262.1190043870897,1214.82648900022,1225.6643571097109,3551000
2022-01-24 09:00:00+09:00,1295.1253662109375,1314.830582889689,1195.121391566274,1231.5760424219643,5260000
2022-01-25 09:00:00+09:00,1184.7760009765625,1342.4177142042133,1168.519199299961,1338.9693017273582,5252000
2022-01-26 09:00:00+09:00,1234.53173828125,1247.8327586059083,1169.9971581875375,1176.893983541064,4037000
2022-01-27 09:00:00+09:00,1058.1700439453125,1219.7528067079115,1049.3026972083405,1214.3338725908732,8302600
2022-01-28 09:00:00+09:00,1071.470947265625,1094.6245723329741,1016.2963513604526,1080.338293036099,6220200
2022-01-31 09:00:00+09:00,1118.27099609375,1139.454103068213,1075.412151750069,1096.102628329777,5678600
2022-02-01 09:00:00+09:00,1157.681396484375,1218.7675637882314,1143.887745802859,1178.371872506649,6659000
2022-02-02 09:00:00+09:00,1229.11279296875,1231.575944858467,1162.6076919463928,1162.6076919463928,4797800
2022-02-03 09:00:00+09:00,1083.294189453125,1184.2834158459812,1069.5005390189788,1163.1003098221138,6555800
2022-02-04 09:00:00+09:00,1105.4625244140625,1119.748804809788,1069.5005082455123,1071.4710296794055,3412200
2022-02-07 09:00:00+09:00,1079.8458251953125,1120.7341479559016,1047.8248495394296,1101.0289321676657,4572600
2022-02-08 09:00:00+09:00,1080.338623046875,1112.3596036661395,1060.6334042042508,1079.8459925758093,3632200
2022-02-09 09:00:00+09:00,1141.917236328125,1143.3951274881701,1080.3384379929155,1115.8078258339963,3644800
2022-02-10 09:00:00+09:00,1178.8643798828125,1233.0537161916757,1157.6812756893478,1184.7759438437795,5680000
2022-02-14 09:00:00+09:00,941.4165649414062,1055.7068020248214,932.5492189607965,1055.7068020248214,8185800
2022-02-15 09:00:00+09:00,921.2188110351562,955.2103072712129,888.2125755595652,926.1451148374833,5984600
2022-02-16 09:00:00+09:00,923.6819458007812,973.43761328125,902.0062094726563,950.7766162109375,5790800
2022-02-17 09:00:00+09:00,863.5810546875,925.1598520839276,860.6252724124715,910.3809407087849,6745600
2022-02-18 09:00:00+09:00,855.206298828125,866.0441666704169,814.8106095977643,827.1263685094597,8226200
2022-02-21 09:00:00+09:00,824.6632080078125,841.9052703018826,778.8485853407118,796.0906476347819,6691400
2022-02-22 09:00:00+09:00,832.5453491210938,854.7137164053833,805.9433083799463,808.406460300423,6168000
2022-02-24 09:00:00+09:00,837.4716186523438,863.0883975758272,813.8253611845129,818.2590344597312,6480600
2022-02-25 09:00:00+09:00,920.2335815429688,921.7114727338836,874.418954624609,911.3662343974798,7179600
2022-02-28 09:00:00+09:00,924.667236328125,935.5051048412943,879.8378711145612,913.3367374279934,5408200
2022-03-01 09:00:00+09:00,982.304931640625,993.6354298491176,933.0418959515264,941.9092423755642,6258600
2022-03-02 09:00:00+09:00,980.3344116210938,996.5912134218455,944.3723955164004,978.3638901906996,4970000
2022-03-03 09:00:00+09:00,964.5703125,990.1870930158325,948.3135094803371,985.2607890704801,3963600
2022-03-04 09:00:00+09:00,894.6167602539062,938.4608635923411,881.8083705145882,926.1451042276123,4882800
2022-03-07 09:00:00+09:00,825.1559448242188,849.2948351504198,804.9580978165812,842.3980093429338,5112800
2022-03-08 09:00:00+09:00,815.7958984375,867.02945727657,802.0022479808273,815.3032680640474,5206200
2022-03-09 09:00:00+09:00,777.8634033203125,829.0969650336199,768.5034256996121,818.7517266107405,5816800
2022-03-10 09:00:00+09:00,793.6275024414062,837.9642344213731,788.2085685327437,836.9789737107071,6271000
2022-03-11 09:00:00+09:00,728.1077270507812,776.3855059756639,709.3877719574594,766.0402676346176,6393000
2022-03-14 09:00:00+09:00,692.6382446289062,731.5560407353669,686.2340503329063,722.1960644565978,6152400
2022-03-15 09:00:00+09:00,668.0067749023438,687.2193591362607,648.7941906684267,658.1541676028992,7697800
2022-03-16 09:00:00+09:00,701.9982299804688,704.9540120014392,663.0804333710253,697.5645569490132,5152000
2022-03-17 09:00:00+09:00,765.547607421875,789.6864959441864,750.276065703678,780.3265187620656,6388400
2022-03-18 09:00:00+09:00,794.1201171875,796.583268915749,755.6949502268145,766.0401874854606,4624200
2022-03-22 09:00:00+09:00,745.3497314453125,781.8043779271056,740.4234278666918,781.3117475692436,4482400
2022-03-23 09:00:00+09:00,798.0611572265625,811.8548068576389,775.4001614040799,775.8927917480469,4273000
2022-03-24 09:00:00+09:00,828.6043701171875,830.5748918059323,773.4297628323332,778.3560670541951,5398600
2022-03-25 09:00:00+09:00,829.0968627929688,854.2210101503315,806.4358671373083,840.9199909611394,4400400
2022-03-28 09:00:00+09:00,752.7391967773438,808.4064279526316,749.2907842266623,807.9137975882486,4666800
2022-03-29 09:00:00+09:00,806.4359130859375,829.5895404011721,781.3117642970659,791.1643716652509,5204800
2022-03-30 09:00:00+09:00,837.4584350585938,850.7749119411509,821.1827410910239,845.8428834661297,4270400
2022-03-31 09:00:00+09:00,823.155517578125,831.0467628035593,805.8934186474872,821.1827062717664,3033000
2022-04-01 09:00:00+09:00,830.060302734375,839.4311558252563,791.0972819880793,804.9069602272727,2918600
2022-04-04 09:00:00+09:00,899.6019897460938,904.5340181986492,833.5128084818523,833.5128084818523,6113200
2022-04-05 09:00:00+09:00,926.7280883789062,941.5241728128431,884.3126463349541,938.5649559260556,8469800
2022-04-06 09:00:00+09:00,920.31640625,927.2212453108253,873.4621411943998,897.1358751172294,6343200
2022-04-07 09:00:00+09:00,855.2136840820312,892.6970981479103,853.240872815406,880.860230548159,5213800
2022-04-08 09:00:00+09:00,894.6698608398438,910.9455529058387,873.4621408750625,887.7650217815428,5809200
2022-04-11 09:00:00+09:00,833.01953125,872.9689581483126,827.594300436649,872.9689581483126,5225800
2022-04-12 09:00:00+09:00,826.11474609375,849.2952792677238,808.8526469216417,822.6623262593283,5167000
2022-04-13 09:00:00+09:00,910.945556640625,922.2892208543415,835.4855294798152,835.9787322717159,8733400
2022-04-14 09:00:00+09:00,907.4932250976562,921.3029046100119,886.2855029893958,919.8232960908309,6679600
2022-04-15 09:00:00+09:00,855.2136840820312,882.3398389981279,831.0467460658723,868.0369573150952,6252200
2022-04-18 09:00:00+09:00,822.6622924804688,854.7204753409187,819.2098727878049,844.3632162629272,3942200
2022-04-19 09:00:00+09:00,810.3322143554688,855.2136699284131,798.4953469516153,831.5399351207062,4194400
2022-04-20 09:00:00+09:00,795.04296875,828.5807614764268,786.6585205683933,825.1283416369417,4442000
2022-04-21 09:00:00+09:00,798.0021362304688,800.9613530520897,770.3827792286726,784.6856605331742,3720400
2022-04-22 09:00:00+09:00,775.8080444335938,780.246869862648,758.5459455428272,773.8352331317919,3510600
2022-04-25 09:00:00+09:00,780.7400512695312,789.1244990721731,753.6138966139252,757.066316297366,4146000
2022-04-26 09:00:00+09:00,835.9788208007812,840.4176463979536,793.5633762055794,800.468216023403,5490200
2022-04-27 09:00:00+09:00,817.7302856445312,827.5943421661782,770.3828143406259,816.2506771662842,13028600
2022-04-28 09:00:00+09:00,797.5089721679688,811.3186513397085,769.8896138244893,803.9206089262765,5622200
2022-05-02 09:00:00+09:00,739.3110961914062,791.0973971254274,737.8314875932914,779.7537312065466,6192400
2022-05-06 09:00:00+09:00,688.0179443359375,733.3926044641858,676.1810764763945,729.446981844338,6580000
2022-05-09 09:00:00+09:00,646.5888671875,675.1946294276793,646.5888671875,673.7150210359458,5977600
2022-05-10 09:00:00+09:00,657.4393310546875,661.8781562456044,597.7617923768051,634.2587995021216,8476400
2022-05-11 09:00:00+09:00,691.4703369140625,697.8819734189717,647.0820841877675,651.027706652327,6385200
2022-05-12 09:00:00+09:00,620.4491577148438,646.0957047745989,619.4627520586993,632.2860255885769,5060600
2022-05-13 09:00:00+09:00,653.9868774414062,657.439296854747,632.2859554146929,654.973282988075,4530800
2022-05-16 09:00:00+09:00,705.280029296875,723.0353307337194,678.6470771416084,680.1266855946787,7496200
2022-05-17 09:00:00+09:00,689.99072265625,717.116876870756,675.6878413431469,678.6470581665476,5173000
2022-05-18 09:00:00+09:00,726.98095703125,735.8586077955393,692.9499624348075,694.9227737157606,5466800
2022-05-19 09:00:00+09:00,729.4469604492188,738.8178138965042,689.0043297819869,690.483938221032,5365000
2022-05-20 09:00:00+09:00,751.1478881835938,763.971161389617,724.0217333246984,760.518741680303,4981400
2022-05-23 09:00:00+09:00,779.753662109375,780.2468649317086,737.8314222110215,767.4235915510358,3755400
2022-05-24 09:00:00+09:00,752.6275024414062,779.2604546903158,743.2566488723455,760.02554473277,4219200
2022-05-25 09:00:00+09:00,752.6275024414062,763.4779644687397,731.9129840255877,748.188677066588,3581400
2022-05-26 09:00:00+09:00,756.0799560546875,794.0565748519549,742.2702764920448,743.2566821750906,4229400
2022-05-27 09:00:00+09:00,731.9130249023438,791.590569385621,730.9266192084053,775.8080782826056,3805400
2022-05-30 09:00:00+09:00,802.9342041015625,803.9206097577069,753.6139212943413,755.5867326066301,5388000
2022-05-31 09:00:00+09:00,789.1245727539062,806.3866727828979,769.3964584350585,794.0566013336181,5993200
2022-06-01 09:00:00+09:00,772.848876953125,796.5226140901704,767.4236455258855,784.1925426646259,2608800
2022-06-02 09:00:00+09:00,720.5692749023438,753.1206589841745,710.7052191199708,753.1206589841745,3807400
2022-06-03 09:00:00+09:00,762.9848022460938,772.848859159424,749.6683254130979,750.1615282587644,4069000
2022-06-06 09:00:00+09:00,758.0526733398438,764.4643094839023,731.9129259832973,743.2565899304778,3095600
2022-06-07 09:00:00+09:00,724.5150146484375,751.1479695776517,719.0897830887827,751.1479695776517,3296000
2022-06-08 09:00:00+09:00,746.7091064453125,768.9032344440172,733.8858324905053,744.7362950676498,3344000
2022-06-09 09:00:00+09:00,799.4817504882812,805.8933869820182,747.2022529239644,750.1614697672276,4193600
2022-06-10 09:00:00+09:00,780.2468872070312,807.3730432098041,777.2876701885469,784.1925098983436,4140600
2022-06-13 09:00:00+09:00,707.74609375,748.1887276785715,705.7732823388502,740.7906848867595,4460000
2022-06-14 09:00:00+09:00,709.2257080078125,711.1985194348161,671.2490880379922,680.6199423162595,4018800
2022-06-15 09:00:00+09:00,694.9227294921875,701.8275685361127,678.6470374600781,682.0994569820407,3038200
2022-06-16 09:00:00+09:00,659.4121704101562,726.9809567573451,656.4529534898414,726.9809567573451,3705200
2022-06-17 09:00:00+09:00,629.8199462890625,656.9460990266494,621.92870185631,646.0956379316146,7733200
2022-06-20 09:00:00+09:00,622.4219360351562,649.0548873393547,613.5442856004234,648.5616845374251,2700200
2022-06-21 09:00:00+09:00,645.6024780273438,650.5345061253372,627.353974064768,632.2860021627614,2644400
2022-06-22 09:00:00+09:00,644.6160888671875,660.3985791837521,637.7112493536904,657.9325650717889,3080200
2022-06-23 09:00:00+09:00,682.5927124023438,687.5247406711468,648.5617173476027,653.4937456164057,3752000
2022-06-24 09:00:00+09:00,755.5867309570312,758.545947919004,701.8276228145271,710.2120708734498,5705400
2022-06-27 09:00:00+09:00,777.2876586914062,792.5769463940926,743.7498663113203,748.6818946025094,5762600
2022-06-28 09:00:00+09:00,794.5497436523438,794.5497436523438,756.57312648212,757.559532122905,3932200
2022-06-29 09:00:00+09:00,795.5361938476562,797.0158023917003,763.9712115747177,769.396442902879,3846600
2022-06-30 09:00:00+09:00,788.63134765625,804.907041510319,782.7129135274977,795.5361874731277,3927000
2022-07-01 09:00:00+09:00,782.712890625,817.2370886991965,773.3420368620037,789.124527410208,4587800
2022-07-04 09:00:00+09:00,848.308837890625,870.0097616506176,793.0701228651889,802.440976307004,8544200
2022-07-05 09:00:00+09:00,836.4719848632812,874.4486021005882,834.9923763994901,863.1049372115225,6363200
2022-07-06 09:00:00+09:00,915.3843994140625,933.1397002647664,880.8602033154718,880.8602033154718,10686800
2022-07-07 09:00:00+09:00,910.945556640625,926.2348431895472,885.2990114617877,903.5475147621142,5708400
2022-07-08 09:00:00+09:00,929.194091796875,936.5921339290156,905.0271541652153,930.6737002233031,5189600
2022-07-11 09:00:00+09:00,900.5883178710938,949.4153953460326,898.6155066599852,942.5105561071523,4706200
2022-07-12 09:00:00+09:00,868.5301513671875,892.6970891394716,854.720472640168,874.4485851073387,4569000
2022-07-13 09:00:00+09:00,863.59814453125,877.9010264224015,849.2952626400985,868.5301727695781,2908400
2022-07-14 09:00:00+09:00,854.720458984375,857.6796758071715,831.5399272058029,835.4855496361981,4630800
2022-07-15 09:00:00+09:00,894.6698608398438,906.5067277969309,852.7476237001598,858.1728543888247,5500000
2022-07-19 09:00:00+09:00,853.734130859375,881.3534903788002,848.8021023737634,878.8874761359943,4167600
2022-07-20 09:00:00+09:00,879.380615234375,887.7650630520891,862.6117195989466,882.3398321112153,3039600
2022-07-21 09:00:00+09:00,869.0233764648438,918.3436588975818,866.5573623432068,897.6291402758318,3885800
2022-07-22 09:00:00+09:00,840.4176025390625,855.706889909198,809.8390277987914,849.7884560885004,5734600
2022-07-25 09:00:00+09:00,835.9788208007812,842.8836606186048,820.1963297886132,828.5807781388274,3405000
2022-07-26 09:00:00+09:00,870.5029296875,870.5029296875,824.1418671432366,828.0874894874291,3689600
2022-07-27 09:00:00+09:00,855.2136840820312,874.9417967482834,854.7204812653749,862.1185235152195,2457800
2022-07-28 09:00:00+09:00,881.3533935546875,903.5475193017278,870.9961348727354,877.9009739940368,3888800
2022-07-29 09:00:00+09:00,915.8776245117188,919.330044205624,892.203889467797,893.6834979080421,4511600
2022-08-01 09:00:00+09:00,936.5921020507812,941.5241299710066,894.1766619368439,902.0679066092043,3818200
2022-08-02 09:00:00+09:00,927.7144775390625,956.8134430759071,918.3436242305871,940.0445476817932,3477600
2022-08-03 09:00:00+09:00,981.4736328125,999.7221375431847,939.0581893844221,947.4426375039259,6385000
2022-08-04 09:00:00+09:00,998.7357177734375,1025.3686702473958,991.3376754195602,1007.1201657744984,4966600
2022-08-05 09:00:00+09:00,994.7901000976562,1014.0250103127324,980.487218142856,1004.6541566182082,2390800
2022-08-08 09:00:00+09:00,976.0484008789062,1011.0658018199887,972.5959810678136,990.844485783589,3383000
2022-08-09 09:00:00+09:00,1009.586181640625,1017.4774268317583,964.7047246160539,971.6095641582956,3585800
2022-08-10 09:00:00+09:00,953.854248046875,985.9124311508289,937.0853522694222,985.9124311508289,4122200
2022-08-12 09:00:00+09:00,1011.5590209960938,1012.5454266723453,967.1707655647683,970.6231854316492,3546800
2022-08-15 09:00:00+09:00,942.0173950195312,977.0347955673776,919.8232679117411,974.0755786196723,7678600
2022-08-16 09:00:00+09:00,998.2424926757812,1001.2017095513023,952.3746311052043,961.7454845443544,5120400
2022-08-17 09:00:00+09:00,989.8580932617188,998.2425414856596,967.6639656101106,989.8580932617188,4057000
2022-08-18 09:00:00+09:00,938.0717163085938,965.6910728350298,925.7416464307206,959.7726392936506,4512200
2022-08-19 09:00:00+09:00,907.0,957.3066884176183,906.5067971723763,946.9494290375204,3742000
2022-08-22 09:00:00+09:00,864.09130859375,889.7378542826056,857.6796721715361,879.3805954467216,4869800
2022-08-23 09:00:00+09:00,823.155517578125,853.2408900000936,812.3050553931527,849.7884702139661,6327200
2022-08-24 09:00:00+09:00,812.7982788085938,828.0875668201631,784.6857169808693,794.0565709234442,4874600
2022-08-25 09:00:00+09:00,844.8564453125,849.2952707694834,817.7302897420461,817.7302897420461,3711400
2022-08-26 09:00:00+09:00,844.8564453125,865.5709641117556,834.9923887414259,853.240893397913,3421200
2022-08-29 09:00:00+09:00,797.0158081054688,810.8254879488803,793.5633881446158,798.49541666012,3939800
2022-08-30 09:00:00+09:00,819.2098999023438,819.2098999023438,790.1109329581906,800.9613952085527,3192600
2022-08-31 09:00:00+09:00,828.0875244140625,830.5535384831932,803.9205865365824,816.2506568822355,3038800
2022-09-01 09:00:00+09:00,784.6856689453125,813.7846346698716,784.1924661364217,808.3594037720724,3321200
2022-09-02 09:00:00+09:00,775.8080444335938,785.6721009426033,754.107120113773,780.246869862648,3459400
2022-09-05 09:00:00+09:00,790.1109008789062,792.0837121170558,759.0391238780504,762.9847463543496,2447800
2022-09-06 09:00:00+09:00,793.0701293945312,818.7166758674888,789.1245068602301,802.9341857302842,2966400
2022-09-07 09:00:00+09:00,775.3148193359375,791.0973092969745,758.0527209410534,787.6448896179976,3049600
2022-09-08 09:00:00+09:00,771.3692626953125,800.9614338984575,764.4644227479121,794.056593951057,2817800
2022-09-09 09:00:00+09:00,794.0565795898438,803.9206364791586,776.301277189077,776.301277189077,3291000
2022-09-12 09:00:00+09:00,815.2642211914062,815.7574239870454,788.1380674312567,813.784612804489,2950200
2022-09-13 09:00:00+09:00,806.8798217773438,837.9515997553221,804.4138076521074,818.7166895784784,3589400
2022-09-14 09:00:00+09:00,757.0663452148438,776.3012556144391,745.72268010739,749.6683027534609,4439200
2022-09-15 09:00:00+09:00,771.3692626953125,791.5905796841283,760.0255970674403,773.8352769622413,4923000
2022-09-16 09:00:00+09:00,735.3653564453125,763.9711181313139,732.8993425068641,763.9711181313139,3754800
2022-09-20 09:00:00+09:00,744.2430419921875,747.6954616700837,726.9809436027066,735.365391391883,2969000
2022-09-21 09:00:00+09:00,725.0081176757812,742.2702157156808,709.2256280393017,732.4061596928811,2786200
2022-09-22 09:00:00+09:00,720.5692749023438,737.3381697323778,701.8275689158352,712.1848274873267,2917600
2022-09-26 09:00:00+09:00,700.8411865234375,716.6236762973643,696.4023612745206,707.7460257995305,3350600
2022-09-27 09:00:00+09:00,700.8411865234375,723.0353127680221,699.8547809125671,710.2120398267066,2389600
2022-09-28 09:00:00+09:00,699.361572265625,722.048901126146,684.5654882261548,703.3071946761504,2735400
2022-09-29 09:00:00+09:00,697.3888549804688,728.4606356479153,693.936434906308,725.0082155737546,2961400
2022-09-30 09:00:00+09:00,674.7015380859375,693.9364503559314,668.2899006626062,688.0180158113178,2827200
2022-10-03 09:00:00+09:00,679.1403198242188,687.5247682171104,651.0277575657,665.8238429649203,2909400
2022-10-04 09:00:00+09:00,722.5421752929688,725.5013923931448,694.9228156913263,698.8684384915609,3286600
2022-10-05 09:00:00+09:00,722.0488891601562,749.6682455761185,711.1984277110282,737.3381757475639,2810800
2022-10-06 09:00:00+09:00,742.763427734375,759.5323231812334,722.0489098294323,726.4877350947771,4499200
2022-10-07 09:00:00+09:00,733.3926391601562,746.7091161321295,720.5693650389968,725.994596397949,2768000
2022-10-11 09:00:00+09:00,708.732421875,718.5964778509916,686.5382959290188,711.1984358689979,3443400
2022-10-12 09:00:00+09:00,700.8411865234375,708.2392286049657,689.0043191929924,703.8004033560488,2657400
2022-10-13 09:00:00+09:00,678.6470336914062,707.2527952859568,678.1538309052934,703.8003757831663,2320200
2022-10-14 09:00:00+09:00,704.786865234375,714.1577192857768,697.8820254070264,703.3072566999432,2926600
2022-10-17 09:00:00+09:00,655.466552734375,688.0179391004162,652.5073357920077,688.0179391004162,3636200
2022-10-18 09:00:00+09:00,733.8857421875,733.8857421875,684.072261030956,685.0586665984123,7044600
2022-10-19 09:00:00+09:00,744.7362060546875,770.3827508989549,732.4061364180204,762.9847091169546,7427800
2022-10-20 09:00:00+09:00,737.8314208984375,748.1886801490172,727.967364469314,734.3790011482442,3894200
2022-10-21 09:00:00+09:00,732.8993530273438,747.2022340756566,730.4333390534966,737.3381781802684,2014000
2022-10-24 09:00:00+09:00,791.0972900390625,809.3457936122828,746.7090381042024,755.5866884911744,8968200
2022-10-25 09:00:00+09:00,782.712890625,803.4274094695179,778.2740651583176,797.01577268431,4603000
2022-10-26 09:00:00+09:00,813.29150390625,846.8292978817655,805.4002582649522,813.784706758831,5929200
2022-10-27 09:00:00+09:00,818.7166748046875,826.6079198630459,798.0021565264966,807.8662128494447,3492800
2022-10-28 09:00:00+09:00,819.2098999023438,831.0467678118297,797.5089754016194,798.9885838903051,3921800
2022-10-31 09:00:00+09:00,820.1962890625,837.9515905695655,802.4409875554345,836.4719821106434,3484000
2022-11-01 09:00:00+09:00,812.3050537109375,828.0875441291221,803.4274028507086,813.7846621876423,2351200
2022-11-02 09:00:00+09:00,780.2468872070312,804.4138261913198,775.3148588428907,799.4817978271793,3161400
2022-11-04 09:00:00+09:00,786.165283203125,788.1380944533211,754.1071003874392,760.5187369505765,3165200
2022-11-07 09:00:00+09:00,806.8798217773438,809.3458359025801,779.7536663997436,780.2468692247909,3197200
2022-11-08 09:00:00+09:00,854.720458984375,854.720458984375,810.3322066424282,810.3322066424282,4441200
2022-11-09 09:00:00+09:00,814.7710571289062,853.2408770175592,814.277854309821,850.7748629221327,3171400
2022-11-10 09:00:00+09:00,809.3457641601562,832.0330921012697,803.4273307842136,807.8661558161706,2474400
2022-11-11 09:00:00+09:00,920.8096923828125,925.7417207298013,868.0369890700321,868.0369890700321,9725800
2022-11-14 09:00:00+09:00,984.9259643554688,1040.164676427483,968.6502724056788,976.0483142010379,11837800
2022-11-15 09:00:00+09:00,1008.1065673828125,1013.038595598971,964.2115162590012,966.6775303670804,4758400
2022-11-16 09:00:00+09:00,1020.4366455078125,1041.6443669949251,991.3376788161929,1027.8346878870377,5711000
2022-11-17 09:00:00+09:00,984.4328002929688,1000.7084928829827,971.1163245375027,985.9124087102427,3856000
2022-11-18 09:00:00+09:00,954.3474731445312,983.9396428544392,949.4154448595466,983.9396428544392,3779200
2022-11-21 09:00:00+09:00,943.0037841796875,956.8134630275072,935.1125391237905,952.8678404995587,2301200
2022-11-22 09:00:00+09:00,909.4660034179688,939.0581727265794,905.5203808434873,930.1805219339963,4093800
2022-11-24 09:00:00+09:00,908.4796142578125,951.8814633645918,907.9864114270537,942.0174067494147,3693600
2022-11-25 09:00:00+09:00,898.6155395507812,925.2484918755574,897.1359310882937,918.3436523839488,2767200
2022-11-28 09:00:00+09:00,874.9417724609375,893.6834789736296,868.530136022385,887.7650453380426,3252800
2022-11-29 09:00:00+09:00,861.1321411132812,878.8874429919056,857.6797213035487,866.0641694128991,2903200
2022-11-30 09:00:00+09:00,848.308837890625,863.1049222724382,845.3496210142623,853.240866017896,3031800
2022-12-01 09:00:00+09:00,909.9591674804688,923.7688459029365,887.7650414443598,906.9999506756542,6228600
2022-12-02 09:00:00+09:00,879.873779296875,916.3707858372162,879.873779296875,910.452352344188,3007800
2022-12-05 09:00:00+09:00,884.3126831054688,902.0679851644743,881.8466689306069,891.7107256300544,2115800
2022-12-06 09:00:00+09:00,858.6660766601562,876.9145802996886,844.3631954291715,864.5845102729776,2725400
2022-12-07 09:00:00+09:00,847.8156127929688,860.6388855868123,834.4991371993618,838.9379623972309,2405200
2022-12-08 09:00:00+09:00,841.4039916992188,856.2000759612214,833.512746759484,853.2408591088209,1850000
2022-12-09 09:00:00+09:00,862.6116943359375,870.9961419080993,845.3495963932515,867.0505195211996,2349000
2022-12-12 09:00:00+09:00,853.2409057617188,862.1185568043262,839.431226362107,846.3360660619129,1614400
2022-12-13 09:00:00+09:00,855.2136840820312,868.0369573150952,837.4583826824042,863.5981319651884,2637800
2022-12-14 09:00:00+09:00,875.4349975585938,882.8330397914832,858.1728990151848,868.0369553257042,2661800
2022-12-15 09:00:00+09:00,851.7612915039062,889.737909596437,846.3360603478304,887.2718954345844,2975600
2022-12-16 09:00:00+09:00,830.5535278320312,837.9515699445493,822.1690801045107,826.6079053720216,3224200
2022-12-19 09:00:00+09:00,840.4176025390625,846.3360363597601,811.3186362539659,814.2778531643147,1759000
2022-12-20 09:00:00+09:00,783.69921875,831.5398884911895,773.3419603524229,823.1554412169604,4113400
2022-12-21 09:00:00+09:00,781.7264404296875,796.5225244756754,766.4371535821668,782.2196432312205,2268200
2022-12-22 09:00:00+09:00,762.4915161132812,791.0972780373241,759.5322993625182,787.1516557029734,2162800
2022-12-23 09:00:00+09:00,743.256591796875,750.1614307385845,729.4469139134559,740.7905778891216,2416600
2022-12-26 09:00:00+09:00,729.4469604492188,741.2838279615793,725.5013379450986,731.4197717012788,1542600
2022-12-27 09:00:00+09:00,784.6856689453125,785.1788717542033,749.1750667051726,754.1070947940809,2981000
2022-12-28 09:00:00+09:00,743.7498779296875,763.4779914026235,731.9130098459259,763.4779914026235,3115400
2022-12-29 09:00:00+09:00,772.848876953125,773.3420798101469,739.804285532666,744.7363141028837,2637200
2022-12-30 09:00:00+09:00,781.2333374023438,807.8662920865146,777.780917350692,789.1245832346907,2410000
2023-01-04 09:00:00+09:00,757.5595703125,768.9032357533773,750.6547304789226,767.9168300628662,1708200
2023-01-05 09:00:00+09:00,777.7808227539062,781.7264451901975,759.5323189860594,767.9167666631782,2847200
2023-01-06 09:00:00+09:00,790.6041259765625,790.6041259765625,753.1207113950162,759.039145276313,1944200
2023-01-10 09:00:00+09:00,802.4409790039062,812.3050352916002,783.6992720572877,806.3866015189839,1896000
2023-01-11 09:00:00+09:00,818.2235107421875,825.6215533347931,803.9206283964832,804.9070340754973,1938600
2023-01-12 09:00:00+09:00,837.4584350585938,861.1321717386953,795.0429901734117,844.8564777711255,3098800
2023-01-13 09:00:00+09:00,836.9652099609375,860.1457431772982,829.073964610687,835.9788042921562,2251200
2023-01-16 09:00:00+09:00,830.5535278320312,858.6660878596,830.5535278320312,838.4447727520505,1717600
2023-01-17 09:00:00+09:00,827.5943603515625,843.3768511329988,824.6351433300432,831.0467802100017,1656200
2023-01-18 09:00:00+09:00,889.2447509765625,889.7379538334548,840.4176681442389,843.3768852855918,4093600
2023-01-19 09:00:00+09:00,873.462158203125,894.6698785886329,864.0913050095286,878.3941861997548,2077200
2023-01-20 09:00:00+09:00,867.050537109375,878.8874045101855,862.1185090257039,866.5573343010079,1374200
2023-01-23 09:00:00+09:00,899.6019897460938,906.5068295796713,881.353484471639,881.8466873168945,2352200
2023-01-24 09:00:00+09:00,898.1223754882812,916.8640834885858,892.6971442250351,915.384474962246,2131400
2023-01-25 09:00:00+09:00,900.5883178710938,904.0407374905338,859.6524852405895,870.0097440989099,1957000
2023-01-26 09:00:00+09:00,884.805908203125,904.040819251019,882.8330968135974,900.5883993193457,1336400
2023-01-27 09:00:00+09:00,888.75146484375,905.5203604068396,885.2990451689963,889.7378704651082,1186400
2023-01-30 09:00:00+09:00,887.2718505859375,905.5203544612459,883.8194309338521,899.1087179645159,1753400
2023-01-31 09:00:00+09:00,865.0778198242188,879.8739056821016,861.6253997907127,872.9690656150896,2086000
2023-02-01 09:00:00+09:00,871.9825439453125,882.833005464994,862.1184880183293,876.421369112455,1765600
2023-02-02 09:00:00+09:00,901.5747680664062,911.9320274369721,881.846654979614,891.7107115230101,4140800
2023-02-03 09:00:00+09:00,929.194091796875,938.5649451642532,897.1359092242651,915.8776159590217,3850000
2023-02-06 09:00:00+09:00,914.3980102539062,918.836835546401,899.6019259455906,909.4659821511343,2701000
2023-02-07 09:00:00+09:00,918.3435668945312,936.0988667915254,908.4795113962011,914.8911474701157,2077800
2023-02-08 09:00:00+09:00,934.1261596679688,935.1125653275969,924.262103071686,924.262103071686,1365000
2023-02-09 09:00:00+09:00,947.9358520507812,949.908663397401,913.904856321591,927.2213329112741,2411800
2023-02-10 09:00:00+09:00,913.90478515625,939.0581278669725,910.4523655685038,938.0717222704735,1778800
2023-02-13 09:00:00+09:00,906.5067749023438,918.343642474518,893.6835016991549,908.4795861643728,1910000
2023-02-14 09:00:00+09:00,881.3533935546875,938.5649177026136,868.0369181064634,935.6057009363415,4016600
2023-02-15 09:00:00+09:00,868.0370483398438,916.3709294405851,866.0642368663441,889.244771679965,2943400
2023-02-16 09:00:00+09:00,872.4757690429688,890.2310701653807,868.5301465713217,878.3942027504395,1847800
2023-02-17 09:00:00+09:00,848.308837890625,865.0777335233466,846.3360266397166,853.240866017896,1917600
2023-02-20 09:00:00+09:00,856.2000732421875,862.6117097353606,830.0603244623281,842.8835974486742,1299600
2023-02-21 09:00:00+09:00,835.485595703125,859.6525344218105,835.485595703125,858.6661287598233,1291000
2023-02-22 09:00:00+09:00,817.237060546875,825.6215083617795,808.8526127319705,823.6486971112138,1900000
2023-02-24 09:00:00+09:00,842.3904418945312,844.3632532338628,809.3458519607294,821.1827199967181,1815400
2023-02-27 09:00:00+09:00,821.1827392578125,835.9788246498451,818.2235221794059,832.5264047250375,1248400
2023-02-28 09:00:00+09:00,835.9788208007812,844.8564719951258,829.0739809829578,832.5264008918695,1408200
2023-03-01 09:00:00+09:00,848.8020629882812,851.7612799423368,830.0603556125958,838.4448036490867,1427800
2023-03-02 09:00:00+09:00,824.1419067382812,827.5943264553177,815.2642560373303,827.5943264553177,2064200
2023-03-03 09:00:00+09:00,809.3457641601562,837.4583226958838,806.3865474721849,833.5127004452554,1993000
2023-03-06 09:00:00+09:00,856.6932983398438,856.6932983398438,821.6758981198501,828.5807375998489,2288200
2023-03-07 09:00:00+09:00,883.3262939453125,885.7923081662653,851.2681090729254,858.1729488915934,2887000
2023-03-08 09:00:00+09:00,876.9146118164062,892.6971020178264,864.5845413465468,874.9418005412288,2071800
2023-03-09 09:00:00+09:00,878.3941650390625,889.2446263702581,867.0505009200853,884.8058012802235,1391800
2023-03-10 09:00:00+09:00,854.2272338867188,876.4213594784637,851.2680171411528,865.0776952871274,1470200
2023-03-13 09:00:00+09:00,870.0097045898438,871.9825157113627,839.4311322063005,840.41753776706,1204400
2023-03-14 09:00:00+09:00,866.5574340820312,876.4214913851847,852.7477538576164,865.0778254865583,1465400
2023-03-15 09:00:00+09:00,827.5943603515625,882.8330780865894,826.6079546777228,882.8330780865894,1878800
2023-03-16 09:00:00+09:00,861.6253662109375,863.5981775817696,823.6487473224188,826.114761535959,1976400
2023-03-17 09:00:00+09:00,935.1124877929688,935.1124877929688,865.0776917662802,868.0369084998023,4493000
2023-03-20 09:00:00+09:00,897.1359252929688,945.4698014220018,897.1359252929688,943.9901929690722,3341000
2023-03-22 09:00:00+09:00,932.1533203125,940.0445653521825,913.9048161582341,922.2892640128969,2128400
2023-03-23 09:00:00+09:00,961.7455444335938,961.7455444335938,895.1631605881911,918.8368970665565,3633200
2023-03-24 09:00:00+09:00,942.0173950195312,967.1707390750265,928.7009187548572,966.6775362504089,2273000
2023-03-27 09:00:00+09:00,925.74169921875,938.0717697997136,910.9456145215936,938.0717697997136,2011400
2023-03-28 09:00:00+09:00,921.3028564453125,928.2076958405129,905.0271635851973,918.3436395616552,1684400
2023-03-29 09:00:00+09:00,946.4562377929688,946.4562377929688,913.9048507714284,915.3844592724074,1536400
2023-03-30 09:00:00+09:00,935.0762939453125,964.6985630248895,924.214795282801,955.8118823010165,2484800
2023-03-31 09:00:00+09:00,937.0511474609375,954.3308050800803,927.177057392856,950.8748735562517,2042400
2023-04-03 09:00:00+09:00,965.1922607421875,979.509690696931,947.9126039002558,956.7992845618206,3394800
2023-04-04 09:00:00+09:00,950.8748779296875,962.2300815602082,924.7085391289224,951.8622869410372,2887200
2023-04-05 09:00:00+09:00,949.3937377929688,958.7741231377771,941.0007614318245,954.330782711289,1705000
2023-04-06 09:00:00+09:00,916.8092041015625,920.2651354040455,893.1113894559647,918.2903175169123,2298400
2023-04-07 09:00:00+09:00,915.8218383789062,927.1770417658145,901.0107035264172,920.2651788346529,1482200
2023-04-10 09:00:00+09:00,916.3155517578125,926.6833462550723,908.9099842597698,921.2525967565076,1020600
2023-04-11 09:00:00+09:00,922.7337036132812,936.5574295101095,917.7966586501284,928.1644530727496,1025000
2023-04-12 09:00:00+09:00,937.0511474609375,938.5322609711498,921.2526033520071,930.1392844132805,1136800
2023-04-13 09:00:00+09:00,978.0286254882812,978.0286254882812,918.7840848226609,928.1644704280508,2803400
2023-04-14 09:00:00+09:00,999.2578735351562,1001.232691467044,980.9908076651955,997.7767600862405,2440200
2023-04-17 09:00:00+09:00,1015.5501708984375,1019.4998069544354,993.3334680834498,997.7768086464474,2466000
2023-04-18 09:00:00+09:00,1035.7919921875,1039.7416280013704,1010.6130638740765,1017.0312220716158,1936200
2023-04-19 09:00:00+09:00,1021.4745483398438,1039.247909258275,1018.0186170501488,1038.2605003183621,1721800
2023-04-20 09:00:00+09:00,1022.9556884765625,1036.2857095136605,1008.144553990898,1011.1067808880309,1516800
2023-04-21 09:00:00+09:00,996.295654296875,1019.499765174949,993.3334273762699,1014.5627203072737,1845200
2023-04-24 09:00:00+09:00,1017.0313110351562,1029.8676285530757,1005.1824025570768,1012.0942658359564,1687200
2023-04-25 09:00:00+09:00,1005.182373046875,1016.0438721662421,998.76421447634,1012.5879406282617,1324200
2023-04-26 09:00:00+09:00,993.8271484375,1004.6886473275273,984.9404675274776,993.8271484375,1203200
2023-04-27 09:00:00+09:00,1006.6634521484375,1016.5375419193883,998.7641803316768,999.2578848202244,1349600
2023-04-28 09:00:00+09:00,1015.0565185546875,1025.4243137344777,1001.7264961806717,1017.0313366841714,1327200
2023-05-01 09:00:00+09:00,1009.6256713867188,1027.8927373237889,1003.2075130845049,1026.4116238694319,1162200
2023-05-02 09:00:00+09:00,1028.386474609375,1029.37388361044,1004.1949540832783,1011.1068170907345,1578400
2023-05-08 09:00:00+09:00,1025.4241943359375,1045.1723733313336,1018.018627212664,1029.8675346099017,1804600
2023-05-09 09:00:00+09:00,1041.22265625,1041.22265625,1027.3989320323612,1029.8674542140825,1275600
2023-05-10 09:00:00+09:00,1019.993408203125,1043.6912221400805,1019.4997037461051,1041.7164043120008,1009800
2023-05-11 09:00:00+09:00,1019.993408203125,1047.1471533392198,1017.5248859180255,1031.8423151716026,1458400
2023-05-12 09:00:00+09:00,1033.8172607421875,1035.7920788142835,1008.1446258049413,1025.9179884538041,1307000
2023-05-15 09:00:00+09:00,1110.8350830078125,1112.3161964518229,1066.4016796875,1066.4016796875,4781000
2023-05-16 09:00:00+09:00,1093.5555419921875,1149.8378588260969,1065.4143835752327,1135.520427350804,2753400
2023-05-17 09:00:00+09:00,1093.5555419921875,1098.986291862126,1079.2381105168947,1088.124792122249,1913400
2023-05-18 09:00:00+09:00,1089.6058349609375,1105.898083512687,1085.162494446824,1103.4295610048462,1666400
2023-05-19 09:00:00+09:00,1135.5203857421875,1144.407067021909,1104.9107057787025,1117.2533186672044,2410800
2023-05-22 09:00:00+09:00,1129.595947265625,1145.3944919826267,1112.3162889814043,1140.95115128097,1307800
2023-05-23 09:00:00+09:00,1117.7469482421875,1146.875512706096,1111.3287899704787,1133.5454916802396,1823000
2023-05-24 09:00:00+09:00,1087.6309814453125,1099.9735935815506,1072.8198468818266,1093.0617307852574,1711800
2023-05-25 09:00:00+09:00,1095.03662109375,1100.467370792592,1070.845099708,1086.1499397683724,1516200
2023-05-26 09:00:00+09:00,1101.4547119140625,1112.8099151296715,1093.5554401118998,1100.9610074264274,1037600
2023-05-29 09:00:00+09:00,1097.505126953125,1127.621102096688,1096.0240134214744,1126.1399885650374,1333800
2023-05-30 09:00:00+09:00,1119.7216796875,1124.6587241305665,1094.5427530278605,1097.0112752493937,969200
2023-05-31 09:00:00+09:00,1107.872802734375,1120.7091186305843,1097.9987135834447,1110.8350294796542,1348000
2023-06-01 09:00:00+09:00,1118.734375,1120.2154884708737,1103.9232402912621,1113.7973300970873,893800
2023-06-02 09:00:00+09:00,1133.0517578125,1137.9888025088508,1108.3665343307462,1121.2028505412582,1444200
2023-06-05 09:00:00+09:00,1146.1348876953125,1150.331375546017,1126.1398573478389,1149.8376710929929,1714200
2023-06-06 09:00:00+09:00,1182.669189453125,1194.7649503137393,1146.8756113962052,1148.8504294958973,2991200
2023-06-07 09:00:00+09:00,1177.4852294921875,1209.3291696608442,1165.3894692730853,1191.555807706245,2744800
2023-06-08 09:00:00+09:00,1153.787353515625,1166.6236698149003,1135.026583539761,1157.7369893000173,2156400
2023-06-09 09:00:00+09:00,1156.009033203125,1180.6942570596939,1146.1349436604974,1172.3012809484605,1728400
2023-06-12 09:00:00+09:00,1174.7698974609375,1187.112510378157,1166.3769206772283,1178.9663858527922,1324000
2023-06-13 09:00:00+09:00,1214.0194091796875,1226.608874382649,1189.334183291528,1194.5180807280415,2400000
2023-06-14 09:00:00+09:00,1211.0572509765625,1234.0145123587108,1205.1327964263305,1214.513182797531,2479600
2023-06-15 09:00:00+09:00,1229.3240966796875,1239.1981858096449,1220.190564234477,1221.9185298322195,2280600
2023-06-16 09:00:00+09:00,1278.200927734375,1279.9288934535987,1236.7297504730047,1239.1982729290387,6527800
2023-06-19 09:00:00+09:00,1288.32177734375,1298.1958664592414,1262.8959978713594,1282.150471646568,2930200
2023-06-20 09:00:00+09:00,1279.9288330078125,1280.9162419435947,1245.863224723323,1280.6693897096493,2390600
2023-06-21 09:00:00+09:00,1292.0245361328125,1302.8860339528055,1271.5358016087346,1275.2385849564596,2476600
2023-06-22 09:00:00+09:00,1292.271484375,1312.7602204214422,1278.694611091213,1288.568700752149,2314600
2023-06-23 09:00:00+09:00,1252.7750244140625,1321.3999420075816,1243.147787773245,1316.7097497979526,3397200
2023-06-26 09:00:00+09:00,1174.2760009765625,1236.4827599099435,1170.3263654887287,1233.767385512058,5009600
2023-06-27 09:00:00+09:00,1161.4398193359375,1175.7572496274327,1147.3692412908476,1164.8957507856087,2772600
2023-06-28 09:00:00+09:00,1175.0167236328125,1191.802676827567,1156.0091001622816,1186.125075011694,1969000
2023-06-29 09:00:00+09:00,1200.195556640625,1215.2535428510482,1188.3466494586526,1195.2585119814698,2162000
2023-06-30 09:00:00+09:00,1199.455078125,1204.8858276040594,1167.1174334996913,1177.485227959714,1542600
2023-07-03 09:00:00+09:00,1202.6641845703125,1221.9186604316599,1195.0117646767,1210.0697522092923,1441600
2023-07-04 09:00:00+09:00,1197.973876953125,1200.9361037249028,1179.9536640914769,1185.8781176350324,1258600
2023-07-05 09:00:00+09:00,1183.6566162109375,1192.5432977925002,1180.2006844847742,1189.581070598646,1236400
2023-07-06 09:00:00+09:00,1153.54052734375,1181.1879784592004,1150.8251526806255,1175.510376890849,2172200
2023-07-07 09:00:00+09:00,1127.1273193359375,1152.0593953878274,1119.7217521918117,1135.0265909563382,2857200
2023-07-10 09:00:00+09:00,1120.709228515625,1138.4825907299696,1116.0190357090619,1121.449785274556,1315600
2023-07-11 09:00:00+09:00,1134.77978515625,1156.502783001312,1130.8301491844206,1133.7923761632926,1831200
2023-07-12 09:00:00+09:00,1118.734375,1134.5329186893205,1117.0064092839805,1134.5329186893205,1321600
2023-07-13 09:00:00+09:00,1171.067138671875,1172.548252253669,1123.1777995271989,1135.5204127088164,1605400
2023-07-14 09:00:00+09:00,1169.0921630859375,1191.802568281019,1165.1425273998364,1187.852932594918,1452000
2023-07-18 09:00:00+09:00,1180.2005615234375,1194.7648437091482,1174.276107752979,1188.8403899386897,1885400
2023-07-19 09:00:00+09:00,1224.38720703125,1238.7046380812121,1201.1830946399318,1214.5131166519657,2661000
2023-07-20 09:00:00+09:00,1192.29638671875,1218.956430148486,1190.5684209408967,1216.4879076086957,2690600
2023-07-21 09:00:00+09:00,1193.7774658203125,1198.9613630043957,1145.6412776823965,1158.7244467660353,1547600
2023-07-24 09:00:00+09:00,1195.9991455078125,1203.4047129722571,1182.4222718229973,1195.258588761368,1091200
2023-07-25 09:00:00+09:00,1200.4425048828125,1203.4047319152191,1177.23839312896,1186.8656309842818,1426800
2023-07-26 09:00:00+09:00,1191.5557861328125,1203.8983983778178,1186.8655934797105,1203.1578416431175,897800
2023-07-27 09:00:00+09:00,1198.4677734375,1208.8355687998842,1179.9538531475284,1181.928671311792,1031800
2023-07-28 09:00:00+09:00,1169.5859375,1188.8404126213593,1143.6664517597087,1182.4222542475727,1912400
2023-07-31 09:00:00+09:00,1190.8153076171875,1193.2838302283344,1175.0167629058485,1184.6440010893207,1579000
2023-08-01 09:00:00+09:00,1212.5382080078125,1213.0319124899004,1187.112427180287,1194.2711421705612,1276600
2023-08-02 09:00:00+09:00,1182.1754150390625,1202.9110038599606,1179.7068925603842,1197.4802544068682,1780400
2023-08-03 09:00:00+09:00,1148.850341796875,1167.8579645554396,1138.7293998085484,1154.281091156465,2021600
2023-08-04 09:00:00+09:00,1171.067138671875,1173.5356613081985,1143.9133896723163,1144.407094199581,1143800
2023-08-07 09:00:00+09:00,1181.434814453125,1181.434814453125,1146.6286487953962,1159.9586696855902,1263200
2023-08-08 09:00:00+09:00,1126.6336669921875,1185.1376501379257,1126.6336669921875,1184.8907978883656,2126800
2023-08-09 09:00:00+09:00,1142.185302734375,1151.8125399953738,1121.6965670250702,1125.6462028244543,1083200
2023-08-10 09:00:00+09:00,1131.0770263671875,1131.0770263671875,1103.4295739548947,1123.1777542493896,1776400
2023-08-14 09:00:00+09:00,1108.36669921875,1258.9465848587138,1107.3792901325864,1258.9465848587138,5187200
2023-08-15 09:00:00+09:00,1141.1978759765625,1162.180315833367,1123.4245151566809,1139.4699103412963,2863400
2023-08-16 09:00:00+09:00,1135.2734375,1142.6790046069798,1104.6637601244836,1124.4119390764297,1715800
2023-08-17 09:00:00+09:00,1105.6512451171875,1133.792402059219,1092.814927915559,1133.792402059219,1715400
2023-08-18 09:00:00+09:00,1056.0338134765625,1086.3966370056924,1049.615655657397,1086.3966370056924,2415000
2023-08-21 09:00:00+09:00,1077.2633056640625,1093.0618509350295,1054.5528968370475,1056.0340104562006,1485000
2023-08-22 09:00:00+09:00,1079.48486328125,1095.7771113893136,1070.5981824950334,1089.6058052877743,1160800
2023-08-23 09:00:00+09:00,1104.170166015625,1106.1449841082083,1084.915689612938,1086.3968031823756,1310800
2023-08-24 09:00:00+09:00,1096.517822265625,1127.6212093897739,1096.517822265625,1125.646391159669,1378200
2023-08-25 09:00:00+09:00,1101.2078857421875,1110.3414189796815,1070.1045022847752,1072.8198770310573,1046800
2023-08-28 09:00:00+09:00,1122.437255859375,1134.2861646522604,1101.4548132053071,1105.1575972030837,1114200
2023-08-29 09:00:00+09:00,1159.21826171875,1168.8455002636886,1117.0065234832502,1122.1904211612941,2170400
2023-08-30 09:00:00+09:00,1165.63623046875,1193.777384698618,1146.6286087520846,1177.2382852828184,2260800
2023-08-31 09:00:00+09:00,1170.5732421875,1173.2886166421738,1150.3313598890236,1171.5606510801085,1337200
2023-09-01 09:00:00+09:00,1159.21826171875,1170.0797616156037,1149.8378754441944,1170.0797616156037,1284600
2023-09-04 09:00:00+09:00,1135.7672119140625,1161.6866983846073,1134.5329506535604,1160.6992893762056,1278200
2023-09-05 09:00:00+09:00,1151.8126220703125,1162.1804167824757,1127.1273965651624,1129.5959191156774,1503000
2023-09-06 09:00:00+09:00,1197.72705078125,1199.4550164357158,1164.895703346397,1175.0166450368404,3104600
2023-09-07 09:00:00+09:00,1151.5657958984375,1188.840487255493,1136.2609557385867,1188.3467827342074,2365400
2023-09-08 09:00:00+09:00,1135.7672119140625,1154.527983073695,1131.8175758804557,1142.9259272249749,1571400
2023-09-11 09:00:00+09:00,1123.424560546875,1150.8251595846036,1111.0819483677178,1133.5455025337837,1348200
2023-09-12 09:00:00+09:00,1124.658935546875,1149.0973101340437,1119.7218901757299,1123.9183787412032,1073200
2023-09-13 09:00:00+09:00,1090.59326171875,1113.55052141541,1083.187694074666,1110.8351466125791,1672600
2023-09-14 09:00:00+09:00,1087.8778076171875,1094.295965774221,1073.0666734086485,1085.4092852490976,1433400
2023-09-15 09:00:00+09:00,1100.46728515625,1108.6134090705964,1064.6737103810917,1103.4295120341942,2739800
2023-09-19 09:00:00+09:00,1087.8778076171875,1105.8980209042431,1081.706501696963,1086.1498419595246,1539400
2023-09-20 09:00:00+09:00,1092.0743408203125,1104.9106576653976,1081.706546445436,1084.1750689156447,1525800
2023-09-21 09:00:00+09:00,1070.1044921875,1086.1498882641292,1054.0590961108708,1086.1498882641292,1867400
2023-09-22 09:00:00+09:00,1065.16748046875,1082.6939905761153,1049.1220838915845,1051.5906064419178,1422400
2023-09-25 09:00:00+09:00,1070.1044921875,1079.9785820808102,1056.774470831531,1076.7695028654844,1371000
2023-09-26 09:00:00+09:00,1024.18994140625,1066.4016743492407,1024.18994140625,1066.4016743492407,1496000
2023-09-27 09:00:00+09:00,1018.2654418945312,1018.2654418945312,1000.9857859108665,1007.4039438476563,1621200
2023-09-28 09:00:00+09:00,1007.4039916992188,1018.0186380219501,997.2830498566145,1018.0186380219501,1285600
2023-09-29 09:00:00+09:00,1018.2654418945312,1027.3989743430398,1008.1445005326705,1012.0941361860796,1118400
2023-10-02 09:00:00+09:00,998.517333984375,1035.2983185983853,996.0488115270589,1025.917933260584,1377600
2023-10-03 09:00:00+09:00,986.915283203125,1010.1193944140039,981.4845337707917,996.7893730800947,1844200
2023-10-04 09:00:00+09:00,982.9656372070312,999.2578853375346,968.6482070317405,970.1293204981499,2096600
2023-10-05 09:00:00+09:00,1011.1068115234375,1015.0564475059509,988.3964046239853,994.8145630955696,1599600
2023-10-06 09:00:00+09:00,993.3334350585938,1022.9557044937407,983.953049737464,1022.215147757862,1520200
2023-10-10 09:00:00+09:00,1006.6634521484375,1014.0690194766506,995.8019534003915,997.2830668660342,1531800
2023-10-11 09:00:00+09:00,972.5978393554688,1010.1193803661365,972.5978393554688,1004.4417787658381,1326200
2023-10-12 09:00:00+09:00,1019.993408203125,1020.7339648886549,982.7187216981222,985.4340962117316,1585800
2023-10-13 09:00:00+09:00,966.6734008789062,1020.9808953103054,965.439139641829,1012.5879188981801,1821400
2023-10-16 09:00:00+09:00,930.3861083984375,957.7867075048919,927.9175859564145,949.6405834462162,1903200
2023-10-17 09:00:00+09:00,949.640625,1001.232746295815,944.4567276449181,959.267862945152,2498000
2023-10-18 09:00:00+09:00,932.1140747070312,952.8496632333529,917.0560878010119,948.1594705904944,1908600
2023-10-19 09:00:00+09:00,910.39111328125,932.6078161541656,903.7261024193754,907.1820339773844,1173800
2023-10-20 09:00:00+09:00,888.9149169921875,901.0106767624227,884.2247244282187,896.320484198454,1636200
2023-10-23 09:00:00+09:00,858.5521240234375,882.2499399826813,852.380817784051,871.6352932509367,1992000
2023-10-24 09:00:00+09:00,872.1289672851562,873.6100807308711,824.4864847813251,868.9198881527738,2368400
2023-10-25 09:00:00+09:00,907.4288940429688,927.9176313132534,897.0610992796921,925.695961006837,6397200
2023-10-26 09:00:00+09:00,883.4841918945312,912.6127570366253,875.8317722385574,887.6806800929685,2803000
2023-10-27 09:00:00+09:00,893.6051635742188,898.5422086768388,877.3129147355728,890.6429365126468,1026600
2023-10-30 09:00:00+09:00,888.4212036132812,896.0736229831094,882.2498976698714,888.914908088754,920400
2023-10-31 09:00:00+09:00,916.3155517578125,923.7211192558551,879.5345665175339,891.8771790142716,1612600
2023-11-01 09:00:00+09:00,909.4036865234375,933.1015024589017,903.972937038227,932.1140934615906,1410000
2023-11-02 09:00:00+09:00,980.2503051757812,985.4342025337997,935.323194739621,936.0637515050522,3479000
2023-11-06 09:00:00+09:00,1076.5225830078125,1082.2001843398875,1009.8724804138869,1014.5626728186446,5132000
2023-11-07 09:00:00+09:00,1056.7744140625,1074.3009226816164,1046.1597679974013,1059.7366408713647,2266600
2023-11-08 09:00:00+09:00,1063.439453125,1081.2128144585654,1050.35628436557,1081.2128144585654,1426600
2023-11-09 09:00:00+09:00,1086.8905029296875,1092.5681049209168,1059.4899020154937,1066.154913048676,2170600
2023-11-10 09:00:00+09:00,1084.421875,1084.6687272365127,1054.5527543819715,1065.4142527885272,1470000
2023-11-13 09:00:00+09:00,1075.53515625,1090.3462899142185,1067.8827371901539,1085.656097587216,1469200
2023-11-14 09:00:00+09:00,1124.4119873046875,1179.9537429893319,1093.0617518737995,1175.0166980395857,6138600
2023-11-15 09:00:00+09:00,1159.958740234375,1165.1426375625133,1133.2986968325208,1157.983922204608,3120800
2023-11-16 09:00:00+09:00,1169.5859375,1179.7068795509708,1139.9636680825242,1155.2685072815534,2681800
2023-11-17 09:00:00+09:00,1227.59619140625,1237.2234287810427,1184.8907538206313,1184.8907538206313,3575400
2023-11-20 09:00:00+09:00,1286.1002197265625,1301.8987636924933,1232.7801338415456,1246.1101553127999,4528000
2023-11-21 09:00:00+09:00,1297.4554443359375,1308.0700912359462,1274.9918892684775,1293.5058082801204,2988000
2023-11-22 09:00:00+09:00,1271.2890625,1287.0876061893202,1265.3646086165047,1280.9163000606795,1974400
2023-11-24 09:00:00+09:00,1295.9742431640625,1304.8609236886161,1254.996771856399,1268.8204971168154,2287600
2023-11-27 09:00:00+09:00,1271.0421142578125,1297.2084502670043,1266.3519219542782,1284.1252822624083,1686200
2023-11-28 09:00:00+09:00,1291.7777099609375,1293.258823329897,1253.2687623679876,1272.2763839363026,1741000
2023-11-29 09:00:00+09:00,1311.5260009765625,1319.4252729568466,1294.2463435196908,1296.4680137641458,1813200
2023-11-30 09:00:00+09:00,1315.722412109375,1344.110419124868,1303.873504833343,1320.6594568077217,2129800
2023-12-01 09:00:00+09:00,1308.31689453125,1320.1658022553065,1291.0372374336675,1303.3798496462264,1230400
2023-12-04 09:00:00+09:00,1331.52099609375,1334.7300752463675,1280.1757296518701,1313.253930148081,1556000
2023-12-05 09:00:00+09:00,1287.581298828125,1322.6343173161606,1284.3722196707697,1317.4504202158173,1540800
2023-12-06 09:00:00+09:00,1299.183349609375,1305.8483601431872,1271.0421940221684,1299.677054093361,1805200
2023-12-07 09:00:00+09:00,1250.059814453125,1288.0750615751197,1249.812962199086,1288.0750615751197,1693400
2023-12-08 09:00:00+09:00,1232.03955078125,1249.0723556307605,1220.4374953040474,1239.1982658629283,2276800
2023-12-11 09:00:00+09:00,1238.457763671875,1263.1429891785897,1229.5710824894577,1255.7374215265752,1110400
2023-12-12 09:00:00+09:00,1247.5911865234375,1286.5938393668691,1239.1982105951042,1273.7575232411828,1874000
2023-12-13 09:00:00+09:00,1268.079833984375,1285.1126368936455,1254.9966665323268,1277.707070411354,1432200
2023-12-14 09:00:00+09:00,1277.46044921875,1306.0953114621075,1269.8080291364734,1286.5939828653381,2193200
2023-12-15 09:00:00+09:00,1296.468017578125,1312.76026608539,1284.8659618229512,1289.0624500748227,1637600
2023-12-18 09:00:00+09:00,1284.865966796875,1305.107851384261,1280.6694785287584,1291.2841253245826,1334400
2023-12-19 09:00:00+09:00,1302.8861083984375,1302.8861083984375,1255.7373310767055,1277.7071801952088,1596800
2023-12-20 09:00:00+09:00,1259.9337158203125,1302.145444935766,1255.7372281304722,1300.9111838505187,1270000
2023-12-21 09:00:00+09:00,1256.7247314453125,1264.3771507489473,1231.0520989427957,1231.0520989427957,1081600
2023-12-22 09:00:00+09:00,1267.5863037109375,1291.777824210192,1263.636667711059,1271.5359397108157,1371200
2023-12-25 09:00:00+09:00,1261.4149169921875,1285.8532881824472,1255.7373156045514,1272.5232675332147,476200
2023-12-26 09:00:00+09:00,1268.5736083984375,1281.163072112841,1256.9715536028107,1257.7121102918932,674200
2023-12-27 09:00:00+09:00,1285.6065673828125,1288.8156467560798,1265.6115343647618,1276.4730337819744,1042000
2023-12-28 09:00:00+09:00,1298.4427490234375,1300.1707146590202,1269.561037685844,1280.4225359666484,715400
2023-12-29 09:00:00+09:00,1289.802978515625,1299.1833638139203,1272.2764691424939,1282.8911156642494,804000
2024-01-04 09:00:00+09:00,1262.155517578125,1265.8583012205409,1239.1982589951472,1258.2058816928816,1412400
2024-01-05 09:00:00+09:00,1202.17041015625,1265.1177314272652,1202.17041015625,1261.4149478230877,2730200
2024-01-09 09:00:00+09:00,1181.434814453125,1208.0948562335132,1158.230704014639,1189.8277905691732,2693600
2024-01-10 09:00:00+09:00,1185.878173828125,1202.9109785729502,1179.9537200038378,1197.2333769913419,1605800
2024-01-11 09:00:00+09:00,1200.195556640625,1211.7976115896397,1179.9536735380887,1205.1326012997802,1652600
2024-01-12 09:00:00+09:00,1176.74462890625,1195.505399159423,1159.4649720941172,1195.505399159423,2249800
2024-01-15 09:00:00+09:00,1156.9964599609375,1190.5683649224668,1153.2936763254747,1190.5683649224668,290600
2024-01-16 09:00:00+09:00,1163.9083251953125,1190.5683674267216,1158.230723608994,1183.1628001402191,1032600
2024-01-17 09:00:00+09:00,1130.830078125,1176.7445934123282,1128.3615557977243,1160.2054938195809,2816200
2024-01-18 09:00:00+09:00,1088.37158203125,1119.9686703732777,1086.6436162625455,1114.5379208144916,2343000
2024-01-19 09:00:00+09:00,1168.3516845703125,1182.4222626435235,1137.742005954906,1137.742005954906,4334200
2024-01-22 09:00:00+09:00,1199.455078125,1199.455078125,1170.5733649863655,1183.903386434966,1906400
2024-01-23 09:00:00+09:00,1207.6011962890625,1233.2738300613566,1199.701924359126,1215.9941727146202,1912000
2024-01-24 09:00:00+09:00,1197.973876953125,1208.0948184233657,1189.0871966377915,1203.157773803736,1444400
2024-01-25 09:00:00+09:00,1201.6766357421875,1207.6010891640883,1176.0040042472847,1183.4095710246604,1034200
2024-01-26 09:00:00+09:00,1201.1829833984375,1232.0395129760793,1176.250907499703,1182.9159178884736,1285600
2024-01-29 09:00:00+09:00,1185.63134765625,1199.7019257983293,1176.4978144763038,1192.2963583551295,1140600
2024-01-30 09:00:00+09:00,1206.1201171875,1213.0319803232449,1195.0117657193384,1213.0319803232449,1185800
2024-01-31 09:00:00+09:00,1213.27880859375,1215.7473310934322,1194.518037596166,1198.2208213456893,1001000
2024-02-01 09:00:00+09:00,1219.697021484375,1234.7550094039352,1200.6893973891924,1200.6893973891924,1638000
2024-02-02 09:00:00+09:00,1192.7900390625,1221.9186037581487,1192.7900390625,1221.6717515149653,1063600
2024-02-05 09:00:00+09:00,1199.455078125,1217.4752923055155,1177.732080208762,1199.701930374048,962000
2024-02-06 09:00:00+09:00,1175.0167236328125,1195.5054606205274,1167.6111560468914,1188.3467452874704,1319000
2024-02-07 09:00:00+09:00,1177.23828125,1187.3592226488781,1163.4145564125079,1175.0166111868316,1159400
2024-02-08 09:00:00+09:00,1187.85302734375,1193.5306290953931,1155.5153825843918,1177.732085090821,1481000
2024-02-09 09:00:00+09:00,1190.321533203125,1203.157850027381,1186.3718972572,1189.3341242166439,1557600
2024-02-13 09:00:00+09:00,1215.0067138671875,1218.4626451947252,1196.739648278774,1207.107442261387,2228400
2024-02-14 09:00:00+09:00,1031.8424072265625,1067.1422790527345,987.6558543812145,1066.8954268022017,9063000
2024-02-15 09:00:00+09:00,1028.1395263671875,1063.6862470867252,1022.9556295955882,1037.273058774291,4020000
2024-02-16 09:00:00+09:00,1077.7569580078125,1095.777172834787,1029.3739154586758,1042.9507896433824,3412200
2024-02-19 09:00:00+09:00,1085.903076171875,1092.8149393527826,1069.857679501911,1078.2506562215844,1789000
2024-02-20 09:00:00+09:00,1068.37646484375,1080.2253720324054,1050.1093995945732,1080.2253720324054,1951200
2024-02-21 09:00:00+09:00,1055.787109375,1061.464711319266,1040.7291216097733,1056.527666150339,1339200
2024-02-22 09:00:00+09:00,1079.731689453125,1082.6939163103352,1052.3310910239304,1066.401668595679,1673000
2024-02-26 09:00:00+09:00,1099.2330322265625,1112.0693487942206,1066.8953885657318,1082.4470797919328,2133800
2024-02-27 09:00:00+09:00,1128.8553466796875,1133.0518349573072,1101.9484512525967,1101.9484512525967,1912400
2024-02-28 09:00:00+09:00,1173.0418701171875,1177.485210534298,1115.2784446947503,1125.6462390013414,2319200
2024-02-29 09:00:00+09:00,1163.9083251953125,1173.041858181999,1151.5657130511415,1157.4901668803436,1993400
2024-03-01 09:00:00+09:00,1208.588623046875,1214.2662248299791,1173.0418988396139,1182.1754321428684,2097400
2024-03-04 09:00:00+09:00,1150.5782470703125,1219.9437238836053,1150.33139483966,1214.0192703479504,2762600
2024-03-05 09:00:00+09:00,1087.3841552734375,1134.2860825156517,1085.9030417815782,1128.361628548214,3098400
2024-03-06 09:00:00+09:00,1086.6435546875,1109.353960646439,1052.084241271723,1065.4142621606657,2068600
2024-03-07 09:00:00+09:00,1061.2177734375,1096.5176435471913,1060.9709211989707,1093.5554166848397,1713600
2024-03-08 09:00:00+09:00,1036.779296875,1055.293212890625,1024.4366861979167,1037.2730013020835,2484600
2024-03-11 09:00:00+09:00,1021.4745483398438,1031.101785503994,1008.8850843559549,1020.7339916349091,1863000
2024-03-12 09:00:00+09:00,1049.6158447265625,1050.1095492631225,1019.4998679964025,1019.9935725329624,1809000
2024-03-13 09:00:00+09:00,1055.2933349609375,1063.6863111922057,1040.729052677266,1049.6157333927265,1548000
2024-03-14 09:00:00+09:00,1042.703857421875,1059.9835141499839,1031.842358907064,1055.5401738484702,1133000
2024-03-15 09:00:00+09:00,1040.9759521484375,1058.2556098791442,1029.1270439902385,1041.2228044017334,1598400
2024-03-18 09:00:00+09:00,1060.4771728515625,1060.4771728515625,1031.8423143667437,1037.7667678463613,767000
2024-03-19 09:00:00+09:00,1040.9759521484375,1055.2933828395946,1029.867600750126,1055.2933828395946,1456000
2024-03-21 09:00:00+09:00,1053.5654296875,1062.9458154251113,1049.3689413312002,1058.5024748125586,1223600
2024-03-22 09:00:00+09:00,1050.1094970703125,1056.5276557265956,1034.8046571976374,1044.1850429260512,640600
2024-03-25 09:00:00+09:00,1018.7592163085938,1057.7618710642898,1015.550137119834,1057.7618710642898,1545600
2024-03-26 09:00:00+09:00,1019.2529296875,1027.3990538530818,1009.1319875423831,1011.1068055219181,2022600
2024-03-27 09:00:00+09:00,1015.7969970703125,1031.3486886414983,1011.1068043742406,1019.0060762834144,1337400
2024-03-28 09:00:00+09:00,1009.0501708984375,1017.4527439600458,994.4692352915289,1014.2399954364897,1951000
2024-03-29 09:00:00+09:00,1007.5674438476562,1021.6541115688523,1001.389080812044,1011.7687307118726,476800
2024-04-01 09:00:00+09:00,1006.578857421875,1019.1827174092347,998.9176876256369,1018.6884483901225,1178800
2024-04-02 09:00:00+09:00,969.5086669921875,1001.389018264681,964.8131113784093,998.6705386988094,2055600
2024-04-03 09:00:00+09:00,948.0079956054688,961.6003938740561,946.5251885216229,955.4220310246982,1525000
2024-04-04 09:00:00+09:00,946.2780151367188,959.8704128469616,941.0881905564443,949.9850326940577,2018800
2024-04-05 09:00:00+09:00,935.8984375,938.8640517725113,916.8690792513863,926.5073256370479,1765200
2024-04-08 09:00:00+09:00,932.6856689453125,946.2780674063597,916.8690598270031,938.6168973646786,1811800
2024-04-09 09:00:00+09:00,940.3468017578125,948.007971496181,925.2715967887648,930.4614214502402,1478600
2024-04-10 09:00:00+09:00,916.374755859375,942.8181482210128,915.3862178271643,934.6627094552741,1793800
2024-04-11 09:00:00+09:00,900.5581665039062,901.2995700438381,880.2931364124353,889.684247918239,1972800
2024-04-12 09:00:00+09:00,876.0918579101562,917.8575910517123,871.3963021131766,912.4206317078412,1986000
2024-04-15 09:00:00+09:00,809.6126098632812,851.1312052408855,805.9055924188524,842.7286323668465,3508200
2024-04-16 09:00:00+09:00,824.1935424804688,834.3260567958208,791.0775200839522,795.2788065073909,2861200
2024-04-17 09:00:00+09:00,787.61767578125,816.7795476802734,785.8877342279181,816.7795476802734,2046200
2024-04-18 09:00:00+09:00,803.681396484375,820.2394080355599,784.4049054247868,786.8762504324262,1878600
2024-04-19 09:00:00+09:00,776.7437133789062,794.5373969179713,764.1398542054019,786.134824135635,3080000
2024-04-22 09:00:00+09:00,807.6355590820312,807.6355590820312,789.3476057858041,790.8304128098225,2079600
2024-04-23 09:00:00+09:00,797.5030517578125,819.4980228165189,786.3819989753206,815.5438707160772,2091600
2024-04-24 09:00:00+09:00,795.03173828125,812.0840198918829,790.8304515076157,812.0840198918829,2044600
2024-04-25 09:00:00+09:00,769.5768432617188,786.1348549825072,766.6112292221745,785.8877204792119,2109200
2024-04-26 09:00:00+09:00,774.2724609375,776.0024025993456,752.2774883797479,763.6456764433051,2743200
2024-04-30 09:00:00+09:00,797.9973754882812,804.1757385688657,784.8992457574423,792.5604159773669,2234400
2024-05-01 09:00:00+09:00,809.365478515625,815.2967064497852,796.267350161021,801.2100401061546,1590400
2024-05-02 09:00:00+09:00,793.3017578125,824.687839819412,791.8189507885514,815.543863171729,2330200
2024-05-07 09:00:00+09:00,872.6319580078125,877.3275137150197,855.3325422444177,859.286694418908,3340200
2024-05-08 09:00:00+09:00,882.0230712890625,898.581083554786,871.6434218090567,872.8790943662002,3049600
2024-05-09 09:00:00+09:00,872.384765625,886.4714318121459,866.2064032622167,879.7988004603399,1946400
2024-05-10 09:00:00+09:00,859.7809448242188,874.3618806519362,852.1197751520283,870.9019975741727,1522800
2024-05-13 09:00:00+09:00,855.8267822265625,863.4879518046807,852.3668991912832,855.0853787190026,971400
2024-05-14 09:00:00+09:00,892.89697265625,896.6039902565389,866.20644593417,867.9363874809715,2511400
2024-05-15 09:00:00+09:00,930.7085571289062,1017.699903944991,892.6498428968692,1016.4642314049897,5621600
2024-05-16 09:00:00+09:00,919.8346557617188,944.0538379929516,902.0409708571395,935.4041300532256,2300000
2024-05-17 09:00:00+09:00,894.626953125,911.6792348282114,882.2702272531078,903.5237957527625,1496800
2024-05-20 09:00:00+09:00,898.3339233398438,900.3109993747045,863.9822272341386,877.3274904694485,1712200
2024-05-21 09:00:00+09:00,878.563232421875,912.1735276706444,874.8562145635549,899.5696669523559,1726600
2024-05-22 09:00:00+09:00,882.517333984375,885.4829481002564,863.2408422311458,874.8561641850148,1417200
2024-05-23 09:00:00+09:00,864.9707641601562,878.3160273786273,844.4586003243583,877.0803548583984,2361400
2024-05-24 09:00:00+09:00,864.7236328125,878.3160305846313,850.8841005354209,854.0968490997428,1923600
2024-05-27 09:00:00+09:00,864.9707641601562,876.8332203543526,859.2866705671038,871.8905302734375,1381400
2024-05-28 09:00:00+09:00,864.9707641601562,884.2472554757254,860.2752085832868,873.6204718017578,1671600
2024-05-29 09:00:00+09:00,836.7974853515625,866.4536277739451,835.0675437102568,864.970820652826,2606400
2024-05-30 09:00:00+09:00,852.366943359375,862.0051894570889,827.4063573114489,827.900626342101,1437000
2024-05-31 09:00:00+09:00,881.52880859375,882.2702121333579,863.4879891299587,864.9707962091744,2405200
2024-06-03 09:00:00+09:00,869.6663818359375,896.6040447004209,865.2179604454723,893.6384304401108,1322000
2024-06-04 09:00:00+09:00,904.26513671875,909.4549612257448,866.7006926681214,871.39624817445,1711400
2024-06-05 09:00:00+09:00,907.2307739257812,929.4728795246155,904.5122943525904,914.397674618739,2333000
2024-06-06 09:00:00+09:00,863.4879760742188,904.5123046455755,861.0166309795586,904.5123046455755,4034200
2024-06-07 09:00:00+09:00,879.0574951171875,880.5403022498002,860.5224059595297,864.9708273573675,1435400
2024-06-10 09:00:00+09:00,867.442138671875,871.6434253833912,858.0510271990742,864.7236590350116,1423200
2024-06-11 09:00:00+09:00,876.0918579101562,885.2358349884852,853.6026169877799,866.9478808318274,1279600
2024-06-12 09:00:00+09:00,875.103271484375,929.4728619183097,874.3618679784578,906.9836222388185,2040200
2024-06-13 09:00:00+09:00,914.6448364257812,941.3353639410432,898.8282275278482,904.0180523224825,3405200
2024-06-14 09:00:00+09:00,914.1505126953125,923.7887581657416,903.770863727158,908.4664192127517,1885200
2024-06-17 09:00:00+09:00,936.3926391601562,941.8295982685023,907.4779020839519,914.397668221847,1941200
2024-06-18 09:00:00+09:00,978.6526489257812,980.8768594915217,945.0423559323706,945.0423559323706,3896400
2024-06-19 09:00:00+09:00,974.9456787109375,998.423458046182,964.8131634188848,979.1469655393497,2924400
2024-06-20 09:00:00+09:00,956.9048461914062,986.8081226348877,954.6806355468498,968.7673029623741,1208800
2024-06-21 09:00:00+09:00,955.1748657226562,965.8016494810196,946.0308890003436,955.6691347346731,1150800
2024-06-24 09:00:00+09:00,1011.7686767578125,1034.9993205329063,1000.4004893785112,1010.2858697083384,2926000
2024-06-25 09:00:00+09:00,1016.95849609375,1019.6769756701854,994.4692559614216,997.187735537857,1403600
2024-06-26 09:00:00+09:00,1037.7177734375,1040.683387460184,1011.521516237125,1017.2056097806026,1879800
2024-06-27 09:00:00+09:00,1044.884765625,1055.2644156146523,1033.269443017532,1035.2465192060372,1565000
2024-06-28 09:00:00+09:00,1029.315185546875,1056.499980363239,1027.5852440585609,1050.0744834066438,2094000
2024-07-01 09:00:00+09:00,1000.4004516601562,1023.3839600604513,989.5265337073284,1020.4183460733165,2187400
2024-07-02 09:00:00+09:00,992.4921875,1005.3431819596614,984.0896141994522,1000.4004917828686,1802600
2024-07-03 09:00:00+09:00,989.2794799804688,1002.1304749739697,987.0552693085167,988.7852109422572,1815800
2024-07-04 09:00:00+09:00,983.10107421875,997.4348757030858,974.2042319181279,993.4807235694759,1446800
2024-07-05 09:00:00+09:00,983.10107421875,1001.8832968533968,969.7558107678168,976.4284424932835,1130600
2024-07-08 09:00:00+09:00,987.0552368164062,996.1992137223168,977.9112599104956,988.5380438822295,830000
2024-07-09 09:00:00+09:00,973.7099609375,979.8883236338039,960.3646975134834,978.6526510945431,1133200
2024-07-10 09:00:00+09:00,962.341796875,973.9571190252633,948.5022641002183,964.0717384718478,1274200
2024-07-11 09:00:00+09:00,940.3468017578125,956.904813772996,930.4614214502402,954.1863341884138,1837200
2024-07-12 09:00:00+09:00,1043.8961181640625,1043.8961181640625,952.4563540256385,963.3302719231808,4106600
2024-07-16 09:00:00+09:00,1055.0172119140625,1082.2020077235136,1049.3331182448137,1062.6783816421805,3092400
2024-07-17 09:00:00+09:00,1111.611083984375,1124.4620791749458,1067.6211389089594,1071.3281567523934,4002000
2024-07-18 09:00:00+09:00,1074.293701171875,1126.9333511257764,1074.046566665049,1110.8696081820976,2223600
2024-07-19 09:00:00+09:00,1073.30517578125,1086.4033047972312,1052.793011473204,1073.30517578125,921200
2024-07-22 09:00:00+09:00,1060.7012939453125,1084.6733408960804,1048.344568712958,1073.305153682314,1144200
2024-07-23 09:00:00+09:00,1061.442626953125,1071.0808719941429,1050.5687094709508,1060.7012234884312,998400
2024-07-24 09:00:00+09:00,1039.6949462890625,1065.1498023546135,1038.9535427143378,1050.321730860118,905400
2024-07-25 09:00:00+09:00,1018.4412841796875,1033.0222198182707,1016.2170736585477,1027.0909917618978,1657600
2024-07-26 09:00:00+09:00,1025.1138916015625,1042.4133063585803,1016.4641842230536,1020.6654706640437,1282400
2024-07-29 09:00:00+09:00,1042.413330078125,1043.4018680867339,1025.1139149274686,1036.4821020264715,1148800
2024-07-30 09:00:00+09:00,1030.3037109375,1039.2005527685747,1019.1826586486568,1037.9648802920365,1006000
2024-07-31 09:00:00+09:00,1027.091064453125,1031.7866203300762,992.9865007152686,1013.2515313421108,1677800
2024-08-01 09:00:00+09:00,970.4971923828125,1012.0157888483874,970.4971923828125,1011.2743853400735,1476200
2024-08-02 09:00:00+09:00,883.7529907226562,937.3811783587905,881.0345111650641,932.6856227593133,2835000
2024-08-05 09:00:00+09:00,786.3820190429688,857.5567586672223,763.1513748600526,833.3375764339694,3015400
2024-08-06 09:00:00+09:00,875.8447265625,888.6957214217692,825.6764197080453,885.2358381904276,2238200
2024-08-07 09:00:00+09:00,879.3046264648438,903.7709440646245,849.4013493984452,850.6370220044947,1845000
2024-08-08 09:00:00+09:00,898.3339233398438,911.4320520707961,859.7809406600595,864.4764962428537,1162000
2024-08-09 09:00:00+09:00,913.1619873046875,916.6218703418365,893.8854960977144,903.2766071985474,1537400
2024-08-13 09:00:00+09:00,944.7952270507812,953.9392038754945,907.2307817168239,927.7429459452349,2875400
2024-08-14 09:00:00+09:00,1029.315185546875,1044.3903899450406,916.3747198097989,917.8575267997825,6446600
2024-08-15 09:00:00+09:00,1039.9420166015625,1062.184122469942,1006.5788577989933,1022.148331906859,3333000
2024-08-16 09:00:00+09:00,1069.1038818359375,1073.552302980886,1041.9190859501416,1061.442712086304,1765400
2024-08-19 09:00:00+09:00,1053.2872314453125,1098.7599791191599,1049.0859449754462,1069.3509738300954,1916600
2024-08-20 09:00:00+09:00,1120.7550048828125,1139.042958655983,1074.787985939438,1074.787985939438,3252600
2024-08-21 09:00:00+09:00,1117.7894287109375,1146.7041674151558,1106.1741063254822,1111.1167967022716,2103200
2024-08-22 09:00:00+09:00,1193.90673828125,1197.8608901778553,1145.7155120413734,1159.5550436794917,3117000
2024-08-23 09:00:00+09:00,1183.7742919921875,1190.4469237007029,1152.6353440191153,1161.532186297136,1839000
2024-08-26 09:00:00+09:00,1206.7578125,1214.4189823110792,1189.2112622875281,1191.1883383678066,2983400
2024-08-27 09:00:00+09:00,1204.2864990234375,1209.970592903499,1162.7679002473371,1182.2915270527653,2571400
2024-08-28 09:00:00+09:00,1204.2864990234375,1208.4877858043524,1171.9118773587402,1192.424042230266,1697600
2024-08-29 09:00:00+09:00,1200.3323974609375,1205.5222225271675,1173.14759949497,1186.987133004917,1971600
2024-08-30 09:00:00+09:00,1191.9296875,1213.4303888917686,1181.3029040534936,1195.1424359838275,1904200
2024-09-02 09:00:00+09:00,1185.5042724609375,1206.7578408227555,1163.7564350674493,1200.8266124427132,2438000
2024-09-03 09:00:00+09:00,1196.8724365234375,1206.5106824504278,1179.5730207570446,1185.9985180417048,2232000
2024-09-04 09:00:00+09:00,1159.80224609375,1181.5500827986828,1134.8416607846793,1137.3130058647853,3290800
2024-09-05 09:00:00+09:00,1144.4798583984375,1183.03284002447,1129.1575195470657,1144.7269928960404,2337000
2024-09-06 09:00:00+09:00,1124.4620361328125,1153.1296396913633,1111.363906920716,1151.8939671241844,1978400
2024-09-09 09:00:00+09:00,1141.2672119140625,1142.0086154731232,1097.7715364491696,1099.7486126066647,2078400
2024-09-10 09:00:00+09:00,1115.812255859375,1155.6009099442829,1092.334478604305,1151.6467579855344,2503400
2024-09-11 09:00:00+09:00,1068.1153564453125,1117.5422586408383,1056.7471689403415,1107.1626091797777,2194800
2024-09-12 09:00:00+09:00,1104.444091796875,1113.8352028929326,1091.3459631629,1104.6912262994028,1862800
2024-09-13 09:00:00+09:00,1109.38671875,1112.1051981231901,1092.0873045569726,1100.2427426765428,1670000
2024-09-17 09:00:00+09:00,1112.599609375,1117.7894342965626,1084.920543126666,1114.3295510155208,1949000
2024-09-18 09:00:00+09:00,1112.1053466796875,1146.7041796875,1104.9384455566408,1114.0824228515626,1421400
2024-09-19 09:00:00+09:00,1123.720703125,1135.8302950434352,1108.1512278012976,1117.295205372361,1614800
2024-09-20 09:00:00+09:00,1113.3409423828125,1151.1525215580778,1100.9842171621376,1142.7499484080188,1787200
2024-09-24 09:00:00+09:00,1116.8009033203125,1130.3933020108673,1090.6046440257887,1115.5652307120802,1687600
2024-09-25 09:00:00+09:00,1109.6339111328125,1124.7091157161315,1099.7485310781772,1113.3409286533008,1275600
2024-09-26 09:00:00+09:00,1148.43408203125,1148.43408203125,1103.4556006605403,1110.6225015382909,1700600
2024-09-27 09:00:00+09:00,1142.5028076171875,1154.1181292607107,1132.8645619980937,1148.4340356904759,1060800
2024-09-30 09:00:00+09:00,1105.4327392578125,1121.743618039618,1084.4263044630632,1104.6913356768214,2059400
2024-10-01 09:00:00+09:00,1089.8631591796875,1111.6109954626381,1072.0694749481825,1101.9727498372395,1437800
2024-10-02 09:00:00+09:00,1045.6260986328125,1081.7077366381045,1041.4248120157579,1078.0007190348213,2243400
2024-10-03 09:00:00+09:00,1077.25927734375,1086.1561192763895,1051.3101550402187,1070.3395113961417,1850600
2024-10-04 09:00:00+09:00,1079.4835205078125,1106.9154506306072,1070.0924092946036,1072.0694853394896,1305200
2024-10-07 09:00:00+09:00,1071.5751953125,1093.075896878964,1065.6439672941651,1079.9777683384746,1154600
2024-10-08 09:00:00+09:00,1056.0057373046875,1065.3968484719185,1046.6146261374565,1052.7929887474768,1083400
2024-10-09 09:00:00+09:00,1082.6962890625,1093.8173420202295,1062.6783937385871,1062.6783937385871,1062200
2024-10-10 09:00:00+09:00,1069.59814453125,1089.8631740718142,1069.59814453125,1082.696273380639,1009200
2024-10-11 09:00:00+09:00,1102.467041015625,1112.1052868348604,1078.2478592134437,1085.909028967195,1402800
2024-10-15 09:00:00+09:00,1107.6568603515625,1116.8008371103772,1084.1790821870381,1105.1855152816127,1440600
2024-10-16 09:00:00+09:00,1069.8453369140625,1099.995748349386,1064.4083774749058,1098.7600757495777,1616400
2024-10-17 09:00:00+09:00,1030.056640625,1068.1153552738124,1023.8782778573355,1062.6783960382677,1356400
2024-10-18 09:00:00+09:00,1041.4248046875,1062.184103119809,1034.5050385433972,1037.9649216154485,1364800
2024-10-21 09:00:00+09:00,1041.4248046875,1060.2070270786367,1033.022231512518,1041.9190736977932,1051000
2024-10-22 09:00:00+09:00,1010.0386962890625,1024.8667662125622,994.7163573681127,1022.6425557240373,1470200
2024-10-23 09:00:00+09:00,995.4578247070312,1027.5853116017468,990.5151344155366,1023.8782938831257,1373000
2024-10-24 09:00:00+09:00,1004.601806640625,1012.7572456613237,981.8654311889799,989.0323321465636,1430800
2024-10-25 09:00:00+09:00,994.9635009765625,1005.3431500180468,984.5838519350782,1003.1189395091573,1095400
2024-10-28 09:00:00+09:00,1005.8374633789062,1023.6311482347493,995.9520829034378,1000.4005041173987,1016000
2024-10-29 09:00:00+09:00,1015.7228393554688,1016.7113773986371,997.1877510460623,1006.3317279453695,858000
2024-10-30 09:00:00+09:00,1019.9241333007812,1028.0795722149867,1001.8833138845087,1022.395478426298,1347400
2024-10-31 09:00:00+09:00,1023.1368408203125,1033.0222209248566,998.9176595641795,1006.084560139974,1770200
2024-11-01 09:00:00+09:00,1003.3660888671875,1022.8897147343076,993.4807086813039,1003.8603578764817,901200
2024-11-05 09:00:00+09:00,1015.2285766601562,1018.9355943451374,988.7851838406244,1003.6132545805489,965600
2024-11-06 09:00:00+09:00,1016.4642333984375,1021.1597890596507,996.4463382111597,1017.4527714323771,878600
2024-11-07 09:00:00+09:00,994.9635009765625,1025.8553136000276,982.112506925201,1013.7457230516293,1602600
2024-11-08 09:00:00+09:00,1022.8897705078125,1046.8618187656666,1008.3088339386023,1019.6770217722238,1467600
2024-11-11 09:00:00+09:00,1027.091064453125,1029.0681406118413,1009.7916480643572,1024.1254502150505,1135000
2024-11-12 09:00:00+09:00,997.6820068359375,1038.2120660683115,996.1991997908506,1025.6082061850732,1762400
2024-11-13 09:00:00+09:00,996.4463500976562,1001.3890403263152,982.606817457411,993.4807359604608,2492000
2024-11-14 09:00:00+09:00,1055.0172119140625,1097.0300781650324,1034.7521823106536,1045.8732351417925,5008400
2024-11-15 09:00:00+09:00,1068.609619140625,1084.920496768581,1013.2514890093809,1030.3037701658802,3716400
2024-11-18 09:00:00+09:00,1059.4656982421875,1080.7192671828986,1031.78663171475,1043.8962233205039,2169400
2024-11-19 09:00:00+09:00,999.90625,1065.8911656574394,994.4692906574394,1048.8388840830448,2916000
2024-11-20 09:00:00+09:00,967.7787475585938,1000.8947721175447,964.0717298840843,993.7278712801598,2836600
2024-11-21 09:00:00+09:00,970.7443237304688,994.9635049233368,959.1290021379707,967.7787097068522,1816200
2024-11-22 09:00:00+09:00,1009.7915649414062,1011.0272374388871,982.606769996826,983.842442494307,1843200
2024-11-25 09:00:00+09:00,1028.8209228515625,1042.907589342684,1011.2743733626216,1023.8782328546778,2359800
2024-11-26 09:00:00+09:00,1018.6884765625,1048.8388875621663,1011.027306554388,1037.9649688409752,1732600
2024-11-27 09:00:00+09:00,1010.7801513671875,1027.8324326494212,990.5151214375763,1024.3725494907071,1737000
2024-11-28 09:00:00+09:00,1010.7801513671875,1010.7801513671875,993.9750045962904,1007.56740271981,1068000
2024-11-29 09:00:00+09:00,1008.8030395507812,1015.4756711205684,991.997893375021,1010.5329810688743,852800
2024-12-02 09:00:00+09:00,1022.642578125,1023.6311161415539,995.2106481656294,1013.251466967738,1064800
2024-12-03 09:00:00+09:00,1029.315185546875,1051.804424894958,1027.0909750618998,1028.0795130552222,1475000
2024-12-04 09:00:00+09:00,1040.9305419921875,1054.7700743643534,1020.1712434339387,1024.8667990602094,1015200
2024-12-05 09:00:00+09:00,1042.6605224609375,1056.252920833858,1036.2350250482841,1044.1433295561653,1100000
2024-12-06 09:00:00+09:00,992.4921875,1037.7178026176543,982.1125381287351,1031.5394398966635,2521800
2024-12-09 09:00:00+09:00,1003.3660888671875,1008.0616444554822,986.5609425511853,994.7163812045394,1668400
2024-12-10 09:00:00+09:00,987.5494995117188,1002.1304355655705,985.5724234366203,1002.1304355655705,1605000
2024-12-11 09:00:00+09:00,950.9736328125,965.3074349702769,944.7952698134583,963.8246278505068,2163800
2024-12-12 09:00:00+09:00,975.6870727539062,988.0437985993204,963.5774814254003,968.7673062804743,1249800
2024-12-13 09:00:00+09:00,994.9635009765625,1007.0730915249608,971.2385888817413,971.2385888817413,1658000
2024-12-16 09:00:00+09:00,934.16845703125,974.6985170717593,925.0244800708913,970.7443648726852,3109200
2024-12-17 09:00:00+09:00,934.6627197265625,950.2321939049796,928.9786259788864,936.8869303234792,1574400
2024-12-18 09:00:00+09:00,948.255126953125,951.4678756240634,926.2601552828544,934.6627287299241,949000
2024-12-19 09:00:00+09:00,939.1111450195312,945.5366423275595,911.9263487163342,914.3976938348067,1771800
2024-12-20 09:00:00+09:00,931.6970825195312,949.4907668541218,929.2257374730603,946.5251527983567,1658600
2024-12-23 09:00:00+09:00,940.3468017578125,958.6347553268213,929.472883419483,931.6970939886868,1518200
2024-12-24 09:00:00+09:00,931.6970825195312,937.6283106310615,919.5874917918238,933.1798895474138,1205600
2024-12-25 09:00:00+09:00,922.058837890625,939.358253235665,910.9377851688137,938.1225807110192,1165200
2024-12-26 09:00:00+09:00,917.8576049804688,928.731523833226,910.1964348796624,921.8117572905622,945400
2024-12-27 09:00:00+09:00,924.77734375,931.2028410609299,918.35184643907,919.834653510823,900600
2024-12-30 09:00:00+09:00,918.3518676757812,928.2372483827326,910.9378321455678,923.2945580292569,769200
2025-01-06 09:00:00+09:00,881.2816162109375,917.6103872661837,877.3274642593461,912.4205628297199,2311400
2025-01-07 09:00:00+09:00,878.0689086914062,892.6498446927552,874.8561600809395,890.4256341162783,1293200
2025-01-08 09:00:00+09:00,875.103271484375,875.8446749902923,856.5681838364428,868.9249089350643,1420600
2025-01-09 09:00:00+09:00,878.8103637695312,883.7530542294273,863.4880233438532,876.8332875855729,1324200
2025-01-10 09:00:00+09:00,872.8790893554688,877.5746450456595,863.7351124850971,869.9134752353482,1387800
2025-01-14 09:00:00+09:00,874.3618774414062,888.6956787109375,865.2179007694639,873.620473927465,1981600
2025-01-15 09:00:00+09:00,860.76953125,884.4944451173557,851.1312849913867,865.9593561584841,1692200
2025-01-16 09:00:00+09:00,859.7809448242188,892.1555650518626,849.8955646020374,880.5402432907995,2146800
2025-01-17 09:00:00+09:00,846.1885986328125,855.3325758960759,838.7745630139502,854.0969032929322,1630000
2025-01-20 09:00:00+09:00,868.6777954101562,874.8561581086637,847.1770932193501,849.1541692828725,1563800
2025-01-21 09:00:00+09:00,884.0001220703125,887.2128706269002,866.9478412699626,883.7529875659596,1347000
2025-01-22 09:00:00+09:00,882.7644653320312,896.1097288056957,873.8676230162548,892.6498456828938,1007800
2025-01-23 09:00:00+09:00,885.7301025390625,894.1326760564531,880.5402777194977,889.6842547825404,1097200
2025-01-24 09:00:00+09:00,915.8804931640625,919.8346453201945,892.4027147370291,893.3912527760621,2111600
2025-01-27 09:00:00+09:00,905.0065307617188,929.719980536752,901.0523787977135,927.7429045547493,1555400
2025-01-28 09:00:00+09:00,939.6054077148438,943.3124253675851,903.5237692281611,912.4206115947404,1267800
2025-01-29 09:00:00+09:00,961.1060791015625,969.5086521767626,947.5136814799154,948.9964884931859,1634000
2025-01-30 09:00:00+09:00,956.65771484375,959.3761945294336,948.9965448204598,953.9392351580664,1193800
2025-01-31 09:00:00+09:00,961.3532104492188,972.474263012256,958.3875964324088,963.824555463227,1510600
2025-02-03 09:00:00+09:00,956.1633911132812,960.1175431571718,945.5366074953254,951.9621045666476,1556400
2025-02-04 09:00:00+09:00,952.9506225585938,972.9685168602654,950.4792775830787,966.2958854263749,1553200
2025-02-05 09:00:00+09:00,965.5545654296875,973.4628700352032,957.151991786327,966.2959689864546,1004800
2025-02-06 09:00:00+09:00,979.39404296875,985.0781365817404,967.5315867329438,975.6870253950606,1360600
2025-02-07 09:00:00+09:00,974.2042236328125,981.1239898077793,959.3761532578839,973.7099546203149,1299000
2025-02-10 09:00:00+09:00,1000.6475830078125,1008.061617952301,974.945595200252,977.1698056835985,1841800
2025-02-12 09:00:00+09:00,1010.7801513671875,1021.6540698660032,1004.3546540724327,1008.3088062538203,1935400
2025-02-13 09:00:00+09:00,1000.8947143554688,1013.2514392240548,991.0093344605999,1010.7800942503376,2120800
2025-02-14 09:00:00+09:00,1043.6490478515625,1055.7586389822106,989.0323205072112,1001.3890461507297,6159400
2025-02-17 09:00:00+09:00,1028.8209228515625,1088.8746063137123,1028.8209228515625,1053.7815073358306,3522800
2025-02-18 09:00:00+09:00,1033.5166015625,1072.0695881344154,1005.3432652214849,1013.2515701593137,2886000
2025-02-19 09:00:00+09:00,1052.0516357421875,1061.937016392807,1034.0108160548068,1037.9649683150546,1435600
2025-02-20 09:00:00+09:00,1061.195556640625,1069.3509952454551,1044.1432759214347,1046.3674864500247,1814600
2025-02-21 09:00:00+09:00,1054.52294921875,1064.161195063496,1039.6948786883715,1044.1432998474852,1982000
2025-02-25 09:00:00+09:00,1013.0043334960938,1039.4477254658625,999.6590702590141,1039.4477254658625,2405600
2025-02-26 09:00:00+09:00,998.4234619140625,1010.7801879278504,985.5724668597231,1009.2973808061959,1851600
2025-02-27 09:00:00+09:00,989.526611328125,1013.992928641183,986.0667280717329,1012.262987012987,1263600
2025-02-28 09:00:00+09:00,933.6741943359375,976.9227343065011,924.5302173135898,970.2501024253284,3221000
2025-03-03 09:00:00+09:00,943.3124389648438,956.9048372208214,929.225771681376,942.3239009098636,1572800
2025-03-04 09:00:00+09:00,929.472900390625,932.9327835614489,909.4550049022866,927.742958805213,1892400
2025-03-05 09:00:00+09:00,929.2257080078125,952.950619701629,927.9900355237596,938.1225498929937,2171400
2025-03-06 09:00:00+09:00,954.4334716796875,957.8933547981535,936.1455180535102,946.5251674089081,1752200
2025-03-07 09:00:00+09:00,918.3518676757812,932.4385351831869,912.4206392516104,918.599002193455,1607200
2025-03-10 09:00:00+09:00,926.0130004882812,937.6283223518919,920.0817723026076,920.328906810344,1094800
2025-03-11 09:00:00+09:00,914.1505126953125,924.0358926649833,880.2930862991898,914.6447816937961,2815400
2025-03-12 09:00:00+09:00,957.1519775390625,964.5660129963752,929.9671808622495,930.7085844079808,2575000
2025-03-13 09:00:00+09:00,944.3009033203125,979.6411360276678,944.3009033203125,971.7328322050429,1297800
2025-03-14 09:00:00+09:00,949.4907836914062,953.197801326849,930.9556955141925,939.1111343121665,1016600
2025-03-17 09:00:00+09:00,1014.4871826171875,1017.9470658222157,958.881916822092,975.9341983325879,2585000
2025-03-18 09:00:00+09:00,1012.262939453125,1022.6425887346268,1002.3775591850281,1022.6425887346268,1136200
2025-03-19 09:00:00+09:00,997.187744140625,1017.2056393761617,995.9520715952215,1016.7113703580003,995800
2025-03-21 09:00:00+09:00,1003.8603515625,1014.2400006923929,988.043743364568,993.4807024326071,1526600
2025-03-24 09:00:00+09:00,1008.555908203125,1022.6425748945188,1002.6246801225382,1011.0272532367029,790400
2025-03-25 09:00:00+09:00,1008.3087768554688,1022.889712599212,999.9062037150064,1007.3202388389437,892400
2025-03-26 09:00:00+09:00,1009.0501708984375,1025.1139135162182,1003.1189428549493,1024.1253755089701,973000
2025-03-27 09:00:00+09:00,1008.8030395507812,1008.8030395507812,988.5380103388352,988.5380103388352,937200
2025-03-28 09:00:00+09:00,1004.0971069335938,1013.2612887186315,995.9236475036953,1005.087829288733,770800
2025-03-31 09:00:00+09:00,990.7223510742188,993.94219871521,970.9079040527345,986.5117810821533,1210400
2025-04-01 09:00:00+09:00,953.3225708007812,1003.1063683406505,953.3225708007812,1003.1063683406505,1429400
2025-04-02 09:00:00+09:00,963.4774780273438,974.3754237942339,951.3411293323977,961.0006721712323,1354400
2025-04-03 09:00:00+09:00,953.8179321289062,967.1926837090051,932.269721249858,932.269721249858,1283200
2025-04-04 09:00:00+09:00,931.2789916992188,943.1676596783577,917.4088790568899,934.0034781111048,1147600
2025-04-07 09:00:00+09:00,865.1483154296875,903.786488119934,862.9191900821733,891.6501390056899,2360800
2025-04-08 09:00:00+09:00,905.7679443359375,925.33471152285,898.5852070141594,906.5109861278455,1600800
2025-04-09 09:00:00+09:00,891.650146484375,901.5573703342013,875.5509077284071,894.6223136393229,1469800
2025-04-10 09:00:00+09:00,986.0164184570312,991.4653913799287,944.6537603604917,958.0285120803309,1562600
2025-04-11 09:00:00+09:00,1018.7102661132812,1023.4161973207094,960.0099663153605,985.7687476612836,3196600
2025-04-14 09:00:00+09:00,1021.4347534179688,1040.2584782627227,1020.4440310577186,1034.3141441012215,1964200
2025-04-15 09:00:00+09:00,1044.2213134765625,1074.438343895002,1038.0292990465543,1045.2120357853637,1940200
2025-04-16 09:00:00+09:00,1034.561767578125,1046.2027546684224,1017.9671689600416,1044.9643517864758,1034400
2025-04-17 09:00:00+09:00,1049.1749267578125,1054.1285383100212,1018.7102157117287,1025.8929524624314,1289400
2025-04-18 09:00:00+09:00,1084.3455810546875,1084.3455810546875,1042.9829241254656,1058.0914395307502,1523400
2025-04-21 09:00:00+09:00,1084.3455810546875,1092.519040208366,1064.0357734606982,1066.0172181040143,1288200
2025-04-22 09:00:00+09:00,1051.6517333984375,1069.9800961566768,1041.7445102858755,1067.5032903785363,1674800
2025-04-23 09:00:00+09:00,1045.955078125,1067.5032883539545,1038.0292996499822,1067.5032883539545,1108200
2025-04-24 09:00:00+09:00,1039.02001953125,1051.8994095230557,1029.3604770373956,1050.1656454856973,958800
2025-04-25 09:00:00+09:00,1037.533935546875,1053.8808536051451,1034.0664074739086,1048.4318809190552,1009400
2025-04-28 09:00:00+09:00,1087.070068359375,1087.317748939999,1046.450453137015,1056.8530375232292,2431800
2025-04-30 09:00:00+09:00,1067.255615234375,1082.8594917161029,1058.3391143876734,1076.9151578183019,1370800
2025-05-01 09:00:00+09:00,1073.9429931640625,1081.125729972586,1052.8901438977007,1056.3576720121603,1306800
2025-05-02 09:00:00+09:00,1081.8687744140625,1093.2620811043205,1067.5033007611285,1076.6674822293794,1441000
2025-05-07 09:00:00+09:00,1100.44482421875,1109.6090057393653,1082.611822340796,1083.3548640857107,1695400
2025-05-08 09:00:00+09:00,1143.541259765625,1161.6219424519777,1109.3613390708758,1109.6090196556204,2711400
2025-05-09 09:00:00+09:00,1152.953125,1165.0894736842106,1133.386358754028,1141.0644569011815,2020400
2025-05-12 09:00:00+09:00,1139.578369140625,1162.6126634962168,1130.9095486842195,1156.6683294689674,1145000
2025-05-13 09:00:00+09:00,1141.064453125,1155.4299270301985,1136.8538831872693,1148.9902318313164,1988400
2025-05-14 09:00:00+09:00,1129.9188232421875,1178.2165370809043,1080.8780676521058,1134.1293931665884,4929200
2025-05-15 09:00:00+09:00,1102.6739501953125,1163.6033733193121,1083.6025453963368,1107.1322006678001,3295400
2025-05-16 09:00:00+09:00,1102.921630859375,1122.2407162415961,1090.2899211863842,1095.738893986498,1820000
2025-05-19 09:00:00+09:00,1095.986572265625,1104.9030731925318,1070.9708335540254,1078.1535704118114,1679400
2025-05-20 09:00:00+09:00,1079.3919677734375,1107.627553896928,1075.9244396530087,1092.7667190950908,1235600
2025-05-21 09:00:00+09:00,1051.1563720703125,1072.456901758825,1045.2120382037508,1070.2277765588644,1484800
2025-05-22 09:00:00+09:00,1045.459716796875,1064.2834406719194,1042.4875498692365,1046.2027585287847,946800
2025-05-23 09:00:00+09:00,1045.955078125,1060.0728710336252,1038.7723413820152,1057.8437458375265,1070400
2025-05-26 09:00:00+09:00,1077.162841796875,1095.738885286129,1054.3762284500567,1056.3576730889106,2003200
2025-05-27 09:00:00+09:00,1077.658203125,1084.3455787821765,1073.9429944265685,1074.9337167461504,622400
2025-05-28 09:00:00+09:00,1063.292724609375,1081.3734068587307,1054.6239043528344,1077.410517598598,1462000
2025-05-29 09:00:00+09:00,1074.190673828125,1082.8594941149556,1065.026492382047,1078.4012436817286,922800
2025-05-30 09:00:00+09:00,1105.6461181640625,1121.9930365777784,1084.8409492738786,1090.5376026604765,2207600
2025-06-02 09:00:00+09:00,1114.810302734375,1156.6683212107378,1108.6182881668656,1130.4141794444984,1737200
2025-06-03 09:00:00+09:00,1138.3399658203125,1154.9345649739157,1119.51624140727,1122.4884084198557,1777000
2025-06-04 09:00:00+09:00,1137.1015625,1147.2564664561098,1122.4884080265738,1137.844604252886,1380600
2025-06-05 09:00:00+09:00,1129.9188232421875,1143.5412553505435,1129.9188232421875,1139.0830048423543,770200
2025-06-06 09:00:00+09:00,1111.5904541015625,1129.91881720395,1103.4169948802273,1124.4698443897266,1248200
2025-06-09 09:00:00+09:00,1112.0858154296875,1117.0394270797085,1097.472661062126,1105.6461202846604,908000
2025-06-10 09:00:00+09:00,1127.4420166015625,1140.3214069493836,1120.0115990932043,1122.4884049293237,1379800
2025-06-11 09:00:00+09:00,1150.2286376953125,1150.2286376953125,1128.680426782416,1138.83533077585,1188400
2025-06-12 09:00:00+09:00,1175.4920654296875,1192.5820259258207,1149.7332843920374,1174.9967042558865,3153800
2025-06-13 09:00:00+09:00,1164.346435546875,1188.123771818413,1145.2750304124122,1188.123771818413,1894800
2025-06-16 09:00:00+09:00,1142.05517578125,1149.9809544897732,1122.2407290099422,1147.008787474077,1460800
2025-06-17 09:00:00+09:00,1135.3677978515625,1153.943841664579,1133.8817143465212,1144.2842988818104,996400
2025-06-18 09:00:00+09:00,1154.439208984375,1171.0338082124276,1145.275027321122,1145.275027321122,1636400
2025-06-19 09:00:00+09:00,1147.7518310546875,1178.9595847691653,1143.2935805240477,1153.6961650955404,964200
2025-06-20 09:00:00+09:00,1134.3770751953125,1139.5783674614918,1117.039434308048,1129.9188246814444,2248200
2025-06-23 09:00:00+09:00,1124.4698486328125,1124.4698486328125,1110.3520553790524,1119.5162369648265,915800
2025-06-24 09:00:00+09:00,1143.541259765625,1158.649775435043,1124.2221741555495,1136.6062033927774,1259400
2025-06-25 09:00:00+09:00,1144.531982421875,1152.7054417207112,1135.1201201989727,1152.457761135898,968400
2025-06-26 09:00:00+09:00,1148.2471923828125,1168.5570003585224,1141.312136000863,1152.705442914066,1189000
2025-06-27 09:00:00+09:00,1146.513427734375,1159.6404987367343,1127.194342108261,1157.659054057133,1166200
2025-06-30 09:00:00+09:00,1147.504150390625,1170.2907642123253,1145.7703862954957,1155.4299291112166,1157400
2025-07-01 09:00:00+09:00,1128.680419921875,1148.7425472015923,1114.3149460672626,1147.7518248667914,1441000
2025-07-02 09:00:00+09:00,1112.33349609375,1133.3863456078825,1109.856690268558,1122.4883999770375,1248000
2025-07-03 09:00:00+09:00,1090.53759765625,1104.1600296051697,1078.6489297735563,1095.491209274039,1619600
2025-07-04 09:00:00+09:00,1091.032958984375,1101.1878628023908,1082.1164580709953,1100.4448210596092,1029800
2025-07-07 09:00:00+09:00,1100.940185546875,1106.6368389254078,1085.0886283196535,1090.5376011165108,1078200
2025-07-08 09:00:00+09:00,1124.717529296875,1124.717529296875,1101.1878738722542,1107.875249624515,1952000
2025-07-09 09:00:00+09:00,1116.0487060546875,1127.6896934458482,1088.8038419477157,1124.4698458695698,1864800
2025-07-10 09:00:00+09:00,1118.27783203125,1130.9095417618355,1094.9958572337,1127.9373747664035,1789800
2025-07-11 09:00:00+09:00,1121.25,1134.1293903247183,1107.8752485089462,1116.2963883366467,1775800
2025-07-14 09:00:00+09:00,1110.5997314453125,1126.4512887183946,1095.4912159194062,1121.2499964881645,1742200
2025-07-15 09:00:00+09:00,1105.6461181640625,1131.9002598588183,1086.3270327660346,1125.4605647261424,2013600
2025-07-16 09:00:00+09:00,1125.4605712890625,1128.432738290706,1092.2713731040417,1106.1414857783789,1574800
2025-07-17 09:00:00+09:00,1148.990234375,1155.92529075838,1117.2871194795484,1138.8353303850506,1968200
2025-07-18 09:00:00+09:00,1125.708251953125,1156.4206443056416,1123.2314461182448,1154.1915190542493,1585000
2025-07-22 09:00:00+09:00,1126.698974609375,1146.018060126968,1110.5997366780473,1115.801028932784,1293200
2025-07-23 09:00:00+09:00,1121.9930419921875,1139.3306828176737,1113.5719021626655,1129.4234594888244,1115800
2025-07-24 09:00:00+09:00,1132.643310546875,1142.7982144901118,1102.6739598851275,1120.2592813478059,1657200
2025-07-25 09:00:00+09:00,1131.9002685546875,1168.0616338082946,1123.7268092850366,1139.330686072552,1446200
2025-07-28 09:00:00+09:00,1121.4976806640625,1135.6154739056374,1121.0023194976914,1132.14794574104,977800
2025-07-29 09:00:00+09:00,1131.9002685546875,1140.3214084082672,1116.7917529350298,1119.5162393582468,1202400
2025-07-30 09:00:00+09:00,1147.2564697265625,1154.1915261066022,1137.8446074965086,1143.2935803665398,1339800
2025-07-31 09:00:00+09:00,1159.1451416015625,1163.8510727319963,1142.5505423521383,1158.1544192583133,1112000
2025-08-01 09:00:00+09:00,1162.6126708984375,1177.4735060611786,1157.4113785914783,1159.1451426937979,1003800
2025-08-04 09:00:00+09:00,1164.346435546875,1167.813963753141,1138.3399739998804,1139.3306963445277,890600
2025-08-05 09:00:00+09:00,1159.6405029296875,1179.950310969037,1153.2008076976988,1177.225824524734,854000
2025-08-06 09:00:00+09:00,1139.8260498046875,1155.429926627307,1132.8909934390788,1149.2379120151563,993200
2025-08-07 09:00:00+09:00,1166.327880859375,1171.529173171553,1140.07373871219,1140.07373871219,1178600
2025-08-08 09:00:00+09:00,1166.5755615234375,1183.170160806255,1154.6868933805235,1154.6868933805235,1383800
2025-08-12 09:00:00+09:00,1192.8297119140625,1193.3250730901066,1162.1173189993317,1166.575569583728,2105800
2025-08-13 09:00:00+09:00,1193.8204345703125,1194.3157957464828,1175.7397516400983,1193.8204345703125,1939600
2025-08-14 09:00:00+09:00,1209.919677734375,1252.2730584698056,1203.7276630069728,1243.3565572623465,5978200
2025-08-15 09:00:00+09:00,1261.1895751953125,1261.9326169717433,1221.808361044477,1223.5421251894822,4337400
2025-08-18 09:00:00+09:00,1325.0911865234375,1343.171870003103,1282.9854852694218,1285.957652416764,4547400
2025-08-19 09:00:00+09:00,1344.9056396484375,1348.3731680011222,1313.4502038776545,1324.5958307255698,2493600
2025-08-20 09:00:00+09:00,1306.019775390625,1332.5215990141403,1287.9390919839275,1326.5772647434453,2243600
2025-08-21 09:00:00+09:00,1296.8555908203125,1310.7257040911181,1292.6450207202465,1309.9826623087533,1013800
2025-08-22 09:00:00+09:00,1294.62646484375,1302.3045632577841,1286.4530052417138,1298.0939931597654,833400
2025-08-25 09:00:00+09:00,1305.7720947265625,1320.3852498079104,1300.81848283458,1312.7071513753378,1136000
2025-08-26 09:00:00+09:00,1307.010498046875,1307.010498046875,1290.4158982043243,1301.8092055589113,1376200
2025-08-27 09:00:00+09:00,1270.353759765625,1298.5893473291426,1255.9882853912038,1287.9390818446577,2137200
2025-08-28 09:00:00+09:00,1297.103271484375,1325.0911786216166,1275.5550597946403,1307.258175843905,2477200
2025-08-29 09:00:00+09:00,1303.2952880859375,1316.1746789982271,1296.1125508463913,1299.3323985744637,1116200
2025-09-01 09:00:00+09:00,1295.8648681640625,1311.221064996282,1281.0040325199793,1289.177492124225,1019800
2025-09-02 09:00:00+09:00,1268.1246337890625,1292.1496512651443,1262.1802995681762,1283.233149933815,1525200
2025-09-03 09:00:00+09:00,1267.381591796875,1280.5086631991096,1245.0903384723258,1260.1988546145203,1359600
2025-09-04 09:00:00+09:00,1302.7999267578125,1306.5151356744223,1281.251715041476,1285.4622851469671,1507000
2025-09-05 09:00:00+09:00,1337.4752197265625,1339.9520256890191,1311.4687571207683,1336.9798585340711,2060800
2025-09-08 09:00:00+09:00,1347.134765625,1362.243282025648,1332.5216104178157,1352.3360581563707,1473800
2025-09-09 09:00:00+09:00,1351.8406982421875,1368.435298238931,1343.1718773483663,1350.3546146603894,1301000
2025-09-10 09:00:00+09:00,1343.4195556640625,1350.8499735604346,1333.0169706091417,1346.1440422260655,1025000
2025-09-11 09:00:00+09:00,1356.546630859375,1360.5095204145603,1334.998418903055,1340.942753235833,1129400
2025-09-12 09:00:00+09:00,1362.2432861328125,1369.178342862216,1352.5837428311434,1362.2432861328125,1652200
2025-09-16 09:00:00+09:00,1311.7164306640625,1357.2896601282218,1295.8648725895723,1357.2896601282218,2468400
2025-09-17 09:00:00+09:00,1301.3138427734375,1320.1375679448843,1296.6079114805757,1312.2117889253277,1156000
2025-09-18 09:00:00+09:00,1327.815673828125,1346.8870797010527,1295.864876976077,1297.8463217420956,1753600
2025-09-19 09:00:00+09:00,1323.1097412109375,1345.1533142112696,1317.6607681097319,1337.4752157504797,2582600
2025-09-22 09:00:00+09:00,1338.9613037109375,1349.1162081600955,1328.8063992617795,1338.2182619219748,1458200
2025-09-24 09:00:00+09:00,1325.0911865234375,1334.0076879654644,1298.8370433885807,1309.7349895955024,1685000
2025-09-25 09:00:00+09:00,1353.8221435546875,1360.7572002724942,1325.0911942952027,1332.273931610074,1615200
2025-09-26 09:00:00+09:00,1374.6273193359375,1379.828611895587,1343.9149251741976,1343.9149251741976,1573000
2025-09-29 09:00:00+09:00,1355.3082275390625,1382.057732029965,1347.877809624923,1382.057732029965,960300
2025-09-30 09:00:00+09:00,1345.4010009765625,1355.3082248423693,1326.5772756315296,1344.4102785899818,1456600
2025-10-01 09:00:00+09:00,1300.3231201171875,1321.6236512276785,1288.9298127790178,1320.6329288504464,1256800
2025-10-02 09:00:00+09:00,1262.6756591796875,1303.2952763051226,1197.2879828314258,1281.4993841890355,1190900
2025-10-03 09:00:00+09:00,1268.1246337890625,1275.0596903800963,1252.2730758666992,1261.1895771980285,1313200
2025-10-06 09:00:00+09:00,1272.0875244140625,1304.7813626583493,1268.1246349299065,1304.7813626583493,1268900
2025-10-07 09:00:00+09:00,1272.0875244140625,1288.9298047217253,1262.675661889192,1288.9298047217253,689500
2025-10-08 09:00:00+09:00,1257.2266845703125,1271.0967977176604,1247.3194608936356,1268.1246306146572,920200
2025-10-09 09:00:00+09:00,1252.2730712890625,1260.1988502212719,1230.4771792254871,1249.7962653727473,1465700
2025-10-10 09:00:00+09:00,1233.4493408203125,1250.291620976092,1230.4771737339986,1243.3565644413593,1164900
2025-10-14 09:00:00+09:00,1208.6812744140625,1226.5142768234505,1184.4085766901735,1206.6998297019084,1950100
2025-10-15 09:00:00+09:00,1196.2972412109375,1218.0931329762714,1185.3992953282705,1208.681270623059,1416600
2025-10-16 09:00:00+09:00,1212.1488037109375,1225.5235555295706,1202.2415801415796,1209.671997818598,1179000
2025-10-17 09:00:00+09:00,1210.1673583984375,1222.0560266757861,1196.2972454081976,1214.1302478242203,1042600
2025-10-20 09:00:00+09:00,1239.8890380859375,1257.2266794495042,1231.467897995062,1232.9539815405108,1434500
2025-10-21 09:00:00+09:00,1252.7684326171875,1264.6571010168761,1244.3472925007413,1258.2174056337115,1387900
2025-10-22 09:00:00+09:00,1260.1988525390625,1274.5643268801132,1259.7034913548885,1263.1710196441074,933100
2025-10-23 09:00:00+09:00,1261.1895751953125,1279.022577829653,1261.1895751953125,1269.1153541439085,1037200
2025-10-24 09:00:00+09:00,1287.4437255859375,1294.3787822070237,1253.7591648549471,1265.647833348238,1181600
2025-10-27 09:00:00+09:00,1305.2767333984375,1317.1654019379298,1295.3695096155272,1297.3509543721093,1245600
2025-10-28 09:00:00+09:00,1280.5086669921875,1311.2210605525418,1274.5643327546995,1307.7535322473404,1231200
2025-10-29 09:00:00+09:00,1253.7591552734375,1289.4251604807419,1236.4215138532202,1285.4622710132637,1079200
2025-10-30 09:00:00+09:00,1226.5142822265625,1250.786980057379,1224.0374763254588,1243.8519235342885,1152400
2025-10-31 09:00:00+09:00,1235.4307861328125,1243.8519262147122,1222.5513954193189,1240.879759126983,1182600
2025-11-04 09:00:00+09:00,1224.5328369140625,1234.440060513691,1208.6812791546572,1228.4957263539138,1489900
2025-11-05 09:00:00+09:00,1202.2415771484375,1218.5884959971802,1184.9039359452256,1208.185911275253,1511900
2025-11-06 09:00:00+09:00,1185.8946533203125,1219.579213230831,1180.9410415687657,1215.120962654439,1291900
2025-11-07 09:00:00+09:00,1192.8297119140625,1206.6998248432958,1178.9595989848292,1178.9595989848292,1398700
2025-11-10 09:00:00+09:00,1194.8111572265625,1208.1859089865613,1181.4364054665637,1203.2322972235988,1042600
2025-11-11 09:00:00+09:00,1196.2972412109375,1210.1673541525136,1187.38074003421,1208.185909446574,673200
2025-11-12 09:00:00+09:00,1249.3009033203125,1262.180294076192,1195.3065343822022,1196.2972567480392,2611300
2025-11-13 09:00:00+09:00,1248.3101806640625,1260.6942102341425,1231.9632616315569,1253.2637924920946,1408100
2025-11-14 09:00:00+09:00,1222.0560302734375,1258.2173963901625,1207.1951948830024,1244.34728335909,2492000
2025-11-17 09:00:00+09:00,1248.3101806640625,1280.5086575462706,1201.7462294805619,1210.1673695882162,2602800
2025-11-18 09:00:00+09:00,1216.6070556640625,1229.4864463184867,1200.7554979355405,1218.5885003801277,2116500
2025-11-19 09:00:00+09:00,1213.6348876953125,1223.0467500896843,1186.3900228694995,1204.7183864795918,1615100
2025-11-20 09:00:00+09:00,1211.1580810546875,1239.3936682203796,1209.671997519651,1227.0096387617427,1565300
2025-11-21 09:00:00+09:00,1227.5050048828125,1230.4771719648531,1197.2879728820653,1198.7740564230858,1695100
2025-11-25 09:00:00+09:00,1184.4085693359375,1231.4678809573988,1170.0430952620177,1226.0189080328087,2662300
2025-11-26 09:00:00+09:00,1208.1859130859375,1212.1488025097535,1182.9224930091098,1188.866827144834,1142300
2025-11-27 09:00:00+09:00,1228.4957275390625,1246.8240912160566,1209.672002681609,1216.11169802758,1228400
2025-11-28 09:00:00+09:00,1224.0374755859375,1231.9632544646809,1209.672001368215,1228.4957262052308,1008500
2025-12-01 09:00:00+09:00,1198.7740478515625,1236.4214972882232,1197.7833254979662,1228.4957184594525,1396400
2025-12-02 09:00:00+09:00,1175.9874267578125,1208.1859030591006,1175.9874267578125,1200.260124277245,1275900
2025-12-03 09:00:00+09:00,1166.0802001953125,1192.8297035133019,1164.098755505091,1174.0059789561983,1504500
2025-12-04 09:00:00+09:00,1140.8167724609375,1166.080192085561,1136.3585219389452,1163.6033862400097,2420300
2025-12-05 09:00:00+09:00,1121.4976806640625,1146.761100148986,1119.5162359985782,1139.3306826534204,1735600
2025-12-08 09:00:00+09:00,1121.4976806640625,1137.8445991543072,1110.1043738375283,1127.442014660515,1813700
2025-12-09 09:00:00+09:00,1083.8502197265625,1127.4420018727862,1079.8873304405422,1123.479112586766,2253500
2025-12-10 09:00:00+09:00,1076.4197998046875,1093.757440390589,1064.0357708147578,1092.7667180713947,1812100
2025-12-11 09:00:00+09:00,1040.7537841796875,1084.3455657160096,1037.2862561029347,1083.8502045621876,2301500
2025-12-12 09:00:00+09:00,1040.2584228515625,1067.0079251534598,1031.3419220842634,1047.1934790039063,1810600
2025-12-15 09:00:00+09:00,1018.4625854492188,1038.7723938166398,1012.0228901132072,1031.8373373009351,2147700
2025-12-16 09:00:00+09:00,995.6759643554688,1017.4718561125038,995.6759643554688,1006.07854905769,1984400
2025-12-17 09:00:00+09:00,1005.0878295898438,1008.5553578338697,980.8151318816612,998.6481342795096,2292200
2025-12-18 09:00:00+09:00,1045.7073974609375,1052.6424536260029,1010.5367554809628,1012.5182000995529,2991600
2025-12-19 09:00:00+09:00,1040.2584228515625,1064.0357582310266,1034.3140890066963,1037.2862559291293,2094700
2025-12-22 09:00:00+09:00,1025.3975830078125,1042.2398621490038,1013.013554227525,1039.763056392946,1741800
2025-12-23 09:00:00+09:00,1027.8743896484375,1043.7259465008472,1027.8743896484375,1030.3511954066264,1365400
2025-12-24 09:00:00+09:00,1033.8187255859375,1037.7816148071581,1015.490362937792,1021.9300579222755,1294600
2025-12-25 09:00:00+09:00,1047.6888427734375,1050.1656485483156,1024.902229644559,1034.3140915890958,874600
2025-12-26 09:00:00+09:00,1047.1934814453125,1051.1563706844622,1038.2769806572255,1048.6795649099936,975700
2025-12-29 09:00:00+09:00,1045.2120361328125,1054.1285369149882,1032.8280072686796,1054.1285369149882,1240300
2025-12-30 09:00:00+09:00,1030.3511962890625,1045.7073920029861,1021.9300567040077,1045.7073920029861,1020000
2026-01-05 09:00:00+09:00,1031.8372802734375,1038.772336405856,1006.0785003530252,1023.4161406840719,1844000
2026-01-06 09:00:00+09:00,1026.3883056640625,1054.1285301414696,1018.9578883933285,1033.3233617834144,1901600
2026-01-07 09:00:00+09:00,1028.8651123046875,1049.174919528805,1027.3790288492642,1032.3326403673418,1203400
2026-01-08 09:00:00+09:00,1056.6053466796875,1065.026486339113,1036.7909004222156,1037.7816227350893,1531300
2026-01-09 09:00:00+09:00,1060.0728759765625,1067.00793217454,1051.1563751505914,1059.5775148195642,1631600
2026-01-13 09:00:00+09:00,1043.2305908203125,1072.4568989202169,1040.2584238948984,1063.0450369897392,2089100
2026-01-14 09:00:00+09:00,1014.4996948242188,1037.781670242548,1013.508972465992,1035.8002255260944,1859900
2026-01-15 09:00:00+09:00,1030.8465576171875,1035.8001691386542,1014.0042784442013,1015.4903619006412,2159600
2026-01-16 09:00:00+09:00,998.1527709960938,1031.3419698331847,991.7130756993448,1020.4440239463787,1911700
2026-01-19 09:00:00+09:00,959.0192260742188,992.7037856677347,959.0192260742188,992.2084244972418,3157500
2026-01-20 09:00:00+09:00,978.0411376953125,1008.0600134720021,978.0411376953125,987.7502048467676,2751800
2026-01-21 09:00:00+09:00,976.2578125,978.0411006081317,962.2885913037006,970.9078877067121,2798200
2026-01-22 09:00:00+09:00,941.1862182617188,971.7995626011569,941.1862182617188,965.9542766370272,2831700
2026-01-23 09:00:00+09:00,934.6475219726562,950.1027669873956,925.433755419247,947.1305998331076,4769500
2026-01-26 09:00:00+09:00,920.3810424804688,941.1862113632351,917.2107189378879,940.1954890354842,3120700
2026-01-27 09:00:00+09:00,928.1087036132812,937.3224095554499,922.461574013599,924.4430187525124,2117000
2026-01-28 09:00:00+09:00,911.8609008789062,923.1550997065233,908.4924206062216,913.247875926739,2015700
2026-01-29 09:00:00+09:00,876.789306640625,899.476873338997,870.3496111681233,897.0000673880348,3212100
2026-01-30 09:00:00+09:00,872.4301147460938,883.7243742094228,867.0802501073294,872.5292232666925,2505600
2026-02-02 09:00:00+09:00,864.0089721679688,875.0060269787713,853.111025877508,868.7644880152866,2092300
2026-02-03 09:00:00+09:00,842.609375,857.1730059209394,842.2130618647643,850.8323585705363,2750000
2026-02-04 09:00:00+09:00,733.7289428710938,808.4294317038336,723.2273102252433,783.661373134476,16600200
2026-02-05 09:00:00+09:00,791.091796875,794.0639639265028,735.115984071697,748.5897838509524,9931000
2026-02-06 09:00:00+09:00,782.2743530273438,795.0546956876373,768.4042399561575,776.2309708053132,5096300
2026-02-09 09:00:00+09:00,793.4695434570312,803.5748629137921,784.0576812606772,794.3611572785082,3076100
2026-02-10 09:00:00+09:00,848.2564697265625,849.7425532192619,814.968163208762,817.3459209846378,4553900
2026-02-12 09:00:00+09:00,812.392333984375,832.8011903822785,798.5222209651296,798.5222209651296,6007300
2026-02-13 09:00:00+09:00,757.902587890625,806.3489343629553,755.3267340016911,797.5314813751022,6060600
2026-02-16 09:00:00+09:00,825.8661499023438,830.0271959826601,766.7200723259638,772.7634546426624,7701800
2026-02-17 09:00:00+09:00,812.5905151367188,833.692889917866,802.8814478232548,817.0487658849427,5246300
2026-02-18 09:00:00+09:00,797.531494140625,810.5099327769708,779.8966483515427,807.4387176703221,4412600
2026-02-19 09:00:00+09:00,804.6647338867188,811.5997905877167,790.9927770556733,798.7203995715776,3450500
2026-02-20 09:00:00+09:00,758.9923706054688,765.9274270779282,742.8436083419491,762.8562119705393,7297500
2026-02-24 09:00:00+09:00,720.9486694335938,744.5278493759392,717.8773938534346,731.0540495428543,8414100
2026-02-25 09:00:00+09:00,782.2743530273438,788.8131568993823,734.1252704106407,735.8095105202065,6492400
2026-02-26 09:00:00+09:00,845.086181640625,847.959300701287,788.2186934130063,788.2186934130063,7287600
2026-02-27 09:00:00+09:00,864.7024536132812,885.5076229302476,856.1822656043666,863.7117312648543,5982100
2026-03-02 09:00:00+09:00,814.373779296875,856.9748407442785,814.373779296875,842.1140053556494,4219600
2026-03-03 09:00:00+09:00,768.7014770507812,809.321092423113,766.0265146763859,808.9247793050945,6192500
2026-03-04 09:00:00+09:00,777.9152221679688,790.8936611133347,765.2339878417915,780.6892327285551,5551700
2026-03-05 09:00:00+09:00,809.6183471679688,819.8227756655554,802.68329045539,807.6369023929462,3653900
2026-03-06 09:00:00+09:00,875.798583984375,876.5911497946543,836.070640731013,839.3400124914742,6628100
2026-03-09 09:00:00+09:00,883.4271240234375,887.0928087808246,843.104712629965,847.0676019960282,5618300
2026-03-10 09:00:00+09:00,840.4297485351562,849.9407192760438,822.7949029851826,838.8446169794547,3567600
2026-03-11 09:00:00+09:00,805.3582153320312,831.909561981852,805.0609502545632,815.3644867903828,3378300
2026-03-12 09:00:00+09:00,789.9029541015625,808.7266796223345,781.7790183619765,793.865843684883,2586000
2026-03-13 09:00:00+09:00,777.4198608398438,802.9804860566911,776.0328253253525,784.4539655245899,2563800
2026-03-16 09:00:00+09:00,774.24951171875,790.7945869548231,763.2525178895726,772.7634282029751,2634100
2026-03-17 09:00:00+09:00,756.3174438476562,778.3114309931799,750.0758448518217,774.249493665664,2138700
2026-03-18 09:00:00+09:00,752.0573120117188,754.5341178877537,741.5556792848876,752.9489863146487,2401100
2026-03-19 09:00:00+09:00,729.2706909179688,749.5804989055565,725.7041146784373,741.0603109617354,3111600
2026-03-23 09:00:00+09:00,721.245849609375,737.2955633016037,715.2024676394905,727.7845927397055,3392500
2026-03-24 09:00:00+09:00,734.9178466796875,739.4752058922162,719.8588544654492,735.3141598177839,2675300
2026-03-25 09:00:00+09:00,739.2770385742188,743.5371326367866,719.858843998837,721.0477229269451,2986300
2026-03-26 09:00:00+09:00,728.5772705078125,735.5123272446111,720.84958748312,724.4162243719541,2142600
2026-03-27 09:00:00+09:00,747.5,751.7600939367053,736.1066931742876,738.0881378396289,2755100
2026-03-30 09:00:00+09:00,735.5,743.0999755859375,724.7000122070312,738.5,2570900
2026-03-31 09:00:00+09:00,743.2000122070312,753.5999755859375,734.5,734.5,3111900
2026-04-01 09:00:00+09:00,778.7000122070312,779.0,761.5,769.5,2471100
2026-04-02 09:00:00+09:00,755.0,778.2000122070312,751.2999877929688,758.0,2414000
2026-04-03 09:00:00+09:00,760.0,771.4000244140625,756.0,760.4000244140625,1369000
2026-04-06 09:00:00+09:00,773.7000122070312,785.5,760.5,781.4000244140625,1580200
2026-04-07 09:00:00+09:00,792.7999877929688,807.7000122070312,781.7000122070312,785.0,2454100
2026-04-08 09:00:00+09:00,820.0,824.5999755859375,806.2000122070312,819.9000244140625,2537700
2026-04-09 09:00:00+09:00,795.2999877929688,817.7999877929688,794.2999877929688,814.5,3315500
2026-04-10 09:00:00+09:00,751.7999877929688,782.5,749.2000122070312,780.2999877929688,5424700
2026-04-13 09:00:00+09:00,752.7000122070312,754.5999755859375,730.0999755859375,739.9000244140625,2405100
2026-04-14 09:00:00+09:00,778.5999755859375,788.7999877929688,758.0999755859375,788.7999877929688,2258600
2026-04-15 09:00:00+09:00,862.0,862.0,812.2000122070312,812.2000122070312,4589100
2026-04-16 09:00:00+09:00,891.2000122070312,916.9000244140625,879.0,906.0,5906800
2026-04-17 09:00:00+09:00,895.2000122070312,900.9000244140625,885.0,889.2999877929688,3150500
2026-04-20 09:00:00+09:00,877.0,895.4000244140625,866.2999877929688,895.0,2989200
2026-04-21 09:00:00+09:00,895.7000122070312,905.0999755859375,880.0,890.0,2056600
2026-04-22 09:00:00+09:00,894.7999877929688,907.7000122070312,890.5,891.9000244140625,2095600
2026-04-23 09:00:00+09:00,857.0999755859375,903.5,851.0,895.0,3452500
2026-04-24 09:00:00+09:00,839.2999877929688,844.2000122070312,811.0999755859375,818.0,2889400
2026-04-27 09:00:00+09:00,833.2999877929688,851.0999755859375,831.2999877929688,844.9000244140625,3095900
2026-04-28 09:00:00+09:00,871.4000244140625,890.2999877929688,845.5999755859375,848.2999877929688,5548400
2026-04-30 09:00:00+09:00,856.2999877929688,875.0,851.7000122070312,865.4000244140625,1881800
2026-05-01 09:00:00+09:00,861.5999755859375,869.2999877929688,839.0999755859375,845.0,1861900
2026-05-07 09:00:00+09:00,891.9000244140625,894.7999877929688,872.5,880.0,3011100
2026-05-08 09:00:00+09:00,911.5999755859375,938.7999877929688,908.2999877929688,921.9000244140625,3388000
2026-05-11 09:00:00+09:00,900.0,929.7000122070312,894.5999755859375,926.5999755859375,2054200
2026-05-12 09:00:00+09:00,847.9000244140625,880.2999877929688,844.5,880.2999877929688,2504500
2026-05-13 09:00:00+09:00,877.7999877929688,878.7000122070312,860.0,860.0999755859375,1527300
2026-05-14 09:00:00+09:00,846.7000122070312,866.2000122070312,835.0999755859375,848.0,3010300
2026-05-15 09:00:00+09:00,810.0,862.2999877929688,779.2000122070312,850.0,10356600
2026-05-18 09:00:00+09:00,832.4000244140625,851.7999877929688,820.0,840.0,3491400
2026-05-19 09:00:00+09:00,880.0,888.5,857.7000122070312,873.0999755859375,3190400
2026-05-20 09:00:00+09:00,893.2999877929688,902.0,876.5,895.0,4163100
2026-05-21 09:00:00+09:00,904.2000122070312,922.2999877929688,893.0,897.7000122070312,4057700
2026-05-22 09:00:00+09:00,940.0,946.9000244140625,867.0,904.5,3646200
2026-05-25 09:00:00+09:00,950.7000122070312,969.2999877929688,931.7000122070312,950.0,4485500
2026-05-26 09:00:00+09:00,952.0,959.2999877929688,933.2000122070312,939.9000244140625,3102200
2026-05-27 09:00:00+09:00,961.5,965.4000244140625,933.7000122070312,946.5,3393600
2026-05-28 09:00:00+09:00,965.0,974.5999755859375,931.2000122070312,969.5,3903900
2026-05-29 09:00:00+09:00,1006.5,1026.0,975.2000122070312,980.0,4844600
2026-06-01 09:00:00+09:00,1039.0,1072.0,1020.5,1036.5,3537000
2026-06-02 09:00:00+09:00,1051.5,1080.5,1024.5,1069.0,3204100
2026-06-03 09:00:00+09:00,1028.0,1044.0,1009.0,1032.0,3798700
2026-06-04 09:00:00+09:00,966.5,1012.5,954.7000122070312,1001.0,4797800
2026-06-05 09:00:00+09:00,998.9000244140625,1006.5,973.4000244140625,980.2999877929688,3371000
2026-06-08 09:00:00+09:00,977.0,1020.0,966.2999877929688,983.9000244140625,4091400
2026-06-09 09:00:00+09:00,974.7000122070312,993.7000122070312,947.4000244140625,986.4000244140625,3071100
2026-06-10 09:00:00+09:00,975.9000244140625,1005.5,971.5,1005.0,1952800
2026-06-11 09:00:00+09:00,929.0,982.2999877929688,929.0,969.0999755859375,2128900
2026-06-12 09:00:00+09:00,888.0,929.0,884.2000122070312,914.4000244140625,6544200
2026-06-15 09:00:00+09:00,903.5,917.5999755859375,894.5999755859375,895.4000244140625,2803600
2026-06-16 09:00:00+09:00,892.4000244140625,909.0,885.9000244140625,903.5,2551100
2026-06-17 09:00:00+09:00,921.5999755859375,924.0,867.9000244140625,896.2999877929688,2647600
2026-06-18 09:00:00+09:00,933.0,953.2000122070312,905.0,906.5999755859375,1407300
2026-06-19 09:00:00+09:00,913.2999877929688,938.0,898.0,932.9000244140625,1966400
2026-06-22 09:00:00+09:00,916.4000244140625,934.0999755859375,893.2999877929688,909.0,1707100
2026-06-23 09:00:00+09:00,884.9000244140625,908.5999755859375,884.7999877929688,904.9000244140625,1500200
2026-06-24 09:00:00+09:00,894.2000122070312,910.2000122070312,890.5999755859375,903.0999755859375,1393400
2026-06-25 09:00:00+09:00,890.5,903.7999877929688,880.2000122070312,899.7999877929688,1506500
2026-06-26 09:00:00+09:00,885.0999755859375,886.0999755859375,871.4000244140625,877.0,1324300
2026-06-29 09:00:00+09:00,966.7000122070312,969.0,911.7000122070312,915.0,2811200
2026-06-30 09:00:00+09:00,945.2000122070312,972.0,937.2999877929688,951.7000122070312,2058400
2026-07-01 09:00:00+09:00,925.7000122070312,951.5999755859375,924.0,936.5999755859375,1422300
2026-07-02 09:00:00+09:00,1006.0,1015.0,972.0999755859375,981.0,2844000
2026-07-03 09:00:00+09:00,1025.0,1033.0,1009.0,1025.0,2257300
2026-07-06 09:00:00+09:00,1033.5,1033.5,1005.5,1011.5,1529500
2026-07-07 09:00:00+09:00,1035.0,1051.5,1023.0,1029.5,1736200
2026-07-08 09:00:00+09:00,1021.5,1055.0,1009.5,1041.0,1265800
2026-07-09 09:00:00+09:00,1029.0,1048.0,984.7000122070312,1001.0,1613000
2026-07-10 09:00:00+09:00,1036.5,1064.0,1026.5,1038.0,1763600
2026-07-13 09:00:00+09:00,1019.0,1038.0,1003.5,1036.5,1072000
2026-07-14 09:00:00+09:00,1037.0,1050.5,1025.0,1036.5,1346800
2026-07-15 09:00:00+09:00,1014.5,1024.0,980.0,1013.0,1984500
2026-07-16 09:00:00+09:00,1019.0,1027.0,999.0,1005.0,1507400
2026-07-17 09:00:00+09:00,1015.5,1032.5,1007.5,1020.0,1208700
2026-07-21 09:00:00+09:00,1011.0,1029.5,999.0,1016.5,1256300
2026-07-22 09:00:00+09:00,971.7999877929688,986.5,942.2000122070312,951.0,3083700
2026-07-23 09:00:00+09:00,959.2000122070312,963.7999877929688,930.0,941.7999877929688,2187900
2026-07-24 09:00:00+09:00,960.7999877929688,964.0,930.0,930.0,2167400
2026-07-27 09:00:00+09:00,1030.0,1031.0,975.0,975.0,2056300
2026-07-28 09:00:00+09:00,1060.0,1073.0,1025.0,1052.0,2911000
2026-07-29 09:00:00+09:00,1104.0,1113.5,1053.5,1088.0,3408700
2026-07-30 09:00:00+09:00,1084.0,1133.5,1074.0,1121.0,1814700
2026-07-31 09:00:00+09:00,1060.0,1085.5,1052.5,1067.0,1962700
2026-08-03 09:00:00+09:00,1036.5,1065.5,1021.5,1064.0,1836600
2026-08-04 09:00:00+09:00,1019.5,1053.5,1013.0,1049.0,1326400
2026-08-05 09:00:00+09:00,1031.5,1041.0,1023.5,1039.0,1100100
2026-08-06 09:00:00+09:00,1040.5,1051.5,1025.0,1039.5,1085200
2026-08-07 09:00:00+09:00,1052.5,1063.5,1026.0,1027.5,1961500
2026-08-10 09:00:00+09:00,1085.0,1092.0,1043.0,1061.0,1814000
2026-08-12 09:00:00+09:00,1094.5,1111.0,1087.0,1095.0,1794000
2026-08-13 09:00:00+09:00,1094.0,1114.0,1075.0,1083.5,1699400
2026-08-14 09:00:00+09:00,1175.0,1183.0,1110.5,1127.0,3787700
2026-08-17 09:00:00+09:00,1100.0,1105.5,1064.5,1086.0,4954800
2026-08-18 09:00:00+09:00,1090.5,1119.5,1072.0,1090.0,2160100
2026-08-19 09:00:00+09:00,1083.5,1116.0,1070.5,1104.0,1797400
2026-08-20 09:00:00+09:00,1125.5,1137.0,1106.0,1126.0,1932100
2026-08-21 09:00:00+09:00,1113.0,1127.0,1100.5,1119.0,1223000
2026-08-24 09:00:00+09:00,1134.0,1159.0,1118.0,1121.0,1201000
2026-08-25 09:00:00+09:00,1101.0,1140.0,1101.0,1137.5,1312500
2026-08-26 09:00:00+09:00,1088.0,1100.5,1074.5,1085.5,1430900
2026-08-27 09:00:00+09:00,1137.0,1152.5,1106.0,1118.0,1778600
2026-08-28 09:00:00+09:00,1176.5,1209.0,1163.0,1167.0,3388200
2026-08-31 09:00:00+09:00,,,,,1316500
