Date,Close,High,Low,Open,Volume
2019-09-04 09:00:00+09:00,678.4923095703125,681.0052440502025,666.7652819974923,670.9535061306423,32400
2019-09-05 09:00:00+09:00,686.8689575195312,696.0830532911348,682.6807321688024,682.6807321688024,46200
2019-09-06 09:00:00+09:00,686.8689575195312,696.0830532911348,685.1936673792397,693.5701180806974,22900
2019-09-09 09:00:00+09:00,691.8947143554688,691.8947143554688,679.3300403659626,691.8947143554688,37600
2019-09-10 09:00:00+09:00,701.1087646484375,701.1087646484375,694.4076056075922,694.4076056075922,34100
2019-09-11 09:00:00+09:00,714.5111694335938,714.5111694335938,704.4594296525819,707.8100095795858,63300
2019-09-12 09:00:00+09:00,716.1864013671875,722.0499157643458,712.8358217116685,714.511111539428,54900
2019-09-13 09:00:00+09:00,711.9981689453125,717.0240383731617,703.621719898897,716.1863934685201,77800
2019-09-17 09:00:00+09:00,702.7841796875,712.8359200405989,701.1088896286502,712.8359200405989,49900
2019-09-18 09:00:00+09:00,684.3558959960938,702.7840841379714,683.5182510805538,702.7840841379714,64300
2019-09-19 09:00:00+09:00,688.5441284179688,693.5699979684649,683.5182588674727,683.5182588674727,55300
2019-09-20 09:00:00+09:00,681.0053100585938,693.569983675911,681.0053100585938,693.569983675911,61000
2019-09-24 09:00:00+09:00,691.0570068359375,692.7322965494792,686.8687825520833,689.3817171223958,64000
2019-09-25 09:00:00+09:00,682.6806640625,692.732403901457,681.0053740893405,692.732403901457,57200
2019-09-26 09:00:00+09:00,687.7064208984375,694.4075796891652,685.1934863519145,690.2193554449603,81700
2019-09-27 09:00:00+09:00,683.4666137695312,695.3382422965454,678.3787729722395,695.3382422965454,58400
2019-09-30 09:00:00+09:00,673.2909545898438,684.3146100176372,672.4429810953982,683.4666365231915,48200
2019-10-01 09:00:00+09:00,690.2503051757812,694.4901719151902,679.2266516533178,679.2266516533178,39300
2019-10-02 09:00:00+09:00,691.0984497070312,692.7943968228767,685.1626348015722,686.8585819174176,67400
2019-10-03 09:00:00+09:00,676.682861328125,683.466649411615,671.5950202655075,683.466649411615,58900
2019-10-04 09:00:00+09:00,680.0747680664062,680.0747680664062,671.5950328037328,677.5308474876042,34200
2019-10-07 09:00:00+09:00,681.7706298828125,685.1625235638214,676.6827893612989,683.466576723317,39700
2019-10-08 09:00:00+09:00,688.5543823242188,696.186142719438,678.3787017972599,686.8584355697257,65400
2019-10-09 09:00:00+09:00,691.0984497070312,691.0984497070312,680.9227670119584,685.1626348015722,34200
2019-10-10 09:00:00+09:00,678.378662109375,689.4023153686524,673.2908221435547,688.5543420410156,49300
2019-10-11 09:00:00+09:00,679.226806640625,681.7707272647472,674.1389653923807,680.9227537233731,31100
2019-10-15 09:00:00+09:00,693.6422729492188,699.5780870209113,686.8584854387129,689.4024057551526,69800
2019-10-16 09:00:00+09:00,690.2503051757812,702.9699053940082,690.2503051757812,702.1219320461264,42700
2019-10-17 09:00:00+09:00,687.7064819335938,695.3382431387754,687.7064819335938,695.3382431387754,30100
2019-10-18 09:00:00+09:00,688.5543823242188,697.882089473931,687.7064089469721,687.7064089469721,46100
2019-10-21 09:00:00+09:00,691.9463500976562,696.1862174389408,690.2504031611423,694.490270502427,42700
2019-10-23 09:00:00+09:00,693.6422729492188,694.490246388032,685.1625385610865,688.5544323163393,69700
2019-10-24 09:00:00+09:00,702.1220703125,709.7538319463315,695.3382821935386,698.7301762530193,57200
2019-10-25 09:00:00+09:00,701.2740478515625,704.6659416743029,699.5781009401924,702.9699947629326,44400
2019-10-28 09:00:00+09:00,709.7537841796875,710.6017576374888,702.9699965172771,703.8179699750784,45200
2019-10-29 09:00:00+09:00,708.9058227539062,718.2335309480367,708.0578492817126,714.841637059262,45700
2019-10-30 09:00:00+09:00,730.105224609375,730.105224609375,706.3619652724848,711.4498065589612,108300
2019-10-31 09:00:00+09:00,721.6253051757812,736.8888251442467,713.9935451915485,735.1928784810838,43000
2019-11-01 09:00:00+09:00,716.5376586914062,721.6255000548955,713.14576444908,721.6255000548955,34200
2019-11-05 09:00:00+09:00,725.8652954101562,737.7369240734065,721.625428030424,721.625428030424,65300
2019-11-06 09:00:00+09:00,741.9767456054688,746.2166127232142,730.1051176757812,732.6490379464285,76700
2019-11-07 09:00:00+09:00,736.8889770507812,741.128844582719,731.8011360124559,741.128844582719,33000
2019-11-08 09:00:00+09:00,737.7369995117188,746.2167351382902,736.8890259490615,745.368761575633,47500
2019-11-11 09:00:00+09:00,737.7369995117188,743.6728144503188,736.0410523864044,742.8248408876616,34600
2019-11-12 09:00:00+09:00,738.5848999023438,741.1288203382876,730.9531385945124,737.7369264236959,36400
2019-11-13 09:00:00+09:00,726.7130737304688,740.2806457020994,726.7130737304688,736.8887527091917,33800
2019-11-14 09:00:00+09:00,707.2097778320312,726.7131649904685,707.2097778320312,726.7131649904685,59900
2019-11-15 09:00:00+09:00,703.8179931640625,706.361913621282,697.8821787638836,699.5781257353633,62400
2019-11-18 09:00:00+09:00,711.4498291015625,712.297802676177,703.818066930032,709.7538819523335,40800
2019-11-19 09:00:00+09:00,716.5376586914062,716.5376586914062,705.5140024038461,711.449817327917,30900
2019-11-20 09:00:00+09:00,708.0577392578125,721.6253127046689,708.0577392578125,716.5374726620977,46200
2019-11-21 09:00:00+09:00,700.4260864257812,708.0578476580234,689.4024313125426,708.0578476580234,72400
2019-11-22 09:00:00+09:00,717.3855590820312,721.6254264524924,700.4260896001865,700.4260896001865,52000
2019-11-25 09:00:00+09:00,728.4093017578125,733.4971432136296,721.6255131500563,730.953222485721,57100
2019-11-26 09:00:00+09:00,724.16943359375,733.4971429257538,724.16943359375,733.4971429257538,31300
2019-11-27 09:00:00+09:00,728.4093017578125,731.8011960616906,721.6255131500563,724.1694338779649,38300
2019-11-28 09:00:00+09:00,723.3214111328125,732.649119834408,723.3214111328125,731.8011463160811,25100
2019-11-29 09:00:00+09:00,740.28076171875,753.8483358166882,737.7368415753866,737.7368415753866,211300
2019-12-02 09:00:00+09:00,740.28076171875,755.5442825789305,740.28076171875,753.000362435567,78400
2019-12-03 09:00:00+09:00,735.1929931640625,738.5848870194907,724.1693381339209,738.5848870194907,74800
2019-12-04 09:00:00+09:00,740.28076171875,740.28076171875,725.8652142396908,729.2571077641753,45800
2019-12-05 09:00:00+09:00,742.8248291015625,747.9126703967787,740.2809084539545,740.2809084539545,49200
2019-12-06 09:00:00+09:00,748.7606201171875,752.1525142060535,743.6727789838883,746.2166995505379,46000
2019-12-09 09:00:00+09:00,753.00048828125,760.6322499868032,751.3045412355716,756.392382372607,70100
2019-12-10 09:00:00+09:00,764.0240478515625,765.7199946836415,753.0003934430495,753.0003934430495,70200
2019-12-11 09:00:00+09:00,763.1761474609375,783.5275113932291,762.3281739637587,766.5680414496528,88900
2019-12-12 09:00:00+09:00,750.4564819335938,770.8078441555217,749.6085085076801,767.415950451867,60400
2019-12-13 09:00:00+09:00,757.2404174804688,770.8079949493238,757.2404174804688,763.1762326230928,101200
2019-12-16 09:00:00+09:00,747.9125366210938,757.2402439939192,742.8246962359162,754.6963238013304,61800
2019-12-17 09:00:00+09:00,753.00048828125,760.6322499868032,745.3687265756969,753.8484618040893,72000
2019-12-18 09:00:00+09:00,750.4564819335938,754.6963490631621,747.9125616558528,753.0004022113347,29400
2019-12-19 09:00:00+09:00,757.2404174804688,758.0883910722722,752.1525759296482,752.1525759296482,34700
2019-12-20 09:00:00+09:00,757.2404174804688,760.6323118476824,753.0005495214516,758.0883910722722,43200
2019-12-23 09:00:00+09:00,741.9767456054688,759.7841874999999,740.2807987583705,758.9362140764508,49300
2019-12-24 09:00:00+09:00,737.7369995117188,741.1288937623473,734.3451052610901,741.1288937623473,66000
2019-12-25 09:00:00+09:00,738.5848999023438,746.2166612101751,733.4970590304562,746.2166612101751,60200
2019-12-26 09:00:00+09:00,746.2166748046875,746.2166748046875,737.7369398637252,741.1288338401101,64400
2019-12-27 09:00:00+09:00,764.8720703125,767.4159907237389,746.2166539634147,746.2166539634147,68800
2019-12-30 09:00:00+09:00,766.5679931640625,769.1119134953591,757.2402852826414,767.4159666078281,43400
2020-01-06 09:00:00+09:00,756.3923950195312,762.3282097786531,754.6964479454964,762.3282097786531,58600
2020-01-07 09:00:00+09:00,765.7200317382812,768.2639521095048,758.0882706246107,758.0882706246107,51500
2020-01-08 09:00:00+09:00,750.4564819335938,761.4801364704714,746.2166148040254,761.4801364704714,64500
2020-01-09 09:00:00+09:00,769.9598999023438,780.1355813988505,760.6321918638793,762.3281387799636,62200
2020-01-10 09:00:00+09:00,764.0240478515625,776.7436490921546,763.1760744355231,776.7436490921546,43400
2020-01-14 09:00:00+09:00,768.263916015625,773.3517565190398,762.3281020949745,771.6558096845682,51200
2020-01-15 09:00:00+09:00,769.1118774414062,771.6557976534506,763.1760636133027,770.8078242494357,54300
2020-01-16 09:00:00+09:00,767.4159545898438,773.3517686032458,764.0240608678996,773.3517686032458,29500
2020-01-17 09:00:00+09:00,769.1118774414062,771.6557976534506,763.1760636133027,770.8078242494357,28500
2020-01-20 09:00:00+09:00,785.2234497070312,796.2471050484907,769.1119534387444,769.1119534387444,74400
2020-01-21 09:00:00+09:00,795.3990478515625,798.7909414458122,786.0713404673758,790.3112074601879,64200
2020-01-22 09:00:00+09:00,821.686279296875,828.4700669484488,797.09504905992,797.09504905992,97100
2020-01-23 09:00:00+09:00,816.5984497070312,824.2302109192465,806.4227680907443,824.2302109192465,73300
2020-01-24 09:00:00+09:00,805.5748291015625,818.294431666324,800.4869880756579,818.294431666324,63800
2020-01-27 09:00:00+09:00,787.7674560546875,797.0951654374663,785.2235353139297,792.8552975362032,68400
2020-01-28 09:00:00+09:00,787.7674560546875,792.8552975362032,769.9600108693825,777.591773091656,55200
2020-01-29 09:00:00+09:00,790.3112182617188,792.0071650820229,781.8314841601981,791.1591916718708,30700
2020-01-30 09:00:00+09:00,774.1998291015625,791.1592996185736,764.8721203172063,790.3113260927231,55100
2020-01-31 09:00:00+09:00,787.7674560546875,791.1593503756981,776.7437995114034,776.7437995114034,36500
2020-02-03 09:00:00+09:00,775.8956298828125,785.2233369087261,764.8719761249146,764.8719761249146,46100
2020-02-04 09:00:00+09:00,780.9835205078125,786.0713610322933,776.7436534040784,779.2875736663188,36000
2020-02-05 09:00:00+09:00,782.6795654296875,790.3113271727722,782.6795654296875,786.9194330647346,36800
2020-02-06 09:00:00+09:00,802.182861328125,812.358542444338,794.5511004909653,794.5511004909653,62200
2020-02-07 09:00:00+09:00,803.8787841796875,805.5747309817543,793.7031033672864,805.5747309817543,21200
2020-02-10 09:00:00+09:00,794.5512084960938,819.1424412030166,791.1593143296217,804.7268909955101,131400
2020-02-12 09:00:00+09:00,792.0071411132812,803.8787684961355,792.0071411132812,803.8787684961355,35900
2020-02-13 09:00:00+09:00,793.7032470703125,801.3350090613733,786.0714850792518,796.2471677339994,34100
2020-02-14 09:00:00+09:00,760.6321411132812,780.1355293469551,758.936194310353,779.287555945491,126600
2020-02-17 09:00:00+09:00,743.6726684570312,754.6963226074776,738.5848280799022,754.6963226074776,94100
2020-02-18 09:00:00+09:00,739.4329833984375,757.2404290995466,702.9701183914045,738.5850097936228,363900
2020-02-19 09:00:00+09:00,730.9531860351562,741.9768419730415,726.7133183667389,726.7133183667389,86000
2020-02-20 09:00:00+09:00,721.6253051757812,741.9766651337351,720.7773318441998,733.496931817921,42500
2020-02-21 09:00:00+09:00,725.0172729492188,736.0409273917215,721.6253792746026,721.6253792746026,61700
2020-02-25 09:00:00+09:00,697.8822021484375,708.057884318281,693.6423345776693,699.5781491767448,95900
2020-02-26 09:00:00+09:00,702.1220703125,704.6659908571105,686.0105735299668,687.7065205597071,70900
2020-02-27 09:00:00+09:00,680.9226684570312,698.7301105960072,680.9226684570312,695.3382168552498,80400
2020-02-28 09:00:00+09:00,646.1558227539062,667.3551607707667,646.1558227539062,657.1794785226737,124300
2020-03-02 09:00:00+09:00,669.899169921875,683.4667480468751,635.980224609375,635.980224609375,112900
2020-03-03 09:00:00+09:00,655.483642578125,696.1863784691341,652.9397215849369,695.338404804738,98500
2020-03-04 09:00:00+09:00,654.6356201171875,663.1153561290682,641.9160160993665,646.1558841053069,47300
2020-03-05 09:00:00+09:00,653.78759765625,669.0511213369406,653.78759765625,667.3551742613083,46200
2020-03-06 09:00:00+09:00,626.65234375,646.1557319857916,624.9563969468877,646.1557319857916,95100
2020-03-09 09:00:00+09:00,589.3414916992188,610.5408259330036,587.645544960516,610.5408259330036,188800
2020-03-10 09:00:00+09:00,598.6692504882812,602.9091177013711,550.3347642590575,551.1827377016754,142700
2020-03-11 09:00:00+09:00,574.926025390625,615.6287528519082,574.926025390625,600.365230053927,175800
2020-03-12 09:00:00+09:00,552.03076171875,572.3821262060771,547.7908941172235,560.510496921803,154700
2020-03-13 09:00:00+09:00,524.047607421875,539.3111299681432,501.15232360247273,509.6320583503995,204500
2020-03-16 09:00:00+09:00,551.1827392578125,566.4462612680288,527.439482797476,532.5273234675481,241900
2020-03-17 09:00:00+09:00,590.1895751953125,597.8213369435277,525.7435870992726,534.2233223750674,179900
2020-03-18 09:00:00+09:00,606.301025390625,631.7402292531686,596.9733173076922,596.9733173076922,256200
2020-03-19 09:00:00+09:00,634.2841796875,641.9159412078042,608.8449746198196,622.4125506559158,168300
2020-03-23 09:00:00+09:00,622.41259765625,646.1558575123468,617.324756258515,638.5240954157442,235200
2020-03-24 09:00:00+09:00,602.0611572265625,631.7402283574494,594.4293960786201,624.9564406703895,216400
2020-03-25 09:00:00+09:00,665.6591186523438,665.6591186523438,626.6523422727159,642.7638368643013,138700
2020-03-26 09:00:00+09:00,674.138916015625,675.8348629741549,634.284162490173,658.8753933888562,151400
2020-03-27 09:00:00+09:00,701.2740478515625,701.2740478515625,674.1388972696399,684.3145787378609,441400
2020-03-30 09:00:00+09:00,663.5067138671875,675.5236530575376,633.4643658913122,669.5151834623625,310600
2020-03-31 09:00:00+09:00,645.4811401367188,664.3648968960376,635.1809091770903,663.5065443160686,91700
2020-04-01 09:00:00+09:00,628.3140869140625,657.4980745576119,624.0223240253052,633.4642023805711,103000
2020-04-02 09:00:00+09:00,599.1300659179688,622.3055842271165,593.9799507381581,615.438763987369,76600
2020-04-03 09:00:00+09:00,576.8129272460938,657.4980688549223,570.8044592539469,635.1809020269485,60200
2020-04-06 09:00:00+09:00,608.5719604492188,614.5804283238937,574.2378583082191,575.0962108617441,65700
2020-04-07 09:00:00+09:00,631.7474975585938,631.7474975585938,606.85527279066,624.0223243547523,52500
2020-04-08 09:00:00+09:00,647.1978759765625,652.347991700514,621.4472973568054,630.8891761840497,60200
2020-04-09 09:00:00+09:00,648.0562133789062,651.4896237809137,636.0392769718802,646.3395081779025,33100
2020-04-10 09:00:00+09:00,646.3394165039062,652.3478838552041,632.6057768437967,641.1893016313652,49400
2020-04-13 09:00:00+09:00,615.4386596679688,636.0391168953485,614.5803072834947,636.0391168953485,41100
2020-04-14 09:00:00+09:00,603.4219360351562,609.4304048150227,589.6882931097473,589.6882931097473,76800
2020-04-15 09:00:00+09:00,597.4133911132812,608.5719745679834,593.1216282460881,606.8552694211061,48900
2020-04-16 09:00:00+09:00,618.0138549804688,618.0138549804688,594.8383354187011,596.5550405714247,39900
2020-04-17 09:00:00+09:00,612.86376953125,631.7475271358543,611.1470642944678,618.0138852415967,27300
2020-04-20 09:00:00+09:00,611.1470336914062,613.7220914176341,603.4218605127228,603.4218605127228,21000
2020-04-21 09:00:00+09:00,607.7137451171875,607.7137451171875,597.4135121490996,599.130217643781,29500
2020-04-22 09:00:00+09:00,599.1300659179688,605.1385336277478,590.5465406182843,601.7051235078741,57200
2020-04-23 09:00:00+09:00,617.1554565429688,617.1554565429688,597.4133487536943,597.4133487536943,29400
2020-04-24 09:00:00+09:00,623.1640014648438,623.1640014648438,610.28871217838,623.1640014648438,30200
2020-04-27 09:00:00+09:00,631.7474975585938,631.7474975585938,619.7305614637291,624.0223243547523,25400
2020-04-28 09:00:00+09:00,644.622802734375,647.1978605349118,630.0308085313333,635.1809241324069,45100
2020-04-30 09:00:00+09:00,636.897705078125,655.7814645278808,636.897705078125,654.0647591233575,35400
2020-05-01 09:00:00+09:00,627.4556274414062,636.0391517566102,619.7304555577227,636.0391517566102,21600
2020-05-07 09:00:00+09:00,629.1724243164062,631.7474819875512,622.3056038600198,623.1639564170681,11400
2020-05-08 09:00:00+09:00,637.7559814453125,638.6143340448351,630.8891606491314,631.7475132486542,27900
2020-05-11 09:00:00+09:00,652.3479614257812,652.3479614257812,642.0477304559005,643.7644356175473,31200
2020-05-12 09:00:00+09:00,653.206298828125,656.6397090716368,647.1978309019793,656.6397090716368,25300
2020-05-13 09:00:00+09:00,657.498046875,657.498046875,644.6227587508159,648.056168917265,32600
2020-05-14 09:00:00+09:00,645.4811401367188,653.2063133564401,640.3310246569046,652.347960776471,16400
2020-05-15 09:00:00+09:00,662.6482543945312,662.6482543945312,628.3141479492188,639.4727325439453,41700
2020-05-18 09:00:00+09:00,659.2147827148438,660.9314878781636,650.6312568982441,657.4980775515238,26000
2020-05-19 09:00:00+09:00,655.78125,666.0814790575917,650.6311354712042,665.2231266361257,35600
2020-05-20 09:00:00+09:00,669.5149536132812,669.5149536132812,655.7813135391626,660.9314285669572,40300
2020-05-21 09:00:00+09:00,664.3649291992188,672.9484554162628,660.0731660906966,672.9484554162628,23500
2020-05-22 09:00:00+09:00,662.6482543945312,668.6567230224609,652.3480224609375,668.6567230224609,30000
2020-05-25 09:00:00+09:00,659.2147827148438,670.3733662764231,654.923019806544,669.5150136947632,32000
2020-05-26 09:00:00+09:00,672.090087890625,672.090087890625,657.4980936452347,664.3649144665948,43700
2020-05-27 09:00:00+09:00,690.1154174804688,692.690475008381,670.3733097664752,672.0900147850833,61500
2020-05-28 09:00:00+09:00,661.7898559570312,701.2740756379956,655.7813877447106,694.4072548239147,131500
2020-05-29 09:00:00+09:00,677.2401733398438,684.9653464197659,664.3648848733068,672.090057953229,47200
2020-06-01 09:00:00+09:00,685.82373046875,690.9738460917944,666.081620580413,670.3733835996167,38700
2020-06-02 09:00:00+09:00,693.548828125,697.8405906752785,678.9568354540531,685.8236555344987,47800
2020-06-03 09:00:00+09:00,683.2485961914062,697.8405888236348,674.6650711136248,697.8405888236348,29200
2020-06-04 09:00:00+09:00,678.0986328125,688.398865209652,675.523574713212,688.398865209652,18800
2020-06-05 09:00:00+09:00,680.673583984375,683.2486416791456,671.231705770216,678.0985262896044,25700
2020-06-08 09:00:00+09:00,687.5404663085938,687.5404663085938,673.8068240352635,685.8237610244274,26200
2020-06-09 09:00:00+09:00,686.6819458007812,692.6904128265381,674.6650117492676,692.6904128265381,27200
2020-06-10 09:00:00+09:00,696.1239624023438,697.8406676117206,682.3903207273283,686.6820837507706,34700
2020-06-11 09:00:00+09:00,671.231689453125,689.2570928783367,671.231689453125,685.823682702106,29800
2020-06-12 09:00:00+09:00,654.064697265625,661.7898708553765,643.764465812623,645.48117105479,44500
2020-06-15 09:00:00+09:00,640.3309326171875,660.9313915753812,640.3309326171875,656.6396292924242,25900
2020-06-16 09:00:00+09:00,679.8152465820312,680.6735991660994,650.6312587237117,660.0731371484621,49300
2020-06-17 09:00:00+09:00,674.6650390625,684.9652686665077,672.9483341284988,679.8151538645038,27500
2020-06-18 09:00:00+09:00,681.531982421875,683.2486876672702,666.9399878360163,672.9484561948993,27400
2020-06-19 09:00:00+09:00,685.82373046875,690.9738460917944,664.3649153727315,681.5319674495463,49200
2020-06-22 09:00:00+09:00,671.231689453125,683.2486250699328,671.231689453125,683.2486250699328,21300
2020-06-23 09:00:00+09:00,682.3902587890625,684.9653163693986,670.3733234141608,677.2401436283903,26700
2020-06-24 09:00:00+09:00,690.1154174804688,690.9737699897728,674.6650723129956,679.8151873688199,43100
2020-06-25 09:00:00+09:00,677.2401733398438,693.5488720641239,675.5234682109722,693.5488720641239,52400
2020-06-26 09:00:00+09:00,694.4072265625,694.4072265625,675.5234700923207,677.2401752259734,58100
2020-06-29 09:00:00+09:00,672.9483642578125,690.1154143664302,672.0900117523815,690.1154143664302,26300
2020-06-30 09:00:00+09:00,678.0986328125,689.2572179094146,678.0986328125,682.3903963113133,40800
2020-07-01 09:00:00+09:00,659.2147827148438,678.0985395113627,657.4980775515238,678.0985395113627,25500
2020-07-02 09:00:00+09:00,652.3479614257812,672.0900707847194,652.3479614257812,672.0900707847194,35500
2020-07-03 09:00:00+09:00,660.9314575195312,660.9314575195312,652.3479320971996,652.3479320971996,17200
2020-07-06 09:00:00+09:00,671.231689453125,673.8067470852981,660.9314589244325,660.9314589244325,28300
2020-07-07 09:00:00+09:00,672.9483642578125,672.9483642578125,660.0730766763493,672.9483642578125,15700
2020-07-08 09:00:00+09:00,662.6482543945312,674.6651916503906,662.6482543945312,672.0901336669922,23300
2020-07-09 09:00:00+09:00,647.1978759765625,664.3649283897339,647.1978759765625,662.6482231484168,37000
2020-07-10 09:00:00+09:00,611.1470336914062,645.4811367077774,611.1470336914062,645.4811367077774,68300
2020-07-13 09:00:00+09:00,630.8890991210938,637.7559192475818,622.3055739629837,635.1808617001489,46500
2020-07-14 09:00:00+09:00,642.0477294921875,642.9060820717225,631.7474985377673,631.7474985377673,20900
2020-07-15 09:00:00+09:00,653.206298828125,656.6397090716368,642.0477155367116,648.9145360237352,27100
2020-07-16 09:00:00+09:00,643.7644653320312,654.0646967773438,642.9061127115885,654.0646967773438,16600
2020-07-17 09:00:00+09:00,636.897705078125,646.3395848030028,633.4642942690784,646.3395848030028,18100
2020-07-20 09:00:00+09:00,645.4811401367188,648.0561978766259,627.4557359573689,636.8976143370284,17000
2020-07-21 09:00:00+09:00,651.4896850585938,651.4896850585938,638.6143948400445,648.0562743336473,19500
2020-07-22 09:00:00+09:00,653.206298828125,682.3902858979756,653.206298828125,674.6651128500739,86900
2020-07-27 09:00:00+09:00,676.3817749023438,676.3817749023438,643.7643796659363,652.3479047281487,43000
2020-07-28 09:00:00+09:00,678.9569091796875,684.1070247992553,664.3649149242455,676.3818513699036,27300
2020-07-29 09:00:00+09:00,642.9059448242188,678.0983930722734,642.9059448242188,678.0983930722734,22400
2020-07-30 09:00:00+09:00,655.78125,668.6565363219895,648.9144306282723,654.0645451570681,36300
2020-07-31 09:00:00+09:00,613.7221069335938,647.1978582208807,611.147049142264,647.1978582208807,36800
2020-08-03 09:00:00+09:00,627.4556274414062,632.6057420305285,618.0137506946819,618.0137506946819,24200
2020-08-04 09:00:00+09:00,640.3309326171875,640.3309326171875,624.8805883985422,636.8975227908219,14900
2020-08-05 09:00:00+09:00,633.4642333984375,636.0392912577807,623.1640019610645,632.6058807786563,16300
2020-08-06 09:00:00+09:00,626.5973510742188,636.897581502836,623.1639409313464,635.1808764313998,17500
2020-08-07 09:00:00+09:00,602.5634155273438,624.0222266216224,600.8467106398015,616.2970546276821,57000
2020-08-11 09:00:00+09:00,625.739013671875,625.739013671875,605.9969048728996,608.5719625423311,46600
2020-08-12 09:00:00+09:00,644.622802734375,644.622802734375,625.7390455304386,626.5973981306175,36500
2020-08-13 09:00:00+09:00,653.206298828125,656.6397090716368,630.0307796844202,644.6227732193454,44000
2020-08-14 09:00:00+09:00,643.7644653320312,653.2063441569011,643.7644653320312,653.2063441569011,16100
2020-08-17 09:00:00+09:00,632.6058959960938,645.4811856025271,630.0308380748071,644.6228329620983,25800
2020-08-18 09:00:00+09:00,630.8890991210938,634.3225091843378,624.0222789946057,630.8890991210938,22200
2020-08-19 09:00:00+09:00,625.739013671875,631.7474815672153,624.8806611153977,629.1724238977838,15100
2020-08-20 09:00:00+09:00,628.3140869140625,630.8891446473168,625.7390291808081,625.7390291808081,9700
2020-08-21 09:00:00+09:00,635.1808471679688,635.1808471679688,626.5973222062395,630.0307321909312,10200
2020-08-24 09:00:00+09:00,641.1893920898438,642.0477446896963,633.4642186911709,635.180923890876,18900
2020-08-25 09:00:00+09:00,650.63134765625,650.63134765625,641.1894679409219,650.63134765625,29700
2020-08-26 09:00:00+09:00,664.3649291992188,666.939987064332,649.7729346302436,657.4981082255833,23200
2020-08-27 09:00:00+09:00,666.0816650390625,666.0816650390625,656.6397857666016,662.6482543945312,28500
2020-08-28 09:00:00+09:00,675.5234985351562,677.2402037410906,662.6482094906488,666.9399725054845,52300
2020-08-31 09:00:00+09:00,669.5149536132812,678.0984786596053,663.5064860808544,669.5149536132812,28600
2020-09-01 09:00:00+09:00,651.4896850585938,668.6567386833261,651.4896850585938,668.6567386833261,20900
2020-09-02 09:00:00+09:00,646.3394165039062,652.3478838552041,645.4810640251494,652.3478838552041,12900
2020-09-03 09:00:00+09:00,658.3563232421875,660.93138056908,649.7727988192124,655.781265915295,23500
2020-09-04 09:00:00+09:00,654.9228515625,657.4979086459699,645.4809755897772,645.4809755897772,20900
2020-09-07 09:00:00+09:00,668.6566772460938,670.3733824508334,652.3479778010671,654.9230356081766,25800
2020-09-08 09:00:00+09:00,682.3902587890625,682.3902587890625,670.3733234141608,672.0900284677182,33300
2020-09-09 09:00:00+09:00,688.3988037109375,690.1155089570995,677.2402196108849,681.5319827262898,43000
2020-09-10 09:00:00+09:00,698.6988525390625,698.6988525390625,688.3986237547028,688.3986237547028,46100
2020-09-11 09:00:00+09:00,720.1578369140625,722.7328947337791,696.1239639300413,703.849137389191,71000
2020-09-14 09:00:00+09:00,726.166259765625,729.5996699772828,714.1493240248227,720.1577918952238,53600
2020-09-15 09:00:00+09:00,716.724365234375,721.0161279004492,708.9991924354416,721.0161279004492,23800
2020-09-16 09:00:00+09:00,721.01611328125,725.3078758603051,711.5742356073289,721.01611328125,43400
2020-09-17 09:00:00+09:00,719.2994384765625,726.1662588916132,715.0076757171558,726.1662588916132,36500
2020-09-18 09:00:00+09:00,733.8914184570312,733.8914184570312,719.2994253415113,719.2994253415113,41800
2020-09-23 09:00:00+09:00,648.0562133789062,655.781386783423,626.5973983663597,630.8891613688689,418300
2020-09-24 09:00:00+09:00,644.622802734375,650.6312709356275,632.6058663318701,641.1893923336593,150600
2020-09-25 09:00:00+09:00,632.6058959960938,648.9145961642428,632.6058959960938,644.6228329620983,143000
2020-09-28 09:00:00+09:00,643.7644653320312,643.7644653320312,631.7475286458333,640.3310548502604,94500
2020-09-29 09:00:00+09:00,651.5728759765625,659.3813392039781,638.5587705975366,648.9700549007573,68700
2020-09-30 09:00:00+09:00,629.8828125,650.7053848140496,629.8828125,650.7053848140496,68700
2020-10-02 09:00:00+09:00,616.0010375976562,628.1475369305678,615.1334305024483,628.1475369305678,99800
2020-10-05 09:00:00+09:00,636.8236694335938,636.8236694335938,617.7363114941672,617.7363114941672,94200
2020-10-06 09:00:00+09:00,631.617919921875,641.161597283332,623.8094566261375,639.4263832176125,50900
2020-10-07 09:00:00+09:00,629.01513671875,632.4855650592673,623.8094942079741,624.6771012931035,32700
2020-10-08 09:00:00+09:00,635.9559326171875,635.9559326171875,616.8685785686498,629.0150765995375,77400
2020-10-09 09:00:00+09:00,629.01513671875,636.8236004849139,624.6771012931035,633.3531721443966,41000
2020-10-12 09:00:00+09:00,629.01513671875,630.7503508890087,623.8094942079741,629.01513671875,22500
2020-10-13 09:00:00+09:00,626.4122314453125,630.7502662891167,621.2065896327476,630.7502662891167,34500
2020-10-14 09:00:00+09:00,630.7503051757812,634.2207332647814,622.9418419755308,626.412270064531,40800
2020-10-15 09:00:00+09:00,616.0010375976562,631.6179653113996,616.0010375976562,628.1475369305678,30300
2020-10-16 09:00:00+09:00,610.79541015625,618.603874206543,609.0601959228516,616.0010528564453,30100
2020-10-19 09:00:00+09:00,623.8094482421875,623.8094482421875,610.7953429242003,610.7953429242003,25500
2020-10-20 09:00:00+09:00,622.0741577148438,637.6910821763042,620.3389438857926,622.0741577148438,32500
2020-10-21 09:00:00+09:00,622.0741577148438,631.6178337746252,620.3389438857926,622.0741577148438,43200
2020-10-22 09:00:00+09:00,622.94189453125,626.4123229130397,617.7362519585655,626.4123229130397,32900
2020-10-23 09:00:00+09:00,622.94189453125,626.4123229130397,612.5306093858809,626.4123229130397,38800
2020-10-26 09:00:00+09:00,616.0010375976562,622.9418943593199,613.3982163120323,616.8686446928642,22200
2020-10-27 09:00:00+09:00,621.2066040039062,621.2066040039062,608.1924991714221,612.5305341155835,30600
2020-10-28 09:00:00+09:00,614.265869140625,617.7362977798375,609.0602261818061,611.6630476612155,26200
2020-10-29 09:00:00+09:00,606.457275390625,611.6629172394715,606.457275390625,607.3248823654327,23700
2020-10-30 09:00:00+09:00,592.5756225585938,612.5305849580778,592.5756225585938,612.5305849580778,55100
2020-11-02 09:00:00+09:00,603.8545532226562,605.5897674560547,593.4432678222656,593.4432678222656,33300
2020-11-04 09:00:00+09:00,615.1334228515625,616.0010299359794,598.6488882476419,607.3249590918107,52200
2020-11-05 09:00:00+09:00,617.7362670898438,617.7362670898438,603.8545532226562,614.2658386230469,31700
2020-11-06 09:00:00+09:00,624.6770629882812,624.6770629882812,607.3249223497179,616.8685997009277,51800
2020-11-09 09:00:00+09:00,620.339111328125,629.0151828152317,613.3982541384397,625.544754220389,49200
2020-11-10 09:00:00+09:00,636.8236694335938,636.8236694335938,621.2067402104266,633.3532407173344,78100
2020-11-11 09:00:00+09:00,645.4996948242188,645.4996948242188,629.0151596069336,641.1616592407227,68200
2020-11-12 09:00:00+09:00,648.1025390625,648.1025390625,636.8236461470883,644.6321104731426,50600
2020-11-13 09:00:00+09:00,619.4714965820312,635.0884250672925,614.2658537536108,635.0884250672925,55600
2020-11-16 09:00:00+09:00,642.0291748046875,643.7643887906461,625.5446419380806,632.4854978819151,95700
2020-11-17 09:00:00+09:00,641.1615600585938,642.0291670410817,627.2798483387866,642.0291670410817,40500
2020-11-18 09:00:00+09:00,650.705322265625,652.4405364583333,635.9560016276041,644.6320725911459,85500
2020-11-19 09:00:00+09:00,625.544677734375,648.1024608426881,625.544677734375,648.1024608426881,53000
2020-11-20 09:00:00+09:00,635.0883178710938,638.5587458376025,625.5446409631948,638.5587458376025,24200
2020-11-24 09:00:00+09:00,635.9559326171875,648.9700376502814,635.9559326171875,648.1024306480751,37300
2020-11-25 09:00:00+09:00,635.9559326171875,654.175679663519,633.3531116105687,654.175679663519,63800
2020-11-26 09:00:00+09:00,639.4263916015625,645.4996409112109,630.7503211592075,631.617928203443,35500
2020-11-27 09:00:00+09:00,602.9868774414062,640.2939792111623,602.9868774414062,633.353123067952,135300
2020-11-30 09:00:00+09:00,604.7221069335938,631.6179251759775,604.7221069335938,631.6179251759775,78700
2020-12-01 09:00:00+09:00,624.6770629882812,626.4122770521376,612.5305645412868,612.5305645412868,46300
2020-12-02 09:00:00+09:00,625.544677734375,633.3531411180219,622.9418566064927,626.4122847770024,58900
2020-12-03 09:00:00+09:00,624.6770629882812,630.7503122117784,618.603813764784,618.603813764784,45000
2020-12-04 09:00:00+09:00,633.3531494140625,633.3531494140625,619.4714365501926,621.2066506581764,44200
2020-12-07 09:00:00+09:00,626.4122314453125,642.0291568830073,623.8094105390301,642.0291568830073,88600
2020-12-08 09:00:00+09:00,667.1898193359375,674.1306757139446,629.0151092568982,633.3531444931526,203200
2020-12-09 09:00:00+09:00,702.7616577148438,702.7616577148438,668.0573783215182,684.5419110333478,199000
2020-12-10 09:00:00+09:00,708.8348999023438,733.1278952478342,687.1447254867273,702.7616510659713,238300
2020-12-11 09:00:00+09:00,683.6742553710938,702.7616076784085,676.7333999866156,696.6883592169902,140200
2020-12-14 09:00:00+09:00,697.5560302734375,706.2321003017141,691.4827812536439,696.6884232706099,116300
2020-12-15 09:00:00+09:00,714.0405883789062,721.8490516783111,690.6151984806918,702.7616969464326,115900
2020-12-16 09:00:00+09:00,698.4237670898438,711.4378745511452,686.2772667926291,710.5702673870584,86100
2020-12-17 09:00:00+09:00,677.6011352539062,698.4237053513374,670.6602785547625,698.4237053513374,75200
2020-12-18 09:00:00+09:00,675.8659057617188,680.2039411003691,667.1898350844181,679.336334032639,57000
2020-12-21 09:00:00+09:00,732.2603759765625,733.9955901376444,683.6743794662692,694.9532715133016,283200
2020-12-22 09:00:00+09:00,663.7193603515625,730.5250998902164,655.0432902816074,724.451850841248,326500
2020-12-23 09:00:00+09:00,707.0997924804688,718.3786848758627,659.3814015768788,673.2631152942869,322400
2020-12-24 09:00:00+09:00,707.9674072265625,731.3927993774414,688.8800506591797,702.7617645263672,312800
2020-12-25 09:00:00+09:00,749.6124877929688,752.2153089311388,695.8208509374548,712.3053848125317,366000
2020-12-28 09:00:00+09:00,737.4659423828125,760.8913311408547,728.7898724724265,746.1420122931985,227900
2020-12-29 09:00:00+09:00,734.8630981445312,766.9645557966537,731.3926702902478,750.4800234888071,186600
2020-12-30 09:00:00+09:00,733.1279907226562,753.0829537837462,720.9814914680796,740.0688474395571,94200
2021-01-04 09:00:00+09:00,750.4801025390625,760.891387198564,724.451890890309,753.9505307588963,186200
2021-01-05 09:00:00+09:00,796.4632568359375,802.5365060710699,750.4800840556492,751.3476910892396,389400
2021-01-06 09:00:00+09:00,796.4632568359375,821.6238608100575,786.9195794664437,798.1984709031182,258900
2021-01-07 09:00:00+09:00,797.330810546875,821.6238058627755,785.1843128889248,814.6829500582324,253000
2021-01-08 09:00:00+09:00,825.9618530273438,831.1674949581883,799.9336433731207,802.536464338543,337800
2021-01-12 09:00:00+09:00,809.4774169921875,818.1534879138615,794.7280964253416,812.9478453608571,234600
2021-01-13 09:00:00+09:00,835.505615234375,843.3140789281541,815.5506524613836,819.8886878468165,337200
2021-01-14 09:00:00+09:00,819.02099609375,857.1957035387976,812.0801401946504,843.3139917405985,346200
2021-01-15 09:00:00+09:00,803.4041748046875,829.4323878113188,780.8463901989403,829.4323878113188,286100
2021-01-18 09:00:00+09:00,797.330810546875,807.7420942536895,778.2434570843818,786.0519198644927,199900
2021-01-19 09:00:00+09:00,806.8746337890625,812.9478837208081,794.7281339255712,795.5957410586777,188200
2021-01-20 09:00:00+09:00,799.9337768554688,805.139419654962,783.44924132374,799.9337768554688,139300
2021-01-21 09:00:00+09:00,785.1842651367188,808.6096520523998,781.7138374455067,802.5364035927788,81300
2021-01-22 09:00:00+09:00,776.5082397460938,790.3899512946273,770.4349909436104,779.9786676332271,111200
2021-01-25 09:00:00+09:00,835.505615234375,837.2408293885481,806.0069746134313,812.9478312301239,366400
2021-01-26 09:00:00+09:00,823.3590087890625,848.5196107436282,814.6829391495571,848.5196107436282,173800
2021-01-27 09:00:00+09:00,815.5506591796875,821.6239087693235,806.8745883373505,815.5506591796875,84100
2021-01-28 09:00:00+09:00,808.6097412109375,818.1534184140709,786.9195657492706,787.7871727677374,190000
2021-01-29 09:00:00+09:00,786.052001953125,805.1393574089404,776.5083242252174,798.198500879553,154500
2021-02-01 09:00:00+09:00,809.4774169921875,819.8887020981963,797.3309177018439,802.5365602548483,251500
2021-02-02 09:00:00+09:00,866.7393798828125,883.2239126333365,803.4040698413257,806.8744977888044,484000
2021-02-03 09:00:00+09:00,877.1507568359375,895.3705054942508,871.9451143621337,878.8859709938721,452300
2021-02-04 09:00:00+09:00,844.181640625,887.5619921473535,839.8436054727646,884.9591710560123,331600
2021-02-05 09:00:00+09:00,874.5478515625,880.6211005316841,848.5196416945685,853.7252836681548,234400
2021-02-08 09:00:00+09:00,859.798583984375,871.94508264813,848.519692368031,867.6070474110746,178200
2021-02-09 09:00:00+09:00,849.3873901367188,859.798675817659,841.5789258760134,856.3282472573457,100300
2021-02-10 09:00:00+09:00,914.457763671875,926.6042614815583,867.6069864059534,867.6069864059534,384700
2021-02-12 09:00:00+09:00,892.7676391601562,910.1197798629776,876.283105492476,910.1197798629776,253900
2021-02-15 09:00:00+09:00,915.3252563476562,924.0013251282027,894.5026912743446,918.7956838598748,173600
2021-02-16 09:00:00+09:00,898.8408203125,921.3986015172538,891.8999645571911,921.3986015172538,188300
2021-02-17 09:00:00+09:00,913.5902709960938,915.3254851860198,891.0324865270544,891.0324865270544,105000
2021-02-18 09:00:00+09:00,865.8717651367188,916.1929699242235,865.8717651367188,914.4577559660337,211400
2021-02-19 09:00:00+09:00,884.9591674804688,887.5619885612937,848.51967234892,858.9309566722197,122700
2021-02-22 09:00:00+09:00,907.5169677734375,909.2521818609584,881.4887564606238,884.9591846356657,123500
2021-02-24 09:00:00+09:00,868.4746704101562,899.7085246906414,867.6070633468095,899.7085246906414,109600
2021-02-25 09:00:00+09:00,884.091552734375,888.4295878312071,878.0183035988101,883.2239457150085,59200
2021-02-26 09:00:00+09:00,865.8717651367188,884.0915116977119,861.5337302412443,876.2830488858576,109000
2021-03-01 09:00:00+09:00,894.5028076171875,899.7084495625834,861.5337419630138,868.4745978902082,134600
2021-03-02 09:00:00+09:00,913.5902709960938,923.1339490406873,895.3705220018696,901.443771666611,204900
2021-03-03 09:00:00+09:00,993.4100341796875,1002.0861043471956,907.5169395213564,923.1338658228711,809200
2021-03-04 09:00:00+09:00,1092.317138671875,1096.6551733766878,994.2775543431046,994.2775543431046,1472100
2021-03-05 09:00:00+09:00,971.7198486328125,1049.8044793265205,946.5592454092842,1046.334051295689,907400
2021-03-08 09:00:00+09:00,946.5592041015625,987.3367316843062,934.412706523724,971.7198062270852,434300
2021-03-09 09:00:00+09:00,983.8663330078125,988.2043679858011,944.8240182059152,969.984621078249,215400
2021-03-10 09:00:00+09:00,1006.4242553710938,1009.0270767211914,964.7791137695312,975.1903991699219,247500
2021-03-11 09:00:00+09:00,1064.5538330078125,1069.7594752230095,1009.0269827123765,1015.1002319634398,358800
2021-03-12 09:00:00+09:00,1069.759521484375,1070.6271285577607,1033.3200244021823,1049.8045587965075,232200
2021-03-15 09:00:00+09:00,1092.317138671875,1095.7875664357252,1035.922687509308,1066.288930442998,222900
2021-03-16 09:00:00+09:00,1071.4947509765625,1114.8751052671116,1062.8186801184527,1093.184928121837,257900
2021-03-17 09:00:00+09:00,1054.1427001953125,1084.5089508182227,1039.3933784641847,1084.5089508182227,227300
2021-03-18 09:00:00+09:00,1081.9058837890625,1097.5228091364588,1069.7593862966432,1074.9650280791086,269200
2021-03-19 09:00:00+09:00,1079.3033447265625,1095.7878813421612,1061.0835937303746,1073.2300943945,168800
2021-03-22 09:00:00+09:00,1095.7877197265625,1096.6553267888955,1071.4947219812389,1079.3031855422357,128000
2021-03-23 09:00:00+09:00,1107.0665283203125,1139.167987213613,1096.6552443549176,1098.39045834915,315000
2021-03-24 09:00:00+09:00,1056.7454833984375,1087.111732921381,1043.731376460033,1087.111732921381,184000
2021-03-25 09:00:00+09:00,1079.3033447265625,1085.376595058625,1050.6723074468387,1070.6272728236158,133000
2021-03-26 09:00:00+09:00,1106.198974609375,1114.8750449984682,1094.0524760646445,1094.0524760646445,167700
2021-03-29 09:00:00+09:00,1120.0809326171875,1146.9767567156637,1102.7287880375254,1129.6246121360016,228700
2021-03-30 09:00:00+09:00,1127.0755615234375,1130.573080721338,1108.71358573446,1114.8342443307859,110000
2021-03-31 09:00:00+09:00,1143.688720703125,1164.6738348444667,1133.1961636324543,1133.1961636324543,224300
2021-04-01 09:00:00+09:00,1163.7996826171875,1163.7996826171875,1134.0707651048026,1143.688944299986,212100
2021-04-02 09:00:00+09:00,1145.4376220703125,1165.548358946356,1123.578125465917,1164.6739790821803,195600
2021-04-05 09:00:00+09:00,1167.2972412109375,1169.046001122864,1137.568322708187,1161.1765815191948,164900
2021-04-06 09:00:00+09:00,1216.2625732421875,1232.0014131547393,1167.297293514249,1169.9204334996743,465100
2021-04-07 09:00:00+09:00,1227.6292724609375,1250.363147876881,1208.3929163397547,1225.8805128135573,382800
2021-04-08 09:00:00+09:00,1188.2823486328125,1214.513747057378,1163.799710103218,1214.513747057378,317400
2021-04-09 09:00:00+09:00,1192.654052734375,1210.1416488155241,1188.2821537140876,1197.9003315587197,128000
2021-04-12 09:00:00+09:00,1203.146728515625,1231.1268849927326,1190.9054100568906,1210.141767634902,165500
2021-04-13 09:00:00+09:00,1185.6591796875,1220.6343767284293,1180.4129001313606,1213.6393373202434,143400
2021-04-14 09:00:00+09:00,1156.8045654296875,1178.6640621309286,1137.568208332595,1176.0409225267797,156400
2021-04-15 09:00:00+09:00,1221.5086669921875,1223.25742671587,1145.4376190120013,1149.8095183212074,274700
2021-04-16 09:00:00+09:00,1213.6392822265625,1227.6293604078485,1197.9004442726157,1218.8855615445448,127400
2021-04-19 09:00:00+09:00,1229.3782958984375,1235.4989559775904,1192.6543354235198,1199.6493755139802,144900
2021-04-20 09:00:00+09:00,1214.513671875,1234.6244094222461,1213.6392919816415,1230.2525099554534,145800
2021-04-21 09:00:00+09:00,1159.4278564453125,1198.7749556459453,1157.67909648084,1193.5286757525275,142700
2021-04-22 09:00:00+09:00,1183.0360107421875,1215.388067207421,1179.5384911243245,1194.4029495002426,130700
2021-04-23 09:00:00+09:00,1153.30712890625,1183.036046558117,1148.0608493206264,1162.92530814656,111300
2021-04-26 09:00:00+09:00,1180.4127197265625,1184.7846186885126,1143.6887684461806,1148.0606674081307,111500
2021-04-27 09:00:00+09:00,1171.6689453125,1213.6391761893658,1158.5532481634796,1206.6441377098881,165500
2021-04-28 09:00:00+09:00,1157.6788330078125,1173.417669106106,1145.4375160424731,1163.799491490482,128600
2021-04-30 09:00:00+09:00,1149.8095703125,1168.171548241445,1139.31701149596,1148.0608105097433,102600
2021-05-06 09:00:00+09:00,1195.277099609375,1204.8952767093772,1152.4324925275466,1152.4324925275466,172500
2021-05-07 09:00:00+09:00,1212.764892578125,1217.1367919745855,1192.654155354407,1212.764892578125,100700
2021-05-10 09:00:00+09:00,1224.1319580078125,1230.2526177978516,1199.649318847656,1217.1369182477679,97300
2021-05-11 09:00:00+09:00,1205.77001953125,1236.3733195193527,1198.7749795339694,1222.3832395247914,112700
2021-05-12 09:00:00+09:00,1167.2972412109375,1205.7699592733204,1151.558402003599,1205.7699592733204,96300
2021-05-13 09:00:00+09:00,1157.6788330078125,1185.6589860714455,1141.0656171262804,1141.0656171262804,130500
2021-05-14 09:00:00+09:00,1176.915283203125,1197.0260198403255,1176.915283203125,1190.9053608637862,64200
2021-05-17 09:00:00+09:00,1311.5699462890625,1315.941846110026,1225.0063298339844,1236.3732693684897,585300
2021-05-18 09:00:00+09:00,1339.550048828125,1380.6459054174998,1310.6955112228195,1311.569891150253,390300
2021-05-19 09:00:00+09:00,1346.544921875,1355.2887200689934,1303.7003107244318,1313.3184887378245,276200
2021-05-20 09:00:00+09:00,1404.254150390625,1433.1086877274188,1354.4144949907086,1355.2888749100055,396600
2021-05-21 09:00:00+09:00,1378.8970947265625,1419.992949800848,1377.1483349361672,1390.2640333641307,213600
2021-05-24 09:00:00+09:00,1411.2491455078125,1440.9780618320167,1399.0078270213753,1413.8722851834775,197500
2021-05-25 09:00:00+09:00,1377.1484375,1396.384796626984,1368.4046378968255,1394.6360367063492,157400
2021-05-26 09:00:00+09:00,1333.429443359375,1372.7765416880122,1333.429443359375,1361.4096021708503,148300
2021-05-27 09:00:00+09:00,1301.95166015625,1349.1681743593645,1301.95166015625,1336.9268558622607,122500
2021-05-28 09:00:00+09:00,1357.9119873046875,1364.0326466164279,1314.1929922208276,1314.1929922208276,204800
2021-05-31 09:00:00+09:00,1331.6807861328125,1339.5502064054292,1301.951865102927,1330.8064061025218,197000
2021-06-01 09:00:00+09:00,1384.1435546875,1386.7666947153348,1307.1981138710123,1329.057614102969,233800
2021-06-02 09:00:00+09:00,1462.837646484375,1465.460786316684,1387.640971291514,1391.1384910679262,417900
2021-06-03 09:00:00+09:00,1465.4605712890625,1526.6671583954076,1463.7118116574525,1468.958090552282,388600
2021-06-04 09:00:00+09:00,1606.23583984375,1606.23583984375,1515.3003323076857,1535.4110695512384,806500
2021-06-07 09:00:00+09:00,1561.6427001953125,1635.0906211451481,1561.6427001953125,1633.341861122533,491400
2021-06-08 09:00:00+09:00,1583.501953125,1599.2407908700304,1531.0391606415653,1540.6573392635285,305400
2021-06-09 09:00:00+09:00,1520.5465087890625,1573.8836778725201,1506.556431652418,1565.1398796621172,239000
2021-06-10 09:00:00+09:00,1524.0440673828125,1541.531664254675,1489.0688736390875,1513.551509259695,131800
2021-06-11 09:00:00+09:00,1493.4410400390625,1526.6674800399317,1487.3203800389024,1515.3005400396341,124700
2021-06-14 09:00:00+09:00,1547.65234375,1548.526723605226,1490.8176531603108,1513.5515293961864,131300
2021-06-15 09:00:00+09:00,1560.7681884765625,1567.7632279767374,1525.792990975687,1565.1400881641719,149000
2021-06-16 09:00:00+09:00,1565.139892578125,1569.5117917194048,1532.7878389326554,1541.5316372152147,124000
2021-06-17 09:00:00+09:00,1663.9449462890625,1689.301963337083,1573.0094368754721,1573.0094368754721,674500
2021-06-18 09:00:00+09:00,1663.9449462890625,1696.2970025227437,1621.10033127689,1663.9449462890625,383000
2021-06-21 09:00:00+09:00,1600.989501953125,1645.5828742085098,1586.9994243828082,1605.3614011938491,378700
2021-06-22 09:00:00+09:00,1684.0557861328125,1699.794625255549,1630.7186091057608,1651.7037279360761,393000
2021-06-23 09:00:00+09:00,1674.4375,1709.4126958224545,1656.949902088773,1704.1664164490862,332300
2021-06-24 09:00:00+09:00,1657.8243408203125,1704.166476929741,1644.7086419214177,1672.6887995723932,342700
2021-06-25 09:00:00+09:00,1657.8243408203125,1683.181358691509,1633.3417028757087,1670.0656597926143,407800
2021-06-28 09:00:00+09:00,1671.814453125,1694.5483316716789,1649.954954522424,1663.0706536839696,207600
2021-06-29 09:00:00+09:00,1616.7286376953125,1656.950118135542,1601.8641775326191,1649.9550780589805,275800
2021-06-30 09:00:00+09:00,1629.8441162109375,1642.959814571004,1592.24578091208,1609.733378725502,151900
2021-07-01 09:00:00+09:00,1575.632568359375,1607.9846244244677,1563.391249848259,1594.8689260197004,273200
2021-07-02 09:00:00+09:00,1577.38134765625,1591.3714261277023,1561.6425093758662,1574.7582079428528,119700
2021-07-05 09:00:00+09:00,1545.0294189453125,1573.0095782018207,1531.9137192938242,1573.0095782018207,153200
2021-07-06 09:00:00+09:00,1564.265625,1575.6325635830074,1538.908608160984,1538.908608160984,107800
2021-07-07 09:00:00+09:00,1542.4061279296875,1552.02430673197,1495.189613809391,1514.4259714139562,280100
2021-07-08 09:00:00+09:00,1547.65234375,1558.1449020127118,1506.5564905543786,1542.406064618644,268400
2021-07-09 09:00:00+09:00,1537.159912109375,1538.0342920366272,1482.9483566197384,1506.556614655548,199800
2021-07-12 09:00:00+09:00,1567.76318359375,1593.1202010640336,1543.2805460362347,1543.2805460362347,141000
2021-07-13 09:00:00+09:00,1619.3516845703125,1635.0905238371945,1578.2558264845647,1582.627726280921,207700
2021-07-14 09:00:00+09:00,1633.341552734375,1644.708490735203,1600.9894984243258,1619.3514751948942,156600
2021-07-15 09:00:00+09:00,1647.33154296875,1653.4522015678908,1600.1150337753784,1626.346427771696,178300
2021-07-16 09:00:00+09:00,1674.4375,1698.9201370757182,1628.9697454308096,1643.8342036553527,284000
2021-07-19 09:00:00+09:00,1608.85888671875,1674.4373739491339,1583.501871656335,1674.4373739491339,226600
2021-07-20 09:00:00+09:00,1554.6475830078125,1605.3616211486749,1541.531883488624,1573.8839423026225,232700
2021-07-21 09:00:00+09:00,1587.8740234375,1599.2409630325922,1563.391384309609,1589.6227833752064,126300
2021-07-26 09:00:00+09:00,1636.8394775390625,1640.3369977902144,1613.2312158437876,1622.849396534455,99800
2021-07-27 09:00:00+09:00,1667.4425048828125,1673.563164313426,1635.0904478924276,1652.5780462656087,129800
2021-07-28 09:00:00+09:00,1635.090576171875,1656.9500758533172,1628.9699162610711,1643.8343760444518,84200
2021-07-29 09:00:00+09:00,1642.0855712890625,1649.9549909597768,1610.607892606205,1635.0905315817608,84400
2021-07-30 09:00:00+09:00,1614.10546875,1645.5831485306069,1604.4872888170369,1637.713728585455,76600
2021-08-02 09:00:00+09:00,1609.7335205078125,1622.849220023085,1584.3765014449516,1606.236000637073,126800
2021-08-03 09:00:00+09:00,1608.85888671875,1632.467142121688,1599.240708591627,1602.738227910581,68300
2021-08-04 09:00:00+09:00,1589.6226806640625,1603.612759261766,1561.6425234686556,1603.612759261766,108100
2021-08-05 09:00:00+09:00,1607.9844970703125,1613.2307760167082,1561.6423663771495,1576.5068233919376,78200
2021-08-06 09:00:00+09:00,1580.8787841796875,1613.2308389444268,1577.3812647456618,1611.4820792274138,79500
2021-08-10 09:00:00+09:00,1665.6934814453125,1665.6934814453125,1576.5067438561148,1590.4968203406947,250700
2021-08-11 09:00:00+09:00,1614.9798583984375,1812.5897382024696,1590.4972184227167,1735.6442982787755,816100
2021-08-12 09:00:00+09:00,1533.662353515625,1607.110265542599,1527.5416941800438,1599.2408463968518,400500
2021-08-13 09:00:00+09:00,1551.1500244140625,1555.5219241446546,1468.0839295328133,1519.6723463537996,270100
2021-08-16 09:00:00+09:00,1496.9383544921875,1547.6523875298901,1487.3201758126231,1536.285449090405,197800
2021-08-17 09:00:00+09:00,1440.1036376953125,1514.425926222393,1440.1036376953125,1499.561468516977,238500
2021-08-18 09:00:00+09:00,1468.958251953125,1479.4508108956475,1385.0177804129464,1412.1235576811291,300900
2021-08-19 09:00:00+09:00,1388.515380859375,1449.7219782524205,1387.6410008966172,1435.731898848296,163700
2021-08-20 09:00:00+09:00,1359.6607666015625,1394.6359631700914,1344.7963080599377,1364.0326661726285,233700
2021-08-23 09:00:00+09:00,1378.8970947265625,1411.2491508488724,1378.8970947265625,1380.6458545169576,116300
2021-08-24 09:00:00+09:00,1412.1236572265625,1419.1186970146816,1388.5153979416602,1388.5153979416602,113600
2021-08-25 09:00:00+09:00,1389.389404296875,1447.098467030414,1389.389404296875,1424.3645938323532,133200
2021-08-26 09:00:00+09:00,1402.5054931640625,1412.1236729800255,1374.5253336994429,1374.5253336994429,103400
2021-08-27 09:00:00+09:00,1381.5203857421875,1407.7517854714695,1373.6509658234029,1392.0129456339002,84300
2021-08-30 09:00:00+09:00,1420.867431640625,1431.3599911358174,1390.2641331129807,1390.2641331129807,90100
2021-08-31 09:00:00+09:00,1435.7318115234375,1454.9681695341048,1416.4954535127704,1420.8673530606493,110700
2021-09-01 09:00:00+09:00,1433.9832763671875,1437.480796553449,1416.4956754358805,1417.3700554824459,101900
2021-09-02 09:00:00+09:00,1447.0987548828125,1454.9681740936558,1419.9929776010197,1441.8524754089171,109400
2021-09-03 09:00:00+09:00,1474.20458984375,1495.189708560387,1453.2194711271131,1460.2145106993255,151100
2021-09-06 09:00:00+09:00,1496.064208984375,1514.4261893401153,1476.8278486116944,1511.8030492892954,138100
2021-09-07 09:00:00+09:00,1468.0838623046875,1514.4259973268129,1452.3450239952865,1510.9284777025016,188000
2021-09-08 09:00:00+09:00,1494.3154296875,1494.3154296875,1454.9683294324166,1471.5815495401184,116500
2021-09-09 09:00:00+09:00,1552.0242919921875,1585.2507275390626,1494.3152197265624,1507.43091796875,414000
2021-09-10 09:00:00+09:00,1548.52685546875,1573.0094934998765,1520.5466977188912,1559.019414624947,262000
2021-09-13 09:00:00+09:00,1540.6572265625,1540.6572265625,1501.3101350782138,1536.2853275086904,180900
2021-09-14 09:00:00+09:00,1547.65234375,1547.65234375,1517.0490488170904,1545.9035840395482,141900
2021-09-15 09:00:00+09:00,1503.9334716796875,1512.6772709336392,1482.9483534702035,1512.6772709336392,128700
2021-09-16 09:00:00+09:00,1459.34033203125,1494.315534716241,1444.4758708901288,1489.0692543134924,174500
2021-09-17 09:00:00+09:00,1478.576416015625,1491.692114561003,1439.2293203794907,1444.475599797642,111500
2021-09-21 09:00:00+09:00,1422.6162109375,1445.3500901534649,1408.626131419983,1428.7368707264136,117000
2021-09-22 09:00:00+09:00,1399.0078125,1440.1036669921875,1399.0078125,1420.8673095703125,101700
2021-09-24 09:00:00+09:00,1440.9781494140625,1447.973188974325,1429.611210128636,1441.8525293590953,99200
2021-09-27 09:00:00+09:00,1412.997802734375,1439.2291975871171,1408.6259035922515,1439.2291975871171,80800
2021-09-28 09:00:00+09:00,1419.118408203125,1419.9927879986906,1375.3994184248402,1411.2489900430337,119800
2021-09-29 09:00:00+09:00,1422.64453125,1426.1702921700744,1386.505481819238,1386.505481819238,101700
2021-09-30 09:00:00+09:00,1381.216552734375,1410.3040742661137,1381.216552734375,1406.7783140804484,99200
2021-10-01 09:00:00+09:00,1297.4798583984375,1357.4177866396697,1293.0726577924645,1345.95906506414,262300
2021-10-04 09:00:00+09:00,1278.088134765625,1330.0931002491918,1275.4438144867995,1323.9230195985992,148200
2021-10-05 09:00:00+09:00,1260.4593505859375,1273.6809521655102,1216.387345320695,1247.2377490063648,204900
2021-10-06 09:00:00+09:00,1230.490478515625,1290.4284101338646,1226.0832776613427,1260.4594443247447,202300
2021-10-07 09:00:00+09:00,1234.0162353515625,1255.1707993861608,1223.4389533342635,1230.4904746791296,110700
2021-10-08 09:00:00+09:00,1249.88232421875,1261.3410479245638,1239.305040797999,1248.1194436486248,87600
2021-10-11 09:00:00+09:00,1279.8509521484375,1279.8509521484375,1249.8819904590114,1258.6963909559013,100100
2021-10-12 09:00:00+09:00,1269.273681640625,1275.443762037489,1257.8149609035916,1275.443762037489,95200
2021-10-13 09:00:00+09:00,1211.0987548828125,1236.6605189960596,1208.4544344573042,1236.6605189960596,166900
2021-10-14 09:00:00+09:00,1238.423583984375,1238.423583984375,1211.098935512122,1219.0318979718081,86000
2021-10-15 09:00:00+09:00,1295.717041015625,1295.717041015625,1253.407913145727,1254.2893533096833,126300
2021-10-18 09:00:00+09:00,1310.7012939453125,1310.7012939453125,1285.1395336733462,1300.1240138327748,102700
2021-10-19 09:00:00+09:00,1326.5672607421875,1335.38166114579,1303.6498196928208,1313.3456601367836,101500
2021-10-20 09:00:00+09:00,1288.665283203125,1344.196003341153,1283.3766431899796,1342.4331233367711,160400
2021-10-21 09:00:00+09:00,1269.273681640625,1300.1240836249458,1262.222161187066,1286.9024827745225,85900
2021-10-22 09:00:00+09:00,1273.6810302734375,1284.2583121857429,1251.645026289468,1256.0522270862618,67500
2021-10-25 09:00:00+09:00,1271.91796875,1278.9694890202702,1253.4077280405406,1263.103568412162,52100
2021-10-26 09:00:00+09:00,1299.2427978515625,1302.7685584970213,1277.206793817445,1282.4954347856333,86100
2021-10-27 09:00:00+09:00,1274.5625,1299.2428250345781,1267.510978561549,1296.598504495159,80100
2021-10-28 09:00:00+09:00,1274.5625,1279.851141078838,1255.17081604426,1267.510978561549,203900
2021-10-29 09:00:00+09:00,1249.88232421875,1269.274010490127,1248.1194436486248,1269.274010490127,87400
2021-11-01 09:00:00+09:00,1335.3817138671875,1335.3817138671875,1282.495309357596,1282.495309357596,234600
2021-11-02 09:00:00+09:00,1322.1602783203125,1355.6550053710937,1319.5159577636718,1338.0262016601562,141300
2021-11-04 09:00:00+09:00,1347.721923828125,1347.721923828125,1336.2632024352108,1339.7889628638,85200
2021-11-05 09:00:00+09:00,1293.0726318359375,1338.0260771144874,1287.7839912149316,1334.5003167004836,113000
2021-11-08 09:00:00+09:00,1300.1241455078125,1305.4127860997087,1290.4283044226695,1303.64990590241,66700
2021-11-09 09:00:00+09:00,1281.6138916015625,1311.582854678903,1271.0366105154424,1311.582854678903,89900
2021-11-10 09:00:00+09:00,1277.20654296875,1290.4281427924432,1263.1035031568108,1280.7323029217348,62000
2021-11-11 09:00:00+09:00,1280.7325439453125,1280.7325439453125,1262.2223007086632,1264.8666211710415,63100
2021-11-12 09:00:00+09:00,1308.05712890625,1308.9385690200681,1276.3252848087939,1282.4953656055213,93000
2021-11-15 09:00:00+09:00,1282.495361328125,1330.974567426439,1276.325280551976,1313.3457652088703,166200
2021-11-16 09:00:00+09:00,1301.886962890625,1361.8248867068487,1299.2426427222622,1300.1240827783831,293300
2021-11-17 09:00:00+09:00,1252.5263671875,1307.175652736849,1249.882046918983,1305.4127725578378,131400
2021-11-18 09:00:00+09:00,1259.577880859375,1275.4438023817463,1239.3047589141227,1245.4748395061558,137900
2021-11-19 09:00:00+09:00,1229.609130859375,1262.2224196348566,1226.9648101478494,1259.578098923331,115400
2021-11-22 09:00:00+09:00,1341.552001953125,1346.8406432223226,1266.6295839728257,1282.4955077804184,445400
2021-11-24 09:00:00+09:00,1298.361328125,1370.6394197110487,1283.3768457230142,1360.9435781568227,245000
2021-11-25 09:00:00+09:00,1264.86669921875,1318.6345519381532,1264.86669921875,1315.108791104094,140800
2021-11-26 09:00:00+09:00,1243.712158203125,1278.0883269982503,1239.3049570755447,1277.2068867727344,144300
2021-11-29 09:00:00+09:00,1151.160888671875,1203.165859905903,1150.2794484814676,1203.165859905903,223700
2021-11-30 09:00:00+09:00,1126.48046875,1185.5369565483177,1118.5475077024648,1177.6039955007825,164500
2021-12-01 09:00:00+09:00,1144.9906005859375,1152.9235608671333,1094.7485188050302,1133.5318801797657,143500
2021-12-02 09:00:00+09:00,1095.630126953125,1128.243413113435,1095.630126953125,1118.5475712819916,106500
2021-12-03 09:00:00+09:00,1131.76904296875,1131.76904296875,1094.7485602548188,1122.0732022579584,73300
2021-12-06 09:00:00+09:00,1132.650390625,1141.4647905520428,1112.3772707928017,1133.5318306177044,84500
2021-12-07 09:00:00+09:00,1158.21240234375,1158.21240234375,1124.717675335331,1131.7691968107877,86900
2021-12-08 09:00:00+09:00,1167.0267333984375,1177.6040149700245,1155.568011695885,1176.722574839059,101500
2021-12-09 09:00:00+09:00,1164.38232421875,1189.0626460038561,1157.3308037087197,1175.8410450475492,93700
2021-12-10 09:00:00+09:00,1137.057861328125,1163.5010674055231,1129.1248995049054,1162.6196272029433,80800
2021-12-13 09:00:00+09:00,1130.8876953125,1167.026740914848,1121.191853809431,1163.5009803682774,61600
2021-12-14 09:00:00+09:00,1111.4962158203125,1126.480700886883,1103.5632531380106,1114.1405367144132,85100
2021-12-15 09:00:00+09:00,1136.1763916015625,1150.2794344763686,1121.191908547081,1121.191908547081,139500
2021-12-16 09:00:00+09:00,1146.7535400390625,1163.500901500048,1142.3463396545926,1162.619461423154,54900
2021-12-17 09:00:00+09:00,1130.006103515625,1141.464823754083,1122.0731433505387,1128.2432234789392,72900
2021-12-20 09:00:00+09:00,1071.831298828125,1118.5476301092851,1070.949858615273,1117.666189896433,110800
2021-12-21 09:00:00+09:00,1074.475341796875,1094.7484614534198,1061.2537420208675,1081.5268616774124,73500
2021-12-22 09:00:00+09:00,1080.6456298828125,1088.5785912767321,1066.5425874047335,1075.356988953533,62600
2021-12-23 09:00:00+09:00,1106.207275390625,1114.140235931275,1084.1712738888198,1085.9341540089642,57600
2021-12-24 09:00:00+09:00,1106.207275390625,1123.8360765920693,1099.1557549100473,1107.9701555107695,70800
2021-12-27 09:00:00+09:00,1078.8826904296875,1114.1402946920955,1067.4239690444049,1114.1402946920955,103600
2021-12-28 09:00:00+09:00,1092.98583984375,1095.630160424017,1077.1199163621473,1088.578638876638,73200
2021-12-29 09:00:00+09:00,1100.918701171875,1108.8516621891263,1088.578539589484,1092.1043000415957,44500
2021-12-30 09:00:00+09:00,1093.8673095703125,1103.563151959735,1078.0013856603482,1100.037391090854,44100
2022-01-04 09:00:00+09:00,1129.1248779296875,1130.8877583011624,1107.0888732862509,1120.310476072313,94100
2022-01-05 09:00:00+09:00,1119.4288330078125,1129.1246732937068,1107.9701126699372,1126.4803532157357,65900
2022-01-06 09:00:00+09:00,1094.74853515625,1112.3773360444343,1087.6970148009761,1093.8670951118409,68200
2022-01-07 09:00:00+09:00,1079.76416015625,1107.9702443399235,1066.542558195153,1094.7486423788264,71900
2022-01-11 09:00:00+09:00,1058.6097412109375,1072.7127852237393,1046.269577699736,1063.898382715738,66500
2022-01-12 09:00:00+09:00,1090.3414306640625,1094.748631273052,1072.7126282281035,1072.7126282281035,75400
2022-01-13 09:00:00+09:00,1088.5784912109375,1104.4444125403277,1074.4754500292572,1086.8156110632274,59000
2022-01-14 09:00:00+09:00,1062.13525390625,1075.356854577282,1049.7950932799533,1067.4238941746628,90000
2022-01-17 09:00:00+09:00,1040.0992431640625,1069.186764371193,1037.4549230543234,1062.1352440785554,54600
2022-01-18 09:00:00+09:00,1029.52197265625,1052.4394138283926,1025.114772430838,1040.0992531972388,65500
2022-01-19 09:00:00+09:00,972.2284545898438,1012.7747002028381,970.4655743458005,1008.36749959273,100200
2022-01-20 09:00:00+09:00,991.6200561523438,998.6715765516493,968.7026148546007,972.2283750542535,85600
2022-01-21 09:00:00+09:00,985.4501342773438,985.4501342773438,962.5326892941497,973.9914117857468,68200
2022-01-24 09:00:00+09:00,989.8573608398438,996.9088825555327,960.7698337626266,971.3471163361601,77700
2022-01-25 09:00:00+09:00,947.5480346679688,996.0272364416787,942.2593944744731,995.1457964094295,77900
2022-01-26 09:00:00+09:00,958.12548828125,976.6357323050828,944.9038854070837,945.7853255986948,64300
2022-01-27 09:00:00+09:00,916.69775390625,967.8212824894831,906.1204721304086,967.8212824894831,83400
2022-01-28 09:00:00+09:00,954.5996704101562,954.5996704101562,922.8678254103727,924.6307056881384,60300
2022-01-31 09:00:00+09:00,954.5996704101562,968.7027126322823,944.9038288824446,955.4811105490392,61300
2022-02-01 09:00:00+09:00,949.31103515625,982.805760630658,944.0223942918698,976.6356796222144,68300
2022-02-02 09:00:00+09:00,993.3829345703125,997.7901348124168,956.3624525366362,956.3624525366362,68200
2022-02-03 09:00:00+09:00,973.10986328125,993.3829854329427,965.1769024392834,993.3829854329427,62300
2022-02-04 09:00:00+09:00,992.5015258789062,997.7901663365203,966.9397636671049,971.34696404845,46600
2022-02-07 09:00:00+09:00,1004.8417358398438,1017.1818975080523,995.1458945291084,1004.8417358398438,89000
2022-02-08 09:00:00+09:00,991.6200561523438,1015.4189375000001,978.3984554036458,1008.3674171006945,125800
2022-02-09 09:00:00+09:00,1011.8933715820312,1018.9448933352162,987.2130454458842,1009.249050924587,83900
2022-02-10 09:00:00+09:00,1022.470703125,1032.1665459994613,1007.4862186826508,1024.2335836476293,127300
2022-02-14 09:00:00+09:00,921.10498046875,941.3781044407895,909.6462582236842,931.6822625411185,247200
2022-02-15 09:00:00+09:00,888.4915771484375,923.7491794162327,887.6101370917426,921.9862993028429,186600
2022-02-16 09:00:00+09:00,920.2234497070312,929.037850566294,904.3575281603582,911.4090488477684,134300
2022-02-17 09:00:00+09:00,893.7803344726562,926.3936208390155,893.7803344726562,922.8678601507604,69300
2022-02-18 09:00:00+09:00,886.7288208007812,894.6617824182833,874.388658284667,885.8473806210588,85200
2022-02-21 09:00:00+09:00,870.86279296875,877.0328734857351,857.6411918609249,876.15143341188,82000
2022-02-22 09:00:00+09:00,847.9453735351562,862.0484150908345,844.4196131462367,855.8783344102253,102800
2022-02-24 09:00:00+09:00,859.404052734375,859.404052734375,840.0123715444712,841.7752516526442,86200
2022-02-25 09:00:00+09:00,899.0689697265625,901.7132902257582,868.2185639026118,885.8473672305836,118000
2022-02-28 09:00:00+09:00,892.8988037109375,898.1874442067575,878.795762388751,898.1874442067575,91900
2022-03-01 09:00:00+09:00,877.0328979492188,887.6101791305159,877.0328979492188,881.4400984414259,122100
2022-03-02 09:00:00+09:00,849.708251953125,863.811293479318,848.826811857738,860.2855330977698,93800
2022-03-03 09:00:00+09:00,881.4400634765625,886.7287038574218,862.0483820800781,862.9298221435546,111400
2022-03-04 09:00:00+09:00,853.234130859375,886.7288591369124,852.3526906415451,885.8474189190825,125900
2022-03-07 09:00:00+09:00,802.991943359375,840.0124281245712,793.2961021113474,836.4866676707429,149400
2022-03-08 09:00:00+09:00,773.0228881835938,802.9918485008596,766.8528081182743,776.5486482209192,133900
2022-03-09 09:00:00+09:00,794.1775512695312,816.2135543569211,772.1415481821414,772.1415481821414,111500
2022-03-10 09:00:00+09:00,838.2496337890625,838.2496337890625,816.2136286947128,820.6208297135828,108500
2022-03-11 09:00:00+09:00,815.33203125,835.605152027027,806.5176309121622,824.1464315878378,71600
2022-03-14 09:00:00+09:00,823.2650756835938,837.3681176653256,810.9249139495785,828.5537164267432,75900
2022-03-15 09:00:00+09:00,853.234130859375,864.6928536911641,829.4352449779668,836.4867667206063,93400
2022-03-16 09:00:00+09:00,854.9968872070312,864.6927281959769,848.8268065777021,863.8112881060728,84100
2022-03-17 09:00:00+09:00,877.0328979492188,884.0844187367502,864.6927365710388,875.2700177523359,114300
2022-03-18 09:00:00+09:00,894.6617431640625,901.7132642924493,872.625739637854,881.4401410483374,184800
2022-03-22 09:00:00+09:00,886.7288208007812,899.950423496618,879.6772993630017,881.4401797224466,98800
2022-03-23 09:00:00+09:00,893.7803344726562,907.8833772256764,883.203052407891,907.8833772256764,105800
2022-03-24 09:00:00+09:00,909.646240234375,909.646240234375,877.0329544895379,881.4401552658672,78200
2022-03-25 09:00:00+09:00,921.9863891601562,924.6307095879579,904.3575863081456,920.2235088749552,127900
2022-03-28 09:00:00+09:00,894.6617431640625,917.5791868313192,891.1359825998692,917.5791868313192,51500
2022-03-29 09:00:00+09:00,903.4761352539062,903.4761352539062,885.8473326148056,903.4761352539062,61600
2022-03-30 09:00:00+09:00,920.388427734375,924.8390487582357,901.6958194341604,912.377309891426,72200
2022-03-31 09:00:00+09:00,900.8057861328125,915.0477748463749,898.1354132490196,908.8169047841914,63700
2022-04-01 09:00:00+09:00,895.465087890625,899.0255852579833,882.1132227630311,899.0255852579833,48000
2022-04-04 09:00:00+09:00,907.03662109375,909.7069938742027,892.7946329313359,899.9156270125429,45900
2022-04-05 09:00:00+09:00,906.146484375,916.827975349951,900.8057388875246,914.1576026062132,41400
2022-04-06 09:00:00+09:00,885.673583984375,901.6958196745446,885.673583984375,899.9155712645257,55200
2022-04-07 09:00:00+09:00,866.9810180664062,875.8822605516876,857.1896513325968,875.8822605516876,69600
2022-04-08 09:00:00+09:00,887.4539184570312,889.2341670396933,859.8600654257694,867.8711840477487,82900
2022-04-11 09:00:00+09:00,856.2994384765625,868.7611766664501,844.7278244430954,867.8710525100295,167900
2022-04-12 09:00:00+09:00,818.0242309570312,842.9477113343946,818.0242309570312,842.9477113343946,165300
2022-04-13 09:00:00+09:00,842.0576171875,842.0576171875,818.0242602487447,818.0242602487447,96000
2022-04-14 09:00:00+09:00,844.7279052734375,856.2995204141695,838.4970355822741,844.7279052734375,57300
2022-04-15 09:00:00+09:00,829.5958251953125,841.1674407828008,827.8155766433912,839.3871922308795,42000
2022-04-18 09:00:00+09:00,830.4859619140625,842.94770196422,818.914346153202,824.2550918889838,60100
2022-04-19 09:00:00+09:00,860.7501220703125,865.2007431771912,838.4970165359198,838.4970165359198,74500
2022-04-20 09:00:00+09:00,895.465087890625,916.828072094775,885.6737201303895,885.6737201303895,293400
2022-04-21 09:00:00+09:00,881.2229614257812,900.8056939019098,871.431595187717,895.4649486811475,129600
2022-04-22 09:00:00+09:00,860.7501220703125,874.9921096123239,852.7390040779311,867.8711158413182,123300
2022-04-25 09:00:00+09:00,867.87109375,869.6513421474359,846.5081129807692,858.0797275641025,94300
2022-04-26 09:00:00+09:00,857.189697265625,883.8934261524047,852.7390757844951,878.5526803750487,63900
2022-04-27 09:00:00+09:00,845.6181030273438,846.5082273463199,828.7057409667968,838.4971084755346,114700
2022-04-28 09:00:00+09:00,876.7723388671875,876.7723388671875,840.2772465894669,840.2772465894669,65400
2022-05-02 09:00:00+09:00,866.9810180664062,885.6736272854972,857.1896513325968,876.7723848002158,59500
2022-05-06 09:00:00+09:00,883.0032348632812,885.6736075493596,861.6402533746534,876.7723652624314,53200
2022-05-09 09:00:00+09:00,866.9810180664062,883.0032545399127,865.20076956935,883.0032545399127,44200
2022-05-10 09:00:00+09:00,858.969970703125,863.4205923129858,840.2773599417098,863.4205923129858,66100
2022-05-11 09:00:00+09:00,860.7501220703125,864.3106189558154,842.9476376427983,845.6180103069255,49200
2022-05-12 09:00:00+09:00,841.16748046875,858.0798425099206,835.8267345610119,856.2995938740079,55500
2022-05-13 09:00:00+09:00,857.189697265625,863.420567339207,842.0575842297833,842.0575842297833,69500
2022-05-16 09:00:00+09:00,916.8279418945312,949.7625378654998,906.1464513093522,917.7180661099628,223800
2022-05-17 09:00:00+09:00,929.2896118164062,945.3118465028961,912.3772529806671,942.6414740551477,175500
2022-05-18 09:00:00+09:00,922.1687622070312,954.2132365694376,918.6082650556527,943.5317451153022,190400
2022-05-19 09:00:00+09:00,952.432861328125,953.3229854975906,892.794541973934,903.4760320075204,205700
2022-05-20 09:00:00+09:00,935.5205688476562,939.9711900124881,915.9378357223961,938.1909415465553,134700
2022-05-23 09:00:00+09:00,961.3341064453125,964.0044789632161,935.5205054389105,947.0921196831597,189900
2022-05-24 09:00:00+09:00,936.41064453125,963.1143701357532,932.8501477839828,957.7736250148527,120600
2022-05-25 09:00:00+09:00,921.2786254882812,933.7403653499584,915.0477555574427,933.7403653499584,88300
2022-05-26 09:00:00+09:00,904.3662109375,929.2896891916831,904.3662109375,915.0477016178642,88500
2022-05-27 09:00:00+09:00,925.7291870117188,926.6193112299993,912.3773237375112,912.3773237375112,63300
2022-05-30 09:00:00+09:00,940.861328125,954.2131918164616,934.6304584023178,939.0810796328051,142900
2022-05-31 09:00:00+09:00,936.41064453125,965.7847426962036,934.6303961576164,951.5427557071351,167900
2022-06-01 09:00:00+09:00,948.8724365234375,955.103306181659,927.5094548381069,927.5094548381069,83400
2022-06-02 09:00:00+09:00,943.5316772460938,955.1032921557156,934.6304350079231,945.3119256937279,65300
2022-06-03 09:00:00+09:00,983.5873413085938,984.4774655993708,955.1033640037296,957.7737368760605,176800
2022-06-06 09:00:00+09:00,988.0379638671875,1011.1811954532657,980.0268452412373,983.5873424083262,226100
2022-06-07 09:00:00+09:00,1004.0601806640625,1019.1922933159144,1000.499683569509,1007.6206777586159,157900
2022-06-08 09:00:00+09:00,1061.918212890625,1066.3688340678698,1021.8626222954211,1022.7527465308701,312200
2022-06-09 09:00:00+09:00,1043.2255859375,1087.7317969416595,1042.3354617174168,1069.9293125399959,266500
2022-06-10 09:00:00+09:00,1030.7640380859375,1058.3578940277891,1017.4121723076223,1030.7640380859375,178400
2022-06-13 09:00:00+09:00,1021.8626708984375,1036.104659343015,1000.4996882315712,1004.9503096205017,185600
2022-06-14 09:00:00+09:00,1003.1699829101562,1008.510728160787,985.3674987413868,998.7193618679639,106800
2022-06-15 09:00:00+09:00,993.3785400390625,1012.0711469752814,989.8180434797827,1002.2797814372619,94500
2022-06-16 09:00:00+09:00,995.1589965820312,1020.9726020389892,990.7083749515213,1010.2911101257652,76100
2022-06-17 09:00:00+09:00,975.5762329101562,984.4774759111614,955.1033740078446,961.3342441085482,111500
2022-06-20 09:00:00+09:00,947.09228515625,994.2688745484315,931.9601715776257,988.038004251351,87700
2022-06-21 09:00:00+09:00,1018.3021850585938,1025.4231793597028,963.1144792249987,973.7959706766623,118500
2022-06-22 09:00:00+09:00,996.0489501953125,1044.115655566668,988.0378326334198,1032.544041310601,94400
2022-06-23 09:00:00+09:00,996.0489501953125,1011.181061145554,986.2575842863326,988.9279568069635,75800
2022-06-24 09:00:00+09:00,1032.5443115234375,1041.4455555882948,1013.8516989872373,1041.4455555882948,151500
2022-06-27 09:00:00+09:00,1095.742919921875,1098.4132925943084,1058.3577025078062,1062.8083236285286,381200
2022-06-28 09:00:00+09:00,1092.182373046875,1109.9848567151207,1077.0502619288661,1099.3033665141734,210700
2022-06-29 09:00:00+09:00,1072.5997314453125,1085.951595322225,1069.0392344114691,1085.951595322225,123700
2022-06-30 09:00:00+09:00,1051.2366943359375,1093.9626565104718,1045.0058248521514,1080.61079333093,126000
2022-07-01 09:00:00+09:00,1040.5555419921875,1073.4901485394166,1028.093798974317,1053.017285010058,113400
2022-07-04 09:00:00+09:00,1064.5887451171875,1064.5887451171875,1045.0060090029917,1046.786257740646,78700
2022-07-05 09:00:00+09:00,1068.1490478515625,1081.500910949707,1054.797184753418,1068.1490478515625,84000
2022-07-06 09:00:00+09:00,1038.7750244140625,1061.9182554635618,1036.1046516006588,1055.6873855656197,68100
2022-07-07 09:00:00+09:00,1042.3353271484375,1044.115575358768,1024.5328450451336,1040.555078938107,92600
2022-07-08 09:00:00+09:00,1056.57763671875,1080.6109949254949,1050.3467660725569,1058.3578854748052,133600
2022-07-11 09:00:00+09:00,1092.182373046875,1101.0836148809979,1079.720634479103,1081.5008828459277,122500
2022-07-12 09:00:00+09:00,1055.6873779296875,1091.2923485175354,1050.3466323415103,1091.2923485175354,90700
2022-07-13 09:00:00+09:00,1041.4456787109375,1064.588916015625,1040.5555541992187,1055.6876708984375,66200
2022-07-14 09:00:00+09:00,1053.9072265625,1058.3578482962944,1019.192377038904,1037.8849883208404,79100
2022-07-15 09:00:00+09:00,1039.6650390625,1054.7971500762521,1031.653921466984,1054.7971500762521,68400
2022-07-19 09:00:00+09:00,1056.57763671875,1056.57763671875,1037.8850247801706,1047.6763929384742,50600
2022-07-20 09:00:00+09:00,1064.5887451171875,1077.0504862807668,1060.138123273052,1068.149242592496,77200
2022-07-21 09:00:00+09:00,1065.478759765625,1068.1491325971178,1056.5775169939823,1062.8083869341322,42800
2022-07-22 09:00:00+09:00,1065.478759765625,1069.039256874282,1056.5775169939823,1068.1491325971178,54100
2022-07-25 09:00:00+09:00,1055.6873779296875,1068.1491176354343,1051.2367566062067,1068.1491176354343,67700
2022-07-26 09:00:00+09:00,1054.7972412109375,1062.8083594986156,1048.5663714316324,1055.687365465124,28600
2022-07-27 09:00:00+09:00,1057.4676513671875,1059.2478999385128,1037.88491708261,1053.0170299388744,52700
2022-07-28 09:00:00+09:00,1063.6986083984375,1066.3689814739148,1050.3467430210512,1061.9183596814528,53200
2022-07-29 09:00:00+09:00,1042.3353271484375,1063.698305672402,1036.9945825174464,1063.698305672402,49500
2022-08-01 09:00:00+09:00,1082.3912353515625,1082.3912353515625,1048.5665092468262,1050.3467579891808,112400
2022-08-02 09:00:00+09:00,1061.028076171875,1078.8305606714032,1053.0169581470873,1077.9404364464267,88500
2022-08-03 09:00:00+09:00,1069.9293212890625,1069.9293212890625,1052.1268367418236,1063.698451697529,72600
2022-08-04 09:00:00+09:00,1084.171142578125,1085.9513907596981,1064.5884125808188,1076.1600257610453,67900
2022-08-05 09:00:00+09:00,1078.8306884765625,1093.0726777633818,1073.4899424940052,1073.4899424940052,87800
2022-08-08 09:00:00+09:00,1098.413330078125,1101.083702841686,1082.3910934967585,1089.5120875329214,70700
2022-08-09 09:00:00+09:00,1090.4022216796875,1109.0948311941963,1088.6219731544961,1103.7540856186224,75200
2022-08-10 09:00:00+09:00,1079.720947265625,1096.6333116498352,1077.0505739418024,1085.9518183545445,82000
2022-08-12 09:00:00+09:00,1171.403564453125,1183.8653045004985,1131.3479714437096,1131.3479714437096,388000
2022-08-15 09:00:00+09:00,1149.1505126953125,1189.2061076382165,1144.6998910349898,1183.8653616458294,152500
2022-08-16 09:00:00+09:00,1227.4814453125,1237.2728128965737,1180.3048560437817,1182.0851046954315,325600
2022-08-17 09:00:00+09:00,1220.3603515625,1247.0640791678063,1219.4702273089897,1228.371469844092,187000
2022-08-18 09:00:00+09:00,1239.943115234375,1240.8332395094894,1199.8875228542265,1217.6900083565147,130300
2022-08-19 09:00:00+09:00,1229.261474609375,1247.0639579491196,1213.2392396036048,1246.1738337821325,189100
2022-08-22 09:00:00+09:00,1211.4591064453125,1215.9097277033775,1190.0961244066002,1212.3492306969256,103000
2022-08-23 09:00:00+09:00,1203.447998046875,1218.580110448352,1198.1072524934125,1198.997376752323,53000
2022-08-24 09:00:00+09:00,1205.2283935546875,1218.5802590667408,1193.6567767775746,1195.437025512515,78500
2022-08-25 09:00:00+09:00,1215.9097900390625,1216.7999143363093,1197.2171797968808,1210.569044255582,66800
2022-08-26 09:00:00+09:00,1239.0531005859375,1247.9543441246296,1219.4703648008149,1219.4703648008149,134500
2022-08-29 09:00:00+09:00,1207.0084228515625,1213.2392922910617,1196.3269323838495,1206.1182986459198,98300
2022-08-30 09:00:00+09:00,1207.0084228515625,1212.349168085419,1187.425690327422,1207.8985470572052,92600
2022-08-31 09:00:00+09:00,1185.6453857421875,1207.0083656654701,1183.8651374152473,1198.107124030769,83000
2022-09-01 09:00:00+09:00,1158.9417724609375,1182.0850029401881,1155.3812754641297,1168.7331392021588,105700
2022-09-02 09:00:00+09:00,1127.787353515625,1159.8318244916018,1117.9959873840767,1158.9417002978246,118500
2022-09-05 09:00:00+09:00,1198.997314453125,1207.8985565797257,1164.282470159382,1179.4145817746032,188000
2022-09-06 09:00:00+09:00,1188.31591796875,1219.470267878043,1184.7554208362592,1219.470267878043,143100
2022-09-07 09:00:00+09:00,1185.6453857421875,1188.3157582325978,1161.6120333284944,1187.4256340691277,95200
2022-09-08 09:00:00+09:00,1217.6900634765625,1218.5801877919694,1198.9974528530188,1200.7777014838325,106200
2022-09-09 09:00:00+09:00,1206.118408203125,1211.4591539221055,1188.3159224731896,1203.4480353436347,137700
2022-09-12 09:00:00+09:00,1277.3282470703125,1277.3282470703125,1227.4812910870808,1231.0417879430258,293400
2022-09-13 09:00:00+09:00,1248.84423828125,1286.229454252606,1242.6133689526907,1280.8887091138408,242300
2022-09-14 09:00:00+09:00,1217.6900634765625,1239.0530470463268,1202.557950114646,1203.4480744300529,138900
2022-09-15 09:00:00+09:00,1192.7664794921875,1228.3714490292678,1182.0849886310634,1221.2504551218517,123200
2022-09-16 09:00:00+09:00,1173.183837890625,1200.7776914373696,1166.9529677349085,1191.8764483577745,128500
2022-09-20 09:00:00+09:00,1223.0308837890625,1286.2297140285264,1219.470386310783,1226.591381267342,369900
2022-09-21 09:00:00+09:00,1174.9639892578125,1196.3269708806818,1152.710883400657,1196.3269708806818,265000
2022-09-22 09:00:00+09:00,1193.656494140625,1193.656494140625,1149.150286305404,1153.600907088926,156900
2022-09-26 09:00:00+09:00,1123.3370361328125,1175.854377758673,1121.5567872641393,1175.854377758673,210500
2022-09-27 09:00:00+09:00,1103.7540283203125,1141.1392454085812,1100.1935314547632,1126.0071337299962,141800
2022-09-28 09:00:00+09:00,1093.0723876953125,1107.3143732027434,1073.4896576225951,1093.9625117895268,136400
2022-09-29 09:00:00+09:00,1112.9466552734375,1133.7240684806527,1103.009631565639,1133.7240684806527,103700
2022-09-30 09:00:00+09:00,1103.9129638671875,1119.2701818587932,1084.9422828187332,1085.8456485829454,152600
2022-10-03 09:00:00+09:00,1120.1734619140625,1122.8835589993384,1084.038834110383,1085.8455655005669,116100
2022-10-04 09:00:00+09:00,1163.53515625,1170.7620826863354,1148.1779375727874,1152.694766595497,148600
2022-10-05 09:00:00+09:00,1163.53515625,1196.0563252135094,1163.53515625,1190.6361303862577,141300
2022-10-06 09:00:00+09:00,1177.0855712890625,1187.0225945309503,1166.2451822979124,1166.2451822979124,71700
2022-10-07 09:00:00+09:00,1166.245361328125,1177.0857519833826,1151.7915071211148,1155.4049706728674,62400
2022-10-11 09:00:00+09:00,1126.4970703125,1143.661019258721,1124.6903388444766,1140.950922056686,99400
2022-10-12 09:00:00+09:00,1110.2364501953125,1120.1734729391274,1102.106158859464,1119.2701072351442,77000
2022-10-13 09:00:00+09:00,1089.4591064453125,1106.6230558835057,1087.6523749255027,1097.5893982844566,62300
2022-10-14 09:00:00+09:00,1121.0770263671875,1131.9174166302062,1108.4299043936655,1120.1736605119359,106300
2022-10-17 09:00:00+09:00,1130.110595703125,1132.820693054931,1107.5264511047412,1118.3668405119654,50900
2022-10-18 09:00:00+09:00,1155.4046630859375,1163.5349539129693,1130.1104249573948,1138.2407157844264,111100
2022-10-19 09:00:00+09:00,1166.245361328125,1182.5059473110114,1159.921800112558,1166.245361328125,107500
2022-10-20 09:00:00+09:00,1145.4677734375,1165.341819979791,1132.8206529105876,1152.6946994528785,97300
2022-10-21 09:00:00+09:00,1143.6612548828125,1151.79154816397,1135.530961601655,1145.4679867230698,62700
2022-10-24 09:00:00+09:00,1187.0225830078125,1196.9596061532357,1160.8249765335154,1164.4384394954873,127000
2022-10-25 09:00:00+09:00,1180.6990966796875,1199.6697784166986,1177.0856334916853,1193.346217837695,122200
2022-10-26 09:00:00+09:00,1166.245361328125,1197.8631674059595,1166.245361328125,1197.8631674059595,73600
2022-10-27 09:00:00+09:00,1187.9259033203125,1189.7326347322066,1152.6946407883793,1159.9215664359554,100000
2022-10-28 09:00:00+09:00,1171.665283203125,1181.6023056512627,1161.7282607549876,1165.3417234634012,162400
2022-10-31 09:00:00+09:00,1137.3375244140625,1189.7327399946944,1129.2072323412058,1184.3125452794568,380400
2022-11-01 09:00:00+09:00,1127.400634765625,1144.564586737217,1116.5602440467248,1140.9511231642502,153500
2022-11-02 09:00:00+09:00,1127.400634765625,1152.6948797763923,1122.8838052994165,1127.400634765625,75200
2022-11-04 09:00:00+09:00,1124.6903076171875,1129.2071361618348,1110.236456274316,1117.4633819457517,67200
2022-11-07 09:00:00+09:00,1136.4339599609375,1136.4339599609375,1123.7868411696393,1131.9171318211881,62400
2022-11-08 09:00:00+09:00,1143.6612548828125,1146.3713526431982,1133.7242297613977,1139.1444252821695,55100
2022-11-09 09:00:00+09:00,1162.6318359375,1163.5352017773894,1140.0476899402681,1142.757787459936,58800
2022-11-10 09:00:00+09:00,1128.3037109375,1155.4046807758707,1125.593613953663,1155.4046807758707,85900
2022-11-11 09:00:00+09:00,1175.2786865234375,1178.892149049259,1146.3709863168656,1147.274351948321,226700
2022-11-14 09:00:00+09:00,1097.58935546875,1173.4720763406638,1093.9758925700876,1164.4384190940073,349300
2022-11-15 09:00:00+09:00,1110.2364501953125,1115.6566444192115,1079.5220162598848,1093.9758675236155,205000
2022-11-16 09:00:00+09:00,1089.4591064453125,1106.6230558835057,1084.038911885883,1102.1062270839811,150200
2022-11-17 09:00:00+09:00,1103.9129638671875,1112.9466215093084,1093.0725746966423,1093.0725746966423,105900
2022-11-18 09:00:00+09:00,1099.3961181640625,1121.076896172228,1099.3961181640625,1109.333141417805,103700
2022-11-21 09:00:00+09:00,1113.8499755859375,1117.46343860487,1103.00958652914,1117.46343860487,55000
2022-11-22 09:00:00+09:00,1106.623046875,1118.3668016581632,1106.623046875,1115.65670440051,67300
2022-11-24 09:00:00+09:00,1124.6903076171875,1125.593673326117,1115.656650527893,1119.2701133636108,118400
2022-11-25 09:00:00+09:00,1140.9510498046875,1149.0813423211105,1133.7241231234225,1138.2409522992132,105700
2022-11-28 09:00:00+09:00,1104.81640625,1141.8544051512674,1103.0096745962796,1141.8544051512674,138000
2022-11-29 09:00:00+09:00,1093.9759521484375,1094.8793179223007,1074.1019051234452,1091.2658548268475,215200
2022-11-30 09:00:00+09:00,1086.7490234375,1093.0725838398794,1079.522097263352,1093.0725838398794,124500
2022-12-01 09:00:00+09:00,1078.6187744140625,1101.2029196069868,1077.7154086063456,1101.2029196069868,83100
2022-12-02 09:00:00+09:00,1059.6480712890625,1070.4884607651654,1041.5807554955575,1058.7447054993872,175900
2022-12-05 09:00:00+09:00,1037.96728515625,1065.97162444245,1036.1605535893984,1065.0682586590242,96800
2022-12-06 09:00:00+09:00,1026.2232666015625,1037.063653220593,1011.7694177761884,1018.9963421888755,89000
2022-12-07 09:00:00+09:00,1020.803466796875,1030.7404916948976,1018.0933690974143,1018.9967349972345,59800
2022-12-08 09:00:00+09:00,1013.5763549804688,1020.8032808626825,1002.7359661571483,1020.8032808626825,114800
2022-12-09 09:00:00+09:00,1021.7066650390625,1028.0302253001355,1008.1561787653349,1008.1561787653349,77900
2022-12-12 09:00:00+09:00,1022.610107421875,1032.547131433925,1012.673083409825,1019.9000099640432,68900
2022-12-13 09:00:00+09:00,1012.6730346679688,1033.4504475112901,1011.7696688921721,1032.5470817354935,69400
2022-12-14 09:00:00+09:00,1007.2528076171875,1014.4797335911225,1003.63934463022,1013.5763678443806,86400
2022-12-15 09:00:00+09:00,1009.962890625,1011.7696220930233,991.8955759447674,1000.0258675508721,64000
2022-12-16 09:00:00+09:00,997.3157348632812,1005.4460261801015,995.5090034595435,998.2191005651501,89200
2022-12-19 09:00:00+09:00,973.8284301757812,996.4125774433086,973.8284301757812,992.7991138805043,116300
2022-12-20 09:00:00+09:00,943.1138305664062,972.0215341852999,927.756613018869,970.214802709119,188500
2022-12-21 09:00:00+09:00,917.8195190429688,944.0171234251007,917.8195190429688,938.5969294150045,119000
2022-12-22 09:00:00+09:00,921.4330444335938,932.273433191636,915.1094843247357,925.0465073529411,84600
2022-12-23 09:00:00+09:00,911.4960327148438,921.4330558663436,906.9792040096166,916.012861420071,110700
2022-12-26 09:00:00+09:00,906.0758056640625,920.5296570006776,904.2690742469856,912.3993656238316,71600
2022-12-27 09:00:00+09:00,917.8195190429688,920.5296160480169,907.8824966911257,907.8824966911257,85800
2022-12-28 09:00:00+09:00,923.2398681640625,928.6600630847909,904.2691859415132,912.3994783226058,182500
2022-12-29 09:00:00+09:00,917.8195190429688,920.5296160480169,906.0757653544268,916.9161533746194,97000
2022-12-30 09:00:00+09:00,926.853271484375,934.9835633395011,923.2398084376523,929.563368769417,56100
2023-01-04 09:00:00+09:00,901.5590209960938,926.8532620661244,898.8489237385904,926.8532620661244,125200
2023-01-05 09:00:00+09:00,907.8826293945312,914.2061899972792,901.5590687917833,903.3658003925684,65700
2023-01-06 09:00:00+09:00,912.3994750976562,920.5297674500116,903.3658169283725,903.3658169283725,47200
2023-01-10 09:00:00+09:00,924.1431884765625,925.9499200278362,917.8196280471041,925.0465542521994,43900
2023-01-11 09:00:00+09:00,941.3071899414062,942.2105557666858,931.3701658633299,934.9836291644486,50200
2023-01-12 09:00:00+09:00,941.3071899414062,953.9543114953215,941.3071899414062,950.3408481942029,64400
2023-01-13 09:00:00+09:00,927.7566528320312,948.5340656997399,926.8532870551744,942.2105052617416,74500
2023-01-16 09:00:00+09:00,916.9163208007812,928.6600766336976,916.01295496748,927.7567108003964,44500
2023-01-17 09:00:00+09:00,921.4330444335938,927.7566045424517,916.9162157844095,916.9162157844095,50000
2023-01-18 09:00:00+09:00,933.1769409179688,945.824063060129,919.6264529085113,921.4331846431056,58800
2023-01-19 09:00:00+09:00,930.4667358398438,931.3701016027951,917.8196151585255,921.4330782103308,53400
2023-01-20 09:00:00+09:00,945.823974609375,948.534071957826,926.8532931702185,930.4667563014864,47700
2023-01-23 09:00:00+09:00,969.3114013671875,969.3114013671875,953.0508186788284,964.7945728426433,93200
2023-01-24 09:00:00+09:00,978.34521484375,981.9586782411415,970.2149221996191,974.7317514463584,119200
2023-01-25 09:00:00+09:00,980.15185546875,989.1855131228399,975.635026641705,980.15185546875,90800
2023-01-26 09:00:00+09:00,978.34521484375,987.3788733372287,973.8283855970105,981.9586782411415,83400
2023-01-27 09:00:00+09:00,982.8619384765625,992.7989617516013,982.8619384765625,983.7653042288388,71800
2023-01-30 09:00:00+09:00,979.2483520507812,990.08873971186,978.344986412358,985.5719115197438,59900
2023-01-31 09:00:00+09:00,981.0552368164062,992.798991953251,979.2485052568917,986.4754314949499,76400
2023-02-01 09:00:00+09:00,982.8619384765625,992.7989617516013,978.3451097151813,981.05520697201,54500
2023-02-02 09:00:00+09:00,981.0552368164062,984.6686999354354,973.828310578348,982.8619683759208,66700
2023-02-03 09:00:00+09:00,975.635009765625,987.3787645128039,975.635009765625,981.0552042643229,54200
2023-02-06 09:00:00+09:00,995.509033203125,1000.0258618474223,983.765278727952,986.4753759145304,101000
2023-02-07 09:00:00+09:00,999.1224365234375,1006.3493619232454,997.3157051734855,1001.8325335483655,70600
2023-02-08 09:00:00+09:00,997.3157348632812,1006.3493918819704,991.8955406520678,1006.3493918819704,69100
2023-02-09 09:00:00+09:00,1009.962890625,1011.7696220930233,989.1854787427326,994.6056731468024,105500
2023-02-10 09:00:00+09:00,992.7990112304688,1008.1562297845343,989.1855480412769,1008.1562297845343,178200
2023-02-13 09:00:00+09:00,921.4330444335938,953.9542107077206,921.4330444335938,938.596993300494,382500
2023-02-14 09:00:00+09:00,934.0802001953125,937.6936632521608,914.2061533826462,934.9835659595245,206100
2023-02-15 09:00:00+09:00,921.4330444335938,937.6936275706571,916.9162157844095,937.6936275706571,111100
2023-02-16 09:00:00+09:00,933.1769409179688,939.5005019890489,924.1432822449972,924.1432822449972,117900
2023-02-17 09:00:00+09:00,924.1431884765625,931.3701146816578,923.2398227009255,924.1431884765625,77700
2023-02-20 09:00:00+09:00,923.2398681640625,929.5634289049123,918.7230390634555,926.8533314445481,102800
2023-02-21 09:00:00+09:00,924.1431884765625,928.660017354747,915.1095307201933,918.7229938227409,151600
2023-02-22 09:00:00+09:00,912.3994750976562,921.4331332669399,908.7860118299427,916.9163041822981,147500
2023-02-24 09:00:00+09:00,918.7230224609375,923.2398514799195,914.2061934419555,914.2061934419555,86300
2023-02-27 09:00:00+09:00,922.33642578125,927.7566202520507,919.6263285458497,921.4330600361166,49500
2023-02-28 09:00:00+09:00,920.5297241210938,932.2734791883893,919.6263583466864,929.5633818651672,87100
2023-03-01 09:00:00+09:00,930.4667358398438,930.4667358398438,918.7229809214768,918.7229809214768,138900
2023-03-02 09:00:00+09:00,924.1431884765625,936.7903093354793,916.0128964958302,932.2734804572947,191400
2023-03-03 09:00:00+09:00,936.7903442382812,937.6937100475756,925.9499545267486,930.4667835732205,167200
2023-03-06 09:00:00+09:00,940.4037475585938,944.9205763172805,935.8869187999069,944.0172105655432,150000
2023-03-07 09:00:00+09:00,938.5969848632812,944.0171791935794,934.9835219764159,940.4037163067139,96800
2023-03-08 09:00:00+09:00,933.1769409179688,937.6937702544545,925.0466481122943,931.3702091833744,176600
2023-03-09 09:00:00+09:00,938.5969848632812,948.5340078021611,936.7902534198486,940.4037163067139,129400
2023-03-10 09:00:00+09:00,916.0128784179688,930.4667305429072,912.3994153867342,925.0465359960552,285500
2023-03-13 09:00:00+09:00,898.848876953125,902.4623397750471,891.6219513092808,902.4623397750471,272600
2023-03-14 09:00:00+09:00,881.68505859375,892.5254486584272,871.7480343677959,889.8153511422579,289600
2023-03-15 09:00:00+09:00,891.6220703125,901.5590943990628,888.9119728343464,896.1388994427558,119700
2023-03-16 09:00:00+09:00,877.168212890625,877.168212890625,860.0042622779351,869.9412863168608,166700
2023-03-17 09:00:00+09:00,881.68505859375,893.4288144971504,877.1682294001345,888.9119853035348,86600
2023-03-20 09:00:00+09:00,865.4244384765625,878.0715597069089,865.4244384765625,873.5547306960709,113200
2023-03-22 09:00:00+09:00,885.2984619140625,887.1051934689892,874.4580725845026,883.4917303591359,89000
2023-03-23 09:00:00+09:00,898.848876953125,898.848876953125,876.2647343161118,877.1681000215923,75900
2023-03-24 09:00:00+09:00,892.525390625,895.2354879649545,886.2018301651062,892.525390625,74700
2023-03-27 09:00:00+09:00,902.46240234375,906.9792311843094,894.3321104307432,899.7523050394144,74100
2023-03-28 09:00:00+09:00,899.7523803710938,915.1095997147771,899.7523803710938,910.5927704960467,84600
2023-03-29 09:00:00+09:00,911.4960327148438,911.4960327148438,902.4623753043894,903.3657410454349,97200
2023-03-30 09:00:00+09:00,921.59326171875,925.2649480204183,915.1678106908304,917.9215754170816,65400
2023-03-31 09:00:00+09:00,929.8544921875,930.7724137000247,923.4290415998272,923.4290415998272,69400
2023-04-03 09:00:00+09:00,938.1157836914062,940.8695482227901,933.5261761391,940.8695482227901,118600
2023-04-04 09:00:00+09:00,927.1007080078125,935.3620014455058,923.4290220355043,935.3620014455058,84900
2023-04-05 09:00:00+09:00,907.8244018554688,921.5932249371998,907.8244018554688,917.9215387820715,107300
2023-04-06 09:00:00+09:00,904.152587890625,910.5780377538072,897.727138027443,900.480902254521,87300
2023-04-07 09:00:00+09:00,912.4140014648438,917.9215306487362,907.8243938116001,908.7423153422488,65400
2023-04-10 09:00:00+09:00,914.2498779296875,917.0036426222468,909.6602701087553,916.0857210580604,79600
2023-04-11 09:00:00+09:00,922.5111083984375,923.4290298993315,909.6602073859219,917.0035793930737,110400
2023-04-12 09:00:00+09:00,924.3470458984375,929.8545754668493,921.5932811142316,927.1008106826433,58800
2023-04-13 09:00:00+09:00,920.67529296875,924.3469790822844,916.085685326832,921.5932144971335,47700
2023-04-14 09:00:00+09:00,924.3470458984375,928.9366538721139,920.6753595194963,927.1008106826433,79500
2023-04-17 09:00:00+09:00,927.1007080078125,929.8544724870436,921.5931790493503,927.1007080078125,61600
2023-04-18 09:00:00+09:00,936.2799072265625,940.869514614928,924.3469280168122,929.8544568828509,98500
2023-04-19 09:00:00+09:00,929.8544921875,934.4440997501233,928.0186491624506,931.6903352125494,50100
2023-04-20 09:00:00+09:00,924.3470458984375,929.8545754668493,922.511202708967,927.1008106826433,69500
2023-04-21 09:00:00+09:00,920.67529296875,924.3469790822844,917.9215283835991,923.4290575539007,51200
2023-04-24 09:00:00+09:00,919.7573852539062,923.4290714225846,916.0856990852279,920.6753067960758,64300
2023-04-25 09:00:00+09:00,913.3319091796875,928.936574964667,910.5781446293969,925.264888897613,104500
2023-04-26 09:00:00+09:00,905.988525390625,911.4960544203552,902.3168393708048,909.6602114104452,87500
2023-04-27 09:00:00+09:00,911.4960327148438,911.4960327148438,901.398896400782,903.2347393669751,58000
2023-04-28 09:00:00+09:00,917.0035400390625,920.6752258850647,912.4139327315597,918.8393829620636,84400
2023-05-01 09:00:00+09:00,926.1828002929688,926.1828002929688,917.003585225645,925.2648787862364,60000
2023-05-02 09:00:00+09:00,924.3470458984375,926.182889087908,917.0036731405552,926.182889087908,69100
2023-05-08 09:00:00+09:00,928.9365844726562,930.7724275249738,922.5111337895449,923.4290553157037,60400
2023-05-09 09:00:00+09:00,928.9365844726562,932.6082705772913,927.1007414203387,930.7724275249738,74700
2023-05-10 09:00:00+09:00,928.9365844726562,933.52619210345,926.1828198941799,928.9365844726562,54000
2023-05-11 09:00:00+09:00,920.67529296875,926.1828221390516,917.9215283835991,924.3469790822844,60900
2023-05-12 09:00:00+09:00,909.66015625,923.4289779894046,906.9063919021191,919.7572921922301,114800
2023-05-15 09:00:00+09:00,829.8010864257812,839.8982235393693,820.6218708679739,827.047321758439,435200
2023-05-16 09:00:00+09:00,825.2114868164062,835.3086240299552,817.8681142974616,835.3086240299552,237300
2023-05-17 09:00:00+09:00,818.7859497070312,827.9651643898455,816.032185302187,827.9651643898455,129800
2023-05-18 09:00:00+09:00,827.0473022460938,832.5548314508402,821.5397730413473,827.0473022460938,138900
2023-05-19 09:00:00+09:00,825.2114868164062,829.8010946407467,816.0322711677254,828.8831730758786,188500
2023-05-22 09:00:00+09:00,837.1444091796875,839.8981736835681,825.2114296628718,825.2114296628718,124300
2023-05-23 09:00:00+09:00,832.5547485351562,847.2414916184666,827.9651413216218,839.8981200768114,139400
2023-05-24 09:00:00+09:00,836.2265014648438,847.2415596619657,831.6368938827095,833.4727369155632,94800
2023-05-25 09:00:00+09:00,829.8010864257812,839.8982235393693,828.8831648700004,838.9803019835886,109700
2023-05-26 09:00:00+09:00,824.2935180664062,838.9802622635805,824.2935180664062,827.9652041156999,168300
2023-05-29 09:00:00+09:00,830.7189331054688,839.8981478359159,830.7189331054688,831.6368545785134,101600
2023-05-30 09:00:00+09:00,829.8010864257812,836.2265373162463,825.2114786468776,830.719007981562,116300
2023-05-31 09:00:00+09:00,811.4425659179688,826.1293091925022,811.4425659179688,825.2113877378438,242700
2023-06-01 09:00:00+09:00,803.1813354492188,816.0322368164062,803.1813354492188,813.2784722377231,129100
2023-06-02 09:00:00+09:00,825.2114868164062,826.1294083812744,803.1813692595723,803.1813692595723,110500
2023-06-05 09:00:00+09:00,842.6519775390625,851.8311929806645,838.9802913624217,840.8161344507421,206500
2023-06-06 09:00:00+09:00,849.9953002929688,853.6669862553573,837.1443994246085,844.4877713493858,85100
2023-06-07 09:00:00+09:00,856.4207763671875,864.6820700298936,849.9953257406385,852.7490902948738,135000
2023-06-08 09:00:00+09:00,853.6669921875,872.943343623992,852.7490706905243,862.846207157258,129100
2023-06-09 09:00:00+09:00,859.174560546875,867.4358543982872,857.3387174687834,859.174560546875,76200
2023-06-12 09:00:00+09:00,874.7791748046875,878.4508607430073,867.435802928048,868.3537244126279,101700
2023-06-13 09:00:00+09:00,899.5631103515625,903.2347965162627,881.2046795280612,884.8763656927615,233400
2023-06-14 09:00:00+09:00,909.66015625,924.3468994386983,905.0705490035318,920.6752136415238,256800
2023-06-15 09:00:00+09:00,899.5631103515625,912.4140119280133,899.5631103515625,912.4140119280133,142400
2023-06-16 09:00:00+09:00,916.085693359375,916.085693359375,900.481027240027,900.481027240027,188700
2023-06-19 09:00:00+09:00,903.2347412109375,917.0035634854944,899.5630552710555,917.0035634854944,158300
2023-06-20 09:00:00+09:00,907.8244018554688,911.496088010597,900.4810295452121,911.496088010597,101000
2023-06-21 09:00:00+09:00,898.6452026367188,905.9885750791026,897.7272810814208,903.2348104132086,82100
2023-06-22 09:00:00+09:00,891.3018188476562,905.0706420018424,890.3838973040438,905.0706420018424,79200
2023-06-23 09:00:00+09:00,879.3688354492188,895.8914231716467,876.6150708288142,892.2197370111072,122100
2023-06-26 09:00:00+09:00,889.4659423828125,890.3838638919794,868.3537476719717,879.3688057819755,143400
2023-06-27 09:00:00+09:00,888.5479736328125,890.3838165535415,880.2866804895323,890.3838165535415,65500
2023-06-28 09:00:00+09:00,904.152587890625,904.152587890625,894.0554523913389,896.8092166184169,65500
2023-06-29 09:00:00+09:00,900.4810180664062,909.6602333372157,897.7272534851635,905.9885472288919,69400
2023-06-30 09:00:00+09:00,896.8093872070312,902.3169167088145,890.3839361216176,900.4810735415534,79600
2023-07-03 09:00:00+09:00,902.31689453125,905.9885807755278,898.6452082869723,899.5631298480417,75800
2023-07-04 09:00:00+09:00,896.8093872070312,904.1527598760756,894.0556224561396,900.4810735415534,88200
2023-07-05 09:00:00+09:00,901.39892578125,903.2347688072811,892.2197106510947,892.2197106510947,45500
2023-07-06 09:00:00+09:00,892.2197265625,902.3168633857381,892.2197265625,897.7272557388117,70100
2023-07-07 09:00:00+09:00,889.4659423828125,897.7272359653153,880.2867272911426,889.4659423828125,80000
2023-07-10 09:00:00+09:00,893.1376342773438,901.3989279140303,889.4659482165941,890.3838697317815,87600
2023-07-11 09:00:00+09:00,890.3837890625,901.3988462467784,890.3837890625,899.563003382732,56700
2023-07-12 09:00:00+09:00,882.1224975585938,893.1375547601579,878.450811824739,890.3837904597668,84400
2023-07-13 09:00:00+09:00,886.712158203125,889.4659226695943,873.8612573596014,881.2046292701863,65200
2023-07-14 09:00:00+09:00,884.8762817382812,892.219653370964,879.3687530137692,892.219653370964,61900
2023-07-18 09:00:00+09:00,882.1224975585938,884.8762618589848,876.6149689578117,884.8762618589848,54100
2023-07-19 09:00:00+09:00,876.614990234375,883.0404404245746,871.1074614999181,881.204597513089,111200
2023-07-20 09:00:00+09:00,894.0556030273438,903.2348186641749,885.7943089541958,885.7943089541958,134200
2023-07-21 09:00:00+09:00,890.3837890625,898.6450819507088,882.1224961742912,894.0554747905928,76200
2023-07-24 09:00:00+09:00,900.4810180664062,901.3989395934872,892.2197243226777,899.5630965393253,57800
2023-07-25 09:00:00+09:00,898.6452026367188,905.9885750791026,894.9735164155269,905.9885750791026,67600
2023-07-26 09:00:00+09:00,895.891357421875,905.9884936223265,891.3017500580335,905.9884936223265,65200
2023-07-27 09:00:00+09:00,877.5330200195312,889.4660004172864,870.1896474670666,889.4660004172864,257300
2023-07-28 09:00:00+09:00,872.943359375,876.6150454291536,856.4207721313091,868.3537518073082,250100
2023-07-31 09:00:00+09:00,893.1376342773438,893.1376342773438,879.3688115495327,881.2046545799075,110600
2023-08-01 09:00:00+09:00,897.7271728515625,897.7271728515625,887.630036960594,894.0554870730284,59200
2023-08-02 09:00:00+09:00,892.2197265625,904.1527064445087,890.3838835037294,894.9734911506558,83700
2023-08-03 09:00:00+09:00,858.2566528320312,886.7122210007938,856.4208097243692,883.0405347854696,204600
2023-08-04 09:00:00+09:00,858.2566528320312,859.1745743858623,849.0774372937208,853.667045062876,64200
2023-08-07 09:00:00+09:00,860.0924072265625,860.0924072265625,850.9131926350304,858.2565643082561,48000
2023-08-08 09:00:00+09:00,854.5848999023438,861.0103502775494,853.6669784201715,860.0924287953771,62200
2023-08-09 09:00:00+09:00,853.6669921875,857.3386781754033,848.1594632056452,854.5849136844759,87900
2023-08-10 09:00:00+09:00,871.1074829101562,871.1074829101562,852.7490533440834,852.7490533440834,121000
2023-08-14 09:00:00+09:00,880.2868041992188,894.9735496290284,875.6971962524032,876.6151178417663,155700
2023-08-15 09:00:00+09:00,887.6300659179688,891.3017518162851,878.450851172178,882.1225370704943,68800
2023-08-16 09:00:00+09:00,872.0254516601562,884.8763530530427,872.0254516601562,883.9584315249795,97400
2023-08-17 09:00:00+09:00,858.2566528320312,869.2717114780038,842.6519864169034,869.2717114780038,147100
2023-08-18 09:00:00+09:00,847.2415771484375,861.0104001790188,846.3236556130654,849.0774202191817,65200
2023-08-21 09:00:00+09:00,847.2415771484375,852.74910636067,844.4878125423212,844.4878125423212,40100
2023-08-22 09:00:00+09:00,848.1594848632812,854.5849355061849,843.5698772612072,853.6670139857702,50600
2023-08-23 09:00:00+09:00,864.6820678710938,866.5179109026673,844.4877945237859,848.1594805869328,73300
2023-08-24 09:00:00+09:00,861.9283447265625,863.764187846321,850.9132860080122,863.764187846321,97800
2023-08-25 09:00:00+09:00,866.5180053710938,871.1076134503899,858.2567108283608,858.2567108283608,60200
2023-08-28 09:00:00+09:00,878.4508056640625,883.0404127991934,872.0253556748792,872.0253556748792,48000
2023-08-29 09:00:00+09:00,878.4508056640625,882.1224913721672,874.7791199559578,876.6149628100102,50700
2023-08-30 09:00:00+09:00,876.614990234375,883.0404404245746,874.7791473228893,882.1225189688319,52600
2023-08-31 09:00:00+09:00,879.3688354492188,883.9584431498932,874.7792277485444,877.5329923689491,53000
2023-09-01 09:00:00+09:00,883.04052734375,885.7942919820362,876.6150765210824,876.6150765210824,49400
2023-09-04 09:00:00+09:00,898.6452026367188,898.6452026367188,885.7943008625471,885.7943008625471,77800
2023-09-05 09:00:00+09:00,900.4810180664062,904.15270417473,894.9734889039206,903.2347826476491,69100
2023-09-06 09:00:00+09:00,903.2347412109375,910.5781130907012,899.5630552710555,899.5630552710555,69200
2023-09-07 09:00:00+09:00,892.2197265625,903.2347849151234,889.465961974344,901.3989418563528,79800
2023-09-08 09:00:00+09:00,881.20458984375,894.9734115600586,880.2866683959961,891.301725769043,73500
2023-09-11 09:00:00+09:00,882.1224975585938,889.4658690263032,875.697047524348,884.8762618589848,69600
2023-09-12 09:00:00+09:00,889.4659423828125,891.3017854011464,881.2046488003095,886.7121778553114,68200
2023-09-13 09:00:00+09:00,885.7943115234375,888.5480762224742,882.1226252580555,887.6301546561286,45800
2023-09-14 09:00:00+09:00,888.5479736328125,891.301738013906,883.9583663309902,885.794209251719,39400
2023-09-15 09:00:00+09:00,893.1376342773438,898.6451633684682,891.301791246969,894.9734773077186,78400
2023-09-19 09:00:00+09:00,899.5631103515625,899.5631103515625,890.3838949398119,894.9735026456872,55600
2023-09-20 09:00:00+09:00,893.1376342773438,904.1526924595926,893.1376342773438,900.481006398843,71600
2023-09-21 09:00:00+09:00,888.5479736328125,898.6451096968218,888.5479736328125,891.301738013906,58700
2023-09-22 09:00:00+09:00,890.3837890625,895.8913176546391,878.4508104461985,883.0404176063145,73300
2023-09-25 09:00:00+09:00,892.2197265625,894.9734911506558,890.3838835037294,894.9734911506558,40700
2023-09-26 09:00:00+09:00,882.1224975585938,892.2196333266942,876.6149689578117,892.2196333266942,79500
2023-09-27 09:00:00+09:00,892.2197265625,893.1376480918852,874.7792175041795,876.61506056295,64700
2023-09-28 09:00:00+09:00,893.1489868164062,899.654754670428,887.572614370102,898.7253592627106,67300
2023-09-29 09:00:00+09:00,885.7139282226562,897.7960699507722,881.0669506349193,897.7960699507722,66500
2023-10-02 09:00:00+09:00,882.9257202148438,900.5842346191406,882.9257202148438,887.5726976896588,62200
2023-10-03 09:00:00+09:00,856.9026489257812,880.1375363695389,855.973253428031,880.1375363695389,96500
2023-10-04 09:00:00+09:00,831.8089599609375,848.5380787087553,827.1619825309881,848.5380787087553,170600
2023-10-05 09:00:00+09:00,851.3263549804688,852.2557505645085,841.1030035560308,845.7499814762299,64500
2023-10-06 09:00:00+09:00,856.9026489257812,858.7614399212819,847.6086939482782,847.6086939482782,31000
2023-10-10 09:00:00+09:00,880.1375732421875,882.9257598522472,868.9848268019485,869.9142223386352,91800
2023-10-11 09:00:00+09:00,876.419921875,883.8550855812566,874.5611309484358,881.9962946546924,52100
2023-10-12 09:00:00+09:00,891.2903442382812,892.2197398005735,873.6318285547283,875.4906196793128,73200
2023-10-13 09:00:00+09:00,878.2787475585938,897.7960530598958,875.4905610584078,895.9372620597719,56300
2023-10-16 09:00:00+09:00,868.055419921875,879.2081662163745,864.3378378237086,864.3378378237086,61200
2023-10-17 09:00:00+09:00,877.3494262695312,887.5727776349602,868.9848660614531,868.9848660614531,42200
2023-10-18 09:00:00+09:00,876.419921875,883.8550855812566,869.9141536320254,876.419921875,43800
2023-10-19 09:00:00+09:00,870.8435668945312,879.2081262350337,868.0553804476971,874.5611488236434,24900
2023-10-20 09:00:00+09:00,870.8435668945312,875.4905443059215,866.196589483141,869.9141714122532,33300
2023-10-23 09:00:00+09:00,865.2671508789062,876.4198961104281,865.2671508789062,870.8435234946671,62500
2023-10-24 09:00:00+09:00,872.702392578125,876.4199746551351,849.4675045968118,866.1966239433573,86200
2023-10-25 09:00:00+09:00,865.2671508789062,879.2080824183085,862.4789645710257,878.2786869823484,70800
2023-10-26 09:00:00+09:00,844.820556640625,868.9848409889817,843.8911610887651,865.2672587815422,71600
2023-10-27 09:00:00+09:00,867.1259765625,867.1259765625,855.0438354099678,857.8320218297829,60600
2023-10-30 09:00:00+09:00,854.114501953125,865.2672484421755,853.1851064123707,855.9732930346333,296600
2023-10-31 09:00:00+09:00,856.9026489257812,857.8320444235316,824.3738065045205,846.6792984505279,121200
2023-11-01 09:00:00+09:00,901.5136108398438,905.2311927402143,877.3493284874356,882.9257013379913,256300
2023-11-02 09:00:00+09:00,910.8076171875,910.8076171875,900.5842663823341,904.3018484933035,128200
2023-11-06 09:00:00+09:00,921.0308837890625,921.9602792318365,900.5841840480339,912.6663248040962,136000
2023-11-07 09:00:00+09:00,925.6780395507812,927.5368307948592,913.595896464275,918.2428745744697,88300
2023-11-08 09:00:00+09:00,903.3724975585938,919.172222310133,895.0079373960142,918.2428267365129,68300
2023-11-09 09:00:00+09:00,908.0194702148438,908.0194702148438,896.8667233954188,900.5843056685605,46400
2023-11-10 09:00:00+09:00,905.2312622070312,905.2312622070312,895.0079111964795,900.5842844749623,53700
2023-11-13 09:00:00+09:00,918.2427368164062,923.8191097120525,905.2312000598985,905.2312000598985,87500
2023-11-14 09:00:00+09:00,907.0900268554688,915.4545865293409,903.3724447781922,911.7370044520644,66000
2023-11-15 09:00:00+09:00,921.9603271484375,922.8897226395145,908.0193947822817,908.0193947822817,80100
2023-11-16 09:00:00+09:00,914.5252075195312,925.6779539526963,909.8782298390458,918.2427896639196,40400
2023-11-17 09:00:00+09:00,910.8076171875,910.8076171875,901.5136619100765,905.2312440210459,52100
2023-11-20 09:00:00+09:00,899.6548461914062,912.6663832231002,899.6548461914062,907.0900102095171,62100
2023-11-21 09:00:00+09:00,905.2312622070312,908.0194488462726,897.7960978357208,897.7960978357208,47800
2023-11-22 09:00:00+09:00,909.878173828125,909.878173828125,902.4430099970474,904.3018009548167,54300
2023-11-24 09:00:00+09:00,914.5252075195312,919.1721852000167,910.807625375143,914.5252075195312,67400
2023-11-27 09:00:00+09:00,910.8076171875,916.383990353954,903.3724529655611,914.5251992984694,41600
2023-11-28 09:00:00+09:00,910.8076171875,912.6664082429846,902.4430574378189,912.6664082429846,32100
2023-11-29 09:00:00+09:00,907.0900268554688,908.0194223747878,898.7254671815965,901.513653739554,44400
2023-11-30 09:00:00+09:00,924.7485961914062,924.7485961914062,908.0194758582953,909.8782670064188,128200
2023-12-01 09:00:00+09:00,912.6663818359375,925.6779188478552,912.6663818359375,923.8191278461527,62200
2023-12-04 09:00:00+09:00,902.4430541992188,909.878218394475,899.6548676259978,909.878218394475,48600
2023-12-05 09:00:00+09:00,885.7139282226562,903.3724430560566,882.9257416700141,899.654860985867,53200
2023-12-06 09:00:00+09:00,900.584228515625,902.4430194929535,888.5020871629903,888.5020871629903,45500
2023-12-07 09:00:00+09:00,891.2903442382812,899.6549042989116,888.5021575514045,899.6549042989116,67400
2023-12-08 09:00:00+09:00,884.7844848632812,892.2196486016281,877.3493211249344,891.2902531343348,81400
2023-12-11 09:00:00+09:00,888.5021362304688,890.3609273104488,881.0669719105485,885.7139496104987,78800
2023-12-12 09:00:00+09:00,879.2081298828125,891.2902712025552,874.5611524521423,890.3608757164212,78200
2023-12-13 09:00:00+09:00,876.419921875,889.431458360949,873.6317354851537,884.7844810445387,59900
2023-12-14 09:00:00+09:00,884.7844848632812,890.3608576670414,880.1375075268144,882.9256939286945,88000
2023-12-15 09:00:00+09:00,890.3609619140625,892.2197530662839,877.3494238485125,885.713984033509,49800
2023-12-18 09:00:00+09:00,877.3494262695312,884.7845908989341,863.408492589401,884.7845908989341,35300
2023-12-19 09:00:00+09:00,875.4905395507812,879.2081214597017,870.8435621646306,875.4905395507812,47200
2023-12-20 09:00:00+09:00,881.996337890625,884.7845244171497,878.2787558552589,881.996337890625,43300
2023-12-21 09:00:00+09:00,876.419921875,882.9256901179746,875.490526411718,880.1375037281283,47500
2023-12-22 09:00:00+09:00,878.2787475585938,881.9963295588418,872.7023745582218,879.2081430586558,70700
2023-12-25 09:00:00+09:00,862.4790649414062,880.1375802796463,859.6908783090527,880.1375802796463,79200
2023-12-26 09:00:00+09:00,868.055419921875,873.6317930691248,861.5496512500837,861.5496512500837,87400
2023-12-27 09:00:00+09:00,893.1489868164062,895.9371730395584,872.7022878466238,873.6316832543412,115100
2023-12-28 09:00:00+09:00,914.5252075195312,914.5252075195312,891.2903191171041,895.0079012614924,55200
2023-12-29 09:00:00+09:00,918.2427368164062,920.1015277816217,912.6663639207601,919.1721322990139,47600
2024-01-04 09:00:00+09:00,917.3134155273438,921.0309977584576,901.5136910451099,911.737042180673,46500
2024-01-05 09:00:00+09:00,922.8897705078125,927.5367482042265,914.5252106542674,923.8191660470953,71200
2024-01-09 09:00:00+09:00,923.8191528320312,927.5367349359831,917.3133841501156,927.5367349359831,56300
2024-01-10 09:00:00+09:00,931.2543334960938,934.9719156657388,924.7485646992149,924.7485646992149,103700
2024-01-11 09:00:00+09:00,941.4776611328125,945.1952432103359,934.9718924971464,935.9012880165274,114900
2024-01-12 09:00:00+09:00,921.9603271484375,942.4070279521326,921.9603271484375,940.5482369699786,73500
2024-01-15 09:00:00+09:00,920.1015625,921.0309580176768,914.5251893939394,920.1015625,16400
2024-01-16 09:00:00+09:00,910.8076171875,923.8191545758929,910.8076171875,921.9603635204081,38000
2024-01-17 09:00:00+09:00,895.0078735351562,917.3133657104872,895.0078735351562,913.5957836812654,55400
2024-01-18 09:00:00+09:00,895.0078735351562,902.4430375935999,889.4315004913235,890.360895998629,38500
2024-01-19 09:00:00+09:00,895.0078735351562,901.5136420862945,894.0784780278508,895.9372690424617,36600
2024-01-22 09:00:00+09:00,908.0194702148438,908.0194702148438,896.8667233954188,896.8667233954188,32800
2024-01-23 09:00:00+09:00,907.0900268554688,910.8076089327452,900.5842582202348,908.9488178941069,53700
2024-01-24 09:00:00+09:00,896.8667602539062,907.0901119251943,896.8667602539062,901.5137382863098,56200
2024-01-25 09:00:00+09:00,922.8897705078125,924.7485615863781,896.8666954078943,899.6548820257427,74600
2024-01-26 09:00:00+09:00,913.5958251953125,922.8897806906871,913.5958251953125,921.9603851411496,39900
2024-01-29 09:00:00+09:00,925.6780395507812,925.6780395507812,917.3134789524308,920.1016658185476,32600
2024-01-30 09:00:00+09:00,918.2427368164062,926.6072961598755,915.4545503685832,925.6779006772679,37900
2024-01-31 09:00:00+09:00,913.5958251953125,918.2428029429998,907.0900563485504,918.2428029429998,72100
2024-02-01 09:00:00+09:00,898.7254638671875,910.8076055737785,896.8666728354043,909.8782100578868,45500
2024-02-02 09:00:00+09:00,907.0900268554688,911.7370044520644,894.078489585001,898.7254671815965,51600
2024-02-05 09:00:00+09:00,917.3134155273438,918.2428110851223,908.9488555073376,918.2428110851223,42100
2024-02-06 09:00:00+09:00,900.584228515625,918.2427428002452,900.584228515625,918.2427428002452,47800
2024-02-07 09:00:00+09:00,902.4430541992188,908.9488228700679,899.6548676259978,899.6548676259978,40300
2024-02-08 09:00:00+09:00,905.2312622070312,907.0900532998588,895.0079111964795,899.6548889285484,49900
2024-02-09 09:00:00+09:00,900.584228515625,902.4430194929535,895.0078555836398,895.937251072304,44900
2024-02-13 09:00:00+09:00,855.9732666015625,879.2081544029078,849.4674980171858,877.3493633788001,181700
2024-02-14 09:00:00+09:00,845.75,856.9027472527473,842.0324175824176,854.1145604395605,98700
2024-02-15 09:00:00+09:00,851.3263549804688,854.1145417325882,842.0323991400707,853.1851461485484,57100
2024-02-16 09:00:00+09:00,852.2557373046875,855.0439240134269,845.7499683176288,848.5381550263683,68900
2024-02-19 09:00:00+09:00,861.5496826171875,861.5496826171875,848.5381447998836,852.255727033399,51100
2024-02-20 09:00:00+09:00,857.8320922851562,864.3378611323893,856.9026967355516,856.9026967355516,34300
2024-02-21 09:00:00+09:00,855.0439453125,864.3379012398098,853.185154127038,864.3379012398098,37900
2024-02-22 09:00:00+09:00,863.4085083007812,865.2672994919562,857.8321347272563,863.4085083007812,50300
2024-02-26 09:00:00+09:00,865.2671508789062,870.8435234946671,863.408360006986,869.914128058707,40400
2024-02-27 09:00:00+09:00,868.98486328125,871.7730500083557,863.4084898270388,865.2672809784425,28200
2024-02-28 09:00:00+09:00,880.1375732421875,881.0669687788741,868.9848268019485,868.9848268019485,70400
2024-02-29 09:00:00+09:00,868.055419921875,881.9963527899994,866.1966288727918,879.2081662163745,53900
2024-03-01 09:00:00+09:00,868.055419921875,872.7023975445832,867.1260243973335,871.7730020200415,29900
2024-03-04 09:00:00+09:00,857.8320922851562,869.9142344300177,857.8320922851562,868.9848388804129,54300
2024-03-05 09:00:00+09:00,865.2671508789062,870.8435234946671,857.831987391225,863.408360006986,48500
2024-03-06 09:00:00+09:00,879.2081298828125,881.9963163412147,865.2671975908017,865.2671975908017,50400
2024-03-07 09:00:00+09:00,879.2081298828125,889.4314802302871,877.3493389105445,886.6432937718849,48700
2024-03-08 09:00:00+09:00,884.7844848632812,888.5020667324546,874.5611347230542,874.5611347230542,61600
2024-03-11 09:00:00+09:00,868.98486328125,879.2082146139707,857.8321163728276,879.2082146139707,46700
2024-03-12 09:00:00+09:00,868.055419921875,869.9142109709583,856.9026736273756,865.2672333482502,28800
2024-03-13 09:00:00+09:00,862.4790649414062,873.631811470821,856.902691676699,868.0554382061136,46100
2024-03-14 09:00:00+09:00,876.419921875,876.419921875,862.4789899257688,868.9847581687434,41100
2024-03-15 09:00:00+09:00,879.2081298828125,881.9963163412147,875.4905479382763,876.4199434244103,37600
2024-03-18 09:00:00+09:00,887.5726928710938,887.5726928710938,880.1375289517547,886.6432973811764,24900
2024-03-19 09:00:00+09:00,891.2903442382812,891.2903442382812,883.8551797399431,886.6433664268199,32700
2024-03-21 09:00:00+09:00,893.1489868164062,897.7959638549933,891.2901960009715,895.9371730395584,41400
2024-03-22 09:00:00+09:00,896.8667602539062,897.796155860387,890.3609910085411,897.796155860387,37200
2024-03-25 09:00:00+09:00,886.643310546875,897.7960565914898,886.643310546875,896.866661087772,36200
2024-03-26 09:00:00+09:00,883.8551635742188,889.4315368459804,880.1375813930443,889.4315368459804,40300
2024-03-27 09:00:00+09:00,896.8667602539062,898.7255514668677,887.5728041890989,889.4315954020603,49000
2024-03-28 09:00:00+09:00,895.923583984375,906.2974360094572,892.1512741570724,903.4682036389803,51300
2024-03-29 09:00:00+09:00,908.18359375,908.18359375,895.923586773105,898.7528191523884,16100
2024-04-01 09:00:00+09:00,895.923583984375,910.0697458367599,893.0943516138981,907.2405134662829,50100
2024-04-02 09:00:00+09:00,892.1512451171875,898.7527871000842,890.2650902649312,896.8666322478281,35200
2024-04-03 09:00:00+09:00,895.923583984375,905.3543585526315,885.5497319592928,888.3789643297697,50500
2024-04-04 09:00:00+09:00,908.18359375,909.1266712097612,900.6389740719108,904.4112839109554,46500
2024-04-05 09:00:00+09:00,900.6389770507812,903.4682094394224,891.2082024219773,901.5820545136617,42100
2024-04-08 09:00:00+09:00,910.06982421875,910.06982421875,895.9236611479922,901.5821263762953,39800
2024-04-09 09:00:00+09:00,914.7850952148438,914.7850952148438,904.4112436196239,909.1266307083602,39200
2024-04-10 09:00:00+09:00,910.06982421875,921.3867546753562,910.06982421875,913.8421343709521,34100
2024-04-11 09:00:00+09:00,914.7850952148438,916.6712500503382,904.4112436196239,907.2404758728657,21300
2024-04-12 09:00:00+09:00,911.0128784179688,914.7851884735296,909.1267233901882,910.0698009040784,32300
2024-04-15 09:00:00+09:00,911.9559326171875,913.8420875967473,905.354390188728,908.1836226580677,20100
2024-04-16 09:00:00+09:00,895.923583984375,905.3543585526315,893.0943516138981,905.3543585526315,47500
2024-04-17 09:00:00+09:00,885.5497436523438,898.7528282222403,883.6635887137871,898.7528282222403,35900
2024-04-18 09:00:00+09:00,895.923583984375,898.752816354852,881.7774221319902,881.7774221319902,31200
2024-04-19 09:00:00+09:00,878.0050659179688,894.0373818369865,872.3466014759625,888.3789173949802,49300
2024-04-22 09:00:00+09:00,884.606689453125,895.9236193821629,878.0051469945196,888.3789994294709,35500
2024-04-23 09:00:00+09:00,886.4927368164062,892.1512010939578,884.6065820572223,892.1512010939578,21500
2024-04-24 09:00:00+09:00,888.3789672851562,888.3789672851562,881.7774250654152,886.4928123652302,37200
2024-04-25 09:00:00+09:00,877.0620727539062,887.4359252273395,877.0620727539062,887.4359252273395,27900
2024-04-26 09:00:00+09:00,886.4927368164062,886.4927368164062,869.5173439837516,882.7204272980385,35900
2024-04-30 09:00:00+09:00,895.923583984375,897.8097388980264,887.4358868729441,892.1512741570724,29100
2024-05-01 09:00:00+09:00,857.2574462890625,865.745143777073,854.428213793059,860.0866787850659,125800
2024-05-02 09:00:00+09:00,853.485107421875,859.143572222462,848.7697200880525,859.143572222462,101100
2024-05-07 09:00:00+09:00,857.2574462890625,860.0866787850659,852.5420587957233,856.3143687903946,34500
2024-05-08 09:00:00+09:00,854.42822265625,860.0866877069537,854.42822265625,858.2005326900525,26900
2024-05-09 09:00:00+09:00,857.2574462890625,861.0297562837338,850.6559037983876,853.4851362943912,49200
2024-05-10 09:00:00+09:00,856.3143310546875,861.9727957973396,854.4281761404701,861.9727957973396,27100
2024-05-13 09:00:00+09:00,854.42822265625,861.0297652154043,850.6559126224477,858.2005326900525,38900
2024-05-14 09:00:00+09:00,840.2820434570312,854.4282058047927,837.452810987479,849.7128183555388,102800
2024-05-15 09:00:00+09:00,834.62353515625,843.1112321239407,834.62353515625,843.1112321239407,57400
2024-05-16 09:00:00+09:00,821.4205322265625,834.6236177043718,820.4774546924333,834.6236177043718,70100
2024-05-17 09:00:00+09:00,818.59130859375,824.2497738605271,815.7620759603615,817.6482310492871,42500
2024-05-20 09:00:00+09:00,833.680419921875,835.5665747180783,820.4773363484517,820.4773363484517,31400
2024-05-21 09:00:00+09:00,829.908203125,837.4528231534091,828.0220481178977,837.4528231534091,38000
2024-05-22 09:00:00+09:00,824.2496948242188,830.8512370024448,823.3066173701865,829.9081595484125,28500
2024-05-23 09:00:00+09:00,826.1358642578125,826.1358642578125,814.8189346104452,820.4773994341289,31800
2024-05-24 09:00:00+09:00,816.705078125,822.3635428695151,812.9327682953233,818.5912330398384,28300
2024-05-27 09:00:00+09:00,811.046630859375,815.7620182480923,808.2173984261447,815.7620182480923,37100
2024-05-28 09:00:00+09:00,811.9896850585938,820.4773821149554,811.9896850585938,813.8758399600074,24200
2024-05-29 09:00:00+09:00,794.0712280273438,811.0466224507312,794.0712280273438,811.0466224507312,60500
2024-05-30 09:00:00+09:00,799.7296752929688,801.6158301875276,784.6404361364977,792.1850557147333,43500
2024-05-31 09:00:00+09:00,809.1604614257812,812.9327712692581,801.6158417388276,802.5589191996968,32100
2024-06-03 09:00:00+09:00,811.046630859375,813.8758632926053,808.2173984261447,809.160475903888,15700
2024-06-04 09:00:00+09:00,808.2174072265625,813.8758721546365,808.2174072265625,811.0466396905995,27600
2024-06-05 09:00:00+09:00,798.78662109375,808.2173958410198,798.78662109375,808.2173958410198,27500
2024-06-06 09:00:00+09:00,790.2989501953125,806.3312678007067,790.2989501953125,806.3312678007067,30900
2024-06-07 09:00:00+09:00,786.526611328125,792.1850761578237,786.526611328125,790.2989212145908,24500
2024-06-10 09:00:00+09:00,782.7543334960938,785.5835660268025,781.8112559858574,785.5835660268025,55600
2024-06-11 09:00:00+09:00,782.7543334960938,790.2989535779838,782.7543334960938,787.469721047275,49500
2024-06-12 09:00:00+09:00,774.2666015625,782.7542987781669,773.3235240940926,782.7542987781669,56800
2024-06-13 09:00:00+09:00,761.0635375976562,775.2097000065346,758.2343051158805,774.2666225126094,102500
2024-06-14 09:00:00+09:00,771.4373168945312,772.3803942990478,754.4619236132335,754.4619236132335,94000
2024-06-17 09:00:00+09:00,753.5189208984375,770.4943158623572,744.088145918482,770.4943158623572,97400
2024-06-18 09:00:00+09:00,763.8927612304688,764.8358387134693,745.0312115704571,759.1773738154659,134400
2024-06-19 09:00:00+09:00,783.6973266601562,787.4696362951029,761.0634688504766,763.8927010766866,61800
2024-06-20 09:00:00+09:00,782.7543334960938,787.469721047275,771.4374033732587,787.469721047275,54100
2024-06-21 09:00:00+09:00,775.2096557617188,791.2419722434088,775.2096557617188,786.5265850429117,67900
2024-06-24 09:00:00+09:00,781.8112182617188,781.8112182617188,771.4373661496815,776.1527534733348,51600
2024-06-25 09:00:00+09:00,793.128173828125,796.9004838106607,783.6973988717858,786.5266313586876,71400
2024-06-26 09:00:00+09:00,791.241943359375,795.9573303877384,788.412711142357,790.2988659537024,35400
2024-06-27 09:00:00+09:00,799.7296752929688,799.7296752929688,790.2989008201744,791.2419782674538,48100
2024-06-28 09:00:00+09:00,797.8434448242188,800.6726768980635,792.1849806765292,800.6726768980635,26300
2024-07-01 09:00:00+09:00,810.1035766601562,812.9328091746853,801.6158791165691,801.6158791165691,69900
2024-07-02 09:00:00+09:00,817.6481323242188,821.4204420465911,811.046590310067,818.5912097548119,60100
2024-07-03 09:00:00+09:00,812.9328002929688,820.477420249284,812.9328002929688,816.7051102711264,46500
2024-07-04 09:00:00+09:00,825.1928100585938,827.0789650530135,812.9328025948661,813.8758800920759,53900
2024-07-05 09:00:00+09:00,811.046630859375,826.1358705032703,811.046630859375,826.1358705032703,31500
2024-07-08 09:00:00+09:00,809.1604614257812,815.7620036518657,805.3881515823044,815.7620036518657,44300
2024-07-09 09:00:00+09:00,804.4451293945312,817.6482147538787,804.4451293945312,811.0466720742049,69200
2024-07-10 09:00:00+09:00,793.128173828125,808.2174137582676,793.128173828125,804.445103775732,73400
2024-07-11 09:00:00+09:00,819.5343017578125,824.2496889946239,800.6727528105671,801.6158302579294,130300
2024-07-12 09:00:00+09:00,827.0789184570312,831.7943056774249,811.9896793517719,812.9327567958505,47500
2024-07-16 09:00:00+09:00,821.4205322265625,827.0789974313379,821.4205322265625,827.0789974313379,39800
2024-07-17 09:00:00+09:00,837.4527587890625,837.4527587890625,825.1927521851686,827.0789070473061,38500
2024-07-18 09:00:00+09:00,832.7374267578125,839.3389692122912,831.7943492643155,831.7943492643155,37300
2024-07-19 09:00:00+09:00,830.8512573242188,835.5666447097137,823.3066375074268,835.5666447097137,47900
2024-07-22 09:00:00+09:00,822.3635864257812,837.4528265436854,821.4205089184122,837.4528265436854,46800
2024-07-23 09:00:00+09:00,829.908203125,835.5666681463068,826.1358931107955,826.1358931107955,32500
2024-07-24 09:00:00+09:00,812.9328002929688,832.7374276782963,810.1035678093506,828.0220402055993,69800
2024-07-25 09:00:00+09:00,795.0143432617188,807.2743509276764,794.0712657489528,807.2743509276764,70200
2024-07-26 09:00:00+09:00,800.6727294921875,809.1604262712566,795.0142649728081,795.0142649728081,33700
2024-07-29 09:00:00+09:00,815.7620239257812,816.7051014100886,800.6727841768651,803.5020166297869,35000
2024-07-30 09:00:00+09:00,799.7296752929688,810.1035272130426,796.9004429511305,809.1604497657632,48300
2024-07-31 09:00:00+09:00,815.7620239257812,815.7620239257812,791.2420093337925,796.9004742396361,42800
2024-08-01 09:00:00+09:00,780.8681030273438,803.5019610861073,778.9819481891134,803.5019610861073,50800
2024-08-02 09:00:00+09:00,740.3158569335938,760.1204849534734,740.3158569335938,758.234329903961,85200
2024-08-05 09:00:00+09:00,656.3818969726562,699.7634591288951,638.4634256472533,695.9911493761787,152200
2024-08-06 09:00:00+09:00,712.0234375,740.3157595198676,657.3249482615894,657.3249482615894,153600
2024-08-07 09:00:00+09:00,722.3973388671875,739.3727332531006,697.877324754202,697.877324754202,63900
2024-08-08 09:00:00+09:00,711.0804443359375,726.1696845340476,709.1942893111737,721.4542969721382,45000
2024-08-09 09:00:00+09:00,751.6326904296875,761.0634644626823,732.7711423636979,732.7711423636979,89000
2024-08-13 09:00:00+09:00,753.5189208984375,753.5189208984375,738.4296809305089,746.9173784124687,45000
2024-08-14 09:00:00+09:00,754.4619750976562,754.4619750976562,743.1450454711915,749.7465877532959,27900
2024-08-15 09:00:00+09:00,751.6326904296875,756.3480774461849,748.803458219789,749.7465356230886,42600
2024-08-16 09:00:00+09:00,766.7220458984375,768.6082009928987,760.1205030678237,762.9497357095154,28800
2024-08-19 09:00:00+09:00,752.5758666992188,771.4374172430588,752.5758666992188,766.7220296070988,26400
2024-08-20 09:00:00+09:00,767.6651000976562,772.3804876903937,752.5758598008964,752.5758598008964,31300
2024-08-21 09:00:00+09:00,762.0065307617188,764.8357629303885,746.9172925288134,763.892685540832,57300
2024-08-22 09:00:00+09:00,773.3235473632812,773.3235473632812,762.949694898652,765.7789273890054,23300
2024-08-23 09:00:00+09:00,770.4942626953125,778.0388821586693,768.6081078294733,775.2096498599104,30400
2024-08-26 09:00:00+09:00,779.925048828125,784.6404360640871,769.5511969090085,771.4373518033933,29500
2024-08-27 09:00:00+09:00,788.4127197265625,790.2988745584443,776.1527133193313,776.1527133193313,27400
2024-08-28 09:00:00+09:00,787.4696655273438,791.241975302325,777.0958136461452,788.4127429710891,25700
2024-08-29 09:00:00+09:00,789.3558349609375,796.9004546499309,783.6973701941923,789.3558349609375,30600
2024-08-30 09:00:00+09:00,798.78662109375,798.78662109375,790.2989238212072,792.1850787706611,18800
2024-09-02 09:00:00+09:00,796.9004516601562,804.4450713208441,793.1281418298123,804.4450713208441,25200
2024-09-03 09:00:00+09:00,808.2174072265625,808.2174072265625,801.6158648104762,801.6158648104762,34500
2024-09-04 09:00:00+09:00,783.6973266601562,795.0142555649961,778.981939616473,779.9250170252096,51900
2024-09-05 09:00:00+09:00,778.0388793945312,787.4696536902226,770.4942599579782,776.152724535393,34900
2024-09-06 09:00:00+09:00,772.3804321289062,786.526593889509,763.8927350725446,785.5835164388021,40000
2024-09-09 09:00:00+09:00,768.608154296875,769.5512317868098,750.6896819881135,758.2343019075921,33200
2024-09-10 09:00:00+09:00,762.9496459960938,772.380420359457,761.063491123421,772.380420359457,20200
2024-09-11 09:00:00+09:00,745.0311889648438,758.2342733262461,741.2588791473003,757.2911958718602,51300
2024-09-12 09:00:00+09:00,765.7789306640625,768.608163166516,757.2912331567022,764.8358531632447,33500
2024-09-13 09:00:00+09:00,757.2911987304688,766.7219733099266,756.3481212725229,762.9496634781435,33400
2024-09-17 09:00:00+09:00,760.1204833984375,768.6081811038791,748.8035531245154,768.6081811038791,36800
2024-09-18 09:00:00+09:00,761.0635375976562,762.9496925855067,753.5189176462544,760.120460103731,29200
2024-09-19 09:00:00+09:00,768.608154296875,769.5512317868098,762.9496893572662,766.7219993170054,31800
2024-09-20 09:00:00+09:00,781.8112182617188,783.6973731911801,773.3235210791428,778.0389084027961,48800
2024-09-24 09:00:00+09:00,781.8112182617188,785.5835281206414,778.0389084027961,785.5835281206414,24900
2024-09-25 09:00:00+09:00,790.2989501953125,790.2989501953125,777.0958651085173,788.4127951829132,27100
2024-09-26 09:00:00+09:00,797.8434448242188,804.4449863298565,787.469593886788,792.1849806765292,72500
2024-09-27 09:00:00+09:00,803.5833740234375,807.4099615187872,796.8868459065756,803.5833740234375,45100
2024-09-30 09:00:00+09:00,790.1903686523438,799.7568380064884,782.5371931690281,783.4938401044426,59500
2024-10-01 09:00:00+09:00,801.670166015625,802.6268129917772,792.103696254102,792.103696254102,16300
2024-10-02 09:00:00+09:00,802.6267700195312,811.2365923439362,796.886888469928,798.8001823197957,33900
2024-10-03 09:00:00+09:00,803.5833740234375,815.0631365094866,796.8868459065756,815.0631365094866,47300
2024-10-04 09:00:00+09:00,801.670166015625,808.366694848691,795.9302841587112,801.670166015625,21000
2024-10-07 09:00:00+09:00,808.36669921875,816.0198750693418,804.5401112934542,814.1065811066939,37500
2024-10-08 09:00:00+09:00,781.58056640625,798.8002116881503,780.6239194461444,798.8002116881503,35000
2024-10-09 09:00:00+09:00,780.6238403320312,786.3637215109433,775.8406060162713,785.4070746477912,16200
2024-10-10 09:00:00+09:00,780.6238403320312,786.3637215109433,776.7972528794232,786.3637215109433,12900
2024-10-11 09:00:00+09:00,767.2308349609375,782.5371857831009,762.4476003290115,782.5371857831009,100200
2024-10-15 09:00:00+09:00,772.01416015625,776.7973953492875,760.5343956929601,772.9708071948575,35100
2024-10-16 09:00:00+09:00,771.0574340820312,778.7106096064186,766.2741993792891,770.1007871414829,25300
2024-10-17 09:00:00+09:00,767.2308349609375,774.8840103720191,767.2308349609375,771.0574226664784,14400
2024-10-18 09:00:00+09:00,770.100830078125,770.100830078125,764.3609481148098,769.1441830842391,14500
2024-10-21 09:00:00+09:00,765.3175659179688,771.0574476623535,763.4042720031739,771.0574476623535,15100
2024-10-22 09:00:00+09:00,751.9244995117188,771.057438430592,751.9244995117188,771.057438430592,70300
2024-10-23 09:00:00+09:00,749.0546264648438,756.7078027250209,749.0546264648438,754.7945086599766,19700
2024-10-24 09:00:00+09:00,747.1412963867188,750.0112373459507,737.5748265226122,747.1412963867188,31800
2024-10-25 09:00:00+09:00,733.7481689453125,745.2279316928272,729.9215813628076,745.2279316928272,33600
2024-10-28 09:00:00+09:00,749.0546264648438,749.0546264648438,728.9650387818785,733.7482739444893,26800
2024-10-29 09:00:00+09:00,749.0546264648438,754.7945086599766,746.1846853672772,748.0979794323216,36500
2024-10-30 09:00:00+09:00,747.1412963867188,754.7944722780039,745.2280024138975,754.7944722780039,56500
2024-10-31 09:00:00+09:00,754.7944946289062,758.6210826878614,747.1413185109959,750.9679065699511,28100
2024-11-01 09:00:00+09:00,742.3580322265625,747.1412669702903,741.4013852778169,747.1412669702903,24800
2024-11-05 09:00:00+09:00,702.1788330078125,717.485183591089,700.2655391849029,716.5285366796343,109900
2024-11-06 09:00:00+09:00,713.6586303710938,731.8349225655318,708.8753955830838,709.8320425406857,69700
2024-11-07 09:00:00+09:00,722.2683715820312,725.1383121313638,712.701903084256,715.5718436335885,47500
2024-11-08 09:00:00+09:00,706.0054931640625,724.1817863485031,705.0488461543551,722.2684923290883,38400
2024-11-11 09:00:00+09:00,695.4822998046875,704.0921219480742,689.742418375763,704.0921219480742,40700
2024-11-12 09:00:00+09:00,691.65576171875,703.1355253987292,690.6991147454183,698.3522905320713,32700
2024-11-13 09:00:00+09:00,685.9158325195312,698.352242314167,682.0892448904125,689.7424201486499,45400
2024-11-14 09:00:00+09:00,681.1326293945312,692.612392811293,680.1759824431344,686.8725111029121,29500
2024-11-15 09:00:00+09:00,690.6990966796875,702.1788600594052,689.7424497313776,690.6990966796875,50200
2024-11-18 09:00:00+09:00,691.65576171875,695.4823496120764,684.0025859320972,688.7858207987551,26500
2024-11-19 09:00:00+09:00,694.5256958007812,698.352283656433,691.6557549090425,694.5256958007812,22100
2024-11-20 09:00:00+09:00,697.3956298828125,700.2655707465278,693.5690420645255,694.5256890190973,23600
2024-11-21 09:00:00+09:00,703.135498046875,707.918732727466,698.352263366284,701.2222041746386,32100
2024-11-22 09:00:00+09:00,707.918701171875,710.7886418523016,703.1354667044975,706.0054073849241,46500
2024-11-25 09:00:00+09:00,706.0054931640625,717.4852572805513,706.0054931640625,715.5719632611365,42000
2024-11-26 09:00:00+09:00,697.3956298828125,707.9187463831018,693.5690420645255,706.0054524739584,29000
2024-11-27 09:00:00+09:00,682.0892333984375,695.4822898747042,681.1325865072756,695.4822898747042,29800
2024-11-28 09:00:00+09:00,684.0025634765625,685.915857360413,674.4360940573099,680.1759757088614,43900
2024-11-29 09:00:00+09:00,684.0025634765625,687.8291512442636,679.2193287669362,685.915857360413,27600
2024-12-02 09:00:00+09:00,679.2192993164062,684.9591807190801,679.2192993164062,684.0025338186344,21800
2024-12-03 09:00:00+09:00,686.8724975585938,691.6557322212581,680.1759690308637,680.1759690308637,38600
2024-12-04 09:00:00+09:00,673.4794921875,688.7858442826705,673.4794921875,684.9592562588779,44000
2024-12-05 09:00:00+09:00,674.4360961914062,679.219330916168,669.6528614666445,674.4360961914062,39200
2024-12-06 09:00:00+09:00,668.6962280273438,675.3927567772599,665.8262871345225,674.4361098129862,49100
2024-12-09 09:00:00+09:00,672.5227661132812,675.3927067937078,668.6961785393793,668.6961785393793,36000
2024-12-10 09:00:00+09:00,669.6528930664062,676.3494219970703,669.6528930664062,673.4794810267857,49800
2024-12-11 09:00:00+09:00,671.566162109375,674.4361029730903,667.739574291088,671.566162109375,37300
2024-12-12 09:00:00+09:00,665.8262939453125,677.3060576340248,665.8262939453125,674.4361167118467,72900
2024-12-13 09:00:00+09:00,661.999755859375,664.8696969974937,659.1298147212564,662.9564029054146,78100
2024-12-16 09:00:00+09:00,659.1297607421875,664.8696425483604,653.3898789360146,664.8696425483604,62700
2024-12-17 09:00:00+09:00,643.8233642578125,660.0863615719029,641.9100704561548,660.0863615719029,103000
2024-12-18 09:00:00+09:00,641.91015625,653.3899205942623,640.9535092213115,640.9535092213115,101500
2024-12-19 09:00:00+09:00,640.9534301757812,645.7366647293319,634.2569018008104,639.9967832650711,56500
2024-12-20 09:00:00+09:00,634.2569580078125,640.9534869762208,633.3003110123257,633.3003110123257,101000
2024-12-23 09:00:00+09:00,631.386962890625,638.0834912849194,628.517022150213,636.1701974579782,117300
2024-12-24 09:00:00+09:00,641.91015625,643.823450307377,631.3870389344262,631.3870389344262,102500
2024-12-25 09:00:00+09:00,646.6932983398438,646.6932983398438,638.0834763205263,646.6932983398438,105600
2024-12-26 09:00:00+09:00,663.9130249023438,666.782965932181,646.6933787233204,646.6933787233204,104400
2024-12-27 09:00:00+09:00,680.1759643554688,680.1759643554688,662.9563196882417,667.739554318027,58100
2024-12-30 09:00:00+09:00,682.0892333984375,687.8291147454089,676.3493520514661,680.1759396161137,54900
2025-01-06 09:00:00+09:00,671.566162109375,685.9158664279514,671.566162109375,685.9158664279514,63800
2025-01-07 09:00:00+09:00,676.349365234375,679.2193059637996,670.609483775526,674.4360714147587,50200
2025-01-08 09:00:00+09:00,667.7396240234375,680.1760353591176,667.7396240234375,672.5228591525453,37500
2025-01-09 09:00:00+09:00,656.2598876953125,665.8263583614249,656.2598876953125,665.8263583614249,40600
2025-01-10 09:00:00+09:00,657.2164306640625,661.0430183244064,653.3898430037186,656.2597837489766,26300
2025-01-14 09:00:00+09:00,649.563232421875,658.1730543538291,645.736644896562,657.2164074725009,62000
2025-01-15 09:00:00+09:00,644.780029296875,650.519910863316,643.8233823691348,646.6933231523553,32500
2025-01-16 09:00:00+09:00,637.1268310546875,646.6932999894426,637.1268310546875,646.6932999894426,32000
2025-01-17 09:00:00+09:00,634.2569580078125,638.0835459897601,632.3436640168387,635.2136050032994,20900
2025-01-20 09:00:00+09:00,652.4332275390625,653.3898745002634,639.9968170434498,639.9968170434498,31100
2025-01-21 09:00:00+09:00,653.389892578125,656.2598335411328,651.4765986027865,655.3031865534635,21100
2025-01-22 09:00:00+09:00,653.389892578125,657.2164805288022,652.4332455904557,657.2164805288022,25000
2025-01-23 09:00:00+09:00,651.4765625,655.3031502386197,646.6933278267254,655.3031502386197,30300
2025-01-24 09:00:00+09:00,650.5199584960938,659.1297814761891,648.606664500517,652.4332524916705,31000
2025-01-27 09:00:00+09:00,662.9563598632812,663.913006847211,654.346537007914,659.1297719275625,18900
2025-01-28 09:00:00+09:00,666.7828979492188,668.6961917740372,659.129722649945,660.0863695623542,35500
2025-01-29 09:00:00+09:00,663.9130249023438,668.6962599520724,659.1297898526151,668.6962599520724,22000
2025-01-30 09:00:00+09:00,664.86962890625,666.782922802383,660.0863941659172,665.8262758543165,23000
2025-01-31 09:00:00+09:00,661.999755859375,664.8696969974937,658.1731676752167,664.8696969974937,14100
2025-02-03 09:00:00+09:00,646.6932983398438,657.2164141412317,646.6932983398438,656.2597672501964,45600
2025-02-04 09:00:00+09:00,648.6066284179688,656.2598039745229,648.6066284179688,653.3898631408151,14900
2025-02-05 09:00:00+09:00,655.3031616210938,661.0430433287237,653.3898677185504,653.3898677185504,26500
2025-02-06 09:00:00+09:00,662.9563598632812,662.9563598632812,658.1731249436328,658.1731249436328,15200
2025-02-07 09:00:00+09:00,660.08642578125,669.6528957201087,658.1731317934783,662.9563667629076,37800
2025-02-10 09:00:00+09:00,660.08642578125,661.0430727751359,656.2598378057065,657.2164847995924,10400
2025-02-12 09:00:00+09:00,659.1297607421875,664.8696425483604,658.1731137744921,661.0430546775785,14400
2025-02-13 09:00:00+09:00,679.2192993164062,679.2192993164062,663.912948909276,664.8695958097217,36600
2025-02-14 09:00:00+09:00,685.9158325195312,692.6123608704889,680.1759510758532,681.1325979831329,70000
2025-02-17 09:00:00+09:00,679.2192993164062,692.6123559226453,679.2192993164062,690.699062121754,29700
2025-02-18 09:00:00+09:00,672.5227661132812,684.9591757284629,669.6528254328548,681.1325881545608,31400
2025-02-19 09:00:00+09:00,672.5227661132812,676.3493536871833,669.6528254328548,672.5227661132812,22200
2025-02-20 09:00:00+09:00,663.9130249023438,670.6095539719639,659.1297898526151,670.6095539719639,30800
2025-02-21 09:00:00+09:00,663.9130249023438,663.9130249023438,657.2164958327236,663.9130249023438,22400
2025-02-25 09:00:00+09:00,671.566162109375,671.566162109375,661.0430456090857,667.739574291088,33000
2025-02-26 09:00:00+09:00,668.6962280273438,671.566168920165,658.1731114203326,671.566168920165,40200
2025-02-27 09:00:00+09:00,681.1326293945312,681.1326293945312,670.6095129291663,671.5661598805631,18600
2025-02-28 09:00:00+09:00,670.6095581054688,684.9592633431037,669.6529110896264,678.2627342322073,37600
2025-03-03 09:00:00+09:00,676.349365234375,680.1759528736077,671.5661306853342,677.3060121441832,34200
2025-03-04 09:00:00+09:00,669.6528930664062,674.4361280168806,667.7395990862166,668.6962460763114,22300
2025-03-05 09:00:00+09:00,678.2626953125,679.2193422734485,670.6095196249119,673.4794605077575,27500
2025-03-06 09:00:00+09:00,695.4822998046875,695.4822998046875,683.0458900420177,683.0458900420177,50700
2025-03-07 09:00:00+09:00,687.8291015625,695.4822765451147,679.2192797070584,691.6556890538074,42500
2025-03-10 09:00:00+09:00,690.6990966796875,698.352272266166,685.9158619381384,688.7858027830679,25700
2025-03-11 09:00:00+09:00,688.7858276367188,688.7858276367188,675.3927698771158,684.0025927225748,35900
2025-03-12 09:00:00+09:00,694.5256958007812,700.2655775842587,688.7858140173037,688.7858140173037,38500
2025-03-13 09:00:00+09:00,693.5689697265625,700.2654977101292,690.6990291621767,696.4389102909482,21200
2025-03-14 09:00:00+09:00,690.6990966796875,694.5256844729267,685.9158619381384,690.6990966796875,30900
2025-03-17 09:00:00+09:00,689.742431640625,696.4389601031554,687.8291377941878,694.5256662567181,18700
2025-03-18 09:00:00+09:00,690.6990966796875,696.4389783695464,690.6990966796875,690.6990966796875,22700
2025-03-19 09:00:00+09:00,707.918701171875,707.918701171875,691.6557039827915,691.6557039827915,36700
2025-03-21 09:00:00+09:00,705.0487670898438,707.9187077971294,698.3522387728439,704.0921201874152,22600
2025-03-24 09:00:00+09:00,699.3088989257812,707.9187212107772,699.3088989257812,707.9187212107772,25900
2025-03-25 09:00:00+09:00,697.3956298828125,707.9187463831018,692.6123951099537,707.9187463831018,26500
2025-03-26 09:00:00+09:00,707.918701171875,707.918701171875,700.2655260240709,703.1354667044975,30800
2025-03-27 09:00:00+09:00,709.83203125,709.83203125,698.3522679413747,703.135502653302,43900
2025-03-28 09:00:00+09:00,701.056640625,712.7571687021905,699.1065526121349,705.9318606571627,51600
2025-03-31 09:00:00+09:00,675.7054443359375,691.3061472354685,673.7553564734961,691.3061472354685,42000
2025-04-01 09:00:00+09:00,677.6555786132812,685.455930597319,675.7054906172718,680.5807106072954,20700
2025-04-02 09:00:00+09:00,673.75537109375,681.5557227127804,673.75537109375,681.5557227127804,21600
2025-04-03 09:00:00+09:00,656.20458984375,663.0298976132987,651.3293700083581,658.1546777779067,46600
2025-04-04 09:00:00+09:00,611.3526000976562,638.6538326379025,600.6271158854166,633.7786125414299,112900
2025-04-07 09:00:00+09:00,563.575439453125,578.2010996465452,555.7750873499675,571.3757915562824,73000
2025-04-08 09:00:00+09:00,612.32763671875,614.2777247337779,588.9265805384156,591.8517125609575,41600
2025-04-09 09:00:00+09:00,576.2509765625,593.8017677268401,572.3508007482022,586.0014160982445,52900
2025-04-10 09:00:00+09:00,620.1279907226562,628.9033868177883,608.4274625958137,625.0032107755073,36200
2025-04-11 09:00:00+09:00,615.2527465820312,618.17787849922,590.8766472721251,591.8516912445214,32600
2025-04-14 09:00:00+09:00,619.1528930664062,625.0031566229392,614.2776734359621,625.0031566229392,28400
2025-04-15 09:00:00+09:00,623.0531616210938,630.8535141922498,623.0531616210938,625.0032497638828,14000
2025-04-16 09:00:00+09:00,617.2028198242188,625.9782153667431,613.3026440275412,623.053083519235,16000
2025-04-17 09:00:00+09:00,615.2527465820312,619.1529224716163,613.3026586372388,613.3026586372388,19700
2025-04-18 09:00:00+09:00,640.6039428710938,642.5540309772463,617.2028855972638,617.2028855972638,21000
2025-04-21 09:00:00+09:00,641.5789184570312,645.4790942531226,637.6787426609399,637.6787426609399,12700
2025-04-22 09:00:00+09:00,647.42919921875,657.1796389660203,642.5539793451148,643.5290233198418,22200
2025-04-23 09:00:00+09:00,657.1796264648438,660.1047583333816,653.2794506401266,654.2544945963059,23100
2025-04-24 09:00:00+09:00,662.0548706054688,664.9800025816343,652.304430684917,660.1047826213584,41300
2025-04-25 09:00:00+09:00,651.3294067382812,665.9550670692307,651.3294067382812,665.9550670692307,21700
2025-04-28 09:00:00+09:00,661.079833984375,662.0548779873018,652.3044379580338,654.2545259638874,25900
2025-04-30 09:00:00+09:00,653.2794799804688,660.1047879802647,645.479127980702,660.1047879802647,18300
2025-05-01 09:00:00+09:00,644.5040893554688,648.404265387877,638.6538253068563,648.404265387877,25500
2025-05-02 09:00:00+09:00,631.8285522460938,643.5290809913918,629.8784641218774,640.6039488050673,36300
2025-05-07 09:00:00+09:00,625.0032348632812,629.8784551040244,620.128014622538,627.9283670077272,28900
2025-05-08 09:00:00+09:00,622.0780639648438,626.9532839018723,618.1778880152209,625.9782399144666,25300
2025-05-09 09:00:00+09:00,640.6039428710938,640.6039428710938,622.0781058626451,622.0781058626451,31100
2025-05-12 09:00:00+09:00,650.3543090820312,662.0548363818579,634.7536060155957,640.603869665509,61900
2025-05-13 09:00:00+09:00,657.1796264648438,662.0548462457402,649.3792748154094,656.2045825086644,37100
2025-05-14 09:00:00+09:00,616.2278442382812,632.8035932130451,616.2278442382812,628.903416983689,90900
2025-05-15 09:00:00+09:00,611.3526000976562,617.2028642134233,607.4524240204782,617.2028642134233,54400
2025-05-16 09:00:00+09:00,612.32763671875,619.1529447713475,607.4524166811804,611.3525927112361,34500
2025-05-19 09:00:00+09:00,617.2028198242188,617.2028198242188,608.4274242816942,613.3026440275412,26700
2025-05-20 09:00:00+09:00,608.4274291992188,621.1030006408691,608.4274291992188,617.202824812669,39900
2025-05-21 09:00:00+09:00,611.3526000976562,615.2527761748343,610.3775560783617,611.3526000976562,17500
2025-05-22 09:00:00+09:00,606.4773559570312,610.3775318795845,604.5272679957546,608.4274439183079,26600
2025-05-23 09:00:00+09:00,615.2527465820312,616.2277905544275,606.4773508304651,606.4773508304651,28800
2025-05-26 09:00:00+09:00,634.7536010742188,637.6787328764041,615.2527223929832,615.2527223929832,43400
2025-05-27 09:00:00+09:00,664.97998046875,668.8801563072765,645.4791012761181,653.2794529531709,68600
2025-05-28 09:00:00+09:00,660.1047973632812,671.8053255292479,655.2295772941285,671.8053255292479,53300
2025-05-29 09:00:00+09:00,646.4541625976562,659.1297344132965,643.5290306402007,655.2295584700227,51500
2025-05-30 09:00:00+09:00,644.5040893554688,651.3293974121832,642.5540013392646,643.5290453473667,39700
2025-06-02 09:00:00+09:00,626.9533081054688,641.5789684811796,625.003220055374,641.5789684811796,49600
2025-06-03 09:00:00+09:00,623.0531616210938,629.8784701208554,623.0531616210938,626.9533379066718,24100
2025-06-04 09:00:00+09:00,626.9533081054688,631.8285282307057,623.0531320052792,624.0281760303266,25400
2025-06-05 09:00:00+09:00,624.0281372070312,629.8784009933471,623.0530932426452,623.0530932426452,24100
2025-06-06 09:00:00+09:00,624.0281372070312,626.9532691001892,624.0281372070312,625.9782251358032,15800
2025-06-09 09:00:00+09:00,620.1279907226562,626.9532987966478,618.1779027015159,625.9782547860775,29400
2025-06-10 09:00:00+09:00,620.1279907226562,624.0281667649372,617.2028586909456,620.1279907226562,22600
2025-06-11 09:00:00+09:00,628.9033813476562,628.9033813476562,620.1279853288518,620.1279853288518,29100
2025-06-12 09:00:00+09:00,621.1029663085938,629.8783614369727,620.1279224054406,629.8783614369727,20200
2025-06-13 09:00:00+09:00,618.1779174804688,623.0531376498731,615.2527853788262,619.1529615143496,44800
2025-06-16 09:00:00+09:00,618.1779174804688,619.1529615143496,614.2777413449453,618.1779174804688,23200
2025-06-17 09:00:00+09:00,622.0780639648438,626.9532839018723,620.1279759900323,621.1030199774381,56000
2025-06-18 09:00:00+09:00,632.8035278320312,632.8035278320312,622.0780443094544,622.0780443094544,18000
2025-06-19 09:00:00+09:00,626.9533081054688,631.8285282307057,625.9782640804214,631.8285282307057,22900
2025-06-20 09:00:00+09:00,624.0281372070312,633.7785768508911,624.0281372070312,624.0281372070312,37000
2025-06-23 09:00:00+09:00,617.2028198242188,625.0031714175738,615.25273192588,624.0281274684044,30300
2025-06-24 09:00:00+09:00,625.9782104492188,629.8783862152575,623.0530786246896,626.9532543907285,18200
2025-06-25 09:00:00+09:00,620.1279907226562,633.7786068706392,620.1279907226562,633.7786068706392,39000
2025-06-26 09:00:00+09:00,625.9782104492188,625.9782104492188,616.2277710341219,620.1279468001607,26400
2025-06-27 09:00:00+09:00,634.7536010742188,635.7286450082805,625.9782056676627,625.9782056676627,47600
2025-06-30 09:00:00+09:00,637.6787719726562,651.329387886444,634.7536399911303,634.7536399911303,61800
2025-07-01 09:00:00+09:00,625.9782104492188,634.753605922806,625.9782104492188,633.7785619812962,16600
2025-07-02 09:00:00+09:00,633.7786254882812,638.653845684345,625.0032291353666,625.0032291353666,19900
2025-07-03 09:00:00+09:00,646.4541625976562,646.4541625976562,633.778590782016,633.778590782016,26000
2025-07-04 09:00:00+09:00,642.5540161132812,647.4292362658858,641.5789720827603,643.5290601438022,29000
2025-07-07 09:00:00+09:00,633.7786254882812,644.5041099196214,633.7786254882812,644.5041099196214,21100
2025-07-08 09:00:00+09:00,634.7536010742188,636.7036889423423,629.8783814039098,630.8534253379717,33300
2025-07-09 09:00:00+09:00,644.5040893554688,655.2295734445916,633.778605266346,634.753649274448,56500
2025-07-10 09:00:00+09:00,632.8035278320312,646.4541432244017,632.8035278320312,645.4790992678038,42800
2025-07-11 09:00:00+09:00,645.4791259765625,649.3793019643363,635.728686007128,635.728686007128,24100
2025-07-14 09:00:00+09:00,644.5040893554688,648.404265387877,640.6039133230604,645.4791333635708,26700
2025-07-15 09:00:00+09:00,640.6039428710938,646.4542071895512,639.6288988180175,646.4542071895512,24900
2025-07-16 09:00:00+09:00,634.7536010742188,643.5289964807747,634.7536010742188,640.6038646785894,27300
2025-07-17 09:00:00+09:00,639.6288452148438,642.553977128936,632.8035374152951,633.7785813866592,20900
2025-07-18 09:00:00+09:00,636.7037353515625,642.5539993823579,635.72869134643,639.6288673669602,23300
2025-07-22 09:00:00+09:00,641.5789184570312,646.4541382021455,636.703698711917,636.703698711917,18600
2025-07-23 09:00:00+09:00,664.0049438476562,665.9550317884716,647.429196350725,647.429196350725,79900
2025-07-24 09:00:00+09:00,665.955078125,665.955078125,656.2046377424963,664.0049900484993,33300
2025-07-25 09:00:00+09:00,666.9300537109375,681.5557127835458,657.1796143291987,669.8551855254592,82700
2025-07-28 09:00:00+09:00,672.7803344726562,672.7803344726562,664.9799827686255,670.8302465466486,29300
2025-07-29 09:00:00+09:00,664.0049438476562,667.9051197292871,662.0548559068408,666.9300757588794,27100
2025-07-30 09:00:00+09:00,663.0299072265625,667.9051271326401,663.0299072265625,666.9300831514246,13700
2025-07-31 09:00:00+09:00,668.8801879882812,669.8552319940951,663.0299239533983,668.8801879882812,25700
2025-08-01 09:00:00+09:00,677.6555786132812,677.6555786132812,670.8302706272482,670.8302706272482,27900
2025-08-04 09:00:00+09:00,659.1297607421875,669.8552450146195,657.1796726926544,667.9051569650865,34300
2025-08-05 09:00:00+09:00,669.855224609375,673.7554005896334,660.104784658729,661.0798286537936,24400
2025-08-06 09:00:00+09:00,678.630615234375,684.4808791588092,669.8552193477236,672.7803513099407,40300
2025-08-07 09:00:00+09:00,677.6555786132812,681.5557546053001,662.0548746452057,677.6555786132812,32200
2025-08-08 09:00:00+09:00,661.079833984375,666.9300980019359,658.1547019755945,658.1547019755945,55900
2025-08-12 09:00:00+09:00,660.1047973632812,664.0049734186034,658.1547093356202,663.0299294047729,35200
2025-08-13 09:00:00+09:00,666.9300537109375,666.9300537109375,656.2045703910247,660.1047461437203,43300
2025-08-14 09:00:00+09:00,664.97998046875,670.8302442265397,661.0798046302236,663.0298925494868,32800
2025-08-15 09:00:00+09:00,669.855224609375,672.7803565945687,663.0299166439228,666.9300926241812,29400
2025-08-18 09:00:00+09:00,664.97998046875,676.6805079843292,664.97998046875,669.855200266908,35100
2025-08-19 09:00:00+09:00,672.7803344726562,675.7054663616678,667.905114657637,667.905114657637,32900
2025-08-20 09:00:00+09:00,677.6555786132812,684.4808865993143,673.7554026212623,675.7054906172718,47700
2025-08-21 09:00:00+09:00,686.4309692382812,687.4060132286766,675.7054853439331,677.6555733247237,38200
2025-08-22 09:00:00+09:00,683.505859375,689.3561235065977,678.6306392653353,687.4060354627318,30000
2025-08-25 09:00:00+09:00,679.6056518554688,690.331135600677,678.6306078786316,690.331135600677,34400
2025-08-26 09:00:00+09:00,677.6555786132812,679.6056666092907,672.7803586232576,678.630622611286,36900
2025-08-27 09:00:00+09:00,668.8801879882812,677.6555840406056,668.8801879882812,675.705496028978,25500
2025-08-28 09:00:00+09:00,668.8801879882812,672.7803640115366,667.9051439824675,667.9051439824675,13700
2025-08-29 09:00:00+09:00,673.75537109375,678.630590855644,667.9051073794772,670.8302392366136,22800
2025-09-01 09:00:00+09:00,674.73046875,680.5807329299133,667.9051605401012,676.6805568099711,29400
2025-09-02 09:00:00+09:00,674.73046875,683.5058650198699,674.73046875,679.6056888999278,23200
2025-09-03 09:00:00+09:00,669.855224609375,678.6306205649563,669.855224609375,674.7304445846979,41400
2025-09-04 09:00:00+09:00,675.7054443359375,685.4558836481443,667.9050928861719,671.8052686110548,38100
2025-09-05 09:00:00+09:00,689.3560791015625,691.3061670198131,680.5806834694351,682.5307713876856,46900
2025-09-08 09:00:00+09:00,689.3560791015625,695.2063428563141,682.5307713876856,692.2812109789382,33800
2025-09-09 09:00:00+09:00,688.381103515625,698.1315440753364,685.4559713477115,692.2812797395095,34000
2025-09-10 09:00:00+09:00,681.5557861328125,692.2812706070056,681.5557861328125,692.2812706070056,24800
2025-09-11 09:00:00+09:00,677.6555786132812,686.4309745953237,675.7054906172718,683.5058426013096,24400
2025-09-12 09:00:00+09:00,675.7054443359375,680.580663992041,675.7054443359375,678.6305761295995,29400
2025-09-16 09:00:00+09:00,685.4559326171875,685.4559326171875,674.7304486075302,675.7054926084081,30900
2025-09-17 09:00:00+09:00,682.53076171875,686.4309375,677.6555419921875,686.4309375,40100
2025-09-18 09:00:00+09:00,692.28125,692.28125,684.480897887324,687.4060299295775,47800
2025-09-19 09:00:00+09:00,687.406005859375,696.1814016788564,682.5307859596631,694.2313137189716,74600
2025-09-22 09:00:00+09:00,698.1314697265625,703.9817334393549,692.2812060137701,692.2812060137701,72500
2025-09-24 09:00:00+09:00,703.0067138671875,706.9068898109722,698.1314939374566,706.9068898109722,79800
2025-09-25 09:00:00+09:00,697.156494140625,704.956846522618,692.2812739018793,704.956846522618,50100
2025-09-26 09:00:00+09:00,704.956787109375,704.956787109375,697.1564353847899,697.1564353847899,48600
2025-09-29 09:00:00+09:00,701.9739379882812,709.9283168889983,699.985343263102,705.9511274386398,67800
2025-09-30 09:00:00+09:00,690.0423583984375,703.9625212479737,685.0708716664603,702.9682239015783,55600
2025-10-01 09:00:00+09:00,676.1221923828125,687.0594631419463,673.1393003575943,687.0594631419463,65500
2025-10-02 09:00:00+09:00,685.0708618164062,687.0594564806048,678.1107804917112,678.1107804917112,47700
2025-10-03 09:00:00+09:00,688.0537719726562,690.0423666893403,683.0822851809463,687.0594746143142,24000
2025-10-06 09:00:00+09:00,702.9682006835938,705.9510926242597,693.0252275480408,701.9739033700384,70200
2025-10-07 09:00:00+09:00,702.9682006835938,706.945389937815,698.9910114293725,703.9624979971491,29200
2025-10-08 09:00:00+09:00,696.0081176757812,708.9339827183314,696.0081176757812,702.968198852539,60800
2025-10-09 09:00:00+09:00,709.9282836914062,709.9282836914062,696.0081212660846,696.0081212660846,57500
2025-10-10 09:00:00+09:00,694.01953125,711.9168830587392,694.01953125,710.9225857360316,97400
2025-10-14 09:00:00+09:00,677.116455078125,688.0537252776248,674.1335632055342,684.0765361141704,66400
2025-10-15 09:00:00+09:00,693.0252075195312,695.0138020891712,680.0993428168714,683.0822346713314,35500
2025-10-16 09:00:00+09:00,693.0252075195312,696.0080993739913,690.0423156650713,692.0309102347113,53000
2025-10-17 09:00:00+09:00,685.0708618164062,691.0366458090019,685.0708618164062,689.0480511448034,28300
2025-10-20 09:00:00+09:00,695.0138549804688,696.0081523409558,687.0594760965721,693.0252602594945,40500
2025-10-21 09:00:00+09:00,690.0423583984375,696.0081424768101,689.048061052042,694.0195477840193,28700
2025-10-22 09:00:00+09:00,789.4721069335938,789.4721069335938,789.4721069335938,789.4721069335938,166000
2025-10-23 09:00:00+09:00,938.61669921875,938.61669921875,938.61669921875,938.61669921875,102400
2025-10-24 09:00:00+09:00,1087.76123046875,1087.76123046875,1087.76123046875,1087.76123046875,245500
2025-10-27 09:00:00+09:00,1441.7310791015625,1634.6247545123922,1302.5294576710667,1584.9098897157867,25187900
2025-10-28 09:00:00+09:00,1281.6492919921875,1438.7482742534487,1227.9572347636552,1392.0162985175039,9206600
2025-10-29 09:00:00+09:00,1115.6015625,1258.7803726604277,1098.6985085227273,1218.0141836564171,6158600
2025-10-30 09:00:00+09:00,1159.3507080078125,1167.3050867934578,1011.2004031251674,1073.8411360621246,6755500
2025-10-31 09:00:00+09:00,1300.5408935546875,1353.2386514739524,1122.5616734122648,1129.5217546468846,11522000
2025-11-04 09:00:00+09:00,1357.2158203125,1421.8451450892858,1320.4268200549452,1373.1245771806318,6250800
2025-11-05 09:00:00+09:00,1403.9478759765625,1404.942173339152,1242.8717032370419,1282.6435977406272,4066600
2025-11-06 09:00:00+09:00,1220.9970703125,1412.8964469984223,1191.1681516566573,1411.9021497098943,3917800
2025-11-07 09:00:00+09:00,1213.042724609375,1226.9628870229253,1114.6072903992701,1177.2480212602459,2948200
2025-11-10 09:00:00+09:00,1188.185302734375,1221.991411766148,1134.4932472133237,1183.2138161120554,1883200
2025-11-11 09:00:00+09:00,1194.151123046875,1210.05988072277,1158.356418276111,1188.1853389184143,1384200
2025-11-12 09:00:00+09:00,1165.31640625,1250.825971896331,1159.350622600256,1207.0768917982082,1582500
2025-11-13 09:00:00+09:00,1163.327880859375,1202.1054768880208,1134.4932581714077,1165.3164755275106,1180600
2025-11-14 09:00:00+09:00,1220.0028076171875,1241.8773485850588,1114.6072920447166,1154.3791847135735,1979500
2025-11-17 09:00:00+09:00,1282.6435546875,1294.5751226380814,1216.0256336300872,1221.9914176053778,1751800
2025-11-18 09:00:00+09:00,1347.2728271484375,1440.736772352831,1250.8259900758187,1277.6720168898466,5543200
2025-11-19 09:00:00+09:00,1315.455322265625,1375.1131600100978,1283.6378088019062,1352.2443222080499,1771600
2025-11-20 09:00:00+09:00,1372.1302490234375,1436.7595723470054,1332.358357747396,1337.3298441569011,2193000
2025-11-21 09:00:00+09:00,1328.3812255859375,1367.158821243012,1297.5580085251859,1312.4724683932916,1074600
2025-11-25 09:00:00+09:00,1269.7176513671875,1378.0960570046375,1255.7974891752215,1343.2956515247224,1010700
2025-11-26 09:00:00+09:00,1222.9857177734375,1291.5922336485328,1220.002825778868,1289.6036389854867,879500
2025-11-27 09:00:00+09:00,1224.974365234375,1246.8489074707031,1190.1739571311257,1226.9629599831321,804400
2025-11-28 09:00:00+09:00,1213.042724609375,1235.9115628602076,1194.1510756195569,1227.9571843381789,578300
2025-12-01 09:00:00+09:00,1123.5560302734375,1214.0370911184666,1111.6244618103567,1214.0370911184666,1057500
2025-12-02 09:00:00+09:00,1146.4248046875,1164.3221563651887,1120.5730744863943,1123.5559664326756,566900
2025-12-03 09:00:00+09:00,1133.4989013671875,1149.4076578776042,1126.5388203938803,1143.441874186198,315900
2025-12-04 09:00:00+09:00,1147.4190673828125,1176.2536886601968,1128.5274189596985,1143.4418782411042,392300
2025-12-05 09:00:00+09:00,1133.4989013671875,1163.3278198242188,1132.5046040852865,1143.441874186198,306900
2025-12-08 09:00:00+09:00,1229.94580078125,1235.9115847785722,1148.413419484514,1157.3620954804971,620500
2025-12-09 09:00:00+09:00,1174.26513671875,1204.0940563644422,1145.430514394581,1200.11686707835,588100
2025-12-10 09:00:00+09:00,1138.470458984375,1177.24805540393,1126.5388908552811,1174.2651633716566,387400
2025-12-11 09:00:00+09:00,1061.9095458984375,1133.498953487096,1061.9095458984375,1130.5160615042355,770700
2025-12-12 09:00:00+09:00,1084.7784423828125,1107.6472821397372,1064.8924947680955,1078.8126580983974,410500
2025-12-15 09:00:00+09:00,1081.7955322265625,1108.6415610593908,1071.8525585847742,1075.8297480414897,258100
2025-12-16 09:00:00+09:00,1055.9437255859375,1089.7498335613818,1055.9437255859375,1075.829671453846,303700
2025-12-17 09:00:00+09:00,1073.841064453125,1082.7897399902345,1054.9494160970053,1078.8125508626304,280500
2025-12-18 09:00:00+09:00,1066.8809814453125,1092.7327107254412,1063.8980896052976,1066.8809814453125,200200
2025-12-19 09:00:00+09:00,1079.806884765625,1082.7897767124914,1057.9323438219383,1062.903830400049,203800
2025-12-22 09:00:00+09:00,1091.7384033203125,1102.6756732989313,1080.8011333416937,1088.755511507962,222100
2025-12-23 09:00:00+09:00,1145.4305419921875,1145.4305419921875,1093.7270800272624,1093.7270800272624,395800
2025-12-24 09:00:00+09:00,1118.58447265625,1141.453310763889,1102.6757157118057,1131.510337673611,275700
2025-12-25 09:00:00+09:00,1150.4019775390625,1153.3848694427938,1116.5958692967738,1131.5103288154305,275300
2025-12-26 09:00:00+09:00,1142.4476318359375,1183.213822354017,1133.4989558685543,1174.265146386634,385900
2025-12-29 09:00:00+09:00,1147.4190673828125,1167.3050130913534,1138.470391813969,1152.3905538099477,266400
2025-12-30 09:00:00+09:00,1123.5560302734375,1219.0085779780836,1123.5560302734375,1173.2708988696074,606500
2026-01-05 09:00:00+09:00,1132.504638671875,1157.3620714785447,1128.5274494228079,1136.4818279209421,322400
2026-01-06 09:00:00+09:00,1116.595947265625,1140.4590841617737,1110.6301630415878,1129.521813084372,253000
2026-01-07 09:00:00+09:00,1414.8851318359375,1414.8851318359375,1229.9458243717884,1252.8146634668176,5185800
2026-01-08 09:00:00+09:00,1713.17431640625,1713.17431640625,1713.17431640625,1713.17431640625,305700
2026-01-09 09:00:00+09:00,1720.1343994140625,1756.923401020028,1531.2179046807262,1602.8073132112536,15646300
2026-01-13 09:00:00+09:00,2117.853271484375,2117.853271484375,1938.879755584287,2009.4748646337662,1947400
2026-01-14 09:00:00+09:00,2615.001953125,2615.001953125,2411.1710024061313,2615.001953125,3081600
2026-01-15 09:00:00+09:00,3112.150634765625,3112.150634765625,2833.747383093301,2863.5763029153354,2312900
2026-01-16 09:00:00+09:00,3122.093505859375,3808.15863931255,2769.1179661841907,3808.15863931255,12385900
2026-01-19 09:00:00+09:00,3818.101806640625,3818.101806640625,3097.2362311681113,3122.0936648050947,9595200
2026-01-20 09:00:00+09:00,3420.3828125,4374.9082485465115,3221.5233466569766,4205.877702579942,10157700
2026-01-21 09:00:00+09:00,3082.32177734375,3549.6415306829635,2953.0631221648187,3022.6639364919356,5238200
2026-01-22 09:00:00+09:00,2702.500244140625,3480.040785317214,2688.580080999356,3271.2383381981813,5013000
2026-01-23 09:00:00+09:00,2888.433837890625,3156.8941257496504,2603.0704948701054,2652.7853629921474,8560900
2026-01-26 09:00:00+09:00,2918.2626953125,2953.0631022412695,2770.1123915300254,2885.450883065375,3097600
2026-01-27 09:00:00+09:00,2909.31396484375,3022.6638595779223,2855.6219094433527,2963.0060202441473,2734200
2026-01-28 09:00:00+09:00,2745.2548828125,2883.462209401032,2698.5229090739313,2873.5192362651665,1347400
2026-01-29 09:00:00+09:00,2555.34423828125,2749.232225232551,2496.680693511369,2686.591490986746,1460700
2026-01-30 09:00:00+09:00,2316.712890625,2535.4583137741415,2316.712890625,2516.5666635930793,1309000
2026-02-02 09:00:00+09:00,2670.6826171875,2813.8614321074556,2581.195857862528,2597.104615075856,4373000
2026-02-03 09:00:00+09:00,2617.98486328125,2848.661843258937,2573.2414835441987,2848.661843258937,1976700
2026-02-04 09:00:00+09:00,2636.87646484375,2724.3746280814007,2525.515166177649,2589.1501939868494,995900
2026-02-05 09:00:00+09:00,2702.500244140625,2881.4737702426532,2634.8880231687476,2638.865212637682,1711800
2026-02-06 09:00:00+09:00,2939.142822265625,2956.045876385556,2585.172983048249,2659.7452806361794,1952100
2026-02-09 09:00:00+09:00,2782.0439453125,2960.023168404329,2721.391807834279,2943.120113697284,1353900
2026-02-10 09:00:00+09:00,2717.41455078125,2836.7302280932695,2694.5457126297792,2784.0324706137944,767100
2026-02-12 09:00:00+09:00,2871.53076171875,3012.7209861522897,2789.0040812399907,2866.559274942921,2260700
2026-02-13 09:00:00+09:00,2819.8271484375,3117.1220417318627,2808.8898781156336,2970.9603383396507,2118700
2026-02-16 09:00:00+09:00,2846.67333984375,3032.6069460438134,2795.96417451646,2913.291262920778,1240400
2026-02-17 09:00:00+09:00,2724.374755859375,2826.78738354314,2708.465998160926,2826.78738354314,601000
2026-02-18 09:00:00+09:00,2661.73388671875,2718.4088331300195,2642.8422379149933,2694.545697798959,440500
2026-02-19 09:00:00+09:00,2565.287109375,2713.437411428052,2557.332730741279,2708.465924781977,606900
2026-02-20 09:00:00+09:00,2485.743408203125,2611.0248759765623,2463.8688662109375,2525.515302734375,453200
2026-02-24 09:00:00+09:00,2410.1767578125,2532.4753309193225,2350.518917272587,2452.9315435327712,500800
2026-02-25 09:00:00+09:00,2907.325439453125,2907.325439453125,2543.4126108485275,2554.3498816535835,3130000
2026-02-26 09:00:00+09:00,2813.861328125,3052.4926775066256,2731.3346531305215,3022.6637588339227,1456400
2026-02-27 09:00:00+09:00,2793.9755859375,2857.61061707629,2764.146665091192,2828.7759935915255,752800
2026-03-02 09:00:00+09:00,2719.403076171875,2799.94115630713,2689.574157603262,2694.545644031364,440300
2026-03-03 09:00:00+09:00,2522.5322265625,2718.408792834795,2522.5322265625,2699.517144311071,493400
2026-03-04 09:00:00+09:00,2334.610107421875,2479.7775161457225,2317.707052981427,2386.3135680632454,590400
2026-03-05 09:00:00+09:00,2431.056884765625,2513.5835601993863,2426.0853982937115,2452.9314252420436,380600
2026-03-06 09:00:00+09:00,2414.15380859375,2512.589239833775,2378.35910632465,2390.2906737476833,293800
2026-03-09 09:00:00+09:00,2296.826904296875,2320.6900409648947,2202.3686549859644,2295.8326069357076,395600
2026-03-10 09:00:00+09:00,2331.627197265625,2368.4161978194966,2290.8610074626868,2337.5929811392257,190300
2026-03-11 09:00:00+09:00,2404.2109375,2448.954317230149,2346.541692514475,2356.484665787841,206100
2026-03-12 09:00:00+09:00,2379.353515625,2504.6349794648454,2372.393434300564,2405.205246258619,300500
2026-03-13 09:00:00+09:00,2405.205322265625,2438.017135260567,2305.775585917315,2336.5988041852906,250200
2026-03-16 09:00:00+09:00,2692.55712890625,2751.2206704887717,2497.6748551744827,2653.7795336228883,2410000
2026-03-17 09:00:00+09:00,2529.492431640625,2873.5193111011818,2520.5437555852927,2763.152306418749,1173400
2026-03-18 09:00:00+09:00,2605.05908203125,2623.9507318627743,2545.4012404580153,2545.4012404580153,459000
2026-03-19 09:00:00+09:00,2500.65771484375,2537.446715022366,2495.6862283331266,2505.629201354374,222300
2026-03-23 09:00:00+09:00,2286.8837890625,2399.23938391644,2286.8837890625,2387.3078163213318,333900
2026-03-24 09:00:00+09:00,2301.79833984375,2370.404856236501,2249.100580875405,2357.4789908291714,196800
2026-03-25 09:00:00+09:00,2396.256591796875,2434.039890754668,2343.5588327241635,2394.267997114886,237700
2026-03-26 09:00:00+09:00,2356.484619140625,2429.068322599387,2326.6556999109966,2396.2565114467957,191900
2026-03-27 09:00:00+09:00,2441.0,2441.0,2306.7698574338087,2332.621588594705,148700
2026-03-30 09:00:00+09:00,2425.0,2425.0,2303.0,2303.0,170200
2026-03-31 09:00:00+09:00,2300.0,2374.0,2299.0,2325.0,183900
2026-04-01 09:00:00+09:00,2340.0,2368.0,2295.0,2366.0,203300
2026-04-02 09:00:00+09:00,2241.0,2392.0,2239.0,2368.0,294500
2026-04-03 09:00:00+09:00,2082.0,2235.0,2021.0,2229.0,1568600
2026-04-06 09:00:00+09:00,2087.0,2109.0,2033.0,2082.0,335600
2026-04-07 09:00:00+09:00,2088.0,2140.0,2051.0,2105.0,246700
2026-04-08 09:00:00+09:00,2208.0,2214.0,2120.0,2129.0,431000
2026-04-09 09:00:00+09:00,2122.0,2178.0,2105.0,2172.0,253700
2026-04-10 09:00:00+09:00,2065.0,2160.0,2065.0,2131.0,308000
2026-04-13 09:00:00+09:00,2043.0,2081.0,2031.0,2038.0,170000
2026-04-14 09:00:00+09:00,2086.0,2110.0,2046.0,2050.0,244000
2026-04-15 09:00:00+09:00,2102.0,2140.0,2072.0,2100.0,281800
2026-04-16 09:00:00+09:00,2252.0,2268.0,2140.0,2152.0,583600
2026-04-17 09:00:00+09:00,2333.0,2396.0,2202.0,2231.0,723100
2026-04-20 09:00:00+09:00,2545.0,2625.0,2314.0,2329.0,1438600
2026-04-21 09:00:00+09:00,2360.0,2565.0,2341.0,2561.0,1001100
2026-04-22 09:00:00+09:00,2305.0,2384.0,2305.0,2380.0,286100
2026-04-23 09:00:00+09:00,2302.0,2331.0,2251.0,2303.0,283300
2026-04-24 09:00:00+09:00,2310.0,2474.0,2290.0,2470.0,841000
2026-04-27 09:00:00+09:00,2254.0,2283.0,2227.0,2268.0,301400
2026-04-28 09:00:00+09:00,2357.0,2357.0,2241.0,2260.0,191000
2026-04-30 09:00:00+09:00,2290.0,2367.0,2285.0,2307.0,254500
2026-05-01 09:00:00+09:00,2322.0,2358.0,2239.0,2246.0,192600
2026-05-07 09:00:00+09:00,2369.0,2382.0,2338.0,2346.0,317100
2026-05-08 09:00:00+09:00,2493.0,2541.0,2388.0,2388.0,750000
2026-05-11 09:00:00+09:00,2708.0,2746.0,2484.0,2487.0,936600
2026-05-12 09:00:00+09:00,2590.0,2746.0,2520.0,2708.0,577300
2026-05-13 09:00:00+09:00,2622.0,2830.0,2583.0,2640.0,654500
2026-05-14 09:00:00+09:00,2530.0,2658.0,2480.0,2651.0,441900
2026-05-15 09:00:00+09:00,2188.0,2288.0,2111.0,2181.0,1182400
2026-05-18 09:00:00+09:00,2166.0,2222.0,2105.0,2183.0,394100
2026-05-19 09:00:00+09:00,2133.0,2215.0,2133.0,2195.0,282500
2026-05-20 09:00:00+09:00,1953.0,2113.0,1927.0,2099.0,496400
2026-05-21 09:00:00+09:00,1959.0,1998.0,1935.0,1960.0,313200
2026-05-22 09:00:00+09:00,2021.0,2048.0,1975.0,1980.0,254200
2026-05-25 09:00:00+09:00,2025.0,2141.0,2016.0,2093.0,375500
2026-05-26 09:00:00+09:00,2169.0,2185.0,2050.0,2050.0,644700
2026-05-27 09:00:00+09:00,2179.0,2340.0,2153.0,2186.0,486800
2026-05-28 09:00:00+09:00,2245.0,2264.0,2150.0,2170.0,354900
2026-05-29 09:00:00+09:00,2293.0,2463.0,2236.0,2295.0,902100
2026-06-01 09:00:00+09:00,2275.0,2345.0,2199.0,2340.0,366700
2026-06-02 09:00:00+09:00,2160.0,2225.0,2087.0,2225.0,391600
2026-06-03 09:00:00+09:00,2201.0,2282.0,2135.0,2166.0,337500
2026-06-04 09:00:00+09:00,2105.0,2172.0,2089.0,2172.0,271500
2026-06-05 09:00:00+09:00,2098.0,2138.0,2041.0,2079.0,222900
2026-06-08 09:00:00+09:00,1976.0,2039.0,1928.0,2010.0,394900
2026-06-09 09:00:00+09:00,1991.0,2015.0,1936.0,1980.0,261200
2026-06-10 09:00:00+09:00,1839.0,1963.0,1815.0,1963.0,378400
2026-06-11 09:00:00+09:00,1865.0,1875.0,1765.0,1800.0,300800
2026-06-12 09:00:00+09:00,1874.0,1924.0,1839.0,1900.0,246100
2026-06-15 09:00:00+09:00,1951.0,2000.0,1936.0,1940.0,267700
2026-06-16 09:00:00+09:00,2015.0,2026.0,1919.0,1948.0,251500
2026-06-17 09:00:00+09:00,2065.0,2130.0,1941.0,1990.0,270500
2026-06-18 09:00:00+09:00,2002.0,2148.0,1996.0,2085.0,307900
2026-06-19 09:00:00+09:00,2061.0,2128.0,2008.0,2010.0,246300
2026-06-22 09:00:00+09:00,2133.0,2146.0,2050.0,2067.0,291900
2026-06-23 09:00:00+09:00,2002.0,2144.0,1993.0,2137.0,286000
2026-06-24 09:00:00+09:00,2037.0,2060.0,1993.0,2002.0,185800
2026-06-25 09:00:00+09:00,2148.0,2235.0,2025.0,2090.0,457500
2026-06-26 09:00:00+09:00,2029.0,2135.0,2010.0,2100.0,193200
2026-06-29 09:00:00+09:00,2091.0,2118.0,2032.0,2100.0,237100
2026-06-30 09:00:00+09:00,2043.0,2102.0,2010.0,2091.0,151000
2026-07-01 09:00:00+09:00,2024.0,2059.0,2001.0,2047.0,123100
2026-07-02 09:00:00+09:00,2048.0,2081.0,2010.0,2065.0,138600
2026-07-03 09:00:00+09:00,2050.0,2055.0,1993.0,2031.0,151800
2026-07-06 09:00:00+09:00,2071.0,2102.0,2055.0,2055.0,119900
2026-07-07 09:00:00+09:00,2001.0,2076.0,2000.0,2071.0,140700
2026-07-08 09:00:00+09:00,2005.0,2065.0,1992.0,2001.0,215000
2026-07-09 09:00:00+09:00,1960.0,2020.0,1950.0,2008.0,162900
2026-07-10 09:00:00+09:00,1948.0,1997.0,1946.0,1980.0,141100
2026-07-13 09:00:00+09:00,1900.0,1983.0,1881.0,1940.0,157400
2026-07-14 09:00:00+09:00,1947.0,1971.0,1909.0,1936.0,133400
2026-07-15 09:00:00+09:00,1948.0,1979.0,1914.0,1947.0,121000
2026-07-16 09:00:00+09:00,1873.0,1940.0,1873.0,1918.0,167700
2026-07-17 09:00:00+09:00,1730.0,1863.0,1702.0,1847.0,381600
2026-07-21 09:00:00+09:00,1800.0,1836.0,1731.0,1770.0,273800
2026-07-22 09:00:00+09:00,1853.0,1892.0,1819.0,1840.0,167300
2026-07-23 09:00:00+09:00,1836.0,1870.0,1819.0,1835.0,148600
2026-07-24 09:00:00+09:00,1812.0,1857.0,1787.0,1816.0,140500
2026-07-27 09:00:00+09:00,1852.0,1880.0,1826.0,1869.0,124100
2026-07-28 09:00:00+09:00,1761.0,1868.0,1760.0,1855.0,149900
2026-07-29 09:00:00+09:00,1677.0,1800.0,1648.0,1795.0,306300
2026-07-30 09:00:00+09:00,1712.0,1739.0,1668.0,1700.0,184000
2026-07-31 09:00:00+09:00,1755.0,1799.0,1717.0,1748.0,135500
2026-08-03 09:00:00+09:00,1795.0,1823.0,1714.0,1715.0,218500
2026-08-04 09:00:00+09:00,1858.0,1858.0,1794.0,1795.0,181600
2026-08-05 09:00:00+09:00,1949.0,1958.0,1853.0,1888.0,314500
2026-08-06 09:00:00+09:00,1921.0,1939.0,1884.0,1909.0,162100
2026-08-07 09:00:00+09:00,1976.0,1980.0,1895.0,1961.0,283700
2026-08-10 09:00:00+09:00,1905.0,2032.0,1898.0,2021.0,515600
2026-08-12 09:00:00+09:00,1954.0,1968.0,1904.0,1918.0,259900
2026-08-13 09:00:00+09:00,2019.0,2026.0,1924.0,1954.0,244200
2026-08-14 09:00:00+09:00,2003.0,2071.0,1968.0,2010.0,444200
2026-08-17 09:00:00+09:00,2085.0,2107.0,2015.0,2018.0,339300
2026-08-18 09:00:00+09:00,1978.0,2105.0,1978.0,2060.0,362500
2026-08-19 09:00:00+09:00,1927.0,1978.0,1884.0,1938.0,287900
2026-08-20 09:00:00+09:00,1985.0,1999.0,1946.0,1946.0,226300
2026-08-21 09:00:00+09:00,1947.0,1978.0,1902.0,1950.0,170200
2026-08-24 09:00:00+09:00,2025.0,2041.0,1917.0,1947.0,211200
2026-08-25 09:00:00+09:00,2091.0,2106.0,2020.0,2025.0,335400
2026-08-26 09:00:00+09:00,2591.0,2591.0,2591.0,2591.0,327400
2026-08-27 09:00:00+09:00,3000.0,3095.0,2600.0,2906.0,11386300
2026-08-28 09:00:00+09:00,2830.0,2969.0,2802.0,2880.0,4966800
2026-08-31 09:00:00+09:00,2658.0,2890.0,2652.0,2830.0,2182400
2026-09-01 09:00:00+09:00,2726.0,2735.0,2502.0,2650.0,3046200
2026-09-02 09:00:00+09:00,2474.0,2656.0,2460.0,2608.0,1864900
2026-09-03 09:00:00+09:00,2611.0,2696.0,2442.0,2500.0,3321800
2026-09-04 09:00:00+09:00,2570.0,2617.0,2530.0,2594.0,1137200
