Date,Close,High,Low,Open,Volume
2019-07-24 09:00:00+09:00,1326.6448974609375,1329.6244480447915,1312.4920321876316,1318.4511333553394,1340800
2019-07-25 09:00:00+09:00,1401.878662109375,1422.7355178687067,1375.8075924102102,1386.236020289876,3305500
2019-07-26 09:00:00+09:00,1403.368408203125,1406.347958963641,1372.828012907834,1393.6848682314474,1283300
2019-07-29 09:00:00+09:00,1371.338134765625,1392.1949885263189,1368.358584228383,1389.9603256233875,1463300
2019-07-30 09:00:00+09:00,1375.0626220703125,1378.787060374945,1354.9506552252972,1361.6546441736357,1361900
2019-07-31 09:00:00+09:00,1407.8377685546875,1452.5310310484872,1355.695628978588,1369.8484954349578,3777000
2019-08-01 09:00:00+09:00,1456.2554931640625,1469.663472129256,1407.8377913453085,1412.3071176670396,3137900
2019-08-02 09:00:00+09:00,1416.03125,1456.2551781956865,1404.11304905313,1444.3369772488165,2100400
2019-08-05 09:00:00+09:00,1366.868896484375,1413.0519327688608,1348.2467044341793,1413.0519327688608,1861900
2019-08-06 09:00:00+09:00,1355.695556640625,1366.1239839993991,1311.7471842000773,1319.1960608849158,2004300
2019-08-07 09:00:00+09:00,1328.134521484375,1348.2464856347274,1320.6856458731336,1345.2669353902306,1743700
2019-08-08 09:00:00+09:00,1325.1551513671875,1337.073353965206,1320.6858253929304,1327.3898143543158,1077500
2019-08-09 09:00:00+09:00,1324.4102783203125,1348.991571449992,1319.9409522967344,1337.8182563910468,957000
2019-08-13 09:00:00+09:00,1323.6654052734375,1330.3693943828696,1306.5329886604443,1311.7472024122249,1157500
2019-08-14 09:00:00+09:00,1325.1551513671875,1337.8182416275822,1314.7267240939211,1335.5835786404537,845000
2019-08-15 09:00:00+09:00,1306.5330810546875,1309.512631980696,1283.4415613781223,1301.3188669341728,1042000
2019-08-16 09:00:00+09:00,1297.594482421875,1303.5535845225495,1287.910941508279,1294.6149313715378,807400
2019-08-19 09:00:00+09:00,1310.257568359375,1322.1757725059072,1303.5535785269508,1314.7268949143245,792100
2019-08-20 09:00:00+09:00,1344.52197265625,1344.52197265625,1307.2775966823926,1311.0020342797784,755200
2019-08-21 09:00:00+09:00,1335.5836181640625,1343.0324950082568,1319.1960891068347,1322.9205275289319,838800
2019-08-22 09:00:00+09:00,1304.2984619140625,1322.9206558305968,1299.8291353740942,1322.1757680739354,1181000
2019-08-23 09:00:00+09:00,1290.890380859375,1306.533022520106,1287.910830066855,1297.5943701425456,927900
2019-08-26 09:00:00+09:00,1278.227294921875,1290.1454981379297,1261.8397654997996,1266.30909170582,1202000
2019-08-27 09:00:00+09:00,1281.2066650390625,1291.6350913824037,1277.4822270592977,1283.4413278269212,1085100
2019-08-28 09:00:00+09:00,1270.7783203125,1289.400511407349,1261.8396685869723,1278.9720843942334,979100
2019-08-29 09:00:00+09:00,1266.3089599609375,1270.0333980784696,1259.6049713493796,1266.3089599609375,964200
2019-08-30 09:00:00+09:00,1296.8494873046875,1296.8494873046875,1270.778417772428,1278.9721824825667,951500
2019-09-02 09:00:00+09:00,1290.1453857421875,1300.5738126477247,1285.6760599255285,1292.380048650517,391100
2019-09-03 09:00:00+09:00,1296.8494873046875,1300.573925809296,1291.6352733982358,1296.1045996037658,472100
2019-09-04 09:00:00+09:00,1272.2681884765625,1280.4619531564467,1252.901108324109,1278.9721777601042,976800
2019-09-05 09:00:00+09:00,1310.257568359375,1318.451333710116,1283.4416090296777,1288.6558233437856,796400
2019-09-06 09:00:00+09:00,1314.7265625,1325.899876062323,1298.3390359419263,1319.1958879249294,767900
2019-09-09 09:00:00+09:00,1300.5738525390625,1306.5329538107192,1294.6147512674058,1304.298290833848,773800
2019-09-10 09:00:00+09:00,1326.6448974609375,1345.2670886100243,1321.4306839391932,1325.1551221690106,860600
2019-09-11 09:00:00+09:00,1381.0218505859375,1381.7667383154876,1337.81836227203,1343.0325763788808,1307200
2019-09-12 09:00:00+09:00,1385.4910888671875,1404.8581686040407,1379.5319874096942,1404.8581686040407,1421100
2019-09-13 09:00:00+09:00,1381.7666015625,1400.388792958221,1369.1035114134097,1400.388792958221,1636500
2019-09-17 09:00:00+09:00,1400.388916015625,1402.6235791794797,1372.0831826067986,1385.4911615899268,1409100
2019-09-18 09:00:00+09:00,1389.2154541015625,1399.643881102861,1375.0625888855145,1397.4092181740116,907900
2019-09-19 09:00:00+09:00,1410.8172607421875,1423.480351255713,1395.9195071968636,1399.6439455831946,1182800
2019-09-20 09:00:00+09:00,1407.0928955078125,1427.204863839581,1397.409355199924,1422.7355375436325,2002900
2019-09-24 09:00:00+09:00,1465.1942138671875,1467.4288771318552,1415.2867342896066,1415.2867342896066,1878400
2019-09-25 09:00:00+09:00,1484.56103515625,1484.56103515625,1439.1228900762042,1458.4899683070435,1653900
2019-09-26 09:00:00+09:00,1493.4998779296875,1527.0198253146432,1487.540776172362,1498.7140919673473,1936000
2019-09-27 09:00:00+09:00,1491.2254638671875,1504.8716551989664,1468.4818116475558,1493.4998290891506,1802900
2019-09-30 09:00:00+09:00,1440.43115234375,1468.4816537314966,1432.849935752467,1466.96541041324,1510700
2019-10-01 09:00:00+09:00,1463.1748046875,1484.4022111803756,1457.109831403821,1457.109831403821,948300
2019-10-02 09:00:00+09:00,1474.5469970703125,1481.3700937148537,1450.287097889721,1454.0777071366886,1252600
2019-10-03 09:00:00+09:00,1454.0775146484375,1457.8681233936106,1430.5757404283636,1447.2544189071257,866900
2019-10-04 09:00:00+09:00,1455.59375,1469.9980631510418,1442.7056803385417,1451.8031412760417,982600
2019-10-07 09:00:00+09:00,1447.25439453125,1466.9655596741586,1441.1894206411241,1460.9005857840327,958000
2019-10-08 09:00:00+09:00,1470.756103515625,1483.6441724639578,1462.4167647843508,1463.1748864871938,1150100
2019-10-09 09:00:00+09:00,1457.1097412109375,1458.625984438004,1445.7379170079384,1454.0772547568045,1237000
2019-10-10 09:00:00+09:00,1460.1424560546875,1464.6911864473811,1432.0919519664094,1453.319360465647,1518500
2019-10-11 09:00:00+09:00,1477.5792236328125,1481.3698322106288,1461.6586676059837,1476.821101917249,1217100
2019-10-15 09:00:00+09:00,1473.78857421875,1509.4202938629276,1473.0304525241932,1500.322833528244,1461700
2019-10-16 09:00:00+09:00,1520.033935546875,1523.0664222013327,1490.4671906659132,1501.8390156201294,2065200
2019-10-17 09:00:00+09:00,1504.1136474609375,1512.452987240207,1487.434967902399,1510.9367436439761,734200
2019-10-18 09:00:00+09:00,1495.01611328125,1516.2435225976164,1493.4998697586523,1514.727279075019,570500
2019-10-21 09:00:00+09:00,1529.13134765625,1531.405712575917,1501.8389686202436,1501.8389686202436,790600
2019-10-23 09:00:00+09:00,1530.6473388671875,1531.4054603822283,1491.2250200850708,1523.8242452318211,1160800
2019-10-24 09:00:00+09:00,1554.9075927734375,1557.9400795462768,1535.196428749981,1537.4707938296106,982300
2019-10-25 09:00:00+09:00,1553.391357421875,1567.037547970237,1545.0520187534316,1560.214452696056,459400
2019-10-28 09:00:00+09:00,1545.8101806640625,1561.7307367179837,1538.2289634955287,1560.9726150011302,699000
2019-10-29 09:00:00+09:00,1545.052001953125,1554.907583908665,1538.9870284420235,1548.8426103975635,871100
2019-10-30 09:00:00+09:00,1551.8751220703125,1552.6332437713727,1529.8895927395654,1542.7776616575895,1026400
2019-10-31 09:00:00+09:00,1535.9544677734375,1560.214360650412,1517.0014264633014,1548.0844142119247,2145300
2019-11-01 09:00:00+09:00,1524.5828857421875,1527.6153728346633,1429.8176641023201,1520.7922768765927,1849600
2019-11-05 09:00:00+09:00,1625.4129638671875,1629.2035724582956,1531.4058708077048,1540.5033314263644,2341600
2019-11-06 09:00:00+09:00,1616.315673828125,1632.2362315909722,1607.218212249355,1623.896891810433,1235900
2019-11-07 09:00:00+09:00,1629.961669921875,1631.4779133357556,1610.2505055414242,1614.7992357830667,1188600
2019-11-08 09:00:00+09:00,1598.878662109375,1634.5103819382707,1594.3299319184523,1629.9616517473478,1190600
2019-11-11 09:00:00+09:00,1557.93994140625,1616.31530660736,1554.1493332763077,1600.3947524616028,1327000
2019-11-12 09:00:00+09:00,1585.232421875,1592.8136386223698,1551.1169465118367,1561.7306499581541,1470700
2019-11-13 09:00:00+09:00,1570.070068359375,1592.813719760042,1564.0050946525305,1585.2325026264864,1152000
2019-11-14 09:00:00+09:00,1535.9544677734375,1572.344307088899,1532.1638595114102,1570.0699421316826,815100
2019-11-15 09:00:00+09:00,1545.052001953125,1565.5212875530929,1541.2613935086865,1548.0844887086757,1045700
2019-11-18 09:00:00+09:00,1526.857177734375,1556.4239254660733,1519.2759603672728,1547.326464625551,982400
2019-11-19 09:00:00+09:00,1533.680419921875,1538.2291507768089,1518.517983738762,1523.8248364028516,1002100
2019-11-20 09:00:00+09:00,1506.3875732421875,1532.921828432664,1493.4995064353848,1531.4055852789224,1584900
2019-11-21 09:00:00+09:00,1491.2254638671875,1502.5972899770034,1457.10998553774,1497.2904377924226,1569400
2019-11-22 09:00:00+09:00,1491.2254638671875,1511.6947508648561,1480.611759498026,1501.0810464956946,1433400
2019-11-25 09:00:00+09:00,1510.9365234375,1514.7271318756273,1487.4347511211115,1500.322819810744,995700
2019-11-26 09:00:00+09:00,1455.59375,1521.550341796875,1455.59375,1516.2434895833335,2346100
2019-11-27 09:00:00+09:00,1463.93310546875,1483.6442710524825,1459.384374949427,1465.449348975191,1702700
2019-11-28 09:00:00+09:00,1432.8499755859375,1446.4961658296131,1422.994393743283,1446.4961658296131,1387500
2019-11-29 09:00:00+09:00,1402.5250244140625,1446.4960792335305,1397.9762946051521,1440.4311061549831,1367800
2019-12-02 09:00:00+09:00,1429.0594482421875,1435.882543751036,1405.55767482282,1405.55767482282,1688900
2019-12-03 09:00:00+09:00,1444.9801025390625,1445.738224313742,1407.0740138050892,1413.8971097772044,2072500
2019-12-04 09:00:00+09:00,1451.802978515625,1462.416681752815,1436.6405453196394,1444.9798835774316,1190400
2019-12-05 09:00:00+09:00,1484.40234375,1486.6767089344996,1457.1099615360063,1457.1099615360063,1318000
2019-12-06 09:00:00+09:00,1496.5321044921875,1497.2902261256688,1470.7559689538216,1482.127793456042,1100100
2019-12-09 09:00:00+09:00,1498.8067626953125,1520.7922943686378,1491.9836666587635,1517.7598072412827,1205800
2019-12-10 09:00:00+09:00,1496.5321044921875,1503.3551991935196,1485.1602799899672,1491.225253057818,890900
2019-12-11 09:00:00+09:00,1458.6260986328125,1496.5321822771164,1456.3517336141545,1496.5321822771164,1301400
2019-12-12 09:00:00+09:00,1465.44921875,1473.7885572943612,1461.658610320745,1472.2723139226591,1197100
2019-12-13 09:00:00+09:00,1473.78857421875,1491.9834948881173,1461.6586271058386,1491.2253731935605,1485100
2019-12-16 09:00:00+09:00,1451.044921875,1483.6441547070924,1449.5286784874609,1477.5791811569356,735900
2019-12-17 09:00:00+09:00,1493.4998779296875,1493.4998779296875,1464.6912508427188,1466.207494373612,1513600
2019-12-18 09:00:00+09:00,1507.9036865234375,1523.8242382665205,1485.160041176176,1503.3549574539852,1332700
2019-12-19 09:00:00+09:00,1507.1458740234375,1513.9689690265618,1489.70907568212,1498.0484140192718,1129600
2019-12-20 09:00:00+09:00,1494.258056640625,1504.113639967022,1480.6118643425373,1501.8392745840072,1345200
2019-12-23 09:00:00+09:00,1483.6441650390625,1501.0809641171916,1474.5467046504737,1501.0809641171916,665000
2019-12-24 09:00:00+09:00,1463.93310546875,1480.6117840396005,1455.5937661833245,1478.337418779939,498400
2019-12-25 09:00:00+09:00,1463.93310546875,1466.9655924816318,1448.01254865112,1455.5937661833245,388200
2019-12-26 09:00:00+09:00,1481.3697509765625,1481.3697509765625,1459.384222430851,1471.514169214692,621200
2019-12-27 09:00:00+09:00,1477.5792236328125,1495.0160230907677,1474.5467367705594,1489.7091710818247,452700
2019-12-30 09:00:00+09:00,1432.0919189453125,1467.7236395331524,1432.0919189453125,1467.7236395331524,908800
2020-01-06 09:00:00+09:00,1420.7200927734375,1421.4782144878309,1390.395224197697,1403.2832933423867,1178100
2020-01-07 09:00:00+09:00,1449.52880859375,1451.0450521173836,1426.7851557392457,1432.0920080719634,818000
2020-01-08 09:00:00+09:00,1417.6873779296875,1440.4310257039606,1394.9437301554144,1427.5429586318726,1120200
2020-01-09 09:00:00+09:00,1421.47802734375,1435.12421640625,1411.6224463541669,1432.0917299479167,891600
2020-01-10 09:00:00+09:00,1421.47802734375,1430.5754867187502,1413.1386895833334,1413.1386895833334,848100
2020-01-14 09:00:00+09:00,1454.835693359375,1461.6587893678347,1432.0920399978422,1448.7707191296329,1335300
2020-01-15 09:00:00+09:00,1469.9979248046875,1480.61162823288,1457.8679780296102,1478.3372632125531,1230000
2020-01-16 09:00:00+09:00,1434.3663330078125,1447.254402596149,1421.478263419476,1444.980037374678,1108300
2020-01-17 09:00:00+09:00,1475.3048095703125,1480.6116614032992,1444.9799419532455,1451.8030371670857,1090200
2020-01-20 09:00:00+09:00,1474.5469970703125,1495.0162870039362,1472.272631522132,1479.8538500160666,769700
2020-01-21 09:00:00+09:00,1483.6441650390625,1488.9510169324062,1468.4817310580809,1474.5467046504737,829500
2020-01-22 09:00:00+09:00,1478.33740234375,1483.6442545572918,1466.965576171875,1482.8861328125001,829200
2020-01-23 09:00:00+09:00,1460.1424560546875,1482.1279862860404,1457.8680908583406,1479.095499357578,537700
2020-01-24 09:00:00+09:00,1482.8861083984375,1483.6442301307477,1463.1749433583766,1467.7236737522367,666600
2020-01-27 09:00:00+09:00,1419.203857421875,1452.5612130450388,1418.4457357031667,1452.5612130450388,1232100
2020-01-28 09:00:00+09:00,1473.78857421875,1490.4672514990034,1398.73452645761,1409.3482301814076,2313000
2020-01-29 09:00:00+09:00,1466.2071533203125,1467.7233964985135,1437.3985329344946,1457.1096942511067,1158800
2020-01-30 09:00:00+09:00,1441.947509765625,1473.7886219686513,1430.5756839788298,1468.4817699348137,1272100
2020-01-31 09:00:00+09:00,1391.9114990234375,1444.2218984965405,1382.0559165140123,1431.3338290611384,3259400
2020-02-03 09:00:00+09:00,1443.4637451171875,1458.626179414637,1347.1822873283834,1356.2797479068531,1968500
2020-02-04 09:00:00+09:00,1422.9942626953125,1430.5754787991766,1371.4419931890359,1398.734371162947,1824100
2020-02-05 09:00:00+09:00,1406.3157958984375,1432.0919344755516,1394.943970055593,1431.3338127526954,1588100
2020-02-06 09:00:00+09:00,1432.0919189453125,1454.8355703843592,1426.0269452282332,1436.6406492331218,1751100
2020-02-07 09:00:00+09:00,1420.7200927734375,1448.7705962059972,1415.413240772683,1444.9799876340298,613600
2020-02-10 09:00:00+09:00,1450.2867431640625,1451.8029864919915,1408.5900516460158,1417.6875116135895,1297900
2020-02-12 09:00:00+09:00,1454.835693359375,1456.3519369168105,1432.85016177656,1440.4313795637377,1217100
2020-02-13 09:00:00+09:00,1496.5321044921875,1497.2902261256688,1451.0448064833065,1454.0772930172318,1588000
2020-02-14 09:00:00+09:00,1474.5469970703125,1495.0162870039362,1462.417047480017,1487.4350685100014,1549500
2020-02-17 09:00:00+09:00,1435.8824462890625,1459.3842181132234,1429.0593512433384,1459.3842181132234,970800
2020-02-18 09:00:00+09:00,1422.9942626953125,1431.3336004095631,1411.6224385395162,1430.5754787991766,691300
2020-02-19 09:00:00+09:00,1436.640625,1440.4312335092347,1420.7200692612137,1437.398746701847,632000
2020-02-20 09:00:00+09:00,1445.7381591796875,1462.4168374712203,1439.6731852554938,1448.0125244012602,776500
2020-02-21 09:00:00+09:00,1448.0123291015625,1465.449126781843,1444.221720910197,1445.7379641867433,1008100
2020-02-25 09:00:00+09:00,1347.1822509765625,1401.0088912800718,1344.9078858933158,1372.200266892278,2165700
2020-02-26 09:00:00+09:00,1329.745361328125,1334.2940911844355,1309.2760769747274,1333.5359695417171,1704200
2020-02-27 09:00:00+09:00,1316.8575439453125,1346.424293636658,1303.211351780076,1341.8755629149125,1665400
2020-02-28 09:00:00+09:00,1228.1572265625,1265.3051920572918,1216.0272786458333,1257.723974609375,2275200
2020-03-02 09:00:00+09:00,1199.3486328125,1231.947868723333,1187.2186845666088,1197.8323892817637,2548500
2020-03-03 09:00:00+09:00,1177.36279296875,1237.2543967321312,1177.36279296875,1229.6731810658805,1805400
2020-03-04 09:00:00+09:00,1170.539794921875,1184.9441058697478,1144.763659541471,1162.2004570046854,1159900
2020-03-05 09:00:00+09:00,1156.135498046875,1188.7347284836067,1151.586768218494,1181.1535121029713,1263600
2020-03-06 09:00:00+09:00,1110.6483154296875,1130.3594800721255,1102.308976542502,1127.3269932040582,1542100
2020-03-09 09:00:00+09:00,1015.8831787109375,1072.7423118477438,1009.8182045096783,1065.1610940961696,2090800
2020-03-10 09:00:00+09:00,1024.9805908203125,1031.8036864692642,940.0709560778014,986.3163821429191,2915100
2020-03-11 09:00:00+09:00,1019.6737060546875,1063.644765497938,1017.399340911071,1028.0130449146143,2357800
2020-03-12 09:00:00+09:00,978.7352294921875,1010.5763446267126,957.5078194025042,990.1070563259465,2102800
2020-03-13 09:00:00+09:00,918.08544921875,955.9915371303416,890.7930659224039,909.7461098781997,2978100
2020-03-16 09:00:00+09:00,864.2587890625,914.29482421875,858.1938151041667,914.29482421875,2888900
2020-03-17 09:00:00+09:00,846.822021484375,863.500700510925,811.1902981094729,836.2083166492978,3891700
2020-03-18 09:00:00+09:00,827.1107788085938,880.1792980722066,821.8039268822325,858.9518903667615,2702500
2020-03-19 09:00:00+09:00,818.771484375,850.61259765625,807.399658203125,849.0963541666667,2807900
2020-03-23 09:00:00+09:00,852.1287841796875,857.4356360384578,809.6739693095251,811.9483343918553,3104400
2020-03-24 09:00:00+09:00,930.9733276367188,937.7964220575091,887.7603963050469,912.020287578968,2370100
2020-03-25 09:00:00+09:00,1007.543701171875,1023.4642562693989,972.6701042915843,1021.9480129267776,2605300
2020-03-26 09:00:00+09:00,982.525634765625,1026.496689407914,972.6700535526983,1009.8180135091146,1871000
2020-03-27 09:00:00+09:00,1043.9337158203125,1044.6918376182937,1008.3019913151892,1019.6738182849094,1934200
2020-03-30 09:00:00+09:00,1036.154541015625,1036.9324348151863,980.1461874472128,1008.150364231419,1539400
2020-03-31 09:00:00+09:00,1046.2674560546875,1072.715852713319,1035.3769397834863,1041.6000919384585,2354900
2020-04-01 09:00:00+09:00,981.701904296875,1034.5986788548682,975.4787543488758,1029.1534226503688,1723700
2020-04-02 09:00:00+09:00,950.586181640625,980.1461447358326,945.1409252809815,958.3651192972585,1249400
2020-04-03 09:00:00+09:00,933.4724731445312,1030.7091890970867,923.3598546854655,1029.1534016418457,1324400
2020-04-06 09:00:00+09:00,949.0304565429688,986.3693597512167,934.2504740230373,942.8073060082608,1569300
2020-04-07 09:00:00+09:00,1001.9273681640625,1011.2620951966469,974.7010809856913,990.258959373332,1567900
2020-04-08 09:00:00+09:00,991.0368041992188,1008.1504695778552,965.3663061312642,1005.8167879353139,1057500
2020-04-09 09:00:00+09:00,983.2578735351562,995.7041757318038,969.2557835639277,980.1462979859944,812900
2020-04-10 09:00:00+09:00,993.3704223632812,995.7041038566954,955.2536246375171,994.1483161944193,779300
2020-04-13 09:00:00+09:00,976.2568359375,1001.1494405191734,973.1452603647908,991.8147138010459,767800
2020-04-14 09:00:00+09:00,1000.37158203125,1005.0389455555015,961.4768859958203,972.3674008857407,921300
2020-04-15 09:00:00+09:00,981.701904296875,996.4818854233731,974.7008606053759,987.9250542448742,1019700
2020-04-16 09:00:00+09:00,959.921142578125,972.3674458854589,949.8085211409162,971.5895519287506,956800
2020-04-17 09:00:00+09:00,969.2556762695312,987.9251274978369,954.4756940471227,959.9209506553785,957900
2020-04-20 09:00:00+09:00,968.477783203125,977.81250882436,963.8104203925076,963.8104203925076,662400
2020-04-21 09:00:00+09:00,935.0283813476562,970.8114974391639,933.4725936915037,963.0325591584013,1379900
2020-04-22 09:00:00+09:00,900.8010864257812,930.3610529924304,892.2442539985933,922.5821144222596,1565500
2020-04-23 09:00:00+09:00,949.0304565429688,954.4757132608382,917.9147038694289,917.9147038694289,1343500
2020-04-24 09:00:00+09:00,944.3630981445312,959.1430807349317,937.3620537596048,949.0304610678156,987700
2020-04-27 09:00:00+09:00,971.5895385742188,972.367432520235,945.1411444096684,951.364295977798,1178200
2020-04-28 09:00:00+09:00,991.0368041992188,996.4820613651486,964.588412250417,987.1473347949833,1456800
2020-04-30 09:00:00+09:00,1017.4851684570312,1038.4883026683003,1007.372548281235,1023.7083193344442,1455000
2020-05-01 09:00:00+09:00,1004.2609252929688,1016.7072264584897,991.0367303046028,1005.8167129386588,896100
2020-05-07 09:00:00+09:00,1054.8240966796875,1115.4998190550677,1038.4883252709312,1089.0514272504147,3092800
2020-05-08 09:00:00+09:00,1075.04931640625,1083.6061488812636,1032.2651540311822,1073.4935286835203,2230200
2020-05-11 09:00:00+09:00,1089.829345703125,1103.8314357978118,1078.1609372908858,1085.1619823382293,1229200
2020-05-12 09:00:00+09:00,1080.494873046875,1099.1643308964972,1065.714885582591,1089.829601971686,888500
2020-05-13 09:00:00+09:00,1068.826171875,1071.9377473389738,1040.0440988332423,1046.26724976119,995500
2020-05-14 09:00:00+09:00,1019.8189086914062,1067.2704368608765,1018.2631208825711,1064.936755147624,968300
2020-05-15 09:00:00+09:00,1026.0421142578125,1040.8220992243769,1007.3726595632049,1034.5989476595078,678700
2020-05-18 09:00:00+09:00,1049.3787841796875,1054.8240410286555,1022.1524999348476,1041.599845824019,1011100
2020-05-19 09:00:00+09:00,1094.4967041015625,1105.3872185702346,1072.7156751642178,1095.274597992182,1756700
2020-05-20 09:00:00+09:00,1103.83154296875,1106.9431188474498,1069.6042083030525,1071.1599962424023,1011900
2020-05-21 09:00:00+09:00,1106.1651611328125,1118.6114639303687,1102.275691508576,1113.9441003812851,844400
2020-05-22 09:00:00+09:00,1089.051513671875,1114.7220136369976,1081.2725742885045,1114.7220136369976,830500
2020-05-25 09:00:00+09:00,1124.056640625,1127.1682161007784,1101.4977184256054,1120.1671712802768,1320900
2020-05-26 09:00:00+09:00,1166.8408203125,1170.7302897135417,1127.168232421875,1135.7250651041668,2162100
2020-05-27 09:00:00+09:00,1205.7353515625,1217.4037581905243,1167.6185565776211,1185.5101134072581,2236000
2020-05-28 09:00:00+09:00,1235.295654296875,1254.7430040181735,1215.0704105867246,1245.40827615195,2112700
2020-05-29 09:00:00+09:00,1169.9521484375,1232.9615394105301,1169.9521484375,1208.8468342233211,3083000
2020-06-01 09:00:00+09:00,1227.5166015625,1228.29449547984,1182.3987543567807,1192.5113752822006,2407100
2020-06-02 09:00:00+09:00,1236.073486328125,1241.5187439771476,1195.623000935386,1204.9577283337103,1956500
2020-06-03 09:00:00+09:00,1252.4091796875,1264.8554820943323,1233.7397260772516,1260.1881186917703,1855200
2020-06-04 09:00:00+09:00,1246.9639892578125,1279.6355348278862,1231.4061104149202,1267.9671256957172,1190500
2020-06-05 09:00:00+09:00,1271.8564453125,1273.4122330131881,1234.5175404959862,1249.2975236525228,1277400
2020-06-08 09:00:00+09:00,1278.0794677734375,1294.4152369902617,1268.7447425066807,1291.3036619013428,1287600
2020-06-09 09:00:00+09:00,1278.0794677734375,1329.4204567405993,1269.5226362789106,1316.196262612694,1695200
2020-06-10 09:00:00+09:00,1274.1900634765625,1281.969001593025,1250.0753553155287,1253.1869305621137,1192700
2020-06-11 09:00:00+09:00,1245.4080810546875,1274.190154133403,1237.6291423847642,1267.189109330472,1402400
2020-06-12 09:00:00+09:00,1229.072265625,1243.85224856606,1201.068087420886,1202.6238750988923,1313400
2020-06-15 09:00:00+09:00,1209.6248779296875,1248.5195685383592,1209.6248779296875,1228.2943294218499,1253300
2020-06-16 09:00:00+09:00,1274.968017578125,1279.63538066871,1219.7375543395365,1240.7406882471687,1559000
2020-06-17 09:00:00+09:00,1249.29736328125,1274.1899632968166,1249.29736328125,1264.0773445404927,944200
2020-06-18 09:00:00+09:00,1274.1900634765625,1275.745851099855,1227.5164347777873,1235.2953728942498,1493300
2020-06-19 09:00:00+09:00,1275.7459716796875,1285.080698301734,1261.7438817466177,1285.080698301734,2198200
2020-06-22 09:00:00+09:00,1267.967041015625,1271.8565104665931,1252.4091632117522,1271.8565104665931,644200
2020-06-23 09:00:00+09:00,1260.9661865234375,1285.8587947706615,1255.5209284693574,1281.9693247320326,795500
2020-06-24 09:00:00+09:00,1246.9639892578125,1251.6313529106803,1228.2945346463418,1243.0745195470895,1440100
2020-06-25 09:00:00+09:00,1203.40185546875,1221.293415052319,1198.7344920991234,1215.8481577877546,1375800
2020-06-26 09:00:00+09:00,1197.9566650390625,1215.8482256208147,1193.2893014090403,1208.8471801757812,1258400
2020-06-29 09:00:00+09:00,1151.282958984375,1178.5092451765731,1145.0598078547298,1177.7313512853673,1720800
2020-06-30 09:00:00+09:00,1171.508056640625,1196.4006581097485,1169.1743752528946,1173.8417380283554,1693000
2020-07-01 09:00:00+09:00,1157.5059814453125,1186.2880522204982,1147.3933619837608,1174.619645149477,1070400
2020-07-02 09:00:00+09:00,1178.50927734375,1189.3997921178836,1149.7272025835396,1151.2829904084158,1042900
2020-07-03 09:00:00+09:00,1167.61865234375,1185.5102106408228,1153.616563241693,1172.286015377769,539500
2020-07-06 09:00:00+09:00,1207.291259765625,1210.402835177392,1159.0618408832354,1162.1734162950024,945100
2020-07-07 09:00:00+09:00,1193.2891845703125,1219.7375758841265,1182.3986704999184,1217.4038942976133,1522700
2020-07-08 09:00:00+09:00,1203.40185546875,1215.8481577877546,1194.8450226244345,1203.40185546875,1605600
2020-07-09 09:00:00+09:00,1180.065185546875,1199.5125353416488,1168.3967756700108,1195.623065382694,1014000
2020-07-10 09:00:00+09:00,1144.28173828125,1166.0627638909543,1139.6143756505992,1155.9501448578774,1250700
2020-07-13 09:00:00+09:00,1181.6207275390625,1183.9544090286063,1155.1723373242316,1166.840744771951,946900
2020-07-14 09:00:00+09:00,1170.7303466796875,1188.6219067950583,1166.8408770893896,1171.508240597747,730100
2020-07-15 09:00:00+09:00,1192.51123046875,1207.291213103392,1180.0649293027357,1187.8438675314947,994600
2020-07-16 09:00:00+09:00,1183.954345703125,1218.9595661739795,1183.1764519148837,1214.2922034445323,1231500
2020-07-17 09:00:00+09:00,1167.61865234375,1187.8438921578322,1166.0628646657437,1183.9544229628164,926900
2020-07-20 09:00:00+09:00,1176.1756591796875,1187.0661745424625,1164.5072498624286,1187.0661745424625,863000
2020-07-21 09:00:00+09:00,1183.954345703125,1190.1774960090547,1167.6185761500597,1179.2869829736778,1123100
2020-07-22 09:00:00+09:00,1197.1785888671875,1203.401739426601,1178.5091371889466,1181.6207124686534,1034000
2020-07-27 09:00:00+09:00,1192.51123046875,1206.513319280516,1173.8417787197284,1205.7354254576403,895300
2020-07-28 09:00:00+09:00,1180.8426513671875,1193.2889507228365,1175.3973953990912,1188.621588464468,513800
2020-07-29 09:00:00+09:00,1166.0628662109375,1169.9523354111075,1157.5060339705637,1166.0628662109375,558300
2020-07-30 09:00:00+09:00,1145.837646484375,1169.1744620950547,1145.0597526306856,1169.1744620950547,514300
2020-07-31 09:00:00+09:00,1093.71875,1143.5039562588904,1092.1629623044096,1143.5039562588904,1040000
2020-08-03 09:00:00+09:00,1116.27783203125,1117.8336199504574,1098.386270960366,1103.8315286775915,900800
2020-08-04 09:00:00+09:00,1159.83984375,1173.0640404929577,1138.8367077464789,1139.6146016725352,1306600
2020-08-05 09:00:00+09:00,1153.6165771484375,1166.8407725709078,1137.2808063324446,1145.0597448162507,1310600
2020-08-06 09:00:00+09:00,1152.8388671875,1173.8420044439524,1089.0515614456815,1149.7272912976553,1914400
2020-08-07 09:00:00+09:00,1181.6207275390625,1207.2912239240454,1157.5060188137754,1166.062850942103,1944700
2020-08-11 09:00:00+09:00,1266.411376953125,1271.0787407502496,1205.735647590506,1226.7387846775664,1625900
2020-08-12 09:00:00+09:00,1284.3028564453125,1287.4144321120486,1254.74288761132,1260.188145028108,1320400
2020-08-13 09:00:00+09:00,1322.419677734375,1335.6438745117186,1299.8607538200827,1301.4165416762407,1730200
2020-08-14 09:00:00+09:00,1352.7574462890625,1359.7584911519732,1335.6437810686143,1341.8669320578683,2177400
2020-08-17 09:00:00+09:00,1334.0880126953125,1337.1995882351266,1320.0859227661488,1337.1995882351266,1090400
2020-08-18 09:00:00+09:00,1343.4227294921875,1347.3121988885168,1321.6417008727426,1330.1985335446675,1193300
2020-08-19 09:00:00+09:00,1346.5343017578125,1346.5343017578125,1317.752228294474,1328.6427425778993,844600
2020-08-20 09:00:00+09:00,1341.089111328125,1349.6459444050445,1322.4196573421186,1324.7533390903693,1031200
2020-08-21 09:00:00+09:00,1345.7562255859375,1351.9793757620575,1338.7551816378025,1341.0888629538476,532400
2020-08-24 09:00:00+09:00,1365.2037353515625,1365.9816292178596,1349.6458580256187,1361.3142660200765,706600
2020-08-25 09:00:00+09:00,1414.989013671875,1421.2121649139724,1382.3174696508643,1383.8732574613884,1414900
2020-08-26 09:00:00+09:00,1440.659423828125,1446.1046808296353,1395.5415801013264,1400.208943245478,1800000
2020-08-27 09:00:00+09:00,1437.5479736328125,1446.8827007343243,1426.6574586810486,1446.8827007343243,1481200
2020-08-28 09:00:00+09:00,1475.664794921875,1488.1110978837885,1437.5479921010146,1439.103779971254,2807000
2020-08-31 09:00:00+09:00,1516.8929443359375,1533.2287145057091,1500.5571741661659,1500.5571741661659,1955100
2020-09-01 09:00:00+09:00,1506.780517578125,1510.6699871640262,1476.4426548080955,1493.5563209860609,1555900
2020-09-02 09:00:00+09:00,1527.0054931640625,1533.2286434163868,1513.0034050963332,1516.8928740040358,1600200
2020-09-03 09:00:00+09:00,1555.787841796875,1569.0120384521483,1541.785751220703,1549.5646904296875,1582700
2020-09-04 09:00:00+09:00,1538.674072265625,1548.0087986898857,1529.3393458413643,1534.784602922183,1424100
2020-09-07 09:00:00+09:00,1539.451904296875,1561.232931745239,1530.8950720850178,1548.0087365087322,1467300
2020-09-08 09:00:00+09:00,1513.7816162109375,1524.6721314354768,1499.7795252079588,1523.1163435462568,1506400
2020-09-09 09:00:00+09:00,1516.115234375,1521.560491758594,1478.7763266017828,1483.443690073435,1739700
2020-09-10 09:00:00+09:00,1555.0098876953125,1558.1214632584847,1521.5604503912114,1529.3393892991419,1183700
2020-09-11 09:00:00+09:00,1557.3436279296875,1558.1215218497323,1530.1173407281196,1540.229961688702,1587900
2020-09-14 09:00:00+09:00,1600.905517578125,1609.4623497906416,1576.0129147780763,1578.346596290581,1351000
2020-09-15 09:00:00+09:00,1602.4613037109375,1612.573923588725,1565.900293383552,1567.4560810570576,1971300
2020-09-16 09:00:00+09:00,1608.6846923828125,1618.0194198047632,1593.1268133462283,1602.4615407681788,1200500
2020-09-17 09:00:00+09:00,1594.682373046875,1611.0181436975993,1581.4581777581936,1581.4581777581936,2115500
2020-09-18 09:00:00+09:00,1621.9088134765625,1641.3561613599745,1603.2393595084868,1608.6846169158423,2661200
2020-09-23 09:00:00+09:00,1619.5750732421875,1635.9108448743134,1612.574028256991,1625.7982243401402,1581700
2020-09-24 09:00:00+09:00,1611.018310546875,1618.7972497576277,1598.5720078096708,1604.0172652571976,1760600
2020-09-25 09:00:00+09:00,1614.90771484375,1621.908759850298,1589.237216486407,1593.1266859344894,2026400
2020-09-28 09:00:00+09:00,1650.690673828125,1650.690673828125,1623.4643903295462,1625.7980717722814,1280300
2020-09-29 09:00:00+09:00,1672.837158203125,1684.7012515237145,1642.781455124298,1668.882460429595,1232100
2020-09-30 09:00:00+09:00,1668.8824462890625,1699.72908866123,1660.1821112610153,1664.1368090010367,2040900
2020-10-02 09:00:00+09:00,1672.0462646484375,1672.0462646484375,1644.3633794721388,1657.0184126955896,1812500
2020-10-05 09:00:00+09:00,1708.4293212890625,1740.8578408135309,1694.1924102783203,1700.5199262830947,1440400
2020-10-06 09:00:00+09:00,1721.8753662109375,1750.3491894463962,1715.547849936391,1740.0669755002582,1031100
2020-10-07 09:00:00+09:00,1732.157470703125,1742.4396839995363,1720.293378438035,1723.4571363753923,1049000
2020-10-08 09:00:00+09:00,1740.8580322265625,1743.230850989252,1727.4120592379884,1740.0670926389994,752200
2020-10-09 09:00:00+09:00,1749.5579833984375,1759.8401957782655,1740.8576498462753,1747.1851651569386,999300
2020-10-12 09:00:00+09:00,1747.1854248046875,1752.722001524304,1724.2481783948476,1732.9485132399593,877000
2020-10-13 09:00:00+09:00,1757.4676513671875,1765.377046737877,1751.140135070636,1759.8404699783944,776500
2020-10-14 09:00:00+09:00,1768.541015625,1772.4957137815854,1745.6037663168047,1748.767524842073,810200
2020-10-15 09:00:00+09:00,1744.0216064453125,1761.422275534563,1740.0669089250284,1759.8403965264492,694200
2020-10-16 09:00:00+09:00,1717.920654296875,1750.3491749350758,1716.338775241353,1748.7672958795538,993800
2020-10-19 09:00:00+09:00,1755.8858642578125,1774.8684141416807,1746.3945893158784,1747.9764684728673,1204700
2020-10-20 09:00:00+09:00,1738.4849853515625,1742.4396827704697,1719.5024377408085,1732.1574694813112,935500
2020-10-21 09:00:00+09:00,1758.2586669921875,1760.631485706077,1722.6663862838436,1728.2029632829194,753100
2020-10-22 09:00:00+09:00,1742.4400634765625,1745.6038221029385,1735.3216065672166,1740.0672445067805,529700
2020-10-23 09:00:00+09:00,1765.3770751953125,1773.2864706934995,1731.3666745531089,1736.9032514018397,788100
2020-10-26 09:00:00+09:00,1745.603515625,1768.5407616391028,1739.2759994831786,1757.4676083909153,619400
2020-10-27 09:00:00+09:00,1744.8126220703125,1748.7673197631282,1710.802221912097,1732.948528991865,614400
2020-10-28 09:00:00+09:00,1745.603515625,1750.349152731366,1708.429358291799,1720.2934510577143,637800
2020-10-29 09:00:00+09:00,1732.157470703125,1746.3943814212328,1706.0564677199272,1710.8021046259632,698900
2020-10-30 09:00:00+09:00,1784.359619140625,1799.3874705429619,1720.2935157938207,1732.157609006192,2066600
2020-11-02 09:00:00+09:00,1876.899658203125,1881.6452957712745,1786.7325444082846,1787.5234840029761,2115300
2020-11-04 09:00:00+09:00,1829.443115234375,1878.4813656211156,1819.1609014436067,1877.690426098749,1523600
2020-11-05 09:00:00+09:00,1830.234130859375,1839.7254055224314,1788.3143344308758,1821.5337957515733,1241400
2020-11-06 09:00:00+09:00,1836.5615234375,1850.0074949699883,1819.9517938973677,1838.1434024413222,985400
2020-11-09 09:00:00+09:00,1869.7808837890625,1900.6275227348212,1865.8261864883243,1873.735581089801,970000
2020-11-10 09:00:00+09:00,1873.73583984375,1924.355972283598,1871.3630211356322,1909.3281204655182,1163700
2020-11-11 09:00:00+09:00,1889.5546875,1889.5546875,1850.0077078537045,1882.436231163667,1210100
2020-11-12 09:00:00+09:00,1864.244384765625,1897.4638434674307,1853.171231865023,1880.0631746236277,893200
2020-11-13 09:00:00+09:00,1860.289794921875,1860.289794921875,1826.2793947596128,1850.0075809193306,728800
2020-11-16 09:00:00+09:00,1902.209716796875,1904.5825355704262,1876.1087102878118,1876.1087102878118,973300
2020-11-17 09:00:00+09:00,1882.435791015625,1897.4636397674303,1873.7354575277375,1892.7180033194918,762900
2020-11-18 09:00:00+09:00,1858.7080078125,1884.8090138796542,1858.7080078125,1872.1539806349733,636500
2020-11-19 09:00:00+09:00,1878.4813232421875,1914.0736009457237,1864.244412160773,1881.6450812602795,1291400
2020-11-20 09:00:00+09:00,1897.4637451171875,1909.3278368957442,1867.4080459448435,1876.899319367689,920800
2020-11-24 09:00:00+09:00,1986.0491943359375,2016.8958365418719,1919.6102726616168,1937.010942623939,1937000
2020-11-25 09:00:00+09:00,1984.46728515625,2028.7598989341495,1978.1397689022642,1984.46728515625,1635800
2020-11-26 09:00:00+09:00,2014.523193359375,2018.477891422507,1943.3386282230013,1967.0668166017924,1481800
2020-11-27 09:00:00+09:00,2012.9410400390625,2024.0141931080398,1990.0037943961813,1996.3313104355968,1669500
2020-11-30 09:00:00+09:00,1981.303466796875,2017.6866841512287,1967.0665556582148,2014.5229261204154,1332600
2020-12-01 09:00:00+09:00,2017.686767578125,2019.268646658939,1963.1119392900455,1969.439455613301,780100
2020-12-02 09:00:00+09:00,1990.7947998046875,2041.4149297957483,1978.9307068380326,2024.0142601113212,1751100
2020-12-03 09:00:00+09:00,1921.1925048828125,1976.5582831215104,1914.8649873698184,1948.8753940021613,1605500
2020-12-04 09:00:00+09:00,1903.0008544921875,1942.5478381682512,1886.3911213482406,1926.7290446978257,837500
2020-12-07 09:00:00+09:00,1850.007568359375,1908.5370938226472,1836.561596293488,1905.3733356894973,962400
2020-12-08 09:00:00+09:00,1866.617431640625,1878.4815254857986,1835.7707876431741,1838.1436064122088,890900
2020-12-09 09:00:00+09:00,1865.0355224609375,1902.2096825778435,1846.0529726140069,1846.8439121909623,730800
2020-12-10 09:00:00+09:00,1841.3070068359375,1851.5892195029767,1818.3697631940809,1846.84358288742,714900
2020-12-11 09:00:00+09:00,1821.533447265625,1835.770356536481,1807.296537994769,1819.951568457752,1248700
2020-12-14 09:00:00+09:00,1823.11572265625,1847.6348495119307,1800.1784749525489,1809.6697498644253,1170400
2020-12-15 09:00:00+09:00,1786.7322998046875,1812.8333028562834,1782.7776023726276,1806.5057869649875,996400
2020-12-16 09:00:00+09:00,1813.624267578125,1817.578965065212,1773.286353209837,1795.4326591375245,1224400
2020-12-17 09:00:00+09:00,1802.551025390625,1807.2966621402272,1767.7496892268744,1795.4325702662215,1164200
2020-12-18 09:00:00+09:00,1827.8612060546875,1827.8612060546875,1790.6870491163186,1799.3873837189155,1589200
2020-12-21 09:00:00+09:00,1835.7705078125,1856.3349340094517,1819.160778961116,1829.4429920595917,637900
2020-12-22 09:00:00+09:00,1766.9588623046875,1816.7880513490902,1758.2585277096332,1815.2061723318075,934700
2020-12-23 09:00:00+09:00,1747.9761962890625,1791.4778663324555,1736.9030439143808,1785.9412901451146,584300
2020-12-24 09:00:00+09:00,1754.3038330078125,1778.0320183054837,1747.1853774185113,1759.0494700673469,533100
2020-12-25 09:00:00+09:00,1759.8402099609375,1763.7949070619732,1747.97611865783,1761.4220888013517,358600
2020-12-28 09:00:00+09:00,1768.541015625,1774.0775930442196,1751.1403437360243,1768.541015625,694300
2020-12-29 09:00:00+09:00,1796.2237548828125,1796.2237548828125,1767.749930498937,1770.1227491975933,633300
2020-12-30 09:00:00+09:00,1766.9588623046875,1793.0598660898509,1757.467588200992,1793.0598660898509,601400
2021-01-04 09:00:00+09:00,1757.4676513671875,1770.1226839602905,1721.8753721990852,1761.4223490525321,584200
2021-01-05 09:00:00+09:00,1793.0599365234375,1795.4327551425686,1733.7394710451588,1747.1854432202354,1004500
2021-01-06 09:00:00+09:00,1802.551025390625,1807.2966621402272,1780.4047205591473,1804.1329043071592,859200
2021-01-07 09:00:00+09:00,1874.5267333984375,1876.899552048309,1811.251569401866,1828.652239500923,1408500
2021-01-08 09:00:00+09:00,1929.8922119140625,1932.2650302073994,1869.780815149526,1883.2267854784354,1093100
2021-01-12 09:00:00+09:00,1910.909912109375,1955.9934654993729,1907.7461539767437,1926.7287027725322,1146200
2021-01-13 09:00:00+09:00,1957.575439453125,1964.693895596591,1871.3630261600379,1891.1365154474431,1517600
2021-01-14 09:00:00+09:00,1935.4287109375,1957.5750141276308,1888.7632863582958,1923.564619942787,2011900
2021-01-15 09:00:00+09:00,1892.7183837890625,1929.8925434372388,1868.1992572126057,1929.8925434372388,1001600
2021-01-18 09:00:00+09:00,1884.8087158203125,1896.6728076110403,1866.617108407863,1892.7181103474645,668800
2021-01-19 09:00:00+09:00,1887.1817626953125,1896.6730372771833,1859.4988784981892,1874.5267299194848,1125800
2021-01-20 09:00:00+09:00,1903.0008544921875,1908.5374322068365,1868.1995088572514,1907.7464925333152,895800
2021-01-21 09:00:00+09:00,1955.2027587890625,1955.2027587890625,1891.9275886017142,1917.2376566766534,1189300
2021-01-22 09:00:00+09:00,2010.568359375,2013.7321176116245,1921.1921891903519,1932.2653430185385,2075700
2021-01-25 09:00:00+09:00,1967.066650390625,1993.1676554018395,1945.7112826541766,1993.1676554018395,1182500
2021-01-26 09:00:00+09:00,1934.63818359375,1969.4395245905305,1930.6834857532067,1951.2479145240316,777200
2021-01-27 09:00:00+09:00,1967.066650390625,1967.8575899364193,1937.0109476504385,1946.5022221999711,1059500
2021-01-28 09:00:00+09:00,1942.5477294921875,1959.9484013361728,1905.3735669164005,1910.1192046920328,2829500
2021-01-29 09:00:00+09:00,1930.6829833984375,1972.6027696008616,1910.9094993406902,1942.5470738330857,1341300
2021-02-01 09:00:00+09:00,1997.9132080078125,2005.0316636182918,1914.0736197066137,1921.192075317093,1607400
2021-02-02 09:00:00+09:00,1987.6307373046875,2010.5679801943954,1980.5122826147783,1988.4216767146775,1174600
2021-02-03 09:00:00+09:00,2058.024169921875,2058.024169921875,1997.121840527569,2001.076537241485,1411000
2021-02-04 09:00:00+09:00,2042.99658203125,2052.487855350791,2010.5680648561508,2018.4774592891017,983600
2021-02-05 09:00:00+09:00,2194.066162109375,2204.3483755583375,2012.1500780123467,2020.0594729730872,2867700
2021-02-08 09:00:00+09:00,2281.8603515625,2317.4526274100954,2209.0939209407497,2233.6130443024263,3010100
2021-02-09 09:00:00+09:00,2315.080078125,2321.407594566749,2274.7421608088484,2277.905919029723,1647200
2021-02-10 09:00:00+09:00,2315.87109375,2334.0627041175717,2292.9338458952357,2296.8885438012294,1057300
2021-02-12 09:00:00+09:00,2372.818603515625,2388.6373942057294,2330.1078686523438,2333.2716267903647,1587200
2021-02-15 09:00:00+09:00,2354.626953125,2380.7279573081123,2337.226283669592,2376.7732597046106,1040300
2021-02-16 09:00:00+09:00,2315.87109375,2368.0731061091187,2304.7979396132173,2356.2090123911375,1264500
2021-02-17 09:00:00+09:00,2317.452880859375,2341.1810673528157,2293.7246943659343,2294.5156339157156,945900
2021-02-18 09:00:00+09:00,2269.99658203125,2305.5888629341794,2264.4600050019058,2305.5888629341794,995100
2021-02-19 09:00:00+09:00,2297.67919921875,2315.8708073364887,2263.668801433412,2268.414438333692,902400
2021-02-22 09:00:00+09:00,2392.59228515625,2416.320473108213,2333.271815276343,2334.062754874742,1399000
2021-02-24 09:00:00+09:00,2338.807861328125,2359.372286216367,2332.480345977897,2349.8810131910245,1667400
2021-02-25 09:00:00+09:00,2388.63720703125,2388.63720703125,2363.327143910389,2371.2365386356582,1267600
2021-02-26 09:00:00+09:00,2362.536376953125,2376.7732884982056,2351.4632235291733,2356.9998002411494,1787500
2021-03-01 09:00:00+09:00,2333.271484375,2392.5919458421613,2311.1251787605934,2364.909063824153,1661700
2021-03-02 09:00:00+09:00,2321.407470703125,2384.682631744437,2306.3796199558137,2363.327264892994,1296500
2021-03-03 09:00:00+09:00,2338.01708984375,2342.7627266972895,2282.651326552457,2312.707026624873,993700
2021-03-04 09:00:00+09:00,2284.233642578125,2336.435657955603,2256.550755635523,2311.125589893795,1091900
2021-03-05 09:00:00+09:00,2320.61669921875,2324.5713970701795,2214.630796800443,2238.3589839090196,1483000
2021-03-08 09:00:00+09:00,2364.90966796875,2380.728461734427,2345.927115449937,2360.1640298390466,1736700
2021-03-09 09:00:00+09:00,2432.138916015625,2432.138916015625,2358.581543921494,2372.027515164507,1624500
2021-03-10 09:00:00+09:00,2440.04833984375,2444.0030373151335,2392.5919701871453,2404.4560626012963,1138900
2021-03-11 09:00:00+09:00,2463.77685546875,2463.77685546875,2432.1392714498897,2440.0486674546046,1239900
2021-03-12 09:00:00+09:00,2550.77978515625,2550.77978515625,2467.7311409883723,2487.5046276950097,1649600
2021-03-15 09:00:00+09:00,2531.00634765625,2538.9157424926757,2511.2328605651855,2531.00634765625,738900
2021-03-16 09:00:00+09:00,2479.59521484375,2495.414004093152,2455.867030969647,2479.59521484375,856200
2021-03-17 09:00:00+09:00,2491.4599609375,2495.4146592881943,2467.7317708333335,2475.641167534722,769200
2021-03-18 09:00:00+09:00,2542.87060546875,2546.82530314444,2491.459535684778,2491.459535684778,1047600
2021-03-19 09:00:00+09:00,2554.734375,2570.5531636996902,2507.278008900929,2538.9155863003098,1592600
2021-03-22 09:00:00+09:00,2534.9609375,2566.5985155031203,2527.05154299922,2531.00624024961,701600
2021-03-23 09:00:00+09:00,2538.915771484375,2594.2815359715732,2534.9610740210037,2538.915771484375,686900
2021-03-24 09:00:00+09:00,2444.0029296875,2523.0968756320794,2444.0029296875,2495.4139945514767,654500
2021-03-25 09:00:00+09:00,2519.14208984375,2534.9608784769916,2459.8216324690934,2463.776329627404,848800
2021-03-26 09:00:00+09:00,2566.5986328125,2570.5533302436443,2531.0063559322034,2550.779843087924,933800
2021-03-29 09:00:00+09:00,2558.689453125,2594.281732998454,2527.051871015263,2590.327035234737,1177500
2021-03-30 09:00:00+09:00,2574.68115234375,2590.672960743401,2550.693439744274,2558.6893439440996,587900
2021-03-31 09:00:00+09:00,2458.740478515625,2566.6851824504574,2458.740478515625,2530.7036144721797,1318200
2021-04-01 09:00:00+09:00,2490.724365234375,2506.716174963007,2438.750983616322,2466.7366506414273,898400
2021-04-02 09:00:00+09:00,2478.72998046875,2518.709496282762,2474.732028887349,2510.7135931199596,432200
2021-04-05 09:00:00+09:00,2494.721923828125,2510.7137310321514,2458.7403576190654,2482.728068425105,367600
2021-04-06 09:00:00+09:00,2454.742431640625,2506.7158056004428,2434.7526724253107,2494.721950071254,608100
2021-04-07 09:00:00+09:00,2566.685302734375,2566.685302734375,2470.7344502957067,2474.732402480651,1150800
2021-04-08 09:00:00+09:00,2530.703857421875,2566.685428854413,2506.7161431335157,2554.691571710234,587600
2021-04-09 09:00:00+09:00,2534.701416015625,2578.678885378672,2526.7055124950707,2558.689126577287,560700
2021-04-12 09:00:00+09:00,2542.697509765625,2562.6872700625245,2526.7057015281052,2538.699557706245,685900
2021-04-13 09:00:00+09:00,2502.7177734375,2546.69524229982,2498.7198217227437,2502.7177734375,499000
2021-04-14 09:00:00+09:00,2478.72998046875,2502.7176899571573,2458.740222561744,2502.7176899571573,479300
2021-04-15 09:00:00+09:00,2522.7080078125,2534.7018652188985,2454.742815842908,2458.7407683117076,546700
2021-04-16 09:00:00+09:00,2510.713623046875,2518.709526304986,2474.7320583853752,2518.709526304986,452800
2021-04-19 09:00:00+09:00,2534.701416015625,2546.6952712964558,2502.7178019334087,2514.71165721424,554200
2021-04-20 09:00:00+09:00,2486.72607421875,2506.7158336578073,2458.7404110040693,2502.717881769996,537900
2021-04-21 09:00:00+09:00,2482.728271484375,2490.7241757403635,2438.7507980764394,2466.7364629723984,695000
2021-04-22 09:00:00+09:00,2506.716064453125,2506.716064453125,2442.748828358627,2482.728350917688,499600
2021-04-23 09:00:00+09:00,2494.721923828125,2510.7137310321514,2470.7342130220854,2506.715779231145,384000
2021-04-26 09:00:00+09:00,2494.721923828125,2502.717827430138,2458.7403576190654,2490.7239720271186,346400
2021-04-27 09:00:00+09:00,2462.738525390625,2490.724190451882,2450.7446689358003,2490.724190451882,464500
2021-04-28 09:00:00+09:00,2470.734375,2486.7261832524273,2454.7425667475727,2466.736422936893,614200
2021-04-30 09:00:00+09:00,2367.587158203125,2498.7199829060337,2366.787567808595,2470.734319097486,1653100
2021-05-06 09:00:00+09:00,2393.973876953125,2442.7488958222434,2380.380838907633,2382.779610327426,1515200
2021-05-07 09:00:00+09:00,2365.1884765625,2426.7569392722066,2354.793801040082,2398.7712744041582,945100
2021-05-10 09:00:00+09:00,2346.798095703125,2369.9862199877557,2326.8083333887885,2338.002600284817,1211300
2021-05-11 09:00:00+09:00,2313.21533203125,2355.5936288157836,2299.6222934399843,2327.607961127884,1062600
2021-05-12 09:00:00+09:00,2339.60107421875,2391.5744405291457,2306.817873930654,2322.8096789492374,1220100
2021-05-13 09:00:00+09:00,2302.8203125,2363.589181857639,2291.626047092014,2326.8080240885415,1104100
2021-05-14 09:00:00+09:00,2356.39306640625,2361.9901995806117,2336.403305069244,2342.800028697086,872900
2021-05-17 09:00:00+09:00,2367.587158203125,2396.3724124062023,2366.787567808595,2378.781423726544,701600
2021-05-18 09:00:00+09:00,2454.742431640625,2462.738335326751,2382.779298465493,2390.7752021516185,935300
2021-05-19 09:00:00+09:00,2422.758544921875,2450.7442046816986,2402.7687879505725,2402.7687879505725,679800
2021-05-20 09:00:00+09:00,2466.736572265625,2478.730429181017,2430.755001519449,2430.755001519449,840500
2021-05-21 09:00:00+09:00,2406.76708984375,2466.7363694910196,2382.779377984842,2446.7466096085964,888200
2021-05-24 09:00:00+09:00,2442.748779296875,2458.7405879993094,2418.761066243223,2422.7590184188316,779600
2021-05-25 09:00:00+09:00,2422.758544921875,2474.731913047262,2418.7605935276147,2462.73805886448,596800
2021-05-26 09:00:00+09:00,2402.76904296875,2430.754705698835,2379.580922420965,2414.7628984245007,849700
2021-05-27 09:00:00+09:00,2313.21533203125,2426.7571837935857,2313.21533203125,2414.763326213057,2509700
2021-05-28 09:00:00+09:00,2388.37646484375,2410.764995481723,2345.998174707587,2353.1944881269355,1097900
2021-05-31 09:00:00+09:00,2300.42138671875,2389.9755039632755,2292.425483393346,2380.3804199727906,754200
2021-06-01 09:00:00+09:00,2316.41357421875,2319.611936074765,2282.830774730594,2318.812345610761,645100
2021-06-02 09:00:00+09:00,2330.805908203125,2358.791570908823,2286.8284382370284,2286.8284382370284,866200
2021-06-03 09:00:00+09:00,2308.417724609375,2329.2070771690715,2292.42591494807,2322.010762821484,696800
2021-06-04 09:00:00+09:00,2298.02294921875,2323.6098435733084,2289.2274542843707,2310.816396396029,674100
2021-06-07 09:00:00+09:00,2306.01806640625,2318.0119190401247,2284.429131665276,2304.418886055067,606600
2021-06-08 09:00:00+09:00,2304.419677734375,2322.8102580910336,2286.029097377716,2306.018858634954,445000
2021-06-09 09:00:00+09:00,2311.61572265625,2338.8017948009447,2281.2312890827675,2308.4173612274626,406600
2021-06-10 09:00:00+09:00,2310.016845703125,2322.01070263824,2281.2315890588493,2289.227493682259,541800
2021-06-11 09:00:00+09:00,2294.024658203125,2314.014416465613,2281.231212915133,2310.0164648131154,591700
2021-06-14 09:00:00+09:00,2333.20458984375,2344.398854496873,2304.419337878577,2326.807867184823,560000
2021-06-15 09:00:00+09:00,2338.8017578125,2360.3906971153847,2319.6115895432695,2335.603396434295,553600
2021-06-16 09:00:00+09:00,2365.1884765625,2381.1802850585277,2342.7999446680615,2342.7999446680615,592300
2021-06-17 09:00:00+09:00,2371.585205078125,2388.376604035185,2357.192577400645,2378.781518916865,594800
2021-06-18 09:00:00+09:00,2356.39306640625,2410.765217242906,2342.800028697086,2383.579141824578,1377200
2021-06-21 09:00:00+09:00,2306.01806640625,2321.210279742491,2279.6315906117266,2298.8217548259254,894000
2021-06-22 09:00:00+09:00,2414.762939453125,2418.7608913396366,2373.1842398334024,2378.781372474519,941600
2021-06-23 09:00:00+09:00,2349.1962890625,2381.979491190329,2347.5971084708985,2380.3803105987276,712300
2021-06-24 09:00:00+09:00,2327.607421875,2336.4029153963415,2301.2209413109754,2335.6033250762193,594300
2021-06-25 09:00:00+09:00,2334.803955078125,2390.775282768354,2326.008460726803,2367.5871612966876,685700
2021-06-28 09:00:00+09:00,2326.008544921875,2347.597486383852,2309.217146007004,2342.799943836746,584200
2021-06-29 09:00:00+09:00,2294.024658203125,2309.216874482616,2287.627935559129,2298.8222001861222,743900
2021-06-30 09:00:00+09:00,2297.223388671875,2322.810283359484,2288.42789362301,2297.223388671875,623700
2021-07-01 09:00:00+09:00,2301.22119140625,2334.004398094108,2289.227335300936,2311.615866697522,645500
2021-07-02 09:00:00+09:00,2318.012451171875,2318.8120415310236,2272.4358007004034,2279.632113932741,515200
2021-07-05 09:00:00+09:00,2306.818359375,2321.2109869204937,2294.8245030870885,2294.8245030870885,328700
2021-07-06 09:00:00+09:00,2310.016845703125,2316.4135694018532,2281.2315890588493,2302.8205315420564,369200
2021-07-07 09:00:00+09:00,2274.03515625,2291.626145503692,2263.6404807819094,2280.4318796149787,829300
2021-07-08 09:00:00+09:00,2265.23974609375,2278.8327837512134,2244.450394382335,2251.6467084362866,1014200
2021-07-09 09:00:00+09:00,2253.24560546875,2260.4419186160953,2196.4746906396936,2225.2599432290745,1137800
2021-07-12 09:00:00+09:00,2361.990234375,2365.188596236036,2302.020949480577,2314.8143969247208,1019000
2021-07-13 09:00:00+09:00,2422.758544921875,2422.758544921875,2362.7892740079674,2366.7872254022277,1105700
2021-07-14 09:00:00+09:00,2430.7548828125,2430.7548828125,2389.1761808696547,2402.7692180432773,782100
2021-07-15 09:00:00+09:00,2355.5927734375,2414.7624493486933,2345.9976908573067,2414.7624493486933,651600
2021-07-16 09:00:00+09:00,2381.97998046875,2406.7672847300896,2369.1865331080585,2374.783666328361,814900
2021-07-19 09:00:00+09:00,2357.1923828125,2370.7854189413374,2338.002214160024,2352.394840649381,418400
2021-07-20 09:00:00+09:00,2286.828369140625,2334.004199133386,2286.828369140625,2333.2046087945255,768700
2021-07-21 09:00:00+09:00,2345.998046875,2372.384527974821,2337.2025531750596,2351.5951792295077,701800
2021-07-26 09:00:00+09:00,2369.186279296875,2389.17603865645,2353.1944718092145,2385.977677158918,684900
2021-07-27 09:00:00+09:00,2374.78369140625,2389.176319839015,2369.986148595328,2378.7816437486845,406300
2021-07-28 09:00:00+09:00,2307.61767578125,2355.593095236162,2303.6197241600075,2329.2066145359604,787100
2021-07-29 09:00:00+09:00,2330.805908203125,2343.599354011444,2316.413281668766,2337.2026311072846,475900
2021-07-30 09:00:00+09:00,2377.982177734375,2422.759246313099,2294.0251741492675,2321.2112515006356,1900000
2021-08-02 09:00:00+09:00,2470.734375,2506.715943567961,2430.7548543689322,2438.7507584951454,1420700
2021-08-03 09:00:00+09:00,2510.713623046875,2514.7115746759305,2450.744348611042,2454.7423002400974,1069700
2021-08-04 09:00:00+09:00,2526.705810546875,2530.703762778753,2494.7221926918514,2518.709906083119,995500
2021-08-05 09:00:00+09:00,2550.693359375,2550.693359375,2498.7199837137537,2534.701551479232,810500
2021-08-06 09:00:00+09:00,2562.68701171875,2570.6829150314447,2534.7013501243173,2542.6972534370125,798000
2021-08-10 09:00:00+09:00,2494.721923828125,2554.691200843224,2494.721923828125,2554.691200843224,846300
2021-08-11 09:00:00+09:00,2598.668701171875,2598.668701171875,2542.6973753004804,2550.693278996394,899800
2021-08-12 09:00:00+09:00,2606.664306640625,2630.6520149839434,2594.6704524689653,2622.6561122028374,886800
2021-08-13 09:00:00+09:00,2586.675048828125,2626.6545704483433,2578.6791445040813,2586.675048828125,481300
2021-08-16 09:00:00+09:00,2526.705810546875,2558.689428401899,2502.718097155607,2554.691476170021,683200
2021-08-17 09:00:00+09:00,2514.711669921875,2558.6891395071543,2510.713718141395,2558.6891395071543,382600
2021-08-18 09:00:00+09:00,2490.724365234375,2502.718222530849,2470.7346030735853,2478.730507937901,489400
2021-08-19 09:00:00+09:00,2450.74462890625,2478.7302935103994,2446.746676819943,2462.7384851651714,445800
2021-08-20 09:00:00+09:00,2398.770751953125,2450.7441182454427,2391.5744396972655,2426.7564107259113,777500
2021-08-23 09:00:00+09:00,2478.72998046875,2478.72998046875,2438.7504646547377,2446.7463678175404,650700
2021-08-24 09:00:00+09:00,2522.7080078125,2526.705960281299,2474.732578186906,2490.7243880621036,858700
2021-08-25 09:00:00+09:00,2502.7177734375,2510.713676867013,2474.7321114342053,2498.7198217227437,357800
2021-08-26 09:00:00+09:00,2462.738525390625,2478.7303339970576,2442.748764632584,2478.7303339970576,492100
2021-08-27 09:00:00+09:00,2466.736572265625,2482.7283814861476,2438.75090612971,2470.7345245707556,495100
2021-08-30 09:00:00+09:00,2514.711669921875,2518.709621702355,2474.7321521170757,2494.7219110194756,571200
2021-08-31 09:00:00+09:00,2562.68701171875,2578.67881834414,2510.713640186232,2518.7095434989274,1243000
2021-09-01 09:00:00+09:00,2522.7080078125,2538.6998176876978,2506.716197937302,2538.6998176876978,705400
2021-09-02 09:00:00+09:00,2598.668701171875,2598.668701171875,2550.693278996394,2558.6891826923074,766200
2021-09-03 09:00:00+09:00,2606.664306640625,2622.6561122028374,2570.682744125647,2578.678646906753,690200
2021-09-06 09:00:00+09:00,2638.6484375,2654.640246212121,2614.660724431818,2622.6566287878786,901500
2021-09-07 09:00:00+09:00,2662.635986328125,2666.633938259549,2626.6544189453125,2654.640082465278,1023800
2021-09-08 09:00:00+09:00,2678.627685546875,2678.627685546875,2646.6440713910915,2662.6358784689833,848200
2021-09-09 09:00:00+09:00,2634.650146484375,2690.6214697784285,2610.6624365012094,2674.6296631229848,1062000
2021-09-10 09:00:00+09:00,2670.6318359375,2670.6318359375,2630.6523174354415,2630.6523174354415,842800
2021-09-13 09:00:00+09:00,2682.625732421875,2686.623684333085,2626.6544056649354,2662.6359728658254,695800
2021-09-14 09:00:00+09:00,2690.621337890625,2690.621337890625,2638.6479688080426,2674.629532019061,834300
2021-09-15 09:00:00+09:00,2622.65625,2682.6255240091464,2606.664443597561,2666.6337176067073,691600
2021-09-16 09:00:00+09:00,2630.65234375,2674.6298145421733,2618.6584880794076,2650.642103200988,1434200
2021-09-17 09:00:00+09:00,2578.678955078125,2642.6461849715356,2558.689195736434,2642.6461849715356,1711500
2021-09-21 09:00:00+09:00,2518.709716796875,2542.6974283854165,2462.7383897569443,2514.7117648654516,1829100
2021-09-22 09:00:00+09:00,2502.7177734375,2534.701387155551,2490.723918293231,2526.7054837260384,1122300
2021-09-24 09:00:00+09:00,2606.664306640625,2610.6622580311778,2550.692987172881,2558.6888899539877,1396100
2021-09-27 09:00:00+09:00,2602.6669921875,2614.6608492943546,2570.683373235887,2598.6690398185483,1064000
2021-09-28 09:00:00+09:00,2630.65234375,2634.650295640198,2582.6769210676293,2594.6707767382222,918100
2021-09-29 09:00:00+09:00,2614.463623046875,2618.510780358093,2569.944892623476,2610.416465735657,1338400
2021-09-30 09:00:00+09:00,2634.69970703125,2638.7468647993473,2598.2752871183757,2622.5582337269584,1251400
2021-10-01 09:00:00+09:00,2489.001953125,2610.416682545732,2484.954795477642,2590.180894308943,1584100
2021-10-04 09:00:00+09:00,2436.388671875,2537.567603431271,2420.2000428259967,2533.52044616902,1273400
2021-10-05 09:00:00+09:00,2418.580810546875,2452.576926357775,2383.7752634071444,2414.5336539027203,1190500
2021-10-06 09:00:00+09:00,2353.8271484375,2460.6721221629987,2351.3988535801022,2432.3420154933588,1343400
2021-10-07 09:00:00+09:00,2379.72900390625,2392.6799100499575,2333.5914007692922,2344.923443645036,1050000
2021-10-08 09:00:00+09:00,2351.398193359375,2420.199861667653,2345.7321736163403,2420.199861667653,1449400
2021-10-11 09:00:00+09:00,2410.4873046875,2410.4873046875,2336.8290290909376,2365.1591350896156,1032300
2021-10-12 09:00:00+09:00,2366.777587890625,2416.9623383862536,2366.777587890625,2416.9623383862536,833900
2021-10-13 09:00:00+09:00,2404.821044921875,2422.628538354484,2361.921174379681,2363.540037419009,875600
2021-10-14 09:00:00+09:00,2412.10546875,2432.3412528838085,2382.156508231963,2382.156508231963,1150500
2021-10-15 09:00:00+09:00,2497.096435546875,2505.1907513833316,2444.4833826099066,2448.530540528135,1039300
2021-10-18 09:00:00+09:00,2489.001953125,2517.332056656504,2464.719007240854,2497.0962684197157,802900
2021-10-19 09:00:00+09:00,2521.37939453125,2537.568026277839,2484.954973101425,2501.1436048480136,957900
2021-10-20 09:00:00+09:00,2521.37939453125,2561.8509738977227,2521.37939453125,2521.37939453125,1273600
2021-10-21 09:00:00+09:00,2493.049072265625,2578.0393815474076,2493.049072265625,2549.7092784534802,1163600
2021-10-22 09:00:00+09:00,2472.813232421875,2521.3791224203405,2472.813232421875,2476.8603899217474,1181100
2021-10-25 09:00:00+09:00,2476.860595703125,2521.3793319004035,2468.7662800308926,2472.813437867009,997600
2021-10-26 09:00:00+09:00,2509.2373046875,2561.850344947077,2505.1901477444558,2529.4730894027216,1193800
2021-10-27 09:00:00+09:00,2493.049072265625,2557.8035936231736,2476.860441926238,2521.3791753595524,1091900
2021-10-28 09:00:00+09:00,2513.284912109375,2549.709331125453,2476.860493093297,2476.860493093297,4787100
2021-10-29 09:00:00+09:00,2366.777587890625,2501.143210185373,2262.360929601333,2489.0017382912692,4656800
2021-11-01 09:00:00+09:00,2375.681640625,2436.3890079322828,2361.1118724712524,2428.294692291312,2734700
2021-11-02 09:00:00+09:00,2340.875732421875,2354.63606694856,2291.5004144143595,2335.209712322652,1889900
2021-11-04 09:00:00+09:00,2390.2509765625,2404.8207420816752,2306.8795405361075,2369.2057597014687,1396300
2021-11-05 09:00:00+09:00,2366.777587890625,2405.630297951757,2347.351232860059,2404.011435032543,761900
2021-11-08 09:00:00+09:00,2395.10791015625,2406.439951637219,2377.3004164004415,2400.7739308967343,857200
2021-11-09 09:00:00+09:00,2404.821044921875,2423.437969874148,2392.6795721269145,2406.439907961203,934700
2021-11-10 09:00:00+09:00,2367.5869140625,2401.5830338541664,2361.111462673611,2387.822699652778,655600
2021-11-11 09:00:00+09:00,2353.01708984375,2382.966051771586,2336.0190303711947,2370.8245807197604,827900
2021-11-12 09:00:00+09:00,2432.341552734375,2432.341552734375,2361.1115838023866,2376.490781639975,655000
2021-11-15 09:00:00+09:00,2452.5771484375,2468.7657764799915,2440.435677405631,2448.529991426877,788500
2021-11-16 09:00:00+09:00,2448.5302734375,2472.813218298037,2436.3888010072315,2448.5302734375,416800
2021-11-17 09:00:00+09:00,2456.62451171875,2464.718826419635,2423.4378214451194,2448.5301970178643,528800
2021-11-18 09:00:00+09:00,2456.62451171875,2493.0489278727346,2452.577354368307,2460.671669069193,662200
2021-11-19 09:00:00+09:00,2440.435546875,2480.9071148165426,2432.341233286692,2476.859958022388,537500
2021-11-22 09:00:00+09:00,2464.71923828125,2480.9078703881873,2419.3910683818244,2440.4362901208433,619400
2021-11-24 09:00:00+09:00,2370.015869140625,2444.483580875918,2360.302689349065,2428.2949478899845,886200
2021-11-25 09:00:00+09:00,2381.347412109375,2390.2511583817077,2366.7776454819214,2375.681391754254,355700
2021-11-26 09:00:00+09:00,2295.547607421875,2375.6813215032453,2293.1193130557726,2371.6341642264083,921000
2021-11-29 09:00:00+09:00,2241.31591796875,2272.0743162651793,2224.3178557523024,2246.981938707566,1121900
2021-11-30 09:00:00+09:00,2257.50439453125,2307.6891462203635,2257.50439453125,2273.6930241083837,2603600
2021-12-01 09:00:00+09:00,2299.594970703125,2313.355306677061,2268.836572643738,2273.6931618110093,1115200
2021-12-02 09:00:00+09:00,2265.598876953125,2296.3572754255147,2252.6479723331713,2259.123424643148,888400
2021-12-03 09:00:00+09:00,2348.970458984375,2350.5893221539027,2264.7895741689463,2285.0253637880396,716200
2021-12-06 09:00:00+09:00,2376.490966796875,2387.0135766634826,2353.0174524790586,2356.255178591861,697000
2021-12-07 09:00:00+09:00,2501.143310546875,2505.190468007307,2405.6303944806837,2410.486983433202,1231200
2021-12-08 09:00:00+09:00,2480.907470703125,2513.284729700882,2444.4830543306484,2513.284729700882,1105400
2021-12-09 09:00:00+09:00,2460.671875,2501.1434518914475,2444.4832442434213,2501.1434518914475,1528500
2021-12-10 09:00:00+09:00,2484.95458984375,2517.331848343343,2472.813117906403,2493.0489044686483,966100
2021-12-13 09:00:00+09:00,2497.096435546875,2501.143593465103,2480.9078038739617,2489.0021197104184,617200
2021-12-14 09:00:00+09:00,2521.37939453125,2529.473710404545,2480.9078151647773,2509.2379207213085,761200
2021-12-15 09:00:00+09:00,2545.661865234375,2545.661865234375,2497.0959790931784,2505.1902934500445,727500
2021-12-16 09:00:00+09:00,2557.8037109375,2578.039499789854,2525.426448773734,2578.039499789854,749000
2021-12-17 09:00:00+09:00,2452.5771484375,2553.7560737030735,2448.529991426877,2553.7560737030735,1346900
2021-12-20 09:00:00+09:00,2405.63037109375,2444.4830823361795,2397.5360562515775,2425.866158199182,705200
2021-12-21 09:00:00+09:00,2432.341552734375,2472.8131259911866,2428.294395408694,2468.7659686655056,507600
2021-12-22 09:00:00+09:00,2436.388671875,2464.7187727107557,2425.866062993148,2452.5773009240033,435200
2021-12-23 09:00:00+09:00,2476.860595703125,2480.907753539241,2436.389017341963,2440.4361751780793,321600
2021-12-24 09:00:00+09:00,2497.096435546875,2505.1907513833316,2480.9078038739617,2501.143593465103,268800
2021-12-27 09:00:00+09:00,2484.95458984375,2509.237533718445,2460.6716459690556,2509.237533718445,351700
2021-12-28 09:00:00+09:00,2549.709228515625,2557.8035435267857,2509.2376534598216,2509.2376534598216,650500
2021-12-29 09:00:00+09:00,2505.1904296875,2565.8977906653877,2497.096114890448,2549.709161071284,663200
2021-12-30 09:00:00+09:00,2480.907470703125,2513.284729700882,2468.765998578966,2493.048942827284,456700
2022-01-04 09:00:00+09:00,2493.049072265625,2537.56780569894,2489.001914680778,2537.56780569894,735900
2022-01-05 09:00:00+09:00,2493.049072265625,2537.56780569894,2472.813284341391,2533.520648114093,789800
2022-01-06 09:00:00+09:00,2432.341552734375,2484.9545979682302,2425.866101013285,2480.907440642549,517400
2022-01-07 09:00:00+09:00,2414.5341796875,2456.62461795225,2394.298392060216,2444.4831453758798,808800
2022-01-11 09:00:00+09:00,2373.25341796875,2393.4892076854003,2336.8289964787796,2386.204323387406,962000
2022-01-12 09:00:00+09:00,2436.388671875,2436.388671875,2393.488804895141,2404.0114137769933,843300
2022-01-13 09:00:00+09:00,2405.63037109375,2448.530239757266,2402.392645156881,2436.3887674940065,702000
2022-01-14 09:00:00+09:00,2315.78369140625,2378.9193530384373,2282.5969974713826,2372.4439005633412,1131700
2022-01-17 09:00:00+09:00,2306.879638671875,2337.6380338541667,2286.6438523677357,2323.877699167352,648900
2022-01-18 09:00:00+09:00,2281.787353515625,2341.6852833347652,2275.3119016432856,2335.209831462426,553900
2022-01-19 09:00:00+09:00,2143.37451171875,2257.5043478790008,2142.5650802566206,2234.030835477247,1534900
2022-01-20 09:00:00+09:00,2172.513916015625,2202.4628783452,2141.755522271738,2159.56301338662,1188700
2022-01-21 09:00:00+09:00,2157.134765625,2163.6102170790336,2086.7142310623826,2132.042391240619,892100
2022-01-24 09:00:00+09:00,2167.65771484375,2175.752030433159,2115.854095071532,2120.710684425177,698700
2022-01-25 09:00:00+09:00,2085.90478515625,2155.515887804072,2052.7180966846136,2149.8498678211095,931900
2022-01-26 09:00:00+09:00,2081.04833984375,2100.4746954082193,2054.337100942605,2089.9520861441315,528500
2022-01-27 09:00:00+09:00,2021.9598388671875,2112.616164709111,2005.7712092525585,2100.474692498139,1064200
2022-01-28 09:00:00+09:00,2062.431640625,2089.142882438432,2022.7694936899038,2062.431640625,964700
2022-01-31 09:00:00+09:00,2111.807373046875,2132.04316619604,2048.6716984214795,2074.573513652411,1303700
2022-02-01 09:00:00+09:00,2054.33740234375,2174.1332792337716,2047.861949538884,2135.2805624045754,1997900
2022-02-02 09:00:00+09:00,2072.953857421875,2106.140545494619,2018.7219525225132,2023.5785410209637,1518400
2022-02-03 09:00:00+09:00,2075.38232421875,2088.3332279580245,2021.1504148105378,2061.6219889957706,1322200
2022-02-04 09:00:00+09:00,2064.859619140625,2078.6199537252546,2036.5295185252105,2062.431324802161,814300
2022-02-07 09:00:00+09:00,2036.529541015625,2051.0993072073106,2017.9126175484712,2038.957835380906,552100
2022-02-08 09:00:00+09:00,2038.148681640625,2084.286280867597,2034.1015238136977,2050.290155121407,578600
2022-02-09 09:00:00+09:00,2073.763916015625,2086.7148225949577,2042.196081228502,2073.763916015625,694300
2022-02-10 09:00:00+09:00,2127.186279296875,2136.0900270412685,2098.8561728374416,2101.284467676822,942900
2022-02-14 09:00:00+09:00,2074.572509765625,2095.617724456966,2054.336726408567,2086.71397977986,803000
2022-02-15 09:00:00+09:00,2038.148681640625,2077.810828344513,2025.1977765944573,2074.573102082971,774400
2022-02-16 09:00:00+09:00,2071.335205078125,2081.8578145607416,2049.4805546142293,2078.62008856609,634100
2022-02-17 09:00:00+09:00,2085.095703125,2101.2843343604427,2060.8127562718364,2072.144798136646,753700
2022-02-18 09:00:00+09:00,2110.18798828125,2114.2351459112488,2059.1938021432684,2059.1938021432684,859100
2022-02-21 09:00:00+09:00,2104.52197265625,2116.6634455754206,2053.527786395733,2065.6692593149037,488900
2022-02-22 09:00:00+09:00,2072.144775390625,2079.4296593666077,2041.3863763809204,2068.09761762619,674300
2022-02-24 09:00:00+09:00,2049.48046875,2081.0482958752964,2023.5786618779623,2042.1955855672395,807600
2022-02-25 09:00:00+09:00,2075.38232421875,2087.52379647432,2029.2447296475843,2043.0050648705635,1003300
2022-02-28 09:00:00+09:00,2068.09765625,2085.095719178082,2043.8147092098827,2079.4296982020546,1216400
2022-03-01 09:00:00+09:00,2093.999267578125,2130.423684679407,2093.999267578125,2119.0916438034524,687000
2022-03-02 09:00:00+09:00,1935.3507080078125,2051.099411999915,1934.5412765113642,2041.3862340425358,1384200
2022-03-03 09:00:00+09:00,1934.5413818359375,1990.3921581316192,1929.6847925928346,1983.107274266965,1097600
2022-03-04 09:00:00+09:00,1870.5960693359375,1909.4487786947107,1849.550851766602,1902.973327134915,1153600
2022-03-07 09:00:00+09:00,1782.3680419921875,1813.9358683489972,1732.9927238443565,1805.0321224534869,1888300
2022-03-08 09:00:00+09:00,1756.46630859375,1805.8416287892426,1740.2776790214575,1749.990856764833,1332900
2022-03-09 09:00:00+09:00,1751.6097412109375,1786.4152952183638,1720.8513446462352,1749.990878233848,1683100
2022-03-10 09:00:00+09:00,1827.6961669921875,1837.4093441418358,1799.3660669723795,1822.0301469882259,1836400
2022-03-11 09:00:00+09:00,1767.7984619140625,1798.556860060919,1752.4192628406342,1778.321071806408,1078800
2022-03-14 09:00:00+09:00,1786.4151611328125,1810.6981039665163,1776.7019839993309,1776.7019839993309,771400
2022-03-15 09:00:00+09:00,1830.9339599609375,1839.837706008493,1770.226600545787,1773.4643263812618,885700
2022-03-16 09:00:00+09:00,1890.8321533203125,1898.9264690451425,1848.741711551196,1860.883185138441,1218800
2022-03-17 09:00:00+09:00,1974.20361328125,1983.107360614622,1917.5434029779751,1945.0640765538517,1366300
2022-03-18 09:00:00+09:00,1992.0107421875,2007.3899393031288,1958.8240536748272,1974.203250790456,1536600
2022-03-22 09:00:00+09:00,1936.159912109375,1986.3446589951532,1926.446735292773,1976.6314821785509,1530300
2022-03-23 09:00:00+09:00,1990.3922119140625,1992.01107503884,1919.1622344238478,1946.682907545067,1181800
2022-03-24 09:00:00+09:00,1979.0599365234375,1982.2976623909606,1907.0205359710505,1937.7789317125191,1202900
2022-03-25 09:00:00+09:00,1940.20751953125,1990.3922780673108,1933.7320668169198,1987.963983299437,1304600
2022-03-28 09:00:00+09:00,1897.3077392578125,1932.9227309503651,1886.7851280759219,1929.6850044328603,1014200
2022-03-29 09:00:00+09:00,1904.591796875,1914.3049722096791,1880.308858538302,1914.3049722096791,1113500
2022-03-30 09:00:00+09:00,1888.9130859375,1945.8527988818807,1869.9331816227063,1941.7267327264908,1633500
2022-03-31 09:00:00+09:00,1889.738525390625,1904.5923653281932,1879.0107521023813,1900.4662986788687,1271300
2022-04-01 09:00:00+09:00,1871.58349609375,1881.4860542741403,1807.2168679212136,1841.0506083708804,1232600
2022-04-04 09:00:00+09:00,1896.340087890625,1900.4661542263314,1874.059329677811,1887.262741952071,681300
2022-04-05 09:00:00+09:00,1875.7099609375,1897.1655082249506,1864.9821872937748,1897.1655082249506,838000
2022-04-06 09:00:00+09:00,1816.2945556640625,1854.2543691854378,1806.3919956150082,1854.2543691854378,1551700
2022-04-07 09:00:00+09:00,1753.578125,1787.4118676470587,1741.1999264705883,1775.858882352941,1485800
2022-04-08 09:00:00+09:00,1738.7244873046875,1779.985153828292,1727.1715006780782,1776.6843005064036,1526900
2022-04-11 09:00:00+09:00,1735.4237060546875,1756.8792535380076,1704.8908115591937,1732.9480659604583,919800
2022-04-12 09:00:00+09:00,1709.016845703125,1751.1027265002565,1700.7647122134913,1737.0740995678793,954200
2022-04-13 09:00:00+09:00,1728.8218994140625,1732.1227526826335,1703.2402865826373,1709.0167798026364,1116700
2022-04-14 09:00:00+09:00,1741.2000732421875,1749.4522062907286,1731.297513583938,1740.3748599373332,540300
2022-04-15 09:00:00+09:00,1713.968017578125,1727.9966436247441,1696.6385383440659,1711.492377687545,625300
2022-04-18 09:00:00+09:00,1694.988037109375,1707.3662360171845,1677.6585586384417,1695.8132503698957,621200
2022-04-19 09:00:00+09:00,1710.6673583984375,1718.9194923029163,1698.2891575417195,1701.590011103511,640100
2022-04-20 09:00:00+09:00,1775.0338134765625,1777.5094533837823,1739.5496414730794,1751.9278410091783,1696500
2022-04-21 09:00:00+09:00,1881.486328125,1888.0880345394735,1788.2372250205592,1790.7128649259867,2368900
2022-04-22 09:00:00+09:00,1841.8760986328125,1869.933351031341,1828.6726857393874,1854.2542982203986,1392400
2022-04-25 09:00:00+09:00,1820.420654296875,1833.6240679273149,1786.5869068688733,1800.6155338512156,1021100
2022-04-26 09:00:00+09:00,1849.3028564453125,1858.3802020146559,1826.1968859051658,1827.0220991387425,1145100
2022-04-27 09:00:00+09:00,1843.5264892578125,1857.55511518323,1792.363265294525,1802.2658247712902,2329900
2022-04-28 09:00:00+09:00,1893.03955078125,1893.8647641861241,1839.4006794644317,1850.1284537277954,1569300
2022-05-02 09:00:00+09:00,1997.015869140625,2019.2966247054171,1936.7753077987797,1984.6376716046295,2866000
2022-05-06 09:00:00+09:00,1988.76416015625,1992.0650135341027,1932.6496527327542,1955.755626377723,1947300
2022-05-09 09:00:00+09:00,1927.6983642578125,1973.9103113461847,1926.8731509169488,1955.7556178471814,1377700
2022-05-10 09:00:00+09:00,2007.7440185546875,2016.8213651243964,1881.486379903283,1900.4662863672197,2174500
2022-05-11 09:00:00+09:00,1983.812744140625,2025.8986218241407,1973.91018468568,1993.7153035955698,1692600
2022-05-12 09:00:00+09:00,1985.4632568359375,2000.31709666264,1947.5034439454748,1973.9102703040576,1160200
2022-05-13 09:00:00+09:00,2110.895751953125,2119.9730988145343,2007.7440830734768,2010.2197231265882,2588500
2022-05-16 09:00:00+09:00,2077.88720703125,2135.65214130138,2058.9073000567787,2133.176501261232,1172400
2022-05-17 09:00:00+09:00,2081.1875,2090.264844369548,2059.7319587628863,2071.2849425059476,756100
2022-05-18 09:00:00+09:00,2072.935791015625,2096.8669765010764,2053.1306719931827,2088.6148435750583,1260400
2022-05-19 09:00:00+09:00,2053.130615234375,2058.907108122896,1998.6665394283184,2001.1421792376846,1136500
2022-05-20 09:00:00+09:00,2048.17919921875,2059.73218422643,2011.044604551206,2053.130478507756,1289300
2022-05-23 09:00:00+09:00,2080.362548828125,2109.245011822565,2069.634776858761,2089.439894340663,994200
2022-05-24 09:00:00+09:00,2060.5576171875,2078.712309849945,2052.305484159116,2069.6349635187225,1017700
2022-05-25 09:00:00+09:00,2039.1019287109375,2065.508752555029,2017.6463843376134,2060.557473084262,1257100
2022-05-26 09:00:00+09:00,2057.2568359375,2083.6636625520205,2044.8786359619435,2055.6064092740926,1192700
2022-05-27 09:00:00+09:00,2080.362548828125,2115.0215044214533,2072.9356297724116,2102.6433059952647,1056700
2022-05-30 09:00:00+09:00,2104.293701171875,2132.350950520833,2097.6919954427085,2101.8180615234373,1931600
2022-05-31 09:00:00+09:00,2029.19970703125,2098.5176311429314,2021.7727865907127,2098.5176311429314,5206500
2022-06-01 09:00:00+09:00,2072.1103515625,2075.4112043726354,2031.6749046383413,2054.780874309289,1144600
2022-06-02 09:00:00+09:00,2037.451416015625,2075.411223685418,2022.597578231793,2072.935584054779,1015700
2022-06-03 09:00:00+09:00,2052.3056640625,2078.7124920681294,2035.8013965589817,2071.285571691546,908900
2022-06-06 09:00:00+09:00,2041.57763671875,2045.7037030823692,2011.0447456279685,2024.2481579915498,843500
2022-06-07 09:00:00+09:00,2055.606201171875,2078.712172120415,2047.3540686902538,2060.557480660848,846100
2022-06-08 09:00:00+09:00,2136.4775390625,2139.778392734285,2095.2168681651942,2095.2168681651942,1149200
2022-06-09 09:00:00+09:00,2115.021484375,2126.5744694632754,2097.6920067425867,2104.2937125073154,836400
2022-06-10 09:00:00+09:00,2105.119140625,2119.1477668071343,2086.964447918708,2094.3913676621914,1066800
2022-06-13 09:00:00+09:00,2088.614501953125,2088.614501953125,2048.1790572294176,2048.1790572294176,780800
2022-06-14 09:00:00+09:00,2093.566162109375,2102.643508496132,2042.4029370203796,2047.3542168677018,1097900
2022-06-15 09:00:00+09:00,2090.26513671875,2101.818122077638,2064.683526281213,2082.0130043195445,982300
2022-06-16 09:00:00+09:00,2089.43994140625,2136.4770964853005,2079.5373824422395,2122.4484712862854,1118800
2022-06-17 09:00:00+09:00,2031.6749267578125,2049.829617411213,2008.568956835303,2031.6749267578125,1601900
2022-06-20 09:00:00+09:00,2034.15087890625,2072.935905806288,2019.2970388168735,2072.935905806288,742100
2022-06-21 09:00:00+09:00,2049.82958984375,2062.2077878500527,2018.4714882277829,2039.1018182382875,758100
2022-06-22 09:00:00+09:00,2025.8985595703125,2078.712208373775,2025.8985595703125,2063.033156385247,914500
2022-06-23 09:00:00+09:00,2051.480224609375,2065.508850441378,2026.7238260823108,2026.7238260823108,814000
2022-06-24 09:00:00+09:00,2077.061767578125,2079.5374073487783,2038.2767445045565,2058.081862669783,770300
2022-06-27 09:00:00+09:00,2118.322509765625,2135.651988809286,2103.468670585344,2118.322509765625,876400
2022-06-28 09:00:00+09:00,2142.25390625,2142.25390625,2107.594944746726,2121.6235720218606,706400
2022-06-29 09:00:00+09:00,2097.6923828125,2124.9244239741097,2096.0419560754326,2121.6235704999754,1632500
2022-06-30 09:00:00+09:00,2096.041748046875,2100.167814480038,2063.03321658157,2089.440041753814,1118000
2022-07-01 09:00:00+09:00,2092.74072265625,2151.330861184875,2082.0129508129808,2134.0013835919017,1486400
2022-07-04 09:00:00+09:00,2132.350830078125,2142.2533881125437,2101.8179428053345,2129.0499773999854,788500
2022-07-05 09:00:00+09:00,2156.282470703125,2163.7093908088764,2097.692323202198,2141.4286304916227,1056300
2022-07-06 09:00:00+09:00,2180.213134765625,2181.8635610599213,2129.049919642435,2130.700345936731,991300
2022-07-07 09:00:00+09:00,2220.649169921875,2220.649169921875,2176.9128614841716,2212.3970362543837,1085900
2022-07-08 09:00:00+09:00,2224.77490234375,2262.734711508369,2199.1932918197676,2237.1531009843866,1598500
2022-07-11 09:00:00+09:00,2236.328125,2275.9383648523985,2223.1247117158673,2251.1819649446493,917200
2022-07-12 09:00:00+09:00,2161.2333984375,2241.2790798611113,2159.5829720163947,2233.0269477555844,825900
2022-07-13 09:00:00+09:00,2181.864013671875,2199.1934933568637,2172.7866671702145,2198.3682800385304,645000
2022-07-14 09:00:00+09:00,2152.98193359375,2192.5921799764637,2151.3315066611367,2167.8357759872674,733000
2022-07-15 09:00:00+09:00,2171.961181640625,2185.989806294079,2134.001373754809,2173.6116080704433,726100
2022-07-19 09:00:00+09:00,2190.115966796875,2197.542886051273,2160.4082897792837,2180.2134077910114,666200
2022-07-20 09:00:00+09:00,2269.33642578125,2271.812065518466,2228.900976740057,2232.2018297230115,856000
2022-07-21 09:00:00+09:00,2288.316162109375,2289.9665884794504,2252.006781967719,2256.132847892907,595600
2022-07-22 09:00:00+09:00,2293.267822265625,2299.869528842856,2274.287915856086,2275.9383425003934,578100
2022-07-25 09:00:00+09:00,2282.539794921875,2298.218846296971,2274.287662619193,2289.1415007640207,561200
2022-07-26 09:00:00+09:00,2261.08447265625,2276.76352556883,2254.4827661667427,2275.113098946453,600900
2022-07-27 09:00:00+09:00,2239.62890625,2255.3079590203574,2228.9011333018607,2247.88103928703,711600
2022-07-28 09:00:00+09:00,2252.832275390625,2261.0844082675135,2218.998530595381,2260.2591949798248,873000
2022-07-29 09:00:00+09:00,2259.43408203125,2280.0644151396436,2247.88109549055,2274.2879218692933,890700
2022-08-01 09:00:00+09:00,2114.19677734375,2150.5061677430963,2064.6839722537325,2064.6839722537325,2297300
2022-08-02 09:00:00+09:00,2032.500244140625,2136.477114121022,2031.6750308868122,2122.448488806207,1523700
2022-08-03 09:00:00+09:00,2063.033203125,2070.46012265625,2016.8212593750002,2020.1221125000002,1172500
2022-08-04 09:00:00+09:00,2067.984619140625,2082.8384591823374,2056.4316324415154,2079.5376058397346,960600
2022-08-05 09:00:00+09:00,2081.1875,2089.4396312450435,2040.7520568992861,2052.305040642347,718100
2022-08-08 09:00:00+09:00,2073.76123046875,2086.964644590318,2061.3830297297804,2063.0334564949762,635800
2022-08-09 09:00:00+09:00,2087.789794921875,2111.7209822944974,2074.586381199049,2077.0620212720787,499100
2022-08-10 09:00:00+09:00,2115.021484375,2118.3223372573643,2067.984330801307,2092.74072741904,768100
2022-08-12 09:00:00+09:00,2167.010009765625,2180.2134218586375,2141.428398835414,2145.5544651144805,851000
2022-08-15 09:00:00+09:00,2179.38818359375,2185.164676318156,2157.9326391888135,2183.5142498254686,339600
2022-08-16 09:00:00+09:00,2138.95263671875,2156.2821140995734,2115.021453669042,2149.680408430688,586300
2022-08-17 09:00:00+09:00,2183.51416015625,2184.339373368705,2132.3509409840326,2143.903925958404,764700
2022-08-18 09:00:00+09:00,2168.660888671875,2185.1651572310216,2156.2826872525147,2165.3600349600456,466600
2022-08-19 09:00:00+09:00,2165.360107421875,2189.2912976334737,2158.7583997772963,2185.1652303556116,393100
2022-08-22 09:00:00+09:00,2163.709228515625,2163.709228515625,2135.651976887276,2137.3024034536493,404000
2022-08-23 09:00:00+09:00,2107.594482421875,2153.8064209557924,2102.643203293241,2137.302157193679,833900
2022-08-24 09:00:00+09:00,2088.614501953125,2112.5456835242985,2086.9640756378717,2105.1187651056584,809700
2022-08-25 09:00:00+09:00,2152.98193359375,2176.913124116639,2116.6725410762624,2122.449035340408,958900
2022-08-26 09:00:00+09:00,2115.021484375,2163.709064389875,2115.021484375,2162.0586379486926,865300
2022-08-29 09:00:00+09:00,2038.27685546875,2053.1306949013156,2019.2969495271382,2045.7037751850328,1085500
2022-08-30 09:00:00+09:00,2034.9761962890625,2046.5291836159267,2025.073635723179,2032.5005561475916,648400
2022-08-31 09:00:00+09:00,2012.6954345703125,2015.1710747112354,1986.2886064004683,1992.065100062622,1830700
2022-09-01 09:00:00+09:00,1984.63818359375,2010.2197984342515,1959.0565687532483,1972.259982864475,1155200
2022-09-02 09:00:00+09:00,1958.23095703125,1979.6865005975426,1949.15361167628,1974.7352213130134,1162000
2022-09-05 09:00:00+09:00,1961.531982421875,1973.084968435298,1935.95037053501,1959.056342561856,695800
2022-09-06 09:00:00+09:00,1930.1737060546875,1966.4830874426336,1923.5720003477882,1962.3570213758217,768400
2022-09-07 09:00:00+09:00,1894.6898193359375,1917.7957927424734,1887.262899312408,1912.8445127267871,990500
2022-09-08 09:00:00+09:00,1962.357421875,1963.182635256781,1909.5437654410218,1912.0194055863647,1113200
2022-09-09 09:00:00+09:00,1968.1336669921875,1969.7840935473173,1939.2512022774174,1941.726842110112,1048900
2022-09-12 09:00:00+09:00,1964.0074462890625,1997.0159747981224,1948.328395247259,1982.987350181772,881800
2022-09-13 09:00:00+09:00,1968.1336669921875,1978.8614396005307,1954.9302545511498,1971.434520102447,664500
2022-09-14 09:00:00+09:00,1902.1165771484375,1918.6208424599206,1874.8845393844902,1889.738378164825,1361300
2022-09-15 09:00:00+09:00,1896.340087890625,1915.3199930348742,1888.0879552192125,1914.494779767733,718100
2022-09-16 09:00:00+09:00,1903.7672119140625,1917.7958389632774,1893.0394382881923,1897.165505067373,1185000
2022-09-20 09:00:00+09:00,1921.921875,1927.6983683984542,1899.6411147488193,1912.8445282310004,992500
2022-09-21 09:00:00+09:00,1855.079345703125,1884.7870220578013,1848.47763984653,1880.6609558974296,1879100
2022-09-22 09:00:00+09:00,1836.099609375,1846.0021690660112,1817.944916608146,1837.7500359901685,1209300
2022-09-26 09:00:00+09:00,1786.5869140625,1821.2458749819573,1775.8591404445729,1821.2458749819573,1674800
2022-09-27 09:00:00+09:00,1774.20849609375,1813.8187322856104,1774.20849609375,1791.5379744276888,1395700
2022-09-28 09:00:00+09:00,1773.3834228515625,1798.9650357451867,1748.6270232770873,1782.4607693622033,1384400
2022-09-29 09:00:00+09:00,1807.9407958984375,1816.3694243175444,1780.1263221153847,1791.0835390602238,3924300
2022-09-30 09:00:00+09:00,1786.0262451171875,1814.6835798665902,1775.0690288894748,1792.7691474111646,1433700
2022-10-03 09:00:00+09:00,1839.126708984375,1850.9267886937157,1789.397801637868,1808.783646874642,1979000
2022-10-04 09:00:00+09:00,1911.6126708984375,1921.727023654514,1881.2696126302085,1894.755416304977,1250000
2022-10-05 09:00:00+09:00,1920.884033203125,1939.4270120229885,1905.7125050777822,1922.5697585503854,1189700
2022-10-06 09:00:00+09:00,1912.4556884765625,1938.584435212029,1912.4556884765625,1914.9842768703172,952500
2022-10-07 09:00:00+09:00,1881.269775390625,1901.4984826528898,1863.5696565361434,1870.3125589568983,908900
2022-10-11 09:00:00+09:00,1870.3126220703125,1880.4269760427521,1845.026737139213,1855.141091111653,1121700
2022-10-12 09:00:00+09:00,1851.7694091796875,1869.4695264271948,1844.1836446450416,1860.1980364404053,679700
2022-10-13 09:00:00+09:00,1820.58349609375,1845.8693779839411,1817.212045175058,1835.7550252278647,764200
2022-10-14 09:00:00+09:00,1862.7266845703125,1875.369625868301,1834.9122137147376,1862.7266845703125,852500
2022-10-17 09:00:00+09:00,1835.7552490234375,1854.2982313368057,1822.2694437046243,1835.7552490234375,670100
2022-10-18 09:00:00+09:00,1851.7694091796875,1866.9409382489796,1832.3835664800367,1866.9409382489796,748600
2022-10-19 09:00:00+09:00,1865.25537109375,1872.8411362721702,1837.4408987728762,1837.4408987728762,641900
2022-10-20 09:00:00+09:00,1825.6409912109375,1843.3411116243399,1815.5266366889932,1827.3267169645949,964300
2022-10-21 09:00:00+09:00,1819.74072265625,1830.697938679655,1802.883467235627,1812.1549577169696,1128600
2022-10-24 09:00:00+09:00,1818.054931640625,1847.5551275643254,1807.0977160118218,1839.126500157554,1089900
2022-10-25 09:00:00+09:00,1842.498291015625,1855.1412344580926,1822.2695815076768,1829.012484676993,1406400
2022-10-26 09:00:00+09:00,1888.8553466796875,1904.8697382847363,1866.9409160622527,1871.1552296425284,1283100
2022-10-27 09:00:00+09:00,1882.1126708984375,1886.3269849846408,1865.255414553624,1877.0554939949934,848700
2022-10-28 09:00:00+09:00,1872.8411865234375,1886.3269916469187,1847.5553019169104,1858.5125185797388,3063700
2022-10-31 09:00:00+09:00,1897.2841796875,1905.712807762522,1872.8411582699355,1905.712807762522,1424500
2022-11-01 09:00:00+09:00,1691.625732421875,1740.511777504321,1686.5685553443807,1737.1403261193248,5416500
2022-11-02 09:00:00+09:00,1666.3397216796875,1697.5256446448614,1663.81113333116,1685.725565685066,3009200
2022-11-04 09:00:00+09:00,1604.8106689453125,1623.3536493637982,1585.4248257805318,1623.3536493637982,3210700
2022-11-07 09:00:00+09:00,1637.6822509765625,1663.8109950734608,1628.4107611357276,1636.8393882637592,1576100
2022-11-08 09:00:00+09:00,1658.7540283203125,1662.9683424166549,1640.2110462964067,1652.011125766165,1093200
2022-11-09 09:00:00+09:00,1692.468505859375,1698.3685454714346,1669.7112102128594,1678.1398382300874,1535400
2022-11-10 09:00:00+09:00,1669.711181640625,1704.268555919911,1668.8683188533253,1700.0542419834128,1237400
2022-11-11 09:00:00+09:00,1770.0118408203125,1771.6975663829985,1721.9686622837612,1725.3401134091332,2282400
2022-11-14 09:00:00+09:00,1806.2550048828125,1830.6980264141246,1760.7404130658867,1769.1690411801324,1869800
2022-11-15 09:00:00+09:00,1807.0977783203125,1812.1549549387462,1787.7119346163165,1809.6263666295292,1270000
2022-11-16 09:00:00+09:00,1797.826416015625,1807.0979071436946,1770.8548054612415,1801.197867334923,1192300
2022-11-17 09:00:00+09:00,1810.46923828125,1815.5264149244936,1791.083394482149,1806.2549244118802,1063500
2022-11-18 09:00:00+09:00,1825.6409912109375,1826.483854087766,1791.0836132609613,1791.0836132609613,1153800
2022-11-21 09:00:00+09:00,1785.1834716796875,1845.8695953628496,1780.9691575350234,1845.8695953628496,1437000
2022-11-22 09:00:00+09:00,1799.5120849609375,1818.0550666326662,1788.5548685185524,1799.5120849609375,1155200
2022-11-24 09:00:00+09:00,1824.798095703125,1842.4982158000143,1811.3122899150187,1839.126764352988,1071000
2022-11-25 09:00:00+09:00,1807.9407958984375,1826.4837784204728,1807.097933056527,1816.3694243175444,858300
2022-11-28 09:00:00+09:00,1787.7117919921875,1818.0548492820126,1771.69740064478,1818.0548492820126,1073800
2022-11-29 09:00:00+09:00,1754.84033203125,1764.1118227384275,1745.5688413240723,1759.8975087806195,1332300
2022-11-30 09:00:00+09:00,1777.597412109375,1792.7689405199815,1739.6685910828592,1750.625806046075,3904100
2022-12-01 09:00:00+09:00,1771.6976318359375,1799.5121046478241,1769.1690433984932,1790.2406137105286,1031600
2022-12-02 09:00:00+09:00,1778.4404296875,1782.6547435019254,1748.9402329865225,1767.483213769994,1131200
2022-12-05 09:00:00+09:00,1784.3404541015625,1802.040571974086,1762.4260224498664,1766.6403362290387,933600
2022-12-06 09:00:00+09:00,1750.6260986328125,1779.2834348646447,1750.6260986328125,1768.3262180701206,918700
2022-12-07 09:00:00+09:00,1737.1402587890625,1757.3689663149903,1728.7116306532591,1730.3973562804197,1277800
2022-12-08 09:00:00+09:00,1762.426025390625,1764.9546136623476,1723.6543385575458,1739.668730945122,1139000
2022-12-09 09:00:00+09:00,1769.1689453125,1775.068984672761,1735.4544346824382,1736.2972974481897,791100
2022-12-12 09:00:00+09:00,1740.5115966796875,1768.3260677162152,1737.9830084036396,1768.3260677162152,1015100
2022-12-13 09:00:00+09:00,1765.7974853515625,1785.1833288661621,1765.7974853515625,1772.5403874435972,660500
2022-12-14 09:00:00+09:00,1743.040283203125,1754.8403624897999,1727.0258898854947,1727.8687526916858,1402300
2022-12-15 09:00:00+09:00,1721.1259765625,1749.7833140762732,1721.1259765625,1737.140371055491,1283600
2022-12-16 09:00:00+09:00,1702.582763671875,1723.6543325292,1682.3540575688428,1694.1541361289449,1525800
2022-12-19 09:00:00+09:00,1714.3829345703125,1721.1258369678358,1695.8399529771232,1696.6828157768136,650100
2022-12-20 09:00:00+09:00,1701.7398681640625,1713.5399464970476,1679.825436974233,1702.5827309021329,1106300
2022-12-21 09:00:00+09:00,1683.1971435546875,1707.6401666709048,1676.454240626076,1686.5685950189934,964000
2022-12-22 09:00:00+09:00,1688.254150390625,1692.468464295744,1673.925483113221,1685.7255620475537,951300
2022-12-23 09:00:00+09:00,1685.7255859375,1689.9398999023438,1676.4540952148438,1678.98268359375,537800
2022-12-26 09:00:00+09:00,1689.096923828125,1711.8542177120369,1680.6682964637132,1711.8542177120369,580000
2022-12-27 09:00:00+09:00,1695.83984375,1706.7970594402336,1684.0397653143639,1705.9541966948311,350100
2022-12-28 09:00:00+09:00,1711.0115966796875,1721.1259509457743,1691.6257510030212,1694.1543395695428,749700
2022-12-29 09:00:00+09:00,1678.9827880859375,1691.6257307673075,1676.4541995496634,1690.7828679218828,722300
2022-12-30 09:00:00+09:00,1686.5684814453125,1704.2686004409904,1685.7256186359946,1692.4685211105386,596500
2023-01-04 09:00:00+09:00,1697.525634765625,1700.0542230994367,1664.6539864260722,1694.9970464318133,684500
2023-01-05 09:00:00+09:00,1732.9259033203125,1735.4544917006435,1687.411312474351,1689.0970380612384,1138000
2023-01-06 09:00:00+09:00,1742.1973876953125,1743.883113276053,1711.0114644516132,1714.3829156130942,810100
2023-01-10 09:00:00+09:00,1713.5399169921875,1743.0401123166962,1699.2112506917117,1703.4255643094987,1315800
2023-01-11 09:00:00+09:00,1740.5115966796875,1744.7259104731008,1717.7543021952556,1725.3400670233996,782400
2023-01-12 09:00:00+09:00,1736.2972412109375,1748.0973195492643,1728.7114765648703,1744.7258685954566,428400
2023-01-13 09:00:00+09:00,1727.02587890625,1752.3117629312317,1721.9687021012535,1732.0830557112463,525600
2023-01-16 09:00:00+09:00,1738.825927734375,1745.568830023214,1716.911495295648,1724.497260370592,870000
2023-01-17 09:00:00+09:00,1744.725830078125,1748.097280957503,1723.6542620820123,1736.2972028796798,785500
2023-01-18 09:00:00+09:00,1758.2119140625,1767.4834054597613,1724.4973998906398,1737.1403427050873,1187800
2023-01-19 09:00:00+09:00,1746.4117431640625,1765.797587803432,1739.6688406808037,1764.1118621826172,808900
2023-01-20 09:00:00+09:00,1743.040283203125,1746.4117344278893,1717.754399017393,1721.1258502421572,986800
2023-01-23 09:00:00+09:00,1759.897705078125,1775.0692370184536,1754.840527764682,1768.326333933863,652000
2023-01-24 09:00:00+09:00,1808.78369140625,1810.469417120515,1780.9692171208787,1785.183531406541,718300
2023-01-25 09:00:00+09:00,1822.26953125,1823.1123941229184,1788.5550163332562,1796.1407821895234,840800
2023-01-26 09:00:00+09:00,1827.326416015625,1843.3408080379022,1823.9549650635668,1830.6978669676835,1008400
2023-01-27 09:00:00+09:00,1843.3406982421875,1855.1407758715386,1830.6977579250258,1836.5977967397012,802300
2023-01-30 09:00:00+09:00,1857.6695556640625,1867.783908961689,1829.0122213207874,1854.2981045648535,1459000
2023-01-31 09:00:00+09:00,1879.583984375,1899.812690933296,1855.9838267236546,1877.8982588284753,2834400
2023-02-01 09:00:00+09:00,1784.3404541015625,1893.9126123600429,1778.4404148107212,1858.5123766149954,3017700
2023-02-02 09:00:00+09:00,1796.140625,1823.9550973721257,1780.1262318160489,1816.3693321797277,1264700
2023-02-03 09:00:00+09:00,1803.726318359375,1803.7263183593752,1766.6403566734814,1787.7119258131938,957500
2023-02-06 09:00:00+09:00,1807.0977783203125,1820.5835826361356,1796.983425083445,1813.840680478224,759600
2023-02-07 09:00:00+09:00,1799.5120849609375,1810.4693014033228,1788.5548685185524,1796.1406337478961,490200
2023-02-08 09:00:00+09:00,1804.5693359375,1808.783650126985,1789.3978048553538,1792.769256206942,593300
2023-02-09 09:00:00+09:00,1791.9261474609375,1802.8833628499274,1782.6546575164077,1793.6118729053976,468800
2023-02-10 09:00:00+09:00,1786.8692626953125,1796.140754152694,1762.4262397622163,1771.6977312195977,725900
2023-02-13 09:00:00+09:00,1770.0118408203125,1790.2405475725448,1740.5116434733072,1787.7119592285158,821000
2023-02-14 09:00:00+09:00,1789.397705078125,1801.197784150708,1780.969077169137,1799.5120585689106,474100
2023-02-15 09:00:00+09:00,1795.2977294921875,1801.1977689787814,1786.869101654196,1800.3549061949823,620600
2023-02-16 09:00:00+09:00,1791.9261474609375,1801.1976374054673,1779.283206627488,1794.4547356276275,633900
2023-02-17 09:00:00+09:00,1796.140625,1796.140625,1767.4832898287189,1777.5976434185827,759900
2023-02-20 09:00:00+09:00,1802.04052734375,1806.2548410185484,1791.0833117892744,1805.4119782835887,456000
2023-02-21 09:00:00+09:00,1841.6552734375,1841.6552734375,1802.040720645023,1807.097897597254,1059300
2023-02-22 09:00:00+09:00,1785.1834716796875,1824.7980246395296,1777.5977062192921,1821.4265733237983,1597100
2023-02-24 09:00:00+09:00,1791.9261474609375,1791.9261474609375,1775.068893016338,1790.2404220164776,761600
2023-02-27 09:00:00+09:00,1829.85498046875,1833.2264313770295,1790.2404322964646,1795.297608658884,1118300
2023-02-28 09:00:00+09:00,1829.85498046875,1842.4979213747984,1815.5263141085616,1824.7978041063304,2584200
2023-03-01 09:00:00+09:00,1823.955078125,1832.383706027611,1812.9978618516059,1818.0550385931724,859700
2023-03-02 09:00:00+09:00,1831.540771484375,1831.540771484375,1807.0977515243903,1823.1121439119665,1125600
2023-03-03 09:00:00+09:00,1891.3841552734375,1892.2270180877306,1845.8695633016168,1845.8695633016168,1733500
2023-03-06 09:00:00+09:00,1900.65576171875,1909.9272532393293,1884.6413672741132,1905.7129389117933,890200
2023-03-07 09:00:00+09:00,1910.7698974609375,1912.4556229990592,1886.326877158173,1897.2840931559638,942800
2023-03-08 09:00:00+09:00,1945.327392578125,1949.54170668683,1892.2270348084448,1896.4413489171495,1251200
2023-03-09 09:00:00+09:00,1990.8419189453125,1995.8990957080864,1976.5132514507864,1981.5704282135603,1580600
2023-03-10 09:00:00+09:00,1976.5130615234375,1985.7845513642724,1956.2843564161612,1957.9700818417675,1530400
2023-03-13 09:00:00+09:00,1947.8558349609375,1955.4415997877002,1930.155717031825,1954.598737029171,895300
2023-03-14 09:00:00+09:00,1921.7271728515625,1930.155800802666,1906.5556425395766,1925.098624032004,1252200
2023-03-15 09:00:00+09:00,1947.0130615234375,1949.5416499150265,1919.1985892159598,1941.9558847402598,1142000
2023-03-16 09:00:00+09:00,1847.55517578125,1869.469607610772,1834.9122343411411,1862.7267055093807,1821000
2023-03-17 09:00:00+09:00,1855.9837646484375,1866.9409803343729,1848.3979999427897,1855.9837646484373,1057000
2023-03-20 09:00:00+09:00,1816.369384765625,1847.555309237239,1812.9979334713964,1847.555309237239,728100
2023-03-22 09:00:00+09:00,1868.6268310546875,1876.2125962687119,1852.6124378250804,1858.5124774359883,863800
2023-03-23 09:00:00+09:00,1869.4696044921875,1877.0553693435986,1834.912231280204,1838.2836823252755,768600
2023-03-24 09:00:00+09:00,1815.5263671875,1855.9837792696726,1813.840641684076,1853.455191014537,1323700
2023-03-27 09:00:00+09:00,1786.0262451171875,1830.697972814786,1783.497656756946,1830.697972814786,1708000
2023-03-28 09:00:00+09:00,1812.997802734375,1818.05497931104,1791.9262336649376,1797.82627300438,997400
2023-03-29 09:00:00+09:00,1844.1837158203125,1844.1837158203125,1785.1833227182,1789.397636511208,1214400
2023-03-30 09:00:00+09:00,1858.813232421875,1870.0005342836735,1845.9048071967231,1863.1160408302592,806700
2023-03-31 09:00:00+09:00,1873.4429931640625,1882.0486109553538,1856.2317575814805,1870.0007460475463,1078100
2023-04-03 09:00:00+09:00,1882.908935546875,1900.9807306321054,1876.0244421810728,1898.3990456199297,1012400
2023-04-04 09:00:00+09:00,1906.1441650390625,1909.58641183823,1874.303382146762,1880.3273140453055,926500
2023-04-05 09:00:00+09:00,1867.4188232421875,1892.3751116633966,1863.1160148937033,1884.630056636125,719000
2023-04-06 09:00:00+09:00,1810.621826171875,1847.6259794634104,1804.5978942406948,1847.6259794634104,1011800
2023-04-07 09:00:00+09:00,1815.78515625,1821.8090880479858,1802.0161692831755,1810.621786137441,587400
2023-04-10 09:00:00+09:00,1817.5064697265625,1823.5304021546333,1805.4586048704205,1819.2275932774398,573800
2023-04-11 09:00:00+09:00,1835.5780029296875,1844.183619446001,1820.9484548519545,1841.6019344911072,769700
2023-04-12 09:00:00+09:00,1853.6500244140625,1863.9767654971492,1841.602159817128,1844.1838450878997,827500
2023-04-13 09:00:00+09:00,1839.020263671875,1840.7413869883671,1822.6695921651994,1828.6935237729222,963500
2023-04-14 09:00:00+09:00,1845.9046630859375,1850.207471158399,1823.5300611091382,1845.9046630859375,845000
2023-04-17 09:00:00+09:00,1848.4864501953125,1848.4864501953125,1826.97240864276,1836.438586925883,922000
2023-04-18 09:00:00+09:00,1845.9046630859375,1859.6736489178138,1843.3229782424605,1859.6736489178138,646300
2023-04-19 09:00:00+09:00,1783.083740234375,1824.3906994676038,1779.641493631606,1815.7850829606812,2647400
2023-04-20 09:00:00+09:00,1764.1514892578125,1783.083846703506,1758.9881190453505,1771.8965445765052,1420900
2023-04-21 09:00:00+09:00,1751.2430419921875,1768.4542758201205,1740.055740004031,1748.6613569179974,1474100
2023-04-24 09:00:00+09:00,1773.61767578125,1779.6416077222827,1759.8486884874605,1778.781046016421,814600
2023-04-25 09:00:00+09:00,1795.1318359375,1824.3909358521094,1783.0839712667785,1784.8050947911672,1252000
2023-04-26 09:00:00+09:00,1777.059814453125,1791.6893625624243,1765.0119513042903,1787.3865542949834,1200200
2023-04-27 09:00:00+09:00,1785.66552734375,1792.5500209431475,1763.290923145708,1776.1993486445783,729200
2023-04-28 09:00:00+09:00,1834.717529296875,1834.717529296875,1814.9246103598073,1824.3907889818831,1243200
2023-05-01 09:00:00+09:00,1718.541748046875,1742.6374761116285,1691.0037731157283,1706.4938840144985,3402500
2023-05-02 09:00:00+09:00,1707.3543701171875,1742.6373989351334,1707.3543701171875,1737.4740288642147,2181600
2023-05-08 09:00:00+09:00,1714.23876953125,1721.983824212867,1700.4697834305973,1708.2148381122145,1465900
2023-05-09 09:00:00+09:00,1727.147216796875,1727.147216796875,1709.9359839438919,1717.6810387277342,1324400
2023-05-10 09:00:00+09:00,1736.613525390625,1737.4740870979542,1715.9600444147206,1726.2867849026727,1006600
2023-05-11 09:00:00+09:00,1710.796630859375,1728.007864570234,1709.936069173832,1727.147302884691,1145800
2023-05-12 09:00:00+09:00,1721.1234130859375,1723.7050982055664,1701.330493835449,1704.772740661621,1055700
2023-05-15 09:00:00+09:00,1725.4261474609375,1733.1712024869466,1715.0994074262585,1729.7289558087205,974500
2023-05-16 09:00:00+09:00,1729.7291259765625,1731.450249484997,1718.541823171739,1729.7291259765625,1130100
2023-05-17 09:00:00+09:00,1709.93603515625,1721.98389851417,1708.214911819404,1716.8205285036329,1432500
2023-05-18 09:00:00+09:00,1711.6572265625,1715.960035075729,1700.4699244281046,1709.0755414545627,1602000
2023-05-19 09:00:00+09:00,1700.4698486328125,1717.6810819185698,1699.6092869685247,1715.9599585899941,1291200
2023-05-22 09:00:00+09:00,1715.099365234375,1717.6810501795346,1694.445885673098,1697.0275706182576,1759400
2023-05-23 09:00:00+09:00,1691.003662109375,1715.9599502524652,1689.282538789162,1708.214895311506,2543300
2023-05-24 09:00:00+09:00,1678.9559326171875,1698.7488523763855,1672.932000516562,1698.7488523763855,1403300
2023-05-25 09:00:00+09:00,1659.1629638671875,1677.2347596354502,1658.3024021639367,1671.210827712696,1437500
2023-05-26 09:00:00+09:00,1643.6728515625,1664.3263324198297,1643.6728515625,1660.8840856102747,1604700
2023-05-29 09:00:00+09:00,1616.9954833984375,1654.8601993481616,1616.9954833984375,1654.8601993481616,2476800
2023-05-30 09:00:00+09:00,1568.8040771484375,1593.7603680081768,1557.616774349244,1592.0392445006084,2677100
2023-05-31 09:00:00+09:00,1549.01123046875,1565.3619045681426,1538.6844889322917,1561.919657389323,4990100
2023-06-01 09:00:00+09:00,1525.77587890625,1547.2899211920121,1524.9153172148194,1537.8237425862767,2054900
2023-06-02 09:00:00+09:00,1566.2222900390625,1566.2222900390625,1531.7998221261162,1531.7998221261162,2424400
2023-06-05 09:00:00+09:00,1595.481201171875,1602.7959747479058,1581.7122156169937,1592.8995163803347,2775800
2023-06-06 09:00:00+09:00,1577.4095458984375,1585.1546009519486,1558.0469082646596,1583.433477606724,1775900
2023-06-07 09:00:00+09:00,1573.96728515625,1595.4813267794902,1567.9433535017429,1593.3299226171662,1469400
2023-06-08 09:00:00+09:00,1567.082763671875,1580.8517500632809,1560.1982704761722,1579.991188413818,1212200
2023-06-09 09:00:00+09:00,1571.3856201171875,1579.1306751999118,1560.1983183310301,1562.3497225206756,1827900
2023-06-12 09:00:00+09:00,1583.4334716796875,1589.4574033654255,1574.3975741510806,1579.130663332732,1082600
2023-06-13 09:00:00+09:00,1596.772216796875,1611.832046381324,1592.0391274989054,1596.341935951605,1329100
2023-06-14 09:00:00+09:00,1623.4495849609375,1629.903797464095,1602.3658241172889,1610.1108791210781,1353500
2023-06-15 09:00:00+09:00,1625.170654296875,1630.334024127842,1610.9713872617156,1624.7403734776276,1142300
2023-06-16 09:00:00+09:00,1621.2982177734375,1627.3221495804514,1611.8320392195587,1624.7404645203026,1984300
2023-06-19 09:00:00+09:00,1628.6129150390625,1638.9396547909614,1614.4136478802013,1626.4615109240835,1306400
2023-06-20 09:00:00+09:00,1632.485595703125,1639.8003703807615,1625.6011018888787,1628.6130679326116,1236300
2023-06-21 09:00:00+09:00,1651.4178466796875,1653.5692508572274,1628.6129623977636,1635.0671749303835,1374800
2023-06-22 09:00:00+09:00,1635.927734375,1648.4058785877498,1634.2066110353103,1639.3699810543792,1678800
2023-06-23 09:00:00+09:00,1601.0750732421875,1637.2186653282783,1593.330017795168,1633.3461376047685,2027200
2023-06-26 09:00:00+09:00,1592.899658203125,1618.2862275802142,1589.4574115079265,1612.2622958636168,2004500
2023-06-27 09:00:00+09:00,1577.4095458984375,1604.9475194220327,1557.6166274283535,1604.9475194220327,2414600
2023-06-28 09:00:00+09:00,1607.0989990234375,1608.389841592934,1581.2821476335027,1591.6088881894766,2047100
2023-06-29 09:00:00+09:00,1565.36181640625,1604.947656733181,1558.9076033094677,1596.3420392708047,2528100
2023-06-30 09:00:00+09:00,1569.66455078125,1573.537078455875,1547.7202272917095,1558.9075294628478,2684200
2023-07-03 09:00:00+09:00,1587.30615234375,1595.0512081155546,1573.9674451811975,1573.9674451811975,1629300
2023-07-04 09:00:00+09:00,1561.9195556640625,1591.6089356477596,1561.0589939254046,1584.7244417384964,2042400
2023-07-05 09:00:00+09:00,1563.640625,1573.967365506329,1558.046973892405,1561.9195015822784,1235400
2023-07-06 09:00:00+09:00,1555.0350341796875,1569.6645834774488,1549.8716638393012,1564.9314939987612,1620700
2023-07-07 09:00:00+09:00,1543.4173583984375,1553.7440984602056,1541.2659542189024,1549.8715709370426,2163800
2023-07-10 09:00:00+09:00,1562.780029296875,1570.0948036630773,1541.2659870433388,1558.046940001097,2665100
2023-07-11 09:00:00+09:00,1561.4892578125,1579.1307732631235,1558.4772917599546,1576.5490880752275,1959000
2023-07-12 09:00:00+09:00,1572.6763916015625,1578.2700422420057,1554.6045972247457,1577.4094806050146,1627300
2023-07-13 09:00:00+09:00,1581.2823486328125,1586.0154386559311,1564.0711121851084,1577.409820432079,1494500
2023-07-14 09:00:00+09:00,1588.5968017578125,1594.6207332921053,1575.6883770414706,1586.8756784623001,1281800
2023-07-18 09:00:00+09:00,1576.979248046875,1589.027111333454,1569.6644739085948,1583.0031796901646,1546900
2023-07-19 09:00:00+09:00,1587.30615234375,1604.9476682684162,1576.5491304384657,1579.5610965719452,1701200
2023-07-20 09:00:00+09:00,1605.3778076171875,1610.5411776765297,1586.4454507329322,1587.736293247768,1530600
2023-07-21 09:00:00+09:00,1602.796142578125,1607.9595127018667,1589.457436425126,1606.6686701709314,1081300
2023-07-24 09:00:00+09:00,1628.1826171875,1630.3340212799783,1598.9235215297965,1605.3777338072312,1773700
2023-07-25 09:00:00+09:00,1639.3699951171875,1643.6728035033218,1631.6249400221457,1635.0671867310532,1245700
2023-07-26 09:00:00+09:00,1656.151123046875,1658.3025274675647,1629.4737082303236,1643.242696522737,1457800
2023-07-27 09:00:00+09:00,1668.19873046875,1668.19873046875,1638.5093540430746,1651.4177785759769,2003900
2023-07-28 09:00:00+09:00,1684.9798583984375,1685.840420123871,1643.2426147149215,1662.1749726744545,2318400
2023-07-31 09:00:00+09:00,1564.0709228515625,1617.8560302398555,1560.1983951196053,1617.8560302398555,5618500
2023-08-01 09:00:00+09:00,1552.4534912109375,1573.9675362665214,1549.011244002044,1572.6766935631863,3891200
2023-08-02 09:00:00+09:00,1536.102783203125,1559.7682322440694,1532.6605360698966,1553.3140188692664,3493300
2023-08-03 09:00:00+09:00,1524.915283203125,1538.6842699589095,1518.8913514974695,1538.2539891227912,2714800
2023-08-04 09:00:00+09:00,1478.4449462890625,1515.8793788639018,1476.7238229522882,1514.1582555271277,4049700
2023-08-07 09:00:00+09:00,1492.2139892578125,1500.3893254157995,1464.6760148309095,1475.002755240998,2510100
2023-08-08 09:00:00+09:00,1524.0546875,1524.4849683265104,1499.5286803889046,1503.831488654009,2327500
2023-08-09 09:00:00+09:00,1536.102783203125,1539.9753112280068,1515.4493004037552,1537.823906769739,2318100
2023-08-10 09:00:00+09:00,1544.7083740234375,1544.7083740234375,1528.357700426532,1540.4055651821466,2236100
2023-08-14 09:00:00+09:00,1601.50537109375,1634.206716661489,1601.0750902310165,1611.8321117993517,7102500
2023-08-15 09:00:00+09:00,1560.6285400390625,1603.226341380079,1558.4771359309302,1601.9354989151998,4229000
2023-08-16 09:00:00+09:00,1518.891357421875,1555.0349477967866,1517.1702340706888,1553.3138244456002,2894400
2023-08-17 09:00:00+09:00,1505.552734375,1525.3456540038226,1493.0745893916119,1515.4491941894112,2595000
2023-08-18 09:00:00+09:00,1521.4730224609375,1521.4730224609375,1497.8075766930215,1501.6801041823169,1447000
2023-08-21 09:00:00+09:00,1518.891357421875,1529.2180975289925,1517.6005149084854,1526.6364125022133,1349000
2023-08-22 09:00:00+09:00,1524.915283203125,1528.7878107281895,1512.0068581195771,1519.3216323335876,1408500
2023-08-23 09:00:00+09:00,1528.7879638671875,1528.7879638671875,1514.5886948529412,1520.6126271620155,1288500
2023-08-24 09:00:00+09:00,1530.9390869140625,1530.9390869140625,1519.7517861103058,1526.6362789126176,1809100
2023-08-25 09:00:00+09:00,1537.82373046875,1537.82373046875,1524.9153051990068,1530.5089561492287,1663300
2023-08-28 09:00:00+09:00,1544.7083740234375,1549.8717446329865,1537.393598993243,1545.9992166758248,2259300
2023-08-29 09:00:00+09:00,1553.3138427734375,1554.6046853020582,1542.5568217015993,1549.4413151875758,2068300
2023-08-30 09:00:00+09:00,1572.2462158203125,1580.8518327651418,1556.3258244723781,1558.046947861344,1766700
2023-08-31 09:00:00+09:00,1570.0948486328125,1577.8399040659149,1567.5131634884451,1573.1068146345744,2446700
2023-09-01 09:00:00+09:00,1570.0948486328125,1570.0948486328125,1562.3497931997101,1566.2223209162612,1657000
2023-09-04 09:00:00+09:00,1599.353759765625,1599.353759765625,1566.2221376235877,1576.5488769925344,2458500
2023-09-05 09:00:00+09:00,1596.3419189453125,1601.9355698742313,1587.306021290905,1600.644727352173,1978400
2023-09-06 09:00:00+09:00,1595.481201171875,1602.3656939493158,1588.5967083944345,1594.620639574695,2459000
2023-09-07 09:00:00+09:00,1566.2222900390625,1592.899702671596,1564.9314474923272,1583.8638048444477,2703400
2023-09-08 09:00:00+09:00,1555.8956298828125,1580.8519204063753,1551.5928211718533,1573.9674264688406,3245700
2023-09-11 09:00:00+09:00,1577.8399658203125,1598.4934477836,1575.2582805749016,1581.2822128141938,2934500
2023-09-12 09:00:00+09:00,1595.481201171875,1597.2023243662352,1583.433338811354,1586.4453044014842,2169600
2023-09-13 09:00:00+09:00,1590.3179931640625,1599.3538908524947,1587.7363081102249,1598.9236100101884,2155100
2023-09-14 09:00:00+09:00,1592.4693603515625,1593.3299220161675,1582.572901208605,1587.7362711962348,2459000
2023-09-15 09:00:00+09:00,1590.7484130859375,1603.6568394837136,1590.7484130859375,1600.6448733242325,3354800
2023-09-19 09:00:00+09:00,1581.71240234375,1592.4694235784054,1570.525100259708,1590.7483001808605,3926000
2023-09-20 09:00:00+09:00,1584.7244873046875,1595.4815093472118,1583.4336446595846,1584.2942064229865,2988100
2023-09-21 09:00:00+09:00,1580.421630859375,1593.33005692139,1576.5491030407704,1592.4694951839224,2270200
2023-09-22 09:00:00+09:00,1569.66455078125,1585.1546614797492,1564.9314614011532,1581.2821338051244,3561700
2023-09-25 09:00:00+09:00,1557.61669921875,1577.8398994572253,1542.1265883977899,1549.0110820959944,4575500
2023-09-26 09:00:00+09:00,1551.5928955078125,1562.3499178005734,1547.7203674824186,1549.8717719409708,3648800
2023-09-27 09:00:00+09:00,1572.6763916015625,1573.9672340570494,1550.7320698582848,1557.6165629542152,3869200
2023-09-28 09:00:00+09:00,1548.8548583984375,1574.0000383838294,1545.766853838828,1572.2354643497667,4541900
2023-09-29 09:00:00+09:00,1536.5028076171875,1564.7359915642157,1529.8856551296026,1549.7371125923569,3263700
2023-10-02 09:00:00+09:00,1536.5028076171875,1562.5302740683542,1533.414803122981,1543.1199601047722,2660300
2023-10-03 09:00:00+09:00,1482.2421875,1523.7096772693453,1482.2421875,1520.6216727120536,4938900
2023-10-04 09:00:00+09:00,1454.0089111328125,1473.4192242668669,1445.6271850067435,1469.0077894636727,3881300
2023-10-05 09:00:00+09:00,1484.44775390625,1486.2123277593332,1461.5082938161684,1469.007732691772,2456900
2023-10-06 09:00:00+09:00,1484.006591796875,1492.3883174937064,1480.0363006773232,1488.8591698318826,2427500
2023-10-10 09:00:00+09:00,1500.770263671875,1512.2399952578446,1493.270823788741,1494.1531108338156,2702100
2023-10-11 09:00:00+09:00,1495.917724609375,1507.8286000338671,1494.1531504724132,1504.2994517599436,2080100
2023-10-12 09:00:00+09:00,1474.74267578125,1500.770141492017,1474.74267578125,1499.8878545187706,3134400
2023-10-13 09:00:00+09:00,1464.1552734375,1472.095856420891,1456.6558339531864,1468.1255649291957,2599400
2023-10-16 09:00:00+09:00,1442.5391845703125,1465.919789090871,1439.0100367181526,1461.0672107941514,2936800
2023-10-17 09:00:00+09:00,1455.332275390625,1473.8603007214545,1450.038553867531,1459.3025665329455,2005400
2023-10-18 09:00:00+09:00,1435.0396728515625,1466.8020019155995,1423.5699429117712,1464.5962846194857,2923000
2023-10-19 09:00:00+09:00,1420.041015625,1435.4810390940509,1415.188436820441,1422.2467332634358,3243400
2023-10-20 09:00:00+09:00,1426.2169189453125,1431.9517843787457,1398.4248787679062,1417.8351925426027,3419900
2023-10-23 09:00:00+09:00,1434.5985107421875,1438.1276583700894,1416.9527726026772,1424.0110678584813,2016500
2023-10-24 09:00:00+09:00,1465.478515625,1472.0956672608745,1446.5093476021598,1451.361925468468,3411400
2023-10-25 09:00:00+09:00,1461.50830078125,1475.6248916731909,1457.0968661275185,1469.0077396925935,2344000
2023-10-26 09:00:00+09:00,1445.627197265625,1461.9495061758564,1443.4214798453233,1456.6557843671326,2498500
2023-10-27 09:00:00+09:00,1472.9781494140625,1474.3015799166806,1450.9209743704257,1463.714135895735,2145500
2023-10-30 09:00:00+09:00,1444.3038330078125,1466.802151726016,1443.4215459992556,1466.3610082217376,4390900
2023-10-31 09:00:00+09:00,1456.65576171875,1485.7712312140368,1448.7151791291262,1475.1837877612052,3694300
2023-11-01 09:00:00+09:00,1506.06396484375,1510.4754000073226,1439.0101503574435,1487.094793640387,6679600
2023-11-02 09:00:00+09:00,1520.62158203125,1524.5918733681463,1496.3586905279953,1518.4158646218632,3599500
2023-11-06 09:00:00+09:00,1544.8846435546875,1547.0903612068216,1509.5931611205428,1539.590921189566,3792800
2023-11-07 09:00:00+09:00,1517.533447265625,1549.7369186756223,1516.2100169337073,1546.2077711238417,2009100
2023-11-08 09:00:00+09:00,1515.327880859375,1544.0022075714155,1507.387298077579,1529.003328983579,3226300
2023-11-09 09:00:00+09:00,1530.767822265625,1532.0912526595146,1506.5049317109824,1513.1220836804305,2261100
2023-11-10 09:00:00+09:00,1545.3255615234375,1551.0604265819031,1520.6215274254323,1521.062670891468,2282300
2023-11-13 09:00:00+09:00,1547.9725341796875,1551.5016821629983,1536.0616597360138,1548.4136776776013,2508800
2023-11-14 09:00:00+09:00,1556.354248046875,1558.1188220242525,1544.884517193922,1553.707387080809,2306900
2023-11-15 09:00:00+09:00,1560.765625,1565.61820325749,1540.9141684920858,1564.7359163015828,3910500
2023-11-16 09:00:00+09:00,1559.0010986328125,1567.382824969548,1541.7965024679343,1563.4125335468839,2267500
2023-11-17 09:00:00+09:00,1567.3828125,1567.8239559878975,1548.8547860083029,1555.4719383267661,2459600
2023-11-20 09:00:00+09:00,1572.2353515625,1587.2342297760592,1567.3827733169367,1567.8239167938061,2902000
2023-11-21 09:00:00+09:00,1561.2069091796875,1572.2354971224656,1550.1783212369091,1568.7063489807765,2949500
2023-11-22 09:00:00+09:00,1566.0594482421875,1567.3828787618288,1540.473124862456,1549.295994993398,2516900
2023-11-24 09:00:00+09:00,1590.322265625,1590.322265625,1567.8239478588764,1569.5885218013175,3867600
2023-11-27 09:00:00+09:00,1577.97021484375,1586.3519408940801,1566.0593409827543,1583.7050800360812,3169400
2023-11-28 09:00:00+09:00,1585.4697265625,1585.4697265625,1561.2068342528346,1574.882282645555,4024700
2023-11-29 09:00:00+09:00,1591.20458984375,1606.6446122015352,1575.7645674859648,1580.6171459412687,4755100
2023-11-30 09:00:00+09:00,1592.96923828125,1604.4389697116883,1572.2354930031502,1588.1166595991415,28060700
2023-12-01 09:00:00+09:00,1591.645751953125,1600.9097654761338,1587.2343169421683,1593.4103259575077,2186800
2023-12-04 09:00:00+09:00,1570.9119873046875,1596.0571665454534,1570.9119873046875,1589.8811576091248,2694800
2023-12-05 09:00:00+09:00,1531.6502685546875,1569.1474669496035,1531.209125044159,1559.8834532285066,3815500
2023-12-06 09:00:00+09:00,1552.8250732421875,1563.8536604101007,1530.7678989063609,1531.2090423930774,2484800
2023-12-07 09:00:00+09:00,1521.5037841796875,1563.412412621865,1521.5037841796875,1550.1781089032827,2742900
2023-12-08 09:00:00+09:00,1536.9439697265625,1540.03197425816,1513.1222204828098,1518.4159425369771,3112500
2023-12-11 09:00:00+09:00,1536.0616455078125,1550.6193808041244,1530.767923581881,1544.0022283967098,1733300
2023-12-12 09:00:00+09:00,1522.3861083984375,1547.5312860798954,1514.8866694408098,1546.6489991437038,2279300
2023-12-13 09:00:00+09:00,1501.2113037109375,1528.121056730734,1498.5644427581706,1521.062760856689,2312400
2023-12-14 09:00:00+09:00,1503.4169921875,1523.2684489505393,1495.9175529659076,1520.1804445651776,2327600
2023-12-15 09:00:00+09:00,1526.797607421875,1532.0913292621126,1506.5050070342975,1510.0341549277891,3343800
2023-12-18 09:00:00+09:00,1520.62158203125,1521.0627255131274,1497.24097749175,1517.5335776581085,1705800
2023-12-19 09:00:00+09:00,1529.4444580078125,1531.2090319426354,1512.6810056269942,1517.5335839477573,1588100
2023-12-20 09:00:00+09:00,1522.8272705078125,1536.0615747126892,1518.8569792463495,1529.8855660837467,1689500
2023-12-21 09:00:00+09:00,1525.9154052734375,1527.2388358070657,1513.1222434483639,1519.2982526052958,969300
2023-12-22 09:00:00+09:00,1520.62158203125,1534.2970299694482,1517.9747211399858,1526.3564472956557,1340100
2023-12-25 09:00:00+09:00,1514.445556640625,1528.5621479055535,1511.3575523014217,1526.3564305204086,1055400
2023-12-26 09:00:00+09:00,1510.9163818359375,1517.5335338731752,1505.1815167369982,1513.5632426508325,1464200
2023-12-27 09:00:00+09:00,1534.7381591796875,1534.7381591796875,1513.122128768706,1513.122128768706,1847100
2023-12-28 09:00:00+09:00,1539.149658203125,1542.2376626764476,1531.2090752717247,1539.590801699314,1235000
2023-12-29 09:00:00+09:00,1553.26611328125,1556.7952609399406,1540.0318095611597,1542.6786703051778,1558000
2024-01-04 09:00:00+09:00,1605.321044921875,1608.4090491302984,1553.2661168370216,1566.059277129062,3214300
2024-01-05 09:00:00+09:00,1627.37841796875,1636.2012882206814,1610.1738209774837,1612.8206820530631,3630000
2024-01-09 09:00:00+09:00,1666.198974609375,1674.580700984164,1642.8183694586476,1644.1417999388775,4030900
2024-01-10 09:00:00+09:00,1666.6400146484375,1680.756605561288,1658.2582887939325,1667.5223015804906,2749700
2024-01-11 09:00:00+09:00,1667.9635009765625,1682.0800923627698,1664.4343531300105,1676.345227112123,3189900
2024-01-12 09:00:00+09:00,1660.9051513671875,1671.4925945631537,1648.9942777717256,1668.4045902976636,2728200
2024-01-15 09:00:00+09:00,1657.817138671875,1663.1108602429401,1652.0822736365546,1660.905142921663,347600
2024-01-16 09:00:00+09:00,1636.642333984375,1647.670921140604,1630.0251816906375,1647.2297776543546,2188800
2024-01-17 09:00:00+09:00,1637.524658203125,1660.46412000985,1637.083514706842,1638.4069451956914,1839600
2024-01-18 09:00:00+09:00,1645.0242919921875,1658.699741992659,1638.8482823145553,1649.876871024613,1335500
2024-01-19 09:00:00+09:00,1648.9945068359375,1670.6105396970827,1645.4653586137097,1662.2288126692918,1808800
2024-01-22 09:00:00+09:00,1661.7874755859375,1671.4926320666623,1655.1703234399886,1664.434336444317,2089300
2024-01-23 09:00:00+09:00,1745.1636962890625,1749.1339878124704,1685.6093234379443,1693.5499064847602,6866000
2024-01-24 09:00:00+09:00,1731.0469970703125,1753.1041708352247,1712.5189711077862,1733.2527144468038,3379000
2024-01-25 09:00:00+09:00,1735.45849609375,1736.3407830770207,1705.9018821541765,1724.8710522944998,2189000
2024-01-26 09:00:00+09:00,1738.9876708984375,1752.2219758520025,1726.1945094433247,1738.105383901533,2305500
2024-01-29 09:00:00+09:00,1737.2230224609375,1748.6927529291916,1734.5761615836482,1741.6344572564199,2037700
2024-01-30 09:00:00+09:00,1735.45849609375,1744.7225094180938,1731.0470611773958,1735.8996395853853,1504300
2024-01-31 09:00:00+09:00,1746.0458984375,1751.7807636926004,1731.0470200780064,1742.0756071070457,2221000
2024-02-01 09:00:00+09:00,1712.077880859375,1736.781916244102,1700.6081501450376,1719.5773201725956,3398000
2024-02-02 09:00:00+09:00,1724.8709716796875,1730.6058368029192,1701.9315111867606,1707.2252328389745,1765500
2024-02-05 09:00:00+09:00,1771.6322021484375,1777.367067344635,1736.3407240179904,1741.6344457375576,3449400
2024-02-06 09:00:00+09:00,1742.5167236328125,1770.7499059904076,1741.6344366841377,1770.7499059904076,2121400
2024-02-07 09:00:00+09:00,1729.282470703125,1747.3693536875198,1721.3418879294882,1746.9282102000957,1570700
2024-02-08 09:00:00+09:00,1711.6365966796875,1736.7817734865798,1711.6365966796875,1732.8114824118074,1673600
2024-02-09 09:00:00+09:00,1725.75341796875,1731.9294271332599,1704.5785294047164,1709.8722515457248,1517100
2024-02-13 09:00:00+09:00,1740.3109130859375,1744.2812041424074,1730.1646137194036,1735.8994785787488,1716300
2024-02-14 09:00:00+09:00,1722.665283203125,1739.8698788612357,1709.8721223291454,1738.1053049475834,1670700
2024-02-15 09:00:00+09:00,1713.4013671875,1742.0756949081972,1709.8722191603374,1729.2825333097323,1373800
2024-02-16 09:00:00+09:00,1713.4013671875,1729.7236768131277,1705.460784126384,1727.5179592961508,2348100
2024-02-19 09:00:00+09:00,1730.164794921875,1733.6939428972382,1716.9304900142624,1717.3716335111828,1464500
2024-02-20 09:00:00+09:00,1727.9588623046875,1747.369173752583,1722.2239975587186,1737.2228745866378,1682700
2024-02-21 09:00:00+09:00,1730.164794921875,1735.0173733879997,1715.1659160265808,1728.8413644311138,1645400
2024-02-22 09:00:00+09:00,1730.60595703125,1738.1053965595524,1727.9590960212606,1735.8996790512283,1763500
2024-02-26 09:00:00+09:00,1718.6949462890625,1734.1349676237949,1704.1372118877434,1731.0469633568484,3073400
2024-02-27 09:00:00+09:00,1689.138427734375,1716.9304676788163,1688.6972842431933,1713.4013197493634,3467800
2024-02-28 09:00:00+09:00,1695.755615234375,1705.9019157417606,1678.9921622221725,1684.285884226026,2707700
2024-02-29 09:00:00+09:00,1693.990966796875,1701.9315494537354,1680.7566623687744,1696.637827682495,2209300
2024-03-01 09:00:00+09:00,1699.28466796875,1710.7543983340636,1695.7555201640382,1698.402381017572,1698700
2024-03-04 09:00:00+09:00,1686.491455078125,1704.1371935565778,1684.7268812302798,1699.2846154750032,2137100
2024-03-05 09:00:00+09:00,1659.140625,1686.0503772268014,1659.140625,1685.1680902685457,2955300
2024-03-06 09:00:00+09:00,1675.904052734375,1680.7566309339218,1659.1406007723044,1659.1406007723044,2115900
2024-03-07 09:00:00+09:00,1675.904052734375,1693.1086481691316,1675.904052734375,1683.403491770038,1949500
2024-03-08 09:00:00+09:00,1684.2857666015625,1688.2560578271816,1662.6697365954135,1663.1108800649267,1778900
2024-03-11 09:00:00+09:00,1683.8446044921875,1693.5497607140444,1666.198865906993,1680.7566002397784,2075000
2024-03-12 09:00:00+09:00,1677.2276611328125,1679.8745222498026,1651.2001934824084,1676.3453740938157,1773100
2024-03-13 09:00:00+09:00,1671.49267578125,1686.9326978589338,1665.7578104381103,1681.197832515794,1775700
2024-03-14 09:00:00+09:00,1693.108642578125,1693.5497860493542,1672.8160429015763,1678.1097645563282,1382700
2024-03-15 09:00:00+09:00,1697.9613037109375,1700.6081646676184,1686.9327163914327,1691.3441513192347,1655400
2024-03-18 09:00:00+09:00,1723.1064453125,1724.8710192452318,1698.8435537374394,1710.3132843001954,1722500
2024-03-19 09:00:00+09:00,1726.6357421875,1732.3706079637998,1708.5488578160928,1720.0185893686923,2025500
2024-03-21 09:00:00+09:00,1708.107666015625,1735.8997070690816,1707.66652250684,1735.8997070690816,2923800
2024-03-22 09:00:00+09:00,1685.1680908203125,1702.3726865119334,1682.5212299446785,1697.0789647606655,4190900
2024-03-25 09:00:00+09:00,1693.990966796875,1695.7555407206219,1682.5212362925213,1689.1383885065716,2270100
2024-03-26 09:00:00+09:00,1693.108642578125,1698.4023642328768,1683.4034862110798,1697.0789338191887,2178700
2024-03-27 09:00:00+09:00,1699.725830078125,1707.2252692453526,1695.7555387542986,1699.2846865976999,3963700
2024-03-28 09:00:00+09:00,1681.2064208984375,1696.564029256994,1681.2064208984375,1691.1436968951505,2531100
2024-03-29 09:00:00+09:00,1696.1123046875,1706.0495805072403,1689.7885837113015,1696.1123046875,835100
2024-04-01 09:00:00+09:00,1673.9791259765625,1697.0155359670657,1672.6240430359446,1695.6604530264478,1689200
2024-04-02 09:00:00+09:00,1650.4910888671875,1672.62411113169,1645.9741455479013,1672.1724167997613,2013100
2024-04-03 09:00:00+09:00,1638.2952880859375,1641.4571483055684,1628.8097074270445,1635.1334278663064,1666700
2024-04-04 09:00:00+09:00,1652.2978515625,1660.4283494652132,1645.0707423156437,1645.5224366435723,1276600
2024-04-05 09:00:00+09:00,1653.653076171875,1659.52510293785,1643.2641057397655,1645.0708832062194,1714400
2024-04-08 09:00:00+09:00,1647.781005859375,1659.0733647262841,1643.2640623126113,1651.8462550514623,1468600
2024-04-09 09:00:00+09:00,1651.84619140625,1652.7495800807953,1637.3919726135236,1641.9089159862506,1145800
2024-04-10 09:00:00+09:00,1654.5562744140625,1659.9766061893747,1649.1359426387503,1649.1359426387503,912700
2024-04-11 09:00:00+09:00,1629.7132568359375,1645.522559493714,1628.358173750985,1644.1674764087618,2064400
2024-04-12 09:00:00+09:00,1630.616455078125,1642.3605071091586,1624.7444290626083,1626.551206298152,1532300
2024-04-15 09:00:00+09:00,1605.7735595703125,1625.6481127689326,1598.9981437071467,1619.3243912966443,2807200
2024-04-16 09:00:00+09:00,1594.48095703125,1603.9665377954586,1589.0606251659879,1598.9979002523016,2302700
2024-04-17 09:00:00+09:00,1568.2828369140625,1601.2565255934192,1568.2828369140625,1598.998053766066,2280100
2024-04-18 09:00:00+09:00,1589.512451171875,1601.2565045195502,1567.3794275551027,1568.2828162741546,1306900
2024-04-19 09:00:00+09:00,1573.703125,1586.3505668771527,1566.4760153559128,1586.3505668771527,1972100
2024-04-22 09:00:00+09:00,1613.4521484375,1617.065703081257,1589.0606545921403,1589.9640432530796,1803000
2024-04-23 09:00:00+09:00,1552.473388671875,1560.1521921654514,1514.9827598502966,1535.7606987152678,8548500
2024-04-24 09:00:00+09:00,1535.30908203125,1561.9590484448552,1528.5336668413504,1546.6014406810827,3177000
2024-04-25 09:00:00+09:00,1534.40576171875,1540.2777884783447,1526.2752631285416,1530.3405124236458,1952700
2024-04-26 09:00:00+09:00,1521.3065185546875,1537.567514596246,1500.9802735027395,1535.760737258295,3785700
2024-04-30 09:00:00+09:00,1533.0506591796875,1537.5676027836348,1515.8862734846882,1516.3379678450829,2320000
2024-05-01 09:00:00+09:00,1510.91748046875,1539.374222253363,1496.011568105381,1525.3716985180772,5336200
2024-05-02 09:00:00+09:00,1548.85986328125,1548.85986328125,1519.9514260546532,1525.3717580346402,2914500
2024-05-07 09:00:00+09:00,1607.12841796875,1608.9351952795637,1573.7030377186973,1588.60895053291,3270500
2024-05-08 09:00:00+09:00,1598.998046875,1610.7421003266243,1586.3506046963278,1608.4836285090043,2102900
2024-05-09 09:00:00+09:00,1619.7757568359375,1628.3579485202329,1601.7079848690003,1606.2249278607344,1733300
2024-05-10 09:00:00+09:00,1641.457275390625,1643.7157471509313,1622.4861126040519,1633.3267770535222,2044500
2024-05-13 09:00:00+09:00,1627.9063720703125,1641.4572020265025,1623.3894287515823,1641.4572020265025,1364500
2024-05-14 09:00:00+09:00,1658.6217041015625,1659.0733984654246,1625.6480155396305,1626.0997099034926,1714200
2024-05-15 09:00:00+09:00,1650.4910888671875,1660.4283641696172,1644.1673682201867,1659.52497550576,1050300
2024-05-16 09:00:00+09:00,1668.1070556640625,1668.5587499656233,1637.3918431579275,1650.490977903191,1628700
2024-05-17 09:00:00+09:00,1648.684326171875,1654.5563525390626,1641.9089111328126,1653.20126953125,1070700
2024-05-20 09:00:00+09:00,1628.358154296875,1652.2979551783546,1622.937822021823,1648.68440032832,2109200
2024-05-21 09:00:00+09:00,1608.4835205078125,1625.196210836032,1608.4835205078125,1617.0657128385199,1356800
2024-05-22 09:00:00+09:00,1584.9954833984375,1613.4522276144824,1579.1234568141742,1608.0318953828546,1484800
2024-05-23 09:00:00+09:00,1589.512451171875,1597.6429496433425,1573.7031485884663,1584.5438132170893,1067300
2024-05-24 09:00:00+09:00,1581.3819580078125,1584.543818535106,1570.089598981764,1576.4133200363513,800100
2024-05-27 09:00:00+09:00,1568.2828369140625,1589.060777725712,1563.3141988938855,1589.060777725712,1561800
2024-05-28 09:00:00+09:00,1560.1522216796875,1566.4759423234384,1553.3768067042402,1562.8623876698664,1542100
2024-05-29 09:00:00+09:00,1535.7607421875,1556.0869873046877,1533.050576171875,1554.731904296875,2172900
2024-05-30 09:00:00+09:00,1536.21240234375,1543.4395115579518,1525.8234328483352,1533.953930714312,2463800
2024-05-31 09:00:00+09:00,1558.345458984375,1562.86240234375,1536.664130859375,1544.7946289062502,2812900
2024-06-03 09:00:00+09:00,1559.7005615234375,1578.2200295287837,1556.5387011322807,1570.9929200632828,1563700
2024-06-04 09:00:00+09:00,1566.0242919921875,1566.0242919921875,1553.3768503493316,1558.7971824819842,1342400
2024-06-05 09:00:00+09:00,1547.5047607421875,1558.3454245652501,1546.6013720902656,1553.8284813056407,1420900
2024-06-06 09:00:00+09:00,1532.598876953125,1540.277680639598,1526.7268506046455,1539.8259863050996,2518000
2024-06-07 09:00:00+09:00,1531.2437744140625,1538.470883673834,1523.1132764968197,1529.8886914278553,1550300
2024-06-10 09:00:00+09:00,1531.695556640625,1535.7608058325345,1525.371835675432,1535.7608058325345,1331900
2024-06-11 09:00:00+09:00,1534.40576171875,1535.760844817118,1524.9201800301737,1530.3405124236458,1291900
2024-06-12 09:00:00+09:00,1526.726806640625,1537.1157760349251,1525.8234179976423,1531.243749855538,1508500
2024-06-13 09:00:00+09:00,1514.0794677734375,1535.3091023156069,1514.0794677734375,1535.3091023156069,1936700
2024-06-14 09:00:00+09:00,1516.3377685546875,1526.7267374783567,1502.7869395238145,1504.1420224269018,2161800
2024-06-17 09:00:00+09:00,1498.2701416015625,1515.4345267028166,1494.204892498634,1515.4345267028166,2282500
2024-06-18 09:00:00+09:00,1490.5914306640625,1498.2702350038471,1487.8812644264915,1494.2049856474905,2442800
2024-06-19 09:00:00+09:00,1510.91748046875,1511.820869096833,1486.9776818245516,1489.6878477088003,2101500
2024-06-20 09:00:00+09:00,1484.267578125,1516.3378757655585,1474.7819971327222,1511.8209324359023,3295600
2024-06-21 09:00:00+09:00,1507.755859375,1513.1761920030708,1494.6567221904959,1495.1084165761683,2243700
2024-06-24 09:00:00+09:00,1532.598876953125,1537.5675146326075,1519.9514355871693,1524.9200732666518,2140200
2024-06-25 09:00:00+09:00,1552.473388671875,1556.538637580239,1539.3742533004802,1542.9878078856925,1951100
2024-06-26 09:00:00+09:00,1530.7921142578125,1552.0217481823086,1528.5336425637172,1552.0217481823086,2412600
2024-06-27 09:00:00+09:00,1528.53369140625,1533.9540236452792,1523.5650535204732,1530.7921631725121,1994100
2024-06-28 09:00:00+09:00,1529.888671875,1535.7606980735163,1525.8234229683349,1535.3090037505535,1368800
2024-07-01 09:00:00+09:00,1546.149658203125,1547.0530468436177,1533.5022172362283,1537.567466118445,1247700
2024-07-02 09:00:00+09:00,1552.473388671875,1557.442026226542,1539.3742533004802,1548.4081397635111,1648500
2024-07-03 09:00:00+09:00,1549.3116455078125,1554.7319777953035,1542.536230148449,1552.021811651558,1414100
2024-07-04 09:00:00+09:00,1567.37939453125,1570.089560631304,1555.6353414310158,1555.6353414310158,1165500
2024-07-05 09:00:00+09:00,1569.637939453125,1572.7998000505845,1563.7659126292715,1569.1862450820593,1065500
2024-07-08 09:00:00+09:00,1575.96142578125,1580.4783688187429,1570.0893998325093,1576.4131200849993,1467800
2024-07-09 09:00:00+09:00,1586.3504638671875,1586.3504638671875,1570.9928568707512,1580.4784376626678,1186600
2024-07-10 09:00:00+09:00,1589.512451171875,1589.512451171875,1580.0268696218297,1588.1573680932972,1231300
2024-07-11 09:00:00+09:00,1613.0003662109375,1618.4206978812067,1597.1910655059858,1598.9978427294088,1745000
2024-07-12 09:00:00+09:00,1616.1624755859375,1618.8726418390163,1597.1913118143866,1608.0319768267013,1436100
2024-07-16 09:00:00+09:00,1623.8411865234375,1626.099658271036,1610.2903560378454,1624.292880872957,1224700
2024-07-17 09:00:00+09:00,1639.1988525390625,1639.6505469046008,1627.4547990350625,1632.875131421524,1375700
2024-07-18 09:00:00+09:00,1626.0997314453125,1630.6166751437718,1618.872621527778,1629.71328640408,1573400
2024-07-19 09:00:00+09:00,1623.8411865234375,1627.4547413195953,1610.2903560378454,1626.099658271036,1363600
2024-07-22 09:00:00+09:00,1627.0030517578125,1631.9716896171506,1618.420859091683,1630.616606564604,1118500
2024-07-23 09:00:00+09:00,1607.12841796875,1626.0995797322935,1590.4157278437235,1611.6453612457842,1961500
2024-07-24 09:00:00+09:00,1586.3504638671875,1604.869931127596,1585.898769543763,1604.4182368041713,1727300
2024-07-25 09:00:00+09:00,1577.7684326171875,1585.447236898462,1558.3455747292576,1574.1548776612935,1941700
2024-07-26 09:00:00+09:00,1602.1597900390625,1607.1284276738045,1584.5437111522501,1585.4470998131123,1378500
2024-07-29 09:00:00+09:00,1627.9063720703125,1631.0682323934234,1604.8699611447892,1616.1623194416143,1563000
2024-07-30 09:00:00+09:00,1618.8724365234375,1633.3266547066823,1603.5148297037397,1628.8097115244184,2090000
2024-07-31 09:00:00+09:00,1571.8963623046875,1578.220083302465,1495.1083216173895,1536.6642024599273,5812600
2024-08-01 09:00:00+09:00,1572.34814453125,1572.34814453125,1521.758373721856,1562.8625625044886,2725600
2024-08-02 09:00:00+09:00,1517.6929931640625,1557.4420953659785,1517.6929931640625,1536.2124612354096,2954300
2024-08-05 09:00:00+09:00,1417.4168701171875,1501.8837135562933,1401.1558735192848,1481.557467808915,4500200
2024-08-06 09:00:00+09:00,1478.8472900390625,1524.0167246767858,1454.4557953346919,1486.074399581098,3147600
2024-08-07 09:00:00+09:00,1499.1734619140625,1524.9200383916466,1461.2311386839385,1468.0065535464607,2161800
2024-08-08 09:00:00+09:00,1487.881103515625,1513.1759856640388,1472.5234964969452,1485.170937571152,1597600
2024-08-09 09:00:00+09:00,1504.14208984375,1510.917504662866,1485.6226226714996,1505.9488671288475,1594800
2024-08-13 09:00:00+09:00,1495.56005859375,1504.142251621017,1486.0744768267707,1504.142251621017,1571400
2024-08-14 09:00:00+09:00,1510.4658203125,1523.1132613916716,1500.5285451788652,1508.6590430154754,1066100
2024-08-15 09:00:00+09:00,1521.3065185546875,1533.0505712513686,1513.1760205339083,1515.8861865408346,979600
2024-08-16 09:00:00+09:00,1534.40576171875,1536.6642335493634,1526.7269574946645,1532.5989842542592,1067900
2024-08-19 09:00:00+09:00,1521.7581787109375,1538.9225630359645,1520.403095737909,1535.309008441222,1070600
2024-08-20 09:00:00+09:00,1537.1158447265625,1542.5361768266855,1532.5989013097933,1535.7607617015317,1164600
2024-08-21 09:00:00+09:00,1525.823486328125,1539.8260109214264,1524.9200976446864,1535.7607618459517,1063100
2024-08-22 09:00:00+09:00,1539.3743896484375,1539.3743896484375,1518.596448943089,1525.823558753645,1274000
2024-08-23 09:00:00+09:00,1545.6981201171875,1554.7320074352308,1540.2777877263616,1542.9879539217745,1078900
2024-08-26 09:00:00+09:00,1568.2828369140625,1568.7345312795333,1539.3743975239415,1545.6981186405305,1281200
2024-08-27 09:00:00+09:00,1561.5074462890625,1573.7031943509094,1552.4735588358426,1571.8964168602654,975500
2024-08-28 09:00:00+09:00,1567.37939453125,1567.37939453125,1551.570092280935,1557.4421188310519,780500
2024-08-29 09:00:00+09:00,1563.3140869140625,1568.2827245783371,1557.442060583556,1563.3140869140625,860100
2024-08-30 09:00:00+09:00,1563.3140869140625,1566.4759472458736,1552.0217285861654,1562.8623925809466,1365600
2024-09-02 09:00:00+09:00,1559.7005615234375,1569.6378370385014,1552.4734520579364,1568.2827540137198,896900
2024-09-03 09:00:00+09:00,1577.316650390625,1577.316650390625,1558.345487928882,1560.1522653061909,947100
2024-09-04 09:00:00+09:00,1534.40576171875,1561.5074236861108,1533.0506786203819,1552.92523072978,1980800
2024-09-05 09:00:00+09:00,1550.666748046875,1556.0870804024132,1527.1786411728763,1528.5337242617609,1090800
2024-09-06 09:00:00+09:00,1549.3116455078125,1562.8624762265397,1543.4396188630308,1553.8285890807217,968000
2024-09-09 09:00:00+09:00,1555.18359375,1555.6352880845193,1530.792099685957,1531.2437940204763,1307800
2024-09-10 09:00:00+09:00,1547.5047607421875,1558.3454245652501,1547.0530664162266,1554.2801756316017,922100
2024-09-11 09:00:00+09:00,1522.2098388671875,1546.6013318341988,1513.1759525831092,1546.6013318341988,1585800
2024-09-12 09:00:00+09:00,1538.470947265625,1551.5700833404057,1527.6302829278754,1535.7607811811877,933600
2024-09-13 09:00:00+09:00,1535.30908203125,1536.66416506923,1525.3718064193972,1529.4370555333371,1224100
2024-09-17 09:00:00+09:00,1559.248779296875,1561.9589451936831,1537.1157578062762,1542.987783916027,1185200
2024-09-18 09:00:00+09:00,1563.3140869140625,1566.4759472458736,1553.828505918629,1559.2488379160195,982800
2024-09-19 09:00:00+09:00,1580.02685546875,1591.7709087112278,1567.8311078707923,1568.2828022262722,2287100
2024-09-20 09:00:00+09:00,1603.9666748046875,1611.645478936391,1588.60906654128,1589.512455262657,2739600
2024-09-24 09:00:00+09:00,1585.4471435546875,1606.225083327769,1582.285283154436,1606.225083327769,1937700
2024-09-25 09:00:00+09:00,1587.25390625,1589.0606836048662,1572.79968741107,1580.9301855079682,1359700
2024-09-26 09:00:00+09:00,1595.3843994140625,1595.3843994140625,1573.703071222705,1587.2539013423034,2406600
2024-09-27 09:00:00+09:00,1620.413818359375,1622.267838746514,1586.1144411973057,1588.895471778014,2225600
2024-09-30 09:00:00+09:00,1588.431884765625,1602.3370369520762,1572.209207214765,1574.063227506292,1822000
2024-10-01 09:00:00+09:00,1601.87353515625,1602.33704023008,1583.3333322030526,1594.457453974971,1205700
2024-10-02 09:00:00+09:00,1597.7020263671875,1605.1181077196316,1590.7494500992711,1594.9209958600209,862500
2024-10-03 09:00:00+09:00,1605.58154296875,1618.5596847710378,1598.6289670032386,1612.9976239986288,1031600
2024-10-04 09:00:00+09:00,1621.3408203125,1621.3408203125,1604.6546369130576,1609.2896878573472,1229700
2024-10-07 09:00:00+09:00,1612.5340576171875,1626.4392090194629,1609.28952228999,1622.2676635987802,1101100
2024-10-08 09:00:00+09:00,1564.793212890625,1596.311559595768,1557.8406364115494,1595.384549398558,2337600
2024-10-09 09:00:00+09:00,1563.402587890625,1572.6726892122415,1559.2310422958976,1568.5011436175141,998900
2024-10-10 09:00:00+09:00,1562.4755859375,1568.5011518280926,1560.1580605949644,1566.6471315540641,791000
2024-10-11 09:00:00+09:00,1546.7164306640625,1557.377047357282,1544.8624103695895,1555.523027062809,1374800
2024-10-15 09:00:00+09:00,1548.570556640625,1558.3041638508773,1544.8625157986241,1556.4501434298768,947500
2024-10-16 09:00:00+09:00,1534.2017822265625,1556.9135306643575,1532.347761945926,1543.471883629744,1205700
2024-10-17 09:00:00+09:00,1527.7127685546875,1536.5193652180792,1524.004727854312,1534.2018397803445,1403600
2024-10-18 09:00:00+09:00,1517.515625,1534.2018078039096,1517.515625,1530.4937671808186,1095900
2024-10-21 09:00:00+09:00,1525.858642578125,1525.858642578125,1511.9534909142903,1520.2965819125911,1203100
2024-10-22 09:00:00+09:00,1494.8038330078125,1517.9790862327397,1493.4133178143168,1515.661560910247,2132200
2024-10-23 09:00:00+09:00,1479.044677734375,1498.0483855962082,1477.1906574551717,1495.2673551774033,2023000
2024-10-24 09:00:00+09:00,1475.800048828125,1478.1175740304304,1462.8219076952143,1472.5555135448974,1702400
2024-10-25 09:00:00+09:00,1475.336669921875,1482.7527512032918,1468.3840937205466,1473.9461546816094,1231800
2024-10-28 09:00:00+09:00,1492.949951171875,1493.4134562793486,1464.6761396159966,1473.946241765465,1422300
2024-10-29 09:00:00+09:00,1498.0484619140625,1511.0266045296546,1490.6323804194385,1498.9754721008906,1310900
2024-10-30 09:00:00+09:00,1490.1688232421875,1503.610470481386,1487.851297856119,1499.9024298636762,4349200
2024-10-31 09:00:00+09:00,1664.9102783203125,1677.8884208016511,1585.6509081664224,1594.9210099388072,10699000
2024-11-01 09:00:00+09:00,1667.227783203125,1672.326339115061,1626.902840990539,1629.2203664050553,3709100
2024-11-05 09:00:00+09:00,1641.271484375,1673.253334818907,1637.099938664925,1667.6912738721405,2235600
2024-11-06 09:00:00+09:00,1627.3663330078125,1663.9832342631862,1624.1217974535389,1661.2022037880945,1726700
2024-11-07 09:00:00+09:00,1616.2423095703125,1626.9029270409512,1604.1911767774166,1621.8043708593414,2134600
2024-11-08 09:00:00+09:00,1600.4830322265625,1629.2203470247227,1594.9209712978864,1623.6582860960466,1699100
2024-11-11 09:00:00+09:00,1601.4100341796875,1602.800549404735,1587.9683870042284,1589.8224073042918,1005100
2024-11-12 09:00:00+09:00,1619.0233154296875,1629.683932737126,1608.8262032225723,1613.92475932613,1279800
2024-11-13 09:00:00+09:00,1603.7276611328125,1620.8773499946374,1597.2385896715814,1609.2897223852963,1049000
2024-11-14 09:00:00+09:00,1598.1656494140625,1608.3627620263333,1595.384618701625,1595.384618701625,798900
2024-11-15 09:00:00+09:00,1613.461181640625,1625.5123137068865,1603.2640698922498,1612.9976765611534,1061500
2024-11-18 09:00:00+09:00,1634.31884765625,1637.5633830883526,1611.1435945698029,1613.9246249401765,1385500
2024-11-19 09:00:00+09:00,1638.9539794921875,1639.8809896615835,1631.5378981370193,1633.3919184758113,931600
2024-11-20 09:00:00+09:00,1633.391845703125,1644.0524621762158,1630.6108153188404,1640.8079267278838,814100
2024-11-21 09:00:00+09:00,1629.683837890625,1636.1729089174933,1628.7568277439295,1632.9283734040591,867700
2024-11-22 09:00:00+09:00,1640.344482421875,1642.662007827953,1627.3663401478393,1636.172936690935,937300
2024-11-25 09:00:00+09:00,1632.0013427734375,1657.9576265551225,1630.6108275708473,1644.97948466428,1483100
2024-11-26 09:00:00+09:00,1627.829833984375,1648.2240574169812,1617.1692171900584,1638.9539558567055,1059100
2024-11-27 09:00:00+09:00,1597.7020263671875,1620.4137755090476,1588.89542976116,1613.924704325659,938300
2024-11-28 09:00:00+09:00,1602.800537109375,1615.3151740388005,1599.5560016091536,1600.9465168235342,514000
2024-11-29 09:00:00+09:00,1583.796875,1600.9465631401815,1580.5523394059117,1594.4574919520048,896600
2024-12-02 09:00:00+09:00,1578.6983642578125,1581.942899944778,1561.548675626709,1576.380838767123,1303400
2024-12-03 09:00:00+09:00,1588.431884765625,1597.2384811503775,1579.6252883808725,1580.552298526636,1103000
2024-12-04 09:00:00+09:00,1573.1363525390625,1581.9429496805599,1568.9648065246688,1577.7714036661664,1100100
2024-12-05 09:00:00+09:00,1574.063232421875,1592.603435395042,1573.1362222732166,1587.504879577421,927100
2024-12-06 09:00:00+09:00,1587.0413818359375,1587.9683919888791,1571.282209235931,1576.8442701535805,954400
2024-12-09 09:00:00+09:00,1599.5560302734375,1614.851697905725,1587.041393119748,1592.6034540769433,1385900
2024-12-10 09:00:00+09:00,1597.238525390625,1610.6801728765008,1595.3845050477457,1608.3626474479017,777700
2024-12-11 09:00:00+09:00,1594.9210205078125,1604.654627433318,1594.4575154161216,1604.654627433318,524600
2024-12-12 09:00:00+09:00,1621.3408203125,1626.9028814456476,1603.2641216297707,1603.7276267241996,1396700
2024-12-13 09:00:00+09:00,1611.1435546875,1623.6581910443936,1599.0924233808614,1599.0924233808614,921200
2024-12-16 09:00:00+09:00,1603.7276611328125,1609.7532274896698,1593.0670437322187,1608.362712176549,878000
2024-12-17 09:00:00+09:00,1596.7750244140625,1620.87728893352,1596.7750244140625,1611.1436821083546,725600
2024-12-18 09:00:00+09:00,1582.869873046875,1599.556056188804,1582.869873046875,1595.3845104033217,898300
2024-12-19 09:00:00+09:00,1570.355224609375,1582.8698618775136,1570.355224609375,1575.9172856174366,1198900
2024-12-20 09:00:00+09:00,1563.8660888671875,1579.1617560078566,1562.93907873745,1575.9172205537752,2157500
2024-12-23 09:00:00+09:00,1574.5267333984375,1574.9902384715604,1561.0850862778739,1566.6471471553484,1305300
2024-12-24 09:00:00+09:00,1581.0157470703125,1586.5778077460216,1568.0376054936578,1569.4281206625851,796200
2024-12-25 09:00:00+09:00,1584.2603759765625,1584.2603759765625,1564.7931624625146,1579.6253251398844,876000
2024-12-26 09:00:00+09:00,1585.1873779296875,1589.8224287423475,1580.5523271170275,1586.1143880922195,1264700
2024-12-27 09:00:00+09:00,1603.7276611328125,1603.7276611328125,1582.8699314359985,1589.8225080016032,972200
2024-12-30 09:00:00+09:00,1599.5560302734375,1612.9976775866596,1595.3844845555411,1604.1910810711004,738900
2025-01-06 09:00:00+09:00,1602.337158203125,1617.6328267656656,1599.5561275553905,1617.6328267656656,1114800
2025-01-07 09:00:00+09:00,1610.2166748046875,1614.3882205943369,1593.066986558351,1608.826159541471,946400
2025-01-08 09:00:00+09:00,1596.3115234375,1605.1181201115164,1594.4575030850756,1603.727604847198,1019300
2025-01-09 09:00:00+09:00,1580.0887451171875,1594.4574019369682,1572.6726641779458,1593.530391819563,1310400
2025-01-10 09:00:00+09:00,1583.796875,1595.848007206614,1580.5523394059117,1586.114400424349,1202600
2025-01-14 09:00:00+09:00,1576.84423828125,1598.1654713679452,1571.745682543127,1598.1654713679452,1137800
2025-01-15 09:00:00+09:00,1580.0887451171875,1586.1143108803212,1572.6726641779458,1580.55225017589,638300
2025-01-16 09:00:00+09:00,1585.1873779296875,1599.5560354489332,1582.4063474420916,1585.1873779296875,842000
2025-01-17 09:00:00+09:00,1586.577880859375,1594.9209722574085,1581.479325005021,1593.9939621020715,732800
2025-01-20 09:00:00+09:00,1591.6763916015625,1606.508553666574,1590.2858764079676,1601.8735030212579,641000
2025-01-21 09:00:00+09:00,1590.7493896484375,1604.19103658894,1587.9683592469542,1591.2128947153512,496400
2025-01-22 09:00:00+09:00,1579.6253662109375,1593.5305190825127,1576.8443356366224,1589.8224783167593,907900
2025-01-23 09:00:00+09:00,1584.2603759765625,1586.1143963112338,1569.4282132991927,1576.3807895542097,915900
2025-01-24 09:00:00+09:00,1584.2603759765625,1594.4574878172543,1580.5523353072201,1584.2603759765625,746600
2025-01-27 09:00:00+09:00,1589.822509765625,1599.5561169682717,1587.5049842411854,1592.1400352900648,1025000
2025-01-28 09:00:00+09:00,1597.238525390625,1605.5816169335826,1583.3333728190294,1585.1873931619089,842700
2025-01-29 09:00:00+09:00,1598.62890625,1598.62890625,1582.4062296136563,1587.5047851279357,790300
2025-01-30 09:00:00+09:00,1603.2640380859375,1605.5815634373193,1594.4574417506867,1600.019502594003,934800
2025-01-31 09:00:00+09:00,1621.80419921875,1643.125431903535,1595.3844108919513,1605.581522175979,2628200
2025-02-03 09:00:00+09:00,1609.753173828125,1627.3663672071832,1583.3333837595378,1603.2641025832088,3103200
2025-02-04 09:00:00+09:00,1613.461181640625,1650.0780829188811,1596.311493700176,1646.8335473625798,3197300
2025-02-05 09:00:00+09:00,1601.87353515625,1609.753121411359,1591.2129184581615,1603.7275554515697,1160400
2025-02-06 09:00:00+09:00,1603.2640380859375,1624.5852713186503,1598.6289873831738,1615.7786749833992,891300
2025-02-07 09:00:00+09:00,1600.0194091796875,1608.3624999575654,1598.1653890068258,1603.727449525411,840900
2025-02-10 09:00:00+09:00,1591.6763916015625,1596.3114422468786,1578.6982497946772,1596.3114422468786,1383000
2025-02-12 09:00:00+09:00,1584.723876953125,1597.238514179722,1582.4063515407922,1596.7750090972554,814400
2025-02-13 09:00:00+09:00,1608.362548828125,1609.7530640000225,1588.8953364215597,1592.6033768799532,899900
2025-02-14 09:00:00+09:00,1620.877197265625,1630.6108035403113,1611.6070960516379,1612.997611233736,1105000
2025-02-17 09:00:00+09:00,1608.362548828125,1626.4392460627926,1608.362548828125,1622.2677005471,539000
2025-02-18 09:00:00+09:00,1611.1435546875,1618.0961304413297,1604.19097893367,1610.2165445869894,563000
2025-02-19 09:00:00+09:00,1612.9976806640625,1621.8042771964238,1606.9721146156048,1611.14366034146,486200
2025-02-20 09:00:00+09:00,1601.87353515625,1607.4355960422092,1591.6764235319915,1605.1180706730595,962000
2025-02-21 09:00:00+09:00,1600.0194091796875,1607.89899491435,1591.6763184018098,1591.6763184018098,771000
2025-02-25 09:00:00+09:00,1588.8953857421875,1600.0195074626695,1583.7968299536333,1592.1399212439949,1419000
2025-02-26 09:00:00+09:00,1592.6033935546875,1599.5559694869694,1583.3332923116452,1599.0924644248173,943500
2025-02-27 09:00:00+09:00,1600.4830322265625,1602.3370525361213,1593.0669509883276,1598.1655068396142,747000
2025-02-28 09:00:00+09:00,1581.0157470703125,1602.8004847168397,1579.1617268450761,1602.8004847168397,1441500
2025-03-03 09:00:00+09:00,1593.9940185546875,1595.3845338369395,1580.088865732169,1583.3334013907568,946200
2025-03-04 09:00:00+09:00,1599.5560302734375,1606.972111549698,1593.0669591567096,1594.4574743960084,784700
2025-03-05 09:00:00+09:00,1616.2423095703125,1625.512411718694,1600.483135918064,1602.3371563477403,1152200
2025-03-06 09:00:00+09:00,1654.713134765625,1657.4941652442228,1623.6582944212842,1625.9758198201155,1713400
2025-03-07 09:00:00+09:00,1668.15478515625,1673.253341043085,1648.6875717701532,1649.6145819313958,1974800
2025-03-10 09:00:00+09:00,1678.3519287109375,1682.5234745155215,1666.300796386584,1675.5708981745481,1592100
2025-03-11 09:00:00+09:00,1668.15478515625,1687.6219985423468,1660.275198785687,1669.0817953174926,1992400
2025-03-12 09:00:00+09:00,1666.30078125,1672.326347357441,1651.0051134388038,1661.2022253129346,947900
2025-03-13 09:00:00+09:00,1676.4979248046875,1680.20596555626,1660.2752465165581,1663.9832872681307,982200
2025-03-14 09:00:00+09:00,1670.4722900390625,1678.8153813877593,1665.8372392897866,1673.253320488628,1258600
2025-03-17 09:00:00+09:00,1684.841064453125,1693.1841563816413,1670.9359112389316,1672.326426560351,1048800
2025-03-18 09:00:00+09:00,1695.5015869140625,1697.8191123199044,1684.3774649660204,1687.158495453031,1002000
2025-03-19 09:00:00+09:00,1695.965087890625,1703.8446742514177,1693.647562490392,1695.5015828105784,883100
2025-03-21 09:00:00+09:00,1719.6038818359375,1736.2900650559088,1704.3082138842972,1705.6987291526282,2749100
2025-03-24 09:00:00+09:00,1701.9906005859375,1721.4578133377374,1688.085448620366,1721.4578133377374,1310200
2025-03-25 09:00:00+09:00,1689.4759521484375,1695.0380128962513,1676.9613154658566,1687.1584268368485,1486600
2025-03-26 09:00:00+09:00,1675.1072998046875,1693.1839972845942,1674.1802896775127,1689.0124517123081,1478800
2025-03-27 09:00:00+09:00,1679.742431640625,1681.5964519845993,1663.5197536308508,1675.1073807806895,1508700
2025-03-28 09:00:00+09:00,1662.63134765625,1675.9400033836298,1656.4523289256806,1666.4338207212156,1311400
2025-03-31 09:00:00+09:00,1642.1929931640625,1657.402884851834,1638.3905202421197,1646.4707752012482,1464800
2025-04-01 09:00:00+09:00,1642.1929931640625,1664.0572124652338,1642.1929931640625,1663.1065942347482,765800
2025-04-02 09:00:00+09:00,1623.656005859375,1655.977027053297,1622.7053875889656,1650.27331743084,1015600
2025-04-03 09:00:00+09:00,1611.773193359375,1620.8040664569355,1595.1373744954476,1604.6435567034061,1593100
2025-04-04 09:00:00+09:00,1563.7669677734375,1604.64355112557,1542.3780578798799,1601.7916964730955,1886700
2025-04-07 09:00:00+09:00,1482.4891357421875,1510.0570645248251,1457.29775254426,1478.2113536897093,2289400
2025-04-08 09:00:00+09:00,1509.581787109375,1525.266988297854,1500.5509136978264,1520.513897028618,1868700
2025-04-09 09:00:00+09:00,1477.2607421875,1501.9768163811132,1459.674304780506,1500.0755799046815,1642000
2025-04-10 09:00:00+09:00,1540.9521484375,1550.4583307227406,1519.0879291814465,1550.4583307227406,1472500
2025-04-11 09:00:00+09:00,1523.36572265625,1523.36572265625,1479.6372838155714,1489.1434661722408,1330000
2025-04-14 09:00:00+09:00,1524.31640625,1538.5756803963986,1523.841097111787,1538.5756803963986,857400
2025-04-15 09:00:00+09:00,1524.791748046875,1536.199167608323,1517.6621108209702,1530.495457827599,1010800
2025-04-16 09:00:00+09:00,1521.9398193359375,1521.9398193359375,1513.859564205172,1520.989201085259,680800
2025-04-17 09:00:00+09:00,1520.9891357421875,1524.791608581543,1502.927389755249,1513.8594991683958,1060200
2025-04-18 09:00:00+09:00,1540.0015869140625,1541.9028234411169,1524.3163855658636,1529.0694768834996,935800
2025-04-21 09:00:00+09:00,1532.3966064453125,1540.0015523830064,1525.7422787498303,1540.0015523830064,649600
2025-04-22 09:00:00+09:00,1538.5755615234375,1546.180507147279,1531.9212341025761,1538.1002524219473,918000
2025-04-23 09:00:00+09:00,1548.55712890625,1563.7670209028738,1541.9028011577273,1560.9151661535068,877500
2025-04-24 09:00:00+09:00,1550.4583740234375,1564.7176478495269,1549.9830648959012,1554.7361561712644,869300
2025-04-25 09:00:00+09:00,1570.8966064453125,1578.9768613044864,1558.0632604925065,1561.3904242580488,1008900
2025-04-28 09:00:00+09:00,1576.125,1588.4830367913148,1571.8472180337758,1578.026236429433,1219700
2025-04-30 09:00:00+09:00,1597.513916015625,1603.6929344352034,1585.155879176468,1596.5632977972282,1725300
2025-05-01 09:00:00+09:00,1540.9521484375,1587.0571325209169,1537.1496755234036,1585.1558960638688,3456700
2025-05-02 09:00:00+09:00,1555.21142578125,1562.816371628591,1543.8040070102384,1550.4583346266618,1578000
2025-05-07 09:00:00+09:00,1555.686767578125,1562.8164044597845,1531.4460021804823,1545.7052759438016,1682300
2025-05-08 09:00:00+09:00,1549.5078125,1559.9646136886502,1541.9028661809816,1550.4584307898772,1487800
2025-05-09 09:00:00+09:00,1558.53857421875,1570.896611098801,1557.1126468864363,1565.668210880318,1277200
2025-05-12 09:00:00+09:00,1572.7978515625,1576.1250153464039,1558.5385782029125,1564.2422875467475,1147300
2025-05-13 09:00:00+09:00,1574.223876953125,1593.2362426168102,1570.89671296198,1586.106605492928,1146900
2025-05-14 09:00:00+09:00,1570.4212646484375,1586.5817740304128,1564.7175554547991,1573.7484283447266,1327000
2025-05-15 09:00:00+09:00,1576.125,1582.3040183956575,1559.964490349819,1563.7669632086852,1167100
2025-05-16 09:00:00+09:00,1569.9459228515625,1578.026177374262,1564.7175228662863,1576.1249410159796,1185900
2025-05-19 09:00:00+09:00,1564.717529296875,1587.532365690025,1558.5385111070636,1586.581747506977,1088900
2025-05-20 09:00:00+09:00,1538.5755615234375,1562.8163256994324,1533.3471614070463,1562.8163256994324,1873400
2025-05-21 09:00:00+09:00,1541.427490234375,1556.1620730889126,1539.0509446126753,1545.7052723534343,1206300
2025-05-22 09:00:00+09:00,1528.1187744140625,1532.8718654697827,1522.4150651471982,1531.4459381530667,1377600
2025-05-23 09:00:00+09:00,1527.168212890625,1537.1497044781454,1527.168212890625,1535.2484679852844,1099400
2025-05-26 09:00:00+09:00,1530.495361328125,1531.4459795649748,1522.415106314902,1526.2175792623011,1042800
2025-05-27 09:00:00+09:00,1539.5262451171875,1544.7546454556527,1532.3966082920076,1532.8719174136863,915900
2025-05-28 09:00:00+09:00,1533.822509765625,1550.45832874356,1533.822509765625,1549.5077105162495,958000
2025-05-29 09:00:00+09:00,1537.1497802734375,1540.4769443000034,1531.9213796602626,1532.3966888069149,1095900
2025-05-30 09:00:00+09:00,1544.754638671875,1555.2114393028846,1530.9706742037258,1532.3966015624999,1514200
2025-06-02 09:00:00+09:00,1540.9521484375,1549.0324033799545,1534.2978208378315,1544.7546213515961,1028900
2025-06-03 09:00:00+09:00,1545.2298583984375,1546.1804765826262,1536.1989856486466,1541.4273856616835,1122100
2025-06-04 09:00:00+09:00,1540.9521484375,1550.9336398370026,1537.6249846376656,1550.4583307227406,1182500
2025-06-05 09:00:00+09:00,1542.378173828125,1544.7547195505103,1535.2485366609687,1538.1003915278313,807300
2025-06-06 09:00:00+09:00,1543.8040771484375,1559.9645878082426,1543.8040771484375,1546.180622833703,816200
2025-06-09 09:00:00+09:00,1538.5755615234375,1544.7545798428087,1536.199016015987,1543.8039616398285,1083400
2025-06-10 09:00:00+09:00,1544.279296875,1547.1311515322022,1538.100278451062,1540.0015148891966,818200
2025-06-11 09:00:00+09:00,1552.8348388671875,1552.8348388671875,1544.2792750166795,1544.2792750166795,919000
2025-06-12 09:00:00+09:00,1549.5078125,1557.588067963957,1543.3287936157974,1552.3596673696318,1004300
2025-06-13 09:00:00+09:00,1533.822509765625,1548.0817831752836,1533.3472006519696,1544.7546193796966,1425400
2025-06-16 09:00:00+09:00,1529.5447998046875,1546.1806195663917,1529.5447998046875,1539.52629166171,1273900
2025-06-17 09:00:00+09:00,1528.1187744140625,1535.7237201032149,1524.7916106750583,1532.3965563642107,1425100
2025-06-18 09:00:00+09:00,1540.0015869140625,1540.0015869140625,1524.7916946976272,1525.7423129611545,903500
2025-06-19 09:00:00+09:00,1535.2484130859375,1547.1311407414014,1534.2977948735004,1544.7545952103085,904700
2025-06-20 09:00:00+09:00,1538.1002197265625,1545.7051651887457,1535.7236742696302,1537.1496015437895,2281200
2025-06-23 09:00:00+09:00,1530.970703125,1544.7546678535393,1526.2176118392968,1544.279358724969,1299800
2025-06-24 09:00:00+09:00,1530.495361328125,1537.6249981044982,1525.2669610254513,1537.1496889860734,1073300
2025-06-25 09:00:00+09:00,1534.773193359375,1534.773193359375,1524.3163924136004,1530.4954111542854,1136700
2025-06-26 09:00:00+09:00,1559.013916015625,1562.8163889815166,1540.0015511861661,1544.7546423935307,1982200
2025-06-27 09:00:00+09:00,1572.322509765625,1581.8286918077388,1561.8657095192998,1563.7669459277226,1566600
2025-06-30 09:00:00+09:00,1585.6312255859375,1594.186789752768,1576.1250431783478,1578.0262796598658,1638700
2025-07-01 09:00:00+09:00,1596.5633544921875,1597.0386636182643,1582.7793898359585,1585.6312445924195,1343900
2025-07-02 09:00:00+09:00,1632.6868896484375,1634.5881262011576,1591.334994626774,1596.5633951467544,2096200
2025-07-03 09:00:00+09:00,1642.6683349609375,1650.7485900808263,1633.1621524669506,1635.5386980904473,1482400
2025-07-04 09:00:00+09:00,1636.0140380859375,1649.7980029623152,1629.8350193482509,1644.569602491965,1138200
2025-07-07 09:00:00+09:00,1631.2608642578125,1641.7176646697217,1627.933700490387,1636.9645735733993,1030800
2025-07-08 09:00:00+09:00,1641.2423095703125,1641.2423095703125,1619.8534002362076,1622.2299457177749,1062600
2025-07-09 09:00:00+09:00,1651.69921875,1661.205401303957,1641.7177270683453,1641.7177270683453,1452600
2025-07-10 09:00:00+09:00,1643.1436767578125,1658.8288781847746,1638.3905854163088,1650.273313770068,1328200
2025-07-11 09:00:00+09:00,1653.600341796875,1665.9583782690563,1650.7484872263717,1656.9275054624622,1201000
2025-07-14 09:00:00+09:00,1640.76708984375,1650.2732722878043,1638.3905442327366,1641.7177080881554,1037600
2025-07-15 09:00:00+09:00,1633.637451171875,1655.0263616469215,1627.9337417118627,1651.2238886735797,1231900
2025-07-16 09:00:00+09:00,1615.57568359375,1632.2115026363451,1614.6250653627444,1630.3102661743344,1081200
2025-07-17 09:00:00+09:00,1606.544921875,1618.9029597355768,1605.5943035780324,1613.199249953772,997500
2025-07-18 09:00:00+09:00,1600.3658447265625,1608.921409088035,1597.5139899394048,1606.5448634320703,814400
2025-07-22 09:00:00+09:00,1587.532470703125,1604.6435991298654,1584.680615965335,1601.7917443920753,896900
2025-07-23 09:00:00+09:00,1646.470703125,1651.699103163792,1601.316339153616,1601.7916482480514,2680000
2025-07-24 09:00:00+09:00,1669.760986328125,1669.760986328125,1640.291820045078,1646.470838781846,1867100
2025-07-25 09:00:00+09:00,1674.5140380859375,1678.7918201872073,1655.9769823137685,1658.353527925585,1166700
2025-07-28 09:00:00+09:00,1678.791748046875,1682.5942208623833,1655.9769111538258,1673.0880388236126,1703200
2025-07-29 09:00:00+09:00,1680.2177734375,1680.6930825671852,1661.2054082500883,1663.5819538985147,932900
2025-07-30 09:00:00+09:00,1688.7733154296875,1691.6251701700699,1674.9893508511734,1678.7918238383497,1302200
2025-07-31 09:00:00+09:00,1668.3349609375,1758.6436910167379,1655.9769241898148,1675.464597522703,4576100
2025-08-01 09:00:00+09:00,1703.5078125,1705.4090488978793,1654.0756661551338,1694.0016305106026,2684300
2025-08-04 09:00:00+09:00,1698.7547607421875,1709.6868702824981,1673.0880687779797,1675.9399234406696,1331800
2025-08-05 09:00:00+09:00,1700.1807861328125,1709.686968890055,1688.2980576862594,1698.279549581364,1329300
2025-08-06 09:00:00+09:00,1741.0572509765625,1741.0572509765625,1707.785613638763,1711.5880864773687,2686700
2025-08-07 09:00:00+09:00,1753.890625,1761.020261686992,1743.4338245257452,1744.3844427506776,2240900
2025-08-08 09:00:00+09:00,1774.328857421875,1776.705402904626,1748.6621662081645,1751.989329884016,2232800
2025-08-12 09:00:00+09:00,1790.96484375,1799.5204082902071,1777.6561877985669,1777.6561877985669,2392100
2025-08-13 09:00:00+09:00,1789.538818359375,1799.5203097765188,1784.3104180932519,1795.7178368557022,1950900
2025-08-14 09:00:00+09:00,1808.075927734375,1813.7796372855876,1796.1931995026823,1796.1931995026823,2579400
2025-08-15 09:00:00+09:00,1811.4029541015625,1813.7794995674526,1793.8165176539744,1806.174554076604,1707200
2025-08-18 09:00:00+09:00,1815.680908203125,1817.5821447562173,1801.4216340549328,1806.1747254376635,1752500
2025-08-19 09:00:00+09:00,1838.0203857421875,1838.0203857421875,1810.4524565016789,1815.6808568748786,1954500
2025-08-20 09:00:00+09:00,1845.1500244140625,1852.2796612935604,1836.594460158665,1838.0203875345644,1870400
2025-08-21 09:00:00+09:00,1841.3475341796875,1848.9524801133157,1828.5141879166904,1848.9524801133157,1084200
2025-08-22 09:00:00+09:00,1845.1500244140625,1845.1500244140625,1829.464823279167,1841.8228605369634,1058000
2025-08-25 09:00:00+09:00,1857.9833984375,1864.1624171583205,1846.1006701282297,1851.8043797166795,1856400
2025-08-26 09:00:00+09:00,1810.4525146484375,1856.0821920982276,1801.4216409865,1853.7056463977176,2023500
2025-08-27 09:00:00+09:00,1810.4525146484375,1813.3043694890493,1797.6191678656842,1809.0265872281316,1075700
2025-08-28 09:00:00+09:00,1817.58203125,1822.3351223359048,1807.1252308610094,1815.2054857070475,908000
2025-08-29 09:00:00+09:00,1824.711669921875,1825.1869790309975,1809.50177842995,1817.582033285035,868400
2025-09-01 09:00:00+09:00,1833.7425537109375,1838.0203357180392,1816.6314256825306,1827.563535256235,868100
2025-09-02 09:00:00+09:00,1837.5450439453125,1843.2487533419353,1830.415407199534,1834.2178801306159,1072300
2025-09-03 09:00:00+09:00,1858.9339599609375,1872.717924378955,1841.3475226000185,1853.2302505465855,1977300
2025-09-04 09:00:00+09:00,1863.211669921875,1865.1129063197543,1847.0511605398995,1853.7054879324776,1252100
2025-09-05 09:00:00+09:00,1874.619140625,1874.619140625,1857.5080125665568,1866.0635765957784,1244900
2025-09-08 09:00:00+09:00,1885.0760498046875,1885.0760498046875,1870.3414664602738,1873.6686304412704,1350500
2025-09-09 09:00:00+09:00,1891.7303466796875,1891.7303466796875,1871.2920539894296,1882.224164033056,1527400
2025-09-10 09:00:00+09:00,1870.816650390625,1884.6006145322226,1867.0141775239774,1882.2240689905677,1028900
2025-09-11 09:00:00+09:00,1874.619140625,1876.520377075938,1858.4586307920258,1870.8166677231238,972300
2025-09-12 09:00:00+09:00,1853.70556640625,1874.6191676682693,1853.70556640625,1870.8166947115385,1274300
2025-09-16 09:00:00+09:00,1844.6746826171875,1857.9833378898702,1841.8228279158984,1852.7549376041734,1008100
2025-09-17 09:00:00+09:00,1835.6439208984375,1844.6747946677463,1820.4340282343387,1844.6747946677463,1331500
2025-09-18 09:00:00+09:00,1840.39697265625,1841.34759092725,1827.5636259977482,1835.6438813012492,913600
2025-09-19 09:00:00+09:00,1823.760986328125,1846.5758227481797,1816.1560408547734,1839.4461863669126,2325200
2025-09-22 09:00:00+09:00,1820.4339599609375,1832.7919972870432,1812.8290139141034,1816.6314869375205,1543600
2025-09-24 09:00:00+09:00,1811.8782958984375,1835.6437509862974,1804.7486593720794,1834.2178236810257,1623500
2025-09-25 09:00:00+09:00,1831.365966796875,1839.446221516716,1821.859784773533,1824.2363302793683,1204300
2025-09-26 09:00:00+09:00,1823.760986328125,1831.3659318014766,1813.3041863022665,1823.2856772360406,2238300
2025-09-29 09:00:00+09:00,1798.93798828125,1839.8229425603693,1796.01763440417,1831.0618809291293,1929200
2025-09-30 09:00:00+09:00,1771.681396484375,1789.6902458442437,1759.9999806833791,1788.2300688691191,1728000
2025-10-01 09:00:00+09:00,1736.150390625,1772.6548143134987,1722.0353467987804,1771.1946373659587,2046500
2025-10-02 09:00:00+09:00,1715.22119140625,1733.2300404647153,1704.5132271012167,1727.8760583121987,1384900
2025-10-03 09:00:00+09:00,1709.3804931640625,1723.982262752594,1709.3804931640625,1713.2742983876708,1071100
2025-10-06 09:00:00+09:00,1736.150390625,1753.1857883462994,1726.9026032905804,1751.2388857495794,1304000
2025-10-07 09:00:00+09:00,1740.044189453125,1752.6990562855115,1733.2300303895324,1736.1503842739294,1261100
2025-10-08 09:00:00+09:00,1721.5487060546875,1752.2124234653309,1721.5487060546875,1739.5575559625256,1011200
2025-10-09 09:00:00+09:00,1728.8494873046875,1728.8494873046875,1714.7344436301842,1718.1415231378228,1016100
2025-10-10 09:00:00+09:00,1705.0,1717.1681415929204,1695.7522123893805,1713.2743362831857,1327300
2025-10-14 09:00:00+09:00,1677.256591796875,1695.7521665177924,1668.9822557375173,1683.584025254031,1487900
2025-10-15 09:00:00+09:00,1688.93798828125,1697.212324246893,1687.4778113461366,1695.2654216667418,1037200
2025-10-16 09:00:00+09:00,1692.831787109375,1698.185769184764,1684.0707255314655,1694.2919640390264,888700
2025-10-17 09:00:00+09:00,1684.5574951171875,1695.7521852032016,1682.6105924935327,1684.0707694612738,913900
2025-10-20 09:00:00+09:00,1703.0531005859375,1705.0000032445096,1694.7787642870062,1703.5398262505805,975500
2025-10-21 09:00:00+09:00,1750.752197265625,1770.7079493056278,1742.9645867134286,1752.2123742441618,1929300
2025-10-22 09:00:00+09:00,1768.2742919921875,1770.2211945982897,1756.1061507040497,1762.4335841738814,1227200
2025-10-23 09:00:00+09:00,1764.8671875,1767.3008157232487,1756.5928515409541,1762.920284921401,979000
2025-10-24 09:00:00+09:00,1783.36279296875,1788.7167751528812,1767.3008464163568,1769.734474681871,1084100
2025-10-27 09:00:00+09:00,1797.964599609375,1801.8584049144306,1787.2566350204725,1790.176988999264,1265200
2025-10-28 09:00:00+09:00,1768.2742919921875,1792.610574568463,1767.3008406891365,1792.1238489169377,1241300
2025-10-29 09:00:00+09:00,1729.822998046875,1773.6283075078256,1729.822998046875,1768.2743252403761,1448000
2025-10-30 09:00:00+09:00,1740.531005859375,1746.858439605508,1722.5221559665347,1731.2832180765652,2637600
2025-10-31 09:00:00+09:00,1664.601806640625,1744.9115429259182,1664.601806640625,1740.5310118558114,3857200
2025-11-04 09:00:00+09:00,1681.150390625,1689.4247266529749,1641.2388874312392,1664.6017185690505,2867100
2025-11-05 09:00:00+09:00,1687.964599609375,1698.672564197439,1672.3893783903727,1682.123891652249,1986200
2025-11-06 09:00:00+09:00,1704.5133056640625,1718.6283501712749,1686.5044557755502,1689.4248098115252,1349200
2025-11-07 09:00:00+09:00,1726.902587890625,1728.849490469983,1701.5928543589698,1705.486659517686,1488600
2025-11-10 09:00:00+09:00,1743.4512939453125,1747.8318248346225,1722.522090807499,1729.8229756230153,989500
2025-11-11 09:00:00+09:00,1727.389404296875,1740.5309973980347,1719.1150678998486,1740.5309973980347,961700
2025-11-12 09:00:00+09:00,1719.601806640625,1735.6637538863483,1709.8672931583683,1713.2743728771582,1373100
2025-11-13 09:00:00+09:00,1725.92919921875,1735.1769868062165,1723.0088452437606,1730.7964558437325,1048800
2025-11-14 09:00:00+09:00,1725.4425048828125,1734.6902926381788,1714.734540113441,1723.008876526137,947900
2025-11-17 09:00:00+09:00,1716.1947021484375,1724.9557641560018,1709.3805428092207,1723.982312821828,890800
2025-11-18 09:00:00+09:00,1699.1593017578125,1720.575231083892,1694.2920450927943,1712.787620419863,1226400
2025-11-19 09:00:00+09:00,1702.07958984375,1714.2477310350837,1692.3450768906832,1712.3008284444704,1100600
2025-11-20 09:00:00+09:00,1699.1593017578125,1715.221248752372,1699.1593017578125,1704.5132840893323,1092900
2025-11-21 09:00:00+09:00,1728.36279296875,1728.36279296875,1698.672528150081,1698.672528150081,1272200
2025-11-25 09:00:00+09:00,1746.8583984375,1747.8318497601178,1730.3097259529989,1736.6371595500138,1002800
2025-11-26 09:00:00+09:00,1745.8848876953125,1756.5928518796718,1742.477808182107,1752.2123210769794,1413600
2025-11-27 09:00:00+09:00,1795.531005859375,1795.531005859375,1776.0619789593004,1781.9026870293228,1948000
2025-11-28 09:00:00+09:00,1799.9114990234375,1809.1592866063054,1792.1238884273382,1796.017693725388,1262500
2025-12-01 09:00:00+09:00,1790.6636962890625,1805.2654660331973,1783.362811416995,1804.2920147169218,1184100
2025-12-02 09:00:00+09:00,1777.5220947265625,1803.3185544802611,1777.0353690708323,1790.663687431277,991900
2025-12-03 09:00:00+09:00,1759.5133056640625,1778.4956068869942,1754.6460489402339,1771.681447473634,916800
2025-12-04 09:00:00+09:00,1777.5220947265625,1777.5220947265625,1752.2123606285938,1756.1061658744352,801600
2025-12-05 09:00:00+09:00,1781.902587890625,1781.902587890625,1761.9468364283152,1774.601703209292,769600
2025-12-08 09:00:00+09:00,1794.5574951171875,1796.0176720863635,1778.9822741126445,1782.3893537073884,1019500
2025-12-09 09:00:00+09:00,1790.6636962890625,1801.3716607680947,1786.2831653658222,1796.9911298448544,761300
2025-12-10 09:00:00+09:00,1802.831787109375,1813.5397512876705,1790.1769203532078,1794.0707255089517,1051300
2025-12-11 09:00:00+09:00,1775.5751953125,1812.5663452148438,1775.5751953125,1812.5663452148438,614600
2025-12-12 09:00:00+09:00,1815.4866943359375,1815.4866943359375,1785.7964293615428,1789.6902346040863,1099700
2025-12-15 09:00:00+09:00,1831.0618896484375,1832.5220665939305,1810.1326867630353,1815.4866688965103,1429500
2025-12-16 09:00:00+09:00,1801.8583984375,1828.1415841521475,1801.8583984375,1828.1415841521475,773300
2025-12-17 09:00:00+09:00,1799.4248046875,1803.805335724067,1787.2566629192588,1800.884981699689,1024300
2025-12-18 09:00:00+09:00,1816.9468994140625,1817.9203507397597,1792.6106162716292,1800.8849525400565,709500
2025-12-19 09:00:00+09:00,1821.327392578125,1822.787569536365,1811.1061538704444,1814.5132334396712,1290800
2025-12-22 09:00:00+09:00,1818.893798828125,1833.9822943495785,1816.460170518213,1826.1946837578605,1160100
2025-12-23 09:00:00+09:00,1824.247802734375,1824.247802734375,1810.132758369568,1822.3009000633672,1409800
2025-12-24 09:00:00+09:00,1847.610595703125,1856.8583831947897,1824.2477641452351,1825.221215460147,1778800
2025-12-25 09:00:00+09:00,1862.6990966796875,1871.946884199132,1843.7167959818803,1849.5575038888978,1003900
2025-12-26 09:00:00+09:00,1845.6636962890625,1869.0265278876582,1843.2300679975422,1869.0265278876582,1067100
2025-12-29 09:00:00+09:00,1861.7255859375,1861.7255859375,1845.6636397058824,1855.8848782169118,860200
2025-12-30 09:00:00+09:00,1844.2034912109375,1866.5928711517408,1844.2034912109375,1862.2123402937575,927100
2026-01-05 09:00:00+09:00,1846.150390625,1861.7256114264762,1844.6902136748615,1852.9645497256458,981200
2026-01-06 09:00:00+09:00,1882.1680908203125,1882.6548164708995,1859.2919852427187,1859.2919852427187,1436000
2026-01-07 09:00:00+09:00,1887.5220947265625,1889.9557230075407,1864.1592632291736,1873.8937763530855,1057300
2026-01-08 09:00:00+09:00,1858.318603515625,1884.1150639625419,1847.1239131330008,1883.628338293732,1494100
2026-01-09 09:00:00+09:00,1853.4512939453125,1880.707930620979,1852.96456829039,1878.7610280012884,1341400
2026-01-13 09:00:00+09:00,1870.4866943359375,1876.3274022027165,1853.9380220467308,1862.212358191334,1598100
2026-01-14 09:00:00+09:00,1879.247802734375,1886.5486877488831,1863.1858557024573,1869.0265637140637,1426600
2026-01-15 09:00:00+09:00,1883.6282958984375,1891.4159064241157,1862.212366952822,1873.8937827413397,1779700
2026-01-16 09:00:00+09:00,1876.8140869140625,1886.5485998129943,1869.9999278848102,1881.1946177185819,1103300
2026-01-19 09:00:00+09:00,1881.1947021484375,1881.1947021484375,1851.5044364741673,1872.920365812985,1378700
2026-01-20 09:00:00+09:00,1870.0,1879.7345132743362,1860.2654867256635,1873.8938053097345,1266500
2026-01-21 09:00:00+09:00,1834.9556884765625,1859.7786964639113,1828.6282550680228,1856.371616936236,2069700
2026-01-22 09:00:00+09:00,1825.22119140625,1841.7698635416666,1807.2123423177084,1818.4070322916666,1889100
2026-01-23 09:00:00+09:00,1818.4071044921875,1841.7699366698173,1814.5132991292492,1839.3363083179809,1369800
2026-01-26 09:00:00+09:00,1786.283203125,1814.0265662253064,1786.283203125,1808.6725838726156,2070800
2026-01-27 09:00:00+09:00,1765.35400390625,1787.2566590415634,1765.35400390625,1784.3363050235216,1900000
2026-01-28 09:00:00+09:00,1730.79638671875,1755.6193945147725,1730.79638671875,1752.6990406564169,2806300
2026-01-29 09:00:00+09:00,1739.5574951171875,1744.4247516787914,1708.4070531229233,1727.8760793693386,1980700
2026-01-30 09:00:00+09:00,1725.4425048828125,1773.628346344984,1694.7787875887034,1751.238965463571,4000600
2026-02-02 09:00:00+09:00,1724.9556884765625,1779.4689607986209,1724.9556884765625,1779.4689607986209,3455600
2026-02-03 09:00:00+09:00,1740.531005859375,1754.6460503699795,1733.7168464404624,1737.6106518226982,2196600
2026-02-04 09:00:00+09:00,1781.4158935546875,1789.2035040183146,1743.9380181984825,1744.4247438524592,1934600
2026-02-05 09:00:00+09:00,1823.2742919921875,1828.1415485111202,1797.9645580937374,1808.6725224353895,2037400
2026-02-06 09:00:00+09:00,1839.822998046875,1839.822998046875,1810.6194583953372,1822.7875999168114,1336100
2026-02-09 09:00:00+09:00,1830.5751953125,1863.6725399764855,1824.2477617737968,1854.4247524968425,2114900
2026-02-10 09:00:00+09:00,1837.389404296875,1851.0177230572228,1828.1416165666392,1830.5752449167012,1469900
2026-02-12 09:00:00+09:00,1862.21240234375,1867.566384681905,1843.2301013266547,1843.7168269937597,1615400
2026-02-13 09:00:00+09:00,1829.601806640625,1858.318621376405,1828.6283552936493,1849.5575592536245,1646500
2026-02-16 09:00:00+09:00,1806.7255859375,1840.7963809309335,1806.7255859375,1833.00877064672,1865000
2026-02-17 09:00:00+09:00,1797.964599609375,1807.6991128720138,1788.2300863467362,1800.8849535881666,1379900
2026-02-18 09:00:00+09:00,1815.973388671875,1820.8406451411106,1798.4512653826262,1798.4512653826262,1081700
2026-02-19 09:00:00+09:00,1804.7786865234375,1812.0795711776584,1795.5308992947575,1810.6193942468144,1483000
2026-02-20 09:00:00+09:00,1776.5487060546875,1801.8584410450558,1776.5487060546875,1800.8849896992724,2183800
2026-02-24 09:00:00+09:00,1766.8140869140625,1784.3362100900697,1757.566299682281,1775.5751485020662,2245100
2026-02-25 09:00:00+09:00,1754.1593017578125,1769.734523083076,1750.2654964264966,1766.8141690845891,2378400
2026-02-26 09:00:00+09:00,1754.1593017578125,1774.1150540808064,1752.2123990921546,1753.1858504249835,2070000
2026-02-27 09:00:00+09:00,1786.283203125,1786.283203125,1754.1593090088554,1761.9469197036783,1952700
2026-03-02 09:00:00+09:00,1760.0,1769.7345132743362,1746.371681415929,1760.0,2958900
2026-03-03 09:00:00+09:00,1723.0087890625,1759.513212559587,1723.0087890625,1755.6194073865643,4050000
2026-03-04 09:00:00+09:00,1684.07080078125,1706.4601813696713,1665.0884998475885,1704.0265530448428,4449000
2026-03-05 09:00:00+09:00,1694.2919921875,1735.1769468969944,1693.8052665361965,1731.76986733787,2754900
2026-03-06 09:00:00+09:00,1688.93798828125,1696.2388729568174,1671.4158650598883,1676.2831215102667,2451100
2026-03-09 09:00:00+09:00,1673.36279296875,1683.0973060168521,1653.4070412201409,1664.6017312254583,4614700
2026-03-10 09:00:00+09:00,1692.3450927734375,1704.5132340789698,1683.097305381233,1704.5132340789698,2096600
2026-03-11 09:00:00+09:00,1706.9468994140625,1723.008846286222,1704.0265454373061,1704.5132711000988,1503900
2026-03-12 09:00:00+09:00,1680.6636962890625,1703.5398022043785,1679.2035193157444,1703.5398022043785,2118900
2026-03-13 09:00:00+09:00,1665.0885009765625,1681.1504479313203,1664.601775311267,1668.4955806336325,2268200
2026-03-16 09:00:00+09:00,1637.3450927734375,1661.6813753651948,1630.5309336477453,1655.3539418913379,4055700
2026-03-17 09:00:00+09:00,1647.56640625,1659.2478224242984,1647.56640625,1654.8672913589367,1772000
2026-03-18 09:00:00+09:00,1674.3363037109375,1677.7433833987213,1655.3540025932846,1664.115064647586,1887000
2026-03-19 09:00:00+09:00,1611.5487060546875,1666.548707197599,1611.5487060546875,1665.5752558499369,6390200
2026-03-23 09:00:00+09:00,1587.6990966796875,1622.743344061949,1584.7787427311657,1613.4955565582966,4835300
2026-03-24 09:00:00+09:00,1619.3363037109375,1619.8230293808235,1596.4601972262924,1619.8230293808235,3100600
2026-03-25 09:00:00+09:00,1643.185791015625,1648.5397731545977,1636.3716319296598,1645.132693611615,3055900
2026-03-26 09:00:00+09:00,1651.460205078125,1659.7345415020354,1640.752240294241,1657.7876388140567,2811400
2026-03-27 09:00:00+09:00,1650.0,1662.654867256637,1644.1592920353983,1654.867256637168,3662800
2026-03-30 09:00:00+09:00,1624.0,1630.0,1600.5,1611.0,3442800
2026-03-31 09:00:00+09:00,1621.5,1641.5,1613.0,1624.0,2405700
2026-04-01 09:00:00+09:00,1642.5,1651.0,1632.5,1650.0,1723400
2026-04-02 09:00:00+09:00,1630.0,1669.5,1620.0,1656.0,2903700
2026-04-03 09:00:00+09:00,1640.5,1647.5,1630.0,1630.0,1436100
2026-04-06 09:00:00+09:00,1635.0,1647.0,1635.0,1646.5,1348000
2026-04-07 09:00:00+09:00,1639.5,1655.0,1635.0,1644.5,1414600
2026-04-08 09:00:00+09:00,1676.5,1676.5,1650.5,1669.0,2104100
2026-04-09 09:00:00+09:00,1663.5,1686.5,1658.0,1679.0,1413500
2026-04-10 09:00:00+09:00,1668.0,1672.5,1655.0,1661.5,1458300
2026-04-13 09:00:00+09:00,1606.5,1663.5,1589.0,1663.0,4855500
2026-04-14 09:00:00+09:00,1608.0,1619.5,1598.0,1614.5,3155000
2026-04-15 09:00:00+09:00,1615.5,1623.5,1610.0,1611.0,1958200
2026-04-16 09:00:00+09:00,1625.0,1645.5,1616.5,1620.0,2624400
2026-04-17 09:00:00+09:00,1615.5,1627.5,1615.0,1624.5,2059200
2026-04-20 09:00:00+09:00,1643.5,1644.5,1628.0,1635.5,1838100
2026-04-21 09:00:00+09:00,1638.0,1654.5,1636.0,1654.5,1471100
2026-04-22 09:00:00+09:00,1617.0,1636.0,1615.0,1636.0,1646600
2026-04-23 09:00:00+09:00,1612.0,1623.5,1585.0,1615.0,4119200
2026-04-24 09:00:00+09:00,1611.0,1626.0,1608.0,1620.5,1173700
2026-04-27 09:00:00+09:00,1603.5,1610.5,1595.5,1606.0,1477000
2026-04-28 09:00:00+09:00,1628.0,1628.0,1604.0,1610.0,1792400
2026-04-30 09:00:00+09:00,1619.0,1627.5,1571.5,1603.5,5742500
2026-05-01 09:00:00+09:00,1662.0,1670.0,1605.0,1621.0,3850200
2026-05-07 09:00:00+09:00,1679.5,1689.5,1639.0,1664.0,3711700
2026-05-08 09:00:00+09:00,1701.5,1701.5,1669.5,1696.0,2687500
2026-05-11 09:00:00+09:00,1670.0,1703.0,1662.5,1702.0,2120800
2026-05-12 09:00:00+09:00,1678.5,1694.0,1669.5,1670.5,1666400
2026-05-13 09:00:00+09:00,1674.0,1688.0,1673.0,1678.0,1285300
2026-05-14 09:00:00+09:00,1665.5,1670.0,1651.0,1670.0,1620100
2026-05-15 09:00:00+09:00,1672.5,1673.5,1655.0,1660.0,1694000
2026-05-18 09:00:00+09:00,1634.0,1682.0,1633.5,1675.0,1636800
2026-05-19 09:00:00+09:00,1657.0,1661.5,1646.0,1649.0,1383200
2026-05-20 09:00:00+09:00,1622.0,1650.0,1616.5,1645.0,2376800
2026-05-21 09:00:00+09:00,1639.0,1651.0,1635.0,1639.5,1297000
2026-05-22 09:00:00+09:00,1645.0,1649.0,1630.0,1645.0,1022700
2026-05-25 09:00:00+09:00,1658.0,1663.5,1644.0,1645.0,1394200
2026-05-26 09:00:00+09:00,1654.5,1674.5,1649.0,1660.5,1363800
2026-05-27 09:00:00+09:00,1681.5,1681.5,1648.0,1654.0,1659800
2026-05-28 09:00:00+09:00,1694.5,1696.0,1670.5,1682.0,1810900
2026-05-29 09:00:00+09:00,1686.5,1708.0,1686.5,1696.0,2790900
2026-06-01 09:00:00+09:00,1686.5,1696.0,1667.5,1690.0,1924000
2026-06-02 09:00:00+09:00,1674.0,1688.0,1652.0,1686.0,2042200
2026-06-03 09:00:00+09:00,1706.5,1706.5,1677.5,1688.0,1888000
2026-06-04 09:00:00+09:00,1700.0,1715.0,1690.5,1707.0,1465300
2026-06-05 09:00:00+09:00,1710.0,1717.0,1693.5,1708.0,1383200
2026-06-08 09:00:00+09:00,1723.0,1724.0,1701.0,1705.0,2417400
2026-06-09 09:00:00+09:00,1719.5,1744.0,1712.5,1732.5,1947400
2026-06-10 09:00:00+09:00,1739.0,1740.0,1711.5,1721.5,2358400
2026-06-11 09:00:00+09:00,1728.0,1732.5,1704.0,1720.0,1681600
2026-06-12 09:00:00+09:00,1721.0,1745.0,1721.0,1738.0,2242600
2026-06-15 09:00:00+09:00,1736.0,1746.5,1726.5,1730.0,1653200
2026-06-16 09:00:00+09:00,1736.0,1739.5,1727.5,1734.0,1328400
2026-06-17 09:00:00+09:00,1721.5,1743.5,1717.0,1728.0,1721200
2026-06-18 09:00:00+09:00,1721.0,1721.5,1703.5,1714.0,1652000
2026-06-19 09:00:00+09:00,1732.5,1746.5,1718.5,1725.0,2075500
2026-06-22 09:00:00+09:00,1741.5,1746.5,1723.0,1732.0,1520600
2026-06-23 09:00:00+09:00,1706.5,1746.5,1706.5,1740.5,1393200
2026-06-24 09:00:00+09:00,1701.5,1718.5,1695.0,1712.0,2102500
2026-06-25 09:00:00+09:00,1757.5,1773.5,1739.5,1750.0,3344500
2026-06-26 09:00:00+09:00,1771.0,1774.0,1754.5,1763.5,2502900
2026-06-29 09:00:00+09:00,1797.5,1797.5,1765.5,1774.0,2481300
2026-06-30 09:00:00+09:00,1804.0,1815.5,1790.5,1801.0,2362300
2026-07-01 09:00:00+09:00,1791.5,1813.0,1784.5,1813.0,1685800
2026-07-02 09:00:00+09:00,1832.0,1832.0,1796.0,1800.0,2368600
2026-07-03 09:00:00+09:00,1865.5,1872.5,1832.5,1835.0,2903800
2026-07-06 09:00:00+09:00,1880.0,1880.0,1864.0,1866.5,1843100
2026-07-07 09:00:00+09:00,1891.5,1897.0,1876.0,1890.0,2424600
2026-07-08 09:00:00+09:00,1893.5,1908.5,1866.0,1894.5,2765900
2026-07-09 09:00:00+09:00,1867.0,1888.0,1858.0,1883.0,1945400
2026-07-10 09:00:00+09:00,1838.5,1866.0,1834.0,1855.0,1954000
2026-07-13 09:00:00+09:00,1838.5,1857.0,1828.0,1855.0,1195000
2026-07-14 09:00:00+09:00,1875.5,1889.0,1843.5,1843.5,1801500
2026-07-15 09:00:00+09:00,1889.0,1894.0,1870.0,1886.5,1545400
2026-07-16 09:00:00+09:00,1887.0,1904.0,1876.0,1878.0,1461900
2026-07-17 09:00:00+09:00,1874.5,1903.0,1863.0,1897.0,1601600
2026-07-21 09:00:00+09:00,1861.5,1886.0,1856.0,1858.0,1524200
2026-07-22 09:00:00+09:00,1830.5,1860.0,1817.0,1860.0,2233200
2026-07-23 09:00:00+09:00,1847.0,1862.5,1840.5,1848.0,1403300
2026-07-24 09:00:00+09:00,1813.5,1826.0,1807.0,1820.0,1668600
