Date,Close,High,Low,Open,Volume
2019-08-29 09:00:00+09:00,3705.0,3780.0,3620.0,3730.0,111000
2019-08-30 09:00:00+09:00,3825.0,3855.0,3705.0,3725.0,71100
2019-09-02 09:00:00+09:00,3725.0,3850.0,3715.0,3850.0,62300
2019-09-03 09:00:00+09:00,4080.0,4100.0,3885.0,4005.0,383200
2019-09-04 09:00:00+09:00,4165.0,4190.0,4030.0,4125.0,257600
2019-09-05 09:00:00+09:00,4070.0,4165.0,4035.0,4150.0,147300
2019-09-06 09:00:00+09:00,4140.0,4175.0,4080.0,4120.0,131000
2019-09-09 09:00:00+09:00,4340.0,4375.0,4135.0,4160.0,219200
2019-09-10 09:00:00+09:00,4185.0,4400.0,4175.0,4370.0,190100
2019-09-11 09:00:00+09:00,4140.0,4305.0,4125.0,4255.0,104300
2019-09-12 09:00:00+09:00,4235.0,4285.0,4170.0,4240.0,105600
2019-09-13 09:00:00+09:00,4130.0,4265.0,4130.0,4265.0,79000
2019-09-17 09:00:00+09:00,4170.0,4200.0,4055.0,4155.0,73600
2019-09-18 09:00:00+09:00,4230.0,4315.0,4175.0,4200.0,107200
2019-09-19 09:00:00+09:00,4255.0,4320.0,4225.0,4275.0,66700
2019-09-20 09:00:00+09:00,4195.0,4240.0,4170.0,4230.0,74400
2019-09-24 09:00:00+09:00,4185.0,4255.0,4155.0,4245.0,84300
2019-09-25 09:00:00+09:00,4290.0,4360.0,4190.0,4320.0,165700
2019-09-26 09:00:00+09:00,4330.0,4445.0,4315.0,4360.0,193200
2019-09-27 09:00:00+09:00,4215.0,4320.0,4180.0,4300.0,90200
2019-09-30 09:00:00+09:00,4050.0,4240.0,4035.0,4240.0,105200
2019-10-01 09:00:00+09:00,4120.0,4135.0,3980.0,4055.0,147400
2019-10-02 09:00:00+09:00,4190.0,4245.0,4030.0,4070.0,186600
2019-10-03 09:00:00+09:00,4105.0,4375.0,4100.0,4300.0,200500
2019-10-04 09:00:00+09:00,4495.0,4495.0,4150.0,4150.0,431800
2019-10-07 09:00:00+09:00,4610.0,4665.0,4440.0,4500.0,335400
2019-10-08 09:00:00+09:00,4755.0,4880.0,4630.0,4700.0,321800
2019-10-09 09:00:00+09:00,4725.0,4830.0,4650.0,4755.0,150500
2019-10-10 09:00:00+09:00,4680.0,4760.0,4630.0,4670.0,97400
2019-10-11 09:00:00+09:00,4680.0,4745.0,4625.0,4660.0,107700
2019-10-15 09:00:00+09:00,4515.0,4790.0,4470.0,4680.0,153600
2019-10-16 09:00:00+09:00,4325.0,4525.0,4300.0,4475.0,204800
2019-10-17 09:00:00+09:00,4300.0,4400.0,4275.0,4370.0,109900
2019-10-18 09:00:00+09:00,4205.0,4290.0,4180.0,4280.0,140400
2019-10-21 09:00:00+09:00,4160.0,4265.0,4135.0,4200.0,124100
2019-10-23 09:00:00+09:00,4430.0,4450.0,4165.0,4230.0,194500
2019-10-24 09:00:00+09:00,4660.0,4680.0,4450.0,4460.0,252500
2019-10-25 09:00:00+09:00,4660.0,4665.0,4525.0,4635.0,116300
2019-10-28 09:00:00+09:00,4685.0,4760.0,4615.0,4675.0,186300
2019-10-29 09:00:00+09:00,5050.0,5210.0,4610.0,4615.0,672800
2019-10-30 09:00:00+09:00,4900.0,5030.0,4820.0,5000.0,237000
2019-10-31 09:00:00+09:00,5010.0,5120.0,4930.0,4950.0,135100
2019-11-01 09:00:00+09:00,4995.0,5110.0,4980.0,4990.0,79700
2019-11-05 09:00:00+09:00,5020.0,5040.0,4910.0,5000.0,71300
2019-11-06 09:00:00+09:00,4880.0,5020.0,4825.0,4995.0,122900
2019-11-07 09:00:00+09:00,4945.0,4980.0,4805.0,4820.0,67400
2019-11-08 09:00:00+09:00,4810.0,4960.0,4775.0,4925.0,105500
2019-11-11 09:00:00+09:00,4890.0,4895.0,4775.0,4815.0,63700
2019-11-12 09:00:00+09:00,5000.0,5080.0,4930.0,4980.0,120200
2019-11-13 09:00:00+09:00,5030.0,5080.0,4965.0,5080.0,71200
2019-11-14 09:00:00+09:00,5050.0,5080.0,4990.0,5050.0,82100
2019-11-15 09:00:00+09:00,5030.0,5070.0,4960.0,5050.0,53900
2019-11-18 09:00:00+09:00,5240.0,5260.0,5040.0,5080.0,194500
2019-11-19 09:00:00+09:00,5580.0,5650.0,5300.0,5320.0,279500
2019-11-20 09:00:00+09:00,5570.0,5670.0,5460.0,5540.0,101000
2019-11-21 09:00:00+09:00,5690.0,5700.0,5500.0,5570.0,121500
2019-11-22 09:00:00+09:00,5880.0,5920.0,5700.0,5710.0,172500
2019-11-25 09:00:00+09:00,5800.0,5990.0,5760.0,5990.0,117900
2019-11-26 09:00:00+09:00,6130.0,6150.0,5860.0,5870.0,187200
2019-11-27 09:00:00+09:00,6210.0,6240.0,6090.0,6190.0,161400
2019-11-28 09:00:00+09:00,6200.0,6270.0,6130.0,6250.0,102200
2019-11-29 09:00:00+09:00,6100.0,6230.0,6040.0,6160.0,126900
2019-12-02 09:00:00+09:00,5960.0,6120.0,5930.0,6040.0,118100
2019-12-03 09:00:00+09:00,5940.0,6010.0,5830.0,5860.0,79300
2019-12-04 09:00:00+09:00,5820.0,5920.0,5770.0,5850.0,68900
2019-12-05 09:00:00+09:00,5710.0,5920.0,5690.0,5860.0,76100
2019-12-06 09:00:00+09:00,5780.0,5810.0,5670.0,5730.0,57900
2019-12-09 09:00:00+09:00,5670.0,5830.0,5630.0,5830.0,57700
2019-12-10 09:00:00+09:00,5680.0,5690.0,5570.0,5660.0,46400
2019-12-11 09:00:00+09:00,5690.0,5860.0,5630.0,5820.0,81900
2019-12-12 09:00:00+09:00,5670.0,5830.0,5630.0,5830.0,42600
2019-12-13 09:00:00+09:00,5620.0,5720.0,5610.0,5690.0,47600
2019-12-16 09:00:00+09:00,5730.0,5750.0,5550.0,5650.0,62900
2019-12-17 09:00:00+09:00,5570.0,5740.0,5530.0,5740.0,87500
2019-12-18 09:00:00+09:00,5560.0,5560.0,5480.0,5530.0,59900
2019-12-19 09:00:00+09:00,5380.0,5500.0,5310.0,5480.0,101200
2019-12-20 09:00:00+09:00,5640.0,5660.0,5410.0,5410.0,117500
2019-12-23 09:00:00+09:00,5800.0,5820.0,5550.0,5580.0,104400
2019-12-24 09:00:00+09:00,5800.0,5830.0,5670.0,5760.0,73100
2019-12-25 09:00:00+09:00,5850.0,5960.0,5820.0,5860.0,101200
2019-12-26 09:00:00+09:00,5940.0,6010.0,5830.0,5830.0,107900
2019-12-27 09:00:00+09:00,5920.0,6150.0,5880.0,6000.0,144200
2019-12-30 09:00:00+09:00,5750.0,5880.0,5720.0,5850.0,59300
2020-01-06 09:00:00+09:00,5650.0,5830.0,5650.0,5650.0,65800
2020-01-07 09:00:00+09:00,5710.0,5730.0,5550.0,5610.0,56600
2020-01-08 09:00:00+09:00,5570.0,5730.0,5510.0,5690.0,72700
2020-01-09 09:00:00+09:00,5550.0,5680.0,5510.0,5660.0,68700
2020-01-10 09:00:00+09:00,5480.0,5550.0,5420.0,5550.0,74500
2020-01-14 09:00:00+09:00,5460.0,5510.0,5340.0,5450.0,88600
2020-01-15 09:00:00+09:00,5430.0,5470.0,5360.0,5450.0,43200
2020-01-16 09:00:00+09:00,5580.0,5680.0,5480.0,5490.0,124000
2020-01-17 09:00:00+09:00,5460.0,5630.0,5430.0,5610.0,99600
2020-01-20 09:00:00+09:00,5440.0,5500.0,5420.0,5490.0,52200
2020-01-21 09:00:00+09:00,5420.0,5440.0,5250.0,5400.0,93100
2020-01-22 09:00:00+09:00,5610.0,5640.0,5390.0,5410.0,82000
2020-01-23 09:00:00+09:00,5600.0,5670.0,5510.0,5610.0,93900
2020-01-24 09:00:00+09:00,5630.0,5690.0,5580.0,5620.0,94700
2020-01-27 09:00:00+09:00,5450.0,5690.0,5450.0,5550.0,145100
2020-01-28 09:00:00+09:00,4450.0,4880.0,4450.0,4880.0,683300
2020-01-29 09:00:00+09:00,4795.0,4800.0,4600.0,4660.0,620000
2020-01-30 09:00:00+09:00,4880.0,5220.0,4800.0,4895.0,642600
2020-01-31 09:00:00+09:00,4640.0,4920.0,4615.0,4880.0,261900
2020-02-03 09:00:00+09:00,4490.0,4615.0,4480.0,4575.0,166200
2020-02-04 09:00:00+09:00,4660.0,4755.0,4525.0,4580.0,167700
2020-02-05 09:00:00+09:00,4695.0,4910.0,4675.0,4795.0,167900
2020-02-06 09:00:00+09:00,4780.0,4820.0,4690.0,4750.0,99800
2020-02-07 09:00:00+09:00,4700.0,4850.0,4700.0,4785.0,84000
2020-02-10 09:00:00+09:00,4620.0,4690.0,4570.0,4690.0,56700
2020-02-12 09:00:00+09:00,4935.0,4955.0,4710.0,4780.0,198700
2020-02-13 09:00:00+09:00,5140.0,5200.0,4890.0,4955.0,268800
2020-02-14 09:00:00+09:00,5090.0,5260.0,5050.0,5120.0,152200
2020-02-17 09:00:00+09:00,4970.0,5030.0,4840.0,4990.0,136600
2020-02-18 09:00:00+09:00,4995.0,5000.0,4855.0,4945.0,83600
2020-02-19 09:00:00+09:00,4980.0,5050.0,4935.0,5020.0,69600
2020-02-20 09:00:00+09:00,4825.0,4950.0,4805.0,4940.0,120000
2020-02-21 09:00:00+09:00,4645.0,4800.0,4635.0,4755.0,127900
2020-02-25 09:00:00+09:00,4585.0,4605.0,4370.0,4400.0,121400
2020-02-26 09:00:00+09:00,4530.0,4655.0,4465.0,4550.0,122500
2020-02-27 09:00:00+09:00,4190.0,4495.0,4135.0,4480.0,242300
2020-02-28 09:00:00+09:00,3920.0,4105.0,3860.0,3960.0,234800
2020-03-02 09:00:00+09:00,4415.0,4500.0,4115.0,4115.0,264500
2020-03-03 09:00:00+09:00,4330.0,4670.0,4325.0,4665.0,157100
2020-03-04 09:00:00+09:00,4350.0,4460.0,4200.0,4280.0,80100
2020-03-05 09:00:00+09:00,4395.0,4500.0,4345.0,4500.0,85200
2020-03-06 09:00:00+09:00,4350.0,4515.0,4310.0,4420.0,104100
2020-03-09 09:00:00+09:00,4025.0,4185.0,3920.0,4165.0,156900
2020-03-10 09:00:00+09:00,4245.0,4280.0,3695.0,3900.0,232500
2020-03-11 09:00:00+09:00,3800.0,4370.0,3800.0,4230.0,271500
2020-03-12 09:00:00+09:00,3585.0,3785.0,3525.0,3660.0,276300
2020-03-13 09:00:00+09:00,3390.0,3500.0,3035.0,3165.0,272200
2020-03-16 09:00:00+09:00,3505.0,3775.0,3250.0,3420.0,251000
2020-03-17 09:00:00+09:00,3880.0,4040.0,3345.0,3385.0,349100
2020-03-18 09:00:00+09:00,4050.0,4250.0,3885.0,3960.0,289300
2020-03-19 09:00:00+09:00,4345.0,4365.0,3940.0,4235.0,261400
2020-03-23 09:00:00+09:00,4720.0,4835.0,4440.0,4485.0,505900
2020-03-24 09:00:00+09:00,4410.0,4835.0,4315.0,4810.0,219300
2020-03-25 09:00:00+09:00,4455.0,4570.0,4305.0,4480.0,237400
2020-03-26 09:00:00+09:00,4175.0,4335.0,4145.0,4205.0,184500
2020-03-27 09:00:00+09:00,3960.0,4255.0,3910.0,4240.0,307000
2020-03-30 09:00:00+09:00,3995.0,4035.0,3670.0,3680.0,229300
2020-03-31 09:00:00+09:00,4225.0,4260.0,3990.0,4000.0,192000
2020-04-01 09:00:00+09:00,4460.0,4700.0,4130.0,4300.0,371500
2020-04-02 09:00:00+09:00,4600.0,4715.0,4450.0,4480.0,249300
2020-04-03 09:00:00+09:00,4675.0,4995.0,4615.0,4780.0,492600
2020-04-06 09:00:00+09:00,4945.0,5080.0,4835.0,4900.0,314400
2020-04-07 09:00:00+09:00,5020.0,5100.0,4815.0,4945.0,239200
2020-04-08 09:00:00+09:00,5000.0,5100.0,4895.0,4995.0,147300
2020-04-09 09:00:00+09:00,5440.0,5470.0,4975.0,5080.0,350800
2020-04-10 09:00:00+09:00,5660.0,5710.0,5340.0,5380.0,302300
2020-04-13 09:00:00+09:00,5630.0,5830.0,5500.0,5770.0,174600
2020-04-14 09:00:00+09:00,5750.0,5900.0,5550.0,5630.0,172800
2020-04-15 09:00:00+09:00,5680.0,5890.0,5610.0,5650.0,166700
2020-04-16 09:00:00+09:00,5860.0,5890.0,5700.0,5720.0,169600
2020-04-17 09:00:00+09:00,5840.0,6040.0,5560.0,5900.0,339200
2020-04-20 09:00:00+09:00,5990.0,6020.0,5880.0,5940.0,159200
2020-04-21 09:00:00+09:00,6350.0,6580.0,6160.0,6160.0,387500
2020-04-22 09:00:00+09:00,6600.0,6660.0,6020.0,6260.0,258600
2020-04-23 09:00:00+09:00,6420.0,6800.0,6420.0,6530.0,249500
2020-04-24 09:00:00+09:00,6340.0,6460.0,6210.0,6350.0,147600
2020-04-27 09:00:00+09:00,6800.0,6940.0,6400.0,6440.0,343400
2020-04-28 09:00:00+09:00,7080.0,7260.0,6660.0,7240.0,470900
2020-04-30 09:00:00+09:00,6820.0,7050.0,6740.0,6930.0,302800
2020-05-01 09:00:00+09:00,6670.0,6950.0,6610.0,6750.0,200700
2020-05-07 09:00:00+09:00,6970.0,7070.0,6630.0,6670.0,261800
2020-05-08 09:00:00+09:00,6920.0,7030.0,6730.0,6940.0,199800
2020-05-11 09:00:00+09:00,6530.0,6800.0,6280.0,6790.0,406000
2020-05-12 09:00:00+09:00,6700.0,7530.0,6410.0,6430.0,866700
2020-05-13 09:00:00+09:00,6990.0,7010.0,6600.0,6600.0,372200
2020-05-14 09:00:00+09:00,6900.0,7240.0,6840.0,7050.0,312100
2020-05-15 09:00:00+09:00,7330.0,7370.0,6730.0,6910.0,581100
2020-05-18 09:00:00+09:00,8320.0,8580.0,7590.0,7600.0,973400
2020-05-19 09:00:00+09:00,8490.0,8510.0,8170.0,8310.0,529300
2020-05-20 09:00:00+09:00,8570.0,9070.0,8470.0,8750.0,526600
2020-05-21 09:00:00+09:00,8350.0,8600.0,8130.0,8530.0,534100
2020-05-22 09:00:00+09:00,8460.0,8650.0,8350.0,8490.0,338900
2020-05-25 09:00:00+09:00,8490.0,8650.0,8280.0,8650.0,288900
2020-05-26 09:00:00+09:00,8260.0,8620.0,8170.0,8530.0,328900
2020-05-27 09:00:00+09:00,8210.0,8230.0,7760.0,7960.0,303900
2020-05-28 09:00:00+09:00,7920.0,8070.0,7870.0,8070.0,314300
2020-05-29 09:00:00+09:00,8640.0,8880.0,8310.0,8500.0,781300
2020-06-01 09:00:00+09:00,9640.0,10020.0,8980.0,8980.0,1286300
2020-06-02 09:00:00+09:00,9650.0,9990.0,9460.0,9740.0,520300
2020-06-03 09:00:00+09:00,9250.0,9760.0,9150.0,9740.0,429700
2020-06-04 09:00:00+09:00,9230.0,9500.0,8950.0,9190.0,403600
2020-06-05 09:00:00+09:00,9120.0,9210.0,8900.0,9020.0,335600
2020-06-08 09:00:00+09:00,9310.0,9450.0,8950.0,9050.0,293000
2020-06-09 09:00:00+09:00,9090.0,9300.0,9060.0,9200.0,199700
2020-06-10 09:00:00+09:00,8970.0,9210.0,8950.0,9050.0,254400
2020-06-11 09:00:00+09:00,9230.0,9520.0,9020.0,9080.0,424600
2020-06-12 09:00:00+09:00,9420.0,9650.0,8800.0,8850.0,513000
2020-06-15 09:00:00+09:00,9250.0,9900.0,9160.0,9560.0,561100
2020-06-16 09:00:00+09:00,9850.0,9860.0,9380.0,9700.0,524600
2020-06-17 09:00:00+09:00,9770.0,10430.0,9560.0,10100.0,710100
2020-06-18 09:00:00+09:00,9790.0,9950.0,9660.0,9920.0,343800
2020-06-19 09:00:00+09:00,9660.0,10050.0,9610.0,9880.0,409000
2020-06-22 09:00:00+09:00,9940.0,10070.0,9600.0,9600.0,477500
2020-06-23 09:00:00+09:00,10510.0,10790.0,9900.0,10080.0,847300
2020-06-24 09:00:00+09:00,11070.0,11240.0,10650.0,10700.0,721500
2020-06-25 09:00:00+09:00,11120.0,11300.0,10720.0,10960.0,650800
2020-06-26 09:00:00+09:00,10690.0,11210.0,10650.0,11080.0,390300
2020-06-29 09:00:00+09:00,10490.0,10850.0,10290.0,10390.0,309400
2020-06-30 09:00:00+09:00,10260.0,10780.0,9740.0,10670.0,480400
2020-07-01 09:00:00+09:00,10230.0,10560.0,10060.0,10140.0,278600
2020-07-02 09:00:00+09:00,9810.0,10270.0,9450.0,10200.0,506600
2020-07-03 09:00:00+09:00,10580.0,10630.0,9760.0,9860.0,531000
2020-07-06 09:00:00+09:00,10760.0,10840.0,10280.0,10600.0,419900
2020-07-07 09:00:00+09:00,11010.0,11030.0,10600.0,10850.0,444200
2020-07-08 09:00:00+09:00,10650.0,11000.0,10650.0,11000.0,278700
2020-07-09 09:00:00+09:00,10710.0,10920.0,10590.0,10800.0,271400
2020-07-10 09:00:00+09:00,10700.0,11100.0,10600.0,10640.0,311900
2020-07-13 09:00:00+09:00,10550.0,10720.0,10390.0,10680.0,303400
2020-07-14 09:00:00+09:00,10150.0,10400.0,9930.0,10260.0,617500
2020-07-15 09:00:00+09:00,10310.0,10360.0,9970.0,10150.0,299500
2020-07-16 09:00:00+09:00,9880.0,10250.0,9830.0,10150.0,371300
2020-07-17 09:00:00+09:00,10080.0,10140.0,9670.0,9810.0,318100
2020-07-20 09:00:00+09:00,9720.0,10280.0,9670.0,10050.0,385200
2020-07-21 09:00:00+09:00,10270.0,10590.0,9950.0,10090.0,503100
2020-07-22 09:00:00+09:00,10320.0,10400.0,9940.0,10000.0,350500
2020-07-27 09:00:00+09:00,10250.0,10530.0,10200.0,10450.0,495400
2020-07-28 09:00:00+09:00,9670.0,10010.0,9150.0,9950.0,1492000
2020-07-29 09:00:00+09:00,9350.0,9850.0,9300.0,9740.0,416700
2020-07-30 09:00:00+09:00,9480.0,9530.0,9030.0,9310.0,535700
2020-07-31 09:00:00+09:00,9290.0,9680.0,9190.0,9550.0,348400
2020-08-03 09:00:00+09:00,9480.0,9480.0,9090.0,9240.0,296600
2020-08-04 09:00:00+09:00,9180.0,9550.0,9130.0,9520.0,442300
2020-08-05 09:00:00+09:00,9340.0,9340.0,8990.0,9060.0,367400
2020-08-06 09:00:00+09:00,10010.0,10040.0,9280.0,9350.0,547600
2020-08-07 09:00:00+09:00,10480.0,10540.0,9930.0,10010.0,570100
2020-08-11 09:00:00+09:00,10160.0,10280.0,9820.0,10240.0,538800
2020-08-12 09:00:00+09:00,10180.0,10340.0,10040.0,10250.0,361700
2020-08-13 09:00:00+09:00,10050.0,10330.0,10040.0,10250.0,272000
2020-08-14 09:00:00+09:00,10410.0,10550.0,10060.0,10060.0,281700
2020-08-17 09:00:00+09:00,10110.0,10230.0,9810.0,10210.0,447900
2020-08-18 09:00:00+09:00,10690.0,10690.0,10080.0,10110.0,379500
2020-08-19 09:00:00+09:00,10800.0,11050.0,10550.0,10770.0,386000
2020-08-20 09:00:00+09:00,10660.0,11020.0,10520.0,10780.0,211900
2020-08-21 09:00:00+09:00,11170.0,11170.0,10670.0,10800.0,308300
2020-08-24 09:00:00+09:00,11680.0,11730.0,11120.0,11300.0,443900
2020-08-25 09:00:00+09:00,11320.0,11710.0,11180.0,11710.0,331700
2020-08-26 09:00:00+09:00,11450.0,11660.0,11390.0,11480.0,194000
2020-08-27 09:00:00+09:00,11420.0,11640.0,11340.0,11550.0,171000
2020-08-28 09:00:00+09:00,10760.0,11250.0,10510.0,11250.0,302200
2020-08-31 09:00:00+09:00,10850.0,11060.0,10780.0,10880.0,161100
2020-09-01 09:00:00+09:00,11240.0,11240.0,10850.0,10880.0,183200
2020-09-02 09:00:00+09:00,12230.0,12250.0,11510.0,11540.0,519000
2020-09-03 09:00:00+09:00,11370.0,12010.0,11070.0,11950.0,734500
2020-09-04 09:00:00+09:00,10470.0,11060.0,10450.0,10810.0,645100
2020-09-07 09:00:00+09:00,10060.0,10590.0,10000.0,10590.0,363500
2020-09-08 09:00:00+09:00,10160.0,10200.0,9750.0,10110.0,270200
2020-09-09 09:00:00+09:00,9970.0,10110.0,9860.0,9860.0,180200
2020-09-10 09:00:00+09:00,9890.0,10350.0,9830.0,10200.0,219300
2020-09-11 09:00:00+09:00,9830.0,9990.0,9580.0,9990.0,276900
2020-09-14 09:00:00+09:00,9720.0,9790.0,9560.0,9780.0,200900
2020-09-15 09:00:00+09:00,9870.0,9920.0,9680.0,9720.0,146100
2020-09-16 09:00:00+09:00,10180.0,10210.0,9840.0,9840.0,204500
2020-09-17 09:00:00+09:00,10000.0,10150.0,9950.0,10150.0,130700
2020-09-18 09:00:00+09:00,9960.0,10130.0,9830.0,10000.0,166500
2020-09-23 09:00:00+09:00,10530.0,10660.0,10180.0,10200.0,354400
2020-09-24 09:00:00+09:00,10380.0,11200.0,10280.0,10670.0,574400
2020-09-25 09:00:00+09:00,10940.0,11040.0,10550.0,10680.0,370100
2020-09-28 09:00:00+09:00,10840.0,11130.0,10660.0,11100.0,318400
2020-09-29 09:00:00+09:00,11300.0,11350.0,10740.0,10740.0,325300
2020-09-30 09:00:00+09:00,11180.0,11410.0,11040.0,11230.0,232700
2020-10-02 09:00:00+09:00,11140.0,11570.0,11050.0,11370.0,437200
2020-10-05 09:00:00+09:00,11500.0,11660.0,11260.0,11290.0,297800
2020-10-06 09:00:00+09:00,11580.0,11920.0,11470.0,11600.0,294800
2020-10-07 09:00:00+09:00,12370.0,12380.0,11540.0,11540.0,503300
2020-10-08 09:00:00+09:00,13430.0,13750.0,12530.0,12750.0,931800
2020-10-09 09:00:00+09:00,13800.0,13990.0,13100.0,13420.0,591600
2020-10-12 09:00:00+09:00,14080.0,14730.0,13520.0,14600.0,616000
2020-10-13 09:00:00+09:00,14840.0,15110.0,14050.0,14310.0,834600
2020-10-14 09:00:00+09:00,15370.0,15480.0,14680.0,14750.0,532100
2020-10-15 09:00:00+09:00,15340.0,15830.0,15000.0,15500.0,559500
2020-10-16 09:00:00+09:00,15030.0,15320.0,14500.0,15000.0,507000
2020-10-19 09:00:00+09:00,15250.0,15330.0,14660.0,15080.0,381000
2020-10-20 09:00:00+09:00,15350.0,15510.0,15070.0,15130.0,350100
2020-10-21 09:00:00+09:00,15180.0,15880.0,15150.0,15450.0,484800
2020-10-22 09:00:00+09:00,14530.0,15130.0,14200.0,15010.0,524400
2020-10-23 09:00:00+09:00,13970.0,14190.0,13400.0,13810.0,480700
2020-10-26 09:00:00+09:00,12990.0,13910.0,12920.0,13840.0,456100
2020-10-27 09:00:00+09:00,13960.0,14150.0,12000.0,12120.0,962200
2020-10-28 09:00:00+09:00,14220.0,14300.0,13540.0,14190.0,513400
2020-10-29 09:00:00+09:00,13700.0,14190.0,13520.0,13990.0,349500
2020-10-30 09:00:00+09:00,13850.0,14310.0,13460.0,13570.0,437300
2020-11-02 09:00:00+09:00,12820.0,13990.0,12760.0,13930.0,351600
2020-11-04 09:00:00+09:00,13900.0,13980.0,12780.0,12950.0,376500
2020-11-05 09:00:00+09:00,14770.0,15080.0,14180.0,14410.0,469000
2020-11-06 09:00:00+09:00,14390.0,14900.0,14220.0,14810.0,278800
2020-11-09 09:00:00+09:00,14590.0,14850.0,14390.0,14630.0,225400
2020-11-10 09:00:00+09:00,13290.0,13850.0,12910.0,13140.0,414800
2020-11-11 09:00:00+09:00,13480.0,13480.0,12760.0,12990.0,245600
2020-11-12 09:00:00+09:00,13070.0,13850.0,12830.0,13780.0,446100
2020-11-13 09:00:00+09:00,12760.0,13170.0,12700.0,13030.0,275900
2020-11-16 09:00:00+09:00,12290.0,12650.0,12150.0,12650.0,346600
2020-11-17 09:00:00+09:00,11410.0,12330.0,11380.0,12170.0,391700
2020-11-18 09:00:00+09:00,11260.0,11530.0,11010.0,11110.0,318000
2020-11-19 09:00:00+09:00,11470.0,11560.0,11060.0,11220.0,270200
2020-11-20 09:00:00+09:00,11320.0,11630.0,11200.0,11480.0,168900
2020-11-24 09:00:00+09:00,11200.0,11450.0,11100.0,11400.0,192400
2020-11-25 09:00:00+09:00,11240.0,11480.0,11100.0,11290.0,148400
2020-11-26 09:00:00+09:00,11120.0,11320.0,10930.0,11290.0,166500
2020-11-27 09:00:00+09:00,11000.0,11240.0,10920.0,11070.0,115200
2020-11-30 09:00:00+09:00,11290.0,11400.0,11070.0,11070.0,209400
2020-12-01 09:00:00+09:00,11330.0,11640.0,11160.0,11550.0,253900
2020-12-02 09:00:00+09:00,11380.0,11550.0,11180.0,11550.0,179400
2020-12-03 09:00:00+09:00,11250.0,11500.0,11170.0,11500.0,177900
2020-12-04 09:00:00+09:00,11220.0,11320.0,10910.0,11230.0,223800
2020-12-07 09:00:00+09:00,10750.0,11170.0,10720.0,11170.0,213000
2020-12-08 09:00:00+09:00,11100.0,11110.0,10420.0,10580.0,145800
2020-12-09 09:00:00+09:00,10720.0,11160.0,10660.0,11090.0,126000
2020-12-10 09:00:00+09:00,10450.0,10590.0,10150.0,10500.0,185600
2020-12-11 09:00:00+09:00,11130.0,11140.0,10630.0,10680.0,205500
2020-12-14 09:00:00+09:00,10880.0,11180.0,10870.0,11130.0,97600
2020-12-15 09:00:00+09:00,10630.0,11100.0,10590.0,10990.0,101400
2020-12-16 09:00:00+09:00,10800.0,10940.0,10670.0,10750.0,81200
2020-12-17 09:00:00+09:00,11190.0,11240.0,10790.0,10870.0,106800
2020-12-18 09:00:00+09:00,10620.0,11580.0,10600.0,11530.0,301700
2020-12-21 09:00:00+09:00,10950.0,11050.0,10510.0,10600.0,161600
2020-12-22 09:00:00+09:00,10570.0,11030.0,10550.0,10870.0,132100
2020-12-23 09:00:00+09:00,10820.0,10980.0,10630.0,10700.0,148000
2020-12-24 09:00:00+09:00,10530.0,10830.0,10380.0,10820.0,205000
2020-12-25 09:00:00+09:00,9910.0,10350.0,9810.0,10300.0,288900
2020-12-28 09:00:00+09:00,9850.0,10030.0,9600.0,9890.0,246600
2020-12-29 09:00:00+09:00,10170.0,10200.0,9730.0,9800.0,212200
2020-12-30 09:00:00+09:00,10240.0,10390.0,9940.0,10050.0,160800
2021-01-04 09:00:00+09:00,10270.0,10380.0,9960.0,10060.0,155700
2021-01-05 09:00:00+09:00,10630.0,10710.0,10210.0,10270.0,253100
2021-01-06 09:00:00+09:00,10930.0,11300.0,10630.0,10630.0,410500
2021-01-07 09:00:00+09:00,10670.0,10970.0,10580.0,10900.0,173200
2021-01-08 09:00:00+09:00,10900.0,11140.0,10800.0,10920.0,205500
2021-01-12 09:00:00+09:00,10500.0,10890.0,10340.0,10890.0,187800
2021-01-13 09:00:00+09:00,10180.0,10500.0,10150.0,10350.0,146500
2021-01-14 09:00:00+09:00,10030.0,10390.0,9970.0,10190.0,158500
2021-01-15 09:00:00+09:00,9920.0,10140.0,9910.0,9990.0,151900
2021-01-18 09:00:00+09:00,10790.0,10840.0,9940.0,10030.0,302800
2021-01-19 09:00:00+09:00,10730.0,11110.0,10650.0,10900.0,177800
2021-01-20 09:00:00+09:00,11050.0,11150.0,10670.0,10750.0,172400
2021-01-21 09:00:00+09:00,11160.0,11220.0,10920.0,11100.0,239600
2021-01-22 09:00:00+09:00,11710.0,12050.0,11410.0,11460.0,669100
2021-01-25 09:00:00+09:00,11940.0,11980.0,11230.0,11800.0,393600
2021-01-26 09:00:00+09:00,12540.0,13290.0,12320.0,12500.0,824200
2021-01-27 09:00:00+09:00,12600.0,12700.0,11960.0,12470.0,312800
2021-01-28 09:00:00+09:00,12030.0,12690.0,11730.0,12240.0,336800
2021-01-29 09:00:00+09:00,11700.0,12200.0,11610.0,12200.0,147700
2021-02-01 09:00:00+09:00,12260.0,12350.0,11460.0,11520.0,133100
2021-02-02 09:00:00+09:00,12060.0,12480.0,12020.0,12300.0,133000
2021-02-03 09:00:00+09:00,12220.0,12290.0,11820.0,12060.0,98500
2021-02-04 09:00:00+09:00,11710.0,12220.0,11660.0,12210.0,119400
2021-02-05 09:00:00+09:00,11130.0,11780.0,11110.0,11750.0,156900
2021-02-08 09:00:00+09:00,11220.0,11270.0,10940.0,11160.0,111400
2021-02-09 09:00:00+09:00,11350.0,11390.0,10960.0,11100.0,144300
2021-02-10 09:00:00+09:00,11390.0,11550.0,11290.0,11350.0,101800
2021-02-12 09:00:00+09:00,11040.0,11480.0,10860.0,11440.0,215000
2021-02-15 09:00:00+09:00,11040.0,11150.0,10680.0,10970.0,147800
2021-02-16 09:00:00+09:00,11530.0,11780.0,11050.0,11050.0,220700
2021-02-17 09:00:00+09:00,11170.0,11550.0,11130.0,11400.0,244600
2021-02-18 09:00:00+09:00,11070.0,11310.0,10950.0,11090.0,97400
2021-02-19 09:00:00+09:00,10550.0,11100.0,10460.0,10900.0,222400
2021-02-22 09:00:00+09:00,10400.0,10570.0,10150.0,10460.0,127800
2021-02-24 09:00:00+09:00,9660.0,10210.0,9660.0,10010.0,355000
2021-02-25 09:00:00+09:00,9670.0,10000.0,9600.0,9770.0,127100
2021-02-26 09:00:00+09:00,9590.0,9780.0,9300.0,9450.0,197000
2021-03-01 09:00:00+09:00,9570.0,9800.0,9400.0,9720.0,129600
2021-03-02 09:00:00+09:00,9700.0,9940.0,9580.0,9740.0,125900
2021-03-03 09:00:00+09:00,9520.0,9730.0,9360.0,9600.0,117500
2021-03-04 09:00:00+09:00,9220.0,9420.0,8970.0,9260.0,214900
2021-03-05 09:00:00+09:00,9180.0,9210.0,8810.0,9140.0,142800
2021-03-08 09:00:00+09:00,8930.0,9420.0,8850.0,9280.0,114600
2021-03-09 09:00:00+09:00,9150.0,9190.0,8460.0,8800.0,211200
2021-03-10 09:00:00+09:00,9080.0,9460.0,8970.0,9390.0,114900
2021-03-11 09:00:00+09:00,9440.0,9440.0,8890.0,9080.0,110700
2021-03-12 09:00:00+09:00,9810.0,9850.0,9610.0,9690.0,152100
2021-03-15 09:00:00+09:00,9470.0,9840.0,9410.0,9820.0,85900
2021-03-16 09:00:00+09:00,9540.0,9560.0,9360.0,9460.0,78700
2021-03-17 09:00:00+09:00,9540.0,9680.0,9350.0,9390.0,77100
2021-03-18 09:00:00+09:00,9610.0,9760.0,9520.0,9670.0,70300
2021-03-19 09:00:00+09:00,9530.0,9580.0,9410.0,9460.0,94600
2021-03-22 09:00:00+09:00,9180.0,9540.0,9120.0,9540.0,115200
2021-03-23 09:00:00+09:00,8910.0,9300.0,8910.0,9170.0,110900
2021-03-24 09:00:00+09:00,8680.0,8920.0,8680.0,8900.0,113000
2021-03-25 09:00:00+09:00,8560.0,8620.0,8230.0,8450.0,162600
2021-03-26 09:00:00+09:00,8930.0,8950.0,8500.0,8590.0,119800
2021-03-29 09:00:00+09:00,8480.0,9100.0,8350.0,9080.0,235600
2021-03-30 09:00:00+09:00,8490.0,8630.0,8280.0,8480.0,136600
2021-03-31 09:00:00+09:00,8710.0,8790.0,8460.0,8480.0,94500
2021-04-01 09:00:00+09:00,9400.0,9460.0,8810.0,8920.0,225700
2021-04-02 09:00:00+09:00,9450.0,9480.0,9220.0,9460.0,134300
2021-04-05 09:00:00+09:00,9120.0,9420.0,9090.0,9400.0,100700
2021-04-06 09:00:00+09:00,9280.0,9510.0,9160.0,9180.0,146000
2021-04-07 09:00:00+09:00,9240.0,9420.0,9180.0,9340.0,78200
2021-04-08 09:00:00+09:00,9150.0,9230.0,8970.0,9160.0,95500
2021-04-09 09:00:00+09:00,9390.0,9430.0,9150.0,9220.0,102800
2021-04-12 09:00:00+09:00,9130.0,9400.0,9080.0,9360.0,94100
2021-04-13 09:00:00+09:00,9450.0,9530.0,9100.0,9160.0,141500
2021-04-14 09:00:00+09:00,9630.0,9830.0,9550.0,9550.0,137400
2021-04-15 09:00:00+09:00,9360.0,9500.0,9280.0,9480.0,78100
2021-04-16 09:00:00+09:00,10080.0,10100.0,9480.0,9510.0,326100
2021-04-19 09:00:00+09:00,10090.0,10200.0,9960.0,10070.0,150400
2021-04-20 09:00:00+09:00,10050.0,10280.0,9850.0,9940.0,131500
2021-04-21 09:00:00+09:00,9670.0,10000.0,9640.0,9870.0,135700
2021-04-22 09:00:00+09:00,9930.0,10270.0,9800.0,9800.0,158700
2021-04-23 09:00:00+09:00,10270.0,10380.0,9770.0,9810.0,216800
2021-04-26 09:00:00+09:00,9830.0,10180.0,9760.0,10080.0,211900
2021-04-27 09:00:00+09:00,10050.0,10420.0,10020.0,10060.0,231400
2021-04-28 09:00:00+09:00,9870.0,10060.0,9770.0,9930.0,133300
2021-04-30 09:00:00+09:00,9330.0,9890.0,9310.0,9870.0,173300
2021-05-06 09:00:00+09:00,9330.0,9460.0,9030.0,9240.0,144300
2021-05-07 09:00:00+09:00,9330.0,9430.0,9320.0,9330.0,83300
2021-05-10 09:00:00+09:00,9260.0,9300.0,9100.0,9100.0,84000
2021-05-11 09:00:00+09:00,8950.0,9090.0,8850.0,9060.0,132900
2021-05-12 09:00:00+09:00,9090.0,9160.0,8910.0,9010.0,160400
2021-05-13 09:00:00+09:00,8820.0,9110.0,8590.0,8880.0,254800
2021-05-14 09:00:00+09:00,8560.0,8720.0,8290.0,8700.0,270400
2021-05-17 09:00:00+09:00,8160.0,8650.0,8130.0,8530.0,131100
2021-05-18 09:00:00+09:00,8250.0,8280.0,7990.0,8010.0,155900
2021-05-19 09:00:00+09:00,8450.0,8600.0,8180.0,8210.0,193200
2021-05-20 09:00:00+09:00,8570.0,8680.0,8420.0,8540.0,78300
2021-05-21 09:00:00+09:00,8510.0,8690.0,8500.0,8600.0,92300
2021-05-24 09:00:00+09:00,8450.0,8500.0,8240.0,8470.0,108400
2021-05-25 09:00:00+09:00,8650.0,8720.0,8560.0,8580.0,77300
2021-05-26 09:00:00+09:00,8880.0,8950.0,8650.0,8650.0,107700
2021-05-27 09:00:00+09:00,8820.0,8820.0,8560.0,8800.0,96200
2021-05-28 09:00:00+09:00,8830.0,9150.0,8830.0,8950.0,125700
2021-05-31 09:00:00+09:00,8970.0,9080.0,8840.0,8840.0,71800
2021-06-01 09:00:00+09:00,8750.0,9050.0,8750.0,9050.0,71500
2021-06-02 09:00:00+09:00,8610.0,8780.0,8600.0,8710.0,71400
2021-06-03 09:00:00+09:00,8600.0,8770.0,8500.0,8600.0,81900
2021-06-04 09:00:00+09:00,8320.0,8480.0,8290.0,8400.0,107000
2021-06-07 09:00:00+09:00,8320.0,8450.0,8270.0,8410.0,102600
2021-06-08 09:00:00+09:00,8640.0,8700.0,8370.0,8380.0,110300
2021-06-09 09:00:00+09:00,8650.0,8680.0,8510.0,8620.0,67300
2021-06-10 09:00:00+09:00,8910.0,8940.0,8570.0,8570.0,73800
2021-06-11 09:00:00+09:00,8990.0,9230.0,8960.0,9050.0,129400
2021-06-14 09:00:00+09:00,9540.0,9580.0,8980.0,9130.0,190300
2021-06-15 09:00:00+09:00,9610.0,9710.0,9380.0,9550.0,113500
2021-06-16 09:00:00+09:00,9600.0,9670.0,9450.0,9500.0,64000
2021-06-17 09:00:00+09:00,9100.0,9380.0,8930.0,9380.0,189000
2021-06-18 09:00:00+09:00,9050.0,9460.0,9050.0,9220.0,99300
2021-06-21 09:00:00+09:00,9110.0,9200.0,8810.0,8900.0,108600
2021-06-22 09:00:00+09:00,9120.0,9250.0,9090.0,9120.0,44600
2021-06-23 09:00:00+09:00,9160.0,9340.0,9150.0,9180.0,59100
2021-06-24 09:00:00+09:00,9200.0,9230.0,9010.0,9120.0,47200
2021-06-25 09:00:00+09:00,9330.0,9370.0,9200.0,9200.0,54300
2021-06-28 09:00:00+09:00,9410.0,9440.0,9250.0,9330.0,52600
2021-06-29 09:00:00+09:00,9560.0,9710.0,9410.0,9500.0,109500
2021-06-30 09:00:00+09:00,9720.0,9770.0,9420.0,9480.0,69500
2021-07-01 09:00:00+09:00,9530.0,9750.0,9510.0,9650.0,56200
2021-07-02 09:00:00+09:00,9660.0,9740.0,9470.0,9590.0,52000
2021-07-05 09:00:00+09:00,9660.0,9950.0,9620.0,9810.0,71300
2021-07-06 09:00:00+09:00,9560.0,9720.0,9500.0,9680.0,54700
2021-07-07 09:00:00+09:00,9440.0,9620.0,9430.0,9460.0,42700
2021-07-08 09:00:00+09:00,9170.0,9370.0,9100.0,9340.0,77800
2021-07-09 09:00:00+09:00,8930.0,9090.0,8830.0,9000.0,106400
2021-07-12 09:00:00+09:00,9160.0,9280.0,9070.0,9120.0,66700
2021-07-13 09:00:00+09:00,9070.0,9300.0,9050.0,9170.0,34600
2021-07-14 09:00:00+09:00,9000.0,9220.0,8970.0,9050.0,58200
2021-07-15 09:00:00+09:00,8750.0,9100.0,8720.0,9100.0,84500
2021-07-16 09:00:00+09:00,8710.0,8840.0,8610.0,8680.0,59000
2021-07-19 09:00:00+09:00,8620.0,8730.0,8530.0,8620.0,43300
2021-07-20 09:00:00+09:00,9000.0,9200.0,8880.0,9000.0,222800
2021-07-21 09:00:00+09:00,8900.0,9180.0,8870.0,9100.0,103500
2021-07-26 09:00:00+09:00,8880.0,9100.0,8810.0,8920.0,74600
2021-07-27 09:00:00+09:00,8660.0,8860.0,8620.0,8810.0,101600
2021-07-28 09:00:00+09:00,8370.0,8590.0,8360.0,8550.0,124100
2021-07-29 09:00:00+09:00,8500.0,8510.0,8290.0,8440.0,80500
2021-07-30 09:00:00+09:00,8260.0,8450.0,8220.0,8400.0,112700
2021-08-02 09:00:00+09:00,7360.0,7440.0,6920.0,7210.0,622200
2021-08-03 09:00:00+09:00,7020.0,7320.0,6950.0,7240.0,591400
2021-08-04 09:00:00+09:00,6660.0,7070.0,6660.0,7070.0,350600
2021-08-05 09:00:00+09:00,6650.0,6820.0,6550.0,6710.0,238600
2021-08-06 09:00:00+09:00,6400.0,6500.0,6290.0,6360.0,207300
2021-08-10 09:00:00+09:00,6500.0,6600.0,6320.0,6350.0,204000
2021-08-11 09:00:00+09:00,6220.0,6560.0,6190.0,6520.0,251400
2021-08-12 09:00:00+09:00,6100.0,6200.0,6050.0,6150.0,179600
2021-08-13 09:00:00+09:00,5950.0,6160.0,5840.0,6070.0,258500
2021-08-16 09:00:00+09:00,5710.0,5880.0,5690.0,5860.0,235900
2021-08-17 09:00:00+09:00,5540.0,5870.0,5500.0,5780.0,210100
2021-08-18 09:00:00+09:00,5910.0,5910.0,5530.0,5610.0,329100
2021-08-19 09:00:00+09:00,6130.0,6330.0,5890.0,5890.0,364700
2021-08-20 09:00:00+09:00,6040.0,6280.0,5950.0,6130.0,202600
2021-08-23 09:00:00+09:00,6040.0,6140.0,5910.0,5980.0,150900
2021-08-24 09:00:00+09:00,6110.0,6150.0,6040.0,6080.0,133700
2021-08-25 09:00:00+09:00,6140.0,6230.0,6070.0,6120.0,137400
2021-08-26 09:00:00+09:00,6030.0,6220.0,5990.0,6150.0,168900
2021-08-27 09:00:00+09:00,6190.0,6190.0,5980.0,6020.0,167500
2021-08-30 09:00:00+09:00,6390.0,6430.0,6220.0,6340.0,235900
2021-08-31 09:00:00+09:00,6950.0,6990.0,6500.0,6550.0,639600
2021-09-01 09:00:00+09:00,6840.0,7020.0,6650.0,7010.0,610700
2021-09-02 09:00:00+09:00,6740.0,6960.0,6700.0,6960.0,308000
2021-09-03 09:00:00+09:00,6560.0,6710.0,6430.0,6670.0,385500
2021-09-06 09:00:00+09:00,7130.0,7150.0,6700.0,6800.0,657800
2021-09-07 09:00:00+09:00,7210.0,7590.0,7080.0,7400.0,1117000
2021-09-08 09:00:00+09:00,7200.0,7290.0,7030.0,7100.0,400800
2021-09-09 09:00:00+09:00,7180.0,7300.0,7110.0,7110.0,238400
2021-09-10 09:00:00+09:00,7630.0,7630.0,7210.0,7230.0,472100
2021-09-13 09:00:00+09:00,7540.0,7880.0,7460.0,7780.0,637400
2021-09-14 09:00:00+09:00,7400.0,7550.0,7270.0,7540.0,367600
2021-09-15 09:00:00+09:00,7480.0,7560.0,7260.0,7390.0,304500
2021-09-16 09:00:00+09:00,7140.0,7480.0,7010.0,7400.0,379800
2021-09-17 09:00:00+09:00,7220.0,7250.0,6960.0,7000.0,242700
2021-09-21 09:00:00+09:00,7020.0,7120.0,6880.0,6970.0,198400
2021-09-22 09:00:00+09:00,6900.0,7120.0,6830.0,7010.0,239800
2021-09-24 09:00:00+09:00,7190.0,7230.0,6980.0,7070.0,163700
2021-09-27 09:00:00+09:00,7080.0,7180.0,7050.0,7140.0,163200
2021-09-28 09:00:00+09:00,6820.0,7040.0,6700.0,7020.0,187800
2021-09-29 09:00:00+09:00,6680.0,6810.0,6520.0,6620.0,281700
2021-09-30 09:00:00+09:00,6420.0,6510.0,6230.0,6500.0,437700
2021-10-01 09:00:00+09:00,6350.0,6450.0,6220.0,6320.0,317100
2021-10-04 09:00:00+09:00,6130.0,6330.0,6030.0,6310.0,259500
2021-10-05 09:00:00+09:00,6060.0,6100.0,5910.0,6000.0,301000
2021-10-06 09:00:00+09:00,5860.0,6170.0,5800.0,6100.0,324700
2021-10-07 09:00:00+09:00,6120.0,6220.0,5900.0,5930.0,348000
2021-10-08 09:00:00+09:00,6030.0,6290.0,6030.0,6120.0,174200
2021-10-11 09:00:00+09:00,6110.0,6140.0,5830.0,5980.0,177200
2021-10-12 09:00:00+09:00,5980.0,6150.0,5960.0,6140.0,134100
2021-10-13 09:00:00+09:00,5820.0,6040.0,5780.0,5950.0,152800
2021-10-14 09:00:00+09:00,5850.0,6010.0,5810.0,5900.0,155400
2021-10-15 09:00:00+09:00,5990.0,5990.0,5820.0,5900.0,144800
2021-10-18 09:00:00+09:00,5800.0,6000.0,5760.0,5990.0,135100
2021-10-19 09:00:00+09:00,5890.0,5890.0,5760.0,5810.0,158800
2021-10-20 09:00:00+09:00,6030.0,6090.0,5890.0,5900.0,172300
2021-10-21 09:00:00+09:00,5880.0,6070.0,5850.0,5990.0,176900
2021-10-22 09:00:00+09:00,5790.0,5870.0,5760.0,5860.0,150000
2021-10-25 09:00:00+09:00,5640.0,5790.0,5590.0,5750.0,179800
2021-10-26 09:00:00+09:00,5740.0,5780.0,5670.0,5730.0,142800
2021-10-27 09:00:00+09:00,6740.0,6740.0,6710.0,6740.0,362700
2021-10-28 09:00:00+09:00,7020.0,7400.0,6950.0,7020.0,1508400
2021-10-29 09:00:00+09:00,6840.0,7030.0,6660.0,6940.0,504000
2021-11-01 09:00:00+09:00,7130.0,7280.0,6980.0,7040.0,295500
2021-11-02 09:00:00+09:00,7130.0,7300.0,7080.0,7100.0,165000
2021-11-04 09:00:00+09:00,7210.0,7500.0,7120.0,7280.0,260400
2021-11-05 09:00:00+09:00,7520.0,7540.0,7120.0,7220.0,259700
2021-11-08 09:00:00+09:00,7150.0,7560.0,7130.0,7550.0,220100
2021-11-09 09:00:00+09:00,7280.0,7360.0,7140.0,7180.0,176300
2021-11-10 09:00:00+09:00,7260.0,7330.0,7150.0,7180.0,97000
2021-11-11 09:00:00+09:00,7210.0,7320.0,7170.0,7260.0,89300
2021-11-12 09:00:00+09:00,7360.0,7370.0,7150.0,7270.0,134600
2021-11-15 09:00:00+09:00,7640.0,7680.0,7370.0,7400.0,237100
2021-11-16 09:00:00+09:00,7700.0,7730.0,7400.0,7650.0,342700
2021-11-17 09:00:00+09:00,7470.0,7830.0,7400.0,7760.0,240100
2021-11-18 09:00:00+09:00,7210.0,7540.0,7190.0,7520.0,156500
2021-11-19 09:00:00+09:00,7030.0,7250.0,6910.0,7220.0,183800
2021-11-22 09:00:00+09:00,7270.0,7300.0,6930.0,6980.0,124600
2021-11-24 09:00:00+09:00,6900.0,7080.0,6830.0,7080.0,230000
2021-11-25 09:00:00+09:00,6720.0,7140.0,6720.0,7030.0,176600
2021-11-26 09:00:00+09:00,6740.0,6880.0,6580.0,6810.0,167000
2021-11-29 09:00:00+09:00,6970.0,7300.0,6560.0,6600.0,465800
2021-11-30 09:00:00+09:00,6540.0,7060.0,6530.0,6950.0,293400
2021-12-01 09:00:00+09:00,6500.0,6610.0,6330.0,6610.0,180400
2021-12-02 09:00:00+09:00,6520.0,6600.0,6370.0,6410.0,161600
2021-12-03 09:00:00+09:00,6200.0,6250.0,5860.0,6250.0,493200
2021-12-06 09:00:00+09:00,6240.0,6260.0,5800.0,6000.0,391900
2021-12-07 09:00:00+09:00,6490.0,6490.0,6160.0,6240.0,266000
2021-12-08 09:00:00+09:00,6600.0,6680.0,6450.0,6620.0,177800
2021-12-09 09:00:00+09:00,6800.0,6860.0,6550.0,6600.0,181300
2021-12-10 09:00:00+09:00,6420.0,6770.0,6410.0,6700.0,207000
2021-12-13 09:00:00+09:00,6570.0,6590.0,6350.0,6420.0,108700
2021-12-14 09:00:00+09:00,6560.0,6640.0,6480.0,6640.0,106300
2021-12-15 09:00:00+09:00,6470.0,6750.0,6430.0,6530.0,114100
2021-12-16 09:00:00+09:00,6330.0,6650.0,6310.0,6640.0,124300
2021-12-17 09:00:00+09:00,6070.0,6190.0,6020.0,6150.0,150400
2021-12-20 09:00:00+09:00,6030.0,6220.0,5910.0,6030.0,130300
2021-12-21 09:00:00+09:00,6190.0,6280.0,5980.0,6130.0,150100
2021-12-22 09:00:00+09:00,6320.0,6410.0,6220.0,6240.0,113800
2021-12-23 09:00:00+09:00,6200.0,6410.0,6160.0,6400.0,103700
2021-12-24 09:00:00+09:00,6210.0,6360.0,6180.0,6240.0,98700
2021-12-27 09:00:00+09:00,6100.0,6210.0,6080.0,6210.0,91900
2021-12-28 09:00:00+09:00,6150.0,6180.0,5960.0,6150.0,165200
2021-12-29 09:00:00+09:00,6220.0,6230.0,6040.0,6050.0,107200
2021-12-30 09:00:00+09:00,6090.0,6220.0,6080.0,6180.0,103000
2022-01-04 09:00:00+09:00,6070.0,6190.0,5990.0,6190.0,92500
2022-01-05 09:00:00+09:00,5550.0,5910.0,5500.0,5910.0,478000
2022-01-06 09:00:00+09:00,5020.0,5380.0,4985.0,5370.0,600400
2022-01-07 09:00:00+09:00,4895.0,5140.0,4720.0,5120.0,581700
2022-01-11 09:00:00+09:00,4700.0,4795.0,4525.0,4790.0,637000
2022-01-12 09:00:00+09:00,5170.0,5180.0,4870.0,4890.0,325900
2022-01-13 09:00:00+09:00,4900.0,5090.0,4900.0,5010.0,286200
2022-01-14 09:00:00+09:00,4685.0,4795.0,4650.0,4690.0,349800
2022-01-17 09:00:00+09:00,4645.0,4770.0,4545.0,4615.0,242400
2022-01-18 09:00:00+09:00,4780.0,4950.0,4585.0,4715.0,274600
2022-01-19 09:00:00+09:00,4690.0,4910.0,4665.0,4695.0,367500
2022-01-20 09:00:00+09:00,4875.0,4900.0,4675.0,4690.0,273800
2022-01-21 09:00:00+09:00,4930.0,4970.0,4740.0,4770.0,372900
2022-01-24 09:00:00+09:00,5090.0,5150.0,4835.0,4900.0,365000
2022-01-25 09:00:00+09:00,4665.0,5160.0,4635.0,5120.0,453700
2022-01-26 09:00:00+09:00,4770.0,4840.0,4575.0,4595.0,360500
2022-01-27 09:00:00+09:00,4070.0,4620.0,4070.0,4620.0,1271800
2022-01-28 09:00:00+09:00,4200.0,4550.0,4020.0,4490.0,2480500
2022-01-31 09:00:00+09:00,4770.0,4900.0,4075.0,4250.0,1695600
2022-02-01 09:00:00+09:00,4920.0,5170.0,4825.0,4960.0,751600
2022-02-02 09:00:00+09:00,5390.0,5420.0,4845.0,5000.0,547200
2022-02-03 09:00:00+09:00,5060.0,5370.0,5000.0,5200.0,362500
2022-02-04 09:00:00+09:00,5000.0,5140.0,4865.0,4960.0,353600
2022-02-07 09:00:00+09:00,4920.0,5020.0,4750.0,4905.0,316200
2022-02-08 09:00:00+09:00,4810.0,5120.0,4790.0,4920.0,345300
2022-02-09 09:00:00+09:00,4830.0,4970.0,4720.0,4855.0,309800
2022-02-10 09:00:00+09:00,4825.0,5090.0,4750.0,5000.0,257000
2022-02-14 09:00:00+09:00,4500.0,4710.0,4485.0,4685.0,267100
2022-02-15 09:00:00+09:00,4550.0,4580.0,4435.0,4520.0,131100
2022-02-16 09:00:00+09:00,4590.0,4745.0,4515.0,4740.0,177200
2022-02-17 09:00:00+09:00,4555.0,4745.0,4455.0,4635.0,289600
2022-02-18 09:00:00+09:00,4435.0,4490.0,4310.0,4480.0,265500
2022-02-21 09:00:00+09:00,4310.0,4355.0,4210.0,4295.0,151900
2022-02-22 09:00:00+09:00,4255.0,4390.0,4185.0,4200.0,159500
2022-02-24 09:00:00+09:00,4015.0,4275.0,4000.0,4220.0,262100
2022-02-25 09:00:00+09:00,4270.0,4325.0,4160.0,4280.0,244700
2022-02-28 09:00:00+09:00,4275.0,4340.0,4080.0,4200.0,212200
2022-03-01 09:00:00+09:00,4655.0,4680.0,4320.0,4360.0,201100
2022-03-02 09:00:00+09:00,4530.0,4680.0,4460.0,4615.0,231100
2022-03-03 09:00:00+09:00,4410.0,4600.0,4355.0,4565.0,208500
2022-03-04 09:00:00+09:00,4160.0,4315.0,4115.0,4280.0,208000
2022-03-07 09:00:00+09:00,3820.0,3985.0,3785.0,3955.0,260500
2022-03-08 09:00:00+09:00,3690.0,3865.0,3630.0,3740.0,303100
2022-03-09 09:00:00+09:00,3590.0,3845.0,3580.0,3845.0,191900
2022-03-10 09:00:00+09:00,3655.0,3760.0,3620.0,3730.0,138400
2022-03-11 09:00:00+09:00,3295.0,3375.0,3195.0,3375.0,500100
2022-03-14 09:00:00+09:00,3145.0,3285.0,3110.0,3280.0,391700
2022-03-15 09:00:00+09:00,3215.0,3245.0,2991.0,3075.0,437400
2022-03-16 09:00:00+09:00,3295.0,3415.0,3140.0,3355.0,422900
2022-03-17 09:00:00+09:00,3580.0,3675.0,3440.0,3505.0,492000
2022-03-18 09:00:00+09:00,3705.0,3730.0,3600.0,3600.0,249800
2022-03-22 09:00:00+09:00,3590.0,3745.0,3545.0,3740.0,252300
2022-03-23 09:00:00+09:00,3870.0,3965.0,3700.0,3700.0,314400
2022-03-24 09:00:00+09:00,3960.0,3975.0,3750.0,3775.0,160200
2022-03-25 09:00:00+09:00,3985.0,4065.0,3900.0,4005.0,210100
2022-03-28 09:00:00+09:00,3595.0,3855.0,3595.0,3850.0,378300
2022-03-29 09:00:00+09:00,3775.0,3870.0,3640.0,3700.0,263600
2022-03-30 09:00:00+09:00,3910.0,4030.0,3880.0,3915.0,261900
2022-03-31 09:00:00+09:00,3945.0,3960.0,3810.0,3840.0,181800
2022-04-01 09:00:00+09:00,3975.0,4040.0,3820.0,3940.0,184800
2022-04-04 09:00:00+09:00,4300.0,4325.0,4030.0,4030.0,278000
2022-04-05 09:00:00+09:00,4440.0,4550.0,4335.0,4510.0,439000
2022-04-06 09:00:00+09:00,4480.0,4535.0,4280.0,4350.0,267900
2022-04-07 09:00:00+09:00,4350.0,4530.0,4315.0,4390.0,387400
2022-04-08 09:00:00+09:00,4415.0,4515.0,4360.0,4455.0,224000
2022-04-11 09:00:00+09:00,4095.0,4280.0,4015.0,4240.0,252600
2022-04-12 09:00:00+09:00,4050.0,4165.0,3980.0,4025.0,159800
2022-04-13 09:00:00+09:00,4185.0,4255.0,4010.0,4025.0,208100
2022-04-14 09:00:00+09:00,4200.0,4350.0,4110.0,4350.0,175500
2022-04-15 09:00:00+09:00,4035.0,4125.0,3930.0,4080.0,278800
2022-04-18 09:00:00+09:00,3940.0,4030.0,3890.0,3965.0,137700
2022-04-19 09:00:00+09:00,3780.0,4020.0,3765.0,3965.0,254500
2022-04-20 09:00:00+09:00,3720.0,3865.0,3680.0,3815.0,155000
2022-04-21 09:00:00+09:00,3580.0,3725.0,3575.0,3650.0,281600
2022-04-22 09:00:00+09:00,3460.0,3530.0,3410.0,3510.0,248700
2022-04-25 09:00:00+09:00,3495.0,3520.0,3360.0,3400.0,147400
2022-04-26 09:00:00+09:00,3670.0,3700.0,3535.0,3600.0,232700
2022-04-27 09:00:00+09:00,3555.0,3595.0,3435.0,3550.0,240900
2022-04-28 09:00:00+09:00,3385.0,3525.0,3340.0,3485.0,316400
2022-05-02 09:00:00+09:00,3380.0,3475.0,3310.0,3340.0,219800
2022-05-06 09:00:00+09:00,3290.0,3340.0,3200.0,3290.0,193800
2022-05-09 09:00:00+09:00,3280.0,3365.0,3240.0,3250.0,186900
2022-05-10 09:00:00+09:00,3205.0,3245.0,3050.0,3220.0,405800
2022-05-11 09:00:00+09:00,3230.0,3290.0,3090.0,3160.0,272700
2022-05-12 09:00:00+09:00,2904.0,3100.0,2900.0,3100.0,460700
2022-05-13 09:00:00+09:00,3100.0,3135.0,2956.0,2979.0,563200
2022-05-16 09:00:00+09:00,3500.0,3555.0,3250.0,3310.0,721300
2022-05-17 09:00:00+09:00,3455.0,3535.0,3110.0,3250.0,651800
2022-05-18 09:00:00+09:00,3525.0,3650.0,3455.0,3540.0,345700
2022-05-19 09:00:00+09:00,3460.0,3485.0,3320.0,3345.0,303200
2022-05-20 09:00:00+09:00,3400.0,3540.0,3305.0,3520.0,497900
2022-05-23 09:00:00+09:00,3785.0,3800.0,3400.0,3405.0,510900
2022-05-24 09:00:00+09:00,3550.0,3765.0,3550.0,3685.0,340200
2022-05-25 09:00:00+09:00,3405.0,3495.0,3380.0,3490.0,250000
2022-05-26 09:00:00+09:00,3430.0,3550.0,3350.0,3375.0,266900
2022-05-27 09:00:00+09:00,3295.0,3515.0,3280.0,3500.0,312600
2022-05-30 09:00:00+09:00,3630.0,3675.0,3400.0,3400.0,435000
2022-05-31 09:00:00+09:00,3625.0,3740.0,3565.0,3685.0,234800
2022-06-01 09:00:00+09:00,3755.0,3935.0,3590.0,3635.0,339500
2022-06-02 09:00:00+09:00,3510.0,3655.0,3510.0,3620.0,295500
2022-06-03 09:00:00+09:00,3735.0,3770.0,3650.0,3650.0,273100
2022-06-06 09:00:00+09:00,3880.0,3890.0,3540.0,3595.0,280200
2022-06-07 09:00:00+09:00,3805.0,3880.0,3785.0,3880.0,224900
2022-06-08 09:00:00+09:00,4075.0,4115.0,3945.0,3945.0,316100
2022-06-09 09:00:00+09:00,4255.0,4355.0,4085.0,4120.0,388000
2022-06-10 09:00:00+09:00,3895.0,4070.0,3880.0,4020.0,531400
2022-06-13 09:00:00+09:00,3640.0,3785.0,3615.0,3700.0,299300
2022-06-14 09:00:00+09:00,3895.0,3990.0,3505.0,3525.0,416300
2022-06-15 09:00:00+09:00,3840.0,3965.0,3825.0,3825.0,242900
2022-06-16 09:00:00+09:00,3620.0,4010.0,3620.0,4010.0,243400
2022-06-17 09:00:00+09:00,3545.0,3600.0,3435.0,3515.0,298800
2022-06-20 09:00:00+09:00,3540.0,3650.0,3455.0,3615.0,244900
2022-06-21 09:00:00+09:00,3655.0,3720.0,3550.0,3590.0,190600
2022-06-22 09:00:00+09:00,3540.0,3725.0,3530.0,3705.0,181800
2022-06-23 09:00:00+09:00,3540.0,3660.0,3525.0,3570.0,184600
2022-06-24 09:00:00+09:00,3880.0,3905.0,3655.0,3655.0,343100
2022-06-27 09:00:00+09:00,3925.0,4020.0,3870.0,3950.0,318000
2022-06-28 09:00:00+09:00,3935.0,3940.0,3860.0,3875.0,226700
2022-06-29 09:00:00+09:00,3920.0,3940.0,3805.0,3820.0,241900
2022-06-30 09:00:00+09:00,3805.0,4035.0,3800.0,3960.0,207100
2022-07-01 09:00:00+09:00,3785.0,3920.0,3750.0,3865.0,219000
2022-07-04 09:00:00+09:00,3960.0,3990.0,3825.0,3845.0,200500
2022-07-05 09:00:00+09:00,4085.0,4120.0,3970.0,4000.0,296600
2022-07-06 09:00:00+09:00,4250.0,4365.0,4200.0,4225.0,388400
2022-07-07 09:00:00+09:00,4235.0,4570.0,4230.0,4365.0,533600
2022-07-08 09:00:00+09:00,4480.0,4530.0,4225.0,4360.0,397900
2022-07-11 09:00:00+09:00,4195.0,4600.0,4195.0,4550.0,327800
2022-07-12 09:00:00+09:00,4125.0,4240.0,4070.0,4125.0,252900
2022-07-13 09:00:00+09:00,4140.0,4235.0,4045.0,4080.0,187400
2022-07-14 09:00:00+09:00,4200.0,4240.0,4100.0,4160.0,204400
2022-07-15 09:00:00+09:00,4190.0,4265.0,4110.0,4185.0,149200
2022-07-19 09:00:00+09:00,4260.0,4265.0,4145.0,4260.0,116100
2022-07-20 09:00:00+09:00,4370.0,4385.0,4305.0,4330.0,179400
2022-07-21 09:00:00+09:00,4545.0,4665.0,4450.0,4450.0,356700
2022-07-22 09:00:00+09:00,4420.0,4560.0,4415.0,4545.0,212200
2022-07-25 09:00:00+09:00,4290.0,4425.0,4285.0,4350.0,138000
2022-07-26 09:00:00+09:00,4305.0,4335.0,4230.0,4290.0,164800
2022-07-27 09:00:00+09:00,4260.0,4360.0,4230.0,4300.0,159600
2022-07-28 09:00:00+09:00,3750.0,3995.0,3750.0,3990.0,961700
2022-07-29 09:00:00+09:00,3800.0,3925.0,3790.0,3820.0,486700
2022-08-01 09:00:00+09:00,3730.0,3810.0,3660.0,3750.0,281100
2022-08-02 09:00:00+09:00,3655.0,3790.0,3655.0,3715.0,248200
2022-08-03 09:00:00+09:00,3760.0,3760.0,3655.0,3700.0,198300
2022-08-04 09:00:00+09:00,3830.0,3860.0,3755.0,3850.0,208800
2022-08-05 09:00:00+09:00,3950.0,3980.0,3870.0,3880.0,292700
2022-08-08 09:00:00+09:00,3910.0,3930.0,3850.0,3900.0,161700
2022-08-09 09:00:00+09:00,3875.0,3945.0,3830.0,3930.0,118100
2022-08-10 09:00:00+09:00,3760.0,3925.0,3740.0,3895.0,164500
2022-08-12 09:00:00+09:00,3915.0,3925.0,3810.0,3830.0,196900
2022-08-15 09:00:00+09:00,3960.0,3980.0,3905.0,3965.0,100300
2022-08-16 09:00:00+09:00,4340.0,4345.0,4010.0,4010.0,463200
2022-08-17 09:00:00+09:00,4350.0,4415.0,4195.0,4245.0,238600
2022-08-18 09:00:00+09:00,4285.0,4310.0,4155.0,4250.0,184400
2022-08-19 09:00:00+09:00,4320.0,4435.0,4300.0,4335.0,247300
2022-08-22 09:00:00+09:00,4120.0,4225.0,4100.0,4210.0,235300
2022-08-23 09:00:00+09:00,4085.0,4100.0,3985.0,4075.0,148200
2022-08-24 09:00:00+09:00,4040.0,4185.0,4025.0,4085.0,205700
2022-08-25 09:00:00+09:00,4120.0,4125.0,4050.0,4050.0,109800
2022-08-26 09:00:00+09:00,4045.0,4165.0,4010.0,4155.0,165800
2022-08-29 09:00:00+09:00,3885.0,3895.0,3790.0,3835.0,241600
2022-08-30 09:00:00+09:00,3920.0,3935.0,3865.0,3920.0,116400
2022-08-31 09:00:00+09:00,3860.0,3895.0,3820.0,3865.0,186400
2022-09-01 09:00:00+09:00,3680.0,3815.0,3670.0,3805.0,263000
2022-09-02 09:00:00+09:00,3530.0,3705.0,3505.0,3685.0,423800
2022-09-05 09:00:00+09:00,3650.0,3655.0,3450.0,3470.0,200300
2022-09-06 09:00:00+09:00,3645.0,3715.0,3555.0,3620.0,168200
2022-09-07 09:00:00+09:00,3495.0,3620.0,3480.0,3620.0,230500
2022-09-08 09:00:00+09:00,3470.0,3590.0,3455.0,3565.0,213300
2022-09-09 09:00:00+09:00,3525.0,3580.0,3470.0,3500.0,214600
2022-09-12 09:00:00+09:00,3645.0,3670.0,3535.0,3595.0,170500
2022-09-13 09:00:00+09:00,3670.0,3700.0,3625.0,3685.0,109700
2022-09-14 09:00:00+09:00,3540.0,3550.0,3455.0,3465.0,184100
2022-09-15 09:00:00+09:00,3605.0,3625.0,3525.0,3595.0,93900
2022-09-16 09:00:00+09:00,3555.0,3665.0,3545.0,3630.0,121000
2022-09-20 09:00:00+09:00,3490.0,3595.0,3455.0,3580.0,132000
2022-09-21 09:00:00+09:00,3390.0,3470.0,3350.0,3460.0,132900
2022-09-22 09:00:00+09:00,3420.0,3480.0,3330.0,3350.0,115000
2022-09-26 09:00:00+09:00,3335.0,3390.0,3335.0,3390.0,118500
2022-09-27 09:00:00+09:00,3470.0,3485.0,3380.0,3400.0,107000
2022-09-28 09:00:00+09:00,3550.0,3570.0,3460.0,3495.0,225200
2022-09-29 09:00:00+09:00,3790.0,3820.0,3640.0,3690.0,411200
2022-09-30 09:00:00+09:00,3585.0,3765.0,3585.0,3745.0,147900
2022-10-03 09:00:00+09:00,3660.0,3710.0,3510.0,3650.0,99200
2022-10-04 09:00:00+09:00,3705.0,3720.0,3645.0,3695.0,145600
2022-10-05 09:00:00+09:00,3695.0,3795.0,3640.0,3775.0,90000
2022-10-06 09:00:00+09:00,3745.0,3745.0,3645.0,3645.0,101100
2022-10-07 09:00:00+09:00,3605.0,3710.0,3590.0,3695.0,112800
2022-10-11 09:00:00+09:00,3440.0,3515.0,3430.0,3505.0,172200
2022-10-12 09:00:00+09:00,3430.0,3465.0,3355.0,3445.0,122400
2022-10-13 09:00:00+09:00,3330.0,3430.0,3315.0,3430.0,124800
2022-10-14 09:00:00+09:00,3375.0,3390.0,3300.0,3370.0,164000
2022-10-17 09:00:00+09:00,3250.0,3310.0,3180.0,3300.0,214900
2022-10-18 09:00:00+09:00,3425.0,3460.0,3330.0,3345.0,223700
2022-10-19 09:00:00+09:00,3385.0,3440.0,3360.0,3435.0,98800
2022-10-20 09:00:00+09:00,3440.0,3475.0,3320.0,3340.0,126800
2022-10-21 09:00:00+09:00,3355.0,3480.0,3350.0,3440.0,106100
2022-10-24 09:00:00+09:00,3345.0,3405.0,3300.0,3385.0,150000
2022-10-25 09:00:00+09:00,3350.0,3410.0,3325.0,3345.0,128600
2022-10-26 09:00:00+09:00,3490.0,3535.0,3410.0,3420.0,267300
2022-10-27 09:00:00+09:00,3315.0,3485.0,3290.0,3445.0,536100
2022-10-28 09:00:00+09:00,3240.0,3300.0,3180.0,3265.0,210300
2022-10-31 09:00:00+09:00,3180.0,3295.0,3165.0,3280.0,186900
2022-11-01 09:00:00+09:00,3110.0,3200.0,3110.0,3180.0,151600
2022-11-02 09:00:00+09:00,3010.0,3095.0,3000.0,3080.0,211400
2022-11-04 09:00:00+09:00,2949.0,2974.0,2917.0,2960.0,301000
2022-11-07 09:00:00+09:00,3015.0,3035.0,2935.0,2949.0,130700
2022-11-08 09:00:00+09:00,3000.0,3050.0,2983.0,3005.0,174200
2022-11-09 09:00:00+09:00,2938.0,3035.0,2932.0,3000.0,195200
2022-11-10 09:00:00+09:00,2847.0,2941.0,2837.0,2930.0,343300
2022-11-11 09:00:00+09:00,3055.0,3090.0,2934.0,2947.0,505600
2022-11-14 09:00:00+09:00,3210.0,3250.0,3045.0,3100.0,310900
2022-11-15 09:00:00+09:00,3140.0,3235.0,3115.0,3150.0,166500
2022-11-16 09:00:00+09:00,3180.0,3220.0,3125.0,3160.0,157800
2022-11-17 09:00:00+09:00,3095.0,3180.0,3065.0,3130.0,124500
2022-11-18 09:00:00+09:00,3035.0,3095.0,3000.0,3095.0,144400
2022-11-21 09:00:00+09:00,3050.0,3070.0,2971.0,2994.0,83300
2022-11-22 09:00:00+09:00,2993.0,3075.0,2993.0,3055.0,80100
2022-11-24 09:00:00+09:00,3060.0,3120.0,3045.0,3085.0,98600
2022-11-25 09:00:00+09:00,3095.0,3155.0,3090.0,3110.0,88300
2022-11-28 09:00:00+09:00,3115.0,3125.0,3020.0,3045.0,97700
2022-11-29 09:00:00+09:00,3140.0,3145.0,3025.0,3050.0,125000
2022-11-30 09:00:00+09:00,3095.0,3145.0,3065.0,3130.0,121500
2022-12-01 09:00:00+09:00,3115.0,3260.0,3115.0,3200.0,189200
2022-12-02 09:00:00+09:00,3095.0,3200.0,3095.0,3135.0,102600
2022-12-05 09:00:00+09:00,3010.0,3130.0,2995.0,3110.0,99400
2022-12-06 09:00:00+09:00,2996.0,3055.0,2966.0,3000.0,160100
2022-12-07 09:00:00+09:00,3100.0,3135.0,2995.0,3000.0,159700
2022-12-08 09:00:00+09:00,3030.0,3135.0,3010.0,3115.0,108800
2022-12-09 09:00:00+09:00,3095.0,3125.0,3050.0,3085.0,104300
2022-12-12 09:00:00+09:00,3055.0,3110.0,3055.0,3080.0,58500
2022-12-13 09:00:00+09:00,3020.0,3125.0,3010.0,3100.0,82500
2022-12-14 09:00:00+09:00,3030.0,3130.0,3030.0,3080.0,129700
2022-12-15 09:00:00+09:00,3030.0,3035.0,2996.0,3030.0,104400
2022-12-16 09:00:00+09:00,2994.0,3010.0,2952.0,2960.0,122200
2022-12-19 09:00:00+09:00,2935.0,2957.0,2892.0,2949.0,224200
2022-12-20 09:00:00+09:00,2651.0,2886.0,2646.0,2885.0,523200
2022-12-21 09:00:00+09:00,2748.0,2830.0,2591.0,2642.0,447500
2022-12-22 09:00:00+09:00,2662.0,2784.0,2627.0,2698.0,308100
2022-12-23 09:00:00+09:00,2616.0,2644.0,2596.0,2625.0,148100
2022-12-26 09:00:00+09:00,2517.0,2603.0,2511.0,2585.0,267700
2022-12-27 09:00:00+09:00,2569.0,2623.0,2512.0,2517.0,255300
2022-12-28 09:00:00+09:00,2533.0,2555.0,2489.0,2524.0,205100
2022-12-29 09:00:00+09:00,2530.0,2564.0,2511.0,2527.0,104200
2022-12-30 09:00:00+09:00,2596.0,2678.0,2570.0,2620.0,154000
2023-01-04 09:00:00+09:00,2586.0,2672.0,2577.0,2602.0,116500
2023-01-05 09:00:00+09:00,2578.0,2668.0,2577.0,2608.0,126100
2023-01-06 09:00:00+09:00,2596.0,2599.0,2520.0,2550.0,82700
2023-01-10 09:00:00+09:00,2619.0,2660.0,2593.0,2620.0,81300
2023-01-11 09:00:00+09:00,2648.0,2682.0,2625.0,2651.0,75100
2023-01-12 09:00:00+09:00,2629.0,2698.0,2602.0,2678.0,79700
2023-01-13 09:00:00+09:00,2613.0,2627.0,2578.0,2590.0,95000
2023-01-16 09:00:00+09:00,2575.0,2619.0,2558.0,2565.0,62200
2023-01-17 09:00:00+09:00,2558.0,2598.0,2558.0,2569.0,48600
2023-01-18 09:00:00+09:00,2640.0,2647.0,2547.0,2604.0,116400
2023-01-19 09:00:00+09:00,2636.0,2656.0,2595.0,2640.0,72200
2023-01-20 09:00:00+09:00,2604.0,2646.0,2586.0,2629.0,68200
2023-01-23 09:00:00+09:00,2750.0,2758.0,2642.0,2643.0,218200
2023-01-24 09:00:00+09:00,2873.0,2912.0,2807.0,2850.0,361300
2023-01-25 09:00:00+09:00,2866.0,2908.0,2762.0,2802.0,204800
2023-01-26 09:00:00+09:00,2683.0,2838.0,2609.0,2701.0,963000
2023-01-27 09:00:00+09:00,2730.0,2868.0,2702.0,2745.0,580400
2023-01-30 09:00:00+09:00,2737.0,2873.0,2726.0,2763.0,370400
2023-01-31 09:00:00+09:00,2676.0,2730.0,2631.0,2710.0,272300
2023-02-01 09:00:00+09:00,2768.0,2783.0,2696.0,2697.0,227800
2023-02-02 09:00:00+09:00,2736.0,2848.0,2724.0,2802.0,162100
2023-02-03 09:00:00+09:00,2813.0,2815.0,2729.0,2745.0,157700
2023-02-06 09:00:00+09:00,2799.0,2817.0,2711.0,2726.0,217600
2023-02-07 09:00:00+09:00,2829.0,2830.0,2763.0,2767.0,86800
2023-02-08 09:00:00+09:00,2742.0,2835.0,2741.0,2835.0,130800
2023-02-09 09:00:00+09:00,2748.0,2763.0,2712.0,2716.0,80900
2023-02-10 09:00:00+09:00,2705.0,2732.0,2637.0,2717.0,158600
2023-02-13 09:00:00+09:00,2635.0,2672.0,2622.0,2657.0,106100
2023-02-14 09:00:00+09:00,2865.0,2965.0,2765.0,2767.0,926600
2023-02-15 09:00:00+09:00,2742.0,2948.0,2718.0,2915.0,419000
2023-02-16 09:00:00+09:00,2799.0,2810.0,2746.0,2757.0,182900
2023-02-17 09:00:00+09:00,2776.0,2880.0,2750.0,2750.0,215000
2023-02-20 09:00:00+09:00,2716.0,2753.0,2652.0,2741.0,288100
2023-02-21 09:00:00+09:00,2605.0,2692.0,2603.0,2690.0,309700
2023-02-22 09:00:00+09:00,2549.0,2570.0,2530.0,2560.0,225000
2023-02-24 09:00:00+09:00,2513.0,2542.0,2480.0,2540.0,194500
2023-02-27 09:00:00+09:00,2375.0,2481.0,2375.0,2476.0,339700
2023-02-28 09:00:00+09:00,2420.0,2486.0,2396.0,2403.0,312700
2023-03-01 09:00:00+09:00,2379.0,2405.0,2350.0,2405.0,165600
2023-03-02 09:00:00+09:00,2380.0,2380.0,2340.0,2350.0,123900
2023-03-03 09:00:00+09:00,2382.0,2442.0,2375.0,2392.0,146400
2023-03-06 09:00:00+09:00,2377.0,2426.0,2377.0,2420.0,129400
2023-03-07 09:00:00+09:00,2430.0,2434.0,2360.0,2380.0,109800
2023-03-08 09:00:00+09:00,2420.0,2430.0,2390.0,2415.0,128600
2023-03-09 09:00:00+09:00,2491.0,2509.0,2411.0,2435.0,173900
2023-03-10 09:00:00+09:00,2458.0,2515.0,2435.0,2484.0,130700
2023-03-13 09:00:00+09:00,2425.0,2461.0,2388.0,2421.0,128600
2023-03-14 09:00:00+09:00,2369.0,2454.0,2350.0,2420.0,165000
2023-03-15 09:00:00+09:00,2314.0,2411.0,2303.0,2382.0,164800
2023-03-16 09:00:00+09:00,2288.0,2309.0,2222.0,2301.0,188100
2023-03-17 09:00:00+09:00,2365.0,2370.0,2279.0,2288.0,119200
2023-03-20 09:00:00+09:00,2305.0,2409.0,2295.0,2396.0,112400
2023-03-22 09:00:00+09:00,2437.0,2503.0,2388.0,2397.0,341300
2023-03-23 09:00:00+09:00,2535.0,2539.0,2388.0,2447.0,172000
2023-03-24 09:00:00+09:00,2552.0,2554.0,2470.0,2535.0,150100
2023-03-27 09:00:00+09:00,2530.0,2576.0,2508.0,2540.0,114600
2023-03-28 09:00:00+09:00,2455.0,2520.0,2451.0,2520.0,111300
2023-03-29 09:00:00+09:00,2460.0,2482.0,2411.0,2426.0,90300
2023-03-30 09:00:00+09:00,2455.0,2503.0,2448.0,2454.0,121000
2023-03-31 09:00:00+09:00,2410.0,2491.0,2403.0,2479.0,77300
2023-04-03 09:00:00+09:00,2508.0,2536.0,2460.0,2460.0,123000
2023-04-04 09:00:00+09:00,2474.0,2483.0,2426.0,2483.0,79700
2023-04-05 09:00:00+09:00,2375.0,2459.0,2349.0,2459.0,179800
2023-04-06 09:00:00+09:00,2413.0,2423.0,2347.0,2365.0,130800
2023-04-07 09:00:00+09:00,2439.0,2482.0,2404.0,2433.0,122600
2023-04-10 09:00:00+09:00,2479.0,2480.0,2428.0,2445.0,76700
2023-04-11 09:00:00+09:00,2538.0,2664.0,2513.0,2520.0,345100
2023-04-12 09:00:00+09:00,2486.0,2523.0,2467.0,2523.0,141200
2023-04-13 09:00:00+09:00,2467.0,2480.0,2380.0,2444.0,217500
2023-04-14 09:00:00+09:00,2504.0,2550.0,2486.0,2501.0,169900
2023-04-17 09:00:00+09:00,2567.0,2583.0,2492.0,2507.0,150100
2023-04-18 09:00:00+09:00,2601.0,2630.0,2582.0,2597.0,151500
2023-04-19 09:00:00+09:00,2659.0,2682.0,2622.0,2647.0,230400
2023-04-20 09:00:00+09:00,2615.0,2665.0,2601.0,2645.0,120600
2023-04-21 09:00:00+09:00,2580.0,2651.0,2566.0,2638.0,154500
2023-04-24 09:00:00+09:00,2679.0,2725.0,2637.0,2650.0,219000
2023-04-25 09:00:00+09:00,2696.0,2710.0,2661.0,2683.0,89300
2023-04-26 09:00:00+09:00,2614.0,2670.0,2589.0,2660.0,180100
2023-04-27 09:00:00+09:00,2562.0,2638.0,2542.0,2600.0,185200
2023-04-28 09:00:00+09:00,2603.0,2605.0,2551.0,2586.0,132200
2023-05-01 09:00:00+09:00,2567.0,2655.0,2556.0,2638.0,97500
2023-05-02 09:00:00+09:00,2549.0,2575.0,2495.0,2555.0,110900
2023-05-08 09:00:00+09:00,2651.0,2663.0,2582.0,2599.0,140200
2023-05-09 09:00:00+09:00,2729.0,2760.0,2666.0,2686.0,228600
2023-05-10 09:00:00+09:00,2723.0,2784.0,2704.0,2750.0,118600
2023-05-11 09:00:00+09:00,2770.0,2801.0,2727.0,2734.0,152500
2023-05-12 09:00:00+09:00,2796.0,2800.0,2736.0,2750.0,186400
2023-05-15 09:00:00+09:00,3220.0,3235.0,2918.0,2946.0,1115200
2023-05-16 09:00:00+09:00,3230.0,3355.0,3105.0,3215.0,487900
2023-05-17 09:00:00+09:00,3150.0,3300.0,3135.0,3230.0,246400
2023-05-18 09:00:00+09:00,3155.0,3190.0,3095.0,3135.0,116400
2023-05-19 09:00:00+09:00,3130.0,3190.0,3090.0,3185.0,133000
2023-05-22 09:00:00+09:00,3225.0,3235.0,3120.0,3145.0,129500
2023-05-23 09:00:00+09:00,3200.0,3320.0,3130.0,3295.0,223600
2023-05-24 09:00:00+09:00,3100.0,3175.0,3085.0,3175.0,154700
2023-05-25 09:00:00+09:00,3190.0,3225.0,3090.0,3100.0,170700
2023-05-26 09:00:00+09:00,3250.0,3260.0,3110.0,3165.0,130400
2023-05-29 09:00:00+09:00,3285.0,3350.0,3235.0,3345.0,131800
2023-05-30 09:00:00+09:00,3475.0,3480.0,3270.0,3300.0,367000
2023-05-31 09:00:00+09:00,3375.0,3510.0,3350.0,3510.0,229200
2023-06-01 09:00:00+09:00,3355.0,3375.0,3250.0,3370.0,135500
2023-06-02 09:00:00+09:00,3305.0,3370.0,3245.0,3370.0,128600
2023-06-05 09:00:00+09:00,3445.0,3475.0,3260.0,3330.0,272600
2023-06-06 09:00:00+09:00,3630.0,3710.0,3480.0,3485.0,539200
2023-06-07 09:00:00+09:00,3570.0,3635.0,3485.0,3630.0,311700
2023-06-08 09:00:00+09:00,3680.0,3740.0,3510.0,3545.0,474600
2023-06-09 09:00:00+09:00,3775.0,3850.0,3680.0,3710.0,469100
2023-06-12 09:00:00+09:00,3990.0,4100.0,3795.0,3815.0,612100
2023-06-13 09:00:00+09:00,4090.0,4180.0,4000.0,4080.0,460300
2023-06-14 09:00:00+09:00,3940.0,4105.0,3885.0,4100.0,339800
2023-06-15 09:00:00+09:00,3910.0,4030.0,3880.0,3965.0,279600
2023-06-16 09:00:00+09:00,4050.0,4135.0,3920.0,3940.0,416900
2023-06-19 09:00:00+09:00,4100.0,4255.0,4000.0,4110.0,392300
2023-06-20 09:00:00+09:00,4055.0,4140.0,3965.0,4140.0,295200
2023-06-21 09:00:00+09:00,3955.0,4065.0,3955.0,4050.0,186900
2023-06-22 09:00:00+09:00,3900.0,4030.0,3900.0,3950.0,238100
2023-06-23 09:00:00+09:00,3855.0,3985.0,3670.0,3945.0,355500
2023-06-26 09:00:00+09:00,3820.0,3850.0,3715.0,3785.0,220700
2023-06-27 09:00:00+09:00,3615.0,3775.0,3565.0,3775.0,428400
2023-06-28 09:00:00+09:00,3635.0,3735.0,3620.0,3735.0,176100
2023-06-29 09:00:00+09:00,3690.0,3820.0,3645.0,3730.0,223200
2023-06-30 09:00:00+09:00,3815.0,3835.0,3645.0,3690.0,232200
2023-07-03 09:00:00+09:00,3870.0,3885.0,3770.0,3785.0,185500
2023-07-04 09:00:00+09:00,3825.0,3845.0,3730.0,3845.0,206600
2023-07-05 09:00:00+09:00,3705.0,3835.0,3690.0,3825.0,155000
2023-07-06 09:00:00+09:00,3580.0,3695.0,3520.0,3635.0,234800
2023-07-07 09:00:00+09:00,3490.0,3560.0,3465.0,3510.0,194200
2023-07-10 09:00:00+09:00,3420.0,3460.0,3370.0,3440.0,245100
2023-07-11 09:00:00+09:00,3430.0,3485.0,3375.0,3455.0,116500
2023-07-12 09:00:00+09:00,3340.0,3420.0,3320.0,3405.0,128600
2023-07-13 09:00:00+09:00,3390.0,3410.0,3320.0,3340.0,147300
2023-07-14 09:00:00+09:00,3445.0,3490.0,3385.0,3430.0,145400
2023-07-18 09:00:00+09:00,3360.0,3490.0,3340.0,3475.0,166800
2023-07-19 09:00:00+09:00,3380.0,3400.0,3330.0,3360.0,110900
2023-07-20 09:00:00+09:00,3295.0,3340.0,3260.0,3320.0,153300
2023-07-21 09:00:00+09:00,3280.0,3330.0,3230.0,3260.0,182000
2023-07-24 09:00:00+09:00,3360.0,3360.0,3245.0,3285.0,153200
2023-07-25 09:00:00+09:00,3545.0,3545.0,3340.0,3360.0,271200
2023-07-26 09:00:00+09:00,3690.0,3695.0,3520.0,3575.0,452400
2023-07-27 09:00:00+09:00,3960.0,4160.0,3800.0,3800.0,1734200
2023-07-28 09:00:00+09:00,3940.0,3975.0,3805.0,3960.0,555300
2023-07-31 09:00:00+09:00,4255.0,4285.0,4115.0,4120.0,707900
2023-08-01 09:00:00+09:00,4575.0,4610.0,4300.0,4300.0,793600
2023-08-02 09:00:00+09:00,4435.0,4615.0,4435.0,4525.0,581900
2023-08-03 09:00:00+09:00,4545.0,4580.0,4345.0,4365.0,473000
2023-08-04 09:00:00+09:00,4895.0,4940.0,4545.0,4545.0,948800
2023-08-07 09:00:00+09:00,5200.0,5270.0,4810.0,4855.0,775300
2023-08-08 09:00:00+09:00,5210.0,5320.0,5040.0,5140.0,526600
2023-08-09 09:00:00+09:00,5180.0,5280.0,5020.0,5200.0,406800
2023-08-10 09:00:00+09:00,4980.0,5140.0,4845.0,5080.0,559000
2023-08-14 09:00:00+09:00,4955.0,5090.0,4895.0,4985.0,215500
2023-08-15 09:00:00+09:00,4735.0,4995.0,4680.0,4955.0,432600
2023-08-16 09:00:00+09:00,4730.0,4860.0,4665.0,4705.0,297700
2023-08-17 09:00:00+09:00,4545.0,4665.0,4405.0,4665.0,397200
2023-08-18 09:00:00+09:00,4375.0,4640.0,4375.0,4590.0,407700
2023-08-21 09:00:00+09:00,4530.0,4680.0,4420.0,4445.0,352100
2023-08-22 09:00:00+09:00,4530.0,4660.0,4435.0,4600.0,281800
2023-08-23 09:00:00+09:00,4620.0,4685.0,4520.0,4540.0,244600
2023-08-24 09:00:00+09:00,4620.0,4845.0,4590.0,4815.0,284300
2023-08-25 09:00:00+09:00,4725.0,4730.0,4480.0,4510.0,211700
2023-08-28 09:00:00+09:00,4790.0,4805.0,4690.0,4795.0,180700
2023-08-29 09:00:00+09:00,4955.0,4955.0,4765.0,4805.0,201400
2023-08-30 09:00:00+09:00,4940.0,5080.0,4885.0,5080.0,235100
2023-08-31 09:00:00+09:00,5060.0,5170.0,4915.0,4980.0,244500
2023-09-01 09:00:00+09:00,5050.0,5060.0,4905.0,5030.0,248600
2023-09-04 09:00:00+09:00,5380.0,5420.0,5090.0,5130.0,339600
2023-09-05 09:00:00+09:00,5690.0,5690.0,5320.0,5390.0,417300
2023-09-06 09:00:00+09:00,5680.0,5800.0,5570.0,5760.0,337200
2023-09-07 09:00:00+09:00,5460.0,5540.0,5340.0,5530.0,324700
2023-09-08 09:00:00+09:00,5260.0,5530.0,5250.0,5490.0,176300
2023-09-11 09:00:00+09:00,5050.0,5270.0,5050.0,5270.0,159800
2023-09-12 09:00:00+09:00,5240.0,5240.0,5100.0,5140.0,142300
2023-09-13 09:00:00+09:00,5250.0,5420.0,5170.0,5220.0,132400
2023-09-14 09:00:00+09:00,5260.0,5290.0,5120.0,5220.0,107600
2023-09-15 09:00:00+09:00,5450.0,5470.0,5240.0,5300.0,153200
2023-09-19 09:00:00+09:00,5430.0,5530.0,5350.0,5520.0,132300
2023-09-20 09:00:00+09:00,5090.0,5450.0,5090.0,5400.0,171600
2023-09-21 09:00:00+09:00,5140.0,5180.0,5000.0,5020.0,97600
2023-09-22 09:00:00+09:00,5170.0,5320.0,5040.0,5040.0,116300
2023-09-25 09:00:00+09:00,5100.0,5320.0,5070.0,5220.0,130400
2023-09-26 09:00:00+09:00,4820.0,5100.0,4820.0,5030.0,334200
2023-09-27 09:00:00+09:00,4670.0,4785.0,4550.0,4680.0,426700
2023-09-28 09:00:00+09:00,4715.0,4900.0,4580.0,4730.0,278800
2023-09-29 09:00:00+09:00,4835.0,5040.0,4805.0,4855.0,276900
2023-10-02 09:00:00+09:00,4760.0,5070.0,4760.0,4900.0,281000
2023-10-03 09:00:00+09:00,4780.0,4945.0,4780.0,4900.0,263300
2023-10-04 09:00:00+09:00,4485.0,4720.0,4470.0,4640.0,323500
2023-10-05 09:00:00+09:00,4500.0,4650.0,4455.0,4550.0,235200
2023-10-06 09:00:00+09:00,4450.0,4550.0,4385.0,4550.0,154300
2023-10-10 09:00:00+09:00,4600.0,4600.0,4435.0,4475.0,142500
2023-10-11 09:00:00+09:00,4530.0,4705.0,4505.0,4660.0,115600
2023-10-12 09:00:00+09:00,4910.0,4910.0,4515.0,4540.0,181300
2023-10-13 09:00:00+09:00,4550.0,4910.0,4550.0,4770.0,332700
2023-10-16 09:00:00+09:00,4420.0,4490.0,4335.0,4400.0,205400
2023-10-17 09:00:00+09:00,4360.0,4530.0,4280.0,4450.0,264600
2023-10-18 09:00:00+09:00,4295.0,4460.0,4150.0,4430.0,360100
2023-10-19 09:00:00+09:00,4105.0,4275.0,4105.0,4190.0,253400
2023-10-20 09:00:00+09:00,4000.0,4060.0,3855.0,3920.0,312500
2023-10-23 09:00:00+09:00,3795.0,4000.0,3785.0,3960.0,365300
2023-10-24 09:00:00+09:00,3900.0,3925.0,3660.0,3795.0,476900
2023-10-25 09:00:00+09:00,3870.0,3980.0,3865.0,3960.0,300200
2023-10-26 09:00:00+09:00,3940.0,4105.0,3745.0,3870.0,1034300
2023-10-27 09:00:00+09:00,4220.0,4220.0,3910.0,4010.0,510100
2023-10-30 09:00:00+09:00,4225.0,4325.0,4145.0,4150.0,384800
2023-10-31 09:00:00+09:00,4190.0,4230.0,4035.0,4210.0,305500
2023-11-01 09:00:00+09:00,4070.0,4340.0,4065.0,4220.0,309000
2023-11-02 09:00:00+09:00,4455.0,4455.0,4165.0,4165.0,378800
2023-11-06 09:00:00+09:00,4970.0,5090.0,4635.0,4650.0,753800
2023-11-07 09:00:00+09:00,4865.0,4940.0,4735.0,4830.0,423800
2023-11-08 09:00:00+09:00,4695.0,5090.0,4675.0,5010.0,382400
2023-11-09 09:00:00+09:00,4765.0,4780.0,4570.0,4710.0,292300
2023-11-10 09:00:00+09:00,4630.0,4670.0,4530.0,4625.0,232700
2023-11-13 09:00:00+09:00,4530.0,4700.0,4460.0,4675.0,279700
2023-11-14 09:00:00+09:00,4300.0,4540.0,4295.0,4535.0,351600
2023-11-15 09:00:00+09:00,4730.0,4760.0,4545.0,4570.0,556100
2023-11-16 09:00:00+09:00,4645.0,4790.0,4610.0,4670.0,349500
2023-11-17 09:00:00+09:00,4375.0,4585.0,4320.0,4575.0,486300
2023-11-20 09:00:00+09:00,4320.0,4375.0,4260.0,4325.0,422000
2023-11-21 09:00:00+09:00,4250.0,4315.0,4150.0,4315.0,339000
2023-11-22 09:00:00+09:00,4185.0,4275.0,4130.0,4215.0,253100
2023-11-24 09:00:00+09:00,4280.0,4330.0,4185.0,4220.0,300700
2023-11-27 09:00:00+09:00,4430.0,4580.0,4395.0,4420.0,488400
2023-11-28 09:00:00+09:00,4650.0,4665.0,4405.0,4405.0,528600
2023-11-29 09:00:00+09:00,4645.0,4725.0,4535.0,4645.0,274600
2023-11-30 09:00:00+09:00,4710.0,4785.0,4565.0,4590.0,412800
2023-12-01 09:00:00+09:00,4480.0,4610.0,4465.0,4595.0,402100
2023-12-04 09:00:00+09:00,4700.0,4700.0,4450.0,4525.0,294100
2023-12-05 09:00:00+09:00,4465.0,4690.0,4465.0,4675.0,329700
2023-12-06 09:00:00+09:00,4340.0,4475.0,4335.0,4465.0,336800
2023-12-07 09:00:00+09:00,4025.0,4275.0,4025.0,4245.0,556900
2023-12-08 09:00:00+09:00,4060.0,4125.0,3950.0,3955.0,251600
2023-12-11 09:00:00+09:00,4150.0,4230.0,4120.0,4140.0,244500
2023-12-12 09:00:00+09:00,4060.0,4210.0,4045.0,4185.0,185800
2023-12-13 09:00:00+09:00,4200.0,4210.0,4045.0,4045.0,258100
2023-12-14 09:00:00+09:00,4250.0,4395.0,4230.0,4360.0,280800
2023-12-15 09:00:00+09:00,4280.0,4330.0,4110.0,4210.0,200900
2023-12-18 09:00:00+09:00,4145.0,4235.0,4125.0,4235.0,148400
2023-12-19 09:00:00+09:00,4350.0,4350.0,4090.0,4125.0,198600
2023-12-20 09:00:00+09:00,4295.0,4360.0,4255.0,4360.0,197600
2023-12-21 09:00:00+09:00,4305.0,4340.0,4220.0,4225.0,113500
2023-12-22 09:00:00+09:00,4245.0,4370.0,4245.0,4340.0,113300
2023-12-25 09:00:00+09:00,4280.0,4335.0,4205.0,4215.0,108300
2023-12-26 09:00:00+09:00,4275.0,4450.0,4270.0,4280.0,199500
2023-12-27 09:00:00+09:00,4475.0,4475.0,4320.0,4320.0,250000
2023-12-28 09:00:00+09:00,4450.0,4535.0,4410.0,4510.0,211800
2023-12-29 09:00:00+09:00,4355.0,4485.0,4325.0,4420.0,147700
2024-01-04 09:00:00+09:00,4375.0,4420.0,4200.0,4245.0,210000
2024-01-05 09:00:00+09:00,4260.0,4395.0,4215.0,4350.0,265300
2024-01-09 09:00:00+09:00,4265.0,4310.0,4175.0,4270.0,197700
2024-01-10 09:00:00+09:00,4380.0,4415.0,4210.0,4265.0,212900
2024-01-11 09:00:00+09:00,4330.0,4385.0,4290.0,4380.0,183400
2024-01-12 09:00:00+09:00,4295.0,4430.0,4255.0,4400.0,105800
2024-01-15 09:00:00+09:00,4215.0,4260.0,4205.0,4260.0,35500
2024-01-16 09:00:00+09:00,4400.0,4530.0,4365.0,4415.0,288500
2024-01-17 09:00:00+09:00,4130.0,4400.0,4130.0,4400.0,479900
2024-01-18 09:00:00+09:00,4035.0,4140.0,4015.0,4090.0,206000
2024-01-19 09:00:00+09:00,4030.0,4080.0,4010.0,4045.0,165000
2024-01-22 09:00:00+09:00,3995.0,4145.0,3980.0,4040.0,290900
2024-01-23 09:00:00+09:00,3980.0,4110.0,3950.0,4035.0,289700
2024-01-24 09:00:00+09:00,4025.0,4045.0,3960.0,3975.0,168700
2024-01-25 09:00:00+09:00,4120.0,4120.0,3930.0,4000.0,417500
2024-01-26 09:00:00+09:00,4170.0,4355.0,4065.0,4115.0,633200
2024-01-29 09:00:00+09:00,4010.0,4100.0,3990.0,4100.0,290100
2024-01-30 09:00:00+09:00,3975.0,4050.0,3950.0,4030.0,245400
2024-01-31 09:00:00+09:00,4020.0,4025.0,3865.0,3955.0,296400
2024-02-01 09:00:00+09:00,3945.0,4000.0,3925.0,3950.0,179000
2024-02-02 09:00:00+09:00,3900.0,3980.0,3900.0,3960.0,178400
2024-02-05 09:00:00+09:00,3950.0,3950.0,3875.0,3895.0,143800
2024-02-06 09:00:00+09:00,3900.0,3945.0,3880.0,3935.0,136500
2024-02-07 09:00:00+09:00,3810.0,3915.0,3810.0,3900.0,199900
2024-02-08 09:00:00+09:00,3820.0,3840.0,3720.0,3810.0,201700
2024-02-09 09:00:00+09:00,3740.0,3880.0,3740.0,3820.0,129400
2024-02-13 09:00:00+09:00,3950.0,3955.0,3795.0,3795.0,345500
2024-02-14 09:00:00+09:00,3910.0,3940.0,3810.0,3880.0,244600
2024-02-15 09:00:00+09:00,3850.0,4125.0,3810.0,4125.0,579400
2024-02-16 09:00:00+09:00,4050.0,4080.0,3770.0,3880.0,495800
2024-02-19 09:00:00+09:00,3880.0,4010.0,3870.0,3980.0,271200
2024-02-20 09:00:00+09:00,3800.0,3940.0,3765.0,3910.0,237900
2024-02-21 09:00:00+09:00,3700.0,3775.0,3675.0,3770.0,222000
2024-02-22 09:00:00+09:00,3685.0,3745.0,3615.0,3715.0,179800
2024-02-26 09:00:00+09:00,3995.0,4045.0,3700.0,3730.0,523400
2024-02-27 09:00:00+09:00,3970.0,4020.0,3920.0,4015.0,175400
2024-02-28 09:00:00+09:00,4100.0,4160.0,3965.0,4000.0,284200
2024-02-29 09:00:00+09:00,4170.0,4195.0,4075.0,4085.0,209100
2024-03-01 09:00:00+09:00,4240.0,4275.0,4125.0,4190.0,245500
2024-03-04 09:00:00+09:00,4020.0,4210.0,3980.0,4210.0,345300
2024-03-05 09:00:00+09:00,3830.0,3950.0,3790.0,3950.0,416100
2024-03-06 09:00:00+09:00,3760.0,3800.0,3740.0,3775.0,279800
2024-03-07 09:00:00+09:00,3620.0,3770.0,3600.0,3770.0,441700
2024-03-08 09:00:00+09:00,3480.0,3570.0,3475.0,3570.0,345600
2024-03-11 09:00:00+09:00,3400.0,3500.0,3360.0,3415.0,333500
2024-03-12 09:00:00+09:00,3605.0,3630.0,3305.0,3370.0,359400
2024-03-13 09:00:00+09:00,3530.0,3620.0,3520.0,3585.0,245400
2024-03-14 09:00:00+09:00,3500.0,3545.0,3395.0,3500.0,231500
2024-03-15 09:00:00+09:00,3465.0,3480.0,3410.0,3480.0,199500
2024-03-18 09:00:00+09:00,3595.0,3625.0,3450.0,3450.0,183700
2024-03-19 09:00:00+09:00,3510.0,3590.0,3485.0,3545.0,109500
2024-03-21 09:00:00+09:00,3550.0,3590.0,3525.0,3530.0,128500
2024-03-22 09:00:00+09:00,3575.0,3590.0,3515.0,3545.0,111900
2024-03-25 09:00:00+09:00,3450.0,3575.0,3450.0,3535.0,184500
2024-03-26 09:00:00+09:00,3335.0,3445.0,3295.0,3400.0,341500
2024-03-27 09:00:00+09:00,3285.0,3345.0,3280.0,3345.0,135500
2024-03-28 09:00:00+09:00,3330.0,3365.0,3250.0,3255.0,205800
2024-03-29 09:00:00+09:00,3390.0,3480.0,3330.0,3340.0,212100
2024-04-01 09:00:00+09:00,3415.0,3510.0,3390.0,3445.0,242400
2024-04-02 09:00:00+09:00,3215.0,3300.0,3205.0,3300.0,304000
2024-04-03 09:00:00+09:00,3205.0,3225.0,3150.0,3170.0,136000
2024-04-04 09:00:00+09:00,3170.0,3245.0,3135.0,3220.0,210400
2024-04-05 09:00:00+09:00,3155.0,3180.0,3115.0,3125.0,173800
2024-04-08 09:00:00+09:00,3180.0,3200.0,3140.0,3170.0,95700
2024-04-09 09:00:00+09:00,3200.0,3240.0,3165.0,3200.0,107900
2024-04-10 09:00:00+09:00,3165.0,3235.0,3150.0,3195.0,75000
2024-04-11 09:00:00+09:00,3110.0,3135.0,3095.0,3135.0,111900
2024-04-12 09:00:00+09:00,3135.0,3160.0,3105.0,3130.0,97900
2024-04-15 09:00:00+09:00,3140.0,3185.0,3090.0,3110.0,110800
2024-04-16 09:00:00+09:00,3095.0,3135.0,3045.0,3075.0,152500
2024-04-17 09:00:00+09:00,2934.0,3095.0,2908.0,3095.0,332900
2024-04-18 09:00:00+09:00,2996.0,3080.0,2931.0,2934.0,333000
2024-04-19 09:00:00+09:00,3010.0,3050.0,2934.0,2996.0,208300
2024-04-22 09:00:00+09:00,3070.0,3085.0,3010.0,3010.0,87300
2024-04-23 09:00:00+09:00,3035.0,3070.0,3005.0,3070.0,108100
2024-04-24 09:00:00+09:00,2983.0,3095.0,2971.0,3075.0,141700
2024-04-25 09:00:00+09:00,2856.0,2996.0,2856.0,2958.0,228100
2024-04-26 09:00:00+09:00,2929.0,2929.0,2866.0,2885.0,192900
2024-04-30 09:00:00+09:00,2916.0,2960.0,2906.0,2956.0,108600
2024-05-01 09:00:00+09:00,2998.0,3035.0,2902.0,2904.0,176200
2024-05-02 09:00:00+09:00,3045.0,3100.0,3005.0,3050.0,146700
2024-05-07 09:00:00+09:00,3100.0,3140.0,3020.0,3045.0,188200
2024-05-08 09:00:00+09:00,3030.0,3130.0,3025.0,3075.0,109600
2024-05-09 09:00:00+09:00,3090.0,3130.0,3010.0,3070.0,161100
2024-05-10 09:00:00+09:00,3110.0,3160.0,3050.0,3080.0,231100
2024-05-13 09:00:00+09:00,3110.0,3320.0,3010.0,3280.0,635900
2024-05-14 09:00:00+09:00,3030.0,3130.0,3000.0,3060.0,224700
2024-05-15 09:00:00+09:00,3010.0,3090.0,2988.0,3060.0,207200
2024-05-16 09:00:00+09:00,2956.0,3020.0,2948.0,3010.0,122200
2024-05-17 09:00:00+09:00,2882.0,2950.0,2882.0,2950.0,157800
2024-05-20 09:00:00+09:00,2925.0,2965.0,2840.0,2861.0,144700
2024-05-21 09:00:00+09:00,2776.0,2917.0,2776.0,2897.0,289500
2024-05-22 09:00:00+09:00,2779.0,2784.0,2696.0,2740.0,227400
2024-05-23 09:00:00+09:00,2731.0,2746.0,2697.0,2730.0,217000
2024-05-24 09:00:00+09:00,2641.0,2674.0,2611.0,2666.0,243600
2024-05-27 09:00:00+09:00,2716.0,2716.0,2632.0,2642.0,138900
2024-05-28 09:00:00+09:00,2637.0,2711.0,2635.0,2699.0,164000
2024-05-29 09:00:00+09:00,2525.0,2596.0,2520.0,2596.0,229500
2024-05-30 09:00:00+09:00,2517.0,2543.0,2466.0,2483.0,301500
2024-05-31 09:00:00+09:00,2717.0,2747.0,2519.0,2567.0,425800
2024-06-03 09:00:00+09:00,2762.0,2850.0,2723.0,2847.0,275600
2024-06-04 09:00:00+09:00,3010.0,3020.0,2762.0,2762.0,411100
2024-06-05 09:00:00+09:00,2926.0,3095.0,2907.0,2922.0,369200
2024-06-06 09:00:00+09:00,2924.0,2954.0,2880.0,2943.0,158800
2024-06-07 09:00:00+09:00,3065.0,3095.0,2930.0,2939.0,239200
2024-06-10 09:00:00+09:00,3060.0,3095.0,3015.0,3030.0,127700
2024-06-11 09:00:00+09:00,3095.0,3160.0,3045.0,3110.0,160400
2024-06-12 09:00:00+09:00,3125.0,3160.0,3095.0,3100.0,120800
2024-06-13 09:00:00+09:00,3210.0,3260.0,3160.0,3160.0,245500
2024-06-14 09:00:00+09:00,3200.0,3275.0,3150.0,3165.0,173700
2024-06-17 09:00:00+09:00,3245.0,3260.0,3165.0,3190.0,132900
2024-06-18 09:00:00+09:00,3145.0,3270.0,3090.0,3245.0,257500
2024-06-19 09:00:00+09:00,3200.0,3230.0,3135.0,3170.0,153000
2024-06-20 09:00:00+09:00,3355.0,3405.0,3240.0,3245.0,393200
2024-06-21 09:00:00+09:00,3300.0,3395.0,3260.0,3320.0,196800
2024-06-24 09:00:00+09:00,3240.0,3360.0,3240.0,3325.0,148700
2024-06-25 09:00:00+09:00,3240.0,3255.0,3180.0,3190.0,95200
2024-06-26 09:00:00+09:00,3335.0,3335.0,3230.0,3250.0,108300
2024-06-27 09:00:00+09:00,3460.0,3460.0,3305.0,3315.0,221700
2024-06-28 09:00:00+09:00,3385.0,3490.0,3380.0,3480.0,118400
2024-07-01 09:00:00+09:00,3200.0,3450.0,3200.0,3385.0,211500
2024-07-02 09:00:00+09:00,3270.0,3275.0,3195.0,3195.0,141900
2024-07-03 09:00:00+09:00,3675.0,3790.0,3595.0,3595.0,934400
2024-07-04 09:00:00+09:00,3600.0,3755.0,3560.0,3715.0,322300
2024-07-05 09:00:00+09:00,3870.0,3870.0,3525.0,3565.0,409800
2024-07-08 09:00:00+09:00,3730.0,3810.0,3680.0,3800.0,349400
2024-07-09 09:00:00+09:00,3690.0,3780.0,3670.0,3740.0,150800
2024-07-10 09:00:00+09:00,3705.0,3805.0,3700.0,3705.0,131500
2024-07-11 09:00:00+09:00,3650.0,3760.0,3630.0,3670.0,219900
2024-07-12 09:00:00+09:00,3835.0,3965.0,3670.0,3680.0,380000
2024-07-16 09:00:00+09:00,3960.0,3990.0,3905.0,3960.0,242200
2024-07-17 09:00:00+09:00,4055.0,4065.0,3980.0,3995.0,244700
2024-07-18 09:00:00+09:00,3930.0,4030.0,3930.0,4005.0,148600
2024-07-19 09:00:00+09:00,3960.0,3975.0,3900.0,3930.0,99700
2024-07-22 09:00:00+09:00,3770.0,3950.0,3770.0,3915.0,231500
2024-07-23 09:00:00+09:00,3880.0,3910.0,3795.0,3855.0,129700
2024-07-24 09:00:00+09:00,3830.0,3970.0,3830.0,3915.0,97300
2024-07-25 09:00:00+09:00,3770.0,3820.0,3720.0,3760.0,139100
2024-07-26 09:00:00+09:00,3830.0,3920.0,3700.0,3710.0,121600
2024-07-29 09:00:00+09:00,3795.0,3910.0,3760.0,3830.0,161400
2024-07-30 09:00:00+09:00,3780.0,3820.0,3710.0,3795.0,95300
2024-07-31 09:00:00+09:00,3630.0,3775.0,3590.0,3725.0,252600
2024-08-01 09:00:00+09:00,3550.0,3680.0,3520.0,3620.0,185200
2024-08-02 09:00:00+09:00,3300.0,3380.0,3260.0,3340.0,248900
2024-08-05 09:00:00+09:00,2810.0,3110.0,2756.0,3070.0,325200
2024-08-06 09:00:00+09:00,3150.0,3205.0,2962.0,3010.0,224900
2024-08-07 09:00:00+09:00,3295.0,3325.0,3110.0,3145.0,193500
2024-08-08 09:00:00+09:00,3340.0,3440.0,3245.0,3250.0,141000
2024-08-09 09:00:00+09:00,3305.0,3385.0,3265.0,3340.0,133300
2024-08-13 09:00:00+09:00,3455.0,3475.0,3225.0,3320.0,161100
2024-08-14 09:00:00+09:00,3685.0,3685.0,3520.0,3525.0,312300
2024-08-15 09:00:00+09:00,3110.0,3260.0,3035.0,3200.0,860600
2024-08-16 09:00:00+09:00,3285.0,3300.0,3075.0,3180.0,455500
2024-08-19 09:00:00+09:00,3185.0,3355.0,3185.0,3260.0,257800
2024-08-20 09:00:00+09:00,3425.0,3435.0,3220.0,3245.0,284900
2024-08-21 09:00:00+09:00,3390.0,3540.0,3390.0,3470.0,199700
2024-08-22 09:00:00+09:00,3610.0,3615.0,3445.0,3460.0,379100
2024-08-23 09:00:00+09:00,3425.0,3595.0,3350.0,3575.0,419700
2024-08-26 09:00:00+09:00,3535.0,3545.0,3370.0,3490.0,214400
2024-08-27 09:00:00+09:00,3465.0,3650.0,3465.0,3565.0,217200
2024-08-28 09:00:00+09:00,3260.0,3425.0,3215.0,3425.0,431400
2024-08-29 09:00:00+09:00,3210.0,3270.0,3210.0,3225.0,173900
2024-08-30 09:00:00+09:00,3300.0,3310.0,3215.0,3230.0,153600
2024-09-02 09:00:00+09:00,3380.0,3380.0,3310.0,3350.0,164200
2024-09-03 09:00:00+09:00,3500.0,3650.0,3375.0,3400.0,467400
2024-09-04 09:00:00+09:00,3415.0,3470.0,3330.0,3375.0,193800
2024-09-05 09:00:00+09:00,3620.0,3640.0,3365.0,3370.0,295300
2024-09-06 09:00:00+09:00,3465.0,3655.0,3405.0,3640.0,192300
2024-09-09 09:00:00+09:00,3415.0,3460.0,3270.0,3315.0,208800
2024-09-10 09:00:00+09:00,3405.0,3480.0,3395.0,3450.0,107800
2024-09-11 09:00:00+09:00,3365.0,3440.0,3320.0,3395.0,161200
2024-09-12 09:00:00+09:00,3310.0,3425.0,3290.0,3380.0,187900
2024-09-13 09:00:00+09:00,3150.0,3360.0,3145.0,3340.0,306600
2024-09-17 09:00:00+09:00,3135.0,3180.0,3075.0,3160.0,96100
2024-09-18 09:00:00+09:00,3025.0,3215.0,3010.0,3145.0,210100
2024-09-19 09:00:00+09:00,3035.0,3100.0,3035.0,3070.0,108000
2024-09-20 09:00:00+09:00,3130.0,3195.0,3100.0,3130.0,286500
2024-09-24 09:00:00+09:00,3015.0,3135.0,2976.0,3130.0,293500
2024-09-25 09:00:00+09:00,2996.0,3035.0,2990.0,2997.0,99500
2024-09-26 09:00:00+09:00,3100.0,3100.0,2997.0,2997.0,135000
2024-09-27 09:00:00+09:00,3185.0,3250.0,3120.0,3140.0,270200
2024-09-30 09:00:00+09:00,3000.0,3140.0,3000.0,3140.0,215400
2024-10-01 09:00:00+09:00,3065.0,3070.0,2955.0,3015.0,192600
2024-10-02 09:00:00+09:00,2991.0,3025.0,2963.0,3010.0,221100
2024-10-03 09:00:00+09:00,2984.0,3055.0,2983.0,3045.0,147700
2024-10-04 09:00:00+09:00,2951.0,3005.0,2951.0,2969.0,182700
2024-10-07 09:00:00+09:00,3010.0,3025.0,2947.0,2995.0,183400
2024-10-08 09:00:00+09:00,2915.0,3010.0,2898.0,3005.0,226100
2024-10-09 09:00:00+09:00,2988.0,3020.0,2935.0,2938.0,212400
2024-10-10 09:00:00+09:00,2915.0,3010.0,2915.0,3010.0,148900
2024-10-11 09:00:00+09:00,3030.0,3050.0,2930.0,2947.0,209900
2024-10-15 09:00:00+09:00,3045.0,3065.0,2986.0,3030.0,116200
2024-10-16 09:00:00+09:00,3035.0,3125.0,3000.0,3025.0,140800
2024-10-17 09:00:00+09:00,2969.0,3035.0,2931.0,3030.0,157500
2024-10-18 09:00:00+09:00,2903.0,2990.0,2895.0,2989.0,171300
2024-10-21 09:00:00+09:00,2985.0,3005.0,2902.0,2910.0,130100
2024-10-22 09:00:00+09:00,2857.0,2990.0,2857.0,2990.0,205000
2024-10-23 09:00:00+09:00,2850.0,2875.0,2820.0,2860.0,85100
2024-10-24 09:00:00+09:00,2849.0,2865.0,2781.0,2819.0,104300
2024-10-25 09:00:00+09:00,2849.0,2869.0,2802.0,2846.0,116800
2024-10-28 09:00:00+09:00,2892.0,2927.0,2820.0,2850.0,90100
2024-10-29 09:00:00+09:00,2943.0,2945.0,2892.0,2899.0,82900
2024-10-30 09:00:00+09:00,2935.0,2943.0,2885.0,2943.0,111300
2024-10-31 09:00:00+09:00,2953.0,2961.0,2890.0,2935.0,109600
2024-11-01 09:00:00+09:00,2893.0,2944.0,2886.0,2924.0,77500
2024-11-05 09:00:00+09:00,2844.0,2901.0,2820.0,2901.0,126600
2024-11-06 09:00:00+09:00,2899.0,2940.0,2850.0,2890.0,119200
2024-11-07 09:00:00+09:00,2885.0,2923.0,2854.0,2889.0,113400
2024-11-08 09:00:00+09:00,2890.0,2967.0,2884.0,2927.0,105700
2024-11-11 09:00:00+09:00,2896.0,2913.0,2865.0,2868.0,59400
2024-11-12 09:00:00+09:00,2870.0,2944.0,2839.0,2927.0,144500
2024-11-13 09:00:00+09:00,2870.0,2910.0,2863.0,2874.0,159100
2024-11-14 09:00:00+09:00,2747.0,2760.0,2550.0,2760.0,505100
2024-11-15 09:00:00+09:00,2840.0,2897.0,2750.0,2797.0,310500
2024-11-18 09:00:00+09:00,2617.0,2751.0,2590.0,2749.0,407500
2024-11-19 09:00:00+09:00,2545.0,2630.0,2532.0,2569.0,343700
2024-11-20 09:00:00+09:00,2543.0,2605.0,2536.0,2550.0,192000
2024-11-21 09:00:00+09:00,2639.0,2659.0,2589.0,2589.0,193900
2024-11-22 09:00:00+09:00,2731.0,2746.0,2661.0,2686.0,180200
2024-11-25 09:00:00+09:00,2618.0,2755.0,2618.0,2744.0,271100
2024-11-26 09:00:00+09:00,2675.0,2675.0,2592.0,2664.0,209200
2024-11-27 09:00:00+09:00,2728.0,2743.0,2650.0,2710.0,195200
2024-11-28 09:00:00+09:00,2668.0,2749.0,2641.0,2693.0,185100
2024-11-29 09:00:00+09:00,2602.0,2675.0,2602.0,2631.0,144100
2024-12-02 09:00:00+09:00,2602.0,2629.0,2573.0,2588.0,133900
2024-12-03 09:00:00+09:00,2613.0,2613.0,2580.0,2599.0,168900
2024-12-04 09:00:00+09:00,2586.0,2639.0,2540.0,2631.0,194900
2024-12-05 09:00:00+09:00,2639.0,2665.0,2580.0,2620.0,195100
2024-12-06 09:00:00+09:00,2602.0,2620.0,2550.0,2610.0,235400
2024-12-09 09:00:00+09:00,2773.0,2788.0,2649.0,2650.0,304500
2024-12-10 09:00:00+09:00,2780.0,2809.0,2733.0,2743.0,164300
2024-12-11 09:00:00+09:00,2802.0,2807.0,2727.0,2750.0,136500
2024-12-12 09:00:00+09:00,2882.0,2896.0,2829.0,2834.0,165200
2024-12-13 09:00:00+09:00,2858.0,2922.0,2851.0,2900.0,149800
2024-12-16 09:00:00+09:00,2842.0,2867.0,2800.0,2820.0,140700
2024-12-17 09:00:00+09:00,2784.0,2828.0,2714.0,2816.0,243700
2024-12-18 09:00:00+09:00,2580.0,2642.0,2571.0,2637.0,433100
2024-12-19 09:00:00+09:00,2391.0,2518.0,2391.0,2510.0,711000
2024-12-20 09:00:00+09:00,2395.0,2410.0,2357.0,2382.0,334000
2024-12-23 09:00:00+09:00,2356.0,2464.0,2356.0,2428.0,254700
2024-12-24 09:00:00+09:00,2290.0,2334.0,2284.0,2320.0,341800
2024-12-25 09:00:00+09:00,2332.0,2360.0,2295.0,2300.0,201300
2024-12-26 09:00:00+09:00,2310.0,2372.0,2296.0,2307.0,287200
2024-12-27 09:00:00+09:00,2310.0,2330.0,2293.0,2293.0,207000
2024-12-30 09:00:00+09:00,2277.0,2329.0,2261.0,2295.0,193600
2025-01-06 09:00:00+09:00,2200.0,2284.0,2194.0,2268.0,332800
2025-01-07 09:00:00+09:00,2152.0,2216.0,2152.0,2200.0,368800
2025-01-08 09:00:00+09:00,2176.0,2184.0,2114.0,2122.0,260500
2025-01-09 09:00:00+09:00,2173.0,2195.0,2130.0,2154.0,132000
2025-01-10 09:00:00+09:00,2217.0,2243.0,2152.0,2173.0,179200
2025-01-14 09:00:00+09:00,2200.0,2246.0,2152.0,2200.0,199100
2025-01-15 09:00:00+09:00,2191.0,2230.0,2182.0,2213.0,110700
2025-01-16 09:00:00+09:00,2280.0,2295.0,2191.0,2191.0,238700
2025-01-17 09:00:00+09:00,2257.0,2270.0,2199.0,2249.0,174700
2025-01-20 09:00:00+09:00,2239.0,2250.0,2205.0,2215.0,127600
2025-01-21 09:00:00+09:00,2210.0,2235.0,2201.0,2235.0,72400
2025-01-22 09:00:00+09:00,2116.0,2256.0,2116.0,2222.0,288400
2025-01-23 09:00:00+09:00,2151.0,2177.0,2105.0,2115.0,261700
2025-01-24 09:00:00+09:00,2200.0,2234.0,2138.0,2144.0,212500
2025-01-27 09:00:00+09:00,2288.0,2308.0,2221.0,2221.0,279400
2025-01-28 09:00:00+09:00,2336.0,2348.0,2276.0,2283.0,193400
2025-01-29 09:00:00+09:00,2541.0,2610.0,2344.0,2346.0,906200
2025-01-30 09:00:00+09:00,2820.0,2825.0,2427.0,2460.0,1115900
2025-01-31 09:00:00+09:00,2785.0,2826.0,2740.0,2796.0,494000
2025-02-03 09:00:00+09:00,2663.0,2792.0,2628.0,2752.0,298200
2025-02-04 09:00:00+09:00,2678.0,2730.0,2651.0,2661.0,132800
2025-02-05 09:00:00+09:00,2751.0,2751.0,2611.0,2634.0,147300
2025-02-06 09:00:00+09:00,2751.0,2815.0,2707.0,2751.0,175700
2025-02-07 09:00:00+09:00,2723.0,2775.0,2701.0,2727.0,111200
2025-02-10 09:00:00+09:00,2969.0,2995.0,2717.0,2747.0,391400
2025-02-12 09:00:00+09:00,3055.0,3070.0,2925.0,3000.0,259300
2025-02-13 09:00:00+09:00,3135.0,3190.0,2666.0,2735.0,679300
2025-02-14 09:00:00+09:00,2949.0,3185.0,2925.0,3175.0,246700
2025-02-17 09:00:00+09:00,3005.0,3045.0,2930.0,2999.0,134500
2025-02-18 09:00:00+09:00,2887.0,2969.0,2875.0,2935.0,174400
2025-02-19 09:00:00+09:00,3010.0,3050.0,2868.0,2915.0,186300
2025-02-20 09:00:00+09:00,3025.0,3065.0,2971.0,2980.0,83200
2025-02-21 09:00:00+09:00,3000.0,3095.0,3000.0,3040.0,66000
2025-02-25 09:00:00+09:00,3045.0,3080.0,2905.0,2914.0,104400
2025-02-26 09:00:00+09:00,3060.0,3150.0,2906.0,3035.0,218400
2025-02-27 09:00:00+09:00,3245.0,3270.0,3100.0,3175.0,303600
2025-02-28 09:00:00+09:00,3195.0,3295.0,3040.0,3175.0,475700
2025-03-03 09:00:00+09:00,2955.0,3195.0,2954.0,3195.0,196400
2025-03-04 09:00:00+09:00,2740.0,2955.0,2717.0,2955.0,235400
2025-03-05 09:00:00+09:00,2767.0,2791.0,2729.0,2767.0,109800
2025-03-06 09:00:00+09:00,2742.0,2785.0,2702.0,2750.0,170200
2025-03-07 09:00:00+09:00,2703.0,2762.0,2703.0,2731.0,88600
2025-03-10 09:00:00+09:00,2857.0,2857.0,2734.0,2797.0,131800
2025-03-11 09:00:00+09:00,2818.0,2829.0,2759.0,2824.0,95900
2025-03-12 09:00:00+09:00,2681.0,2775.0,2675.0,2761.0,289900
2025-03-13 09:00:00+09:00,2673.0,2716.0,2669.0,2684.0,85100
2025-03-14 09:00:00+09:00,2726.0,2745.0,2674.0,2682.0,83900
2025-03-17 09:00:00+09:00,2790.0,2790.0,2708.0,2728.0,77600
2025-03-18 09:00:00+09:00,2849.0,2963.0,2794.0,2794.0,201200
2025-03-19 09:00:00+09:00,2858.0,2906.0,2840.0,2899.0,36000
2025-03-21 09:00:00+09:00,2840.0,2899.0,2839.0,2855.0,38600
2025-03-24 09:00:00+09:00,2939.0,2947.0,2845.0,2848.0,88500
2025-03-25 09:00:00+09:00,2977.0,2998.0,2904.0,2945.0,96800
2025-03-26 09:00:00+09:00,2887.0,2991.0,2887.0,2965.0,47300
2025-03-27 09:00:00+09:00,2843.0,2919.0,2843.0,2869.0,85100
2025-03-28 09:00:00+09:00,2819.0,2875.0,2819.0,2852.0,90600
2025-03-31 09:00:00+09:00,2743.0,2767.0,2692.0,2750.0,110300
2025-04-01 09:00:00+09:00,2683.0,2766.0,2646.0,2755.0,82500
2025-04-02 09:00:00+09:00,2706.0,2723.0,2660.0,2689.0,58800
2025-04-03 09:00:00+09:00,2736.0,2736.0,2615.0,2628.0,102700
2025-04-04 09:00:00+09:00,2603.0,2717.0,2547.0,2694.0,133600
2025-04-07 09:00:00+09:00,2266.0,2423.0,2260.0,2403.0,287800
2025-04-08 09:00:00+09:00,2445.0,2480.0,2366.0,2366.0,117700
2025-04-09 09:00:00+09:00,2404.0,2434.0,2340.0,2392.0,96600
2025-04-10 09:00:00+09:00,2590.0,2605.0,2503.0,2572.0,100300
2025-04-11 09:00:00+09:00,2626.0,2635.0,2512.0,2520.0,84100
2025-04-14 09:00:00+09:00,2615.0,2709.0,2610.0,2620.0,74400
2025-04-15 09:00:00+09:00,2580.0,2638.0,2580.0,2615.0,63200
2025-04-16 09:00:00+09:00,2485.0,2555.0,2443.0,2555.0,111100
2025-04-17 09:00:00+09:00,2553.0,2580.0,2460.0,2532.0,96700
2025-04-18 09:00:00+09:00,2602.0,2671.0,2530.0,2553.0,137100
2025-04-21 09:00:00+09:00,2615.0,2640.0,2576.0,2576.0,76700
2025-04-22 09:00:00+09:00,2606.0,2651.0,2552.0,2644.0,66400
2025-04-23 09:00:00+09:00,2620.0,2657.0,2593.0,2637.0,67700
2025-04-24 09:00:00+09:00,2638.0,2638.0,2570.0,2620.0,65800
2025-04-25 09:00:00+09:00,2690.0,2710.0,2658.0,2660.0,83200
2025-04-28 09:00:00+09:00,2783.0,2786.0,2690.0,2690.0,90800
2025-04-30 09:00:00+09:00,2854.0,2874.0,2802.0,2815.0,95200
2025-05-01 09:00:00+09:00,2829.0,2861.0,2757.0,2850.0,79100
2025-05-02 09:00:00+09:00,2803.0,2835.0,2747.0,2785.0,130800
2025-05-07 09:00:00+09:00,2686.0,2764.0,2677.0,2753.0,150600
2025-05-08 09:00:00+09:00,2680.0,2691.0,2591.0,2636.0,209200
2025-05-09 09:00:00+09:00,2717.0,2731.0,2631.0,2655.0,134500
2025-05-12 09:00:00+09:00,2675.0,2726.0,2639.0,2711.0,113100
2025-05-13 09:00:00+09:00,2692.0,2742.0,2687.0,2696.0,131100
2025-05-14 09:00:00+09:00,2735.0,2735.0,2650.0,2680.0,152800
2025-05-15 09:00:00+09:00,2958.0,3190.0,2926.0,3010.0,848400
2025-05-16 09:00:00+09:00,3090.0,3145.0,2958.0,2958.0,377100
2025-05-19 09:00:00+09:00,3040.0,3100.0,2968.0,3055.0,254000
2025-05-20 09:00:00+09:00,3035.0,3260.0,3010.0,3245.0,265400
2025-05-21 09:00:00+09:00,3030.0,3070.0,3005.0,3035.0,101800
2025-05-22 09:00:00+09:00,2978.0,3070.0,2971.0,3005.0,119700
2025-05-23 09:00:00+09:00,2996.0,3095.0,2959.0,3005.0,240700
2025-05-26 09:00:00+09:00,3145.0,3150.0,3005.0,3030.0,141300
2025-05-27 09:00:00+09:00,3145.0,3195.0,3105.0,3125.0,84800
2025-05-28 09:00:00+09:00,3115.0,3185.0,3110.0,3155.0,64000
2025-05-29 09:00:00+09:00,3115.0,3150.0,3100.0,3130.0,50600
2025-05-30 09:00:00+09:00,3105.0,3135.0,3050.0,3085.0,76600
2025-06-02 09:00:00+09:00,3070.0,3095.0,3055.0,3095.0,48400
2025-06-03 09:00:00+09:00,3290.0,3290.0,3090.0,3120.0,182100
2025-06-04 09:00:00+09:00,3315.0,3385.0,3250.0,3340.0,212800
2025-06-05 09:00:00+09:00,3320.0,3380.0,3305.0,3340.0,159000
2025-06-06 09:00:00+09:00,3260.0,3330.0,3250.0,3310.0,109000
2025-06-09 09:00:00+09:00,3275.0,3310.0,3210.0,3295.0,90400
2025-06-10 09:00:00+09:00,3250.0,3305.0,3230.0,3300.0,62900
2025-06-11 09:00:00+09:00,3245.0,3365.0,3220.0,3280.0,120300
2025-06-12 09:00:00+09:00,3250.0,3310.0,3210.0,3265.0,67100
2025-06-13 09:00:00+09:00,3065.0,3235.0,3045.0,3225.0,195000
2025-06-16 09:00:00+09:00,3095.0,3120.0,3005.0,3015.0,98100
2025-06-17 09:00:00+09:00,3065.0,3115.0,3035.0,3060.0,74000
2025-06-18 09:00:00+09:00,3065.0,3110.0,3040.0,3045.0,72400
2025-06-19 09:00:00+09:00,3015.0,3065.0,3015.0,3020.0,114200
2025-06-20 09:00:00+09:00,2991.0,3025.0,2913.0,3005.0,141000
2025-06-23 09:00:00+09:00,2977.0,2988.0,2932.0,2952.0,77700
2025-06-24 09:00:00+09:00,3075.0,3120.0,3020.0,3030.0,124400
2025-06-25 09:00:00+09:00,3085.0,3090.0,3025.0,3075.0,74900
2025-06-26 09:00:00+09:00,3055.0,3175.0,3010.0,3125.0,123500
2025-06-27 09:00:00+09:00,3040.0,3115.0,3035.0,3080.0,73800
2025-06-30 09:00:00+09:00,3140.0,3150.0,3075.0,3110.0,77400
2025-07-01 09:00:00+09:00,3315.0,3390.0,3160.0,3180.0,281300
2025-07-02 09:00:00+09:00,3250.0,3335.0,3210.0,3250.0,135000
2025-07-03 09:00:00+09:00,3250.0,3320.0,3190.0,3250.0,104700
2025-07-04 09:00:00+09:00,3280.0,3285.0,3200.0,3200.0,121500
2025-07-07 09:00:00+09:00,3265.0,3330.0,3240.0,3310.0,83900
2025-07-08 09:00:00+09:00,3230.0,3250.0,3055.0,3145.0,212800
2025-07-09 09:00:00+09:00,3285.0,3330.0,3220.0,3285.0,89500
2025-07-10 09:00:00+09:00,3295.0,3355.0,3270.0,3315.0,61800
2025-07-11 09:00:00+09:00,3200.0,3295.0,3200.0,3265.0,80100
2025-07-14 09:00:00+09:00,3070.0,3195.0,3055.0,3155.0,113600
2025-07-15 09:00:00+09:00,2950.0,3050.0,2950.0,3050.0,148300
2025-07-16 09:00:00+09:00,2940.0,2999.0,2930.0,2952.0,118300
2025-07-17 09:00:00+09:00,2940.0,3000.0,2870.0,2922.0,163100
2025-07-18 09:00:00+09:00,2915.0,2999.0,2915.0,2938.0,109400
2025-07-22 09:00:00+09:00,2899.0,3015.0,2880.0,2887.0,140500
2025-07-23 09:00:00+09:00,2881.0,2922.0,2841.0,2878.0,223600
2025-07-24 09:00:00+09:00,3010.0,3020.0,2920.0,2949.0,151900
2025-07-25 09:00:00+09:00,2989.0,3070.0,2979.0,3025.0,117000
2025-07-28 09:00:00+09:00,2960.0,3010.0,2950.0,2965.0,72400
2025-07-29 09:00:00+09:00,2966.0,3025.0,2950.0,2950.0,105200
2025-07-30 09:00:00+09:00,2990.0,2990.0,2926.0,2955.0,56700
2025-07-31 09:00:00+09:00,3025.0,3025.0,2976.0,2990.0,63000
2025-08-01 09:00:00+09:00,3050.0,3065.0,3010.0,3025.0,48800
2025-08-04 09:00:00+09:00,3035.0,3040.0,2980.0,3000.0,53400
2025-08-05 09:00:00+09:00,3075.0,3095.0,3045.0,3050.0,65900
2025-08-06 09:00:00+09:00,3030.0,3085.0,3000.0,3085.0,77400
2025-08-07 09:00:00+09:00,3090.0,3125.0,3040.0,3040.0,124500
2025-08-08 09:00:00+09:00,3075.0,3110.0,3040.0,3090.0,80700
2025-08-12 09:00:00+09:00,3055.0,3090.0,3020.0,3075.0,84900
2025-08-13 09:00:00+09:00,3080.0,3100.0,3010.0,3090.0,289900
2025-08-14 09:00:00+09:00,3685.0,3780.0,3410.0,3410.0,1399300
2025-08-15 09:00:00+09:00,3615.0,3895.0,3610.0,3850.0,559400
2025-08-18 09:00:00+09:00,3700.0,3715.0,3585.0,3600.0,385800
2025-08-19 09:00:00+09:00,3560.0,3675.0,3520.0,3670.0,294000
2025-08-20 09:00:00+09:00,3425.0,3565.0,3390.0,3565.0,204500
2025-08-21 09:00:00+09:00,3335.0,3405.0,3335.0,3380.0,104500
2025-08-22 09:00:00+09:00,3250.0,3310.0,3230.0,3300.0,143500
2025-08-25 09:00:00+09:00,3415.0,3415.0,3275.0,3280.0,142800
2025-08-26 09:00:00+09:00,3355.0,3410.0,3315.0,3400.0,97500
2025-08-27 09:00:00+09:00,3360.0,3410.0,3315.0,3380.0,135300
2025-08-28 09:00:00+09:00,3260.0,3345.0,3260.0,3340.0,106300
2025-08-29 09:00:00+09:00,3285.0,3305.0,3265.0,3270.0,76900
2025-09-01 09:00:00+09:00,3405.0,3440.0,3280.0,3290.0,134600
2025-09-02 09:00:00+09:00,3405.0,3450.0,3370.0,3410.0,112100
2025-09-03 09:00:00+09:00,3495.0,3515.0,3435.0,3440.0,182400
2025-09-04 09:00:00+09:00,3625.0,3655.0,3530.0,3530.0,175500
2025-09-05 09:00:00+09:00,3725.0,3765.0,3580.0,3610.0,219100
2025-09-08 09:00:00+09:00,3750.0,3775.0,3650.0,3705.0,246600
2025-09-09 09:00:00+09:00,3560.0,3775.0,3515.0,3770.0,285700
2025-09-10 09:00:00+09:00,3720.0,3735.0,3560.0,3615.0,287700
2025-09-11 09:00:00+09:00,3680.0,3760.0,3600.0,3755.0,163700
2025-09-12 09:00:00+09:00,3610.0,3730.0,3570.0,3730.0,133200
2025-09-16 09:00:00+09:00,3480.0,3565.0,3460.0,3550.0,180400
2025-09-17 09:00:00+09:00,3430.0,3515.0,3415.0,3500.0,120500
2025-09-18 09:00:00+09:00,3375.0,3430.0,3360.0,3410.0,131100
2025-09-19 09:00:00+09:00,3370.0,3440.0,3310.0,3415.0,152300
2025-09-22 09:00:00+09:00,3420.0,3470.0,3410.0,3430.0,90900
2025-09-24 09:00:00+09:00,3260.0,3360.0,3260.0,3360.0,149800
2025-09-25 09:00:00+09:00,3235.0,3300.0,3220.0,3260.0,140900
2025-09-26 09:00:00+09:00,3310.0,3380.0,3220.0,3240.0,234200
2025-09-29 09:00:00+09:00,3230.0,3370.0,3225.0,3340.0,160300
2025-09-30 09:00:00+09:00,3140.0,3230.0,3140.0,3230.0,126300
2025-10-01 09:00:00+09:00,3070.0,3110.0,3030.0,3110.0,142600
2025-10-02 09:00:00+09:00,3045.0,3160.0,3030.0,3115.0,150900
2025-10-03 09:00:00+09:00,3045.0,3100.0,3025.0,3050.0,94800
2025-10-06 09:00:00+09:00,3040.0,3110.0,3030.0,3100.0,147200
2025-10-07 09:00:00+09:00,3035.0,3070.0,3005.0,3070.0,118400
2025-10-08 09:00:00+09:00,3075.0,3090.0,3015.0,3035.0,105400
2025-10-09 09:00:00+09:00,2996.0,3095.0,2986.0,3035.0,138500
2025-10-10 09:00:00+09:00,3020.0,3035.0,2984.0,2985.0,132600
2025-10-14 09:00:00+09:00,2934.0,2968.0,2877.0,2900.0,212600
2025-10-15 09:00:00+09:00,2950.0,2984.0,2907.0,2907.0,155400
2025-10-16 09:00:00+09:00,3030.0,3080.0,3000.0,3000.0,141600
2025-10-17 09:00:00+09:00,3035.0,3060.0,3025.0,3040.0,109900
2025-10-20 09:00:00+09:00,3145.0,3180.0,3060.0,3080.0,156500
2025-10-21 09:00:00+09:00,3180.0,3205.0,3140.0,3145.0,88900
2025-10-22 09:00:00+09:00,3245.0,3250.0,3170.0,3205.0,127100
2025-10-23 09:00:00+09:00,3190.0,3230.0,3145.0,3215.0,106300
2025-10-24 09:00:00+09:00,3105.0,3175.0,3100.0,3140.0,106800
2025-10-27 09:00:00+09:00,3145.0,3175.0,3105.0,3140.0,70200
2025-10-28 09:00:00+09:00,3080.0,3145.0,3045.0,3145.0,64400
2025-10-29 09:00:00+09:00,2894.0,3080.0,2873.0,3060.0,233500
2025-10-30 09:00:00+09:00,2950.0,2979.0,2862.0,2889.0,276300
2025-10-31 09:00:00+09:00,3050.0,3050.0,2976.0,2997.0,120900
2025-11-04 09:00:00+09:00,2950.0,3030.0,2950.0,3005.0,119800
2025-11-05 09:00:00+09:00,2889.0,2922.0,2831.0,2913.0,177700
2025-11-06 09:00:00+09:00,2901.0,2958.0,2885.0,2915.0,122700
2025-11-07 09:00:00+09:00,2891.0,2961.0,2856.0,2890.0,137200
2025-11-10 09:00:00+09:00,2947.0,2947.0,2889.0,2906.0,82400
2025-11-11 09:00:00+09:00,2988.0,3015.0,2947.0,2997.0,161200
2025-11-12 09:00:00+09:00,3035.0,3085.0,2985.0,3015.0,305600
2025-11-13 09:00:00+09:00,3055.0,3085.0,2861.0,2865.0,496500
2025-11-14 09:00:00+09:00,2891.0,2977.0,2877.0,2935.0,291500
2025-11-17 09:00:00+09:00,2849.0,2889.0,2818.0,2871.0,167300
2025-11-18 09:00:00+09:00,2787.0,2835.0,2778.0,2810.0,137100
2025-11-19 09:00:00+09:00,2796.0,2838.0,2750.0,2781.0,76200
2025-11-20 09:00:00+09:00,2811.0,2864.0,2804.0,2815.0,64100
2025-11-21 09:00:00+09:00,2880.0,2880.0,2800.0,2800.0,93600
2025-11-25 09:00:00+09:00,2770.0,2878.0,2752.0,2877.0,169700
2025-11-26 09:00:00+09:00,2777.0,2808.0,2760.0,2788.0,103400
2025-11-27 09:00:00+09:00,2738.0,2803.0,2735.0,2776.0,119200
2025-11-28 09:00:00+09:00,2943.0,2977.0,2867.0,2888.0,687500
2025-12-01 09:00:00+09:00,2936.0,3030.0,2932.0,2993.0,362400
2025-12-02 09:00:00+09:00,2810.0,2958.0,2798.0,2914.0,271900
2025-12-03 09:00:00+09:00,2923.0,2938.0,2782.0,2813.0,212800
2025-12-04 09:00:00+09:00,2996.0,2998.0,2880.0,2893.0,247000
2025-12-05 09:00:00+09:00,3135.0,3275.0,3005.0,3015.0,546300
2025-12-08 09:00:00+09:00,3110.0,3200.0,3050.0,3130.0,239600
2025-12-09 09:00:00+09:00,3060.0,3125.0,3005.0,3110.0,132000
2025-12-10 09:00:00+09:00,3055.0,3070.0,3010.0,3055.0,82900
2025-12-11 09:00:00+09:00,3020.0,3075.0,2986.0,3065.0,91700
2025-12-12 09:00:00+09:00,3010.0,3030.0,2965.0,3000.0,121300
2025-12-15 09:00:00+09:00,3095.0,3130.0,2991.0,2999.0,141500
2025-12-16 09:00:00+09:00,3040.0,3105.0,3040.0,3080.0,62700
2025-12-17 09:00:00+09:00,3020.0,3075.0,2984.0,3065.0,104400
2025-12-18 09:00:00+09:00,2984.0,3040.0,2965.0,3020.0,95100
2025-12-19 09:00:00+09:00,2994.0,3025.0,2921.0,2953.0,111600
2025-12-22 09:00:00+09:00,2917.0,3030.0,2914.0,3025.0,133800
2025-12-23 09:00:00+09:00,2970.0,2970.0,2931.0,2939.0,75400
2025-12-24 09:00:00+09:00,3000.0,3035.0,2954.0,2970.0,87700
2025-12-25 09:00:00+09:00,3085.0,3155.0,3000.0,3030.0,165000
2025-12-26 09:00:00+09:00,3185.0,3185.0,3100.0,3110.0,144700
2025-12-29 09:00:00+09:00,3250.0,3285.0,3160.0,3200.0,188100
2025-12-30 09:00:00+09:00,3150.0,3250.0,3135.0,3250.0,110000
2026-01-05 09:00:00+09:00,3105.0,3200.0,3075.0,3200.0,98500
2026-01-06 09:00:00+09:00,3170.0,3170.0,3115.0,3115.0,85700
2026-01-07 09:00:00+09:00,3240.0,3260.0,3130.0,3150.0,154900
2026-01-08 09:00:00+09:00,3305.0,3330.0,3210.0,3215.0,150200
2026-01-09 09:00:00+09:00,3270.0,3330.0,3230.0,3325.0,93800
2026-01-13 09:00:00+09:00,3245.0,3360.0,3235.0,3305.0,130500
2026-01-14 09:00:00+09:00,3280.0,3325.0,3260.0,3280.0,99200
2026-01-15 09:00:00+09:00,3400.0,3490.0,3300.0,3305.0,234500
2026-01-16 09:00:00+09:00,3380.0,3470.0,3355.0,3440.0,149100
2026-01-19 09:00:00+09:00,3375.0,3450.0,3345.0,3450.0,138200
2026-01-20 09:00:00+09:00,3220.0,3385.0,3215.0,3370.0,121200
2026-01-21 09:00:00+09:00,3065.0,3150.0,3015.0,3100.0,322700
2026-01-22 09:00:00+09:00,3000.0,3140.0,2985.0,3125.0,190000
2026-01-23 09:00:00+09:00,3040.0,3045.0,3000.0,3035.0,85600
2026-01-26 09:00:00+09:00,2991.0,3020.0,2965.0,3000.0,142100
2026-01-27 09:00:00+09:00,3035.0,3095.0,2970.0,3015.0,112300
2026-01-28 09:00:00+09:00,2939.0,3005.0,2922.0,3000.0,183700
2026-01-29 09:00:00+09:00,3010.0,3010.0,2895.0,2950.0,989900
2026-01-30 09:00:00+09:00,2902.0,2960.0,2889.0,2940.0,254700
2026-02-02 09:00:00+09:00,2875.0,2957.0,2845.0,2948.0,167000
2026-02-03 09:00:00+09:00,2890.0,2914.0,2854.0,2878.0,161300
2026-02-04 09:00:00+09:00,2544.0,2723.0,2544.0,2690.0,717600
2026-02-05 09:00:00+09:00,2525.0,2596.0,2500.0,2570.0,358700
2026-02-06 09:00:00+09:00,2500.0,2508.0,2410.0,2491.0,270800
2026-02-09 09:00:00+09:00,2519.0,2542.0,2480.0,2530.0,192900
2026-02-10 09:00:00+09:00,2595.0,2595.0,2529.0,2555.0,167600
2026-02-12 09:00:00+09:00,2675.0,2677.0,2590.0,2599.0,308000
2026-02-13 09:00:00+09:00,2435.0,2588.0,2435.0,2585.0,447600
2026-02-16 09:00:00+09:00,2423.0,2456.0,2395.0,2433.0,282500
2026-02-17 09:00:00+09:00,2351.0,2432.0,2330.0,2432.0,235100
2026-02-18 09:00:00+09:00,2285.0,2361.0,2272.0,2355.0,274100
2026-02-19 09:00:00+09:00,2312.0,2346.0,2260.0,2335.0,211700
2026-02-20 09:00:00+09:00,2307.0,2321.0,2290.0,2298.0,98900
2026-02-24 09:00:00+09:00,2287.0,2307.0,2250.0,2260.0,109400
2026-02-25 09:00:00+09:00,2305.0,2340.0,2274.0,2330.0,128700
2026-02-26 09:00:00+09:00,2550.0,2550.0,2327.0,2344.0,353500
2026-02-27 09:00:00+09:00,2439.0,2535.0,2438.0,2500.0,338700
2026-03-02 09:00:00+09:00,2444.0,2459.0,2365.0,2428.0,179200
2026-03-03 09:00:00+09:00,2455.0,2538.0,2453.0,2533.0,284600
2026-03-04 09:00:00+09:00,2411.0,2522.0,2402.0,2500.0,164100
2026-03-05 09:00:00+09:00,2577.0,2690.0,2511.0,2511.0,375700
2026-03-06 09:00:00+09:00,2801.0,2809.0,2643.0,2650.0,595500
2026-03-09 09:00:00+09:00,2809.0,2835.0,2726.0,2752.0,490800
2026-03-10 09:00:00+09:00,2837.0,2837.0,2723.0,2809.0,192900
2026-03-11 09:00:00+09:00,2835.0,2865.0,2815.0,2850.0,176200
2026-03-12 09:00:00+09:00,2766.0,2863.0,2739.0,2822.0,104900
2026-03-13 09:00:00+09:00,2765.0,2800.0,2716.0,2716.0,60100
2026-03-16 09:00:00+09:00,2787.0,2820.0,2763.0,2764.0,94800
2026-03-17 09:00:00+09:00,2780.0,2813.0,2780.0,2803.0,31100
2026-03-18 09:00:00+09:00,2850.0,2850.0,2780.0,2780.0,66000
2026-03-19 09:00:00+09:00,2850.0,2850.0,2762.0,2769.0,88400
2026-03-23 09:00:00+09:00,2763.0,2790.0,2750.0,2750.0,49000
2026-03-24 09:00:00+09:00,2815.0,2860.0,2792.0,2834.0,80800
2026-03-25 09:00:00+09:00,2870.0,2889.0,2836.0,2836.0,74000
2026-03-26 09:00:00+09:00,2899.0,2904.0,2850.0,2870.0,73600
2026-03-27 09:00:00+09:00,2894.0,2987.0,2889.0,2930.0,159100
2026-03-30 09:00:00+09:00,2807.0,2845.0,2753.0,2794.0,112900
2026-03-31 09:00:00+09:00,2815.0,2873.0,2791.0,2834.0,82600
2026-04-01 09:00:00+09:00,2894.0,2955.0,2868.0,2950.0,77400
2026-04-02 09:00:00+09:00,2866.0,2938.0,2856.0,2895.0,101100
2026-04-03 09:00:00+09:00,2835.0,2889.0,2835.0,2866.0,109000
2026-04-06 09:00:00+09:00,2864.0,2885.0,2832.0,2845.0,58100
2026-04-07 09:00:00+09:00,2895.0,2911.0,2848.0,2858.0,41400
2026-04-08 09:00:00+09:00,2939.0,2958.0,2899.0,2920.0,109800
2026-04-09 09:00:00+09:00,2797.0,2842.0,2731.0,2789.0,280300
2026-04-10 09:00:00+09:00,2565.0,2795.0,2565.0,2777.0,260600
2026-04-13 09:00:00+09:00,2565.0,2578.0,2480.0,2495.0,101800
2026-04-14 09:00:00+09:00,2578.0,2625.0,2573.0,2599.0,108800
2026-04-15 09:00:00+09:00,2734.0,2734.0,2609.0,2609.0,161500
2026-04-16 09:00:00+09:00,2635.0,2750.0,2635.0,2745.0,137700
2026-04-17 09:00:00+09:00,2583.0,2653.0,2570.0,2610.0,106900
2026-04-20 09:00:00+09:00,2580.0,2586.0,2558.0,2570.0,55400
2026-04-21 09:00:00+09:00,2584.0,2609.0,2557.0,2609.0,51000
2026-04-22 09:00:00+09:00,2593.0,2630.0,2580.0,2595.0,60300
2026-04-23 09:00:00+09:00,2579.0,2617.0,2560.0,2611.0,51900
2026-04-24 09:00:00+09:00,2525.0,2552.0,2500.0,2541.0,87600
2026-04-27 09:00:00+09:00,2446.0,2494.0,2410.0,2493.0,142000
2026-04-28 09:00:00+09:00,2487.0,2499.0,2412.0,2420.0,258800
2026-04-30 09:00:00+09:00,2463.0,2500.0,2461.0,2500.0,45300
2026-05-01 09:00:00+09:00,2520.0,2528.0,2470.0,2494.0,51000
2026-05-07 09:00:00+09:00,2676.0,2677.0,2550.0,2550.0,105900
2026-05-08 09:00:00+09:00,2720.0,2758.0,2646.0,2676.0,88300
2026-05-11 09:00:00+09:00,2735.0,2788.0,2731.0,2762.0,77300
2026-05-12 09:00:00+09:00,2671.0,2726.0,2657.0,2726.0,49300
2026-05-13 09:00:00+09:00,2738.0,2750.0,2643.0,2643.0,113900
2026-05-14 09:00:00+09:00,2751.0,2777.0,2598.0,2700.0,202000
2026-05-15 09:00:00+09:00,2710.0,2745.0,2623.0,2745.0,147300
2026-05-18 09:00:00+09:00,2769.0,2798.0,2667.0,2715.0,160200
2026-05-19 09:00:00+09:00,2766.0,2836.0,2733.0,2769.0,101500
2026-05-20 09:00:00+09:00,2575.0,2766.0,2562.0,2766.0,119700
2026-05-21 09:00:00+09:00,2566.0,2615.0,2554.0,2580.0,42600
2026-05-22 09:00:00+09:00,2548.0,2590.0,2539.0,2555.0,68500
2026-05-25 09:00:00+09:00,2566.0,2578.0,2486.0,2550.0,84400
2026-05-26 09:00:00+09:00,2497.0,2575.0,2475.0,2549.0,100700
2026-05-27 09:00:00+09:00,2462.0,2501.0,2430.0,2497.0,101400
2026-05-28 09:00:00+09:00,2436.0,2461.0,2394.0,2460.0,98800
2026-05-29 09:00:00+09:00,2406.0,2460.0,2406.0,2436.0,67700
2026-06-01 09:00:00+09:00,2384.0,2550.0,2374.0,2506.0,112500
2026-06-02 09:00:00+09:00,2309.0,2384.0,2305.0,2352.0,119200
2026-06-03 09:00:00+09:00,2275.0,2295.0,2235.0,2285.0,114200
2026-06-04 09:00:00+09:00,2226.0,2262.0,2212.0,2250.0,106700
2026-06-05 09:00:00+09:00,2289.0,2307.0,2249.0,2276.0,80900
2026-06-08 09:00:00+09:00,2210.0,2258.0,2200.0,2224.0,104500
2026-06-09 09:00:00+09:00,2190.0,2218.0,2173.0,2217.0,94500
2026-06-10 09:00:00+09:00,2171.0,2192.0,2143.0,2190.0,89100
2026-06-11 09:00:00+09:00,2109.0,2154.0,2104.0,2145.0,99100
2026-06-12 09:00:00+09:00,2106.0,2192.0,2105.0,2192.0,115300
2026-06-15 09:00:00+09:00,2081.0,2157.0,2080.0,2139.0,164500
2026-06-16 09:00:00+09:00,2105.0,2130.0,2083.0,2083.0,91300
2026-06-17 09:00:00+09:00,2134.0,2174.0,2097.0,2110.0,110400
2026-06-18 09:00:00+09:00,2130.0,2149.0,2120.0,2125.0,80500
2026-06-19 09:00:00+09:00,2236.0,2236.0,2115.0,2130.0,104700
2026-06-22 09:00:00+09:00,2196.0,2232.0,2180.0,2200.0,86400
2026-06-23 09:00:00+09:00,2087.0,2220.0,2086.0,2220.0,138100
2026-06-24 09:00:00+09:00,2065.0,2104.0,2062.0,2090.0,82300
2026-06-25 09:00:00+09:00,2009.0,2098.0,1998.0,2094.0,208300
2026-06-26 09:00:00+09:00,2050.0,2053.0,2000.0,2002.0,78000
2026-06-29 09:00:00+09:00,2265.0,2265.0,2057.0,2059.0,165100
2026-06-30 09:00:00+09:00,2264.0,2267.0,2205.0,2230.0,68400
2026-07-01 09:00:00+09:00,2403.0,2410.0,2293.0,2314.0,168800
2026-07-02 09:00:00+09:00,2451.0,2498.0,2362.0,2400.0,162300
2026-07-03 09:00:00+09:00,2390.0,2482.0,2370.0,2482.0,77700
2026-07-06 09:00:00+09:00,2409.0,2425.0,2370.0,2394.0,44200
2026-07-07 09:00:00+09:00,2411.0,2457.0,2406.0,2409.0,38100
2026-07-08 09:00:00+09:00,2433.0,2450.0,2411.0,2430.0,42000
2026-07-09 09:00:00+09:00,2340.0,2408.0,2340.0,2380.0,62500
2026-07-10 09:00:00+09:00,2374.0,2435.0,2372.0,2390.0,64500
2026-07-13 09:00:00+09:00,2358.0,2424.0,2351.0,2424.0,28500
2026-07-14 09:00:00+09:00,2410.0,2420.0,2350.0,2361.0,88100
2026-07-15 09:00:00+09:00,2391.0,2423.0,2360.0,2366.0,21400
2026-07-16 09:00:00+09:00,2388.0,2427.0,2381.0,2391.0,39600
2026-07-17 09:00:00+09:00,2390.0,2404.0,2356.0,2360.0,118800
2026-07-21 09:00:00+09:00,2313.0,2406.0,2307.0,2393.0,59100
2026-07-22 09:00:00+09:00,2287.0,2345.0,2286.0,2313.0,47900
2026-07-23 09:00:00+09:00,2233.0,2286.0,2203.0,2285.0,81600
2026-07-24 09:00:00+09:00,2199.0,2220.0,2169.0,2220.0,69400
2026-07-27 09:00:00+09:00,2316.0,2328.0,2204.0,2217.0,92800
2026-07-28 09:00:00+09:00,2281.0,2353.0,2268.0,2349.0,82100
2026-07-29 09:00:00+09:00,2267.0,2300.0,2211.0,2295.0,120500
2026-07-30 09:00:00+09:00,2327.0,2358.0,2253.0,2267.0,75500
2026-07-31 09:00:00+09:00,2312.0,2357.0,2291.0,2291.0,39200
2026-08-03 09:00:00+09:00,2277.0,2362.0,2277.0,2362.0,48900
2026-08-04 09:00:00+09:00,2290.0,2320.0,2255.0,2271.0,51100
2026-08-05 09:00:00+09:00,2390.0,2391.0,2305.0,2318.0,49800
2026-08-06 09:00:00+09:00,2358.0,2413.0,2340.0,2340.0,60500
2026-08-07 09:00:00+09:00,2388.0,2435.0,2362.0,2408.0,61800
2026-08-10 09:00:00+09:00,2426.0,2495.0,2389.0,2430.0,140900
2026-08-12 09:00:00+09:00,2650.0,2650.0,2474.0,2500.0,379600
2026-08-13 09:00:00+09:00,3150.0,3150.0,2757.0,2795.0,948000
2026-08-14 09:00:00+09:00,3750.0,3835.0,3370.0,3500.0,1095200
2026-08-17 09:00:00+09:00,3360.0,3580.0,3340.0,3540.0,328500
2026-08-18 09:00:00+09:00,3740.0,4000.0,3455.0,3500.0,586500
2026-08-19 09:00:00+09:00,4420.0,4440.0,3950.0,4090.0,1343700
2026-08-20 09:00:00+09:00,4320.0,4535.0,4155.0,4400.0,605900
2026-08-21 09:00:00+09:00,4475.0,4560.0,4190.0,4340.0,437300
2026-08-24 09:00:00+09:00,4735.0,4750.0,4450.0,4495.0,626700
2026-08-25 09:00:00+09:00,4345.0,4700.0,4250.0,4700.0,417000
2026-08-26 09:00:00+09:00,5050.0,5050.0,4735.0,4765.0,763500
2026-08-27 09:00:00+09:00,5140.0,5380.0,4830.0,5250.0,631200
2026-08-28 09:00:00+09:00,5110.0,5500.0,4990.0,5080.0,553000
2026-08-31 09:00:00+09:00,5360.0,5530.0,4760.0,4780.0,640600
