Date,Close,High,Low,Open,Volume
2019-07-31 09:00:00+09:00,3984.58349609375,4054.107308457436,3984.58349609375,3993.2739726392106,259400
2019-08-01 09:00:00+09:00,3919.40478515625,3941.130975761329,3584.8214498380335,3680.416688500381,723400
2019-08-02 09:00:00+09:00,3636.964599609375,3867.262238533266,3623.9288841985885,3867.262238533266,347400
2019-08-05 09:00:00+09:00,3541.369384765625,3580.476531345859,3484.8812841497315,3554.4051002923693,263400
2019-08-06 09:00:00+09:00,3597.857177734375,3619.5833684211766,3428.392890377321,3432.738128514681,332800
2019-08-07 09:00:00+09:00,3597.857177734375,3663.0357497947803,3571.7857489102125,3584.8214633222938,270100
2019-08-08 09:00:00+09:00,3545.71435546875,3606.547689998851,3497.9167354808133,3580.476260914522,150700
2019-08-09 09:00:00+09:00,3528.333984375,3567.441134448122,3493.5720731988918,3554.4054177570815,120000
2019-08-13 09:00:00+09:00,3537.02392578125,3545.714402257371,3441.4286845439187,3471.8453522103423,211500
2019-08-14 09:00:00+09:00,3610.893310546875,3641.3099810328295,3597.857594624323,3619.583787828576,171800
2019-08-15 09:00:00+09:00,3641.3095703125,3676.071475518347,3471.8452824339947,3489.2262350369183,353500
2019-08-16 09:00:00+09:00,3710.833740234375,3723.869455949484,3597.8575373700965,3602.2027759417997,277100
2019-08-19 09:00:00+09:00,3702.142822265625,3832.499963894696,3697.7975842113224,3771.666631134463,229900
2019-08-20 09:00:00+09:00,3689.107177734375,3706.488130279649,3641.309558234872,3667.3809870527825,406800
2019-08-21 09:00:00+09:00,3654.344970703125,3706.487824030637,3615.237830707491,3628.273544039369,261900
2019-08-22 09:00:00+09:00,3702.142822265625,3715.178536428532,3645.654727559694,3658.690441722601,209800
2019-08-23 09:00:00+09:00,3754.285888671875,3767.3216035630967,3693.45255251284,3732.559697186505,154000
2019-08-26 09:00:00+09:00,3623.928955078125,3641.3099092991233,3584.8218080808792,3632.619432188624,249200
2019-08-27 09:00:00+09:00,3706.48876953125,3736.905441731389,3619.5839918165666,3658.691141788174,160800
2019-08-28 09:00:00+09:00,3606.54833984375,3689.107880153426,3606.54833984375,3680.417402226092,145400
2019-08-29 09:00:00+09:00,3619.58349609375,3650.0001641281515,3576.1311131874627,3628.273972675008,120400
2019-08-30 09:00:00+09:00,3741.249755859375,3767.321182729475,3667.380713060758,3671.725950872441,202100
2019-09-02 09:00:00+09:00,3728.21435546875,3762.976260881046,3702.1429264095277,3762.976260881046,128400
2019-09-03 09:00:00+09:00,3745.595458984375,3806.428795905235,3732.559743929905,3732.559743929905,154800
2019-09-04 09:00:00+09:00,3697.7978515625,3715.178805036354,3667.381182983255,3706.488328299427,137500
2019-09-05 09:00:00+09:00,3902.023681640625,3928.0951093576004,3754.2855912444325,3758.6308291972614,234000
2019-09-06 09:00:00+09:00,3941.131103515625,3993.2739626580587,3932.440626991886,3962.8572948249725,185500
2019-09-09 09:00:00+09:00,3967.203125,3971.5483639101863,3902.024541347207,3949.822169359255,134600
2019-09-10 09:00:00+09:00,4097.560546875,4110.59626441543,3984.5843281912776,3997.6200457317073,322600
2019-09-11 09:00:00+09:00,4127.9765625,4180.119424342105,4084.524177631579,4145.357516447369,260200
2019-09-12 09:00:00+09:00,4210.5361328125,4236.607563975425,4101.905169633643,4114.9408852151055,348400
2019-09-13 09:00:00+09:00,4245.298828125,4253.989306790558,4184.465477466095,4232.263110126663,231700
2019-09-17 09:00:00+09:00,4123.63134765625,4184.464686820831,4084.524201050448,4184.464686820831,266100
2019-09-18 09:00:00+09:00,4114.9404296875,4123.630905779764,4041.071382903247,4101.904715549103,211900
2019-09-19 09:00:00+09:00,4062.79736328125,4154.047357536764,4058.452125459559,4145.356881893382,207200
2019-09-20 09:00:00+09:00,4058.452880859375,4106.250505794549,4045.4171649679633,4080.1790740117267,180100
2019-09-24 09:00:00+09:00,4028.0361328125,4110.595665200243,4019.345655719054,4045.4170869993936,144300
2019-09-25 09:00:00+09:00,3980.23828125,3988.9287578466156,3910.714468477074,3975.893042951692,196200
2019-09-26 09:00:00+09:00,4088.869140625,4171.428666312433,4084.5239024309244,4123.631046177604,291900
2019-09-27 09:00:00+09:00,4110.87646484375,4163.692864820329,4058.0600648671707,4163.692864820329,169900
2019-09-30 09:00:00+09:00,4137.2841796875,4185.699207322141,4088.869152052859,4093.270518201463,244500
2019-10-01 09:00:00+09:00,4278.1279296875,4286.930662053112,4159.291042751736,4172.4951413001545,162200
2019-10-02 09:00:00+09:00,4132.8828125,4194.501938564963,4115.277347910011,4172.495107827476,166200
2019-10-03 09:00:00+09:00,4102.0732421875,4102.0732421875,4014.045919393777,4022.848651673149,183600
2019-10-04 09:00:00+09:00,4080.066162109375,4106.474357333384,4058.0593327560346,4062.4606986267027,109800
2019-10-07 09:00:00+09:00,4000.841552734375,4102.0729671599975,3961.2292601330446,4088.86886962622,134000
2019-10-08 09:00:00+09:00,4106.47509765625,4128.481930977023,4044.8559643580857,4044.8559643580857,100800
2019-10-09 09:00:00+09:00,4053.65869140625,4058.0600580635855,4022.8491248048995,4044.8559580915785,90500
2019-10-10 09:00:00+09:00,4115.27685546875,4119.678221089572,3978.834521223262,4062.4604680188836,142800
2019-10-11 09:00:00+09:00,4168.09423828125,4190.101071640707,4102.073738202877,4124.080571562335,140800
2019-10-15 09:00:00+09:00,4264.923828125,4326.542954640738,4264.923828125,4291.3320252031735,167400
2019-10-16 09:00:00+09:00,4344.1484375,4471.7880572441745,4330.944338905775,4388.16209948075,294000
2019-10-17 09:00:00+09:00,4418.9716796875,4454.182609406125,4335.345721605765,4401.366214828187,204000
2019-10-18 09:00:00+09:00,4401.36669921875,4454.183099609375,4396.965332519531,4427.774899414063,78900
2019-10-21 09:00:00+09:00,4506.9990234375,4524.604488372803,4454.182628631592,4471.7880935668945,230800
2019-10-23 09:00:00+09:00,4559.81494140625,4577.420404500483,4498.195820576436,4524.604015217785,165400
2019-10-24 09:00:00+09:00,4612.63134765625,4656.645005553733,4586.22315291776,4586.22315291776,141800
2019-10-25 09:00:00+09:00,4621.4345703125,4647.8427678571425,4533.40724516369,4612.631837797619,149000
2019-10-28 09:00:00+09:00,4700.66015625,4727.068359375,4665.44921875,4665.44921875,148000
2019-10-29 09:00:00+09:00,4815.095703125,4823.8984375,4718.265625,4727.068359375,195200
2019-10-30 09:00:00+09:00,4683.05419921875,4797.489734162065,4656.645998847215,4797.489734162065,181400
2019-10-31 09:00:00+09:00,4788.68603515625,4903.121547025793,4691.855986651252,4771.080571791706,309200
2019-11-01 09:00:00+09:00,4533.4072265625,4586.223621435073,4388.162140662925,4524.604494083738,353800
2019-11-05 09:00:00+09:00,4586.22412109375,4647.843255158349,4542.2104539047505,4621.43505484495,173600
2019-11-06 09:00:00+09:00,4621.4345703125,4656.645500372024,4586.223640252976,4656.645500372024,185000
2019-11-07 09:00:00+09:00,4559.81494140625,4621.434062236064,4542.209478312017,4621.434062236064,94200
2019-11-08 09:00:00+09:00,4859.1083984375,4920.727526678555,4788.686537590579,4788.686537590579,384200
2019-11-11 09:00:00+09:00,4797.4892578125,4850.305653311353,4779.883792646216,4797.4892578125,160600
2019-11-12 09:00:00+09:00,4771.0810546875,4779.883787260725,4709.461926674931,4735.870124394603,102300
2019-11-13 09:00:00+09:00,4771.0810546875,4788.686519833948,4691.856461528483,4779.883787260725,90000
2019-11-14 09:00:00+09:00,4691.85693359375,4753.476067806051,4665.44873321705,4753.476067806051,102100
2019-11-15 09:00:00+09:00,4718.2646484375,4718.2646484375,4603.829125247785,4656.645520566115,105700
2019-11-18 09:00:00+09:00,4709.4619140625,4753.475576810747,4683.053716413551,4735.870111711449,75400
2019-11-19 09:00:00+09:00,4656.6455078125,4683.0537053993385,4603.829112638823,4639.040042754607,92800
2019-11-20 09:00:00+09:00,4630.23779296875,4656.645993308876,4577.421392288498,4595.026859181916,97400
2019-11-21 09:00:00+09:00,4595.025390625,4630.236313158525,4515.800814924569,4621.433582525144,118400
2019-11-22 09:00:00+09:00,4665.44873046875,4718.265131191038,4639.040530107606,4647.843263561321,113600
2019-11-25 09:00:00+09:00,4727.06689453125,4832.6996742973115,4718.264162884078,4771.080552767109,127500
2019-11-26 09:00:00+09:00,4709.4619140625,4832.700169757593,4709.4619140625,4815.094704658294,125400
2019-11-27 09:00:00+09:00,4806.29248046875,4823.897947430174,4700.659678700206,4744.673346103766,138300
2019-11-28 09:00:00+09:00,4762.2783203125,4832.7001808716495,4762.2783203125,4832.7001808716495,86200
2019-11-29 09:00:00+09:00,4753.4755859375,4797.489248770255,4709.461923104745,4762.278318504051,93700
2019-12-02 09:00:00+09:00,4762.2783203125,4797.489250592075,4700.659192323244,4700.659192323244,69600
2019-12-03 09:00:00+09:00,4674.25146484375,4691.856931754649,4647.843264477401,4674.25146484375,90400
2019-12-04 09:00:00+09:00,4656.6455078125,4674.250972870392,4603.829112638823,4630.2373102256615,81900
2019-12-05 09:00:00+09:00,4735.87060546875,4762.278805870992,4709.462405066508,4709.462405066508,99000
2019-12-06 09:00:00+09:00,4762.2783203125,4788.686518022181,4735.870122602819,4762.2783203125,76000
2019-12-09 09:00:00+09:00,4771.0810546875,4850.305647846518,4735.870124394603,4797.489252407173,93400
2019-12-10 09:00:00+09:00,4762.2783203125,4779.883785452287,4727.067390032925,4779.883785452287,67800
2019-12-11 09:00:00+09:00,4665.44873046875,4779.88426536704,4656.645997015035,4709.462397737323,171200
2019-12-12 09:00:00+09:00,4612.63134765625,4709.461395030713,4612.63134765625,4683.053200292223,121100
2019-12-13 09:00:00+09:00,4753.4755859375,4823.897446469908,4735.8701208043985,4762.278318504051,285800
2019-12-16 09:00:00+09:00,4577.4208984375,4700.659153395432,4551.012700946515,4691.856420898438,292700
2019-12-17 09:00:00+09:00,4489.39453125,4559.81640625,4427.775390625,4551.013671875,223100
2019-12-18 09:00:00+09:00,4374.95849609375,4471.78856341172,4352.951662612393,4445.380363234092,247200
2019-12-19 09:00:00+09:00,4392.56298828125,4427.773914039016,4308.937039606557,4335.345233924881,153400
2019-12-20 09:00:00+09:00,4436.578125,4489.39453125,4357.353515625,4401.3671875,160000
2019-12-23 09:00:00+09:00,4436.578125,4454.18359375,4418.97265625,4454.18359375,85000
2019-12-24 09:00:00+09:00,4462.98583984375,4515.802240315274,4436.577639607988,4436.577639607988,111600
2019-12-25 09:00:00+09:00,4480.5908203125,4524.604482594548,4471.78808785609,4524.604482594548,85800
2019-12-26 09:00:00+09:00,4480.5908203125,4506.999017681729,4454.182622943271,4462.985355399681,117800
2019-12-27 09:00:00+09:00,4454.18310546875,4489.394039108819,4427.774905238698,4489.394039108819,76200
2019-12-30 09:00:00+09:00,4418.9716796875,4445.379876976469,4370.55665132439,4401.366214828187,71500
2020-01-06 09:00:00+09:00,4348.54931640625,4370.556144930573,4304.535659357603,4330.943853586791,92300
2020-01-07 09:00:00+09:00,4366.15576171875,4410.16942867156,4339.747561547064,4339.747561547064,94700
2020-01-08 09:00:00+09:00,4256.12109375,4313.338854058945,4216.508798151499,4313.338854058945,107800
2020-01-09 09:00:00+09:00,4269.3251953125,4348.549786565722,4251.719730589562,4317.74022330058,161100
2020-01-10 09:00:00+09:00,4291.33203125,4295.733397435897,4203.304707532051,4234.114270833333,197500
2020-01-14 09:00:00+09:00,4220.90966796875,4291.33151852923,4141.6850860882105,4260.52195890902,301400
2020-01-15 09:00:00+09:00,4242.91748046875,4247.318847149734,4203.305180339892,4247.318847149734,113900
2020-01-16 09:00:00+09:00,4198.9033203125,4234.114249623296,4176.8964894932515,4234.114249623296,102100
2020-01-17 09:00:00+09:00,4251.72021484375,4256.121581525783,4220.91064806952,4225.312014751553,61500
2020-01-20 09:00:00+09:00,4300.1357421875,4313.33984375,4278.12890625,4291.3330078125,74300
2020-01-21 09:00:00+09:00,4216.5087890625,4264.923816911861,4190.100592053758,4242.916986071243,115200
2020-01-22 09:00:00+09:00,4225.31201171875,4234.1147450764975,4159.2915115356445,4172.495611572265,110400
2020-01-23 09:00:00+09:00,4154.8896484375,4203.304676120564,4154.8896484375,4172.495113049523,104600
2020-01-24 09:00:00+09:00,4124.08056640625,4212.107899734025,4124.08056640625,4207.706533067636,96600
2020-01-27 09:00:00+09:00,3917.21630859375,4005.243641371138,3890.8081087605337,3978.8354415379217,313700
2020-01-28 09:00:00+09:00,3917.21630859375,3921.6176752326196,3789.5766760665383,3824.7876091774933,328000
2020-01-29 09:00:00+09:00,3895.209228515625,3926.0187930349575,3859.9982976363876,3882.005129435911,116200
2020-01-30 09:00:00+09:00,3820.385986328125,3939.222877607917,3793.977788265949,3917.216045889437,181700
2020-01-31 09:00:00+09:00,3697.147705078125,3802.7804966517856,3697.147705078125,3785.1750313895086,392300
2020-02-03 09:00:00+09:00,3714.753173828125,3749.9641043857378,3538.6985210400626,3543.099887359764,580800
2020-02-04 09:00:00+09:00,3661.93701171875,3714.753410926232,3609.120612511268,3714.753410926232,284900
2020-02-05 09:00:00+09:00,3670.73974609375,3745.5629783282748,3657.535646287657,3661.937012889688,288100
2020-02-06 09:00:00+09:00,3793.977783203125,3820.385981230061,3727.9572881357853,3754.365486162721,306200
2020-02-07 09:00:00+09:00,3780.773193359375,3802.7800221915018,3736.7595356951215,3798.3786564250763,132700
2020-02-10 09:00:00+09:00,3697.147705078125,3776.3722987583706,3692.7463387625558,3697.147705078125,140300
2020-02-12 09:00:00+09:00,3767.569580078125,3793.9777780693266,3732.358649423189,3732.358649423189,167500
2020-02-13 09:00:00+09:00,3736.759765625,3815.9843542954945,3736.759765625,3785.1747920347466,169300
2020-02-14 09:00:00+09:00,3771.97119140625,3785.1752912594807,3710.35205875784,3732.358891846558,160000
2020-02-17 09:00:00+09:00,3749.964111328125,3767.5695766395247,3683.9436164103763,3710.351814377476,100700
2020-02-18 09:00:00+09:00,3657.53564453125,3705.95067713034,3644.3315447314985,3701.5493105304226,111400
2020-02-19 09:00:00+09:00,3591.5146484375,3648.732406317019,3582.711916456036,3635.5283083448226,137400
2020-02-20 09:00:00+09:00,3578.310546875,3675.1405985739543,3573.9091808886837,3635.5283046971094,149400
2020-02-21 09:00:00+09:00,3556.304443359375,3622.3249466395614,3538.698975817992,3547.5017095886833,150800
2020-02-25 09:00:00+09:00,3463.875244140625,3494.6848079385722,3375.8479190036333,3380.249285260483,258500
2020-02-26 09:00:00+09:00,3455.072509765625,3463.875242274582,3389.052015948447,3389.052015948447,235500
2020-02-27 09:00:00+09:00,3331.83447265625,3411.0590704208635,3301.0249068589,3406.657703878385,328500
2020-02-28 09:00:00+09:00,3230.603515625,3261.4130859375,3177.787109375,3208.5966796875,606600
2020-03-02 09:00:00+09:00,3221.80029296875,3274.6166912141393,3151.3784286415644,3168.9838947233607,450300
2020-03-03 09:00:00+09:00,3257.0107421875,3296.6230349978887,3257.0107421875,3279.017571526605,410100
2020-03-04 09:00:00+09:00,3226.20166015625,3252.609859284405,3186.589361464018,3204.1948275494547,275000
2020-03-05 09:00:00+09:00,3164.582763671875,3221.8005326951493,3133.7731957362653,3221.8005326951493,424000
2020-03-06 09:00:00+09:00,2997.330078125,3094.160124701725,2979.72461511105,3085.3573931947503,434700
2020-03-09 09:00:00+09:00,2764.058349609375,2825.6774847917495,2728.8474152194467,2812.4733843955264,755800
2020-03-10 09:00:00+09:00,2808.072021484375,2843.2829559230504,2638.1792628177654,2671.629650534507,522600
2020-03-11 09:00:00+09:00,2755.2548828125,2869.690389127396,2755.2548828125,2808.071270342452,395100
2020-03-12 09:00:00+09:00,2638.178955078125,2742.0511995556753,2629.3762224952816,2702.438902932881,537100
2020-03-13 09:00:00+09:00,2419.87109375,2510.539235858494,2371.456066410513,2418.1105473012913,571600
2020-03-16 09:00:00+09:00,2367.054931640625,2479.7299153706363,2360.89301846789,2464.765269093994,542200
2020-03-17 09:00:00+09:00,2332.724365234375,2398.7448661372346,2243.816757351857,2299.2739781102596,577200
2020-03-18 09:00:00+09:00,2218.2890625,2374.9777343749997,2216.5285156249997,2357.3722656249997,551300
2020-03-19 09:00:00+09:00,2221.809814453125,2263.182659650945,2159.310410005355,2262.3023863488634,699000
2020-03-23 09:00:00+09:00,2251.739013671875,2293.992130425687,2187.479065275453,2265.8233859231455,741400
2020-03-24 09:00:00+09:00,2381.13916015625,2382.0194334132393,2239.415165780961,2288.710468172366,647100
2020-03-25 09:00:00+09:00,2711.24169921875,2821.2758590896406,2632.0171041117087,2821.2758590896406,543800
2020-03-26 09:00:00+09:00,2510.53955078125,2671.629571045264,2473.5680707206566,2631.1369976455667,400200
2020-03-27 09:00:00+09:00,2583.601806640625,2689.2345891949262,2483.2506632140385,2645.220929797301,398300
2020-03-30 09:00:00+09:00,2476.358642578125,2487.880712139154,2405.4535991256375,2487.880712139154,256500
2020-03-31 09:00:00+09:00,2528.650634765625,2575.6252171850356,2426.7246540442625,2477.2444879670247,325600
2020-04-01 09:00:00+09:00,2396.58984375,2542.8314577362244,2353.1605159601518,2519.7873246232434,275200
2020-04-02 09:00:00+09:00,2343.411376953125,2370.0007647400366,2295.5504789366846,2331.0029959859,166200
2020-04-03 09:00:00+09:00,2293.77734375,2325.6846020092735,2245.91645636109,2307.072034691364,199000
2020-04-06 09:00:00+09:00,2342.525390625,2360.251651621027,2201.6016157065833,2263.6435291926787,239200
2020-04-07 09:00:00+09:00,2422.29296875,2482.5622412984817,2346.070065232803,2463.9496718349797,224600
2020-04-08 09:00:00+09:00,2447.995849609375,2459.517915519919,2318.594186306345,2393.0444583437047,213200
2020-04-09 09:00:00+09:00,2514.4697265625,2529.537046037848,2447.109945378591,2447.109945378591,212800
2020-04-10 09:00:00+09:00,2556.12646484375,2571.193784504757,2429.3837171070454,2539.2865193402718,178400
2020-04-13 09:00:00+09:00,2500.288818359375,2586.2611740420616,2500.288818359375,2559.6717856865916,104600
2020-04-14 09:00:00+09:00,2572.079833984375,2591.578716254415,2471.0401713123492,2487.8801150910203,146500
2020-04-15 09:00:00+09:00,2510.0380859375,2558.7852945273876,2499.40233133607,2558.7852945273876,112100
2020-04-16 09:00:00+09:00,2518.0146484375,2524.218837997184,2408.1118619516674,2421.4065538652762,188300
2020-04-17 09:00:00+09:00,2576.51171875,2625.258930491056,2537.513949357155,2557.899146994324,115800
2020-04-20 09:00:00+09:00,2522.446533203125,2548.1496075049135,2510.924465412668,2540.1727913422897,100000
2020-04-21 09:00:00+09:00,2432.928955078125,2502.9476754610655,2432.928955078125,2481.6761654713114,235300
2020-04-22 09:00:00+09:00,2409.885009765625,2418.7481396286835,2369.114612395556,2393.0450630258138,179300
2020-04-23 09:00:00+09:00,2488.7666015625,2489.6529144547944,2407.225815471421,2452.427772978432,171500
2020-04-24 09:00:00+09:00,2463.063232421875,2481.675800928841,2398.362399040516,2468.381109138151,135800
2020-04-27 09:00:00+09:00,2564.9892578125,2570.3071346427955,2469.267474867182,2501.1747358489547,150500
2020-04-28 09:00:00+09:00,2558.78515625,2591.57873116557,2525.1052684988745,2561.4440947566677,160100
2020-04-30 09:00:00+09:00,2756.432861328125,2787.4538099282804,2650.075323270448,2694.3909641278133,240900
2020-05-01 09:00:00+09:00,2655.39306640625,2796.316797233551,2626.1447449137913,2667.8014452212324,414800
2020-05-07 09:00:00+09:00,2633.23583984375,2644.757908479889,2580.9433744951193,2618.168519319568,438600
2020-05-08 09:00:00+09:00,2911.5380859375,2924.8327803938355,2694.391409817352,2707.6861042736873,467900
2020-05-11 09:00:00+09:00,3057.779296875,3071.0739894701087,2951.4217561141304,2969.1480129076085,332200
2020-05-12 09:00:00+09:00,2924.83251953125,3000.1691147312977,2884.9484397194606,2995.737550307765,354400
2020-05-13 09:00:00+09:00,2836.201171875,2876.085250854492,2809.611785888672,2836.201171875,275600
2020-05-14 09:00:00+09:00,2787.453857421875,2884.9482689692218,2783.022293260632,2822.9063707118194,292900
2020-05-15 09:00:00+09:00,2725.412109375,2853.9274771341466,2716.5489805640245,2836.201219512195,211200
2020-05-18 09:00:00+09:00,2743.138427734375,2765.2962502524233,2640.326131250631,2716.549040712717,214000
2020-05-19 09:00:00+09:00,2867.222412109375,2880.517106446822,2796.3173756429915,2836.2014586553323,255400
2020-05-20 09:00:00+09:00,2809.612060546875,2836.201449132492,2752.0017186113714,2805.1804957826052,298100
2020-05-21 09:00:00+09:00,2827.33837890625,2884.948722050108,2805.180554620151,2871.6540274784484,198200
2020-05-22 09:00:00+09:00,2747.56982421875,2827.3379804057463,2725.4120030556955,2827.3379804057463,151400
2020-05-25 09:00:00+09:00,2831.769775390625,2876.0854213278803,2783.022564859644,2805.1803878282717,171800
2020-05-26 09:00:00+09:00,2915.969482421875,2978.0113863031916,2831.7697557258025,2862.790707666461,295900
2020-05-27 09:00:00+09:00,3048.916259765625,3053.3478240966797,2924.8324584960938,2929.2640228271484,328700
2020-05-28 09:00:00+09:00,3084.369140625,3186.2951323410557,3066.6428811961205,3173.0004377693963,364200
2020-05-29 09:00:00+09:00,2955.853515625,3062.2110634136056,2929.2641286778485,3062.2110634136056,282100
2020-06-01 09:00:00+09:00,2938.12744140625,2964.7168300162616,2911.538052796239,2933.695876637915,109800
2020-06-02 09:00:00+09:00,3044.484619140625,3093.231825560635,2951.421770520606,2969.1480274006094,213500
2020-06-03 09:00:00+09:00,3159.705322265625,3204.020964934147,3119.821243863955,3155.2737579987725,264900
2020-06-04 09:00:00+09:00,3181.86328125,3274.9261348798746,3124.252943288649,3270.494570421309,201000
2020-06-05 09:00:00+09:00,3292.65234375,3292.65234375,3128.6844612214,3235.0420066453567,227600
2020-06-08 09:00:00+09:00,3341.3994140625,3363.55723511066,3297.0837719661804,3350.262542481764,215900
2020-06-09 09:00:00+09:00,3252.7685546875,3359.1261096091625,3195.1582124382667,3350.262980032357,186900
2020-06-10 09:00:00+09:00,3266.06298828125,3292.6523748886957,3168.5685707206158,3204.02108619721,156900
2020-06-11 09:00:00+09:00,3009.0322265625,3186.2948025013807,3004.600662164028,3168.5685449074927,342900
2020-06-12 09:00:00+09:00,3044.484619140625,3066.6424402406296,2791.885458600573,2800.748587040575,429700
2020-06-15 09:00:00+09:00,2893.81103515625,3044.484197783069,2893.81103515625,3026.757943356384,133800
2020-06-16 09:00:00+09:00,3164.136962890625,3190.7263491334033,3040.053160424326,3066.6425466671044,289000
2020-06-17 09:00:00+09:00,3062.210693359375,3137.5472806055536,3044.4844375367447,3133.115716649896,131900
2020-06-18 09:00:00+09:00,3084.369140625,3102.095400053879,2969.1484543372844,3044.4850569100213,205400
2020-06-19 09:00:00+09:00,3048.916259765625,3168.5684967041016,3048.916259765625,3146.410675048828,214700
2020-06-22 09:00:00+09:00,3040.05322265625,3066.642609443331,3000.1691424756286,3026.7585292627095,108000
2020-06-23 09:00:00+09:00,3040.05322265625,3088.8004317658983,2978.011320153061,3057.779480514304,163300
2020-06-24 09:00:00+09:00,3022.326904296875,3071.0741124306955,3013.4637755452713,3026.758468672677,92200
2020-06-25 09:00:00+09:00,2960.28515625,2995.7376730913174,2884.9485579622005,2995.7376730913174,174300
2020-06-26 09:00:00+09:00,2946.990234375,3004.6005697838345,2920.4008488016916,3004.6005697838345,128000
2020-06-29 09:00:00+09:00,2871.65380859375,2907.1063247492284,2840.6328569577063,2889.380066671489,141800
2020-06-30 09:00:00+09:00,2924.83251953125,2986.874421460701,2907.106261837121,2933.6956483783147,167700
2020-07-01 09:00:00+09:00,2862.790283203125,2973.5793808503045,2849.495591485463,2946.9899974149816,129000
2020-07-02 09:00:00+09:00,2840.6328125,2920.400972601404,2836.201248049922,2893.8115859009363,136500
2020-07-03 09:00:00+09:00,2822.90673828125,2893.811774093652,2783.022655636774,2853.9276914491757,111000
2020-07-06 09:00:00+09:00,2924.83251953125,2929.264083954782,2827.338102213542,2831.769666637074,103100
2020-07-07 09:00:00+09:00,2876.085693359375,2942.559168552581,2858.3594333078536,2924.832908501059,109900
2020-07-08 09:00:00+09:00,2814.04345703125,2880.516924520177,2814.04345703125,2862.79066652313,93400
2020-07-09 09:00:00+09:00,2800.748779296875,2836.2012954905063,2760.8646985790397,2831.769730966302,103800
2020-07-10 09:00:00+09:00,2787.453857421875,2845.0641915180345,2778.590729099389,2836.2010631955486,140300
2020-07-13 09:00:00+09:00,2938.12744140625,2960.285265247926,2845.0645812712105,2845.0645812712105,166900
2020-07-14 09:00:00+09:00,2978.01123046875,3017.895309448242,2893.811508178711,2907.106201171875,155400
2020-07-15 09:00:00+09:00,3031.190185546875,3133.116171318188,3017.8954917506167,3062.2111377381443,114900
2020-07-16 09:00:00+09:00,3040.05322265625,3128.6845119465197,3031.190093727223,3106.5266896239523,122400
2020-07-17 09:00:00+09:00,3040.05322265625,3057.779480514304,3000.1691424756286,3040.05322265625,148800
2020-07-20 09:00:00+09:00,3137.547607421875,3155.273865090925,3026.7584969903114,3066.6425767456744,151300
2020-07-21 09:00:00+09:00,3177.431396484375,3204.020780555374,3093.231680259545,3102.0948082832115,200500
2020-07-22 09:00:00+09:00,3141.979248046875,3243.9052321160966,3141.979248046875,3208.452715918106,154500
2020-07-27 09:00:00+09:00,3106.527099609375,3124.2533598068608,3044.485188918175,3124.2533598068608,131800
2020-07-28 09:00:00+09:00,3040.05322265625,3141.97920534006,3022.326964798196,3141.97920534006,126500
2020-07-29 09:00:00+09:00,2902.674560546875,3004.6005374821084,2889.379867903149,3004.6005374821084,177800
2020-07-30 09:00:00+09:00,2800.748779296875,2902.6747633535647,2774.1593921516514,2876.0853762083416,172100
2020-07-31 09:00:00+09:00,2641.212158203125,2752.001258798894,2611.077522841076,2752.001258798894,243700
2020-08-03 09:00:00+09:00,2871.65380859375,2978.011357060185,2760.8646956078796,2933.695711865837,357300
2020-08-04 09:00:00+09:00,3013.4638671875,3022.3269962086397,2911.5378834443936,2933.695705997243,348800
2020-08-05 09:00:00+09:00,3031.190185546875,3053.3480085406386,2951.422022769326,3026.7586209481224,261600
2020-08-06 09:00:00+09:00,3062.210693359375,3102.094768960293,3031.189745669772,3040.052873581087,189800
2020-08-07 09:00:00+09:00,2991.30615234375,3053.3480577256946,2978.0114583333334,3053.3480577256946,109100
2020-08-11 09:00:00+09:00,3235.042236328125,3239.4738010354235,3093.2321656945633,3097.6637304018623,213000
2020-08-12 09:00:00+09:00,3252.7685546875,3288.221072994721,3177.431953284656,3252.7685546875,223600
2020-08-13 09:00:00+09:00,3314.810546875,3367.9893257018716,3301.5158521682824,3359.1261958973932,225400
2020-08-14 09:00:00+09:00,3230.6103515625,3283.789122781636,3217.3156587577164,3283.789122781636,126700
2020-08-17 09:00:00+09:00,3177.431396484375,3243.904856661872,3172.999832472542,3212.88390857904,105200
2020-08-18 09:00:00+09:00,3124.252685546875,3137.547377825798,3035.621403687389,3119.8211214539006,215700
2020-08-19 09:00:00+09:00,3128.684814453125,3128.684814453125,3071.074470844215,3115.3901197741457,140800
2020-08-20 09:00:00+09:00,3084.369140625,3195.1582620554955,3066.6428811961205,3110.958529768319,146100
2020-08-21 09:00:00+09:00,3115.389404296875,3150.841915298831,3084.3684571701638,3084.3684571701638,94500
2020-08-24 09:00:00+09:00,3079.937255859375,3106.526642240895,3044.4847406840154,3088.800384653215,116900
2020-08-25 09:00:00+09:00,3199.58984375,3230.6107979137814,3186.2951491083795,3190.72671398892,125200
2020-08-26 09:00:00+09:00,3230.6103515625,3235.0419158307614,3186.294708879887,3186.294708879887,101200
2020-08-27 09:00:00+09:00,3137.547607421875,3217.3157669326006,3124.2529141700875,3217.3157669326006,137200
2020-08-28 09:00:00+09:00,3186.295166015625,3288.2211588088926,3146.411081879129,3217.316120344011,261300
2020-08-31 09:00:00+09:00,3248.336669921875,3305.9470064962056,3235.04197686626,3235.04197686626,158700
2020-09-01 09:00:00+09:00,3208.45263671875,3266.062974118396,3195.1579434726777,3243.905152041609,169500
2020-09-02 09:00:00+09:00,3199.58984375,3217.316103272161,3164.137324705679,3217.316103272161,95300
2020-09-03 09:00:00+09:00,3274.926025390625,3288.2207183218457,3235.041946596964,3252.768203838591,99100
2020-09-04 09:00:00+09:00,3279.357421875,3279.357421875,3181.8630120354733,3190.726140202703,80800
2020-09-07 09:00:00+09:00,3394.578369140625,3434.462449195802,3283.7892578762444,3292.6523867773944,209000
2020-09-08 09:00:00+09:00,3505.36767578125,3527.525499269121,3416.7363818297645,3416.7363818297645,195800
2020-09-09 09:00:00+09:00,3492.07275390625,3514.230575948802,3403.4414657360403,3430.0308521871034,149500
2020-09-10 09:00:00+09:00,3576.2724609375,3585.1355897130575,3492.0727375697024,3505.367430733039,121300
2020-09-11 09:00:00+09:00,3629.451171875,3633.8827361874237,3567.4092715010684,3616.156478937729,179700
2020-09-14 09:00:00+09:00,3687.061767578125,3700.3564614516035,3656.0408152066743,3691.4933322026177,102900
2020-09-15 09:00:00+09:00,3664.90380859375,3669.33537305396,3625.019728451859,3660.47224413354,75500
2020-09-16 09:00:00+09:00,3580.7041015625,3647.177568794477,3567.4094081161043,3611.7250529374223,98500
2020-09-17 09:00:00+09:00,3567.409423828125,3602.8619398413234,3562.977859326475,3576.2725528314245,60100
2020-09-18 09:00:00+09:00,3660.471923828125,3678.1981801178495,3585.1353345967955,3625.0194112486756,165700
2020-09-23 09:00:00+09:00,3514.23046875,3611.724882763241,3500.935775930013,3611.724882763241,196200
2020-09-24 09:00:00+09:00,3385.715087890625,3505.3673226721,3319.241624123139,3505.3673226721,241700
2020-09-25 09:00:00+09:00,3394.578369140625,3443.3255780969525,3332.5364668325715,3421.167755844076,144300
2020-09-28 09:00:00+09:00,3399.009765625,3438.8938437092565,3336.9678663828226,3438.8938437092565,217500
2020-09-29 09:00:00+09:00,3376.85205078125,3403.441437007874,3336.967971441314,3372.420486410146,198100
2020-09-30 09:00:00+09:00,3261.631591796875,3359.12601437776,3261.631591796875,3359.12601437776,135200
2020-10-02 09:00:00+09:00,3323.673095703125,3394.5781217447916,3305.9468391927085,3319.241531575521,222400
2020-10-05 09:00:00+09:00,3376.85205078125,3492.072724429954,3336.967971441314,3385.715179523458,156800
2020-10-06 09:00:00+09:00,3354.6943359375,3412.3046745995707,3341.3996424000993,3376.852158499835,210200
2020-10-07 09:00:00+09:00,3367.989013671875,3385.715271638569,3305.9471107884456,3332.536497738487,148400
2020-10-08 09:00:00+09:00,3367.989013671875,3438.8940455386514,3367.989013671875,3407.8730940969367,143200
2020-10-09 09:00:00+09:00,3336.9677734375,3372.4202863027062,3301.515260572294,3372.4202863027062,102200
2020-10-12 09:00:00+09:00,3283.789306640625,3345.8312098700026,3270.4946130914727,3341.3996453536183,78600
2020-10-13 09:00:00+09:00,3341.3994140625,3350.262542481764,3248.3365656602286,3305.946900385444,159300
2020-10-14 09:00:00+09:00,3217.3154296875,3305.946708742252,3199.5891738765495,3292.6520168840393,140500
2020-10-15 09:00:00+09:00,3261.631591796875,3274.9262857851772,3190.726557192595,3217.3159451692,109200
2020-10-16 09:00:00+09:00,3177.431396484375,3301.5151888157034,3177.431396484375,3301.5151888157034,91800
2020-10-19 09:00:00+09:00,3274.926025390625,3279.357589701032,3190.726303492896,3190.726303492896,64500
2020-10-20 09:00:00+09:00,3257.2001953125,3266.063325095663,3221.7476761798466,3266.063325095663,70800
2020-10-21 09:00:00+09:00,3390.146728515625,3394.578292866626,3283.7891840916054,3283.7891840916054,179100
2020-10-22 09:00:00+09:00,3328.10498046875,3372.420626014273,3328.10498046875,3336.9681095778546,128700
2020-10-23 09:00:00+09:00,3345.830810546875,3403.4411423841057,3332.5361185844367,3367.988630484271,133700
2020-10-26 09:00:00+09:00,3328.10498046875,3376.852190568825,3288.2208994777798,3332.536545023302,95000
2020-10-27 09:00:00+09:00,3274.926025390625,3305.9469755634727,3235.041946596964,3305.9469755634727,82900
2020-10-28 09:00:00+09:00,3186.295166015625,3230.6108150561763,3155.274211687239,3221.747685248066,114300
2020-10-29 09:00:00+09:00,3177.431396484375,3181.862960496208,3102.0948082832115,3119.821064330544,135400
2020-10-30 09:00:00+09:00,3159.705322265625,3226.1787862684077,3150.8421937319204,3181.863143599886,158700
2020-11-02 09:00:00+09:00,3288.220458984375,3332.5360985933285,3168.5682320401993,3168.5682320401993,309200
2020-11-04 09:00:00+09:00,3390.146728515625,3518.6620946946487,3385.715164164624,3456.6201937806372,315600
2020-11-05 09:00:00+09:00,3376.85205078125,3407.873001378978,3266.06294150365,3390.146743894562,237800
2020-11-06 09:00:00+09:00,3399.009765625,3434.4622794776724,3372.420380235495,3381.2835086986634,82600
2020-11-09 09:00:00+09:00,3487.64111328125,3531.9567563979117,3416.736084294592,3456.620163099587,127200
2020-11-10 09:00:00+09:00,3687.061767578125,3731.377413823054,3611.725168961745,3673.767073704646,242000
2020-11-11 09:00:00+09:00,3740.240478515625,3828.8717694757106,3718.082655775603,3766.8298658036506,170400
2020-11-12 09:00:00+09:00,3726.945556640625,3726.945556640625,3633.882706831525,3633.882706831525,130300
2020-11-13 09:00:00+09:00,3602.861572265625,3713.6506735038056,3598.430008216098,3713.6506735038056,133600
2020-11-16 09:00:00+09:00,3757.966552734375,3784.555938720703,3709.2193450927734,3766.8296813964844,144600
2020-11-17 09:00:00+09:00,3749.10302734375,3775.6924105164007,3687.0611332742315,3766.8292827921837,81700
2020-11-18 09:00:00+09:00,3695.9248046875,3749.1035788556655,3673.766982117431,3749.1035788556655,54300
2020-11-19 09:00:00+09:00,3638.314208984375,3691.4929793958395,3607.293259577687,3691.4929793958395,63000
2020-11-20 09:00:00+09:00,3660.471923828125,3660.471923828125,3607.293154958951,3629.450975321107,105000
2020-11-24 09:00:00+09:00,3740.240478515625,3784.556123995668,3687.0617039395734,3749.1036076116334,114400
2020-11-25 09:00:00+09:00,3802.282470703125,3855.4612465171544,3797.8509060519555,3828.8718586101395,144200
2020-11-26 09:00:00+09:00,3859.892578125,3873.1872712758322,3762.3981616855626,3837.734756206946,111600
2020-11-27 09:00:00+09:00,3921.934326171875,3957.3868398547843,3859.892427226783,3886.4818124889653,113300
2020-11-30 09:00:00+09:00,3722.51416015625,3913.071432640439,3700.3563377743676,3908.6398681640626,156800
2020-12-01 09:00:00+09:00,3797.850830078125,3797.850830078125,3718.082667952797,3726.945797077833,121900
2020-12-02 09:00:00+09:00,3757.966552734375,3846.5978393554688,3753.5349884033203,3842.166275024414,81500
2020-12-03 09:00:00+09:00,3744.671875,3744.671875,3695.9246671597634,3722.514053254438,59400
2020-12-04 09:00:00+09:00,3718.08251953125,3744.671905844942,3687.0615688319426,3691.493133217558,59600
2020-12-07 09:00:00+09:00,3629.451171875,3722.5140224358975,3629.451171875,3718.0824581234738,79400
2020-12-08 09:00:00+09:00,3523.093505859375,3593.998532392394,3514.2303775427476,3571.8407116008257,154600
2020-12-09 09:00:00+09:00,3625.019775390625,3633.88290442581,3558.5463076267383,3558.5463076267383,124600
2020-12-10 09:00:00+09:00,3598.43017578125,3629.451125572468,3540.819840454703,3625.0195613165797,101200
2020-12-11 09:00:00+09:00,3523.093505859375,3593.998532392394,3509.798813384434,3562.9775832841983,125200
2020-12-14 09:00:00+09:00,3625.019775390625,3660.4722915313646,3523.0937914859987,3523.0937914859987,122700
2020-12-15 09:00:00+09:00,3576.2724609375,3638.314362366403,3567.409332161942,3576.2724609375,81500
2020-12-16 09:00:00+09:00,3656.041259765625,3704.7884765625004,3651.609694602273,3660.4728249289774,84300
2020-12-17 09:00:00+09:00,3558.546142578125,3673.766814691489,3549.68301395402,3647.177428819174,78500
2020-12-18 09:00:00+09:00,3536.388916015625,3567.409871419271,3514.2310907273068,3531.9573509579614,103900
2020-12-21 09:00:00+09:00,3505.36767578125,3571.841146244864,3461.0520288055072,3536.3886286642696,90200
2020-12-22 09:00:00+09:00,3403.441162109375,3492.07244237264,3394.578034083049,3461.0514942804975,92200
2020-12-23 09:00:00+09:00,3332.53662109375,3452.1888667979138,3301.5156685037814,3443.3257374864943,148500
2020-12-24 09:00:00+09:00,3385.715087890625,3438.893858904614,3363.557266634796,3390.1466521417906,74100
2020-12-25 09:00:00+09:00,3363.557373046875,3416.7361457432685,3341.3995510900445,3412.304581351902,97100
2020-12-28 09:00:00+09:00,3323.673095703125,3367.988736979167,3288.220582682292,3363.5571728515624,132800
2020-12-29 09:00:00+09:00,3367.989013671875,3367.989013671875,3314.8102397717926,3367.989013671875,103700
2020-12-30 09:00:00+09:00,3301.515869140625,3385.7156027160236,3279.3580445155203,3385.7156027160236,141700
2021-01-04 09:00:00+09:00,3230.6103515625,3336.9678940007716,3199.589401684671,3336.9678940007716,141400
2021-01-05 09:00:00+09:00,3341.3994140625,3341.3994140625,3230.610308821701,3230.610308821701,184700
2021-01-06 09:00:00+09:00,3421.16796875,3430.0310982027204,3319.241980043718,3341.3998036755183,144000
2021-01-07 09:00:00+09:00,3616.15625,3664.9034543504904,3545.2512254901962,3545.2512254901962,256900
2021-01-08 09:00:00+09:00,3775.69287109375,3802.282257509903,3651.609067818368,3651.609067818368,225700
2021-01-12 09:00:00+09:00,3647.177490234375,3780.124421834656,3638.314361461023,3735.808777967896,164300
2021-01-13 09:00:00+09:00,3687.061767578125,3691.4933322026177,3629.451427459717,3669.3355090801533,121600
2021-01-14 09:00:00+09:00,3687.061767578125,3731.377413823054,3598.430475088266,3647.1776859576885,177500
2021-01-15 09:00:00+09:00,3598.43017578125,3740.240231969674,3585.135483013585,3709.219282178456,94900
2021-01-18 09:00:00+09:00,3514.23046875,3571.8408043032787,3496.5042116566833,3562.9776757566206,80600
2021-01-19 09:00:00+09:00,3487.64111328125,3540.819885021244,3487.64111328125,3505.3673705279148,89900
2021-01-20 09:00:00+09:00,3558.546142578125,3562.9777068901776,3487.6411135852854,3492.072677897338,101300
2021-01-21 09:00:00+09:00,3620.58837890625,3656.0408966923574,3585.135861120142,3589.5674258434055,84500
2021-01-22 09:00:00+09:00,3638.314208984375,3678.1982867929732,3616.156387979598,3651.6089015872412,105400
2021-01-25 09:00:00+09:00,3740.240478515625,3793.419253091676,3695.9248330355817,3700.356397583586,233100
2021-01-26 09:00:00+09:00,3718.08251953125,3793.4191140867106,3704.787826374404,3740.2403414593264,105700
2021-01-27 09:00:00+09:00,3842.16650390625,3913.071537427011,3780.124599575584,3793.419293360727,205500
2021-01-28 09:00:00+09:00,3846.597900390625,3913.0713664112,3718.082532750846,3718.082532750846,200400
2021-01-29 09:00:00+09:00,3726.945556640625,3855.4609206627156,3726.945556640625,3837.7346635562203,115100
2021-02-01 09:00:00+09:00,3576.2724609375,3629.4512335908457,3505.367430733039,3540.819945835269,272800
2021-02-02 09:00:00+09:00,3691.49267578125,3700.3558034541943,3567.4088883600316,3589.566707542392,156700
2021-02-03 09:00:00+09:00,3709.219482421875,3784.5560788390458,3682.630095451109,3735.808869392641,154400
2021-02-04 09:00:00+09:00,3629.451171875,3744.671843998016,3629.451171875,3731.377151060745,107300
2021-02-05 09:00:00+09:00,3656.041259765625,3704.7884765625004,3633.883433948864,3691.493781072443,109800
2021-02-08 09:00:00+09:00,3731.377197265625,3749.1034547348204,3651.609038654246,3669.335296123441,121000
2021-02-09 09:00:00+09:00,3757.966552734375,3824.4400177001953,3735.8087310791016,3771.261245727539,118600
2021-02-10 09:00:00+09:00,3851.029296875,3873.1871179157074,3797.8505263773013,3811.1452190017258,125900
2021-02-12 09:00:00+09:00,3713.651123046875,3833.303366868194,3695.924864702976,3824.440237696245,95600
2021-02-15 09:00:00+09:00,3766.829345703125,3788.9871653837313,3749.1030899586394,3775.6924735753673,65600
2021-02-16 09:00:00+09:00,3695.9248046875,3784.5560949677756,3673.766982117431,3784.5560949677756,147400
2021-02-17 09:00:00+09:00,3722.51416015625,3731.377289109003,3651.6091285342263,3695.924773297991,93500
2021-02-18 09:00:00+09:00,3638.314208984375,3771.2611350130364,3633.8826447834194,3735.8086214053933,156800
2021-02-19 09:00:00+09:00,3562.977783203125,3629.451249307661,3531.9568323543413,3611.7249916797846,114400
2021-02-22 09:00:00+09:00,3567.409423828125,3651.6091493594718,3554.114730323175,3642.7460203561723,102400
2021-02-24 09:00:00+09:00,3514.23046875,3576.2723685766077,3514.23046875,3558.5461114832915,155000
2021-02-25 09:00:00+09:00,3611.72509765625,3642.746049415261,3562.977887749233,3580.7041458972394,95000
2021-02-26 09:00:00+09:00,3545.25146484375,3562.9777221679688,3487.641128540039,3527.5252075195312,246200
2021-03-01 09:00:00+09:00,3607.29345703125,3625.0197148053594,3549.683119265395,3567.4093770395043,102200
2021-03-02 09:00:00+09:00,3580.7041015625,3651.6091332766086,3540.8200212233137,3633.8828753480816,87200
2021-03-03 09:00:00+09:00,3602.861572265625,3629.450956562788,3531.9565474731894,3554.1143677208256,114700
2021-03-04 09:00:00+09:00,3562.977783203125,3598.430298458877,3514.230574726465,3549.6830899822176,137500
2021-03-05 09:00:00+09:00,3616.15625,3616.15625,3496.504021139706,3531.956533394608,138400
2021-03-08 09:00:00+09:00,3598.43017578125,3682.629896643127,3567.4092259900326,3673.76676813135,125600
2021-03-09 09:00:00+09:00,3718.08251953125,3749.1034702305574,3633.882796204559,3660.472182518251,250700
2021-03-10 09:00:00+09:00,3939.66064453125,3957.386901649501,3749.1033805100533,3757.9665090691788,380200
2021-03-11 09:00:00+09:00,4054.880859375,4116.922752305328,3970.6811475409836,3970.6811475409836,243000
2021-03-12 09:00:00+09:00,4156.80810546875,4161.239670613173,4032.7242814249066,4054.8821071470215,208800
2021-03-15 09:00:00+09:00,4272.02880859375,4334.070720751751,4165.671244894321,4165.671244894321,222500
2021-03-16 09:00:00+09:00,4187.82861328125,4272.0283420138885,4174.533919270833,4254.302083333333,109500
2021-03-17 09:00:00+09:00,4156.80810546875,4192.260626624134,4130.218714602212,4165.671235757596,97100
2021-03-18 09:00:00+09:00,4139.0810546875,4232.143904953493,4112.491668897216,4218.849212058351,136100
2021-03-19 09:00:00+09:00,4227.7119140625,4227.7119140625,4081.4703069722877,4147.943764740566,115700
2021-03-22 09:00:00+09:00,4143.51220703125,4218.848792613637,4121.354387742313,4170.101590177975,142900
2021-03-23 09:00:00+09:00,3966.25,4139.081005586592,3966.25,4139.081005586592,119100
2021-03-24 09:00:00+09:00,3952.95556640625,4023.860598987528,3944.09243733359,3983.976518160559,116600
2021-03-25 09:00:00+09:00,4019.42822265625,4050.4491681453283,4014.9966590149534,4028.2913499388437,80200
2021-03-26 09:00:00+09:00,4001.702392578125,4103.628367139915,3997.2708284667424,4081.4705465830043,93100
2021-03-29 09:00:00+09:00,3944.092529296875,4032.723822090063,3882.050624341643,4019.429128171085,207300
2021-03-30 09:00:00+09:00,3984.15625,4006.4141061452515,3930.7373952513967,3966.349965083799,84500
2021-03-31 09:00:00+09:00,3859.5126953125,3935.1894148284314,3828.3516931588815,3930.7378430922004,160600
2021-04-01 09:00:00+09:00,3814.996826171875,3904.028257354416,3792.73896837624,3863.9641133222726,72600
2021-04-02 09:00:00+09:00,3912.931640625,3917.383212457338,3810.5454884812284,3837.254919475256,99600
2021-04-05 09:00:00+09:00,3944.092529296875,3966.350387814352,3895.1252405584264,3935.1893858898843,76400
2021-04-06 09:00:00+09:00,3872.86669921875,3944.0918339170257,3832.80256095097,3944.0918339170257,94700
2021-04-07 09:00:00+09:00,3966.3505859375,3966.3505859375,3872.867575494529,3872.867575494529,83900
2021-04-08 09:00:00+09:00,3872.86669921875,3926.285550242457,3837.254131869612,3912.93083748653,88100
2021-04-09 09:00:00+09:00,3846.15771484375,3881.770286277488,3828.3514291268807,3850.609286272967,80500
2021-04-12 09:00:00+09:00,3806.09326171875,3841.705830249452,3797.1901195860746,3801.6416906524123,64700
2021-04-13 09:00:00+09:00,3957.446533203125,4001.9622422380307,3837.2541188088794,3837.2541188088794,201100
2021-04-14 09:00:00+09:00,3855.061279296875,3935.189573785725,3837.2549916326866,3904.0285703733944,124300
2021-04-15 09:00:00+09:00,3939.640625,3970.8016242937856,3872.867055084746,3881.7701977401134,103300
2021-04-16 09:00:00+09:00,3961.898681640625,3984.156539402651,3917.3829661165732,3966.3502531930303,60000
2021-04-19 09:00:00+09:00,3952.995361328125,3966.350075386666,3926.285933211043,3935.189075916737,40500
2021-04-20 09:00:00+09:00,3855.061279296875,3899.576998457347,3846.158135464781,3899.576998457347,53600
2021-04-21 09:00:00+09:00,3721.513916015625,3779.384347724002,3699.256057666249,3770.4812043842517,81300
2021-04-22 09:00:00+09:00,3743.771728515625,3806.0937311306293,3725.965442054195,3783.835873053842,78600
2021-04-23 09:00:00+09:00,3699.256103515625,3734.868677316016,3690.352960065527,3721.5139621408694,50200
2021-04-26 09:00:00+09:00,3712.610595703125,3721.51373861848,3676.998024041704,3685.901166957059,69600
2021-04-27 09:00:00+09:00,3748.223388671875,3783.835962435978,3699.256099746233,3699.256099746233,73800
2021-04-28 09:00:00+09:00,3685.90087890625,3734.868161113942,3659.1914522475095,3734.868161113942,73100
2021-04-30 09:00:00+09:00,3668.09521484375,3717.062505333169,3668.09521484375,3685.9015022944477,90700
2021-05-06 09:00:00+09:00,3930.73681640625,3935.1883869797566,3779.3834169070287,3792.738128627548,254000
2021-05-07 09:00:00+09:00,3908.479248046875,4019.7685204855675,3899.5761062517795,3975.2528115100904,169200
2021-05-10 09:00:00+09:00,3952.995361328125,4059.8330737964525,3944.0922186224307,4006.4142175622887,127500
2021-05-11 09:00:00+09:00,3855.061279296875,3979.705292946197,3850.6097073808282,3939.641145701772,110900
2021-05-12 09:00:00+09:00,3739.3203125,3881.770610119048,3699.2561662946428,3855.0611793154762,115900
2021-05-13 09:00:00+09:00,3721.513916015625,3850.6094944420042,3703.7076293361242,3703.7076293361242,129800
2021-05-14 09:00:00+09:00,3766.029296875,3841.706008514332,3766.029296875,3814.9965808769207,65900
2021-05-17 09:00:00+09:00,3739.3203125,3828.351748511905,3708.1593098958333,3828.351748511905,67000
2021-05-18 09:00:00+09:00,3908.479248046875,3912.9308189444228,3783.8352629155397,3783.8352629155397,84900
2021-05-19 09:00:00+09:00,3832.802978515625,3886.2218353590483,3828.3514071120067,3846.157692726481,61700
2021-05-20 09:00:00+09:00,3828.351806640625,3872.867525322493,3792.739231695131,3792.739231695131,64800
2021-05-21 09:00:00+09:00,3783.83544921875,3859.5121582031247,3766.029164751838,3837.254302619485,60000
2021-05-24 09:00:00+09:00,3881.770263671875,3939.6406919146893,3846.1576924455276,3846.1576924455276,65300
2021-05-25 09:00:00+09:00,3979.705810546875,3988.6089555369126,3930.738513101667,3944.0932305867236,115100
2021-05-26 09:00:00+09:00,3877.31884765625,3957.447136126758,3877.31884765625,3930.7377066365884,93700
2021-05-27 09:00:00+09:00,3734.8681640625,3912.9310085946813,3717.061879609282,3912.9310085946813,171900
2021-05-28 09:00:00+09:00,3944.092529296875,3948.5441010003706,3837.254808412987,3837.254808412987,120300
2021-05-31 09:00:00+09:00,3863.96435546875,3961.898935906898,3841.706496278262,3961.898935906898,114700
2021-06-01 09:00:00+09:00,3939.640625,3948.5437676553674,3846.157627118644,3895.124911723164,73200
2021-06-02 09:00:00+09:00,3939.640625,3952.995338983051,3895.124911723164,3895.124911723164,65500
2021-06-03 09:00:00+09:00,4015.3173828125,4042.026811079545,3935.1890980113635,3939.6406693892045,93100
2021-06-04 09:00:00+09:00,4050.930419921875,4064.2851355919474,3993.059985351563,4015.317844801683,100500
2021-06-07 09:00:00+09:00,4001.96337890625,4064.2853892562916,3993.0602345705297,4064.2853892562916,55900
2021-06-08 09:00:00+09:00,3926.2861328125,4001.9628496580926,3912.9314180750425,4001.9628496580926,52100
2021-06-09 09:00:00+09:00,3855.061279296875,3917.383286121536,3855.0612792968755,3912.931714205489,48100
2021-06-10 09:00:00+09:00,3917.3828125,3944.092240767045,3819.4482421875,3855.060813210227,78700
2021-06-11 09:00:00+09:00,3917.3828125,3921.8343838778405,3872.8670987215905,3912.931241122159,84100
2021-06-14 09:00:00+09:00,4024.220703125,4028.672274699253,3921.834556917174,3961.8987010854535,87200
2021-06-15 09:00:00+09:00,4042.027099609375,4073.18810147861,3970.801952479694,3970.801952479694,79000
2021-06-16 09:00:00+09:00,4095.445556640625,4099.897127897842,4050.9298440684443,4050.9298440684443,69800
2021-06-17 09:00:00+09:00,4055.38134765625,4166.670627229692,4050.9297764733124,4117.703344217378,115500
2021-06-18 09:00:00+09:00,3988.60791015625,4055.381480080741,3970.8016248430527,4055.381480080741,123800
2021-06-21 09:00:00+09:00,3774.9326171875,3877.318761285746,3748.2231882923056,3863.9640468381485,166100
2021-06-22 09:00:00+09:00,3935.18896484375,3979.7046771157384,3881.7701101173643,3899.5763950261594,158300
2021-06-23 09:00:00+09:00,3890.67333984375,3966.35005240364,3890.67333984375,3961.8984810765874,76400
2021-06-24 09:00:00+09:00,3886.221923828125,3921.8344958677867,3863.964066303336,3895.1250668380403,61700
2021-06-25 09:00:00+09:00,3926.2861328125,3939.6408475499575,3895.125131758433,3935.1892759708053,62100
2021-06-28 09:00:00+09:00,3988.60791015625,4010.8657667977473,3930.737482888358,3935.1890542166575,73400
2021-06-29 09:00:00+09:00,3997.5107421875,4113.251587729676,3988.607600222717,4113.251587729676,232200
2021-06-30 09:00:00+09:00,3988.60791015625,4068.736194065639,3975.253196171352,4006.414195469448,92400
2021-07-01 09:00:00+09:00,4006.4140625,4019.768776041667,3939.6404947916667,3975.253064236111,102400
2021-07-02 09:00:00+09:00,4024.220703125,4024.220703125,3930.73770006568,3944.0924147884402,71400
2021-07-05 09:00:00+09:00,3939.640625,3988.60790960452,3935.1890536723167,3988.60790960452,47500
2021-07-06 09:00:00+09:00,3912.931640625,3975.2536462777302,3908.480068792662,3961.8989307807165,36100
2021-07-07 09:00:00+09:00,3806.09326171875,3855.060543448465,3788.2869774533992,3828.351117050439,113900
2021-07-08 09:00:00+09:00,3774.9326171875,3850.609332390551,3743.771616809773,3810.5451890477593,123800
2021-07-09 09:00:00+09:00,3730.416748046875,3739.3198906436455,3645.8368933775546,3668.094749869481,186600
2021-07-12 09:00:00+09:00,3917.3828125,3917.3828125,3823.8998135653405,3828.3513849431815,151600
2021-07-13 09:00:00+09:00,3966.3505859375,4001.963161344346,3917.3832947530864,3944.0927263082212,135800
2021-07-14 09:00:00+09:00,3961.898681640625,3961.898681640625,3872.8672505925215,3895.125108354547,102400
2021-07-15 09:00:00+09:00,3810.544921875,3872.8669182608064,3788.2870660229264,3872.8669182608064,150000
2021-07-16 09:00:00+09:00,3837.25439453125,3850.609108201312,3779.3839686276465,3792.7386822977087,116600
2021-07-19 09:00:00+09:00,3659.191650390625,3739.3199347057484,3632.482222285584,3739.3199347057484,164400
2021-07-20 09:00:00+09:00,3583.51513671875,3623.5792811044257,3570.160421923525,3596.8698515139754,134100
2021-07-21 09:00:00+09:00,3583.51513671875,3681.449711883735,3583.51513671875,3663.643425490101,133400
2021-07-26 09:00:00+09:00,3645.8369140625,3650.2884853861415,3596.869629502442,3636.9337714152166,101900
2021-07-27 09:00:00+09:00,3717.06201171875,3721.5135829902692,3668.094727732036,3685.901012818114,92800
2021-07-28 09:00:00+09:00,3672.546875,3712.6110227272725,3632.482727272727,3712.6110227272725,91600
2021-07-29 09:00:00+09:00,3734.8681640625,3752.6744485157183,3703.7071662693684,3703.7071662693684,82700
2021-07-30 09:00:00+09:00,3650.2890625,3757.1267911585364,3605.7733422256097,3757.1267911585364,196800
2021-08-02 09:00:00+09:00,3810.544921875,3872.8669182608064,3752.674496659609,3872.8669182608064,278800
2021-08-03 09:00:00+09:00,3801.64208984375,3814.9968044450748,3721.513802235802,3766.029517573551,173600
2021-08-04 09:00:00+09:00,3690.3525390625,3801.6418194926114,3676.9978254108864,3792.7386770582025,102500
2021-08-05 09:00:00+09:00,3645.8369140625,3703.707341269841,3614.6759147970083,3681.449484651633,131700
2021-08-06 09:00:00+09:00,3739.3203125,3739.3203125,3623.5794456845238,3645.8373046875,138700
2021-08-10 09:00:00+09:00,3779.3837890625,3828.351070192874,3748.2227919795346,3766.0290760269436,162000
2021-08-11 09:00:00+09:00,3890.67333984375,3921.8343391331164,3819.4481986109126,3841.706055246174,178400
2021-08-12 09:00:00+09:00,3837.25439453125,3952.995246338457,3832.802823307896,3939.640532668395,104200
2021-08-13 09:00:00+09:00,3783.83544921875,3837.254302619485,3743.7713091681985,3832.802731502757,77100
2021-08-16 09:00:00+09:00,3650.2890625,3708.159498856707,3632.482774390244,3708.159498856707,89000
2021-08-17 09:00:00+09:00,3619.12744140625,3690.3525817045283,3601.321156331681,3663.6431540926737,120200
2021-08-18 09:00:00+09:00,3596.86962890625,3610.224342874961,3534.547630385597,3605.7727715520573,80800
2021-08-19 09:00:00+09:00,3467.7744140625,3547.902706043405,3467.7744140625,3534.5479907132544,143400
2021-08-20 09:00:00+09:00,3369.839111328125,3441.0642444605555,3369.839111328125,3441.0642444605555,118400
2021-08-23 09:00:00+09:00,3467.7744140625,3494.4838447228017,3418.807124518614,3423.2586962953305,83100
2021-08-24 09:00:00+09:00,3565.70849609375,3579.063209562266,3512.2896422196864,3525.6443556882023,78400
2021-08-25 09:00:00+09:00,3556.805908203125,3668.095204454787,3543.4511926529253,3641.385773354388,115600
2021-08-26 09:00:00+09:00,3530.095947265625,3565.708516721016,3530.095947265625,3534.547518447549,103400
2021-08-27 09:00:00+09:00,3556.805908203125,3556.805908203125,3476.677614901928,3516.7417615525264,95400
2021-08-30 09:00:00+09:00,3605.77294921875,3650.288664641204,3561.2572337962965,3561.2572337962965,79200
2021-08-31 09:00:00+09:00,3654.740234375,3681.4496636152558,3601.3213758944885,3605.772947434531,79400
2021-09-01 09:00:00+09:00,3708.15869140625,3708.15869140625,3663.6429808251423,3676.997693999475,98100
2021-09-02 09:00:00+09:00,3752.675048828125,3766.0297643043814,3699.256186923098,3712.610902399355,89100
2021-09-03 09:00:00+09:00,3841.7060546875,3855.060768666715,3743.7714855065906,3752.6746281594005,116600
2021-09-06 09:00:00+09:00,3877.31884765625,3908.479848728114,3819.4484170942164,3904.0282771464194,124600
2021-09-07 09:00:00+09:00,3948.5439453125,3948.5439453125,3863.9640862810033,3863.9640862810033,152800
2021-09-08 09:00:00+09:00,4001.96337890625,4001.96337890625,3890.674074709747,3899.5772190454672,140200
2021-09-09 09:00:00+09:00,3948.5439453125,4010.8659467041293,3935.18923072858,3939.640802256553,128400
2021-09-10 09:00:00+09:00,3908.479248046875,3993.0590951002814,3890.6729644566844,3939.640244329709,170200
2021-09-13 09:00:00+09:00,4006.4140625,4019.768776041667,3948.543637152778,3988.607777777778,138200
2021-09-14 09:00:00+09:00,4180.025390625,4184.476961861023,4037.5751110722845,4046.478253544329,199700
2021-09-15 09:00:00+09:00,4131.05810546875,4171.122246577822,4113.2518205313845,4122.154963000067,105700
2021-09-16 09:00:00+09:00,4095.445556640625,4184.4769817849865,4090.9939853834067,4184.4769817849865,77900
2021-09-17 09:00:00+09:00,4157.767578125,4166.670720690578,4068.7361524692183,4095.445580165953,97700
2021-09-21 09:00:00+09:00,3970.802001953125,3993.059860708468,3944.092571446714,3970.802001953125,115000
2021-09-22 09:00:00+09:00,3904.0283203125,3952.9956082525655,3895.1251770506697,3944.092464990735,83500
2021-09-24 09:00:00+09:00,4024.220703125,4059.8332757190265,3993.0597021052267,4024.220703125,89300
2021-09-27 09:00:00+09:00,3921.834716796875,4015.317723667175,3921.834716796875,4006.414580155718,70600
2021-09-28 09:00:00+09:00,3948.5439453125,3970.801802952368,3868.415657808977,3908.4798015607385,97800
2021-09-29 09:00:00+09:00,3881.619140625,3890.542403017241,3828.0795662715514,3850.387722252155,103300
2021-09-30 09:00:00+09:00,3881.619140625,3957.4668709590514,3845.9260910560342,3939.620346174569,120800
2021-10-01 09:00:00+09:00,3716.538818359375,3810.2330742844015,3707.615555890325,3792.3865493463013,87900
2021-10-04 09:00:00+09:00,3640.69091796875,3787.924741857192,3622.8443938610603,3761.1549556956575,108400
2021-10-05 09:00:00+09:00,3533.6123046875,3613.9216752485795,3484.5343560112847,3613.9216752485795,159400
2021-10-06 09:00:00+09:00,3555.920166015625,3694.2307370902604,3551.458534690637,3596.0748479405192,146100
2021-10-07 09:00:00+09:00,3542.53515625,3613.9212551164987,3529.1502627125315,3604.9979927581862,64200
2021-10-08 09:00:00+09:00,3555.920166015625,3627.306267215437,3551.458534690637,3591.6132166155307,82200
2021-10-11 09:00:00+09:00,3591.613525390625,3600.536788807745,3520.2274180536688,3542.5355765964678,54700
2021-10-12 09:00:00+09:00,3560.38232421875,3587.1521161301694,3542.535796277804,3555.9206922335134,82800
2021-10-13 09:00:00+09:00,3546.996826171875,3609.4596633623228,3529.150301260318,3591.613138450766,76800
2021-10-14 09:00:00+09:00,3533.6123046875,3542.5355680831753,3488.9959877091223,3533.6123046875,90700
2021-10-15 09:00:00+09:00,3671.922607421875,3671.922607421875,3560.3818234783184,3560.3818234783184,106600
2021-10-18 09:00:00+09:00,3721.000732421875,3738.8472587164642,3676.384416685402,3707.615837700933,66700
2021-10-19 09:00:00+09:00,3747.7705078125,3756.6937709263393,3694.2309291294646,3738.8472446986607,74100
2021-10-20 09:00:00+09:00,3747.7705078125,3828.079875837054,3729.9239815848214,3796.848454938616,67200
2021-10-21 09:00:00+09:00,3707.61572265625,3792.3867199251654,3707.61572265625,3787.9250884899593,69700
2021-10-22 09:00:00+09:00,3680.84619140625,3721.000877130682,3649.6147691761366,3658.538032670455,66400
2021-10-25 09:00:00+09:00,3752.232177734375,3770.0787041445265,3676.3844404912306,3676.3844404912306,82600
2021-10-26 09:00:00+09:00,3863.773193359375,3877.15808894838,3810.233611003356,3814.6952428663576,66900
2021-10-27 09:00:00+09:00,3859.311279296875,3881.6194369806717,3832.5414900763185,3850.388016223356,92300
2021-10-28 09:00:00+09:00,3667.4609375,3765.616826338199,3613.921361770073,3747.7703010948903,326000
2021-10-29 09:00:00+09:00,3654.076171875,3676.3843292124543,3578.228436927656,3636.2296460050366,190100
2021-11-01 09:00:00+09:00,3738.84716796875,3738.84716796875,3569.305172285203,3680.8459589191157,305300
2021-11-02 09:00:00+09:00,3631.76806640625,3752.2321177489634,3627.3064348750386,3738.8472231553287,86200
2021-11-04 09:00:00+09:00,3680.84619140625,3685.307823153409,3627.306610440341,3671.9229279119318,87300
2021-11-05 09:00:00+09:00,3542.53515625,3636.22941101228,3533.611893891688,3636.22941101228,241200
2021-11-08 09:00:00+09:00,3493.457275390625,3591.613163077207,3471.14911909822,3578.228269301764,131700
2021-11-09 09:00:00+09:00,3417.60986328125,3529.1506551637976,3417.60986328125,3524.6890234884954,104700
2021-11-10 09:00:00+09:00,3395.30126953125,3448.840842769588,3372.993114015276,3399.762900634445,91400
2021-11-11 09:00:00+09:00,3390.84033203125,3462.2264442845394,3390.84033203125,3413.148492110403,109900
2021-11-12 09:00:00+09:00,3466.6875,3506.8421814671815,3435.4560810810813,3435.4560810810813,93100
2021-11-15 09:00:00+09:00,3480.07275390625,3497.919280849359,3448.8413317558093,3484.5343856420272,110300
2021-11-16 09:00:00+09:00,3408.686279296875,3462.225854364365,3395.301385530003,3457.764223108741,136200
2021-11-17 09:00:00+09:00,3346.223388671875,3422.0711188151045,3346.223388671875,3408.686225260417,138600
2021-11-18 09:00:00+09:00,3319.453857421875,3337.3003835370464,3274.8375421339465,3328.3771204794607,109300
2021-11-19 09:00:00+09:00,3417.60986328125,3426.533126631854,3292.684176372797,3319.4539664246086,118700
2021-11-22 09:00:00+09:00,3422.071044921875,3422.071044921875,3337.3000542393256,3386.377996213433,65400
2021-11-24 09:00:00+09:00,3422.071044921875,3462.2257247188722,3395.301258390544,3430.9943070989857,68700
2021-11-25 09:00:00+09:00,3426.532958984375,3448.8411162694297,3399.7631702423096,3430.9945904413858,49100
2021-11-26 09:00:00+09:00,3341.761962890625,3422.071329155019,3328.3770685132263,3422.071329155019,74400
2021-11-29 09:00:00+09:00,3140.988525390625,3248.067679665305,3132.0652625344014,3248.067679665305,190300
2021-11-30 09:00:00+09:00,3082.987060546875,3243.6057786072042,3078.5254294896436,3221.2976233210475,125800
2021-12-01 09:00:00+09:00,3109.757080078125,3145.4501312124507,3074.0640289437993,3082.9872917273806,120200
2021-12-02 09:00:00+09:00,3172.22021484375,3203.4516374934074,3082.9875787018727,3082.9875787018727,120100
2021-12-03 09:00:00+09:00,3270.3759765625,3274.8376081812758,3154.373554474335,3176.681712568213,87000
2021-12-06 09:00:00+09:00,3265.91455078125,3323.915765480917,3230.221495581455,3252.529655081327,99700
2021-12-07 09:00:00+09:00,3377.454833984375,3381.916465204962,3301.6071032343957,3314.9919968961567,101100
2021-12-08 09:00:00+09:00,3395.30126953125,3430.994318356809,3368.531482912081,3390.8396384280554,118300
2021-12-09 09:00:00+09:00,3368.531494140625,3404.2245430851617,3350.684969668357,3377.454756376759,42800
2021-12-10 09:00:00+09:00,3422.071044921875,3444.3792003646513,3381.9163651248778,3381.9163651248778,103200
2021-12-13 09:00:00+09:00,3471.1494140625,3497.9192038881747,3453.30288751205,3462.226150787275,129900
2021-12-14 09:00:00+09:00,3484.5341796875,3511.3039685199265,3448.8411279109314,3506.8423370478554,134900
2021-12-15 09:00:00+09:00,3542.53515625,3569.304943324937,3493.4572132792823,3493.4572132792823,126600
2021-12-16 09:00:00+09:00,3613.92138671875,3654.0760687934026,3596.0748613522373,3618.3830180603777,189000
2021-12-17 09:00:00+09:00,3573.7666015625,3622.8445449048068,3538.0735518590045,3591.6131264142477,151600
2021-12-20 09:00:00+09:00,3417.60986328125,3560.382076890911,3417.60986328125,3560.382076890911,116000
2021-12-21 09:00:00+09:00,3466.6875,3484.534025096525,3413.147924710425,3480.0723938223937,64700
2021-12-22 09:00:00+09:00,3453.302490234375,3506.842063726381,3426.532703488372,3493.4571703533793,83800
2021-12-23 09:00:00+09:00,3542.53515625,3573.766574504093,3475.6106885626573,3480.0723197418138,102300
2021-12-24 09:00:00+09:00,3573.7666015625,3596.0747576271847,3533.6119206460676,3560.381707923689,69200
2021-12-27 09:00:00+09:00,3551.458740234375,3587.151792900047,3529.1505823183297,3573.76689815042,82900
2021-12-28 09:00:00+09:00,3645.153076171875,3649.614707844056,3578.22860108916,3596.075127777884,122200
2021-12-29 09:00:00+09:00,3631.76806640625,3649.6145925310966,3591.613382625346,3600.5366456877687,45600
2021-12-30 09:00:00+09:00,3667.4609375,3703.1539879866177,3640.6911496350363,3649.6144122566907,91000
2022-01-04 09:00:00+09:00,3707.61572265625,3721.000616961868,3631.7679882577468,3694.230828350632,141200
2022-01-05 09:00:00+09:00,3756.69384765625,3756.69384765625,3694.2310045835807,3729.9240577679634,130000
2022-01-06 09:00:00+09:00,3676.384765625,3734.3859815875303,3667.4615016307644,3712.0778216019417,89600
2022-01-07 09:00:00+09:00,3640.69091796875,3729.9235385071997,3613.9211318072153,3703.153752345665,67600
2022-01-11 09:00:00+09:00,3596.0751953125,3604.9984588244415,3515.7658237050246,3578.2286682886165,130800
2022-01-12 09:00:00+09:00,3654.076171875,3694.2308550824177,3622.844751602564,3631.7680145375457,72700
2022-01-13 09:00:00+09:00,3662.99951171875,3716.5390904527635,3662.99951171875,3698.6925642080923,102100
2022-01-14 09:00:00+09:00,3631.76806640625,3725.462328561694,3604.9982772189805,3725.462328561694,111700
2022-01-17 09:00:00+09:00,3591.613525390625,3667.4612644361414,3582.6902619735056,3640.6914741847827,69100
2022-01-18 09:00:00+09:00,3573.7666015625,3658.5375946083022,3551.4584454978153,3622.8445449048068,84400
2022-01-19 09:00:00+09:00,3488.99560546875,3582.6898608585757,3480.0723430506714,3524.688655141065,105600
2022-01-20 09:00:00+09:00,3529.150634765625,3564.8436879617375,3457.7645283734,3488.9959499199986,105300
2022-01-21 09:00:00+09:00,3417.60986328125,3435.4563899824575,3377.4551782035333,3435.4563899824575,139800
2022-01-24 09:00:00+09:00,3520.22705078125,3538.073575753525,3404.2246384614623,3404.2246384614623,86600
2022-01-25 09:00:00+09:00,3444.3798828125,3511.304362400826,3417.61009097717,3511.304362400826,74000
2022-01-26 09:00:00+09:00,3471.1494140625,3502.380835525787,3426.533097686375,3457.764519149662,90500
2022-01-27 09:00:00+09:00,3386.37841796875,3520.227367295578,3364.070259747612,3506.8424723628955,137800
2022-01-28 09:00:00+09:00,3524.688720703125,3546.9968771632716,3453.3026200306567,3480.072407782832,145200
2022-01-31 09:00:00+09:00,3497.9189453125,3520.227101851483,3364.0700060786035,3462.2258948501276,176300
2022-02-01 09:00:00+09:00,3216.836181640625,3475.61079819424,3212.374550320735,3417.609591035671,399900
2022-02-02 09:00:00+09:00,3323.91552734375,3337.3004220847315,3163.2967904519714,3230.221264156879,207200
2022-02-03 09:00:00+09:00,3323.91552734375,3337.3004220847315,3274.837579960151,3310.5306326027685,188200
2022-02-04 09:00:00+09:00,3328.37744140625,3332.8390733652395,3230.2215383084786,3279.2994898573643,156800
2022-02-07 09:00:00+09:00,3364.070068359375,3381.916593920963,3301.607228893816,3332.8386486265954,92100
2022-02-08 09:00:00+09:00,3337.30029296875,3395.301501269009,3332.838661561038,3355.146818599599,58100
2022-02-09 09:00:00+09:00,3381.9169921875,3395.301887934944,3341.762304945168,3355.1472006926124,113300
2022-02-10 09:00:00+09:00,3355.14697265625,3430.994710070022,3350.685341043675,3408.686552007148,81800
2022-02-14 09:00:00+09:00,3310.5302734375,3323.915166726331,3261.4523313784534,3301.607011244946,71200
2022-02-15 09:00:00+09:00,3256.99072265625,3359.6082385755562,3234.682567021618,3328.376820687072,78700
2022-02-16 09:00:00+09:00,3256.99072265625,3301.6070339255134,3252.5290915293235,3288.2221405447344,99400
2022-02-17 09:00:00+09:00,3310.5302734375,3328.376797822608,3248.0674380896226,3283.7604868598382,147300
2022-02-18 09:00:00+09:00,3314.991943359375,3337.3000991020353,3252.529107279925,3265.9140007255214,143000
2022-02-21 09:00:00+09:00,3301.607177734375,3306.0688090556378,3248.0676018792233,3265.914127164274,106300
2022-02-22 09:00:00+09:00,3252.529296875,3270.3758225094307,3212.374614197531,3243.6060340577847,209400
2022-02-24 09:00:00+09:00,3288.22216796875,3319.453586117707,3216.836069342563,3225.759331670836,228700
2022-02-25 09:00:00+09:00,3256.99072265625,3301.6070339255134,3225.759304767765,3301.6070339255134,144700
2022-02-28 09:00:00+09:00,3350.685302734375,3359.608565857502,3288.2224608724823,3297.14572399561,93000
2022-03-01 09:00:00+09:00,3283.7607421875,3323.915425176206,3216.836270539657,3256.9909535283628,193000
2022-03-02 09:00:00+09:00,3194.528076171875,3239.1443900848903,3172.2199192153676,3234.6827586935888,234300
2022-03-03 09:00:00+09:00,3288.22216796875,3350.685004266664,3225.759331670836,3252.5291186556565,246100
2022-03-04 09:00:00+09:00,3181.143310546875,3288.2224682651427,3181.143310546875,3265.9143104071704,184800
2022-03-07 09:00:00+09:00,3109.757080078125,3190.066445130358,3074.0640289437993,3167.7582881714043,214200
2022-03-08 09:00:00+09:00,3065.140625,3127.6034616084426,3024.9859443231444,3056.2173626273657,139700
2022-03-09 09:00:00+09:00,3069.602294921875,3154.373288531636,3060.679032436637,3065.140663679256,241600
2022-03-10 09:00:00+09:00,3239.14453125,3265.914320764463,3172.2200574638427,3194.528215392562,121800
2022-03-11 09:00:00+09:00,3261.452392578125,3270.37565493812,3181.143031338171,3181.143031338171,75300
2022-03-14 09:00:00+09:00,3346.223388671875,3377.454806966146,3319.4536015625,3319.4536015625,70800
2022-03-15 09:00:00+09:00,3310.5302734375,3372.993108785377,3301.607011244946,3306.068642341223,78400
2022-03-16 09:00:00+09:00,3301.607177734375,3341.761859625739,3288.222283770587,3319.4537030194256,87100
2022-03-17 09:00:00+09:00,3448.84130859375,3448.84130859375,3377.4552013007356,3386.3784647123625,118600
2022-03-18 09:00:00+09:00,3439.91796875,3471.1493899967577,3417.6098107166017,3435.4563371433205,112800
2022-03-22 09:00:00+09:00,3511.303955078125,3533.6121123530816,3466.6876405282123,3493.45742925816,117500
2022-03-23 09:00:00+09:00,3524.688720703125,3542.5352458712423,3497.9189329509495,3524.688720703125,89200
2022-03-24 09:00:00+09:00,3520.22705078125,3520.22705078125,3439.917688406012,3493.457263322837,103200
2022-03-25 09:00:00+09:00,3529.150634765625,3560.3820563122235,3515.7657398170827,3538.0738980646533,86000
2022-03-28 09:00:00+09:00,3524.688720703125,3551.4585084553005,3493.45730165892,3538.073614579213,77500
2022-03-29 09:00:00+09:00,3569.304931640625,3573.766562805176,3493.457201843262,3515.7653576660155,84700
2022-03-30 09:00:00+09:00,3515.087890625,3587.377615882069,3487.979243653599,3555.7508610821014,95700
2022-03-31 09:00:00+09:00,3501.53369140625,3533.160447328629,3474.4250434727824,3492.497475428427,87800
2022-04-01 09:00:00+09:00,3515.087890625,3528.6422141107005,3451.8343810250644,3487.979243653599,62400
2022-04-04 09:00:00+09:00,3551.23291015625,3555.7510181844386,3510.5699379025523,3555.7510181844386,54400
2022-04-05 09:00:00+09:00,3555.750732421875,3596.4137014076396,3537.678301761535,3564.786947752045,59700
2022-04-06 09:00:00+09:00,3497.01513671875,3533.1599960130006,3497.01513671875,3519.6056737776566,98800
2022-04-07 09:00:00+09:00,3393.098876953125,3451.8342769536453,3388.5807692607773,3451.8342769536453,113800
2022-04-08 09:00:00+09:00,3375.026611328125,3406.653366722097,3361.4722875878515,3388.580935068399,114700
2022-04-11 09:00:00+09:00,3438.27978515625,3483.4608598626396,3411.171140332416,3420.2073552736942,83300
2022-04-12 09:00:00+09:00,3338.8818359375,3420.2077805205513,3338.8818359375,3402.1353483909843,149000
2022-04-13 09:00:00+09:00,3442.798095703125,3487.9791730745574,3370.508371908834,3370.508371908834,141400
2022-04-14 09:00:00+09:00,3524.124267578125,3542.1966997195514,3433.7621068709936,3438.28021490635,114200
2022-04-15 09:00:00+09:00,3519.606201171875,3546.714849704649,3483.461336461509,3497.015660727896,79600
2022-04-18 09:00:00+09:00,3506.05126953125,3546.714235286123,3478.942625694668,3501.5331622251533,107500
2022-04-19 09:00:00+09:00,3551.23291015625,3573.823450297193,3510.5699379025523,3510.5699379025523,74600
2022-04-20 09:00:00+09:00,3519.606201171875,3614.486471036585,3519.606201171875,3555.7510658822407,85600
2022-04-21 09:00:00+09:00,3546.71484375,3564.7872760748405,3519.6061952627388,3524.124303343949,89600
2022-04-22 09:00:00+09:00,3591.8955078125,3605.4498304834906,3542.196324685535,3542.196324685535,119900
2022-04-25 09:00:00+09:00,3501.53369140625,3533.160447328629,3469.9069354838707,3524.1242313508064,119000
2022-04-26 09:00:00+09:00,3501.53369140625,3528.6423393397176,3483.4612594506048,3506.051799395161,77600
2022-04-27 09:00:00+09:00,3474.4248046875,3487.979127722692,3420.2075125467327,3442.798050938719,124300
2022-04-28 09:00:00+09:00,3600.931884765625,3609.9681002857396,3474.4248674840223,3474.4248674840223,180800
2022-05-02 09:00:00+09:00,3759.065673828125,3826.8372905437764,3691.2940571124736,3750.029458266038,348000
2022-05-06 09:00:00+09:00,3835.873291015625,3881.054366292605,3727.4387103508725,3750.0292479893624,166600
2022-05-09 09:00:00+09:00,3799.728759765625,3840.391731035412,3740.9933568203774,3840.391731035412,130800
2022-05-10 09:00:00+09:00,3722.921142578125,3822.3195225984146,3691.294385298942,3772.62033258827,173100
2022-05-11 09:00:00+09:00,3727.439208984375,3740.9935333806816,3646.113262606534,3686.7762357954543,93800
2022-05-12 09:00:00+09:00,3740.992919921875,3772.619671660345,3682.257523836145,3700.3299534009852,74200
2022-05-13 09:00:00+09:00,3799.728759765625,3822.319299359951,3745.5114647392425,3763.5838964147033,71000
2022-05-16 09:00:00+09:00,3772.61962890625,3853.945561026385,3768.1015215662424,3840.3912390063624,64400
2022-05-17 09:00:00+09:00,3808.76513671875,3822.31946104871,3772.6202718388568,3813.2832448287368,32000
2022-05-18 09:00:00+09:00,3781.65625,3840.3916517323773,3754.5476030465948,3822.319220430107,57600
2022-05-19 09:00:00+09:00,3772.61962890625,3786.1739509262725,3650.630730726048,3655.1488380660553,56700
2022-05-20 09:00:00+09:00,3790.692138671875,3804.246460979403,3731.9567420059225,3763.58349405682,47300
2022-05-23 09:00:00+09:00,3795.210693359375,3849.4279889787945,3790.69258539109,3835.8736650739397,47100
2022-05-24 09:00:00+09:00,3890.090576171875,3989.4889416489727,3790.6922106947773,3804.246533259836,165700
2022-05-25 09:00:00+09:00,3858.464111328125,3935.2719449259916,3840.3916798933333,3903.6451899151057,66500
2022-05-26 09:00:00+09:00,3853.946533203125,3890.0914010409033,3795.2111229667353,3835.874099284236,87700
2022-05-27 09:00:00+09:00,3858.464111328125,3944.308160643388,3858.464111328125,3917.1995134912,82700
2022-05-30 09:00:00+09:00,3876.53662109375,3926.23580854367,3862.982297243772,3921.7177005936774,68300
2022-05-31 09:00:00+09:00,3822.31884765625,3876.5361362754875,3795.2102033466313,3831.355062426123,139200
2022-06-01 09:00:00+09:00,3966.898193359375,4021.1154807401413,3872.0179404430346,3885.5722622882263,212300
2022-06-02 09:00:00+09:00,4283.166015625,4283.166015625,3980.452805659942,3994.0071284941982,707500
2022-06-03 09:00:00+09:00,4183.767578125,4265.093513768898,4170.213255517684,4219.912438411177,304100
2022-06-06 09:00:00+09:00,4265.09375,4265.09375,4170.213486493644,4215.394564353814,297000
2022-06-07 09:00:00+09:00,4346.419921875,4364.492353982588,4265.093977390852,4287.6845175253375,308500
2022-06-08 09:00:00+09:00,4323.830078125,4391.601709443574,4292.203316842999,4364.493056916144,181500
2022-06-09 09:00:00+09:00,4247.021484375,4278.648240109707,4179.249864943484,4274.130132147607,247300
2022-06-10 09:00:00+09:00,4134.06787109375,4233.466224278518,4111.47733627903,4219.911903389686,144800
2022-06-13 09:00:00+09:00,4061.779541015625,4088.888192012392,4016.598456021013,4025.6346730199352,145100
2022-06-14 09:00:00+09:00,4052.74267578125,4057.2607835580407,4016.5978135669247,4025.634029120506,73400
2022-06-15 09:00:00+09:00,4016.597412109375,4075.3328073370712,3975.9344461825085,4052.7422707110345,81200
2022-06-16 09:00:00+09:00,4061.779541015625,4102.442517510776,4039.188998518319,4057.261432516164,109400
2022-06-17 09:00:00+09:00,4016.597412109375,4030.1517340849973,3903.6447289791904,3912.680943629605,126500
2022-06-20 09:00:00+09:00,3908.163330078125,4066.2971064396675,3885.5727905979047,4039.188459063403,130900
2022-06-21 09:00:00+09:00,4039.189208984375,4075.3340788634296,3984.9719041657927,3998.526230370438,124300
2022-06-22 09:00:00+09:00,3994.007080078125,4070.814908541166,3994.007080078125,4039.1881556446197,149600
2022-06-23 09:00:00+09:00,3908.163330078125,3980.4530564148304,3890.0908984939488,3966.898732726698,161400
2022-06-24 09:00:00+09:00,3799.728759765625,3844.909838954277,3781.656328090164,3844.909838954277,186000
2022-06-27 09:00:00+09:00,3862.98193359375,3881.0543636924344,3804.2465357730266,3849.427611019737,146400
2022-06-28 09:00:00+09:00,3912.681640625,3917.199748755052,3862.9824511944284,3899.1273162348443,104400
2022-06-29 09:00:00+09:00,3881.05419921875,3912.6809505511496,3844.9093405531503,3912.6809505511496,92000
2022-06-30 09:00:00+09:00,3813.283203125,3849.428067609597,3772.620230579828,3840.3918514884476,112000
2022-07-01 09:00:00+09:00,3713.884521484375,3840.391536814743,3686.7758753421535,3813.2828906725213,173900
2022-07-04 09:00:00+09:00,3781.65625,3786.1743578255673,3727.43895609319,3768.101926523297,101000
2022-07-05 09:00:00+09:00,3795.210693359375,3849.4279889787945,3772.62015351795,3840.3917730422245,96100
2022-07-06 09:00:00+09:00,3768.10205078125,3804.246914577713,3709.366647111998,3731.9571869847873,102600
2022-07-07 09:00:00+09:00,3876.53662109375,3899.1271608437137,3795.2106779938813,3831.355541593823,142500
2022-07-08 09:00:00+09:00,3930.75341796875,4034.6698876391883,3930.75341796875,3930.75341796875,195800
2022-07-11 09:00:00+09:00,3921.7177734375,4012.0799341157835,3903.6453413018435,4012.0799341157835,127700
2022-07-12 09:00:00+09:00,3822.31884765625,3903.644780585106,3799.7283107315675,3903.644780585106,112200
2022-07-13 09:00:00+09:00,3881.05419921875,3899.1266285515494,3840.39123321995,3858.46366255275,79400
2022-07-14 09:00:00+09:00,3953.3447265625,3998.525809151786,3840.392020089286,3840.392020089286,129500
2022-07-15 09:00:00+09:00,3921.7177734375,3989.4893939462127,3921.7177734375,3989.4893939462127,90500
2022-07-19 09:00:00+09:00,4066.296875,4066.296875,3975.9347222222223,3984.9709375,125500
2022-07-20 09:00:00+09:00,4106.95947265625,4138.586223270764,4084.368936503025,4129.550008809475,139400
2022-07-21 09:00:00+09:00,4206.35888671875,4206.35888671875,4079.85185253172,4084.3699608955426,257900
2022-07-22 09:00:00+09:00,4260.576171875,4274.130496918081,4174.732113268823,4174.732113268823,191800
2022-07-25 09:00:00+09:00,4215.39453125,4274.129932006967,4206.358315748928,4260.575608755359,113300
2022-07-26 09:00:00+09:00,4188.28564453125,4228.948611953883,4170.213214565635,4224.43050446248,141200
2022-07-27 09:00:00+09:00,4197.322265625,4215.394697339209,4134.068754625269,4170.213618053687,149800
2022-07-28 09:00:00+09:00,4129.55078125,4197.322402386488,4093.405916643873,4197.322402386488,145800
2022-07-29 09:00:00+09:00,4066.296875,4111.477951388889,4039.188229166667,4111.477951388889,180900
2022-08-01 09:00:00+09:00,4066.296875,4183.767673611112,4039.188229166667,4097.923628472223,212900
2022-08-02 09:00:00+09:00,4075.3330078125,4088.8873304548915,4021.115717242932,4088.8873304548915,159500
2022-08-03 09:00:00+09:00,4003.043701171875,4039.1885652908086,3980.453161097542,4025.6342412462086,121600
2022-08-04 09:00:00+09:00,3957.8623046875,4030.1520271475456,3948.826089379994,4030.1520271475456,80400
2022-08-05 09:00:00+09:00,4061.779541015625,4070.8157580145476,3953.344937028556,3953.344937028556,122800
2022-08-08 09:00:00+09:00,4097.923828125,4097.923828125,4034.670318098815,4061.7789652528945,78400
2022-08-09 09:00:00+09:00,4093.405517578125,4134.068486295789,4061.7787641310533,4106.959840484013,89400
2022-08-10 09:00:00+09:00,4043.706298828125,4079.8511595997734,4034.6700836352134,4079.8511595997734,45500
2022-08-12 09:00:00+09:00,4152.1416015625,4165.695926703618,4075.3337590961646,4088.888084237283,134200
2022-08-15 09:00:00+09:00,4152.1416015625,4192.8045769858545,4138.587276421382,4179.250251844736,66400
2022-08-16 09:00:00+09:00,4102.44189453125,4138.586757038133,4043.7064929575645,4138.586757038133,91000
2022-08-17 09:00:00+09:00,4143.10498046875,4156.659304287077,4084.369577255998,4138.586872529308,105400
2022-08-18 09:00:00+09:00,4097.923828125,4111.47815170204,4066.2970731119076,4111.47815170204,46700
2022-08-19 09:00:00+09:00,4125.03271484375,4129.550822965156,4097.9240661153135,4125.03271484375,87600
2022-08-22 09:00:00+09:00,4070.815185546875,4084.369509139151,4039.1884304982314,4061.778969818691,82400
2022-08-23 09:00:00+09:00,4048.224609375,4057.260825020926,3989.4892076764786,4007.5616389683314,77300
2022-08-24 09:00:00+09:00,4066.296875,4084.369305555556,4043.7063368055556,4048.2244444444445,104300
2022-08-25 09:00:00+09:00,4052.74267578125,4070.815106888413,4025.634029120506,4070.815106888413,76100
2022-08-26 09:00:00+09:00,4012.07958984375,4070.8149892446154,3998.5252669050883,4052.7425586597337,124200
2022-08-29 09:00:00+09:00,3890.090576171875,3917.1992213019926,3858.463823520071,3894.608683693561,180500
2022-08-30 09:00:00+09:00,3894.608642578125,3975.934577109919,3894.608642578125,3975.934577109919,89600
2022-08-31 09:00:00+09:00,3984.97119140625,4034.670378600659,3867.500385310374,3876.536601163903,185800
2022-09-01 09:00:00+09:00,3921.7177734375,3962.3807457427274,3872.0185850644443,3939.7902055731565,105100
2022-09-02 09:00:00+09:00,3885.5732421875,3917.2000011355376,3840.3921579760176,3917.2000011355376,91600
2022-09-05 09:00:00+09:00,3903.64501953125,3948.8260961461947,3881.054481223777,3935.2717731617113,111400
2022-09-06 09:00:00+09:00,3939.789794921875,3948.8260100478424,3876.5362890401016,3921.7173646699393,82600
2022-09-07 09:00:00+09:00,3894.608642578125,3948.8259322659874,3872.018105208182,3948.8259322659874,73600
2022-09-08 09:00:00+09:00,4048.224609375,4048.2246093749995,3957.8624529157364,3984.971099853515,155400
2022-09-09 09:00:00+09:00,4079.850830078125,4088.8870445412,4030.1516505312156,4052.7421866889017,153900
2022-09-12 09:00:00+09:00,4075.3330078125,4125.032190834603,4070.8149002650357,4097.923545549819,85000
2022-09-13 09:00:00+09:00,4043.706298828125,4120.514127967877,4043.706298828125,4120.514127967877,84800
2022-09-14 09:00:00+09:00,3980.453125,4030.1523127128266,3975.935017026107,3980.453125,71600
2022-09-15 09:00:00+09:00,4007.5615234375,4039.188277286499,3980.4528772812146,4007.5615234375,91400
2022-09-16 09:00:00+09:00,3984.97119140625,4025.63416274713,3975.934975552721,4012.0798389668366,77700
2022-09-20 09:00:00+09:00,4030.15234375,4084.36963985426,4030.15234375,4039.188559767377,129700
2022-09-21 09:00:00+09:00,4030.15234375,4061.7790998108185,3989.4893716718047,4034.670451758688,96800
2022-09-22 09:00:00+09:00,4034.670166015625,4061.778812147869,4003.0434121946737,4021.115842949503,116800
2022-09-26 09:00:00+09:00,3853.946533203125,3994.0078960745163,3853.946533203125,3984.9716791150718,111100
2022-09-27 09:00:00+09:00,3971.4169921875,3984.9713163929177,3899.1272630919366,3917.199695365827,107600
2022-09-28 09:00:00+09:00,3984.97119140625,3994.007407259779,3921.7176804315477,3957.8625438456634,140400
2022-09-29 09:00:00+09:00,4141.0634765625,4164.018373882691,4076.7897640659644,4104.335640850194,129000
2022-09-30 09:00:00+09:00,4072.2001953125,4118.110005857173,4040.063327931229,4108.928043748238,133600
2022-10-03 09:00:00+09:00,4095.154541015625,4141.064345287101,4044.653756317002,4072.1996388798875,162000
2022-10-04 09:00:00+09:00,4237.47509765625,4237.47509765625,4177.792349801936,4186.974311010293,232100
2022-10-05 09:00:00+09:00,4219.11083984375,4265.020642235956,4219.11083984375,4260.429661996735,126700
2022-10-06 09:00:00+09:00,4237.47509765625,4278.793923093852,4214.52019463536,4251.248039468784,277800
2022-10-07 09:00:00+09:00,4228.29248046875,4251.247379928406,4168.609741873643,4186.973661441368,124800
2022-10-11 09:00:00+09:00,4159.42919921875,4205.339013779663,4145.656254850476,4164.020180674841,108200
2022-10-12 09:00:00+09:00,4122.7001953125,4191.564897906807,4118.109215139546,4154.837056523176,72600
2022-10-13 09:00:00+09:00,4131.88232421875,4154.837226019965,4095.1544813368055,4095.1544813368055,109400
2022-10-14 09:00:00+09:00,4177.79248046875,4205.338364955357,4108.927769252232,4168.610518973214,131700
2022-10-17 09:00:00+09:00,4145.65576171875,4150.246742628738,4099.745952618875,4122.700857168812,99500
2022-10-18 09:00:00+09:00,4182.38330078125,4196.156242496227,4141.06447563632,4182.38330078125,84800
2022-10-19 09:00:00+09:00,4219.11083984375,4219.11083984375,4150.24613625544,4150.24613625544,74200
2022-10-20 09:00:00+09:00,4186.9736328125,4219.11049183628,4177.79167309142,4214.51951197574,73000
2022-10-21 09:00:00+09:00,4017.10791015625,4200.74712890625,3984.971046875,4177.7922265625,184700
2022-10-24 09:00:00+09:00,4099.74560546875,4127.2914885962,4058.426780777576,4081.3816833837836,138200
2022-10-25 09:00:00+09:00,4182.38330078125,4186.974281352909,4108.927611634708,4122.700553349685,132400
2022-10-26 09:00:00+09:00,4145.65576171875,4200.7475326386,4145.65576171875,4200.7475326386,94600
2022-10-27 09:00:00+09:00,4177.79248046875,4196.156403459821,4145.655615234375,4145.655615234375,136900
2022-10-28 09:00:00+09:00,4131.88232421875,4182.383108181423,4118.10938313802,4154.837226019965,167500
2022-10-31 09:00:00+09:00,4219.11083984375,4246.656721279073,4177.792017690765,4200.746918886867,283100
2022-11-01 09:00:00+09:00,4053.83544921875,4131.882111321489,3934.469966002796,4131.882111321489,424300
2022-11-02 09:00:00+09:00,4154.83740234375,4168.610344008978,4040.062888466851,4085.9726940176106,305700
2022-11-04 09:00:00+09:00,4072.2001953125,4118.110005857173,4040.063327931229,4090.564119530369,175300
2022-11-07 09:00:00+09:00,4173.201171875,4232.883916907315,4122.7003876168865,4136.47332877819,124900
2022-11-08 09:00:00+09:00,4150.24658203125,4209.929331551611,4131.882659101908,4205.338350819276,98100
2022-11-09 09:00:00+09:00,4177.79248046875,4191.565422712054,4145.655615234375,4177.79248046875,80100
2022-11-10 09:00:00+09:00,4182.38330078125,4209.929184211203,4122.700553349685,4141.06447563632,96900
2022-11-11 09:00:00+09:00,4150.24658203125,4223.702273748617,4113.518736172567,4223.702273748617,150000
2022-11-14 09:00:00+09:00,4030.880615234375,4081.3813974297946,4030.880615234375,4067.608456831044,163000
2022-11-15 09:00:00+09:00,4053.83544921875,4063.017409466131,3994.1527076107727,4026.2895684766067,106600
2022-11-16 09:00:00+09:00,4072.2001953125,4085.973138475902,4040.063327931229,4063.0182332035656,50500
2022-11-17 09:00:00+09:00,4113.5185546875,4127.2914962768555,4063.0177688598633,4067.6087493896484,42900
2022-11-18 09:00:00+09:00,4141.0634765625,4191.564250666921,4131.881517634423,4136.472497098462,58900
2022-11-21 09:00:00+09:00,4127.29150390625,4164.019348212423,4104.336601214892,4164.019348212423,48700
2022-11-22 09:00:00+09:00,4150.24658203125,4164.019524228256,4122.700697637237,4145.655601298915,62500
2022-11-24 09:00:00+09:00,4228.29248046875,4287.975219063857,4209.928560901025,4274.202279388063,137600
2022-11-25 09:00:00+09:00,4228.29248046875,4255.838359820338,4205.337581009093,4223.701500576818,77900
2022-11-28 09:00:00+09:00,4223.70166015625,4260.429500679348,4200.746759829314,4237.4746003524115,102400
2022-11-29 09:00:00+09:00,4228.29248046875,4228.29248046875,4159.42778208978,4159.42778208978,65000
2022-11-30 09:00:00+09:00,4237.47509765625,4237.47509765625,4168.610388593581,4219.111175239538,158900
2022-12-01 09:00:00+09:00,4219.11083984375,4283.384563192839,4200.746918886867,4237.474760800632,139600
2022-12-02 09:00:00+09:00,4095.154541015625,4219.111012548609,4085.97258016133,4219.111012548609,120700
2022-12-05 09:00:00+09:00,4099.74560546875,4122.700508074959,4072.1997223413005,4095.1546249475086,86200
2022-12-06 09:00:00+09:00,4186.9736328125,4200.74657239412,4113.51795504386,4136.47285434656,121400
2022-12-07 09:00:00+09:00,4164.01904296875,4196.1559043808575,4154.837082565291,4159.4280627670205,60200
2022-12-08 09:00:00+09:00,4191.5654296875,4214.52033346454,4164.019545155052,4205.338371953724,101400
2022-12-09 09:00:00+09:00,4154.83740234375,4209.929169004662,4145.655441233598,4164.019363453902,82600
2022-12-12 09:00:00+09:00,4136.47265625,4154.836574812708,4113.517758046614,4136.47265625,54400
2022-12-13 09:00:00+09:00,4168.6103515625,4200.747215506263,4150.246429308921,4182.383293252685,34900
2022-12-14 09:00:00+09:00,4159.42919921875,4173.202143587024,4136.474291938293,4164.020180674841,69900
2022-12-15 09:00:00+09:00,4209.9287109375,4237.474591270788,4154.836950270924,4154.836950270924,47300
2022-12-16 09:00:00+09:00,4182.38330078125,4219.111145354521,4173.2013396379325,4200.747223067886,67600
2022-12-19 09:00:00+09:00,4219.11083984375,4223.701820082971,4164.0190769731025,4186.973978169205,77500
2022-12-20 09:00:00+09:00,4118.109375,4246.656824832776,4081.381532190636,4223.701923076923,147100
2022-12-21 09:00:00+09:00,4012.517578125,4168.610939287758,3989.5626720716537,4150.24701444508,110400
2022-12-22 09:00:00+09:00,4021.69921875,4058.4270654965753,4012.5172570633563,4058.4270654965753,78800
2022-12-23 09:00:00+09:00,3957.425048828125,3989.5619111735973,3929.8791668177205,3984.9709308385295,66700
2022-12-26 09:00:00+09:00,4026.289794921875,4040.06273606756,3952.834108811556,3952.834108811556,43500
2022-12-27 09:00:00+09:00,4026.289794921875,4063.0176379770346,3980.3799911029255,4063.0176379770346,28500
2022-12-28 09:00:00+09:00,4021.69921875,4026.290199593322,3984.9713720034247,4026.290199593322,43500
2022-12-29 09:00:00+09:00,4003.33447265625,4017.1074123557555,3966.606633457569,3989.5615329567445,43900
2022-12-30 09:00:00+09:00,3975.78955078125,4053.836227875108,3971.1985697757286,4044.654265864066,54300
2023-01-04 09:00:00+09:00,3893.151123046875,3939.060924026201,3883.9691628510095,3939.060924026201,58300
2023-01-05 09:00:00+09:00,3911.515380859375,3911.515380859375,3847.2416539438454,3874.787536907644,126100
2023-01-06 09:00:00+09:00,3939.061279296875,3948.2432403208772,3893.151474176865,3902.333435200867,74100
2023-01-10 09:00:00+09:00,3952.83447265625,3966.6074150696863,3934.4705494383347,3957.425453460729,36300
2023-01-11 09:00:00+09:00,3948.2431640625,4003.334929142442,3939.061203215843,3989.5619878724565,75600
2023-01-12 09:00:00+09:00,3957.425048828125,3975.788970168395,3943.652107822923,3975.788970168395,49700
2023-01-13 09:00:00+09:00,3929.879150390625,3966.6069929176406,3925.2881700747485,3939.061111022379,63300
2023-01-16 09:00:00+09:00,3906.924072265625,3957.4248534582475,3902.3330921572046,3920.6970125908856,74800
2023-01-17 09:00:00+09:00,3989.562255859375,4012.5171595179445,3929.8795063470943,3943.652448542236,54300
2023-01-18 09:00:00+09:00,4085.97265625,4099.745597787922,3984.9710849719104,3998.7440265098317,48000
2023-01-19 09:00:00+09:00,3975.78955078125,4040.0632848585446,3971.1985697757286,4040.0632848585446,44100
2023-01-20 09:00:00+09:00,4003.33447265625,4012.5164324559205,3975.7885932572394,3989.5615329567445,27100
2023-01-23 09:00:00+09:00,4044.65380859375,4063.0177305396924,4007.925964701866,4035.471847620779,58900
2023-01-24 09:00:00+09:00,4168.6103515625,4177.792312689289,4104.3366236749725,4104.3366236749725,54700
2023-01-25 09:00:00+09:00,4145.65576171875,4214.520475368563,4145.65576171875,4186.974589908637,70800
2023-01-26 09:00:00+09:00,4150.24658203125,4182.383447157598,4136.473639834244,4154.837562763585,55800
2023-01-27 09:00:00+09:00,4186.9736328125,4191.56461267304,4145.65481406764,4164.0187335098,78700
2023-01-30 09:00:00+09:00,4168.6103515625,4223.702118323237,4150.246429308921,4196.156234942869,70800
2023-01-31 09:00:00+09:00,4265.02099609375,4292.566879814484,4164.019422451056,4168.610403071179,106700
2023-02-01 09:00:00+09:00,4310.93017578125,4370.612915169063,4292.566255969615,4329.294095592884,170100
2023-02-02 09:00:00+09:00,4274.20263671875,4338.476360579182,4260.429695891515,4324.703419751947,106800
2023-02-03 09:00:00+09:00,4242.06640625,4306.34013967803,4219.111501454275,4269.61229200487,66500
2023-02-06 09:00:00+09:00,4278.79345703125,4306.339337655915,4265.020516718918,4269.611496823029,78600
2023-02-07 09:00:00+09:00,4255.83935546875,4306.3401460945925,4255.83935546875,4292.567203196636,53300
2023-02-08 09:00:00+09:00,4278.79345703125,4301.7483575518045,4251.247576406586,4260.429536614807,84700
2023-02-09 09:00:00+09:00,4366.0224609375,4375.204421948935,4301.748733857453,4320.1126558803235,125700
2023-02-10 09:00:00+09:00,4324.703125,4361.43096470276,4315.5211650743095,4329.294104962845,78100
2023-02-13 09:00:00+09:00,4315.521484375,4329.294425282579,4301.74854346742,4310.930504072473,65000
2023-02-14 09:00:00+09:00,4356.84033203125,4366.02229268885,4324.703469729649,4366.02229268885,61700
2023-02-15 09:00:00+09:00,4329.294921875,4375.204730166357,4324.703941045864,4370.613749337222,63000
2023-02-16 09:00:00+09:00,4333.8857421875,4356.840645482985,4315.5218195511125,4343.067703505694,78100
2023-02-17 09:00:00+09:00,4306.33935546875,4329.294256084255,4292.566415099447,4301.748375345649,98800
2023-02-20 09:00:00+09:00,4379.7958984375,4384.386879463115,4310.931183053262,4352.250012283805,137000
2023-02-21 09:00:00+09:00,4333.8857421875,4370.613587460276,4329.294761528403,4366.022606801179,67700
2023-02-22 09:00:00+09:00,4297.1572265625,4333.8850661057695,4260.4293870192305,4315.521146334135,131000
2023-02-24 09:00:00+09:00,4467.02392578125,4540.479612125032,4338.476474679631,4352.249415869091,321900
2023-02-27 09:00:00+09:00,4600.162109375,4627.707990269461,4508.342506393463,4531.297407138847,280400
2023-02-28 09:00:00+09:00,4526.70703125,4646.072531059838,4526.70703125,4636.8905695360045,184600
2023-03-01 09:00:00+09:00,4581.798828125,4600.162751283818,4508.343135489729,4508.343135489729,200300
2023-03-02 09:00:00+09:00,4531.29736328125,4646.071865897289,4526.706383176608,4618.52598526944,206200
2023-03-03 09:00:00+09:00,4600.162109375,4618.526029971307,4535.888387287924,4540.479367437001,312400
2023-03-06 09:00:00+09:00,4590.97998046875,4600.161940429688,4545.070180664063,4581.798020507813,138400
2023-03-07 09:00:00+09:00,4664.43603515625,4701.163877952757,4618.526231660618,4627.708192359744,331200
2023-03-08 09:00:00+09:00,4682.7998046875,4719.527646292892,4646.071963082108,4682.7998046875,158100
2023-03-09 09:00:00+09:00,4691.982421875,4710.346345248287,4664.436536815068,4701.164383561644,145100
2023-03-10 09:00:00+09:00,4627.70849609375,4673.6183026026165,4600.16261218843,4646.072418697297,123000
2023-03-13 09:00:00+09:00,4517.525390625,4581.799125857469,4499.161466272866,4581.799125857469,120300
2023-03-14 09:00:00+09:00,4306.33935546875,4439.47777903868,4292.566415099447,4388.976997684568,161900
2023-03-15 09:00:00+09:00,4444.0693359375,4471.615220251162,4370.613644434401,4398.159528748063,99600
2023-03-16 09:00:00+09:00,4287.97607421875,4301.7490166412945,4214.520381298515,4283.385093411235,134300
2023-03-17 09:00:00+09:00,4310.93017578125,4343.0670354516105,4223.701556675985,4287.975276016707,185700
2023-03-20 09:00:00+09:00,4265.02099609375,4320.1127635352195,4228.293151132771,4246.65707361326,147100
2023-03-22 09:00:00+09:00,4301.7490234375,4366.02275484425,4301.7490234375,4366.02275484425,92600
2023-03-23 09:00:00+09:00,4315.521484375,4333.885405585106,4228.2928586269945,4237.474819232048,65900
2023-03-24 09:00:00+09:00,4278.79345703125,4301.7483575518045,4265.020516718918,4265.020516718918,39400
2023-03-27 09:00:00+09:00,4315.521484375,4347.658346492686,4251.247760139628,4278.793641954787,77300
2023-03-28 09:00:00+09:00,4338.4765625,4398.159308862434,4320.112640542328,4375.204406415344,54300
2023-03-29 09:00:00+09:00,4421.1142578125,4430.2962188879155,4356.840530284592,4379.795432973131,91400
2023-03-30 09:00:00+09:00,4467.7998046875,4486.473994048785,4425.782878624608,4481.805446708464,73000
2023-03-31 09:00:00+09:00,4533.1591796875,4579.844650127124,4509.816444467688,4533.1591796875,106300
2023-04-03 09:00:00+09:00,4584.513671875,4584.513671875,4537.828196601324,4561.170934238162,108300
2023-04-04 09:00:00+09:00,4575.17626953125,4589.181911172673,4537.827891820791,4584.513363958865,94200
2023-04-05 09:00:00+09:00,4397.771484375,4500.479523288217,4383.765842705016,4467.7996927249205,150300
2023-04-06 09:00:00+09:00,4243.708984375,4355.75410607467,4234.371890900028,4355.75410607467,142700
2023-04-07 09:00:00+09:00,4281.0576171875,4304.400352286669,4243.709241028831,4243.709241028831,83300
2023-04-10 09:00:00+09:00,4365.09130859375,4374.428402301972,4304.400199490307,4346.417121177306,95400
2023-04-11 09:00:00+09:00,4341.74951171875,4411.777729649698,4337.080963856687,4393.103538201445,58400
2023-04-12 09:00:00+09:00,4397.771484375,4407.108578821656,4360.423106588376,4365.091653811704,49100
2023-04-13 09:00:00+09:00,4355.75439453125,4383.765676811194,4341.748753391278,4383.765676811194,48600
2023-04-14 09:00:00+09:00,4360.4228515625,4383.765586313905,4346.417210711657,4355.754304612219,54000
2023-04-17 09:00:00+09:00,4416.44580078125,4421.11434813937,4355.754685125694,4355.754685125694,50900
2023-04-18 09:00:00+09:00,4425.78271484375,4449.125450681533,4407.108526173523,4444.456903513977,71800
2023-04-19 09:00:00+09:00,4425.78271484375,4425.78271484375,4360.423054497956,4369.760148833069,115300
2023-04-20 09:00:00+09:00,4491.14208984375,4500.479183585629,4369.759871199324,4369.759871199324,87100
2023-04-21 09:00:00+09:00,4453.7939453125,4542.496340449751,4444.456851087526,4472.468133762448,71000
2023-04-24 09:00:00+09:00,4477.13671875,4495.810907357925,4449.125435838113,4481.805265901981,55300
2023-04-25 09:00:00+09:00,4505.14794921875,4537.827778902202,4491.142307925842,4514.485043414023,70600
2023-04-26 09:00:00+09:00,4425.78271484375,4467.79963935176,4407.108526173523,4467.79963935176,65400
2023-04-27 09:00:00+09:00,4519.15380859375,4528.490903239604,4425.782862135202,4444.457051426911,124200
2023-04-28 09:00:00+09:00,4621.861328125,4626.529874921086,4551.833126183712,4584.5129537563125,180400
2023-05-01 09:00:00+09:00,4505.14794921875,4556.5019672927465,4449.125384047118,4491.142307925842,331600
2023-05-02 09:00:00+09:00,4383.765625,4472.468017838126,4369.759984025559,4472.468017838126,179700
2023-05-08 09:00:00+09:00,4458.462890625,4467.799985683901,4383.7661301537955,4383.7661301537955,132300
2023-05-09 09:00:00+09:00,4561.17041015625,4593.850239092886,4523.822034228666,4556.501863165302,170300
2023-05-10 09:00:00+09:00,4547.1650390625,4570.507775402656,4509.816660918249,4556.502133598562,92000
2023-05-11 09:00:00+09:00,4486.4736328125,4528.490555492326,4477.13653888365,4509.816367634626,78900
2023-05-12 09:00:00+09:00,4509.81640625,4514.484953254399,4449.125295192805,4463.130936206004,122000
2023-05-15 09:00:00+09:00,4561.17041015625,4565.838957147198,4509.816393255822,4542.496222192458,95400
2023-05-16 09:00:00+09:00,4607.8564453125,4607.8564453125,4542.496779421543,4551.833874548823,112200
2023-05-17 09:00:00+09:00,4523.822265625,4584.513379611713,4514.485171165506,4565.8391906927245,75800
2023-05-18 09:00:00+09:00,4617.1923828125,4621.860929205637,4523.82145494976,4542.495640522307,124500
2023-05-19 09:00:00+09:00,4724.5703125,4724.5703125,4626.530809967886,4626.530809967886,103800
2023-05-22 09:00:00+09:00,4612.5244140625,4677.884071751645,4603.1873201069075,4663.878430818257,102900
2023-05-23 09:00:00+09:00,4598.51953125,4640.536460977158,4575.176792512691,4617.193722239848,101800
2023-05-24 09:00:00+09:00,4626.52978515625,4640.5354252727675,4565.838677984674,4598.518504923215,99200
2023-05-25 09:00:00+09:00,4733.9072265625,4743.244321683926,4659.2104655911,4668.5475607125245,115000
2023-05-26 09:00:00+09:00,4696.55859375,4743.244066848906,4677.884404510437,4715.232782989563,96200
2023-05-29 09:00:00+09:00,4986.00830078125,5032.693771762348,4705.8954748946635,4761.918040071981,391000
2023-05-30 09:00:00+09:00,4967.333984375,5004.682360197368,4883.300138774671,4967.333984375,175900
2023-05-31 09:00:00+09:00,4948.66015625,5014.0198186910375,4929.985966981132,4948.66015625,284700
2023-06-01 09:00:00+09:00,4901.97412109375,4929.985401785714,4836.614466145833,4873.962840401786,107600
2023-06-02 09:00:00+09:00,4957.9970703125,4957.9970703125,4901.974504546257,4939.322881723752,83000
2023-06-05 09:00:00+09:00,5023.3564453125,5032.693539077021,4967.333882725372,5014.019351547979,147200
2023-06-06 09:00:00+09:00,4986.00830078125,5014.019583369909,4920.6486414077135,4948.659923996372,98100
2023-06-07 09:00:00+09:00,4939.32275390625,5032.693694433779,4939.32275390625,5032.693694433779,97300
2023-06-08 09:00:00+09:00,4845.95166015625,4967.333879004094,4808.603285126144,4948.6596914890415,125000
2023-06-09 09:00:00+09:00,4883.2998046875,4901.973991321104,4845.951431420292,4845.951431420292,107500
2023-06-12 09:00:00+09:00,4976.67138671875,4976.67138671875,4873.963346842753,4883.300441376935,99800
2023-06-13 09:00:00+09:00,5079.37890625,5126.064374138327,5023.356344784007,5042.030531939338,124300
2023-06-14 09:00:00+09:00,5126.06494140625,5182.087509071892,5051.3681845187275,5135.402036017191,149400
2023-06-15 09:00:00+09:00,5182.087890625,5219.436271818694,5088.7169376407655,5135.402414132883,97100
2023-06-16 09:00:00+09:00,5163.41259765625,5191.423877571203,5126.064224436313,5163.41259765625,94700
2023-06-19 09:00:00+09:00,5163.41259765625,5219.435157486155,5135.401317741298,5219.435157486155,75600
2023-06-20 09:00:00+09:00,5191.4248046875,5238.110279549797,5144.739329825202,5163.413519770122,96600
2023-06-21 09:00:00+09:00,5228.77294921875,5247.447138323103,5126.06490914481,5144.739098249163,74900
2023-06-22 09:00:00+09:00,5219.435546875,5275.458110884391,5210.098452873434,5247.446828879696,62900
2023-06-23 09:00:00+09:00,5126.06494140625,5275.458455181296,5098.0536575734295,5219.435887515654,122400
2023-06-26 09:00:00+09:00,5116.7275390625,5154.075915260037,5060.704974766195,5126.064633111884,67300
2023-06-27 09:00:00+09:00,5079.37890625,5135.401467715992,5032.693438361673,5135.401467715992,56600
2023-06-28 09:00:00+09:00,5238.10986328125,5238.10986328125,5088.716355594084,5126.064732515876,84200
2023-06-29 09:00:00+09:00,5182.087890625,5238.1104624155405,5163.4137000281535,5238.1104624155405,59900
2023-06-30 09:00:00+09:00,5210.09814453125,5210.09814453125,5163.4126772863465,5163.4126772863465,69300
2023-07-03 09:00:00+09:00,5312.80615234375,5331.480339170968,5228.772311621265,5228.772311621265,71000
2023-07-04 09:00:00+09:00,5256.7841796875,5312.8067464337255,5247.447085229795,5303.469651976021,41700
2023-07-05 09:00:00+09:00,5266.12158203125,5266.12158203125,5191.424822002437,5210.09901200964,65600
2023-07-06 09:00:00+09:00,5163.41259765625,5247.446437401108,5154.075504351266,5219.435157486155,54400
2023-07-07 09:00:00+09:00,5079.37890625,5126.064374138327,5051.367625517003,5107.390186982996,63200
2023-07-10 09:00:00+09:00,5107.390625,5144.739002513711,5079.3793418647165,5116.7277193784275,86000
2023-07-11 09:00:00+09:00,5088.716796875,5144.739367115826,5088.716796875,5135.402272075688,54900
2023-07-12 09:00:00+09:00,5004.68310546875,5116.7282496210355,5004.68310546875,5098.054058928988,72600
2023-07-13 09:00:00+09:00,5014.01953125,5042.030813547486,4948.659872555866,5014.01953125,69500
2023-07-14 09:00:00+09:00,5042.03076171875,5060.704949725116,4976.67110369647,5042.03076171875,73200
2023-07-18 09:00:00+09:00,5284.794921875,5284.794921875,5051.367584336352,5051.367584336352,117800
2023-07-19 09:00:00+09:00,5340.81787109375,5359.492059454218,5303.469494372815,5350.154965273984,75400
2023-07-20 09:00:00+09:00,5303.4697265625,5368.82938868563,5303.4697265625,5350.155199507592,64200
2023-07-21 09:00:00+09:00,5340.81787109375,5368.829153634451,5275.458211832113,5303.469494372815,110500
2023-07-24 09:00:00+09:00,5378.16650390625,5490.211639404297,5359.492314656576,5415.5148824056,145500
2023-07-25 09:00:00+09:00,5406.17822265625,5424.852413408085,5340.818555024827,5406.17822265625,91700
2023-07-26 09:00:00+09:00,5331.4814453125,5415.5153034697905,5331.4814453125,5415.5153034697905,65000
2023-07-27 09:00:00+09:00,5275.4580078125,5294.132195450774,5182.087069621128,5238.109632535951,103200
2023-07-28 09:00:00+09:00,5247.44677734375,5275.458059073343,5182.0871199747,5182.0871199747,91900
2023-07-31 09:00:00+09:00,5312.80615234375,5387.502899652625,5275.457778689312,5331.480339170968,177800
2023-08-01 09:00:00+09:00,5966.4033203125,6078.448453088322,5835.683998740708,5845.021093138693,609200
2023-08-02 09:00:00+09:00,6013.08935546875,6041.100641286151,5910.381307471613,5985.078069651349,280800
2023-08-03 09:00:00+09:00,5873.0322265625,6003.751544800775,5807.672567443363,5966.403168161268,195800
2023-08-04 09:00:00+09:00,5966.4033203125,5966.4033203125,5807.672715546752,5845.021093138693,141800
2023-08-07 09:00:00+09:00,5770.32373046875,5901.043038278722,5760.986637053752,5901.043038278722,207100
2023-08-08 09:00:00+09:00,5798.3359375,5873.032696759259,5770.324652777777,5788.998842592592,107600
2023-08-09 09:00:00+09:00,5788.9990234375,5826.347404233871,5760.987737840222,5798.336118636593,61600
2023-08-10 09:00:00+09:00,5947.728515625,5957.065609056122,5695.626992984694,5723.638273278061,113000
2023-08-14 09:00:00+09:00,5779.6611328125,5957.065917179927,5779.6611328125,5947.728823265852,113600
2023-08-15 09:00:00+09:00,5760.9873046875,5826.346966166937,5751.650210190438,5770.324399184563,72700
2023-08-16 09:00:00+09:00,5620.9306640625,5676.953228820598,5611.59356993615,5648.941946441549,112100
2023-08-17 09:00:00+09:00,5704.96484375,5742.313222432488,5630.268086385025,5648.942275726268,82200
2023-08-18 09:00:00+09:00,5732.9755859375,5779.661054878359,5704.9643045729845,5732.9755859375,70600
2023-08-21 09:00:00+09:00,5695.62744140625,5817.009665567367,5686.29034724001,5817.009665567367,66200
2023-08-22 09:00:00+09:00,5835.68408203125,5835.68408203125,5714.301853125,5770.3244203125,67500
2023-08-23 09:00:00+09:00,5947.728515625,5975.739795918367,5788.997927295918,5807.672114158163,92700
2023-08-24 09:00:00+09:00,5975.74072265625,6050.437481689453,5929.055248260498,5947.729438018799,98000
2023-08-25 09:00:00+09:00,5882.369140625,5919.717516121032,5854.3578590029765,5901.043328373016,41800
2023-08-28 09:00:00+09:00,6022.42578125,6022.42578125,5910.380650436046,5919.717744670543,47000
2023-08-29 09:00:00+09:00,6106.4599609375,6153.145434644973,6022.426108264048,6050.437392488532,115700
2023-08-30 09:00:00+09:00,6153.14501953125,6199.83049008915,6115.79664308493,6125.13373719651,69000
2023-08-31 09:00:00+09:00,6507.955078125,6591.988931357604,6330.550276856169,6358.561561267037,440900
2023-09-01 09:00:00+09:00,6507.955078125,6526.629267732245,6433.258319696019,6489.280888517755,178400
2023-09-04 09:00:00+09:00,6535.9658203125,6601.325478515625,6479.943256138393,6563.977102399554,146900
2023-09-05 09:00:00+09:00,6591.98876953125,6601.325864105657,6479.943634638368,6535.966202084809,107900
2023-09-06 09:00:00+09:00,6638.673828125,6657.3480161084735,6554.639982199367,6573.314170182841,94200
2023-09-07 09:00:00+09:00,6591.98876953125,6648.011336977692,6582.651674956844,6601.325864105657,82400
2023-09-08 09:00:00+09:00,6358.5615234375,6498.61794465859,6339.887333941355,6451.932470918227,254300
2023-09-11 09:00:00+09:00,6423.92041015625,6498.617159111555,6395.90912929801,6433.257503775663,139000
2023-09-12 09:00:00+09:00,6563.9775390625,6563.9775390625,6461.269497910739,6517.2920658117,119700
2023-09-13 09:00:00+09:00,6405.24609375,6554.639588647959,6377.234813456633,6517.291214923469,79800
2023-09-14 09:00:00+09:00,6470.6064453125,6517.291917500902,6405.246784248738,6451.93225643714,87700
2023-09-15 09:00:00+09:00,6470.6064453125,6535.966106376263,6433.258067561779,6433.258067561779,146400
2023-09-19 09:00:00+09:00,6498.6171875,6507.9542811602005,6414.583344558189,6433.257531878591,110900
2023-09-20 09:00:00+09:00,6414.58349609375,6554.639904305404,6414.58349609375,6535.96571654385,109600
2023-09-21 09:00:00+09:00,6330.55029296875,6479.943810206951,6302.539008486587,6405.24705158785,89200
2023-09-22 09:00:00+09:00,6349.22412109375,6377.235403980928,6237.1789895450365,6274.527366727941,109600
2023-09-25 09:00:00+09:00,6423.92041015625,6451.931691014489,6367.897848439771,6414.583316536837,87300
2023-09-26 09:00:00+09:00,6377.23486328125,6442.5945178097545,6377.23486328125,6433.257424305682,78300
2023-09-27 09:00:00+09:00,6395.91015625,6405.247251368613,6283.865014826642,6339.887585538321,92100
2023-09-28 09:00:00+09:00,6263.8408203125,6433.643734116152,6207.239849044616,6377.042762848268,181800
2023-09-29 09:00:00+09:00,6160.07177734375,6320.441180429269,6122.337800147157,6320.441180429269,139700
2023-10-02 09:00:00+09:00,6141.205078125,6348.741962485598,6112.904593894009,6216.673036074309,165900
2023-10-03 09:00:00+09:00,6056.3037109375,6112.904680198598,6028.003226306951,6094.0376904448985,105200
2023-10-04 09:00:00+09:00,5726.1318359375,5933.668739381693,5716.6983403264,5933.668739381693,113700
2023-10-05 09:00:00+09:00,5811.03271484375,5829.899704177658,5688.397284173347,5735.564757508117,116200
2023-10-06 09:00:00+09:00,5867.63330078125,5924.234265097468,5792.1653483596265,5792.1653483596265,91900
2023-10-10 09:00:00+09:00,6112.90478515625,6112.90478515625,5933.668379418644,5933.668379418644,110500
2023-10-11 09:00:00+09:00,6056.3037109375,6141.205164829147,6046.87021606065,6103.471185321749,95600
2023-10-12 09:00:00+09:00,6292.14111328125,6301.57460820371,6094.0377199095765,6131.771699599419,128200
2023-10-13 09:00:00+09:00,6141.205078125,6235.540025561636,6094.037604406682,6197.806046586981,121900
2023-10-16 09:00:00+09:00,5999.703125,6094.038079795598,5933.668656643082,6056.304097877358,95800
2023-10-17 09:00:00+09:00,6065.73681640625,6150.6382648473955,6009.13585077882,6141.204770576157,145000
2023-10-18 09:00:00+09:00,6028.00341796875,6065.737398675909,5933.66846620085,6065.737398675909,104100
2023-10-19 09:00:00+09:00,5792.16552734375,5886.500470785831,5792.16552734375,5858.199987753206,133000
2023-10-20 09:00:00+09:00,5848.76708984375,5877.0675757623485,5707.264660250756,5754.432136781754,166200
2023-10-23 09:00:00+09:00,5811.03271484375,5877.067177512429,5792.165725509842,5801.599220176796,91000
2023-10-24 09:00:00+09:00,5914.80078125,5943.101263456938,5688.396923594498,5801.598852422249,134600
2023-10-25 09:00:00+09:00,5820.466796875,5952.535735539911,5811.033301256078,5933.668744302066,155000
2023-10-26 09:00:00+09:00,5707.2646484375,5820.466591877583,5678.964162577479,5773.299115444214,71100
2023-10-27 09:00:00+09:00,5877.0673828125,5877.0673828125,5754.431947858146,5754.431947858146,131500
2023-10-30 09:00:00+09:00,5763.86572265625,5839.333686291684,5716.698245384105,5820.4666953828255,170200
2023-10-31 09:00:00+09:00,5886.50146484375,5886.50146484375,5754.432521722256,5839.333985157502,184900
2023-11-01 09:00:00+09:00,5358.22509765625,5556.328490351287,5301.62412831481,5537.461500570807,450400
2023-11-02 09:00:00+09:00,5160.1220703125,5377.0924681501365,5131.821583638025,5358.22547703382,552600
2023-11-06 09:00:00+09:00,5414.82568359375,5471.426648927482,5292.190258703996,5329.924235593151,308900
2023-11-07 09:00:00+09:00,5320.4912109375,5424.259656540891,5292.190725772939,5348.791696102061,138700
2023-11-08 09:00:00+09:00,5245.0234375,5395.959363758992,5226.156446717626,5358.225382194244,262700
2023-11-09 09:00:00+09:00,5405.39208984375,5424.259077940936,5263.889679114856,5320.490643406413,144200
2023-11-10 09:00:00+09:00,5433.693359375,5452.560350206163,5301.624423556857,5377.092386881511,195700
2023-11-13 09:00:00+09:00,5386.52587890625,5537.461805460541,5367.658888086964,5471.427337593039,137100
2023-11-14 09:00:00+09:00,5358.22509765625,5443.126551668409,5358.22509765625,5395.95907721721,58800
2023-11-15 09:00:00+09:00,5556.328125,5594.062102079796,5424.259205220713,5443.126193760611,147900
2023-11-16 09:00:00+09:00,5433.693359375,5509.161322699653,5339.3584052191845,5461.993845621745,156200
2023-11-17 09:00:00+09:00,5537.4619140625,5546.895409657155,5395.959480142675,5395.959480142675,94800
2023-11-20 09:00:00+09:00,5443.12646484375,5537.461412241389,5414.825980624459,5480.860443802805,138400
2023-11-21 09:00:00+09:00,5490.2939453125,5565.761903323668,5443.12647155552,5443.12647155552,128100
2023-11-22 09:00:00+09:00,5471.42724609375,5537.461712856951,5433.693265086207,5471.42724609375,126500
2023-11-24 09:00:00+09:00,5480.86083984375,5556.328803215093,5461.993849000914,5546.895307793675,123700
2023-11-27 09:00:00+09:00,5471.42724609375,5499.727731849408,5405.39277933055,5433.693265086207,111800
2023-11-28 09:00:00+09:00,5509.16064453125,5546.894621548588,5443.1261847509095,5471.426667513912,193100
2023-11-29 09:00:00+09:00,5424.26025390625,5499.72822265625,5405.39326171875,5480.86123046875,111100
2023-11-30 09:00:00+09:00,5471.42724609375,5499.727731849408,5377.092293574892,5377.092293574892,135200
2023-12-01 09:00:00+09:00,5490.2939453125,5546.894913820876,5480.860450561104,5546.894913820876,81900
2023-12-04 09:00:00+09:00,5612.9296875,5678.964154411765,5537.461725315126,5556.328715861345,219100
2023-12-05 09:00:00+09:00,5518.5947265625,5603.496183894231,5499.727736044338,5556.3287075988255,145100
2023-12-06 09:00:00+09:00,5612.9296875,5631.796678046218,5518.594734768907,5518.594734768907,97800
2023-12-07 09:00:00+09:00,5461.99365234375,5584.629088406736,5452.560157261982,5575.195593324968,107300
2023-12-08 09:00:00+09:00,5207.28955078125,5367.658975352411,5197.856055218241,5367.658975352411,183300
2023-12-11 09:00:00+09:00,5320.4912109375,5329.924705992354,5263.890240608378,5263.890240608378,92700
2023-12-12 09:00:00+09:00,5358.22509765625,5386.525582326969,5320.49111809529,5339.35810787577,108200
2023-12-13 09:00:00+09:00,5490.2939453125,5528.027924318084,5405.392492549935,5433.692976804124,124300
2023-12-14 09:00:00+09:00,5348.79150390625,5490.29392464451,5301.62403032683,5471.426935212742,145800
2023-12-15 09:00:00+09:00,5537.4619140625,5565.762400846465,5395.959480142675,5405.39297573733,145200
2023-12-18 09:00:00+09:00,5528.02783203125,5546.89482121907,5424.259391498241,5490.29385365561,104300
2023-12-19 09:00:00+09:00,5537.4619140625,5546.895409657155,5461.99394930526,5528.028418467845,99100
2023-12-20 09:00:00+09:00,5631.79638671875,5688.397355429491,5603.495902363379,5631.79638671875,123400
2023-12-21 09:00:00+09:00,5528.02783203125,5603.49578878253,5499.72734824952,5584.6287995947105,91500
2023-12-22 09:00:00+09:00,5556.328125,5575.195113539899,5518.594147920204,5528.027642190153,60400
2023-12-25 09:00:00+09:00,5490.2939453125,5565.761903323668,5461.993461058311,5556.328408572272,49200
2023-12-26 09:00:00+09:00,5499.7275390625,5518.5945289049105,5471.427054298885,5480.86054922009,41500
2023-12-27 09:00:00+09:00,5537.4619140625,5556.32890525181,5509.1614272785355,5546.895409657155,79400
2023-12-28 09:00:00+09:00,5575.19580078125,5575.19580078125,5490.294341886104,5499.727837318898,42200
2023-12-29 09:00:00+09:00,5537.4619140625,5594.06288763043,5490.294436089225,5584.629392035776,68900
2024-01-04 09:00:00+09:00,5518.5947265625,5537.461717080662,5367.6588024172015,5471.427250267095,81800
2024-01-05 09:00:00+09:00,5537.4619140625,5556.32890525181,5518.59492287319,5546.895409657155,59400
2024-01-09 09:00:00+09:00,5612.9296875,5622.36318277311,5556.328715861345,5612.9296875,75300
2024-01-10 09:00:00+09:00,5622.36328125,5669.530758441694,5584.629299496644,5603.496290373322,62300
2024-01-11 09:00:00+09:00,5594.0625,5678.9639544688025,5584.629005059022,5669.530459527825,111700
2024-01-12 09:00:00+09:00,5594.0625,5669.530459527825,5556.328520236088,5669.530459527825,123300
2024-01-15 09:00:00+09:00,5594.0625,5603.495994940979,5575.195510118044,5594.0625,11200
2024-01-16 09:00:00+09:00,5669.53076171875,5707.264743493916,5584.629302724626,5688.397752606334,94100
2024-01-17 09:00:00+09:00,5546.89501953125,5754.4319080171135,5546.89501953125,5641.229968843006,184000
2024-01-18 09:00:00+09:00,5594.0625,5641.22997470489,5537.461530354131,5546.89502529511,61500
2024-01-19 09:00:00+09:00,5650.66357421875,5660.097069334307,5612.929593756521,5631.796583987636,84000
2024-01-22 09:00:00+09:00,5678.9638671875,5726.131341167463,5650.663382799523,5669.530372391508,120600
2024-01-23 09:00:00+09:00,5678.9638671875,5716.69784637147,5641.2298880035305,5697.830856779486,117500
2024-01-24 09:00:00+09:00,5575.19580078125,5660.097259676396,5575.19580078125,5641.230268810808,85300
2024-01-25 09:00:00+09:00,5707.2646484375,5707.2646484375,5584.629209710743,5603.49620028409,114200
2024-01-26 09:00:00+09:00,5612.9296875,5688.397649684874,5575.195706407563,5688.397649684874,137000
2024-01-29 09:00:00+09:00,5631.79638671875,5669.530365859244,5603.495902363379,5650.663376288997,95300
2024-01-30 09:00:00+09:00,5641.2294921875,5650.662986321593,5575.19503324885,5612.929009785222,110900
2024-01-31 09:00:00+09:00,5678.9638671875,5688.397361983492,5594.062414023568,5650.663382799523,178900
2024-02-01 09:00:00+09:00,5546.89501953125,5594.062494187128,5348.7916259765625,5594.062494187128,297800
2024-02-02 09:00:00+09:00,5584.62890625,5622.362885346284,5452.559979413007,5518.594442831503,133600
2024-02-05 09:00:00+09:00,5490.2939453125,5641.229861334837,5490.2939453125,5641.229861334837,89300
2024-02-06 09:00:00+09:00,5395.958984375,5452.55995274257,5358.225005463287,5452.55995274257,126600
2024-02-07 09:00:00+09:00,5386.52587890625,5433.693355954466,5358.225392677321,5377.092383496607,90200
2024-02-08 09:00:00+09:00,5424.26025390625,5443.12724609375,5339.3587890625,5405.39326171875,98700
2024-02-09 09:00:00+09:00,5414.82568359375,5499.727131594349,5377.091706704595,5377.091706704595,112000
2024-02-13 09:00:00+09:00,5480.86083984375,5499.727830686586,5358.2253993653185,5461.993849000914,126200
2024-02-14 09:00:00+09:00,5301.6240234375,5471.426928102758,5273.323539326623,5471.426928102758,114600
2024-02-15 09:00:00+09:00,5282.75732421875,5386.525771658761,5245.023343331473,5348.791790771485,104300
2024-02-16 09:00:00+09:00,5405.39208984375,5452.559560086715,5329.9241374550065,5348.791125552192,85400
2024-02-19 09:00:00+09:00,5443.12646484375,5461.993454323278,5414.825980624459,5414.825980624459,59600
2024-02-20 09:00:00+09:00,5556.328125,5575.195113539899,5433.692699490663,5461.99318230051,71200
2024-02-21 09:00:00+09:00,5603.49560546875,5622.362594039352,5518.594156901042,5518.594156901042,66200
2024-02-22 09:00:00+09:00,5612.9296875,5641.230173319328,5546.895220588235,5612.9296875,78900
2024-02-26 09:00:00+09:00,5792.16552734375,5829.899504720583,5678.963595213253,5678.963595213253,117400
2024-02-27 09:00:00+09:00,5801.59912109375,5858.200088128811,5744.998154058689,5754.431648564532,100900
2024-02-28 09:00:00+09:00,5575.19580078125,5735.5652231387485,5528.02832361728,5716.69823227316,149000
2024-02-29 09:00:00+09:00,5509.16064453125,5575.1951043115905,5471.426667513912,5518.594138785585,160300
2024-03-01 09:00:00+09:00,5565.76220703125,5631.796673894332,5528.028225966631,5575.195702297405,84200
2024-03-04 09:00:00+09:00,5631.79638671875,5660.096871074121,5575.195418008008,5660.096871074121,102800
2024-03-05 09:00:00+09:00,5660.09716796875,5707.26464436849,5594.062701009115,5612.92969156901,97400
2024-03-06 09:00:00+09:00,5763.86572265625,5773.299218110679,5622.363290839812,5650.6637772031,91400
2024-03-07 09:00:00+09:00,5650.66357421875,5754.4320204898795,5612.929593756521,5744.998525374322,98500
2024-03-08 09:00:00+09:00,5612.9296875,5660.0971638655465,5528.028230042017,5556.328715861345,118600
2024-03-11 09:00:00+09:00,5471.42724609375,5688.397636887123,5414.826274582436,5603.496179620151,118200
2024-03-12 09:00:00+09:00,5612.9296875,5622.36318277311,5471.4272584033615,5499.727744222689,127100
2024-03-13 09:00:00+09:00,5575.19580078125,5641.230268810808,5499.727837318898,5641.230268810808,74200
2024-03-14 09:00:00+09:00,5716.69775390625,5716.69775390625,5565.761839611696,5584.628828898515,106700
2024-03-15 09:00:00+09:00,5688.3974609375,5735.564935737977,5660.096976057214,5660.096976057214,90300
2024-03-18 09:00:00+09:00,5792.16552734375,5829.899504720583,5707.2640782458775,5735.564561278502,106100
2024-03-19 09:00:00+09:00,5782.732421875,5829.8998967679445,5744.998441960644,5782.732421875,83100
2024-03-21 09:00:00+09:00,5905.36767578125,5952.535149229982,5867.633697022265,5877.067191712011,98700
2024-03-22 09:00:00+09:00,5905.36767578125,5943.101654540235,5867.633697022265,5943.101654540235,81700
2024-03-25 09:00:00+09:00,5867.63330078125,5952.534747255577,5839.332818623141,5905.367276992062,91500
2024-03-26 09:00:00+09:00,5848.76708984375,5952.535538211945,5839.33359453755,5905.368061680947,104000
2024-03-27 09:00:00+09:00,5961.96875,5990.269234572785,5877.067296281645,5877.067296281645,112900
2024-03-28 09:00:00+09:00,5990.6318359375,6067.067329856958,5971.522962457636,6009.740709417365,72500
2024-03-29 09:00:00+09:00,5952.4140625,6009.740682684591,5942.859625802568,5971.522935894864,37500
2024-04-01 09:00:00+09:00,5914.19677734375,5990.632276889389,5847.315715241317,5971.523402002979,106200
2024-04-02 09:00:00+09:00,5923.75146484375,6009.74140546245,5885.533713457661,5952.414778383316,87900
2024-04-03 09:00:00+09:00,5914.19677734375,5961.968964559775,5875.979027570931,5914.19677734375,53200
2024-04-04 09:00:00+09:00,5990.6318359375,6057.512893117026,5942.859652237839,6000.1862726774325,101700
2024-04-05 09:00:00+09:00,5875.97900390625,5895.087878715702,5799.543504668445,5866.424566501524,84800
2024-04-08 09:00:00+09:00,5981.07763671875,5990.632073838109,5885.5332655251605,5971.523199599391,65800
2024-04-09 09:00:00+09:00,6019.29541015625,6047.958721633185,5933.305475725447,5981.077661520338,41600
2024-04-10 09:00:00+09:00,6000.1865234375,6047.958709133658,5971.523212019804,5971.523212019804,43000
2024-04-11 09:00:00+09:00,6047.95849609375,6057.512932896426,5981.07743847502,6009.740748883048,51100
2024-04-12 09:00:00+09:00,6067.0673828125,6105.285130105807,6038.40407234252,6067.0673828125,42700
2024-04-15 09:00:00+09:00,6038.404296875,6038.404296875,5952.414362267603,5990.632110982002,36500
2024-04-16 09:00:00+09:00,5895.087890625,6000.186702289303,5866.424578352918,5981.077827441249,52300
2024-04-17 09:00:00+09:00,5875.97900390625,5942.860065739329,5828.206816882622,5923.751190929878,60200
2024-04-18 09:00:00+09:00,5981.07763671875,6000.186510957468,5847.315517047724,5866.424391286442,42500
2024-04-19 09:00:00+09:00,5799.54345703125,5895.087830293709,5751.7712704000205,5885.533392967463,70600
2024-04-22 09:00:00+09:00,5837.76171875,5914.197224069149,5809.098404255319,5885.533909574468,79500
2024-04-23 09:00:00+09:00,5866.42431640625,5914.196501393272,5818.652131419229,5904.642064395867,34700
2024-04-24 09:00:00+09:00,6009.7412109375,6067.067836161069,5875.979085415839,5875.979085415839,75400
2024-04-25 09:00:00+09:00,5895.087890625,5971.523390017221,5856.87014092889,5971.523390017221,70200
2024-04-26 09:00:00+09:00,6038.404296875,6047.9587340536,5895.087739196005,5952.414362267603,68700
2024-04-30 09:00:00+09:00,6076.6220703125,6153.05756805228,5971.523260920303,6038.40432144261,120400
2024-05-01 09:00:00+09:00,5942.85986328125,6191.275227341238,5933.30542620202,6172.166353182777,143900
2024-05-02 09:00:00+09:00,6153.05810546875,6153.05810546875,5914.1971541694975,5914.1971541694975,204900
2024-05-07 09:00:00+09:00,6133.94873046875,6286.8197268667245,6038.4043577200155,6229.4931032174845,111000
2024-05-08 09:00:00+09:00,6114.84033203125,6181.721398162841,6038.404827880859,6133.949208068847,88600
2024-05-09 09:00:00+09:00,6105.28564453125,6200.830020814995,6105.28564453125,6143.503395044748,51500
2024-05-10 09:00:00+09:00,6172.16650390625,6258.156439719186,6153.057629281154,6200.829815843896,54500
2024-05-13 09:00:00+09:00,6057.51318359375,6133.948681178529,5981.077686008971,6114.839806782335,64700
2024-05-14 09:00:00+09:00,5971.5234375,6067.0678125,5952.4145625,6067.0678125,75600
2024-05-15 09:00:00+09:00,6095.73095703125,6153.057580451607,6019.295459137442,6019.295459137442,73200
2024-05-16 09:00:00+09:00,6019.29541015625,6057.513158792163,5981.077661520338,6028.8498473152285,62600
2024-05-17 09:00:00+09:00,6239.04736328125,6305.928422305704,6028.8497492043925,6047.95862321138,128900
2024-05-20 09:00:00+09:00,6430.13623046875,6449.2451048535,6200.829737851736,6219.938612236488,185800
2024-05-21 09:00:00+09:00,6372.8095703125,6458.799504544603,6353.7006960387,6458.799504544603,87400
2024-05-22 09:00:00+09:00,6248.60205078125,6344.146424646407,6200.829863848671,6344.146424646407,114700
2024-05-23 09:00:00+09:00,6363.25537109375,6411.027558564424,6248.602121164133,6305.928746128941,71500
2024-05-24 09:00:00+09:00,6344.14697265625,6401.47360192724,6239.048152326101,6267.711466961597,66200
2024-05-27 09:00:00+09:00,6382.3642578125,6506.57194546454,6363.25538278911,6468.354195417758,60400
2024-05-28 09:00:00+09:00,6430.13623046875,6497.017290815378,6391.918481699247,6449.2451048535,56400
2024-05-29 09:00:00+09:00,6267.7109375,6411.027498570884,6267.7109375,6411.027498570884,37200
2024-05-30 09:00:00+09:00,6267.7109375,6344.146436737805,6181.721000857469,6219.938750476372,73700
2024-05-31 09:00:00+09:00,6401.47314453125,6401.47314453125,6325.037644298041,6325.037644298041,99800
2024-06-03 09:00:00+09:00,6554.34375,6554.34375,6458.799380466472,6477.908254373177,73900
2024-06-04 09:00:00+09:00,6497.017578125,6640.334142348345,6487.46314051011,6621.225267118566,130200
2024-06-05 09:00:00+09:00,6315.48291015625,6458.799466362519,6286.819598914996,6458.799466362519,69700
2024-06-06 09:00:00+09:00,6172.16650390625,6315.483063594476,6086.176568093315,6315.483063594476,147200
2024-06-07 09:00:00+09:00,6200.830078125,6239.047828991718,6172.166764974962,6219.938953558359,62500
2024-06-10 09:00:00+09:00,6305.9287109375,6325.037585819129,6153.057711884469,6153.057711884469,43100
2024-06-11 09:00:00+09:00,6267.7109375,6325.037561928354,6239.047625285823,6277.265374904726,44700
2024-06-12 09:00:00+09:00,6325.03759765625,6372.809784949726,6277.265410362774,6286.819847821469,61000
2024-06-13 09:00:00+09:00,6219.9384765625,6344.146157354071,6219.9384765625,6296.373972434236,53100
2024-06-14 09:00:00+09:00,6315.48291015625,6334.5917843170855,6200.829665191234,6219.938539352071,87900
2024-06-17 09:00:00+09:00,6162.6123046875,6219.938930777616,6086.1768032340115,6219.938930777616,68200
2024-06-18 09:00:00+09:00,6344.14697265625,6344.14697265625,6239.048152326101,6239.048152326101,74000
2024-06-19 09:00:00+09:00,6325.03759765625,6325.03759765625,6248.602097986688,6248.602097986688,54200
2024-06-20 09:00:00+09:00,6296.3740234375,6353.700645805671,6267.710712253414,6267.710712253414,46600
2024-06-21 09:00:00+09:00,6248.60205078125,6372.809736805953,6248.60205078125,6372.809736805953,64800
2024-06-24 09:00:00+09:00,6277.26513671875,6315.4828848875095,6239.0473885499905,6248.601825592181,41400
2024-06-25 09:00:00+09:00,6363.25537109375,6363.25537109375,6296.374308634807,6353.700933599615,42100
2024-06-26 09:00:00+09:00,6430.13623046875,6430.13623046875,6296.374109775492,6334.5918585449945,54800
2024-06-27 09:00:00+09:00,6430.13623046875,6506.571728007754,6325.037421352618,6344.14629573737,95300
2024-06-28 09:00:00+09:00,6449.2451171875,6497.01730324074,6411.027368344907,6477.908428819444,77700
2024-07-01 09:00:00+09:00,6602.1162109375,6630.779522996562,6544.789586819374,6544.789586819374,107900
2024-07-02 09:00:00+09:00,6544.78955078125,6640.333923785356,6516.126238880019,6640.333923785356,59300
2024-07-03 09:00:00+09:00,6554.34375,6611.670371720116,6506.5715652332365,6611.670371720116,42300
2024-07-04 09:00:00+09:00,6611.67041015625,6640.3337211829385,6554.343788102872,6563.898225111769,37100
2024-07-05 09:00:00+09:00,6506.57177734375,6611.670587256792,6468.354028284462,6592.561712727148,54100
2024-07-08 09:00:00+09:00,6554.34375,6602.1159347667635,6468.353817419825,6506.5715652332365,64100
2024-07-09 09:00:00+09:00,6477.908203125,6592.561445658185,6411.027144980641,6554.343698147124,88800
2024-07-10 09:00:00+09:00,6506.57177734375,6535.235089138216,6458.7995910196405,6487.462902814106,67800
2024-07-11 09:00:00+09:00,6716.76953125,6716.76953125,6573.452969416785,6583.0074068723325,88500
2024-07-12 09:00:00+09:00,6879.19482421875,6898.303698730469,6688.1060791015625,6688.1060791015625,135600
2024-07-16 09:00:00+09:00,6840.97705078125,6936.521422998865,6831.422613559489,6869.640362446535,71100
2024-07-17 09:00:00+09:00,6812.31396484375,6831.42283992045,6697.660714383546,6821.8684023821,92000
2024-07-18 09:00:00+09:00,6678.5517578125,6888.749381091291,6668.997320390737,6754.987257186606,78900
2024-07-19 09:00:00+09:00,6697.66064453125,6735.878394286065,6573.452957828103,6602.116270144214,78100
2024-07-22 09:00:00+09:00,6563.89794921875,6707.21449832833,6563.89794921875,6697.660061721024,48000
2024-07-23 09:00:00+09:00,6592.56201171875,6688.106388700181,6573.453136322463,6621.225324813179,41200
2024-07-24 09:00:00+09:00,6372.8095703125,6583.007187324307,6372.8095703125,6583.007187324307,88700
2024-07-25 09:00:00+09:00,6105.28564453125,6315.483272355487,6086.176769274502,6305.928834727113,102200
2024-07-26 09:00:00+09:00,6162.6123046875,6239.0478061409885,6105.285678597384,6105.285678597384,86900
2024-07-29 09:00:00+09:00,6286.8193359375,6334.59151934128,6191.274969129939,6191.274969129939,80100
2024-07-30 09:00:00+09:00,6391.9189453125,6401.47338319787,6200.830187605101,6229.49350126121,123400
2024-07-31 09:00:00+09:00,6477.908203125,6477.908203125,6363.254960591814,6391.91827122511,152600
2024-08-01 09:00:00+09:00,5770.8798828125,6038.404115790563,5618.008892539321,6000.186368222268,246900
2024-08-02 09:00:00+09:00,5350.4853515625,5618.009619140626,5350.4853515625,5608.455181012835,142000
2024-08-05 09:00:00+09:00,4595.6845703125,4968.307643581081,4528.803505879678,4968.307643581081,207000
2024-08-06 09:00:00+09:00,4949.19873046875,5063.851982912041,4767.664414100205,4796.327727211028,173300
2024-08-07 09:00:00+09:00,4968.30712890625,5121.178117487981,4748.555082820012,4758.109519606371,142300
2024-08-08 09:00:00+09:00,4977.86181640625,5121.178375419866,4844.099694660209,4882.317443730506,119200
2024-08-09 09:00:00+09:00,5054.296875,5140.286802930057,4987.4158199432895,5073.405747873347,109000
2024-08-13 09:00:00+09:00,5102.06982421875,5188.059765076369,5025.6343212342,5063.852072726475,140000
2024-08-14 09:00:00+09:00,5140.28759765625,5168.950911397827,5054.297656431517,5102.069846000813,127300
2024-08-15 09:00:00+09:00,5216.72314453125,5283.604210486779,5130.733202588427,5159.396516569368,170700
2024-08-16 09:00:00+09:00,5484.24658203125,5570.2365110178025,5426.919962706881,5436.474399260943,113900
2024-08-19 09:00:00+09:00,5407.8115234375,5493.801459322549,5388.7026487963785,5436.474835399183,78400
2024-08-20 09:00:00+09:00,5522.46435546875,5579.790975075692,5465.137735861808,5493.801045665279,80500
2024-08-21 09:00:00+09:00,5398.25732421875,5522.465014864491,5360.03957325083,5455.583950670631,105800
2024-08-22 09:00:00+09:00,5436.474609375,5455.583483221661,5379.147987835017,5398.256861681678,81600
2024-08-23 09:00:00+09:00,5465.13818359375,5512.910370513276,5407.81155929032,5474.692620977656,67400
2024-08-26 09:00:00+09:00,5446.029296875,5474.692608963816,5340.930485882675,5455.583734237939,130000
2024-08-27 09:00:00+09:00,5474.6923828125,5503.355693717277,5417.365761002945,5446.029071907723,67100
2024-08-28 09:00:00+09:00,5455.583984375,5484.247297778021,5388.702919767951,5446.029546573993,108500
2024-08-29 09:00:00+09:00,5541.57373046875,5551.128167935075,5417.36604340652,5455.5837932718205,66700
2024-08-30 09:00:00+09:00,5579.791015625,5665.780945660317,5551.127705613228,5598.899888966182,97500
2024-09-02 09:00:00+09:00,5589.34619140625,5637.118381076389,5541.574001736111,5589.34619140625,39900
2024-09-03 09:00:00+09:00,5608.455078125,5694.445019697615,5570.237326314948,5589.346202219975,86900
2024-09-04 09:00:00+09:00,5331.37548828125,5455.583160947301,5331.37548828125,5417.365415511593,82900
2024-09-05 09:00:00+09:00,5302.712890625,5340.930641188063,5245.386264780405,5274.049577702703,84000
2024-09-06 09:00:00+09:00,5207.16845703125,5340.93058253297,5188.059581959576,5340.93058253297,45500
2024-09-09 09:00:00+09:00,5245.3857421875,5254.940178876366,5073.4058817879095,5130.732501921107,142400
2024-09-10 09:00:00+09:00,5197.61376953125,5264.494829065659,5188.059332454906,5245.385954912971,124000
2024-09-11 09:00:00+09:00,5149.841796875,5197.613984230055,5063.8518596359,5073.406297106911,229500
2024-09-12 09:00:00+09:00,5340.9306640625,5436.475040879361,5283.604037972384,5312.267351017442,160700
2024-09-13 09:00:00+09:00,5331.37548828125,5398.256542793739,5293.157742845542,5293.157742845542,152000
2024-09-17 09:00:00+09:00,5293.15771484375,5360.038769002425,5226.276660685075,5331.375460077279,117300
2024-09-18 09:00:00+09:00,5302.712890625,5360.039516469595,5254.940702421171,5293.158452984235,96200
2024-09-19 09:00:00+09:00,5369.59375,5388.702624555161,5293.1582517793595,5321.821563612099,126400
2024-09-20 09:00:00+09:00,5417.3662109375,5503.356150793651,5379.148459890323,5426.920648699294,131400
2024-09-24 09:00:00+09:00,5446.029296875,5503.355921052632,5426.920422149123,5493.801483689694,107300
2024-09-25 09:00:00+09:00,5541.57373046875,5570.237042867726,5388.702731007543,5407.811605940194,119800
2024-09-26 09:00:00+09:00,5751.77099609375,5751.77099609375,5589.3455692937605,5637.1177536466985,112300
2024-09-27 09:00:00+09:00,5838.91943359375,5877.651900814935,5751.771382346082,5761.4544991513785,123100
2024-09-30 09:00:00+09:00,5683.98974609375,5742.0884487795465,5587.158574950756,5616.207926293654,152000
2024-10-01 09:00:00+09:00,5858.28564453125,5858.28564453125,5713.038893013946,5742.088243317407,74900
2024-10-02 09:00:00+09:00,5906.701171875,5955.116755251024,5780.820655097336,5780.820655097336,137200
2024-10-03 09:00:00+09:00,5906.701171875,6051.9479220030735,5867.96870517418,6022.898571977459,121300
2024-10-04 09:00:00+09:00,5906.701171875,5935.750521900614,5867.96870517418,5906.701171875,56400
2024-10-07 09:00:00+09:00,6110.04638671875,6110.04638671875,5955.116525882776,6003.532107394018,91000
2024-10-08 09:00:00+09:00,5993.84912109375,6090.680286216428,5964.799771556947,6042.264703655089,105300
2024-10-09 09:00:00+09:00,6003.5322265625,6090.680275012601,5935.75041110131,6071.31404202369,71800
2024-10-10 09:00:00+09:00,6139.095703125,6139.095703125,6013.215191862185,6022.898308113171,86000
2024-10-11 09:00:00+09:00,5964.7998046875,6090.6803200461645,5945.433571555398,6090.6803200461645,144400
2024-10-15 09:00:00+09:00,5838.91943359375,6022.898652894382,5838.91943359375,6013.215536089086,153800
2024-10-16 09:00:00+09:00,5848.6025390625,5887.335006208609,5732.405137624172,5761.454487983754,92200
2024-10-17 09:00:00+09:00,5809.8701171875,5858.285701497396,5761.454532877604,5790.503883463542,156900
2024-10-18 09:00:00+09:00,5800.18701171875,5848.602596123748,5771.137661075752,5848.602596123748,98700
2024-10-21 09:00:00+09:00,5790.50341796875,5829.235882302989,5771.137185801631,5819.55276621943,117400
2024-10-22 09:00:00+09:00,5683.98974609375,5790.504034351043,5645.257277636552,5780.820917236743,112800
2024-10-23 09:00:00+09:00,5577.47509765625,5674.306262546115,5567.791981167264,5654.940029568143,200600
2024-10-24 09:00:00+09:00,5529.0595703125,5548.425803483472,5461.2777542140975,5548.425803483472,128200
2024-10-25 09:00:00+09:00,5529.0595703125,5596.841386410902,5500.0102205560415,5577.47515323993,90800
2024-10-28 09:00:00+09:00,5616.20751953125,5625.890635944234,5490.327006162446,5529.059471814386,92500
2024-10-29 09:00:00+09:00,5587.158203125,5616.207552534662,5548.42573724545,5616.207552534662,55600
2024-10-30 09:00:00+09:00,5606.52490234375,5654.940488719776,5587.15866779334,5616.208019618955,117600
2024-10-31 09:00:00+09:00,5606.52490234375,5645.257371444571,5519.376846866904,5616.208019618955,128200
2024-11-01 09:00:00+09:00,6100.36328125,6245.610026041667,5916.384071180556,5993.849001736111,458200
2024-11-05 09:00:00+09:00,6245.6103515625,6303.709052507268,6110.04671602471,6110.04671602471,162000
2024-11-06 09:00:00+09:00,6584.51953125,6594.20264820772,6255.2935546875,6255.2935546875,179300
2024-11-07 09:00:00+09:00,6632.93505859375,6739.449344206204,6594.202591098312,6681.350642963047,200500
2024-11-08 09:00:00+09:00,6555.47021484375,6691.033852964596,6536.103980826487,6661.9845019387,96100
2024-11-11 09:00:00+09:00,6603.8857421875,6613.568859111529,6536.1039237193,6565.153274491386,76900
2024-11-12 09:00:00+09:00,6536.103515625,6613.568446180556,6487.687934027778,6574.835980902778,100200
2024-11-13 09:00:00+09:00,6526.42041015625,6594.202224505054,6507.054177485164,6507.054177485164,121400
2024-11-14 09:00:00+09:00,6419.90625,6536.103648190045,6410.223133484163,6458.6387160633485,103500
2024-11-15 09:00:00+09:00,6342.44140625,6419.906339456107,6323.075172948474,6419.906339456107,103800
2024-11-18 09:00:00+09:00,6264.97607421875,6342.44100249348,6168.144913875339,6274.659190253092,89100
2024-11-19 09:00:00+09:00,6245.6103515625,6264.976585210756,6168.145416969477,6206.8778842659885,84900
2024-11-20 09:00:00+09:00,6158.46240234375,6294.026040131191,6158.46240234375,6255.293572191922,93600
2024-11-21 09:00:00+09:00,6332.75830078125,6381.173884120557,6148.779084091887,6187.511550763332,180600
2024-11-22 09:00:00+09:00,6439.2724609375,6507.05427631579,6342.441296111372,6342.441296111372,151100
2024-11-25 09:00:00+09:00,6497.37109375,6594.2022575912815,6497.37109375,6536.103559286513,120300
2024-11-26 09:00:00+09:00,6545.787109375,6565.153343426405,6487.688407220784,6487.688407220784,121400
2024-11-27 09:00:00+09:00,6342.44140625,6565.153089217558,6323.075172948474,6516.737505963741,104400
2024-11-28 09:00:00+09:00,6429.58984375,6458.63919545369,6313.392436935241,6352.124905873494,97100
2024-11-29 09:00:00+09:00,6410.22314453125,6536.103659454069,6390.856911466201,6468.321843726398,106500
2024-12-02 09:00:00+09:00,6429.58984375,6458.63919545369,6303.709319700678,6439.272960984564,129300
2024-12-03 09:00:00+09:00,6584.51953125,6642.618232996323,6448.955893841911,6448.955893841911,132500
2024-12-04 09:00:00+09:00,6410.22314453125,6613.5685917142655,6410.22314453125,6574.836125584167,122900
2024-12-05 09:00:00+09:00,6507.0546875,6574.836507161459,6439.272867838542,6448.955984933036,107800
2024-12-06 09:00:00+09:00,6584.51953125,6623.251999080882,6478.005244715073,6516.737712545955,119900
2024-12-09 09:00:00+09:00,6603.8857421875,6681.350677579729,6555.470157567357,6594.202625263471,112200
2024-12-10 09:00:00+09:00,6942.794921875,7020.259858241807,6671.667644591179,6700.7169957287315,366800
2024-12-11 09:00:00+09:00,7068.67529296875,7242.971396083048,7029.942825610017,7155.823344525899,409800
2024-12-12 09:00:00+09:00,7126.7734375,7155.82278575068,7000.892928413723,7136.45655358356,213400
2024-12-13 09:00:00+09:00,7000.89306640625,7107.407345424879,6981.526833857409,7000.89306640625,189400
2024-12-16 09:00:00+09:00,7107.40771484375,7117.090831621466,7010.576547066587,7049.309014177453,141100
2024-12-17 09:00:00+09:00,7039.62548828125,7126.773534215956,7039.62548828125,7107.407301786021,144100
2024-12-18 09:00:00+09:00,7039.62548828125,7088.041069356086,7010.576139636348,7029.942372066283,126000
2024-12-19 09:00:00+09:00,7117.0908203125,7136.45705383716,6991.210302402211,7010.576535926871,137300
2024-12-20 09:00:00+09:00,7184.87255859375,7252.654375184257,7155.82320862639,7165.5063252821765,251100
2024-12-23 09:00:00+09:00,7291.38671875,7368.851650688911,7204.238670318725,7204.238670318725,249600
2024-12-24 09:00:00+09:00,7301.06982421875,7330.119173651981,7213.921775919057,7242.971125352288,160300
2024-12-25 09:00:00+09:00,7485.048828125,7485.048828125,7310.752736396345,7310.752736396345,169400
2024-12-26 09:00:00+09:00,7504.41552734375,7562.514228200605,7446.3168264868955,7465.683060105847,175400
2024-12-27 09:00:00+09:00,8956.8828125,8956.8828125,8956.8828125,8956.8828125,13600
2024-12-30 09:00:00+09:00,10409.3505859375,10409.3505859375,10409.3505859375,10409.3505859375,107200
2025-01-06 09:00:00+09:00,11077.4853515625,11125.900934392756,10932.238603071733,10941.921719637785,1861300
2025-01-07 09:00:00+09:00,10922.5556640625,11116.217998531693,10864.456963721741,11038.753064744016,787000
2025-01-08 09:00:00+09:00,10980.654296875,11077.48546351411,10932.238713555445,10941.921830219357,487500
2025-01-09 09:00:00+09:00,11125.9013671875,11125.9013671875,11000.020846932115,11009.703963874837,338100
2025-01-10 09:00:00+09:00,11571.32421875,11581.007335251046,11029.069694691423,11067.802160695606,381200
2025-01-14 09:00:00+09:00,11232.4150390625,11309.879970366379,11106.534525693696,11280.830621127425,192900
2025-01-15 09:00:00+09:00,11348.6123046875,11367.978537289355,11116.21751346523,11174.316211270798,347600
2025-01-16 09:00:00+09:00,11232.4150390625,11474.492949387122,11174.31634058459,11232.4150390625,210500
2025-01-17 09:00:00+09:00,11232.4150390625,11290.513737540408,11154.950107758621,11174.31634058459,120500
2025-01-20 09:00:00+09:00,11232.4150390625,11251.781271888469,11154.950107758621,11183.999456997575,102800
2025-01-21 09:00:00+09:00,11242.09765625,11271.147004198967,11213.048308301033,11232.414540267011,81000
2025-01-22 09:00:00+09:00,11232.4150390625,11309.879970366379,11203.365689823544,11232.4150390625,117000
2025-01-23 09:00:00+09:00,11232.4150390625,11309.879970366379,11213.04880623653,11213.04880623653,137300
2025-01-24 09:00:00+09:00,11280.8310546875,11338.929755398338,11222.732353976664,11251.781704332081,231200
2025-01-27 09:00:00+09:00,11377.662109375,11455.127042885639,11213.049125664893,11280.830942486702,181600
2025-01-28 09:00:00+09:00,11261.46484375,11377.662245405201,11261.46484375,11319.5635445776,77200
2025-01-29 09:00:00+09:00,11242.09765625,11348.611932062877,11145.266496420112,11261.463888215978,213800
2025-01-30 09:00:00+09:00,11290.5146484375,11377.662703185302,11251.782179660699,11251.782179660699,136100
2025-01-31 09:00:00+09:00,11232.4150390625,11397.028018083243,11232.4150390625,11280.830621127425,114300
2025-02-03 09:00:00+09:00,11135.583984375,11261.464498980979,10961.287887228262,11174.316450407608,178000
2025-02-04 09:00:00+09:00,11184.0,11261.464935064936,11116.218181818182,11116.218181818182,184200
2025-02-05 09:00:00+09:00,11290.5146484375,11358.296468796902,11213.049710883897,11213.049710883897,183200
2025-02-06 09:00:00+09:00,11629.4228515625,11648.78908445436,11280.830659509002,11280.830659509002,289700
2025-02-07 09:00:00+09:00,11551.9580078125,11658.472289527452,11329.246327863055,11474.493075656172,392000
2025-02-10 09:00:00+09:00,11561.6416015625,11658.472770754815,11435.761081612489,11455.127315450953,308000
2025-02-12 09:00:00+09:00,11561.6416015625,11639.106536916353,11261.464977066322,11532.592250804806,313500
2025-02-13 09:00:00+09:00,11532.591796875,11687.521661484572,11474.493097646411,11522.908680336901,457000
2025-02-14 09:00:00+09:00,11542.275390625,11639.106560009439,11348.613051856124,11532.592273686556,258800
2025-02-17 09:00:00+09:00,11493.859375,11677.838589932602,11455.1269086984,11571.324307603201,422400
2025-02-18 09:00:00+09:00,11503.5419921875,11639.10561835806,11455.1264114123,11522.90822449758,380300
2025-02-19 09:00:00+09:00,11464.810546875,11619.740419130068,11358.296259699642,11522.90924897065,462000
2025-02-20 09:00:00+09:00,11280.8310546875,11542.275207886267,11280.8310546875,11435.760923249733,464600
2025-02-21 09:00:00+09:00,11445.4443359375,11561.641740363262,11309.880697440778,11338.93004854722,229800
2025-02-25 09:00:00+09:00,11271.1474609375,11416.394206568137,11222.73187906062,11271.1474609375,148700
2025-02-26 09:00:00+09:00,11280.8310546875,11309.880405042919,11232.415470761802,11280.8310546875,160700
2025-02-27 09:00:00+09:00,11251.78125,11329.246181153183,11232.415017211704,11290.513715576591,157200
2025-02-28 09:00:00+09:00,11087.1689453125,11261.465051003002,11087.1689453125,11203.366349106169,228300
2025-03-03 09:00:00+09:00,11009.7041015625,11174.317091647426,10922.556047988126,11096.852155136872,179600
2025-03-04 09:00:00+09:00,10845.0908203125,11087.16874040876,10777.309002685548,11087.16874040876,171700
2025-03-05 09:00:00+09:00,11019.38671875,11106.534768371046,10922.555552504393,10951.604902378076,149100
2025-03-06 09:00:00+09:00,11077.4853515625,11135.584050958807,11038.752885298296,11096.851584694603,162000
2025-03-07 09:00:00+09:00,10922.5556640625,11077.485531637854,10874.1400804452,11067.802414914395,159700
2025-03-10 09:00:00+09:00,11668.1552734375,12413.75523696836,10883.822844268672,10941.921542725622,702600
2025-03-11 09:00:00+09:00,11571.32421875,11677.838500261507,11271.147607217574,11377.661888729079,409600
2025-03-12 09:00:00+09:00,11464.810546875,11600.374185098184,11338.930025667758,11522.90924897065,200300
2025-03-13 09:00:00+09:00,11300.197265625,11532.592068002892,11251.781681796272,11416.394666813945,127100
2025-03-14 09:00:00+09:00,11377.662109375,11406.711459441489,11261.464709109043,11290.514059175532,70400
2025-03-17 09:00:00+09:00,11348.6123046875,11397.02788619214,11300.19672318286,11367.978537289355,67400
2025-03-18 09:00:00+09:00,11387.345703125,11455.127522786459,11348.613234747025,11348.613234747025,71900
2025-03-19 09:00:00+09:00,11464.810546875,11513.226131954709,11348.6131426837,11348.6131426837,46000
2025-03-21 09:00:00+09:00,11387.345703125,11581.008045014882,11377.662586030507,11522.909342447918,116600
2025-03-24 09:00:00+09:00,11309.8798828125,11397.02792985472,11290.513650136452,11387.344813516696,61100
2025-03-25 09:00:00+09:00,11232.4150390625,11377.661785257273,11232.4150390625,11338.929319605333,71300
2025-03-26 09:00:00+09:00,11242.09765625,11300.196352147932,11174.315844369077,11251.780772232989,105400
2025-03-27 09:00:00+09:00,11377.662109375,11377.662109375,11232.415359042552,11242.098475731384,85000
2025-03-28 09:00:00+09:00,11309.298828125,11406.961166882556,11240.93519099471,11328.831295876511,132400
2025-03-31 09:00:00+09:00,11397.1943359375,11436.259269394013,11260.467068839707,11270.233302203835,127300
2025-04-01 09:00:00+09:00,11377.662109375,11436.259510796674,11319.064707953326,11338.597175093884,65200
2025-04-02 09:00:00+09:00,11231.1689453125,11367.896219429347,11094.441671195651,11338.59751783288,188600
2025-04-03 09:00:00+09:00,11065.142578125,11240.934781484444,10977.246476445278,11035.843877565092,303400
2025-04-04 09:00:00+09:00,11133.505859375,11143.272092584979,10957.713661595395,11104.207159745065,336800
2025-04-07 09:00:00+09:00,10733.0908203125,10967.480428763365,10664.727184514331,10918.6492603361,588700
2025-04-08 09:00:00+09:00,10694.025390625,10830.752655893266,10654.96045769121,10801.453956192923,567000
2025-04-09 09:00:00+09:00,10713.55859375,10762.38976327484,10625.662488605287,10694.026125940063,629700
2025-04-10 09:00:00+09:00,10977.24609375,11065.142192365436,10713.557797903692,10752.622730621664,487500
2025-04-11 09:00:00+09:00,10977.24609375,11065.142192365436,10791.687663339635,10791.687663339635,242500
2025-04-14 09:00:00+09:00,11162.8046875,11231.16832075678,11016.311187664043,11026.07742098644,116100
2025-04-15 09:00:00+09:00,10938.181640625,11162.805013602121,10938.181640625,11162.805013602121,126200
2025-04-16 09:00:00+09:00,11006.544921875,11035.843621755768,10908.882588939108,10957.713755407054,84900
2025-04-17 09:00:00+09:00,11055.3759765625,11104.207142536716,10987.012344198598,10987.012344198598,62200
2025-04-18 09:00:00+09:00,11348.36328125,11533.921717001936,11074.90874435241,11074.90874435241,237800
2025-04-21 09:00:00+09:00,11299.5322265625,11465.558197047862,11113.973788961213,11113.973788961213,142200
2025-04-22 09:00:00+09:00,11280.0,11367.896103896104,11231.16883116883,11289.766233766233,67700
2025-04-23 09:00:00+09:00,11240.9345703125,11358.12937035051,11240.9345703125,11348.36313701401,68900
2025-04-24 09:00:00+09:00,11221.40234375,11309.29844565927,11211.636110204525,11240.934810840949,52000
2025-04-25 09:00:00+09:00,11182.337890625,11289.766464246724,11172.57165665939,11211.636592521834,90000
2025-04-28 09:00:00+09:00,11104.2080078125,11231.169049238677,11104.2080078125,11172.571645503518,81200
2025-04-30 09:00:00+09:00,10996.779296875,11065.1429337117,10928.4156600383,11035.844232210258,136200
2025-05-01 09:00:00+09:00,10908.8828125,10977.246446956133,10850.285411537601,10977.246446956133,132400
2025-05-02 09:00:00+09:00,10938.181640625,10967.480341448103,10830.75307094029,10889.350472586495,102000
2025-05-07 09:00:00+09:00,10869.818359375,10967.480698632637,10850.285891523474,10918.649529003818,115200
2025-05-08 09:00:00+09:00,10830.7529296875,10860.051630128495,10674.493194002198,10694.025660962861,168200
2025-05-09 09:00:00+09:00,8867.740234375,9346.285687551625,8584.519455964344,8594.285689702643,1831500
2025-05-12 09:00:00+09:00,8906.8046875,8965.402086759868,8799.37612219024,8887.272221080044,422000
2025-05-13 09:00:00+09:00,9443.9482421875,9590.44175163198,8887.272906298474,8975.169011965163,364100
2025-05-14 09:00:00+09:00,9453.7138671875,9531.843733858472,9307.22036717943,9522.0775005246,324400
2025-05-15 09:00:00+09:00,9414.6494140625,9570.90915537474,9336.519543406379,9453.71434939056,188800
2025-05-16 09:00:00+09:00,9434.181640625,9453.714107789854,9297.454370471014,9375.584239130434,242200
2025-05-19 09:00:00+09:00,9678.337890625,9727.169060607972,9336.519700744198,9336.519700744198,416300
2025-05-20 09:00:00+09:00,9404.8828125,9707.636049454828,9336.51917834891,9688.103582554517,426600
2025-05-21 09:00:00+09:00,9375.583984375,9483.01255086263,9287.687884521483,9375.583984375,235900
2025-05-22 09:00:00+09:00,9492.779296875,9580.675401475693,9336.519555362655,9365.818256896218,134500
2025-05-23 09:00:00+09:00,9668.5712890625,9697.869989938446,9473.246616556187,9473.246616556187,122700
2025-05-26 09:00:00+09:00,9688.103515625,9697.869749007687,9541.610014884704,9697.869749007687,129600
2025-05-27 09:00:00+09:00,10029.921875,10244.779013510224,9668.571232960077,9746.70110150925,512000
2025-05-28 09:00:00+09:00,11133.505859375,11250.700657894737,11006.544827645284,11035.84352727522,766100
2025-05-29 09:00:00+09:00,11006.544921875,11123.73972139807,10947.947522113465,11084.674788223714,257500
2025-05-30 09:00:00+09:00,10947.9482421875,11026.078113675012,10938.18200825156,10938.18200825156,171900
2025-06-02 09:00:00+09:00,10987.0126953125,11016.311395833332,10928.415294270833,10977.246461805555,119800
2025-06-03 09:00:00+09:00,10947.9482421875,11035.84434761095,10928.415774315623,10987.013177931256,132400
2025-06-04 09:00:00+09:00,11367.8955078125,11494.856540116247,11270.233175271154,11338.596808050097,783100
2025-06-05 09:00:00+09:00,11338.5966796875,11397.194078548935,11172.57071624677,11367.895379118218,586900
2025-06-06 09:00:00+09:00,11406.9609375,11436.259638538098,11319.064834385703,11319.064834385703,158300
2025-06-09 09:00:00+09:00,11367.8955078125,11446.025373845576,11348.36304130423,11426.492907337306,101600
2025-06-10 09:00:00+09:00,11387.4287109375,11406.961178709264,11377.66247705162,11377.66247705162,74600
2025-06-11 09:00:00+09:00,11387.4287109375,11406.961178709264,11377.66247705162,11387.4287109375,114500
2025-06-12 09:00:00+09:00,11387.4287109375,11426.493646481025,11348.363775393975,11387.4287109375,151300
2025-06-13 09:00:00+09:00,11387.4287109375,11455.79234813867,11387.4287109375,11387.4287109375,77300
2025-06-16 09:00:00+09:00,11387.4287109375,11446.026114252787,11387.4287109375,11387.4287109375,76500
2025-06-17 09:00:00+09:00,11387.4287109375,11426.493646481025,11387.4287109375,11406.961178709264,51900
2025-06-18 09:00:00+09:00,11367.8955078125,11426.492907337306,11367.8955078125,11416.726674083171,89600
2025-06-19 09:00:00+09:00,11348.36328125,11387.428215092514,11338.597047789372,11377.661981631885,80900
2025-06-20 09:00:00+09:00,11319.064453125,11367.89561987705,11299.531986424181,11348.36315317623,179000
2025-06-23 09:00:00+09:00,11280.0,11299.532467532468,11260.467532467532,11289.766233766233,73200
2025-06-24 09:00:00+09:00,11280.0,11328.83116883117,11280.0,11309.298701298701,81200
2025-06-25 09:00:00+09:00,11250.701171875,11299.532340155707,11240.93493821886,11279.999872843424,115100
2025-06-26 09:00:00+09:00,11270.2333984375,11289.76586533254,11260.467164989981,11279.99963188502,71200
2025-06-27 09:00:00+09:00,11250.701171875,11279.999872843424,11250.701171875,11260.46740553114,121700
2025-06-30 09:00:00+09:00,11240.9345703125,11270.233270322004,11240.9345703125,11270.233270322004,48300
2025-07-01 09:00:00+09:00,11192.103515625,11250.700916230368,11162.804815322317,11240.93468279614,199100
2025-07-02 09:00:00+09:00,11143.2724609375,11201.869862134366,11143.2724609375,11192.103628601555,127700
2025-07-03 09:00:00+09:00,11162.8046875,11221.402087434384,11162.8046875,11182.337154144794,53900
2025-07-04 09:00:00+09:00,11182.337890625,11211.636592521834,11162.805422693778,11201.870358556223,23600
2025-07-07 09:00:00+09:00,11172.5712890625,11192.10375635107,11153.03882177393,11153.03882177393,16700
2025-07-08 09:00:00+09:00,11221.40234375,11221.40234375,11172.571176022628,11182.337409568103,70400
2025-07-09 09:00:00+09:00,11250.701171875,11250.701171875,11192.10376993815,11221.402470906576,52900
2025-07-10 09:00:00+09:00,11221.40234375,11231.168577295473,11201.869876659051,11231.168577295473,69700
2025-07-11 09:00:00+09:00,11182.337890625,11231.169060453058,11172.57165665939,11231.169060453058,66300
2025-07-14 09:00:00+09:00,11133.505859375,11201.869491844847,11133.505859375,11162.804559004935,46300
2025-07-15 09:00:00+09:00,11192.103515625,11192.103515625,11143.272348453862,11153.03858188809,17700
2025-07-16 09:00:00+09:00,11182.337890625,11231.169060453058,11162.805422693778,11231.169060453058,23200
2025-07-17 09:00:00+09:00,11182.337890625,11182.337890625,11153.039188728166,11162.805422693778,18900
2025-07-18 09:00:00+09:00,11192.103515625,11192.103515625,11162.804815322317,11172.571048756545,20700
2025-07-22 09:00:00+09:00,11182.337890625,11201.870358556223,11172.57165665939,11201.870358556223,18100
2025-07-23 09:00:00+09:00,11162.8046875,11231.16832075678,11065.14235427603,11201.86962078959,252400
2025-07-24 09:00:00+09:00,11162.8046875,11221.402087434384,11162.8046875,11201.86962078959,38600
2025-07-25 09:00:00+09:00,11162.8046875,11211.635854111986,11162.8046875,11211.635854111986,24700
2025-07-28 09:00:00+09:00,11201.8701171875,11211.636350942677,11172.57141592197,11201.8701171875,43300
2025-07-29 09:00:00+09:00,11201.8701171875,11221.402584697853,11182.337649677147,11192.103883432324,39500
2025-07-30 09:00:00+09:00,11211.6357421875,11231.168208637304,11201.869508962598,11221.401975412402,37500
2025-07-31 09:00:00+09:00,11221.40234375,11221.40234375,11192.103643113576,11221.40234375,52300
2025-08-01 09:00:00+09:00,11172.5712890625,11231.168690928213,11172.5712890625,11221.402457283928,52400
2025-08-04 09:00:00+09:00,11162.8046875,11211.635854111986,11162.8046875,11172.570920822398,51200
2025-08-05 09:00:00+09:00,11211.6357421875,11211.6357421875,11182.337042512794,11182.337042512794,32400
2025-08-06 09:00:00+09:00,11201.8701171875,11211.636350942677,11192.103883432324,11211.636350942677,23900
2025-08-07 09:00:00+09:00,11211.6357421875,11231.168208637304,11182.337042512794,11211.6357421875,33300
2025-08-08 09:00:00+09:00,11221.40234375,11221.40234375,11201.869876659051,11211.636110204525,24500
2025-08-12 09:00:00+09:00,11221.40234375,11240.934810840949,11201.869876659051,11231.168577295473,73000
2025-08-13 09:00:00+09:00,11231.1689453125,11240.935179177988,11201.870243716032,11231.1689453125,50200
2025-08-14 09:00:00+09:00,11221.40234375,11240.934810840949,11221.40234375,11221.40234375,26900
2025-08-15 09:00:00+09:00,11231.1689453125,11240.935179177988,11221.40271144701,11231.1689453125,30100
2025-08-18 09:00:00+09:00,11221.40234375,11231.168577295473,11221.40234375,11221.40234375,17400
2025-08-19 09:00:00+09:00,11211.6357421875,11221.401975412402,11201.869508962598,11221.401975412402,58700
2025-08-20 09:00:00+09:00,11211.6357421875,11221.401975412402,11211.6357421875,11211.6357421875,30700
2025-08-21 09:00:00+09:00,11211.6357421875,11231.168208637304,11211.6357421875,11231.168208637304,28400
2025-08-22 09:00:00+09:00,11221.40234375,11221.40234375,11211.636110204525,11211.636110204525,19600
2025-08-25 09:00:00+09:00,11201.8701171875,11211.636350942677,11201.8701171875,11211.636350942677,23800
2025-08-26 09:00:00+09:00,11211.6357421875,11211.6357421875,11201.869508962598,11201.869508962598,101800
2025-08-27 09:00:00+09:00,11182.337890625,11211.636592521834,11133.506720796944,11201.870358556223,148700
2025-08-28 09:00:00+09:00,11211.6357421875,11221.401975412402,11172.570809287892,11192.103275737696,92500
2025-08-29 09:00:00+09:00,11270.2333984375,11289.76586533254,11231.168464647422,11240.934698094941,156300
2025-09-01 09:00:00+09:00,11289.765625,11289.765625,11250.700692041522,11270.233158520761,47800
2025-09-02 09:00:00+09:00,11280.0,11319.064935064935,11270.233766233767,11299.532467532468,67800
2025-09-03 09:00:00+09:00,11338.5966796875,11338.5966796875,11279.999280826067,11279.999280826067,106900
2025-09-04 09:00:00+09:00,11299.5322265625,11348.363394352313,11299.5322265625,11348.363394352313,151100
2025-09-05 09:00:00+09:00,11319.064453125,11319.064453125,11299.531986424181,11299.531986424181,51100
2025-09-08 09:00:00+09:00,11289.765625,11319.064324718858,11279.99939176038,11319.064324718858,24300
2025-09-09 09:00:00+09:00,11299.5322265625,11299.5322265625,11279.999759446575,11299.5322265625,17900
2025-09-10 09:00:00+09:00,11260.4677734375,11289.766475363183,11260.4677734375,11289.766475363183,59500
2025-09-11 09:00:00+09:00,11260.4677734375,11270.234007412728,11240.935305487044,11250.701539462272,36600
2025-09-12 09:00:00+09:00,11289.765625,11289.765625,11240.934458801903,11270.233158520761,43400
2025-09-16 09:00:00+09:00,11250.701171875,11270.233639187283,11240.93493821886,11250.701171875,231000
2025-09-17 09:00:00+09:00,11250.701171875,11260.46740553114,11231.168704562717,11240.93493821886,41400
2025-09-18 09:00:00+09:00,11250.701171875,11270.233639187283,11240.93493821886,11260.46740553114,33400
2025-09-19 09:00:00+09:00,11289.765625,11289.765625,11250.700692041522,11260.466925281142,52300
2025-09-22 09:00:00+09:00,11250.701171875,11270.233639187283,11231.168704562717,11270.233639187283,114000
2025-09-24 09:00:00+09:00,11231.1689453125,11231.1689453125,11201.870243716032,11231.1689453125,108700
2025-09-25 09:00:00+09:00,11221.40234375,11231.168577295473,11221.40234375,11231.168577295473,38000
2025-09-26 09:00:00+09:00,11231.1689453125,11231.1689453125,11201.870243716032,11221.40271144701,215300
2025-09-29 09:00:00+09:00,11201.8701171875,11221.402584697853,11201.8701171875,11211.636350942677,73600
2025-09-30 09:00:00+09:00,11192.103515625,11211.635982493455,11192.103515625,11201.869749059228,126100
2025-10-01 09:00:00+09:00,11192.103515625,11201.869749059228,11182.337282190772,11201.869749059228,140900
2025-10-02 09:00:00+09:00,11143.2724609375,11192.103628601555,11143.2724609375,11182.337395068744,228500
2025-10-03 09:00:00+09:00,11162.8046875,11172.570920822398,11153.038454177604,11172.570920822398,62500
2025-10-06 09:00:00+09:00,11153.0390625,11182.337764065236,11153.0390625,11182.337764065236,63500
2025-10-07 09:00:00+09:00,11153.0390625,11162.805296355078,11143.27282864492,11153.0390625,97000
2025-10-08 09:00:00+09:00,11153.0390625,11162.805296355078,11143.27282864492,11162.805296355078,59500
2025-10-09 09:00:00+09:00,11133.505859375,11153.038325794956,11133.505859375,11143.272092584979,72500
2025-10-10 09:00:00+09:00,11084.6748046875,11143.272204536068,11084.6748046875,11133.505971227974,179500
2025-10-14 09:00:00+09:00,11035.84375,11094.441150442479,11035.84375,11084.674917035398,195300
2025-10-15 09:00:00+09:00,10908.8828125,11035.843847918532,10908.8828125,11026.0776144248,179200
2025-10-16 09:00:00+09:00,10938.181640625,11006.545275878905,10928.415407017299,10977.246575055804,218100
2025-10-17 09:00:00+09:00,10938.181640625,10967.480341448103,10918.649173409598,10938.181640625,121600
2025-10-20 09:00:00+09:00,10957.7138671875,10957.7138671875,10938.181400401068,10957.7138671875,37300
2025-10-21 09:00:00+09:00,10987.0126953125,11006.545162326389,10947.947761284722,10947.947761284722,98600
2025-10-22 09:00:00+09:00,10996.779296875,10996.779296875,10977.246829207372,10987.013063041186,100900
2025-10-23 09:00:00+09:00,11006.544921875,11006.544921875,10977.246221994232,10987.012455287822,46800
2025-10-24 09:00:00+09:00,11016.3115234375,11016.3115234375,10957.714121717088,11016.3115234375,51100
2025-10-27 09:00:00+09:00,11094.44140625,11104.207639882263,10996.779069927377,11016.311537191901,86400
2025-10-28 09:00:00+09:00,11084.6748046875,11094.441037995595,11065.142338071311,11084.6748046875,85100
2025-10-29 09:00:00+09:00,11084.6748046875,11094.441037995595,11065.142338071311,11084.6748046875,68400
2025-10-30 09:00:00+09:00,10938.181640625,11084.675144740513,10938.181640625,11084.675144740513,249100
2025-10-31 09:00:00+09:00,10938.181640625,11016.311509486606,10918.649173409598,10928.415407017299,120900
2025-11-04 09:00:00+09:00,10938.181640625,11006.545275878905,10918.649173409598,10967.480341448103,197800
2025-11-05 09:00:00+09:00,11035.84375,11045.60998340708,10987.012582964602,11006.54504977876,275700
2025-11-06 09:00:00+09:00,11045.6103515625,11094.441520225464,11035.844117829907,11045.6103515625,249200
2025-11-07 09:00:00+09:00,11065.142578125,11084.675045164939,11045.610111085061,11045.610111085061,35000
2025-11-10 09:00:00+09:00,11065.142578125,11094.441278684908,11065.142578125,11074.90881164497,45200
2025-11-11 09:00:00+09:00,11172.5712890625,11172.5712890625,11074.908952619646,11084.675186263932,112100
2025-11-12 09:00:00+09:00,11153.0390625,11172.571530210156,11133.506594789842,11153.0390625,53700
2025-11-13 09:00:00+09:00,11143.2724609375,11162.804928003123,11123.739993871877,11162.804928003123,28900
2025-11-14 09:00:00+09:00,11123.740234375,11153.038935606892,11113.974000631037,11143.272701862928,37000
2025-11-17 09:00:00+09:00,11074.9091796875,11123.740348910107,11074.9091796875,11123.740348910107,38900
2025-11-18 09:00:00+09:00,11055.3759765625,11084.67467614703,11026.07727697797,11045.609743367657,59800
2025-11-19 09:00:00+09:00,11055.3759765625,11084.67467614703,11045.609743367657,11045.609743367657,82900
2025-11-20 09:00:00+09:00,11045.6103515625,11074.909052760278,11045.6103515625,11045.6103515625,51900
2025-11-21 09:00:00+09:00,11055.3759765625,11094.440909341873,11045.609743367657,11045.609743367657,82400
2025-11-25 09:00:00+09:00,10449.8701171875,11074.909077467873,10410.805182169976,11016.311674941588,485000
2025-11-26 09:00:00+09:00,10703.7919921875,10733.090692896043,10410.804985102075,10508.467320797217,262200
2025-11-27 09:00:00+09:00,10742.8564453125,10772.155144708806,10713.557745916192,10733.090212180397,61200
2025-11-28 09:00:00+09:00,10801.4541015625,10811.220334927384,10742.856701373192,10742.856701373192,43700
2025-12-01 09:00:00+09:00,10801.4541015625,10860.051501751808,10772.155401467846,10820.98656829227,45200
2025-12-02 09:00:00+09:00,10742.8564453125,10801.453844105114,10703.79151278409,10801.453844105114,91500
2025-12-03 09:00:00+09:00,10703.7919921875,10820.98679502167,10703.7919921875,10742.856926465556,105500
2025-12-04 09:00:00+09:00,10645.1943359375,10713.557969287558,10625.661869266056,10674.493035944668,50000
2025-12-05 09:00:00+09:00,10420.5712890625,10645.194662678654,10322.90895270765,10645.194662678654,171000
2025-12-08 09:00:00+09:00,10293.6103515625,10410.805156324122,10264.311650372094,10410.805156324122,144500
2025-12-09 09:00:00+09:00,10440.103515625,10498.70091608688,10322.90871470124,10352.20741493218,145700
2025-12-10 09:00:00+09:00,10449.8701171875,10547.532454731308,10420.571415924358,10518.233753468166,154700
2025-12-11 09:00:00+09:00,10528.0,10537.766233766233,10459.636363636364,10508.467532467532,87300
2025-12-12 09:00:00+09:00,10518.2333984375,10596.363265835365,10479.168464738568,10557.298332136432,68000
2025-12-15 09:00:00+09:00,10723.32421875,10811.220318903688,10596.363185194672,10654.96058529713,273000
2025-12-16 09:00:00+09:00,10694.025390625,10752.622790025685,10694.025390625,10723.324090325343,124300
2025-12-17 09:00:00+09:00,10664.7275390625,10713.558709113153,10654.96130505237,10694.026241092892,65900
2025-12-18 09:00:00+09:00,10615.8955078125,10703.79160677323,10567.064341723206,10674.492907119653,99100
2025-12-19 09:00:00+09:00,10654.9609375,10713.558339539413,10615.896002807058,10615.896002807058,153400
2025-12-22 09:00:00+09:00,10635.4287109375,10694.026114303546,10635.4287109375,10674.493646514864,65500
2025-12-23 09:00:00+09:00,10674.4931640625,10674.4931640625,10615.895763344864,10654.96069715662,64400
2025-12-24 09:00:00+09:00,10615.8955078125,10664.726673901794,10615.8955078125,10654.960440683935,66000
2025-12-25 09:00:00+09:00,10635.4287109375,10645.194944831841,10625.662477043159,10625.662477043159,28600
2025-12-26 09:00:00+09:00,10684.259765625,10694.02599941442,10645.194830467322,10664.727298046162,82900
2025-12-29 09:00:00+09:00,10723.32421875,10733.09045210041,10664.726818647541,10664.726818647541,146400
2025-12-30 09:00:00+09:00,10781.921875,10791.688108582428,10703.79200634058,10723.324473505434,98700
2026-01-05 09:00:00+09:00,10752.623046875,10850.285381542348,10742.856813408265,10811.220447675409,97900
2026-01-06 09:00:00+09:00,10703.7919921875,10762.389393604584,10664.727057909444,10742.856926465556,124000
2026-01-07 09:00:00+09:00,10742.8564453125,10772.155144708806,10713.557745916192,10723.323979048295,214300
2026-01-08 09:00:00+09:00,10518.2333984375,10762.389234055827,10352.207430217039,10742.85676720636,585900
2026-01-09 09:00:00+09:00,10586.59765625,10674.493762252076,10528.000252248616,10586.59765625,441500
2026-01-13 09:00:00+09:00,10498.701171875,10547.532340116279,10410.805069040698,10547.532340116279,210100
2026-01-14 09:00:00+09:00,10547.5322265625,10625.662094907408,10518.23352593316,10567.064693648726,163200
2026-01-15 09:00:00+09:00,10508.4677734375,10547.532709398234,10440.104135506215,10528.000241417867,146700
2026-01-16 09:00:00+09:00,10596.36328125,10869.817817540323,10547.532114055299,10547.532114055299,588300
2026-01-19 09:00:00+09:00,10606.1298828125,10674.493519257883,10576.831181478763,10606.1298828125,102600
2026-01-20 09:00:00+09:00,10547.5322265625,10625.662094907408,10547.5322265625,10615.895861364294,135200
2026-01-21 09:00:00+09:00,10811.220703125,10977.246675982386,10576.831094385163,10576.831094385163,351300
2026-01-22 09:00:00+09:00,10879.583984375,10908.882684512455,10811.220350720938,10811.220350720938,118700
2026-01-23 09:00:00+09:00,10996.779296875,11016.311764542628,10850.285789367785,10889.350724703041,144200
2026-01-26 09:00:00+09:00,10899.1162109375,10938.18114359319,10840.518811953965,10908.882444101422,84400
2026-01-27 09:00:00+09:00,10899.1162109375,10928.414910429266,10830.752578790043,10860.05127828181,64100
2026-01-28 09:00:00+09:00,10840.51953125,10908.88316793356,10820.987063626126,10869.818232685811,115400
2026-01-29 09:00:00+09:00,11065.142578125,11309.298416124228,10752.623105485989,10840.519207165711,388200
2026-01-30 09:00:00+09:00,11113.9736328125,11162.804799916245,11045.609998867256,11055.376232288005,174900
2026-02-02 09:00:00+09:00,11406.9609375,11426.493404858733,11338.597301744436,11358.129769103169,343700
2026-02-03 09:00:00+09:00,11387.4287109375,11416.727412595144,11367.896243165738,11416.727412595144,421500
2026-02-04 09:00:00+09:00,11377.662109375,11406.960810085837,11377.662109375,11387.428342945279,268800
2026-02-05 09:00:00+09:00,11387.4287109375,11406.961178709264,11377.66247705162,11387.4287109375,278800
2026-02-06 09:00:00+09:00,11387.4287109375,11387.4287109375,11377.66247705162,11387.4287109375,99700
2026-02-09 09:00:00+09:00,11416.7265625,11426.492795658682,11387.427863023951,11397.194096182635,206500
2026-02-10 09:00:00+09:00,11387.4287109375,11416.727412595144,11387.4287109375,11406.961178709264,164100
2026-02-12 09:00:00+09:00,11406.9609375,11416.727171179367,11387.428470141267,11406.9609375,175800
2026-02-13 09:00:00+09:00,11397.1943359375,11426.493036029884,11387.428102573373,11406.960569301627,153800
2026-02-16 09:00:00+09:00,11406.9609375,11416.727171179367,11387.428470141267,11406.9609375,239900
2026-02-17 09:00:00+09:00,11397.1943359375,11406.960569301627,11387.428102573373,11406.960569301627,88900
2026-02-18 09:00:00+09:00,11406.9609375,11406.9609375,11397.194703820634,11406.9609375,196900
2026-02-19 09:00:00+09:00,11416.7265625,11416.7265625,11397.194096182635,11406.960329341317,130500
2026-02-20 09:00:00+09:00,11406.9609375,11416.727171179367,11387.428470141267,11416.727171179367,139300
2026-02-24 09:00:00+09:00,11387.4287109375,11406.961178709264,11377.66247705162,11406.961178709264,188000
2026-02-25 09:00:00+09:00,11377.662109375,11387.428342945279,11377.662109375,11387.428342945279,67500
2026-02-26 09:00:00+09:00,11348.36328125,11377.661981631885,11348.36328125,11367.895748171257,183600
2026-02-27 09:00:00+09:00,11358.1298828125,11358.1298828125,11348.363649035362,11358.1298828125,91900
2026-03-02 09:00:00+09:00,11377.662109375,11377.662109375,11348.363408664163,11348.363408664163,123000
2026-03-03 09:00:00+09:00,11348.36328125,11367.895748171257,11328.830814328743,11358.129514710628,134000
2026-03-04 09:00:00+09:00,11309.298828125,11348.363763628022,11260.467658746222,11348.363763628022,225400
2026-03-05 09:00:00+09:00,11309.298828125,11328.831295876511,11289.766360373489,11328.831295876511,67400
2026-03-06 09:00:00+09:00,11299.5322265625,11319.064693678425,11289.765993004537,11299.5322265625,35300
2026-03-09 09:00:00+09:00,11172.5712890625,11250.701158216783,11172.5712890625,11240.934924572499,242800
2026-03-10 09:00:00+09:00,11211.6357421875,11240.934441862206,11162.80457606299,11240.934441862206,82000
2026-03-11 09:00:00+09:00,11231.1689453125,11260.467646908966,11221.40271144701,11231.1689453125,69800
2026-03-12 09:00:00+09:00,11260.4677734375,11260.4677734375,11240.935305487044,11240.935305487044,60700
2026-03-13 09:00:00+09:00,11260.4677734375,11280.000241387956,11250.701539462272,11250.701539462272,125700
2026-03-16 09:00:00+09:00,11250.701171875,11270.233639187283,11250.701171875,11250.701171875,95800
2026-03-17 09:00:00+09:00,11280.0,11309.298701298701,11260.467532467532,11260.467532467532,55400
2026-03-18 09:00:00+09:00,11328.8310546875,11338.597288355335,11270.233652680496,11279.99988634833,61800
2026-03-19 09:00:00+09:00,11328.8310546875,11328.8310546875,11270.233652680496,11279.99988634833,79400
2026-03-23 09:00:00+09:00,11182.337890625,11260.467762349892,11172.57165665939,11250.70152838428,107300
2026-03-24 09:00:00+09:00,11231.1689453125,11250.701413043478,11192.104009850544,11211.636477581522,55400
2026-03-25 09:00:00+09:00,11211.6357421875,11270.233141536912,11211.6357421875,11260.46690831201,74100
2026-03-26 09:00:00+09:00,11299.5322265625,11299.5322265625,11211.636124540839,11221.402358098801,120000
2026-03-27 09:00:00+09:00,11280.0,11280.0,11211.636363636364,11240.935064935065,142100
2026-03-30 09:00:00+09:00,11500.0,11500.0,11470.0,11470.0,134700
2026-03-31 09:00:00+09:00,11460.0,11490.0,11440.0,11480.0,96500
2026-04-01 09:00:00+09:00,11560.0,11560.0,11490.0,11510.0,85800
2026-04-02 09:00:00+09:00,11500.0,11580.0,11480.0,11560.0,117400
2026-04-03 09:00:00+09:00,11540.0,11550.0,11520.0,11550.0,132900
2026-04-06 09:00:00+09:00,11530.0,11560.0,11520.0,11550.0,38300
2026-04-07 09:00:00+09:00,11540.0,11560.0,11520.0,11530.0,87200
2026-04-08 09:00:00+09:00,11540.0,11570.0,11540.0,11570.0,108000
2026-04-09 09:00:00+09:00,11610.0,11610.0,11550.0,11560.0,110800
2026-04-10 09:00:00+09:00,11600.0,11630.0,11590.0,11620.0,126700
2026-04-13 09:00:00+09:00,11590.0,11590.0,11550.0,11580.0,118000
2026-04-14 09:00:00+09:00,11610.0,11610.0,11580.0,11590.0,81600
2026-04-15 09:00:00+09:00,11610.0,11650.0,11580.0,11610.0,166700
2026-04-16 09:00:00+09:00,11600.0,11610.0,11580.0,11610.0,43000
2026-04-17 09:00:00+09:00,11630.0,11630.0,11600.0,11610.0,87600
2026-04-20 09:00:00+09:00,11630.0,11640.0,11600.0,11620.0,104900
2026-04-21 09:00:00+09:00,11620.0,11630.0,11610.0,11620.0,58600
2026-04-22 09:00:00+09:00,11590.0,11630.0,11590.0,11620.0,37200
2026-04-23 09:00:00+09:00,10570.0,10870.0,10370.0,10720.0,1918400
2026-04-24 09:00:00+09:00,11790.0,11880.0,11700.0,11760.0,982900
2026-04-27 09:00:00+09:00,11800.0,11840.0,11640.0,11840.0,301100
2026-04-28 09:00:00+09:00,11800.0,11800.0,11640.0,11750.0,231300
2026-04-30 09:00:00+09:00,11900.0,11940.0,11730.0,11730.0,182700
2026-05-01 09:00:00+09:00,12660.0,12710.0,11920.0,11950.0,671600
2026-05-07 09:00:00+09:00,13650.0,14170.0,12950.0,13260.0,1015100
2026-05-08 09:00:00+09:00,13200.0,14030.0,13190.0,13770.0,745300
2026-05-11 09:00:00+09:00,13680.0,13820.0,12930.0,13390.0,658600
2026-05-12 09:00:00+09:00,13750.0,13770.0,13510.0,13770.0,196200
2026-05-13 09:00:00+09:00,13610.0,13780.0,13580.0,13740.0,154700
2026-05-14 09:00:00+09:00,13960.0,14160.0,13390.0,13610.0,597000
2026-05-15 09:00:00+09:00,13620.0,14100.0,13400.0,14100.0,226400
2026-05-18 09:00:00+09:00,13680.0,13970.0,13510.0,13900.0,219500
2026-05-19 09:00:00+09:00,13810.0,13850.0,13620.0,13690.0,375700
2026-05-20 09:00:00+09:00,13190.0,13750.0,13110.0,13670.0,280800
2026-05-21 09:00:00+09:00,13290.0,13370.0,13180.0,13250.0,164200
2026-05-22 09:00:00+09:00,13110.0,13240.0,12850.0,13210.0,202600
2026-05-25 09:00:00+09:00,13400.0,13750.0,13190.0,13290.0,187300
2026-05-26 09:00:00+09:00,13000.0,13320.0,12880.0,13270.0,145300
2026-05-27 09:00:00+09:00,13220.0,13310.0,12960.0,13050.0,149500
2026-05-28 09:00:00+09:00,13210.0,13280.0,12920.0,13220.0,209500
2026-05-29 09:00:00+09:00,13240.0,13570.0,13210.0,13210.0,139700
2026-06-01 09:00:00+09:00,14110.0,14250.0,13570.0,14210.0,457400
2026-06-02 09:00:00+09:00,13750.0,14090.0,13700.0,14010.0,273100
2026-06-03 09:00:00+09:00,13990.0,14080.0,13530.0,13800.0,141400
2026-06-04 09:00:00+09:00,14050.0,14180.0,13840.0,14100.0,200400
2026-06-05 09:00:00+09:00,14510.0,14630.0,14000.0,14140.0,313900
2026-06-08 09:00:00+09:00,14190.0,14250.0,13730.0,13960.0,255500
2026-06-09 09:00:00+09:00,14920.0,15000.0,14110.0,14370.0,314900
2026-06-10 09:00:00+09:00,14490.0,14950.0,14420.0,14920.0,267000
2026-06-11 09:00:00+09:00,14150.0,14410.0,13930.0,14000.0,190000
2026-06-12 09:00:00+09:00,13980.0,14320.0,13970.0,14050.0,190200
2026-06-15 09:00:00+09:00,14170.0,14400.0,14030.0,14240.0,131200
2026-06-16 09:00:00+09:00,14390.0,14430.0,14060.0,14100.0,136300
2026-06-17 09:00:00+09:00,14250.0,14480.0,14110.0,14480.0,117000
2026-06-18 09:00:00+09:00,14320.0,14410.0,14230.0,14350.0,118500
2026-06-19 09:00:00+09:00,14560.0,14680.0,14280.0,14500.0,168700
2026-06-22 09:00:00+09:00,14550.0,14760.0,14450.0,14680.0,64700
2026-06-23 09:00:00+09:00,14120.0,14650.0,14070.0,14650.0,95600
2026-06-24 09:00:00+09:00,14310.0,14480.0,13770.0,13920.0,116700
2026-06-25 09:00:00+09:00,15710.0,15940.0,15370.0,15540.0,541000
2026-06-26 09:00:00+09:00,15340.0,15590.0,15060.0,15540.0,223500
2026-06-29 09:00:00+09:00,15130.0,15310.0,14990.0,15200.0,162000
2026-06-30 09:00:00+09:00,15200.0,15220.0,14980.0,15150.0,99300
2026-07-01 09:00:00+09:00,15410.0,15480.0,15250.0,15250.0,149600
2026-07-02 09:00:00+09:00,15200.0,15400.0,14990.0,15270.0,149300
2026-07-03 09:00:00+09:00,15330.0,15390.0,15010.0,15010.0,136300
2026-07-06 09:00:00+09:00,15100.0,15410.0,15050.0,15390.0,107700
2026-07-07 09:00:00+09:00,14830.0,15110.0,14830.0,15000.0,276000
2026-07-08 09:00:00+09:00,14580.0,14860.0,14530.0,14820.0,184300
2026-07-09 09:00:00+09:00,14810.0,14810.0,14510.0,14520.0,153200
2026-07-10 09:00:00+09:00,14960.0,15070.0,14800.0,14930.0,144200
2026-07-13 09:00:00+09:00,14820.0,15050.0,14530.0,15020.0,172600
2026-07-14 09:00:00+09:00,14790.0,14830.0,14570.0,14790.0,110800
2026-07-15 09:00:00+09:00,14790.0,14930.0,14720.0,14850.0,183100
2026-07-16 09:00:00+09:00,14570.0,14840.0,14560.0,14730.0,115100
2026-07-17 09:00:00+09:00,14420.0,14540.0,14110.0,14360.0,334200
2026-07-21 09:00:00+09:00,14410.0,14600.0,14280.0,14490.0,157200
2026-07-22 09:00:00+09:00,14490.0,14690.0,14450.0,14590.0,116600
2026-07-23 09:00:00+09:00,14860.0,14900.0,14450.0,14450.0,281000
2026-07-24 09:00:00+09:00,14710.0,14980.0,14640.0,14930.0,141800
2026-07-27 09:00:00+09:00,14790.0,14820.0,14540.0,14640.0,194300
2026-07-28 09:00:00+09:00,14270.0,14720.0,14220.0,14610.0,306800
2026-07-29 09:00:00+09:00,13930.0,14260.0,13810.0,14200.0,354200
2026-07-30 09:00:00+09:00,14080.0,14180.0,13880.0,14000.0,176500
2026-07-31 09:00:00+09:00,13920.0,14400.0,12620.0,14350.0,601500
