Date,Close,High,Low,Open,Volume
2019-07-03 09:00:00+09:00,331.22259521484375,338.6217859095249,324.69389754306627,338.6217859095249,207400
2019-07-04 09:00:00+09:00,348.197265625,358.20793701171874,329.4816625976562,337.75134765625,394400
2019-07-05 09:00:00+09:00,346.0209655761719,349.50293755681264,337.7512821221502,345.1504725810117,200200
2019-07-08 09:00:00+09:00,347.761962890625,349.5029489376369,341.2332652143304,347.761962890625,140400
2019-07-09 09:00:00+09:00,346.45623779296875,356.0316614505634,344.7152516734061,347.76197738264074,119400
2019-07-10 09:00:00+09:00,347.32672119140625,349.0677072625411,336.0103117290296,346.8914746736225,134200
2019-07-11 09:00:00+09:00,351.6792297363281,353.4202160221515,342.1038051642994,346.89151745031376,86000
2019-07-12 09:00:00+09:00,336.4455871582031,354.2906959207986,336.0103406030179,353.4202028104281,134000
2019-07-16 09:00:00+09:00,322.0824890136719,337.316120250805,320.7767491933462,336.44562703725455,124200
2019-07-17 09:00:00+09:00,335.5750732421875,342.10377116518725,321.647184339788,322.517677396188,350600
2019-07-18 09:00:00+09:00,324.6939392089844,332.09313085315694,322.08245980515875,332.09313085315694,133600
2019-07-19 09:00:00+09:00,346.0209655761719,350.8086770495529,322.9529012044271,322.9529012044271,357800
2019-07-22 09:00:00+09:00,384.3226623535156,386.4988948696737,345.1504770626703,345.5857235659019,1062400
2019-07-23 09:00:00+09:00,390.8514099121094,393.8981358245646,378.66450626228857,383.0169718515103,869600
2019-07-24 09:00:00+09:00,406.5202941894531,411.7432530013091,385.6284589420294,391.72191088919465,623600
2019-07-25 09:00:00+09:00,399.9915466308594,407.39073737375884,394.7685884594009,406.52024434518245,388200
2019-07-26 09:00:00+09:00,390.8514099121094,400.4268342083971,389.54567023534287,397.8153548548641,257000
2019-07-29 09:00:00+09:00,384.7579345703125,392.592372152061,381.711208844077,389.54564642582545,170200
2019-07-30 09:00:00+09:00,396.9447937011719,399.1210261227792,384.757892140171,384.757892140171,241600
2019-07-31 09:00:00+09:00,392.1571350097656,399.12107969362387,390.8513953815422,396.94484697991817,98200
2019-08-01 09:00:00+09:00,395.2038879394531,396.9448742299353,383.01698390607794,384.32272362393957,137400
2019-08-02 09:00:00+09:00,383.8874816894531,391.7219200912787,381.27600222217796,382.14649537793633,193000
2019-08-05 09:00:00+09:00,367.7833251953125,383.88744712694154,361.2546271149223,383.88744712694154,278600
2019-08-06 09:00:00+09:00,369.0890808105469,371.7005601559045,348.1972460476857,350.8087253930434,202000
2019-08-07 09:00:00+09:00,366.47760009765625,369.08907943326903,357.3374224230116,369.08907943326903,135000
2019-08-08 09:00:00+09:00,370.8300476074219,375.6177594896773,359.0783911691585,366.91282879466746,105600
2019-08-09 09:00:00+09:00,367.3480529785156,376.4882296521517,367.3480529785156,374.3119971108098,91800
2019-08-13 09:00:00+09:00,362.1251220703125,364.301354775062,349.50297238276556,358.20790320176343,140200
2019-08-14 09:00:00+09:00,374.7472839355469,378.6645029313888,370.39481838461137,371.70055804989204,126800
2019-08-15 09:00:00+09:00,367.7833251953125,368.65381827269783,353.42018941845413,361.2546271149223,139800
2019-08-16 09:00:00+09:00,368.2185974121094,372.1358165335148,365.6071179978391,366.04236456688415,96600
2019-08-19 09:00:00+09:00,368.65380859375,377.358739139057,367.34806901195395,373.8767669209342,58000
2019-08-20 09:00:00+09:00,374.3120422363281,376.4882750400277,364.30137133931004,370.83006975040877,65600
2019-08-21 09:00:00+09:00,369.5242919921875,373.8767571511061,367.3480594127282,373.0062641193224,61000
2019-08-22 09:00:00+09:00,364.3013610839844,375.1825247961703,361.25463524457234,370.3948127628085,85000
2019-08-23 09:00:00+09:00,370.3948059082031,370.3948059082031,364.3013543421457,364.3013543421457,49800
2019-08-26 09:00:00+09:00,355.596435546875,361.68988731879205,352.1144631057795,361.68988731879205,108400
2019-08-27 09:00:00+09:00,370.3948059082031,376.48825747426054,360.8193820186844,360.8193820186844,124600
2019-08-28 09:00:00+09:00,362.99566650390625,372.13584515688234,361.2546800938156,371.70059855435966,91000
2019-08-29 09:00:00+09:00,360.8062744140625,369.1258365668139,356.42755749156174,369.1258365668139,144200
2019-08-30 09:00:00+09:00,385.7649230957031,387.0785380438156,364.7470839259032,364.7470839259032,245400
2019-09-02 09:00:00+09:00,376.5696716308594,384.01349072123685,370.43946767407795,384.01349072123685,114600
2019-09-03 09:00:00+09:00,380.0726013183594,382.6998312813895,371.7530397687639,376.5696280343192,67800
2019-09-04 09:00:00+09:00,369.12579345703125,378.32109792037363,367.8121785336966,374.38025315036975,106400
2019-09-05 09:00:00+09:00,377.4454040527344,382.26199273554187,371.3152002746157,374.8181738621121,146400
2019-09-06 09:00:00+09:00,376.5696716308594,388.83007954442223,376.1317999196607,378.7590301868527,124800
2019-09-09 09:00:00+09:00,380.0726013183594,384.4513179234096,377.4453713553292,377.4453713553292,86800
2019-09-10 09:00:00+09:00,381.8241271972656,391.895176423799,379.1968969642569,380.9483837862627,151000
2019-09-11 09:00:00+09:00,381.8241271972656,384.88922913577574,379.1968969642569,384.88922913577574,110600
2019-09-12 09:00:00+09:00,383.5755615234375,389.7057645614833,380.0725883588399,381.8240749411387,187800
2019-09-13 09:00:00+09:00,377.8832702636719,387.516447489397,370.0015798062604,387.516447489397,169600
2019-09-17 09:00:00+09:00,373.066650390625,376.1317519783414,360.3683723843713,375.69388032295336,103600
2019-09-18 09:00:00+09:00,368.6879577636719,374.81816133693957,365.1849842932332,374.81816133693957,88600
2019-09-19 09:00:00+09:00,377.0075378417969,382.2619982995223,372.6288207936924,373.06669249850285,116200
2019-09-20 09:00:00+09:00,376.5696716308594,379.6347736092501,374.380313074866,377.00754334205806,46000
2019-09-24 09:00:00+09:00,384.013427734375,387.95427248877564,373.94238002868445,373.94238002868445,102600
2019-09-25 09:00:00+09:00,394.08447265625,394.5223442925347,376.5696072048611,384.8891682942708,257800
2019-09-26 09:00:00+09:00,410.7236328125,419.0431946711754,394.08450909514926,394.08450909514926,371200
2019-09-27 09:00:00+09:00,423.42193603515625,425.17342284398836,405.4691962446274,416.85386050203596,369400
2019-09-30 09:00:00+09:00,431.741455078125,433.9308133695962,415.1023320629437,421.67040693735737,209800
2019-10-01 09:00:00+09:00,433.0550842285156,437.87167262741724,423.42190743071245,436.55805760953496,259200
2019-10-02 09:00:00+09:00,426.04913330078125,430.4278499842425,421.67041661732,426.4870049691274,188000
2019-10-03 09:00:00+09:00,415.5401611328125,418.60526242673205,411.5993166120587,414.6644179059783,226600
2019-10-04 09:00:00+09:00,417.2917175292969,419.0432042765342,409.84789885353814,417.7295892161062,122200
2019-10-07 09:00:00+09:00,419.04315185546875,429.9899426562908,416.8537936953043,420.3567667515674,119600
2019-10-08 09:00:00+09:00,448.8184814453125,456.7001718511814,419.04320657869664,419.04320657869664,548800
2019-10-09 09:00:00+09:00,436.1201477050781,450.5699116350657,426.9248433859952,443.56396548719295,421800
2019-10-10 09:00:00+09:00,436.55804443359375,444.87760596241856,423.4218946512389,435.2444294553583,342800
2019-10-11 09:00:00+09:00,431.3036193847656,465.89548327450825,395.3981404106024,455.3865625991434,1743800
2019-10-15 09:00:00+09:00,423.85986328125,439.62324662642044,423.42199152166194,423.42199152166194,442800
2019-10-16 09:00:00+09:00,393.6466369628906,433.492959503072,391.8951502578277,433.492959503072,682200
2019-10-17 09:00:00+09:00,403.71771240234375,405.9070709294714,387.0785875961734,395.3981499992586,281800
2019-10-18 09:00:00+09:00,433.0550842285156,446.62910607996554,425.17339412122215,436.55805760953496,1398800
2019-10-21 09:00:00+09:00,453.63507080078125,470.2741950193427,433.05510137256044,439.6231767219926,1258000
2019-10-23 09:00:00+09:00,478.1558532714844,478.1558532714844,456.26227024623324,459.76524353027344,599000
2019-10-24 09:00:00+09:00,477.2801513671875,487.3512004327336,469.39846079415133,475.96653627168143,444000
2019-10-25 09:00:00+09:00,495.6708068847656,496.98442209735776,477.2801939084757,477.2801939084757,568600
2019-10-28 09:00:00+09:00,496.9842834472656,507.4932022161946,491.29195244742914,501.36299960098603,382200
2019-10-29 09:00:00+09:00,494.35711669921875,510.99624020193824,490.85414333022516,502.6766784505785,423600
2019-10-30 09:00:00+09:00,489.10272216796875,491.7299525466687,475.0908268149025,490.85420908710205,439800
2019-10-31 09:00:00+09:00,473.7772521972656,498.29807116496147,472.9015086627051,495.2329687939995,294400
2019-11-01 09:00:00+09:00,468.5227355957031,477.28016990590316,465.01976187162313,466.7712487336631,216400
2019-11-05 09:00:00+09:00,458.0137634277344,483.84819176639246,455.3865334271929,481.6588334326079,318200
2019-11-06 09:00:00+09:00,448.8184814453125,472.4635526629192,448.8184814453125,465.8954773246951,265000
2019-11-07 09:00:00+09:00,442.688232421875,448.81843544255383,438.7473876228672,448.81843544255383,174800
2019-11-08 09:00:00+09:00,433.0550842285156,453.19718116937685,429.5521108474963,445.7533627347107,265800
2019-11-11 09:00:00+09:00,440.9367980957031,442.68828488059177,431.74149247503806,436.55808113348166,308600
2019-11-12 09:00:00+09:00,454.0729064941406,456.2622647703901,432.17932373164587,444.87760173389285,296200
2019-11-13 09:00:00+09:00,439.6231994628906,451.88360741603896,430.42789349802933,451.88360741603896,392000
2019-11-14 09:00:00+09:00,431.3036193847656,439.18530989128925,431.3036193847656,435.6823363328343,194000
2019-11-15 09:00:00+09:00,433.0550842285156,439.18528764529947,424.7355224485947,431.303597538006,177400
2019-11-18 09:00:00+09:00,463.2681884765625,466.7711615463285,435.6822755521547,436.995890453317,436200
2019-11-19 09:00:00+09:00,469.8362731933594,473.7771179824929,451.4456641774031,472.46350305278173,368200
2019-11-20 09:00:00+09:00,454.94873046875,468.5227541882218,450.13214140700194,468.5227541882218,321600
2019-11-21 09:00:00+09:00,440.0610046386719,451.00779579883783,428.2384701856926,451.00779579883783,397400
2019-11-22 09:00:00+09:00,438.3095703125,443.1261589972528,427.80064954576676,438.3095703125,377400
2019-11-25 09:00:00+09:00,441.8125305175781,457.13803950480826,441.8125305175781,443.56401725897587,275200
2019-11-26 09:00:00+09:00,463.7060852050781,470.7120317237573,450.5699354825547,450.5699354825547,369400
2019-11-27 09:00:00+09:00,457.575927734375,464.1440032520933,455.8244409296501,461.9546447461872,183600
2019-11-28 09:00:00+09:00,450.132080078125,457.57589852299674,443.12613330648105,451.883566771036,182000
2019-11-29 09:00:00+09:00,451.4457092285156,465.8954748973236,442.68827548984416,451.00783754158203,243800
2019-12-02 09:00:00+09:00,456.70013427734375,462.3924657688159,451.44567443906175,451.44567443906175,183200
2019-12-03 09:00:00+09:00,455.3865051269531,458.88947824331433,444.43971413832446,451.4456603710468,141600
2019-12-04 09:00:00+09:00,447.9427490234375,451.00785092291363,437.4338282252337,451.00785092291363,310000
2019-12-05 09:00:00+09:00,435.24444580078125,447.9427244006028,430.42785736636614,447.5048527247469,404200
2019-12-06 09:00:00+09:00,432.6172180175781,439.18529318990977,431.3036029831118,433.9308330520444,173600
2019-12-09 09:00:00+09:00,429.989990234375,440.4989105659687,429.55211855389194,439.1852955245195,167400
2019-12-10 09:00:00+09:00,427.36279296875,433.0551252521453,421.2325889712475,431.74151010982325,268200
2019-12-11 09:00:00+09:00,418.6053771972656,433.9308878687136,418.1675054637957,427.3628118666645,234600
2019-12-12 09:00:00+09:00,434.8065490722656,436.5580356747722,416.8538113965729,416.8538113965729,365200
2019-12-13 09:00:00+09:00,438.7474365234375,448.81848546559223,436.12020636461455,447.0669986930436,342200
2019-12-16 09:00:00+09:00,437.43377685546875,447.06695312255613,433.49293201893295,440.0610067464926,254200
2019-12-17 09:00:00+09:00,441.3746337890625,441.8125054495675,431.741457257952,437.43378884451727,149800
2019-12-18 09:00:00+09:00,428.2384948730469,438.7474149926308,422.9840348132549,438.3095433209815,171400
2019-12-19 09:00:00+09:00,437.43377685546875,437.43377685546875,425.1733706973575,426.0491139943654,144400
2019-12-20 09:00:00+09:00,456.70013427734375,457.5758775837241,437.4337815369764,437.87165319016657,622800
2019-12-23 09:00:00+09:00,429.5520935058594,480.3452054800486,426.48699192121,478.1558472052991,1434200
2019-12-24 09:00:00+09:00,420.7946472167969,454.94863523231214,414.6644442396531,430.8656949649616,1065400
2019-12-25 09:00:00+09:00,440.4989318847656,444.8776489015128,419.0432185027045,425.17342232615056,527800
2019-12-26 09:00:00+09:00,463.7060852050781,471.5877750385922,441.8125023342057,446.19121890838016,1081400
2019-12-27 09:00:00+09:00,465.8954162597656,465.8954162597656,440.4988616140265,463.7060581006502,1002200
2019-12-30 09:00:00+09:00,454.5107727050781,463.26820570517594,451.44567115504384,463.26820570517594,312000
2020-01-06 09:00:00+09:00,436.9959411621094,457.13803865054325,436.120197793047,445.31550316820164,730000
2020-01-07 09:00:00+09:00,410.7236328125,436.9959334188433,408.0964027518657,433.05508832789184,1738400
2020-01-08 09:00:00+09:00,393.6466369628906,409.8478889847226,387.5164334951704,408.97214563219114,894600
2020-01-09 09:00:00+09:00,416.8538513183594,433.05510394312756,403.279828848959,403.71770054152034,1331200
2020-01-10 09:00:00+09:00,429.1142578125,429.5521295041454,408.53428830516583,412.0372618383291,797400
2020-01-14 09:00:00+09:00,424.7355041503906,439.18526872457915,422.54614588157415,430.42783564931335,453200
2020-01-15 09:00:00+09:00,422.546142578125,431.3035755849255,419.91891267608486,422.984014228465,228000
2020-01-16 09:00:00+09:00,417.2917175292969,426.48702295229293,412.9130006612035,423.8597928314369,304400
2020-01-17 09:00:00+09:00,410.2857666015625,423.8597887623399,408.97215155374533,422.54617371452275,282200
2020-01-20 09:00:00+09:00,408.97216796875,415.5402434714601,408.53429626856934,410.285783069292,173200
2020-01-21 09:00:00+09:00,403.2798156738281,415.5402226649977,403.2798156738281,414.2266076302295,256200
2020-01-22 09:00:00+09:00,413.7887268066406,414.2265984752191,400.65257674928694,403.27980676075765,212000
2020-01-23 09:00:00+09:00,408.0964050292969,412.4751218214567,403.27981655792104,410.2857634253768,195400
2020-01-24 09:00:00+09:00,433.4929504394531,436.9959237763376,411.5993670839252,411.5993670839252,1020200
2020-01-27 09:00:00+09:00,431.3036193847656,436.9959514172549,417.2917251509458,425.1734156574695,599200
2020-01-28 09:00:00+09:00,439.185302734375,440.93678948506044,424.2976653535487,424.7355370412201,368600
2020-01-29 09:00:00+09:00,436.55804443359375,443.563990984183,430.4278412018282,440.0610177088884,371000
2020-01-30 09:00:00+09:00,429.989990234375,444.00188400983325,421.2325566247136,437.8716804830703,522800
2020-01-31 09:00:00+09:00,447.0669860839844,450.569959530284,422.10830027909986,430.8657338948488,537600
2020-02-03 09:00:00+09:00,440.4989318847656,443.5640337964887,422.1083204144275,422.1083204144275,322200
2020-02-04 09:00:00+09:00,451.0077819824219,454.0728834133704,437.43376135964996,440.4988627905984,239200
2020-02-05 09:00:00+09:00,454.5107727050781,456.70013095510257,447.5048263049998,455.3865160050879,281600
2020-02-06 09:00:00+09:00,464.14398193359375,465.8954686578715,454.94867663113575,454.94867663113575,395400
2020-02-07 09:00:00+09:00,443.1260681152344,461.9545472940437,443.1260681152344,461.9545472940437,431000
2020-02-10 09:00:00+09:00,429.989990234375,444.43975569031636,429.55211855389194,443.12614064886714,201800
2020-02-12 09:00:00+09:00,437.43377685546875,440.9367500435005,428.67634388538926,436.12016190995683,204800
2020-02-13 09:00:00+09:00,445.31549072265625,452.32143747935487,434.80657058760835,441.81251734430697,251400
2020-02-14 09:00:00+09:00,436.55804443359375,445.3154776218304,433.49294281771097,441.8125043465357,121000
2020-02-17 09:00:00+09:00,421.2325439453125,434.80656563169987,421.2325439453125,434.80656563169987,213200
2020-02-18 09:00:00+09:00,398.90106201171875,421.2325155381706,396.27383218507737,420.3567722626235,375000
2020-02-19 09:00:00+09:00,403.71771240234375,406.34494263489694,391.8951763558543,403.2798406969182,184400
2020-02-20 09:00:00+09:00,392.3330078125,411.59936087472096,390.5815211704799,410.72361755371094,277800
2020-02-21 09:00:00+09:00,388.3922119140625,398.90113309324795,387.95434019826314,392.3330573562571,151200
2020-02-25 09:00:00+09:00,367.8122253417969,379.6347611563546,356.42756122407457,356.42756122407457,320600
2020-02-26 09:00:00+09:00,362.119873046875,366.4985897705373,352.48669625481784,364.3092314087062,166600
2020-02-27 09:00:00+09:00,344.4984436035156,361.23877718015706,342.73630322702707,361.23877718015706,256400
2020-02-28 09:00:00+09:00,318.0663146972656,335.2471821116609,315.8636393877278,327.7580860592322,386800
2020-03-02 09:00:00+09:00,342.2958068847656,351.1065097646824,318.06637396499457,318.06637396499457,368000
2020-03-03 09:00:00+09:00,329.0797119140625,355.51181728868596,329.0797119140625,355.51181728868596,460400
2020-03-04 09:00:00+09:00,336.1282958984375,342.29578756629877,318.50689113311967,318.50689113311967,217400
2020-03-05 09:00:00+09:00,335.6877746582031,346.7011530918712,333.92563410881627,342.7363368557507,196600
2020-03-06 09:00:00+09:00,323.3528137207031,338.3310094516349,321.15013787791906,334.8067281031803,246600
2020-03-09 09:00:00+09:00,287.2289123535156,316.7447668438309,286.78837721186915,316.7447668438309,363200
2020-03-10 09:00:00+09:00,295.1585693359375,298.24231558273084,261.2373606212103,275.3344863208372,512200
2020-03-11 09:00:00+09:00,270.9290771484375,299.1233225752668,270.0480069788491,297.36118223609,547200
2020-03-12 09:00:00+09:00,253.3076934814453,276.21551967454997,251.98608812415083,259.91572026791783,663000
2020-03-13 09:00:00+09:00,230.3998565673828,235.68627775057323,219.38647910240275,229.0782512715852,697400
2020-03-16 09:00:00+09:00,226.43504333496094,246.69965810812863,225.11343802366738,234.8052103064867,682200
2020-03-17 09:00:00+09:00,237.8889923095703,241.41327367711952,214.9811634205006,218.50544478804977,481200
2020-03-18 09:00:00+09:00,237.44842529296875,248.46180308948865,237.44842529296875,242.2943115234375,492600
2020-03-19 09:00:00+09:00,223.351318359375,243.17539987056213,209.25419372919748,240.09165385771078,515400
2020-03-23 09:00:00+09:00,233.9241485595703,236.12682415805966,216.3027437716554,224.672911045915,630200
2020-03-24 09:00:00+09:00,277.9776611328125,277.9776611328125,247.58073780767137,251.1050187729051,424400
2020-03-25 09:00:00+09:00,306.171875,309.6961555755396,289.8720773381295,307.9340152877698,710400
2020-03-26 09:00:00+09:00,310.5773010253906,317.6258638855413,293.8369642325327,296.0396401263298,458600
2020-03-27 09:00:00+09:00,318.0663146972656,325.9959458116019,308.81507839720666,313.22042901628237,405600
2020-03-30 09:00:00+09:00,312.77996826171875,312.77996826171875,297.80177259848153,301.7665890975737,422800
2020-03-31 09:00:00+09:00,316.30419921875,347.14165596709614,311.89884825470057,321.5906203756094,1077000
2020-04-01 09:00:00+09:00,302.6476135253906,330.4013248093784,300.0044029269156,311.8988506200532,572800
2020-04-02 09:00:00+09:00,293.83697509765625,302.64767899863546,285.02627119667704,294.7180454877542,556000
2020-04-03 09:00:00+09:00,284.585693359375,330.40134677946014,280.18034206898216,311.89887135981036,397800
2020-04-06 09:00:00+09:00,299.5638732910156,301.76654882992017,278.41818811753217,284.14514451868394,380600
2020-04-07 09:00:00+09:00,317.185302734375,323.7933298746745,306.1719241672092,317.185302734375,377400
2020-04-08 09:00:00+09:00,325.1149597167969,329.079776298709,313.6610451468284,320.7096079591167,317200
2020-04-09 09:00:00+09:00,333.0445556640625,334.3661610436818,325.11492338634673,327.75813414558536,314600
2020-04-10 09:00:00+09:00,332.1634826660156,338.3309743866048,318.0663587332404,333.0445529118141,282400
2020-04-13 09:00:00+09:00,332.60400390625,340.9741708919702,325.99597733857615,330.40132838369203,254000
2020-04-14 09:00:00+09:00,356.3929138183594,359.4766596734008,338.3309738102596,338.3309738102596,445600
2020-04-15 09:00:00+09:00,363.4415283203125,363.8820635061553,351.98761348839963,356.8335005326705,319800
2020-04-16 09:00:00+09:00,377.5386047363281,377.5386047363281,364.3225508949164,368.2873670473399,461000
2020-04-17 09:00:00+09:00,375.77642822265625,384.14659485364155,370.49000719256026,377.5385685660216,411800
2020-04-20 09:00:00+09:00,405.73284912109375,415.86515697102334,396.4816115189841,396.4816115189841,632800
2020-04-21 09:00:00+09:00,384.1466979980469,403.97078218372593,384.1466979980469,403.0897117754735,428800
2020-04-22 09:00:00+09:00,379.30078125,380.6223867595819,363.8820503048781,378.8602460801394,335200
2020-04-23 09:00:00+09:00,399.12481689453125,405.7328436643083,396.9221413046056,405.7328436643083,391000
2020-04-24 09:00:00+09:00,374.0143127441406,392.9573226946684,372.2521722836264,392.9573226946684,430600
2020-04-27 09:00:00+09:00,382.38446044921875,388.9924868394702,380.622320078485,383.2655306345856,210800
2020-04-28 09:00:00+09:00,384.1466979980469,386.3493740186779,373.5738530990181,382.3845571815421,356600
2020-04-30 09:00:00+09:00,387.2303771972656,401.7680364094497,386.78984206962366,396.4816148777464,461400
2020-05-01 09:00:00+09:00,385.46826171875,385.46826171875,375.335953125,383.2655859375,231400
2020-05-07 09:00:00+09:00,392.0762634277344,395.6005444473095,382.82502575134964,385.90877164347785,238000
2020-05-08 09:00:00+09:00,392.0762634277344,394.7194741924157,386.78984189837166,394.7194741924157,158000
2020-05-11 09:00:00+09:00,393.83843994140625,397.8032564508835,390.7546937673684,392.9573696059669,200400
2020-05-12 09:00:00+09:00,404.8518371582031,407.93558346952784,384.58721854092636,392.5168519129042,331600
2020-05-13 09:00:00+09:00,406.6138916015625,410.57870744599813,393.39783878677713,404.4112161324316,280400
2020-05-14 09:00:00+09:00,391.1951904296875,413.22194664757535,389.4330499322565,409.6976656527133,303000
2020-05-15 09:00:00+09:00,387.2303771972656,402.64910666473355,377.97913951678487,397.8032202606722,228600
2020-05-18 09:00:00+09:00,376.2170104980469,381.9439673323263,371.37112394596426,380.622361909031,190400
2020-05-19 09:00:00+09:00,383.7061462402344,389.87363883192586,380.1818647592678,389.433103646805,122000
2020-05-20 09:00:00+09:00,398.6842956542969,400.00590105425584,379.74128492155126,379.74128492155126,177400
2020-05-21 09:00:00+09:00,387.6708984375,396.92213578657675,384.1466175426136,396.48160067471593,155400
2020-05-22 09:00:00+09:00,389.4330139160156,392.07622441770803,383.2655227454,387.670873581554,57200
2020-05-25 09:00:00+09:00,401.76806640625,406.61395317211486,395.1600389982525,406.61395317211486,268600
2020-05-26 09:00:00+09:00,412.3409118652344,415.4246580009787,401.3275328090048,406.61395475599505,338600
2020-05-27 09:00:00+09:00,399.56536865234375,407.49500110630424,395.60055242536345,405.7328605609797,316800
2020-05-28 09:00:00+09:00,392.957275390625,405.2922571293442,385.9087143970712,405.2922571293442,302600
2020-05-29 09:00:00+09:00,388.1114501953125,399.1248284641919,385.4682394107814,390.75466097984355,295200
2020-06-01 09:00:00+09:00,403.5301513671875,405.2922917661708,387.67088777633734,389.43302817532066,316800
2020-06-02 09:00:00+09:00,406.1734313964844,409.2571776218373,402.2086148210306,405.2923610463835,196600
2020-06-03 09:00:00+09:00,401.32745361328125,413.2219006468253,395.6004976341675,408.3760148183444,274000
2020-06-04 09:00:00+09:00,394.7194519042969,405.2922943660191,388.1114253657205,404.41122416087563,193800
2020-06-05 09:00:00+09:00,403.0896301269531,404.4112354716317,389.43304156527495,394.7194629439891,144400
2020-06-08 09:00:00+09:00,428.64068603515625,429.08122116982753,407.0544644362635,409.6976752442912,614400
2020-06-09 09:00:00+09:00,414.54351806640625,431.28385142084136,411.0192373602094,429.52171106774296,314000
2020-06-10 09:00:00+09:00,445.82147216796875,468.7292948485363,414.1029484564136,416.3056237141605,1192200
2020-06-11 09:00:00+09:00,462.12139892578125,484.58869286783545,453.75123059442774,459.03765269844047,1681000
2020-06-12 09:00:00+09:00,447.583740234375,455.9539086048997,431.7244738481176,437.4514311542661,664200
2020-06-15 09:00:00+09:00,420.7110900878906,447.5837356327716,419.38948456928995,443.1783839041026,531800
2020-06-16 09:00:00+09:00,446.2620849609375,451.98904162874817,440.0945931648337,444.05940931947185,310600
2020-06-17 09:00:00+09:00,441.41619873046875,448.90529591451866,433.9271015464189,446.2620851436775,174400
2020-06-18 09:00:00+09:00,440.9756774902344,441.85674777493017,431.7244395009288,441.41621263258224,172400
2020-06-19 09:00:00+09:00,466.0861511230469,466.5266862375299,444.05939539889533,445.3810007423444,411800
2020-06-22 09:00:00+09:00,445.3810119628906,458.5970657303355,444.05940658614617,458.156530604754,539200
2020-06-23 09:00:00+09:00,439.654052734375,452.4295713008047,435.2487015045716,449.7863605629227,329200
2020-06-24 09:00:00+09:00,440.5351257324219,448.46475799560545,436.12977447509763,437.89191497802733,217000
2020-06-25 09:00:00+09:00,437.451416015625,447.14318958293995,431.7244589076662,431.7244589076662,349000
2020-06-26 09:00:00+09:00,437.0108642578125,440.53514542118194,427.7596262039677,439.65407513033955,204200
2020-06-29 09:00:00+09:00,439.654052734375,450.22689568590306,435.68923662755196,441.85672834927664,366000
2020-06-30 09:00:00+09:00,458.5970764160156,460.3592169594009,436.1297844878535,451.54851424247454,628800
2020-07-01 09:00:00+09:00,492.9588317871094,503.0911402152626,451.1079926273458,464.76458224790025,3128200
2020-07-02 09:00:00+09:00,478.8616943359375,528.201629722897,472.69420241256756,511.0207593649379,1758400
2020-07-03 09:00:00+09:00,498.24517822265625,504.412669376606,453.3105998153079,482.8264503377818,919200
2020-07-06 09:00:00+09:00,523.7963256835938,523.7963256835938,498.2452854063453,506.61545377303014,782600
2020-07-07 09:00:00+09:00,528.64208984375,548.0256331380208,515.866572672526,528.64208984375,1324000
2020-07-08 09:00:00+09:00,537.452880859375,547.1446541207736,522.9152209672772,528.6421778944672,930600
2020-07-09 09:00:00+09:00,522.0341796875,537.4529107331224,513.2234762328586,535.6907700421941,561400
2020-07-10 09:00:00+09:00,514.5449829101562,525.1178250247485,508.8180267647521,518.9503337912364,389200
2020-07-13 09:00:00+09:00,520.2718505859375,525.1177357311071,496.04242486008945,521.5934556255293,340800
2020-07-14 09:00:00+09:00,511.0206604003906,521.1529665979846,502.6504944110739,514.9854758690144,242600
2020-07-15 09:00:00+09:00,503.0910339355469,518.9502959510282,496.0424730397774,518.9502959510282,266400
2020-07-16 09:00:00+09:00,483.2670593261719,503.5316762167862,475.7779617796405,503.5316762167862,383400
2020-07-17 09:00:00+09:00,479.30224609375,496.4831170474782,477.5401054831112,484.58866792566636,247200
2020-07-20 09:00:00+09:00,481.0643310546875,506.17483185149814,474.456304529211,500.00734042772007,402000
2020-07-21 09:00:00+09:00,486.7913513183594,497.36419514789844,475.7779723292562,483.26707004184635,250600
2020-07-22 09:00:00+09:00,467.8482971191406,482.82649118886826,466.9672268797449,482.82649118886826,337200
2020-07-27 09:00:00+09:00,449.3458557128906,459.4781642240636,445.82157449161303,459.4781642240636,277400
2020-07-28 09:00:00+09:00,449.7863464355469,465.2050752555705,447.5836708898292,458.15651350927396,243600
2020-07-29 09:00:00+09:00,436.5703125,444.9404799445005,433.04603147073664,444.9404799445005,280000
2020-07-30 09:00:00+09:00,446.2620849609375,451.1079713721619,433.0460311121437,437.451382395075,423200
2020-07-31 09:00:00+09:00,423.3542175292969,435.68919993389653,417.62726141287555,435.68919993389653,409200
2020-08-03 09:00:00+09:00,433.9270935058594,436.12976910741196,420.27050477623334,429.0812071824437,197000
2020-08-04 09:00:00+09:00,443.17828369140625,448.0241694971771,432.6054419333608,439.6540031053911,330200
2020-08-05 09:00:00+09:00,455.0727844238281,465.2050923054816,440.53512528928184,440.53512528928184,418800
2020-08-06 09:00:00+09:00,462.12139892578125,466.9672858544596,443.1783863864022,466.9672858544596,303400
2020-08-07 09:00:00+09:00,443.17828369140625,456.3943358889631,435.24865237287213,455.9538008157112,311800
2020-08-11 09:00:00+09:00,448.46478271484375,452.87013421498955,439.6540797145521,441.4162203146104,161800
2020-08-12 09:00:00+09:00,444.9404602050781,450.6674166235593,434.8081526954575,441.85671444128053,221400
2020-08-13 09:00:00+09:00,453.7511901855469,455.51333072995675,444.9404874634974,450.22690909672707,196800
2020-08-14 09:00:00+09:00,447.1430969238281,456.3943334119073,445.8214917112454,453.75112298674185,278800
2020-08-17 09:00:00+09:00,443.17828369140625,458.5970112552226,440.5350732518949,449.3457747169328,264200
2020-08-18 09:00:00+09:00,451.1079406738281,456.39436185359955,439.6540281176567,445.3809843957424,201000
2020-08-19 09:00:00+09:00,444.0594177246094,448.46476909092496,440.09460149492537,448.46476909092496,232800
2020-08-20 09:00:00+09:00,434.8081359863281,443.61883783002276,430.8433201566656,443.61883783002276,265000
2020-08-21 09:00:00+09:00,434.36761474609375,442.2972466582942,433.9270796398604,439.2135009146607,200800
2020-08-24 09:00:00+09:00,417.1867370605469,433.9270707546343,412.3408509912058,433.9270707546343,774600
2020-08-25 09:00:00+09:00,416.7462158203125,426.43798828125,414.54354026100856,419.3894264914773,242200
2020-08-26 09:00:00+09:00,422.0326843261719,435.248739158933,417.6273327152515,422.91375464835596,380600
2020-08-27 09:00:00+09:00,402.20855712890625,422.4731722745029,395.6005304509943,421.1515669389205,818200
2020-08-28 09:00:00+09:00,386.58447265625,409.79739711135966,383.90605829604505,409.79739711135966,542000
2020-08-31 09:00:00+09:00,395.0661315917969,408.9046062577242,391.04850991459216,397.74454604326667,484200
2020-09-01 09:00:00+09:00,399.9765319824219,401.7621415002005,391.0484843935285,391.9412891524179,153400
2020-09-02 09:00:00+09:00,401.31573486328125,409.3509776080411,398.19091824031915,403.1013443621168,175400
2020-09-03 09:00:00+09:00,404.8869934082031,412.47583451949254,400.4229692250918,410.24382242793683,160800
2020-09-04 09:00:00+09:00,397.29815673828125,400.4229737013913,388.81651069555386,390.60212038875966,192000
2020-09-07 09:00:00+09:00,395.51251220703125,400.86934081480143,392.8340979031462,397.29812174295466,109000
2020-09-08 09:00:00+09:00,399.53021240234375,399.53021240234375,384.35252835577427,395.51259015472243,198000
2020-09-09 09:00:00+09:00,384.79888916015625,389.26291339635293,380.7812673475792,389.26291339635293,321600
2020-09-10 09:00:00+09:00,387.0308837890625,404.8869799269662,385.24527417527213,389.2628958063005,263200
2020-09-11 09:00:00+09:00,397.29815673828125,400.4229737013913,383.01327919263514,387.0309010023481,296800
2020-09-14 09:00:00+09:00,399.9765319824219,406.2261652946472,395.06610580853055,406.2261652946472,203200
2020-09-15 09:00:00+09:00,408.9045715332031,409.797376274542,399.0837193784755,400.42292649048386,281400
2020-09-16 09:00:00+09:00,422.7430419921875,428.54627276927135,410.6901780705517,411.13658043801973,433800
2020-09-17 09:00:00+09:00,420.5110778808594,427.6535165709801,417.8326633720641,424.9751020621849,246000
2020-09-18 09:00:00+09:00,418.7254333496094,427.2070785880343,416.4934214447607,427.2070785880343,172400
2020-09-23 09:00:00+09:00,437.92071533203125,440.15272713290807,425.4214492471211,427.20705868782255,484800
2020-09-24 09:00:00+09:00,421.4038391113281,438.81353161698684,420.5110343674482,437.4743245011669,420400
2020-09-25 09:00:00+09:00,430.3319091796875,434.7959331338336,427.2070924117852,427.2070924117852,214200
2020-09-28 09:00:00+09:00,424.0822448730469,439.706327578896,416.04700233861024,439.706327578896,333200
2020-09-29 09:00:00+09:00,437.474365234375,443.277596609933,430.3319266183036,431.671133858817,365400
2020-09-30 09:00:00+09:00,431.2247619628906,441.4920182001023,429.8855546276021,436.13518885894837,280000
2020-10-02 09:00:00+09:00,420.06463623046875,441.4919502996106,416.0470148425046,437.47432891164647,305600
2020-10-05 09:00:00+09:00,433.45672607421875,433.45672607421875,422.7430685811382,426.7606901410434,274200
2020-10-06 09:00:00+09:00,438.81353759765625,442.38475662184874,430.331892415199,439.7063423537044,302000
2020-10-07 09:00:00+09:00,444.17041015625,444.17041015625,433.0103495995603,434.7959592886306,295200
2020-10-08 09:00:00+09:00,464.70489501953125,474.9721501448427,450.4200183234458,450.4200183234458,1351600
2020-10-09 09:00:00+09:00,418.7254333496094,445.0631738268236,418.7254333496094,433.0103095406408,1945600
2020-10-12 09:00:00+09:00,415.6006164550781,422.2966521659548,404.88695931767546,418.7254331201539,679800
2020-10-13 09:00:00+09:00,423.6358642578125,436.13513106415473,419.6182427843454,422.2966570999901,814400
2020-10-14 09:00:00+09:00,417.3862609863281,428.0999190223408,416.9398585681609,423.63589484066887,477000
2020-10-15 09:00:00+09:00,412.475830078125,423.18948800223217,406.672598702567,418.7254638671875,302600
2020-10-16 09:00:00+09:00,398.1908874511719,411.5829576569288,393.7268640492529,411.5829576569288,386600
2020-10-19 09:00:00+09:00,415.6006164550781,416.04701883580327,401.3157402718746,404.88695931767546,258000
2020-10-20 09:00:00+09:00,425.4215087890625,433.01034997417696,413.81504580006396,414.70785064537154,361800
2020-10-21 09:00:00+09:00,416.0470886230469,424.9751377351294,415.60068616744275,420.9575156346923,199800
2020-10-22 09:00:00+09:00,409.79742431640625,416.04705823844296,399.97657101034855,416.04705823844296,395400
2020-10-23 09:00:00+09:00,422.2966613769531,423.18946615787695,409.7973944440201,415.1542231295628,470000
2020-10-26 09:00:00+09:00,420.06463623046875,431.22469564148014,416.0470148425046,422.296648112671,219400
2020-10-27 09:00:00+09:00,417.3862609863281,418.2790658226625,405.3333956958138,415.60065131365934,157400
2020-10-28 09:00:00+09:00,408.4581604003906,416.49340290007046,404.4405391505507,416.49340290007046,117600
2020-10-29 09:00:00+09:00,411.13665771484375,415.6006822285771,398.6373890763903,400.869401333257,173400
2020-10-30 09:00:00+09:00,393.2805480957031,414.26146269331724,393.2805480957031,407.1190236813635,198400
2020-11-02 09:00:00+09:00,395.958984375,401.31581392686024,390.6021548231398,398.6373991509301,120800
2020-11-04 09:00:00+09:00,404.8869934082031,410.24382242793683,399.5301643884695,401.7621764800252,218400
2020-11-05 09:00:00+09:00,409.79742431640625,410.69022916241147,403.10138797136693,406.67260735538787,150000
2020-11-06 09:00:00+09:00,404.4405822753906,409.7974111797005,402.2085702319282,409.7974111797005,134400
2020-11-09 09:00:00+09:00,407.1190185546875,409.79743315044203,403.9942015263072,406.67261612206175,170000
2020-11-10 09:00:00+09:00,399.53021240234375,416.93990880870285,399.0838099303858,414.70789644891323,240800
2020-11-11 09:00:00+09:00,402.65496826171875,406.22618749242133,394.6197249926379,406.22618749242133,160000
2020-11-12 09:00:00+09:00,398.1908874511719,404.88692255405033,395.0660710698286,404.88692255405033,176400
2020-11-13 09:00:00+09:00,390.15570068359375,395.0661271224033,386.58448145536863,393.72691991181887,170400
2020-11-16 09:00:00+09:00,408.0118103027344,409.3510175575574,391.4949208265843,396.8517498458762,309800
2020-11-17 09:00:00+09:00,404.8869934082031,415.15424902935933,403.5477861532697,408.9046151730034,260800
2020-11-18 09:00:00+09:00,414.70782470703125,418.27904386489587,403.99416723343734,406.22617920710275,226400
2020-11-19 09:00:00+09:00,439.70635986328125,439.70635986328125,415.60063049006584,419.1718496564681,749000
2020-11-20 09:00:00+09:00,440.59912109375,441.0455234454154,427.6534528954534,437.4743046320922,368800
2020-11-24 09:00:00+09:00,472.2937316894531,482.1145843332792,453.0984287947022,453.0984287947022,934600
2020-11-25 09:00:00+09:00,463.3656921386719,481.6681905757485,463.3656921386719,473.63294735947096,624600
2020-11-26 09:00:00+09:00,457.1160583496094,462.47288715839386,448.6344127357006,458.90166795253754,788800
2020-11-27 09:00:00+09:00,475.4185485839844,480.77537730042366,451.7592217530443,456.22324568341037,507600
2020-11-30 09:00:00+09:00,478.5434265136719,499.07793921854955,478.0970240635658,488.8106828661107,523200
2020-12-01 09:00:00+09:00,487.4714050292969,488.8106121859708,474.9721382336739,480.77536924592744,347200
2020-12-02 09:00:00+09:00,523.630126953125,524.9693344389386,501.75640468483584,505.3276246470055,791800
2020-12-03 09:00:00+09:00,529.4332275390625,533.8972513800327,513.8091440956669,523.1835941617043,625800
2020-12-04 09:00:00+09:00,532.55810546875,533.8973127750419,515.1484104869552,522.737251889276,468000
2020-12-07 09:00:00+09:00,544.1644897460938,565.591803534291,533.8972352225825,540.1468684108067,830800
2020-12-08 09:00:00+09:00,559.78857421875,566.9310121673146,525.4155915912829,526.7547987066388,774600
2020-12-09 09:00:00+09:00,563.8063354492188,573.1807875825787,551.7534684206131,565.5919453793825,636000
2020-12-10 09:00:00+09:00,546.8429565429688,555.3246023995536,539.2541155133929,553.5389927455358,381800
2020-12-11 09:00:00+09:00,557.5565185546875,568.7165769725156,544.1644484532939,550.4140811672776,399000
2020-12-14 09:00:00+09:00,569.6094970703125,578.9839480409054,559.3422412453774,562.467058235575,427200
2020-12-15 09:00:00+09:00,583.00146484375,587.46548831116,565.1453709741098,566.4845780143329,429400
2020-12-16 09:00:00+09:00,577.6445922851562,587.0190408461982,569.609350661406,584.7870292840454,307600
2020-12-17 09:00:00+09:00,578.53759765625,591.4832692087432,578.0911951889226,587.0192445354697,303400
2020-12-18 09:00:00+09:00,571.8414916992188,588.358380998884,567.3774675641741,578.5375279017858,407800
2020-12-21 09:00:00+09:00,576.3054809570312,582.1087119813856,559.3421902704571,564.2526165218338,334200
2020-12-22 09:00:00+09:00,568.2701416015625,585.6798317213276,566.0381300477464,571.3949577769049,337000
2020-12-23 09:00:00+09:00,577.1983032226562,581.2159248228139,566.0382432222182,579.8767176227614,317400
2020-12-24 09:00:00+09:00,571.8414916992188,585.6799665178571,568.2702723911831,577.1983206612723,398600
2020-12-25 09:00:00+09:00,580.7695922851562,587.9120315446202,565.5919088587955,576.3055677479913,353200
2020-12-28 09:00:00+09:00,572.7341918945312,587.9118711809023,570.0557779028187,580.7694338696689,327600
2020-12-29 09:00:00+09:00,570.0558471679688,578.0910901194358,566.0382256922352,569.1630423955835,249600
2020-12-30 09:00:00+09:00,603.089599609375,612.4640493442357,571.8414338265059,582.5550906663467,1169400
2021-01-04 09:00:00+09:00,611.1249389648438,618.267377988538,587.4656096988564,616.4817682326144,884400
2021-01-05 09:00:00+09:00,611.5712890625,614.2497034671533,594.1615954322536,603.0896434477646,542400
2021-01-06 09:00:00+09:00,598.6256103515625,611.5712797775097,595.054391199577,611.5712797775097,699000
2021-01-07 09:00:00+09:00,566.9310302734375,597.7327949103408,560.2349944828063,592.3759662778359,1333000
2021-01-08 09:00:00+09:00,565.1455078125,593.7152649215047,555.3246538062797,573.6271544542358,821400
2021-01-12 09:00:00+09:00,625.8561401367188,626.7489449015358,571.3950494828816,572.2878542476986,1480800
2021-01-13 09:00:00+09:00,665.1395263671875,676.7459879011116,631.6593488654835,633.444958332241,1344600
2021-01-14 09:00:00+09:00,630.7666015625,682.9956832205414,612.9105052691525,665.1395869271939,1159400
2021-01-15 09:00:00+09:00,635.2305908203125,657.5507099636826,628.0881526944341,656.2115028150804,630000
2021-01-18 09:00:00+09:00,632.9986572265625,644.6051206171765,616.035364578742,619.1601816454458,487800
2021-01-19 09:00:00+09:00,627.6417236328125,636.1233685467695,618.2672739910706,626.3025165411351,475800
2021-01-20 09:00:00+09:00,624.9634399414062,661.1220389665876,622.7314276559013,640.1411234828404,626000
2021-01-21 09:00:00+09:00,610.232177734375,635.2307161053516,606.6609579670926,635.2307161053516,567800
2021-01-22 09:00:00+09:00,602.643310546875,617.3745914713542,599.0720909288195,607.1073350694445,387800
2021-01-25 09:00:00+09:00,606.660888671875,607.5536935117159,589.6975967148984,606.2144862519546,411800
2021-01-26 09:00:00+09:00,600.4112548828125,607.5536936026081,594.1616210029914,606.6608887626336,320000
2021-01-27 09:00:00+09:00,580.7695922851562,600.4113002486819,577.1983726554244,597.7328855263829,370600
2021-01-28 09:00:00+09:00,568.2701416015625,579.4301993706426,557.1100838324822,560.2349000078248,451400
2021-01-29 09:00:00+09:00,551.3069458007812,588.3583437776758,550.4141410302537,575.8590769902897,387800
2021-02-01 09:00:00+09:00,560.235107421875,566.9311445623755,547.2894356169073,549.5214479970742,262600
2021-02-02 09:00:00+09:00,580.7695922851562,581.6623971925892,557.1102622381821,564.6991039513625,339600
2021-02-03 09:00:00+09:00,578.9839477539062,599.5184593935976,576.3055331922073,595.9472399779992,339800
2021-02-04 09:00:00+09:00,586.1264038085938,587.0192086887288,573.6271354867044,575.8591476870419,145000
2021-02-05 09:00:00+09:00,585.679931640625,591.0367602836795,575.8590791283584,586.1263340275462,227600
2021-02-08 09:00:00+09:00,580.7695922851562,584.7872143686046,571.3951407571099,584.7872143686046,202800
2021-02-09 09:00:00+09:00,587.465576171875,587.9119785853795,574.5199061802456,576.7519182477679,239000
2021-02-10 09:00:00+09:00,577.6445922851562,589.6974547207816,577.6445922851562,587.4654431586288,127600
2021-02-12 09:00:00+09:00,576.7518310546875,589.6974990891968,576.7518310546875,584.7870732830036,221200
2021-02-15 09:00:00+09:00,578.0911254882812,584.3407592773438,575.859113420759,577.6447230747768,180600
2021-02-16 09:00:00+09:00,561.127685546875,583.0013980304047,559.7884786601284,580.3229842569114,278800
2021-02-17 09:00:00+09:00,570.5022583007812,578.0910989824035,553.5389673653902,560.2350032609394,410800
2021-02-18 09:00:00+09:00,550.8606567382812,575.4127929786423,545.0574245360141,575.4127929786423,380200
2021-02-19 09:00:00+09:00,555.7710571289062,558.0030694065324,542.8253859186747,542.8253859186747,167400
2021-02-22 09:00:00+09:00,582.1087646484375,587.9119961978467,566.9310821345979,569.163094268986,519000
2021-02-24 09:00:00+09:00,554.4318237304688,582.1087746735357,554.4318237304688,582.1087746735357,426200
2021-02-25 09:00:00+09:00,569.2826538085938,580.9833249540668,565.6824473022943,573.782911941468,261400
2021-02-26 09:00:00+09:00,549.4815063476562,558.9320482258715,546.3313257215846,552.631686973728,229400
2021-03-01 09:00:00+09:00,561.6322021484375,567.0325117844802,540.9310152102739,553.9817634973771,240600
2021-03-02 09:00:00+09:00,571.5327758789062,581.8833694578155,560.7321564922182,567.4825436088983,250000
2021-03-03 09:00:00+09:00,566.1323852539062,571.9827199186923,554.4317159243343,571.0826684318021,142200
2021-03-04 09:00:00+09:00,561.6322021484375,562.082227951441,547.2313764523237,554.4317893003806,185800
2021-03-05 09:00:00+09:00,554.4317626953125,554.4317626953125,534.1806025319286,548.1314017555931,213200
2021-03-08 09:00:00+09:00,544.53125,568.8326446280992,544.53125,568.8326446280992,145600
2021-03-09 09:00:00+09:00,536.8807373046875,539.580891892976,515.2795005983799,535.0806342458285,270800
2021-03-10 09:00:00+09:00,551.281494140625,564.332239716199,546.3312113360969,550.3814427216199,180200
2021-03-11 09:00:00+09:00,563.4323120117188,563.8823378200349,537.7808409377028,551.2816151871849,190600
2021-03-12 09:00:00+09:00,588.6337280273438,588.6337280273438,565.6824129437089,565.6824129437089,281000
2021-03-15 09:00:00+09:00,588.6337280273438,590.8838569571119,577.3830833785031,590.8838569571119,136200
2021-03-16 09:00:00+09:00,593.1339721679688,598.9843072500504,587.2836370858871,589.5337659636108,168600
2021-03-17 09:00:00+09:00,599.434326171875,606.6347384982639,589.5337592230903,590.4338107638889,185400
2021-03-18 09:00:00+09:00,613.3851318359375,615.6352607128118,603.4845647776905,607.5347967560643,256200
2021-03-19 09:00:00+09:00,611.5850219726562,611.5850219726562,596.28414577908,600.784403483073,202000
2021-03-22 09:00:00+09:00,618.33544921875,642.1868166194732,613.8351912186135,623.7357588189137,433800
2021-03-23 09:00:00+09:00,609.7850341796875,629.1361459654636,608.8849824687212,621.0356805667666,231400
2021-03-24 09:00:00+09:00,600.7843627929688,607.984774631686,590.8837965147326,596.2841053937706,279400
2021-03-25 09:00:00+09:00,603.4845581054688,609.3348931206598,592.6839396158855,594.4840426974827,136800
2021-03-26 09:00:00+09:00,612.9351196289062,615.6352743409278,604.8346554928414,611.5850422728954,168800
2021-03-29 09:00:00+09:00,622.3857421875,626.4359747830803,612.9351994644794,625.0858972512202,324400
2021-03-30 09:00:00+09:00,620.1354370117188,631.8361056345814,610.6848969701758,616.0852055653432,389200
2021-03-31 09:00:00+09:00,603.4845581054688,638.1365424262153,594.0340169270834,636.7864651150174,1059200
2021-04-01 09:00:00+09:00,604.8346557617188,633.6363060360864,603.9346041906448,614.2851972579956,740400
2021-04-02 09:00:00+09:00,672.7886352539062,673.6886869398646,612.035146451714,618.3355082534229,2161400
2021-04-05 09:00:00+09:00,711.040771484375,717.7911585554292,679.5389651527887,679.5389651527887,1675000
2021-04-06 09:00:00+09:00,673.6885986328125,706.5404808640719,668.7383150089241,701.5901972401834,1297800
2021-04-07 09:00:00+09:00,732.6419677734375,735.3421224458212,669.1883329724211,670.5384103086129,1500200
2021-04-08 09:00:00+09:00,729.041748046875,741.1924438476562,707.4405110677084,723.1914130316841,1094200
2021-04-09 09:00:00+09:00,717.7911376953125,737.5922725282867,714.640957153703,724.5415245701901,571200
2021-04-12 09:00:00+09:00,699.3401489257812,731.2919832718112,690.7896580444493,720.0413373753217,853200
2021-04-13 09:00:00+09:00,694.83984375,712.390850165965,691.2396373056995,710.5907469438148,432800
2021-04-14 09:00:00+09:00,683.589111328125,700.2400640069535,680.4389310915898,693.0396520377303,316600
2021-04-15 09:00:00+09:00,680.8889770507812,688.0893892337373,672.7885133449557,683.5891316193898,264400
2021-04-16 09:00:00+09:00,703.84033203125,706.9905125454563,686.739352096987,690.339558398937,386000
2021-04-19 09:00:00+09:00,766.3939208984375,787.0951072527112,741.1924766410608,747.0428119150947,2037000
2021-04-20 09:00:00+09:00,756.9434204101562,773.5943755559207,743.4426459676446,749.2929815593997,901400
2021-04-21 09:00:00+09:00,759.6434936523438,764.5937770825426,737.1422053332577,748.3928494928007,722200
2021-04-22 09:00:00+09:00,796.545654296875,799.6958348505915,771.3442098671434,777.6445709745763,988600
2021-04-23 09:00:00+09:00,770.4441528320312,789.3452360206675,763.2437401887412,785.2950039088169,785800
2021-04-26 09:00:00+09:00,769.5441284179688,789.7952896921258,767.2939993875069,777.1945671215392,458800
2021-04-27 09:00:00+09:00,743.8926391601562,776.7445221962672,743.8926391601562,775.8444706062368,454400
2021-04-28 09:00:00+09:00,745.6927490234375,750.6430328129715,732.1919750519812,740.7424652339035,503600
2021-04-30 09:00:00+09:00,733.9921264648438,742.9926430370674,728.1417906928983,740.7425138940115,329000
2021-05-06 09:00:00+09:00,769.994140625,771.344218019433,732.1919735808738,745.2427217270601,546000
2021-05-07 09:00:00+09:00,789.34521484375,793.3954468469392,760.5435650432939,775.8444414997862,666600
2021-05-10 09:00:00+09:00,789.34521484375,798.7957561845246,778.0945703904468,782.5948281717681,612000
2021-05-11 09:00:00+09:00,778.9946899414062,780.7947932110571,771.7942768628028,777.1945866717554,364800
2021-05-12 09:00:00+09:00,757.3934326171875,788.4452132770722,745.2427358372325,775.8444906904523,633400
2021-05-13 09:00:00+09:00,712.8408203125,746.592753092448,712.8408203125,739.8423665364584,504600
2021-05-14 09:00:00+09:00,725.4415893554688,740.7424665503111,711.4907895601713,734.4421053524349,292800
2021-05-17 09:00:00+09:00,689.8895263671875,732.1919500322336,680.8890106937735,727.6916921955266,648000
2021-05-18 09:00:00+09:00,693.4896850585938,698.8899940921453,670.9883974187951,682.6890669914903,358800
2021-05-19 09:00:00+09:00,688.0894165039062,702.0402156612778,684.9392360490159,688.5394422831763,163000
2021-05-20 09:00:00+09:00,717.7911376953125,718.6911892786295,689.8895386124854,691.2396159874609,292600
2021-05-21 09:00:00+09:00,740.2924194335938,749.742960958278,726.7916458269021,730.3918521220199,443400
2021-05-24 09:00:00+09:00,760.093505859375,781.2447165019983,751.0929906923013,763.2436861678508,771000
2021-05-25 09:00:00+09:00,774.9443969726562,778.5446032303689,761.4436235062336,767.2939586750167,420200
2021-05-26 09:00:00+09:00,783.9449462890625,789.7952817091301,765.943914227316,765.943914227316,372400
2021-05-27 09:00:00+09:00,820.3970336914062,832.0977044955623,783.0448922781387,787.0951244795774,1040800
2021-05-28 09:00:00+09:00,829.8475341796875,839.2980755125363,813.6466061805179,832.097663068461,777000
2021-05-31 09:00:00+09:00,856.84912109375,865.3996112727317,837.4980117413176,839.7481407357865,690000
2021-06-01 09:00:00+09:00,833.4478149414062,852.3488992975289,804.1961367712165,851.448847661523,893600
2021-06-02 09:00:00+09:00,832.09765625,845.1484036979449,821.7470634464576,827.5973985093294,501400
2021-06-03 09:00:00+09:00,926.153076171875,935.1535919752946,843.7983565705858,845.5984597312697,1944200
2021-06-04 09:00:00+09:00,941.4539184570312,948.2043050616467,904.5518050184669,927.0530937005183,1166200
2021-06-07 09:00:00+09:00,949.1044921875,971.6057840838372,937.4038204014047,963.9553448390825,922600
2021-06-08 09:00:00+09:00,939.6539306640625,956.3048863319602,926.6031816270616,949.1044730701666,561600
2021-06-09 09:00:00+09:00,934.70361328125,941.9040262867868,907.7020645104868,939.6538972225566,513400
2021-06-10 09:00:00+09:00,953.6046142578125,962.1551039562072,924.3529389738305,928.8531967098277,548000
2021-06-11 09:00:00+09:00,996.3570556640625,998.1571587456598,955.4047105577257,955.4047105577257,925800
2021-06-14 09:00:00+09:00,1056.21044921875,1068.3611446294472,999.0571782128782,1013.9080281592859,1335000
2021-06-15 09:00:00+09:00,1064.3109130859375,1076.9116342556654,1028.308852601001,1058.4605782571352,1295400
2021-06-16 09:00:00+09:00,1092.6627197265625,1098.0630297087366,1044.5099557188435,1048.110162373626,897200
2021-06-17 09:00:00+09:00,1100.31298828125,1107.0633747124234,1080.06182898773,1092.6625503259202,846400
2021-06-18 09:00:00+09:00,1116.0640869140625,1143.5156632454164,1108.4136476086032,1116.0640869140625,1105800
2021-06-21 09:00:00+09:00,1109.3135986328125,1129.5647596626204,1073.761560380483,1080.9619731910814,1213600
2021-06-22 09:00:00+09:00,1096.262939453125,1136.3152389651646,1059.8108466387969,1120.564334662677,1377400
2021-06-23 09:00:00+09:00,1094.4627685546875,1102.1132073151437,1051.2602908485815,1096.262871792442,839400
2021-06-24 09:00:00+09:00,1085.9122314453125,1114.7138820099622,1071.5114061629874,1091.3125409261843,752600
2021-06-25 09:00:00+09:00,1098.06298828125,1098.06298828125,1068.8113103147414,1090.4125494284708,522000
2021-06-28 09:00:00+09:00,1112.913818359375,1120.5642570622092,1089.0624506387737,1102.5632248202462,458000
2021-06-29 09:00:00+09:00,1092.6627197265625,1138.1153287431946,1089.5125389036277,1120.5643213011288,632200
2021-06-30 09:00:00+09:00,1113.364013671875,1121.464479414031,1091.3127458182284,1093.1128493164852,675200
2021-07-01 09:00:00+09:00,972.0556640625,1059.8106892903647,950.0044013129341,1045.859890407986,3036800
2021-07-02 09:00:00+09:00,962.1552734375,973.8559456121376,915.8026105918207,957.6550149087933,2038800
2021-07-05 09:00:00+09:00,986.45654296875,999.9573168232494,958.5549436694514,969.8055885482008,1252000
2021-07-06 09:00:00+09:00,982.856201171875,994.1068445003077,963.505094646971,978.355943840502,810800
2021-07-07 09:00:00+09:00,956.3046875,981.0561029411765,951.3544044117647,972.0555882352942,680400
2021-07-08 09:00:00+09:00,942.35400390625,955.8547776011819,930.2033075808113,941.0039265367568,536400
2021-07-09 09:00:00+09:00,963.5054321289062,963.5054321289062,914.0025841447027,924.8032055230744,643400
2021-07-12 09:00:00+09:00,963.9552001953125,984.6563856336807,959.4549424913195,978.8060506184896,604000
2021-07-13 09:00:00+09:00,984.2063598632812,993.2068752712674,956.7547878689237,968.905483669705,621800
2021-07-14 09:00:00+09:00,971.1555786132812,974.3057588960861,952.7045226711383,972.5056558773405,500400
2021-07-15 09:00:00+09:00,960.8051147460938,971.1557084880892,954.0547275230533,969.8056310434811,350400
2021-07-16 09:00:00+09:00,964.8554077148438,968.9056403031989,942.8041414004653,951.8046582634769,302400
2021-07-19 09:00:00+09:00,946.4041748046875,965.7552825158627,937.4036595901874,960.3549733871627,430800
2021-07-20 09:00:00+09:00,930.2033081054688,963.9552423618355,929.7532823153838,942.3540044377608,400200
2021-07-21 09:00:00+09:00,954.9546508789062,959.0048826686848,943.2539812639903,952.7045221068071,412000
2021-07-26 09:00:00+09:00,989.1566772460938,996.80711560514,968.0054653122601,972.0556973846964,627600
2021-07-27 09:00:00+09:00,986.0066528320312,1003.5576612576128,980.1563166901707,991.8569889738917,421200
2021-07-28 09:00:00+09:00,956.3046875,976.5558455882353,946.8541470588235,976.5558455882353,514400
2021-07-29 09:00:00+09:00,973.40576171875,978.3560452966077,949.5543953890718,963.0551687832293,322200
2021-07-30 09:00:00+09:00,953.6046142578125,973.4057482962003,948.6543307482156,965.3052843714053,333400
2021-08-02 09:00:00+09:00,969.8056640625,972.5058190436484,945.954295062355,951.354605024652,293400
2021-08-03 09:00:00+09:00,972.9558715820312,985.5565951732879,967.5555614714926,968.0055873140376,225400
2021-08-04 09:00:00+09:00,940.1038818359375,974.7558679064819,938.3037786634417,973.855816320234,292000
2021-08-05 09:00:00+09:00,934.2534790039062,963.5051534428533,931.5533244403111,940.1038138916957,244400
2021-08-06 09:00:00+09:00,923.4530029296875,950.0045268930655,923.0029770997998,942.8041136148613,213600
2021-08-10 09:00:00+09:00,949.554443359375,950.0044691619149,907.7020437231561,919.4027145891957,353600
2021-08-11 09:00:00+09:00,935.1537475585938,949.554575239958,923.0030492024426,949.554575239958,247200
2021-08-12 09:00:00+09:00,914.00244140625,942.3540680968428,908.6021315604229,942.3540680968428,322800
2021-08-13 09:00:00+09:00,899.6015014648438,909.0520425007426,873.5000071752185,909.0520425007426,510200
2021-08-16 09:00:00+09:00,893.751220703125,902.3017107299928,884.7507048853695,887.4508596306962,236800
2021-08-17 09:00:00+09:00,878.9002685546875,899.6014525554635,876.2001141198036,886.5507061201916,256800
2021-08-18 09:00:00+09:00,869.89990234375,875.3002121358478,841.9983017512449,867.6497732637092,461400
2021-08-19 09:00:00+09:00,840.648193359375,864.0495349304069,840.648193359375,851.8988383454481,342800
2021-08-20 09:00:00+09:00,822.1970825195312,850.5487060546875,822.1970825195312,834.3477783203125,453800
2021-08-23 09:00:00+09:00,863.1494750976562,873.9500941812557,837.4980047741076,840.1981595450075,600400
2021-08-24 09:00:00+09:00,891.9511108398438,902.7517297400235,873.5000535520367,873.5000535520367,410000
2021-08-25 09:00:00+09:00,869.89990234375,902.7517869123448,864.049566735644,900.0516320162959,323000
2021-08-26 09:00:00+09:00,869.89990234375,887.4509091680677,866.749721631693,877.5503412158885,203800
2021-08-27 09:00:00+09:00,859.54931640625,864.4996004274378,846.0485418030105,864.4996004274378,321400
2021-08-30 09:00:00+09:00,884.936767578125,889.0169063630651,871.3363049616579,875.416443746598,328000
2021-08-31 09:00:00+09:00,908.5108642578125,913.0443516044083,884.936730055514,884.936730055514,303000
2021-09-01 09:00:00+09:00,901.2572631835938,908.0574940426249,885.3900578458544,903.0706580793353,269000
2021-09-02 09:00:00+09:00,904.8841552734375,909.8709918004955,886.7502042659538,901.2573650719407,220200
2021-09-03 09:00:00+09:00,914.4043579101562,930.7249116457863,909.8708707613702,922.1112860630926,339800
2021-09-06 09:00:00+09:00,954.7525024414062,957.019246274363,925.2848326129678,935.2585054779777,494600
2021-09-07 09:00:00+09:00,969.7129516601562,986.4868549848061,957.9258844590511,977.4198802147251,515000
2021-09-08 09:00:00+09:00,1024.11474609375,1026.3814896663346,968.8062029226843,979.6865720710906,875600
2021-09-09 09:00:00+09:00,1026.8349609375,1039.982075227649,997.820639745447,1006.4342663493377,640800
2021-09-10 09:00:00+09:00,1034.5419921875,1039.9821779483457,1019.5814813451742,1029.1018064266543,559800
2021-09-13 09:00:00+09:00,1051.7689208984375,1058.1158023176522,1023.2079545119713,1026.3813952215787,588200
2021-09-14 09:00:00+09:00,1056.756103515625,1079.4235446034763,1053.1293129415687,1059.9295452679241,474400
2021-09-15 09:00:00+09:00,1037.261962890625,1050.4090769307597,1015.9545711704068,1050.4090769307597,344800
2021-09-16 09:00:00+09:00,1006.8876342773438,1042.7021876802748,984.6735441919814,1042.7021876802748,403400
2021-09-17 09:00:00+09:00,1008.2476806640625,1022.3014927596497,1006.4342855549545,1014.1412147686635,211600
2021-09-21 09:00:00+09:00,985.5802612304688,996.0072833134037,956.5659389127364,977.8733318648211,466400
2021-09-22 09:00:00+09:00,967.8995361328125,986.4868340163933,955.6591204533811,980.5933005411116,224600
2021-09-24 09:00:00+09:00,978.7799682617188,1000.9940573978115,972.4330856514066,996.4605698190171,262600
2021-09-27 09:00:00+09:00,958.8326416015625,981.0467311705821,953.845805167701,974.2464996698619,257800
2021-09-28 09:00:00+09:00,942.0587158203125,954.2991322433869,921.6580217818554,954.2991322433869,261800
2021-09-29 09:00:00+09:00,923.01806640625,928.0049027178751,909.4176037381815,920.2979738726362,290000
2021-09-30 09:00:00+09:00,895.36376953125,923.0180429193038,888.1101896261868,923.0180429193038,379600
2021-10-01 09:00:00+09:00,883.5767211914062,912.5910414357623,875.8697923764992,888.563557483405,446200
2021-10-04 09:00:00+09:00,843.6820068359375,900.8039481907618,840.5085656495584,900.8039481907618,476200
2021-10-05 09:00:00+09:00,825.548095703125,836.4284659924577,792.0002873110155,830.5349320857358,642200
2021-10-06 09:00:00+09:00,815.5744018554688,856.8291381360956,808.3208218500838,847.7621631293645,611200
2021-10-07 09:00:00+09:00,827.814697265625,841.8685064744062,817.3876775300778,818.2943748983862,408800
2021-10-08 09:00:00+09:00,858.1891479492188,862.269286529009,843.2286398233211,848.6688245963747,738000
2021-10-11 09:00:00+09:00,841.8687133789062,912.5911254882812,822.3747151692709,912.5911254882812,2152200
2021-10-12 09:00:00+09:00,861.3626708984375,877.229877993935,839.601929738898,839.601929738898,1022800
2021-10-13 09:00:00+09:00,817.3878173828125,855.0157646056485,811.4942834804406,855.0157646056485,840800
2021-10-14 09:00:00+09:00,834.1617431640625,834.1617431640625,808.3208630769149,824.1880701479704,509800
2021-10-15 09:00:00+09:00,931.1783447265625,933.8984372622779,854.109056214627,854.109056214627,1554800
2021-10-18 09:00:00+09:00,983.7667236328125,986.0334672356531,908.9641847390733,929.3648771646385,1332000
2021-10-19 09:00:00+09:00,1044.062255859375,1051.3158364471954,979.2333793557317,986.9403087302907,1905800
2021-10-20 09:00:00+09:00,1018.2214965820312,1073.53005516752,999.1808452657153,1049.502566601693,1624800
2021-10-21 09:00:00+09:00,964.7261352539062,1008.2476150397968,964.7261352539062,995.5538501022454,1033200
2021-10-22 09:00:00+09:00,991.0203857421875,1007.3409410426077,946.5922074243766,958.8326238996918,841800
2021-10-25 09:00:00+09:00,1019.581298828125,1019.581298828125,964.7261022259894,974.6997743354685,597800
2021-10-26 09:00:00+09:00,1039.5286865234375,1063.1028215863328,1017.3145977141709,1029.555013996828,915600
2021-10-27 09:00:00+09:00,1031.8218994140625,1049.5025031386444,1014.5946445029315,1036.8087363620216,544200
2021-10-28 09:00:00+09:00,1035.90185546875,1045.422178866931,1015.9545112058944,1020.9413472716083,563800
2021-10-29 09:00:00+09:00,1001.4474487304688,1035.9019557940794,999.6340536218577,1029.1017241367879,556200
2021-11-01 09:00:00+09:00,1062.1961669921875,1068.0897009959854,1021.3947777351252,1029.5550555865377,853400
2021-11-02 09:00:00+09:00,1083.956787109375,1102.9974333070302,1062.196048597769,1066.729535787687,724600
2021-11-04 09:00:00+09:00,1106.624267578125,1117.504637271642,1094.8372004101482,1106.624267578125,531200
2021-11-05 09:00:00+09:00,1107.531005859375,1126.1183047706459,1102.5441695661073,1108.437703367242,564800
2021-11-08 09:00:00+09:00,1098.0107421875,1124.304971356317,1081.2368373729098,1123.8516225775445,408000
2021-11-09 09:00:00+09:00,1072.6234130859375,1111.1580665569031,1071.2633664928446,1088.490623338688,329200
2021-11-10 09:00:00+09:00,1060.8360595703125,1085.3168917142427,1045.8755510379108,1064.9161982609676,297600
2021-11-11 09:00:00+09:00,1144.2523193359375,1157.8527827194866,1039.9821000620605,1049.5024244305448,1275400
2021-11-12 09:00:00+09:00,1230.841796875,1234.0152379719152,1152.4124669083794,1158.306000374079,1195400
2021-11-15 09:00:00+09:00,1269.3765869140625,1296.124164995466,1242.1756600516183,1269.3765869140625,1249000
2021-11-16 09:00:00+09:00,1380.447021484375,1382.7137653620175,1257.5895033161432,1268.9232227043565,1621200
2021-11-17 09:00:00+09:00,1450.716064453125,1466.5832714080811,1387.2472366333009,1394.0474681854248,1426200
2021-11-18 09:00:00+09:00,1457.516357421875,1480.1837968841126,1409.9147345511763,1448.44938163698,1066200
2021-11-19 09:00:00+09:00,1462.0496826171875,1523.251762354651,1414.4480650436046,1477.9168884750484,942600
2021-11-22 09:00:00+09:00,1457.516357421875,1493.784260561455,1418.9817103360713,1462.0498453143225,583400
2021-11-24 09:00:00+09:00,1384.9803466796875,1428.0484752998414,1373.6466286217521,1409.914526407145,659800
2021-11-25 09:00:00+09:00,1364.579833984375,1405.3812243692898,1346.4458827021906,1362.313090074102,536600
2021-11-26 09:00:00+09:00,1321.51171875,1362.3131097234134,1315.1648357096913,1362.3131097234134,433800
2021-11-29 09:00:00+09:00,1338.28564453125,1403.1145222981772,1276.1768595377605,1276.1768595377605,941200
2021-11-30 09:00:00+09:00,1356.8726806640625,1403.1142487989555,1351.4324961776044,1387.2470440467862,602000
2021-12-01 09:00:00+09:00,1355.0595703125,1391.7808233052442,1316.5249221102376,1380.4471032457552,581600
2021-12-02 09:00:00+09:00,1307.4578857421875,1371.3800639286121,1303.3777467090115,1360.0463443920119,571600
2021-12-03 09:00:00+09:00,1316.5247802734375,1316.5247802734375,1254.8693497923123,1294.310691350091,528400
2021-12-06 09:00:00+09:00,1258.49609375,1293.857295231448,1243.082236693984,1293.857295231448,487600
2021-12-07 09:00:00+09:00,1286.150390625,1296.5774117685935,1264.3896508470655,1281.16355442589,319600
2021-12-08 09:00:00+09:00,1328.311767578125,1350.0725064326473,1316.978049424728,1343.725624266745,531200
2021-12-09 09:00:00+09:00,1316.9781494140625,1358.2328866246235,1310.177918005728,1315.16475437184,350600
2021-12-10 09:00:00+09:00,1287.9637451171875,1316.978063908986,1280.256816688116,1296.5773710085027,302400
2021-12-13 09:00:00+09:00,1314.71142578125,1317.8848671538253,1276.6301293103447,1302.9243578259698,283800
2021-12-14 09:00:00+09:00,1266.6561279296875,1310.1775983238358,1249.428879232004,1296.5771388256644,391400
2021-12-15 09:00:00+09:00,1257.135986328125,1281.6168169309808,1239.4553864482848,1251.242453034845,248800
2021-12-16 09:00:00+09:00,1287.9637451171875,1307.457740555427,1259.4027750565106,1302.4709045130867,358000
2021-12-17 09:00:00+09:00,1242.1756591796875,1269.8299348037608,1236.2821250302948,1253.9627274784727,422200
2021-12-20 09:00:00+09:00,1243.5355224609375,1287.0569990035003,1233.5618507532668,1246.7089634588326,572800
2021-12-21 09:00:00+09:00,1278.896728515625,1278.896728515625,1210.4410723632466,1264.8429183121566,553800
2021-12-22 09:00:00+09:00,1332.8453369140625,1340.098916978901,1295.217390327713,1316.9781305222284,791800
2021-12-23 09:00:00+09:00,1421.24853515625,1425.7820233066686,1342.8191901540072,1353.699561715012,922600
2021-12-24 09:00:00+09:00,1464.3165283203125,1486.9839668392028,1430.315370541977,1452.9828090608673,888200
2021-12-27 09:00:00+09:00,1457.516357421875,1482.4505408303364,1400.8477587662812,1482.4505408303364,857600
2021-12-28 09:00:00+09:00,1459.7830810546875,1480.1837762868183,1432.5821540785132,1468.8500567134124,1030200
2021-12-29 09:00:00+09:00,1398.5809326171875,1471.1167346329896,1369.1132630482678,1459.7830155680206,1418200
2021-12-30 09:00:00+09:00,1418.9815673828125,1428.048542254268,1369.1132055898063,1396.3141302041734,612000
2022-01-04 09:00:00+09:00,1396.3140869140625,1468.849883636871,1389.5138559712993,1432.5819852754669,619800
2022-01-05 09:00:00+09:00,1539.1192626953125,1554.9864715890785,1384.9806620130132,1405.381359162141,2160400
2022-01-06 09:00:00+09:00,1428.0484619140625,1518.7182055276537,1418.9814875527034,1486.9837952628968,1233000
2022-01-07 09:00:00+09:00,1322.87158203125,1437.115460945532,1296.5773559319312,1421.2482555407705,1591200
2022-01-11 09:00:00+09:00,1234.015380859375,1294.7641174630328,1230.3885906143805,1294.7641174630328,1073400
2022-01-12 09:00:00+09:00,1315.164794921875,1322.418375314412,1263.9363833995822,1263.9363833995822,1094200
2022-01-13 09:00:00+09:00,1307.4578857421875,1354.6061590144438,1292.4973759538752,1305.6444906163315,703800
2022-01-14 09:00:00+09:00,1295.6708984375,1308.8180139219953,1249.4293198368614,1263.4831329409772,534600
2022-01-17 09:00:00+09:00,1289.3238525390625,1326.0451015037827,1274.816692454235,1305.1910588818428,650200
2022-01-18 09:00:00+09:00,1269.8299560546875,1316.9782300388674,1254.4160972521672,1293.4040930467775,666600
2022-01-19 09:00:00+09:00,1215.427978515625,1266.6563864127775,1202.2808649844974,1238.0954156382588,860600
2022-01-20 09:00:00+09:00,1216.3345947265625,1229.028358667056,1157.8526108578608,1195.933902679341,897600
2022-01-21 09:00:00+09:00,1147.4256591796875,1182.3335121061339,1114.331201210459,1164.199562533954,924000
2022-01-24 09:00:00+09:00,1152.41259765625,1164.6530147045264,1112.971253834026,1116.1446952909864,667200
2022-01-25 09:00:00+09:00,1097.5572509765625,1188.6803436846537,1088.0369278578066,1166.9196051274976,684600
2022-01-26 09:00:00+09:00,1110.2510986328125,1120.2247712215924,1072.169803293835,1086.2236146689338,473600
2022-01-27 09:00:00+09:00,1059.929443359375,1140.6255258734764,1049.9557702396546,1115.2379942960063,655600
2022-01-28 09:00:00+09:00,1057.2093505859375,1076.2499992671594,1019.1280532234938,1074.436604154662,617800
2022-01-31 09:00:00+09:00,1111.611083984375,1129.745033152146,1065.3695136065583,1065.3695136065583,544000
2022-02-01 09:00:00+09:00,1122.4913330078125,1185.0534509218182,1107.5308265501153,1160.5726221728594,958200
2022-02-02 09:00:00+09:00,1149.6925048828125,1151.0525512213962,1111.611207402467,1145.1590170875334,575200
2022-02-03 09:00:00+09:00,1099.3707275390625,1132.4651865536405,1094.837240002819,1132.4651865536405,520000
2022-02-04 09:00:00+09:00,1111.611083984375,1113.8778276303462,1076.7032318364154,1083.9568115035238,415600
2022-02-07 09:00:00+09:00,1078.0634765625,1108.8911958250105,1058.569477617089,1108.8911958250105,370200
2022-02-08 09:00:00+09:00,1068.0897216796875,1095.290648377812,1059.022746113646,1063.1028851183646,243200
2022-02-09 09:00:00+09:00,1128.83837890625,1146.9723287681977,1079.4233655324422,1089.8503867030622,636200
2022-02-10 09:00:00+09:00,1146.5189208984375,1174.173193011844,1111.6110692143016,1174.173193011844,524400
2022-02-14 09:00:00+09:00,1085.770263671875,1103.4508650427324,1075.7965911036993,1081.236776140886,393600
2022-02-15 09:00:00+09:00,1070.3563232421875,1087.5835745268987,1063.102743753888,1085.7701796548238,234600
2022-02-16 09:00:00+09:00,1104.8109130859375,1111.6111443934012,1087.130311686532,1105.7176105935994,272000
2022-02-17 09:00:00+09:00,1093.477294921875,1110.704549153646,1084.4103190104167,1110.704549153646,216600
2022-02-18 09:00:00+09:00,1090.757080078125,1098.4640087403561,1048.1422980634352,1070.8097353052915,333000
2022-02-21 09:00:00+09:00,1086.2236328125,1092.5705154750106,1038.6220128436719,1063.1028459704978,382600
2022-02-22 09:00:00+09:00,1058.5694580078125,1087.1304326778304,1047.6890867049485,1052.2225747478085,352800
2022-02-24 09:00:00+09:00,1001.9009399414062,1049.9559171512656,990.1138700597427,1043.155684527229,672800
2022-02-25 09:00:00+09:00,1099.4349365234375,1108.1351713397412,1036.7016644269315,1037.1595715225264,622200
2022-02-28 09:00:00+09:00,1116.83544921875,1124.619870144014,1077.4554374791794,1094.3980006694599,505400
2022-03-01 09:00:00+09:00,1153.9259033203125,1166.2893951416015,1139.7307830810548,1147.515203857422,431600
2022-03-02 09:00:00+09:00,1163.5418701171875,1174.5316398467478,1127.367211424052,1131.0304680005718,402800
2022-03-03 09:00:00+09:00,1159.420654296875,1212.9957793177023,1147.0571639074533,1190.100426744699,355600
2022-03-04 09:00:00+09:00,1107.6773681640625,1141.104589278563,1095.313875423083,1133.7780750616862,405000
2022-03-07 09:00:00+09:00,1063.2601318359375,1089.3608327466388,1038.9910590593206,1061.8864107353743,384400
2022-03-08 09:00:00+09:00,1027.543701171875,1064.634182363908,1007.3957854626225,1031.2069585735571,411200
2022-03-09 09:00:00+09:00,1035.327880859375,1054.1020706493946,1008.3113638444687,1037.6174161996214,248800
2022-03-10 09:00:00+09:00,1099.4349365234375,1104.014007479387,1068.755161118577,1104.014007479387,268600
2022-03-11 09:00:00+09:00,1087.9871826171875,1106.7613722162214,1071.044621271718,1081.5764837297124,202800
2022-03-14 09:00:00+09:00,1088.9031982421875,1118.2092557222127,1078.3713338353034,1080.202962427805,160800
2022-03-15 09:00:00+09:00,1098.97705078125,1107.6772857666017,1068.7551818847658,1074.707974243164,213000
2022-03-16 09:00:00+09:00,1116.3775634765625,1129.1989628930285,1082.4924364473313,1129.1989628930285,376400
2022-03-17 09:00:00+09:00,1162.626220703125,1177.737156222307,1136.0676067603204,1144.7678423622735,447800
2022-03-18 09:00:00+09:00,1196.0533447265625,1196.0533447265625,1174.0738039352627,1181.4003175323626,327200
2022-03-22 09:00:00+09:00,1192.8480224609375,1240.4703619373051,1184.1477873642934,1218.9487277508697,487800
2022-03-23 09:00:00+09:00,1236.8070068359375,1247.7967766115994,1199.716533843079,1204.295604582938,533200
2022-03-24 09:00:00+09:00,1267.4869384765625,1268.86065986942,1209.332732845593,1213.9118041551183,417400
2022-03-25 09:00:00+09:00,1261.9920654296875,1295.8771934564643,1248.712758500275,1292.6718435079854,518000
2022-03-28 09:00:00+09:00,1222.6119384765625,1263.823576852177,1217.117053359814,1263.823576852177,342400
2022-03-29 09:00:00+09:00,1249.628662109375,1252.3761051187764,1221.2384176788946,1236.3493542306019,376200
2022-03-30 09:00:00+09:00,1262.9078369140625,1291.29807835303,1246.4231805946622,1281.2241217133962,641800
2022-03-31 09:00:00+09:00,1109.051025390625,1170.868485517683,1100.3507902616316,1144.767780130703,2527200
2022-04-01 09:00:00+09:00,1074.7078857421875,1117.751150019889,1063.71811613937,1095.3137037474703,1639000
2022-04-04 09:00:00+09:00,981.294921875,1055.9337796751051,978.5474792565913,1055.9337796751051,3292000
2022-04-05 09:00:00+09:00,1006.9378662109375,1027.543688848269,970.7631998031776,1001.9008873440342,2268200
2022-04-06 09:00:00+09:00,961.60498046875,981.2949872116815,951.5310235305059,978.5475444103422,1592000
2022-04-07 09:00:00+09:00,944.662353515625,950.1572387517798,926.8039764981216,939.625375382483,866800
2022-04-08 09:00:00+09:00,931.383056640625,962.0628328426515,918.5616576308229,945.5781769729059,619800
2022-04-11 09:00:00+09:00,933.2147216796875,950.6151924470222,918.5616936650898,920.3933221669146,605200
2022-04-12 09:00:00+09:00,926.8040161132812,951.98890785549,917.645873661569,918.1037807841547,474400
2022-04-13 09:00:00+09:00,958.3995361328125,969.3893062556923,931.8409250025195,936.4199958870528,818600
2022-04-14 09:00:00+09:00,969.8471069335938,985.8738532710233,952.9045465197397,976.7157125067779,731800
2022-04-15 09:00:00+09:00,946.951904296875,953.3626038424051,937.3358549785798,943.2886474137149,430400
2022-04-18 09:00:00+09:00,1013.8064575195312,1037.1597228011465,972.1369057425316,1029.375301040608,4338400
2022-04-19 09:00:00+09:00,1082.4923095703125,1084.7818449120432,1017.9274129335045,1028.459275505466,3066200
2022-04-20 09:00:00+09:00,1008.7694091796875,1081.1187358480447,1006.0219663948133,1079.287107324795,2308800
2022-04-21 09:00:00+09:00,1029.833251953125,1036.2439524988538,999.153470769995,1006.0220784975614,1089400
2022-04-22 09:00:00+09:00,1007.3956298828125,1016.5537719726562,997.3216735839844,1001.9007446289063,557800
2022-04-25 09:00:00+09:00,1000.52685546875,1017.4694154927059,978.5473181403746,979.0052251680492,532000
2022-04-26 09:00:00+09:00,992.28466796875,1023.4223502123472,968.9314062860522,1023.4223502123472,725400
2022-04-27 09:00:00+09:00,990.9110717773438,992.7427003758231,953.8205926581363,971.2210643436905,596800
2022-04-28 09:00:00+09:00,998.6953125,1003.7322902338377,976.7157732977992,990.9108923658872,417400
2022-05-02 09:00:00+09:00,1003.2745971679688,1013.8064619488283,988.1636607432572,1000.0692470172723,382400
2022-05-06 09:00:00+09:00,978.547607421875,998.2376154327035,971.2210928131946,998.2376154327035,436400
2022-05-09 09:00:00+09:00,973.052734375,974.4264558823529,953.3627261029412,955.6522619485294,347400
2022-05-10 09:00:00+09:00,953.8204345703125,957.9415982338423,918.1036828197199,951.5308992016847,553800
2022-05-11 09:00:00+09:00,961.14697265625,966.1839505977549,940.0832467190478,940.0832467190478,233000
2022-05-12 09:00:00+09:00,924.0565185546875,940.9990810851748,921.3090759821761,932.7567533676404,412600
2022-05-13 09:00:00+09:00,941.9148559570312,953.3625328646276,924.0564799811809,925.4302012100925,337800
2022-05-16 09:00:00+09:00,943.2886352539062,961.6049194335938,935.9621215820313,957.4837554931642,270400
2022-05-17 09:00:00+09:00,959.7733154296875,959.7733154296875,926.804003067599,942.8307521325031,190400
2022-05-18 09:00:00+09:00,977.173828125,989.0794136597939,968.0156854059279,976.2580138530928,355000
2022-05-19 09:00:00+09:00,962.9785766601562,967.0997403263195,929.5513602568318,931.3829885529044,319800
2022-05-20 09:00:00+09:00,967.5578002929688,973.0526860494836,953.3626787553058,973.0526860494836,242200
2022-05-23 09:00:00+09:00,972.13671875,986.7897451277672,967.0997409326425,981.7527673104097,403800
2022-05-24 09:00:00+09:00,945.578125,974.8841782687651,945.578125,970.763014527845,330800
2022-05-25 09:00:00+09:00,923.140625,948.7834201388889,921.3089967757937,948.7834201388889,310200
2022-05-26 09:00:00+09:00,913.982666015625,935.5043019388386,912.6089445737177,923.5987161089757,306800
2022-05-27 09:00:00+09:00,925.8881225585938,941.9148704762747,908.0297463074636,936.4199854759269,395400
2022-05-30 09:00:00+09:00,969.3893432617188,972.1367858973213,941.457009799761,948.7835234947007,442000
2022-05-31 09:00:00+09:00,969.3893432617188,983.5844635456646,960.231201143044,973.0526001091887,296400
2022-06-01 09:00:00+09:00,968.931396484375,975.3420957049711,964.8102326997061,975.3420957049711,218400
2022-06-02 09:00:00+09:00,961.60498046875,965.7261446707589,949.2414878627231,960.2312590680804,233200
2022-06-03 09:00:00+09:00,968.4735107421875,985.4160733414598,965.2681610612441,982.2107236605164,307400
2022-06-06 09:00:00+09:00,979.9212036132812,1003.7323730468751,972.5946899414063,990.9109741210938,485000
2022-06-07 09:00:00+09:00,956.1100463867188,975.3421450209344,956.1100463867188,973.0526094692419,309000
2022-06-08 09:00:00+09:00,971.220947265625,972.1367614544657,956.1100131497525,961.604898282797,272600
2022-06-09 09:00:00+09:00,949.241455078125,965.2682041990774,936.8779628991045,965.2682041990774,472400
2022-06-10 09:00:00+09:00,930.0093383789062,944.2044587579048,927.2618957249066,944.2044587579048,400000
2022-06-13 09:00:00+09:00,884.2186279296875,918.1037540129588,884.2186279296875,914.4404971390916,573200
2022-06-14 09:00:00+09:00,884.6765747070312,884.6765747070312,851.7072613639122,851.7072613639122,492800
2022-06-15 09:00:00+09:00,867.7340698242188,895.2084994756452,865.4445340199333,885.1345419367889,251000
2022-06-16 09:00:00+09:00,864.528564453125,894.750431642694,863.1548432172355,892.9188033281747,270400
2022-06-17 09:00:00+09:00,833.848876953125,842.0912052261378,815.990499028264,830.1856199428971,472800
2022-06-20 09:00:00+09:00,807.2901611328125,836.1383064257037,797.2162056337077,831.1013286761513,358400
2022-06-21 09:00:00+09:00,853.9967651367188,862.2390931648479,818.7379174608327,825.6065241509405,386800
2022-06-22 09:00:00+09:00,836.1383056640625,871.3971498788121,828.8117925804781,870.02342867564,307800
2022-06-23 09:00:00+09:00,848.0439453125,859.9495298579238,827.8960330048596,829.2697542985624,237400
2022-06-24 09:00:00+09:00,874.6026000976562,878.2658570614161,848.0439871103977,848.0439871103977,430600
2022-06-27 09:00:00+09:00,897.4979858398438,901.6191500605369,878.7237932789083,901.6191500605369,429000
2022-06-28 09:00:00+09:00,908.4876708984375,909.8613921749976,884.2185950125418,886.5081304734753,318400
2022-06-29 09:00:00+09:00,913.982666015625,918.1038303413468,896.1242872708307,897.9559158600404,514400
2022-06-30 09:00:00+09:00,906.6560668945312,931.3830505371094,897.4979248046875,922.2249084472656,860600
2022-07-01 09:00:00+09:00,826.9802856445312,865.444484976835,820.1116786209055,842.0912210965078,1455600
2022-07-04 09:00:00+09:00,868.1918334960938,868.1918334960938,817.8220541265946,828.811824170849,606400
2022-07-05 09:00:00+09:00,898.4137573242188,913.0667849666117,873.2288660638559,879.181658543578,618000
2022-07-06 09:00:00+09:00,900.7032470703125,944.2044206705564,878.7237067249262,883.7606847207439,853600
2022-07-07 09:00:00+09:00,893.376708984375,919.0195053468174,893.376708984375,919.0195053468174,336200
2022-07-08 09:00:00+09:00,881.0133056640625,911.6930829403059,879.1816771699584,911.6930829403059,392200
2022-07-11 09:00:00+09:00,877.35009765625,899.3296408125652,873.6868404635308,899.3296408125652,210600
2022-07-12 09:00:00+09:00,853.0809326171875,868.649774114227,847.5860473829383,868.649774114227,186600
2022-07-13 09:00:00+09:00,873.22900390625,873.6869110923571,852.1652733453232,852.6231805314303,215400
2022-07-14 09:00:00+09:00,872.77099609375,878.7237888268133,863.1549462941862,863.1549462941862,289800
2022-07-15 09:00:00+09:00,863.1549072265625,873.6867708160644,853.9967649748218,872.7709565908903,245000
2022-07-19 09:00:00+09:00,875.976318359375,884.2186464986686,857.2021264865394,862.2391047938855,195800
2022-07-20 09:00:00+09:00,898.8716430664062,917.1879271839082,892.9188507282181,898.8716430664062,404800
2022-07-21 09:00:00+09:00,911.6929931640625,919.9353205758922,901.1611303600578,901.6190374384927,283400
2022-07-22 09:00:00+09:00,914.8984985351562,918.5617557865484,894.2926764960762,910.3194269709163,246600
2022-07-25 09:00:00+09:00,897.9558715820312,915.8142494462328,894.7505217089695,915.8142494462328,188200
2022-07-26 09:00:00+09:00,894.2925415039062,901.6190549007637,891.0871918927811,894.7504485912099,129600
2022-07-27 09:00:00+09:00,927.7197875976562,927.7197875976562,891.0872194792888,894.292569189646,334400
2022-07-28 09:00:00+09:00,924.972412109375,951.5310259224165,914.8984551458076,945.5782331712176,361800
2022-07-29 09:00:00+09:00,916.2720947265625,940.9990777926466,915.8141876327461,940.9990777926466,157200
2022-08-01 09:00:00+09:00,943.74658203125,954.2784458773048,926.8040184528141,929.5514611952633,388200
2022-08-02 09:00:00+09:00,937.3359375,951.0731520212506,926.8040730337078,951.0731520212506,165800
2022-08-03 09:00:00+09:00,955.6521606445312,962.0628603326115,938.7095971831764,945.5782039918338,302600
2022-08-04 09:00:00+09:00,966.641845703125,971.6788235822033,955.6520757851359,962.9785890637953,299200
2022-08-05 09:00:00+09:00,991.3688354492188,991.3688354492188,965.7260387817101,970.7630166985422,361800
2022-08-08 09:00:00+09:00,1005.1062622070312,1006.0220765689511,991.8269539591935,995.9481185878327,230400
2022-08-09 09:00:00+09:00,981.7528686523438,997.321710785823,979.0054259229062,995.9479894211044,253000
2022-08-10 09:00:00+09:00,957.0259399414062,965.7261757590553,943.2887254924865,957.0259399414062,240400
2022-08-12 09:00:00+09:00,982.668701171875,990.9110295134844,971.6789300497292,978.0896298709808,215400
2022-08-15 09:00:00+09:00,995.9479370117188,999.611193791532,987.705609257139,998.2374724991021,166000
2022-08-16 09:00:00+09:00,990.453125,999.1533604946833,989.0794036061026,998.237546232085,135600
2022-08-17 09:00:00+09:00,987.7055053710938,998.2373675053243,977.6315502861777,998.2373675053243,176200
2022-08-18 09:00:00+09:00,994.1163940429688,996.4059297270843,967.5577801072284,979.4633656646292,161800
2022-08-19 09:00:00+09:00,999.6112670898438,1003.2745241382719,991.3689387308802,1002.3587098761649,167000
2022-08-22 09:00:00+09:00,991.3688354492188,991.3688354492188,974.426273365329,987.2476716990834,103400
2022-08-23 09:00:00+09:00,981.294921875,982.2107360811364,974.4263153289781,980.8370147719319,114400
2022-08-24 09:00:00+09:00,990.9110717773438,999.6113076201208,981.7529287849469,982.2108359345667,158400
2022-08-25 09:00:00+09:00,984.9581909179688,995.0321473104352,984.9581909179688,990.910983331699,97200
2022-08-26 09:00:00+09:00,982.210693359375,995.4899987707605,982.2106933593751,989.0792996066434,105800
2022-08-29 09:00:00+09:00,970.30517578125,973.5105255832644,946.4940058234279,949.2414485108688,160800
2022-08-30 09:00:00+09:00,966.1328125,970.3051710952494,961.9604539047505,965.6692171005278,229600
2022-08-31 09:00:00+09:00,964.2784423828125,978.1863045325646,953.6157480680026,959.1788929279035,152000
2022-09-01 09:00:00+09:00,937.3898315429688,952.6884786453021,933.2174732423324,952.6884786453021,188200
2022-09-02 09:00:00+09:00,909.110595703125,940.6350834684552,908.6470002948113,937.3899156102594,179000
2022-09-05 09:00:00+09:00,915.1373291015625,917.4553061256292,890.1031772416413,893.8119404801482,111800
2022-09-06 09:00:00+09:00,927.1907348632812,934.144665374756,909.574110900879,918.3824228820802,149000
2022-09-07 09:00:00+09:00,922.5548095703125,927.1907633872487,910.0377342645846,927.1907633872487,125000
2022-09-08 09:00:00+09:00,929.5087280273438,940.6350170411373,922.5547973937227,938.3170401632636,155000
2022-09-09 09:00:00+09:00,930.43603515625,948.9798524986766,930.43603515625,941.562325561706,165400
2022-09-12 09:00:00+09:00,942.9530029296875,951.761315149778,935.9990722296161,940.6350260296638,147400
2022-09-13 09:00:00+09:00,958.7152099609375,958.7152099609375,938.7806093669722,941.098586180224,177600
2022-09-14 09:00:00+09:00,938.7806396484375,942.952998046875,915.6008707682292,918.3824430338542,133800
2022-09-15 09:00:00+09:00,944.807373046875,949.9069221653813,935.9990609330916,936.4626563075012,94800
2022-09-16 09:00:00+09:00,920.23681640625,945.7345619489925,920.23681640625,941.5622035874527,178200
2022-09-20 09:00:00+09:00,920.700439453125,935.0718964637226,918.8460579033705,924.8727979400727,152400
2022-09-21 09:00:00+09:00,897.9843139648438,909.1106038642532,886.8580240654342,908.6470084517779,274000
2022-09-22 09:00:00+09:00,891.0303344726562,899.3750514448247,882.6856175004879,882.6856175004879,144600
2022-09-26 09:00:00+09:00,849.7703857421875,870.1685837632766,843.7436454177748,870.1685837632766,276400
2022-09-27 09:00:00+09:00,852.552001953125,859.0423380201961,844.207284152605,844.207284152605,163200
2022-09-28 09:00:00+09:00,844.6707763671875,859.0422330452242,832.1537011959942,853.9426839014047,258400
2022-09-29 09:00:00+09:00,845.5980224609375,863.6782433359247,833.5445418776128,859.5058846724661,225200
2022-09-30 09:00:00+09:00,812.2190551757812,829.835678518635,807.5831016645039,808.5102923667595,323600
2022-10-03 09:00:00+09:00,834.0081176757812,834.0081176757812,792.7481274183358,806.655989302868,259400
2022-10-04 09:00:00+09:00,859.9694213867188,869.2413288949314,853.9426815063806,857.6514445096656,301600
2022-10-05 09:00:00+09:00,857.1878051757812,869.7048796699652,855.3334237692355,869.7048796699652,214200
2022-10-06 09:00:00+09:00,888.2487182617188,895.6662440927142,859.5058056666109,866.9233314976065,361400
2022-10-07 09:00:00+09:00,865.5325317382812,883.6127506658619,864.6053410240464,869.7048899523384,553200
2022-10-11 09:00:00+09:00,756.1240844726562,776.5222817239113,704.2014005603709,717.1820715384422,1938200
2022-10-12 09:00:00+09:00,720.8908081054688,750.5609121046649,716.2548543555944,740.8254092299286,840800
2022-10-13 09:00:00+09:00,723.67236328125,725.0631493733985,697.2474275304293,715.3276467283592,551600
2022-10-14 09:00:00+09:00,718.5728759765625,748.7065772271926,717.182089764995,736.6530967269406,504000
2022-10-17 09:00:00+09:00,764.0051879882812,764.932378750403,706.5193607367358,708.8373376420401,704600
2022-10-18 09:00:00+09:00,785.33056640625,795.0660692955837,767.713942130313,775.5950635169163,568400
2022-10-19 09:00:00+09:00,771.8862915039062,789.039320203993,771.8862915039062,779.3038174282682,230800
2022-10-20 09:00:00+09:00,752.8788452148438,770.0318730922755,751.024463822689,764.9323242638499,229800
2022-10-21 09:00:00+09:00,750.5609130859375,766.3231558561179,749.6337223347505,764.0051789781501,158200
2022-10-24 09:00:00+09:00,767.2503662109375,785.3305863210442,767.2503662109375,771.4227246978852,214800
2022-10-25 09:00:00+09:00,782.08544921875,786.7214032745813,765.8596100233402,781.6218538131668,250400
2022-10-26 09:00:00+09:00,782.5490112304688,802.0200174340705,782.5490112304688,797.8476589618701,159400
2022-10-27 09:00:00+09:00,815.4642333984375,821.4909730426556,783.9397491056042,787.6485119635846,352000
2022-10-28 09:00:00+09:00,818.70947265625,821.4910450435306,794.6025119664849,806.6559923113674,299400
2022-10-31 09:00:00+09:00,827.0542602539062,841.8893142494919,817.318756069303,829.3722374407165,242800
2022-11-01 09:00:00+09:00,833.5445556640625,838.1805098112486,820.5638840519414,829.372196931595,143200
2022-11-02 09:00:00+09:00,829.3721313476562,842.3528019333098,821.4910099206522,833.0808943721287,116200
2022-11-04 09:00:00+09:00,830.7628784179688,834.0080459117889,820.5637805802481,828.4449016366685,140800
2022-11-07 09:00:00+09:00,825.663330078125,834.0080464966574,818.2458043727628,833.0808557834871,132800
2022-11-08 09:00:00+09:00,821.95458984375,834.935260185332,821.4909944744078,828.9085203838832,128600
2022-11-09 09:00:00+09:00,837.7168579101562,843.2800025116626,823.3454010229317,824.7361871733083,162000
2022-11-10 09:00:00+09:00,838.1804809570312,842.8164349446255,821.0274512029328,829.3721683806023,112200
2022-11-11 09:00:00+09:00,865.0689697265625,876.195258726261,859.0422298517258,859.0422298517258,265400
2022-11-14 09:00:00+09:00,884.5400390625,907.719809478184,883.6128482458727,885.930825287441,426800
2022-11-15 09:00:00+09:00,889.1758422851562,893.8117955817421,876.1951730547161,882.6855076699361,190800
2022-11-16 09:00:00+09:00,907.7197265625,912.819275588132,885.9307443620722,904.0109636347676,343600
2022-11-17 09:00:00+09:00,882.2220458984375,893.8119308944758,872.9501379016068,892.4211446949512,257000
2022-11-18 09:00:00+09:00,876.6588745117188,894.2754991713937,873.8773021970331,888.7123545420226,130400
2022-11-21 09:00:00+09:00,875.2680053710938,884.0763168658241,872.9500286619542,876.1951960547497,81600
2022-11-22 09:00:00+09:00,877.12255859375,880.8313220550343,863.2146956139336,870.6322225365024,121000
2022-11-24 09:00:00+09:00,896.1298828125,902.1566228417615,883.6128073671107,883.6128073671107,234400
2022-11-25 09:00:00+09:00,899.8386840820312,906.3290197735039,892.8847529840248,895.2027300166936,101000
2022-11-28 09:00:00+09:00,892.8847045898438,906.7925660320532,892.4211092084367,906.7925660320532,110600
2022-11-29 09:00:00+09:00,896.593505859375,896.593505859375,874.3409266032995,878.0496898126454,107600
2022-11-30 09:00:00+09:00,881.2947998046875,901.2294007471397,880.8312044339328,884.0763720292157,146000
2022-12-01 09:00:00+09:00,885.9307861328125,909.5741509118672,885.9307861328125,904.4746016457965,118200
2022-12-02 09:00:00+09:00,873.4136962890625,884.5399854137639,871.5593147682789,882.6856038929803,88400
2022-12-05 09:00:00+09:00,868.3141479492188,874.8044832782572,863.214598762117,868.7777433298643,89800
2022-12-06 09:00:00+09:00,847.4524536132812,861.8239120717122,844.6708810084236,854.8699805595681,81800
2022-12-07 09:00:00+09:00,835.39892578125,846.9888109890919,835.39892578125,842.3528569059552,108000
2022-12-08 09:00:00+09:00,832.1537475585938,834.9353199738314,814.0735268595491,830.7629613509749,143200
2022-12-09 09:00:00+09:00,845.1343994140625,846.9887809816195,827.5177745222719,829.835751481718,120000
2022-12-12 09:00:00+09:00,833.5445556640625,841.4256777142789,826.1270290285647,836.7897235670928,84400
2022-12-13 09:00:00+09:00,819.1730346679688,843.2799943752321,819.1730346679688,833.5444914165296,106800
2022-12-14 09:00:00+09:00,822.418212890625,829.3721436647847,814.5370913465773,819.173045196017,88600
2022-12-15 09:00:00+09:00,817.7822875976562,827.5177910214378,817.3186921965238,822.4182416089808,51600
2022-12-16 09:00:00+09:00,793.6752319335938,810.3646643807955,792.2844458963269,810.3646643807955,164600
2022-12-19 09:00:00+09:00,770.9591674804688,784.867029792203,770.4955720700776,775.1315261739891,181400
2022-12-20 09:00:00+09:00,731.5535888671875,768.6412232837749,716.7185351005526,765.3960552723236,297800
2022-12-21 09:00:00+09:00,709.3009643554688,727.3811850155101,707.9101781508501,723.2088264016544,217000
2022-12-22 09:00:00+09:00,710.2280883789062,731.5534748445914,708.8373023050572,722.7451630435476,151600
2022-12-23 09:00:00+09:00,673.1405029296875,700.0290354158597,671.2861213789171,698.1746538650891,344600
2022-12-26 09:00:00+09:00,668.0409545898438,676.8492669681971,655.9874744931499,671.7497176965188,256800
2022-12-27 09:00:00+09:00,666.650146484375,675.4584585728334,663.4049788728377,668.0409326036053,171400
2022-12-28 09:00:00+09:00,657.378173828125,662.9413177533278,647.17907663192,662.9413177533278,375200
2022-12-29 09:00:00+09:00,711.1553955078125,726.9176402583116,674.531356234594,685.1940512128729,2675000
2022-12-30 09:00:00+09:00,717.6456298828125,756.5876408066861,713.009676201399,739.4346121854561,1095200
2023-01-04 09:00:00+09:00,690.2935180664062,717.1820499991475,690.2935180664062,710.2281193268868,380400
2023-01-05 09:00:00+09:00,724.1359252929688,745.4613110570382,710.691660354751,711.6188510401453,615000
2023-01-06 09:00:00+09:00,750.5609130859375,759.3692252222147,711.6189015360803,718.5728321699834,459800
2023-01-10 09:00:00+09:00,754.2697143554688,776.0586981137398,753.8061189563566,769.1047671270576,295600
2023-01-11 09:00:00+09:00,747.7793579101562,765.8595779712201,747.7793579101562,754.269693316692,163000
2023-01-12 09:00:00+09:00,776.0587768554688,799.2385491629798,754.7333863325587,761.6873180248119,468800
2023-01-13 09:00:00+09:00,760.29638671875,786.7213221108042,757.0512192144627,767.7139124428354,243600
2023-01-16 09:00:00+09:00,734.7987060546875,764.9324069339018,734.7987060546875,764.9324069339018,150600
2023-01-17 09:00:00+09:00,755.660400390625,759.8327584295916,741.2889449230732,741.7525402607362,135600
2023-01-18 09:00:00+09:00,761.2236328125,771.8863268165728,746.3885802850943,755.1968927232415,119200
2023-01-19 09:00:00+09:00,779.7673950195312,781.1581810986386,752.8788641567887,757.0512223941108,165000
2023-01-20 09:00:00+09:00,774.2042236328125,778.3765817242468,760.2963633280315,762.6143400454949,80000
2023-01-23 09:00:00+09:00,784.8670043945312,787.6485767668686,778.8402642544669,778.8402642544669,102000
2023-01-24 09:00:00+09:00,795.066162109375,808.0468341438138,795.066162109375,799.7021164073889,140200
2023-01-25 09:00:00+09:00,787.1849365234375,798.7748207478697,787.1849365234375,790.8936994752559,88800
2023-01-26 09:00:00+09:00,802.9472045898438,806.6559676595427,785.3305800087733,785.3305800087733,155600
2023-01-27 09:00:00+09:00,792.2844848632812,802.4835829715272,778.840219175139,798.7748200230741,140600
2023-01-30 09:00:00+09:00,779.3037719726562,792.7480369263785,778.8401766294245,788.5756788372923,87400
2023-01-31 09:00:00+09:00,781.6217651367188,783.4761465486683,769.568285959047,777.9130023128198,114800
2023-02-01 09:00:00+09:00,781.6217651367188,789.5028861375042,771.4226673709965,786.72131401958,120200
2023-02-02 09:00:00+09:00,817.7822875976562,817.7822875976562,782.5490371115894,782.5490371115894,307600
2023-02-03 09:00:00+09:00,808.973876953125,838.18038368553,806.6559002283309,836.3260023056948,130200
2023-02-06 09:00:00+09:00,811.2918701171875,818.7093957868303,808.9738933454241,811.2918701171875,100000
2023-02-07 09:00:00+09:00,814.5371704101562,834.4717738977126,811.292002400554,812.6827886903835,113400
2023-02-08 09:00:00+09:00,825.663330078125,828.4449022176358,812.219064737156,815.0006368766668,127400
2023-02-09 09:00:00+09:00,816.8551025390625,827.054201435691,814.0735301127094,825.1998198181223,58400
2023-02-10 09:00:00+09:00,836.3260498046875,844.2071711165942,814.0734719828333,814.0734719828333,218400
2023-02-13 09:00:00+09:00,835.8624267578125,841.889166385018,822.8817567915237,825.663328927157,113400
2023-02-14 09:00:00+09:00,852.552001953125,860.4331243202828,846.0616658860539,852.0884065197628,201600
2023-02-15 09:00:00+09:00,847.4524536132812,855.3335759937112,835.862567759708,848.3796444815671,74600
2023-02-16 09:00:00+09:00,861.8238525390625,864.1418295496571,847.4523950733761,847.4523950733761,136400
2023-02-17 09:00:00+09:00,862.287353515625,865.996116326445,851.6246604345179,857.6514000021002,113400
2023-02-20 09:00:00+09:00,878.9768676757812,884.5400124079065,866.9233874228433,866.9233874228433,141200
2023-02-21 09:00:00+09:00,882.2220458984375,882.6856412982789,870.1685655025576,878.9768780995468,87200
2023-02-22 09:00:00+09:00,876.6588745117188,882.6856145268706,859.0422498520438,881.2948283695279,104600
2023-02-24 09:00:00+09:00,880.8312377929688,887.78516861765,870.6321392501028,880.8312377929688,192800
2023-02-27 09:00:00+09:00,878.9591064453125,879.8951651316227,861.642020748573,879.8951651316227,95200
2023-02-28 09:00:00+09:00,847.1331176757812,876.1509371762777,834.0282959658797,866.3223208938515,215800
2023-03-01 09:00:00+09:00,855.089599609375,856.0256582843716,835.4323674344469,836.3684261094435,122400
2023-03-02 09:00:00+09:00,829.8161010742188,851.813482208166,828.4120129167328,851.813482208166,132800
2023-03-03 09:00:00+09:00,836.8364868164062,838.7086042365772,815.3071364844405,824.1996942302525,125600
2023-03-06 09:00:00+09:00,864.9182739257812,869.5985676158558,838.7086292613636,838.7086292613636,151000
2023-03-07 09:00:00+09:00,871.0026245117188,877.5550354430267,859.3018907058117,861.6420374669931,100800
2023-03-08 09:00:00+09:00,904.7007446289062,904.7007446289062,863.514161324538,863.514161324538,358800
2023-03-09 09:00:00+09:00,917.8055419921875,946.8233612698599,907.0408670988573,922.9538647672583,332400
2023-03-10 09:00:00+09:00,894.8720703125,913.1252140061127,894.8720703125,899.0843342417952,163400
2023-03-13 09:00:00+09:00,884.5755004882812,890.1918528723338,873.3427957201761,878.9591481042287,101600
2023-03-14 09:00:00+09:00,858.8339233398438,879.4272163245594,851.8134825495998,878.4911575525268,127200
2023-03-15 09:00:00+09:00,864.9182739257812,879.8952137340199,861.6420683427291,877.5550668889827,73400
2023-03-16 09:00:00+09:00,841.0487670898438,854.6216186455507,834.4963559939852,836.8365028139347,103200
2023-03-17 09:00:00+09:00,862.5780639648438,864.9182106386496,851.8133892653367,851.8133892653367,74000
2023-03-20 09:00:00+09:00,841.516845703125,860.238021358367,839.1766987462197,860.238021358367,84600
2023-03-22 09:00:00+09:00,862.5780639648438,863.0460932996049,849.9412719262921,849.9412719262921,75800
2023-03-23 09:00:00+09:00,861.1739501953125,866.322272723654,847.1330705725628,850.409275817871,119000
2023-03-24 09:00:00+09:00,879.8952026367188,881.7673200891372,862.1100868387425,862.5781162018471,91000
2023-03-27 09:00:00+09:00,863.0460815429688,878.0230200513066,863.0460815429688,878.0230200513066,88800
2023-03-28 09:00:00+09:00,844.79296875,858.8338491170359,841.9847926765927,858.8338491170359,102400
2023-03-29 09:00:00+09:00,849.0051879882812,851.3453345924387,836.3683963258317,841.9847481758093,118400
2023-03-30 09:00:00+09:00,865.3862915039062,871.002643855473,848.0692050865755,849.9413225370978,215800
2023-03-31 09:00:00+09:00,790.9696044921875,832.1561874479937,790.9696044921875,809.2227492112379,1175000
2023-04-03 09:00:00+09:00,799.3941040039062,820.9234534091637,791.4376053106589,802.6703093481846,458400
2023-04-04 09:00:00+09:00,805.478515625,864.9182433904707,804.074427567548,827.475895191749,671000
2023-04-05 09:00:00+09:00,772.2484130859375,808.2866723632812,770.8443250621449,796.1179094904119,498600
2023-04-06 09:00:00+09:00,753.5272216796875,769.4402189077058,746.50678172615,758.2075149820458,223000
2023-04-07 09:00:00+09:00,748.846923828125,752.5911584472657,740.4223959350586,746.5067771911621,281600
2023-04-10 09:00:00+09:00,740.8905029296875,757.2715311056439,735.2741504122167,751.1871492117173,158800
2023-04-11 09:00:00+09:00,732.9339599609375,747.4428697685934,730.5938132177672,737.146224098644,264200
2023-04-12 09:00:00+09:00,729.6577758789062,739.9544218502571,725.9135409802333,738.5503337632547,156200
2023-04-13 09:00:00+09:00,735.274169921875,735.7421993107496,716.0849649780196,724.509493977761,178800
2023-04-14 09:00:00+09:00,742.7626342773438,746.974898743945,735.7421934996751,744.1667224328775,147000
2023-04-17 09:00:00+09:00,756.8034057617188,759.6115816643596,743.698584882728,744.6346435169417,169200
2023-04-18 09:00:00+09:00,768.0361328125,785.3532180739641,763.3558394985909,770.8443088008455,231400
2023-04-19 09:00:00+09:00,751.1870727539062,769.9082459066516,749.3149554386317,768.0361285913771,162400
2023-04-20 09:00:00+09:00,764.2919311523438,766.1640485587182,748.8469625497551,754.4633147688783,121400
2023-04-21 09:00:00+09:00,763.3558959960938,779.2688944411381,757.7395436037252,764.2919547281552,122200
2023-04-24 09:00:00+09:00,761.0157470703125,767.568158176699,757.2715121523773,761.4837764350544,68200
2023-04-25 09:00:00+09:00,756.33544921875,770.3763300829595,754.4633317701887,767.5681539101175,94400
2023-04-26 09:00:00+09:00,744.1666259765625,751.1870658442659,738.5502740823998,748.8469192216982,113200
2023-04-27 09:00:00+09:00,748.846923828125,748.846923828125,733.40195602417,739.4863372802735,227000
2023-04-28 09:00:00+09:00,745.5707397460938,764.2919133743698,744.166651723973,753.5272385381111,112200
2023-05-01 09:00:00+09:00,731.5299682617188,751.6552329035958,731.5299682617188,745.5708505700051,125000
2023-05-02 09:00:00+09:00,752.5912475585938,753.995335707024,729.1897784180902,730.1258371837104,145800
2023-05-08 09:00:00+09:00,744.1666259765625,758.6755350364829,744.1666259765625,751.6550951687794,132800
2023-05-09 09:00:00+09:00,753.9952392578125,760.0796204560444,753.9952392578125,755.8673565495761,149600
2023-05-10 09:00:00+09:00,758.2075805664062,760.0796980492862,746.9748756691262,753.9953162299262,88000
2023-05-11 09:00:00+09:00,768.5042114257812,768.9722407871855,756.803477390675,760.547712281909,155200
2023-05-12 09:00:00+09:00,759.1436157226562,771.3123789833154,753.9952928046852,768.5042028462402,102200
2023-05-15 09:00:00+09:00,739.018310546875,759.6116010244319,738.0822518888042,759.6116010244319,112800
2023-05-16 09:00:00+09:00,745.1027221679688,753.0592210855915,738.0822819465369,740.4224286870142,75000
2023-05-17 09:00:00+09:00,746.9747924804688,751.6550856664365,742.2944992945008,742.2944992945008,84800
2023-05-18 09:00:00+09:00,800.330078125,803.6062831231725,754.931237436038,754.931237436038,411000
2023-05-19 09:00:00+09:00,785.353271484375,831.220149080006,783.9491833947128,816.2432094569429,281600
2023-05-22 09:00:00+09:00,783.481201171875,783.481201171875,763.3559373424899,772.7165251701109,127600
2023-05-23 09:00:00+09:00,786.7573852539062,800.330237230327,781.141032711939,786.289355875409,160200
2023-05-24 09:00:00+09:00,788.62939453125,795.1818049309162,773.1844271606083,779.2688082460127,102600
2023-05-25 09:00:00+09:00,801.2662353515625,809.6907635269878,790.5015604607413,790.5015604607413,192600
2023-05-26 09:00:00+09:00,816.711181640625,837.3044721805605,815.3070936492658,817.6472403015312,330000
2023-05-29 09:00:00+09:00,846.6650390625,858.3657720512023,837.7724819910862,842.4527751865671,331800
2023-05-30 09:00:00+09:00,849.9412841796875,856.4936949608085,839.1766093249888,854.621577594774,152400
2023-05-31 09:00:00+09:00,810.1588134765625,844.3249563903632,805.4785199267268,844.3249563903632,224600
2023-06-01 09:00:00+09:00,805.478515625,810.1588091498403,792.3736937554474,810.1588091498403,142400
2023-06-02 09:00:00+09:00,800.7982788085938,807.8187195930058,795.6499555666916,807.8187195930058,97400
2023-06-05 09:00:00+09:00,805.0104370117188,823.7316099654796,798.4580264779024,819.5193460508834,144200
2023-06-06 09:00:00+09:00,801.7342529296875,801.7342529296875,790.9695781968312,799.8621355848429,90200
2023-06-07 09:00:00+09:00,780.6730346679688,812.0310042859268,780.6730346679688,801.7343575457018,227800
2023-06-08 09:00:00+09:00,755.3994140625,784.8852647972816,750.7191202950744,784.8852647972816,228200
2023-06-09 09:00:00+09:00,754.4632568359375,762.4197552020734,752.1231102576622,762.4197552020734,148800
2023-06-12 09:00:00+09:00,785.8212890625,797.5220229675402,749.3149992787746,754.4633221969923,230400
2023-06-13 09:00:00+09:00,801.7342529296875,811.5628689901215,791.9056368692535,792.8416955416758,181600
2023-06-14 09:00:00+09:00,789.5655517578125,818.1153434929794,785.8213167761512,809.6908147842416,132000
2023-06-15 09:00:00+09:00,826.5398559570312,838.7086194082673,794.713859238414,795.181888601923,280800
2023-06-16 09:00:00+09:00,824.19970703125,829.8160593789927,814.839119785012,826.5398538428094,155000
2023-06-19 09:00:00+09:00,806.8826293945312,830.2840977644422,800.3302182509561,830.2840977644422,203200
2023-06-20 09:00:00+09:00,817.647216796875,820.4553926988677,803.6063372869115,803.6063372869115,103400
2023-06-21 09:00:00+09:00,805.478515625,817.6472787895846,800.3301927476758,817.6472787895846,87600
2023-06-22 09:00:00+09:00,797.9901123046875,800.7982886529737,789.0975538684476,797.9901123046875,203800
2023-06-23 09:00:00+09:00,788.62939453125,807.3505671017248,783.9491013886313,797.9899808164874,165800
2023-06-26 09:00:00+09:00,784.4171752929688,793.7777621103072,769.908265726094,783.9491459521017,120800
2023-06-27 09:00:00+09:00,782.0770874023438,784.8852636587255,770.8443823768163,781.6090580262801,111400
2023-06-28 09:00:00+09:00,797.053955078125,797.053955078125,781.140957736577,792.8416910759505,112200
2023-06-29 09:00:00+09:00,800.330078125,813.9029274031433,798.4579609831871,805.9464295504386,152400
2023-06-30 09:00:00+09:00,797.9901123046875,797.9901123046875,783.481201171875,794.7139065650201,209200
2023-07-03 09:00:00+09:00,876.6190795898438,888.7878441757146,788.6295510458551,790.9696980815995,1881800
2023-07-04 09:00:00+09:00,863.982177734375,879.4271462420859,832.6242113702345,873.8107940574638,696400
2023-07-05 09:00:00+09:00,854.1536254882812,877.5550946797409,849.00530226616,863.9822425486943,238200
2023-07-06 09:00:00+09:00,819.5193481445312,857.8977527977875,819.5193481445312,845.2609610217153,296800
2023-07-07 09:00:00+09:00,827.4758911132812,848.0691825210778,813.4350106079654,816.7112160592058,225400
2023-07-10 09:00:00+09:00,826.07177734375,832.6241880422273,813.4349852824008,823.7316306657224,148800
2023-07-11 09:00:00+09:00,805.478515625,840.1126877088176,792.8417231079314,837.7725409463975,311600
2023-07-12 09:00:00+09:00,776.9286499023438,808.2866134827395,776.9286499023438,800.3301152608481,187200
2023-07-13 09:00:00+09:00,790.9696044921875,792.373692547499,763.823902089497,776.9287239390717,152400
2023-07-14 09:00:00+09:00,804.54248046875,812.4989796938627,783.0131296243273,795.6499225112711,186000
2023-07-18 09:00:00+09:00,814.8390502929688,818.5832848721438,805.4784638450311,811.0948157137938,107800
2023-07-19 09:00:00+09:00,819.5193481445312,825.1357000450078,805.47846839334,819.5193481445312,125600
2023-07-20 09:00:00+09:00,815.3071899414062,823.2636894988137,806.414631612539,814.3711311699465,89400
2023-07-21 09:00:00+09:00,791.9057006835938,805.4785525274615,788.6294950661085,805.010523153535,137800
2023-07-24 09:00:00+09:00,811.0948486328125,817.1792300709121,800.3301737807902,800.3301737807902,126600
2023-07-25 09:00:00+09:00,820.9235229492188,820.9235229492188,807.818700462002,811.0949060838062,75200
2023-07-26 09:00:00+09:00,832.6242065429688,834.0282945809839,820.4554435468377,823.7316489688731,160400
2023-07-27 09:00:00+09:00,844.79296875,853.2174969702215,820.9234721260387,831.6881470740997,183000
2023-07-28 09:00:00+09:00,861.6420288085938,863.9821755462597,831.6881505664699,837.7725320844013,191400
2023-07-31 09:00:00+09:00,856.4937133789062,865.8543004103698,849.0052437537355,863.5141536525039,116600
2023-08-01 09:00:00+09:00,874.27880859375,874.27880859375,856.961722984559,863.5141337556042,136000
2023-08-02 09:00:00+09:00,854.1536254882812,870.0666245384739,850.4093904176476,863.514213164865,112400
2023-08-03 09:00:00+09:00,836.3685302734375,854.6216767091757,836.3685302734375,849.0053239597178,75800
2023-08-04 09:00:00+09:00,830.2841186523438,840.1127356149701,824.1997367230989,835.900471202416,54000
2023-08-07 09:00:00+09:00,822.7955322265625,830.7520305472972,816.243121844781,824.1996201655156,99800
2023-08-08 09:00:00+09:00,808.2866821289062,823.7316505772293,807.3506234350684,823.7316505772293,96600
2023-08-09 09:00:00+09:00,804.0745239257812,817.6473767743538,801.2663474743525,808.2867886029245,71600
2023-08-10 09:00:00+09:00,820.4554443359375,820.4554443359375,791.4376248557161,800.3301824383645,92000
2023-08-14 09:00:00+09:00,811.0948486328125,813.4349953397739,800.7982031221825,810.158789950028,77200
2023-08-15 09:00:00+09:00,809.6907958984375,819.5194124960486,802.6703554715724,815.3071482399296,85000
2023-08-16 09:00:00+09:00,792.3736572265625,804.54241983016,792.3736572265625,798.4580385283613,76200
2023-08-17 09:00:00+09:00,798.4580688476562,801.7342742884144,790.9695992687803,792.3736873148194,69800
2023-08-18 09:00:00+09:00,805.946533203125,809.6907679682963,789.0974767598541,789.0974767598541,61800
2023-08-21 09:00:00+09:00,810.1588134765625,813.4350189614474,805.9465492817103,806.4145786366939,47200
2023-08-22 09:00:00+09:00,813.4349975585938,821.8595257266344,809.6907628172423,820.4554376986276,64000
2023-08-23 09:00:00+09:00,830.2841186523438,832.1562361690345,812.030972864609,813.4350610021271,59200
2023-08-24 09:00:00+09:00,849.4732055664062,853.6854693956611,823.7315932765151,823.7315932765151,136000
2023-08-25 09:00:00+09:00,841.0487670898438,844.7930020017629,827.0078861701469,838.2405909059044,135200
2023-08-28 09:00:00+09:00,843.8568725585938,848.0691364815152,840.1126379604414,840.1126379604414,101800
2023-08-29 09:00:00+09:00,831.6881713867188,848.537228319708,827.943936512721,843.856934727211,134400
2023-08-30 09:00:00+09:00,834.5250854492188,844.9270978457529,832.6338104680307,841.6173666286738,99400
2023-08-31 09:00:00+09:00,855.3291015625,858.6388327459923,838.3076269045398,840.1989018665354,148800
2023-09-01 09:00:00+09:00,848.23681640625,857.220372432849,844.4542665003135,853.9106412651546,75200
2023-09-04 09:00:00+09:00,833.5794677734375,850.1281242522068,829.7969177211473,845.3999366868442,222200
2023-09-05 09:00:00+09:00,855.8018798828125,856.747517319147,829.3240316654437,833.106581410782,143400
2023-09-06 09:00:00+09:00,875.660400390625,883.6983198326556,856.7476487623178,860.5301990879792,221800
2023-09-07 09:00:00+09:00,846.818359375,872.8233899532383,846.818359375,864.3126526730877,121600
2023-09-08 09:00:00+09:00,844.454345703125,851.0738086593644,838.307701529474,839.2533390946511,118800
2023-09-11 09:00:00+09:00,841.617431640625,861.0030016952686,836.8892438224193,851.0738072770365,97400
2023-09-12 09:00:00+09:00,842.0902099609375,844.4543037564483,829.7969222242815,838.3076598881203,71200
2023-09-13 09:00:00+09:00,836.88916015625,843.9814411745233,832.1609728107344,836.88916015625,74200
2023-09-14 09:00:00+09:00,839.7260131835938,843.035744091412,819.8676277366844,832.1609139657236,78800
2023-09-15 09:00:00+09:00,835.9435424804688,844.4542799039124,833.5794487517344,842.090186175178,81200
2023-09-19 09:00:00+09:00,817.5035400390625,830.2696450599154,807.1015285405898,830.2696450599154,132000
2023-09-20 09:00:00+09:00,792.4442749023438,815.6123951113025,792.4442749023438,809.4657509742318,197400
2023-09-21 09:00:00+09:00,758.4013061523438,795.7539889366549,757.4556686135004,795.7539889366549,232000
2023-09-22 09:00:00+09:00,786.7704467773438,791.971453336569,749.4177633065443,757.4556825344379,226400
2023-09-25 09:00:00+09:00,813.248291015625,815.1395661110101,791.0258086448492,791.9714461925419,124600
2023-09-26 09:00:00+09:00,805.6830444335938,825.0686106435569,803.7917696814021,816.557874258695,118000
2023-09-27 09:00:00+09:00,832.1609497070312,833.5794058713046,800.9549140930176,802.8461889787154,133400
2023-09-28 09:00:00+09:00,816.0851440429688,833.1066186580017,813.7210503464364,824.5958813504852,91200
2023-09-29 09:00:00+09:00,836.4163818359375,844.4543007116927,823.1774566288113,823.1774566288113,143200
2023-10-02 09:00:00+09:00,831.21533203125,853.9106311993388,831.21533203125,836.8891568232722,206400
2023-10-03 09:00:00+09:00,806.6287841796875,834.0522715668046,799.0636842108275,826.9599903459984,203800
2023-10-04 09:00:00+09:00,780.623779296875,795.2811609796146,772.5858603095661,794.335523451696,149000
2023-10-05 09:00:00+09:00,801.9005737304688,809.465673482643,787.716011695142,795.7539301818272,144200
2023-10-06 09:00:00+09:00,776.3683471679688,803.7918332433294,763.1294228557257,803.7918332433294,274600
2023-10-10 09:00:00+09:00,692.2066040039062,709.2280778728548,683.22304835085,709.2280778728548,1080800
2023-10-11 09:00:00+09:00,736.6516723632812,736.6516723632812,687.9513371556959,692.2067062515043,686000
2023-10-12 09:00:00+09:00,723.8855590820312,755.0915988595714,715.3748209608839,725.3040154355558,526000
2023-10-13 09:00:00+09:00,723.4126586914062,739.0156768200444,686.5327976600797,721.048565035552,512600
2023-10-16 09:00:00+09:00,662.891845703125,716.7931798045204,662.4190269829373,716.7931798045204,470600
2023-10-17 09:00:00+09:00,677.0764770507812,683.6959398152442,653.4355386062707,677.0764770507812,376000
2023-10-18 09:00:00+09:00,733.3418579101562,736.6515890548185,666.6744162819602,676.603609715947,605800
2023-10-19 09:00:00+09:00,684.6415405273438,721.0485837736182,679.4405343493045,721.0485837736182,484800
2023-10-20 09:00:00+09:00,666.20166015625,673.2939418470546,655.7996470097365,667.6201164944109,358400
2023-10-23 09:00:00+09:00,626.0120239257812,652.0170551311573,625.5392051765925,652.0170551311573,431600
2023-10-24 09:00:00+09:00,643.9791259765625,647.2888571673378,607.099264136495,625.5391950565288,251600
2023-10-25 09:00:00+09:00,665.728759765625,681.8045962940563,649.6529232371937,649.6529232371937,267400
2023-10-26 09:00:00+09:00,654.8539428710938,669.0385048105398,646.3432057074261,651.5442117518896,194600
2023-10-27 09:00:00+09:00,637.3596801757812,650.1257865294505,632.6314926373852,646.8160552525733,204400
2023-10-30 09:00:00+09:00,625.06640625,642.5607005247731,617.028487258888,630.7402314201967,151200
2023-10-31 09:00:00+09:00,631.685791015625,632.6314284273251,612.3002240757743,631.685791015625,89800
2023-11-01 09:00:00+09:00,639.2508544921875,647.2887720412756,636.4139424160387,641.6149478889781,111000
2023-11-02 09:00:00+09:00,651.544189453125,662.8918386163144,636.4139905688725,636.4139905688725,204000
2023-11-06 09:00:00+09:00,680.8589477539062,685.5871348910862,666.2015676286485,670.9297547658284,290200
2023-11-07 09:00:00+09:00,665.2559814453125,675.6579939483664,660.5277939439244,671.4026251971171,145000
2023-11-08 09:00:00+09:00,669.984130859375,689.8425172362937,666.6743997965552,670.929768305895,114400
2023-11-09 09:00:00+09:00,680.3861083984375,680.3861083984375,663.3646352209922,664.3102726197392,72200
2023-11-10 09:00:00+09:00,670.9298095703125,674.7123595890317,662.4190720281944,673.7667220843518,64000
2023-11-13 09:00:00+09:00,668.0928955078125,689.8425580650378,666.6744392540804,678.9677267864251,118800
2023-11-14 09:00:00+09:00,704.9727172851562,712.0649981431558,668.0928568235586,679.4405061963578,327400
2023-11-15 09:00:00+09:00,758.4013061523438,761.2382187688737,730.0321799870441,730.0321799870441,449600
2023-11-16 09:00:00+09:00,751.3089599609375,754.618691062087,735.7059419126613,746.5807726735811,165600
2023-11-17 09:00:00+09:00,737.5973510742188,749.4178214439979,733.3419817410983,735.7060758150541,96000
2023-11-20 09:00:00+09:00,745.6351318359375,760.7653310868888,736.1787573040931,737.5972134838697,124600
2023-11-21 09:00:00+09:00,762.6566162109375,765.4935286084983,745.6351418255725,745.6351418255725,139400
2023-11-22 09:00:00+09:00,775.8955688476562,776.3683875977157,756.0371813451568,756.5100000952162,173200
2023-11-24 09:00:00+09:00,803.3190307617188,809.4656743166936,785.3519188317921,787.7160125067825,227400
2023-11-27 09:00:00+09:00,831.21533203125,833.1066069619241,804.2646642691446,804.2646642691446,174400
2023-11-28 09:00:00+09:00,844.454345703125,851.0738086593644,824.5959568344065,831.6882385732346,229400
2023-11-29 09:00:00+09:00,844.454345703125,849.1825335290104,821.7590441388753,824.5959568344065,136200
2023-11-30 09:00:00+09:00,863.366943359375,873.7689547251506,834.9978214527142,835.943458849603,211600
2023-12-01 09:00:00+09:00,834.5250854492188,869.9864913464943,828.8512605056546,863.3670289123362,200600
2023-12-04 09:00:00+09:00,850.1281127929688,851.0737502932946,821.2861690330293,848.7096565424799,170200
2023-12-05 09:00:00+09:00,820.8134155273438,843.9815361269059,819.3949591641052,833.5795227964902,177800
2023-12-06 09:00:00+09:00,834.0523071289062,838.7804948110429,823.177475459992,823.177475459992,77200
2023-12-07 09:00:00+09:00,822.70458984375,840.6717015759698,819.3948587351832,826.9599584119073,100400
2023-12-08 09:00:00+09:00,795.75390625,828.8512166703803,793.8626313688354,817.0307486631016,153600
2023-12-11 09:00:00+09:00,822.70458984375,839.7260641163793,811.8297590584591,819.8676774649784,125600
2023-12-12 09:00:00+09:00,826.0142822265625,859.5844104681686,822.7045512731647,840.6716621630384,175600
2023-12-13 09:00:00+09:00,853.91064453125,860.5301068919574,819.3948765075617,819.3948765075617,218400
2023-12-14 09:00:00+09:00,851.07373046875,877.5515798611111,851.07373046875,860.5301052517361,279400
2023-12-15 09:00:00+09:00,877.0787353515625,885.5894724061868,854.383436539231,854.383436539231,208800
2023-12-18 09:00:00+09:00,868.5679931640625,874.7146365560782,847.7639693757018,874.7146365560782,165000
2023-12-19 09:00:00+09:00,893.62744140625,895.0458976624504,863.8398600260417,867.1495912905093,216000
2023-12-20 09:00:00+09:00,882.7526245117188,909.7032938192538,882.2798057519374,905.447924981222,211400
2023-12-21 09:00:00+09:00,877.0787353515625,885.5894724061868,861.0028986928277,861.0028986928277,166200
2023-12-22 09:00:00+09:00,884.6438598632812,892.6817784189604,866.6767477976454,877.0787600461714,180400
2023-12-25 09:00:00+09:00,862.894287109375,893.6275082940925,853.9107301476884,889.8449579944349,201800
2023-12-26 09:00:00+09:00,887.0079345703125,901.1924964237824,862.8941794194138,862.8941794194138,245000
2023-12-27 09:00:00+09:00,918.2139892578125,923.8878141141944,905.920702068985,909.2304332352077,311000
2023-12-28 09:00:00+09:00,899.30126953125,921.9965697086948,895.0459007479791,916.3227446643336,224600
2023-12-29 09:00:00+09:00,984.8814086914062,1004.7397952324716,900.7196752554628,937.1267172474159,2374000
2024-01-04 09:00:00+09:00,920.1052856445312,938.5452168573456,881.3341482227165,938.5452168573456,1306000
2024-01-05 09:00:00+09:00,895.0458374023438,924.8334167770652,894.1001999618763,919.6324108544948,431200
2024-01-09 09:00:00+09:00,963.6045532226562,963.6045532226562,921.0508683403996,921.0508683403996,586600
2024-01-10 09:00:00+09:00,962.1861572265625,980.6260884952779,947.5287759616862,963.6046134780022,361200
2024-01-11 09:00:00+09:00,1020.3429565429688,1020.3429565429688,984.4087282309828,991.973828928243,495000
2024-01-12 09:00:00+09:00,1010.8864135742188,1031.6904370528275,996.229033396108,1028.380706044867,283400
2024-01-15 09:00:00+09:00,989.6096801757812,999.0660555238537,983.4630361995343,995.7563241520284,50800
2024-01-16 09:00:00+09:00,954.6210327148438,978.2619696320019,953.6753952381574,978.2619696320019,203600
2024-01-17 09:00:00+09:00,926.7247314453125,969.2784180933115,926.7247314453125,958.8764058015784,235200
2024-01-18 09:00:00+09:00,918.6868286132812,933.3442098212132,912.5401848809228,917.2683723673524,255800
2024-01-19 09:00:00+09:00,982.0445556640625,986.2999244656883,939.4908676478057,948.001605251057,504800
2024-01-22 09:00:00+09:00,998.1203002929688,1050.6031772861093,991.02801961822,1040.2011656298112,503000
2024-01-23 09:00:00+09:00,967.8599243164062,1009.4679718688458,967.8599243164062,1007.1038782579118,211200
2024-01-24 09:00:00+09:00,951.7841186523438,962.6589496155847,941.8549251641673,954.1482123400048,201400
2024-01-25 09:00:00+09:00,945.6375122070312,954.6210685729981,935.235499572754,954.6210685729981,191600
2024-01-26 09:00:00+09:00,885.5895385742188,945.1647024078287,885.5895385742188,945.1647024078287,570000
2024-01-29 09:00:00+09:00,884.6438598632812,895.991509588946,877.0787600461714,886.5351348175586,192200
2024-01-30 09:00:00+09:00,883.2254638671875,898.3556645330065,876.6060010758916,898.3556645330065,222400
2024-01-31 09:00:00+09:00,897.409912109375,899.7740056607696,870.459245623477,877.0787075673818,212200
2024-02-01 09:00:00+09:00,877.5516357421875,898.3556615895238,877.0788169729298,881.3341858962486,137600
2024-02-02 09:00:00+09:00,865.25830078125,891.7361504226435,865.25830078125,879.4428630891393,177800
2024-02-05 09:00:00+09:00,860.5300903320312,870.4592836820162,852.0193531749013,866.676733834403,175800
2024-02-06 09:00:00+09:00,878.969970703125,883.6981577429481,857.2203103199384,858.6387664318854,152800
2024-02-07 09:00:00+09:00,852.0194091796875,905.4479292891796,852.0194091796875,889.3720913801288,260000
2024-02-08 09:00:00+09:00,892.6817626953125,897.4099499977241,852.4921706248138,857.6931766574666,199800
2024-02-09 09:00:00+09:00,886.5350952148438,919.6324054361979,886.5350952148438,887.4807326497396,211600
2024-02-13 09:00:00+09:00,900.2468872070312,933.3441992367016,887.9535998817252,905.4478933831223,340200
2024-02-14 09:00:00+09:00,884.1710205078125,893.6273950586982,869.0408212263955,881.8069268700912,156800
2024-02-15 09:00:00+09:00,893.1546020507812,910.6488954736923,885.5895021922252,897.8827894623788,102200
2024-02-16 09:00:00+09:00,921.5237426757812,925.7791114208208,893.6274364582999,904.0294489461743,209800
2024-02-19 09:00:00+09:00,912.5402221679688,918.6868661514836,890.3177400737229,918.6868661514836,153600
2024-02-20 09:00:00+09:00,883.6981811523438,899.3011987970882,872.8233506726734,898.8283800805808,316600
2024-02-21 09:00:00+09:00,886.5350952148438,895.9914695638021,870.9320775390624,873.296171126302,112400
2024-02-22 09:00:00+09:00,959.8220825195312,965.0230888780115,902.6110125762489,934.2898694869921,492000
2024-02-26 09:00:00+09:00,938.5452270507812,974.4794523685946,938.5452270507812,959.3492522347784,256200
2024-02-27 09:00:00+09:00,932.3985595703125,954.6210404525664,923.4150034689759,937.5995657342443,216200
2024-02-28 09:00:00+09:00,980.3966064453125,989.9011784903471,942.3783182651744,942.3783182651744,288200
2024-02-29 09:00:00+09:00,983.2479858398438,1002.2571300803434,978.4956997797188,984.6736716578813,200000
2024-03-01 09:00:00+09:00,990.37646484375,997.0296656632378,951.4077171867502,978.9709777246281,308400
2024-03-04 09:00:00+09:00,1093.02587890625,1149.5780874235734,1045.5030146059783,1045.5030146059783,1682000
2024-03-05 09:00:00+09:00,1108.233154296875,1116.787269553026,1053.1066337572363,1081.1451226523973,419200
2024-03-06 09:00:00+09:00,1084.9468994140625,1116.3119871763613,1074.0166415575038,1081.1450705943898,298000
2024-03-07 09:00:00+09:00,1084.4716796875,1122.0147395890392,1075.9175647732252,1097.7780806652606,404600
2024-03-08 09:00:00+09:00,1062.1358642578125,1095.8770930552641,1049.7799213179005,1062.1358642578125,231800
2024-03-11 09:00:00+09:00,994.1782836914062,1029.3452019481767,984.1984825644848,990.8516833157657,385600
2024-03-12 09:00:00+09:00,997.0296630859375,1001.781949373287,959.9618300446109,967.0902594756353,163200
2024-03-13 09:00:00+09:00,960.43701171875,1029.8203881219847,960.43701171875,1017.9396729844445,306000
2024-03-14 09:00:00+09:00,963.2884521484375,968.040738542855,926.6958469114223,943.3288492918838,198400
2024-03-15 09:00:00+09:00,930.4976196289062,952.8333643288851,928.121476575717,941.4278776735767,188600
2024-03-18 09:00:00+09:00,1004.1580200195312,1015.5635062857257,933.8241880446659,936.2003310167897,294000
2024-03-19 09:00:00+09:00,989.9011840820312,1004.6332708350524,983.7232122178611,997.9800703659461,164800
2024-03-21 09:00:00+09:00,1002.2571411132812,1020.7910569517913,963.7636236025293,1020.7910569517913,293400
2024-03-22 09:00:00+09:00,1006.0589599609375,1026.0185614339462,989.4259587334302,1006.5341885674377,195000
2024-03-25 09:00:00+09:00,985.6241455078125,999.4057753148167,979.9214021393971,992.2773461042973,167400
2024-03-26 09:00:00+09:00,1012.2369384765625,1014.1378529150161,984.6736791189848,984.6736791189848,150800
2024-03-27 09:00:00+09:00,1012.7122802734375,1022.6920821907262,997.9801917288685,1007.4847649834292,238200
2024-03-28 09:00:00+09:00,997.9801635742188,1035.9984555199032,992.2774197823661,1012.2370230538505,378000
2024-03-29 09:00:00+09:00,980.871826171875,994.6534555124682,916.2407368504723,916.7159654484238,1039400
2024-04-01 09:00:00+09:00,898.6572875976562,977.5452356363717,898.6572875976562,958.5360915306571,974400
2024-04-02 09:00:00+09:00,886.3013305664062,913.3893605086503,874.895844274935,902.934331408135,351200
2024-04-03 09:00:00+09:00,878.6976928710938,894.8554654820279,854.9362625608965,867.292206322199,458800
2024-04-04 09:00:00+09:00,885.3509521484375,895.3307535414151,877.7472939442641,882.0243516841116,198600
2024-04-05 09:00:00+09:00,872.5198364257812,889.6280685125613,853.9859183317695,871.0941504185496,244600
2024-04-08 09:00:00+09:00,867.2922973632812,892.4794161360231,860.6390961780287,883.9253003264126,203800
2024-04-09 09:00:00+09:00,858.2628784179688,869.6683651743538,853.9858208843244,869.6683651743538,178400
2024-04-10 09:00:00+09:00,848.2830810546875,872.5197405133929,848.2830810546875,860.1637964756216,206400
2024-04-11 09:00:00+09:00,838.7785034179688,841.1546464871415,823.5711877752633,834.0262172796233,259200
2024-04-12 09:00:00+09:00,874.4207153320312,878.222544529127,854.9363406969154,854.9363406969154,271600
2024-04-15 09:00:00+09:00,911.9637451171875,918.6169459674431,869.1931682226867,870.6188541191701,348600
2024-04-16 09:00:00+09:00,917.1912841796875,928.1215430066993,894.3803092363585,914.8151409564241,350800
2024-04-17 09:00:00+09:00,937.6260986328125,945.2297568072297,894.8555214017161,919.0921818326708,233800
2024-04-18 09:00:00+09:00,936.2003784179688,939.0517501288864,899.6077747945253,927.1710346667295,227200
2024-04-19 09:00:00+09:00,882.974853515625,932.8738629984779,871.0941369720887,930.4977196897706,443400
2024-04-22 09:00:00+09:00,855.88671875,901.033436285397,839.2537175527485,885.350892299417,370200
2024-04-23 09:00:00+09:00,882.974853515625,908.1619725879223,859.6886490902937,883.4500821773665,328600
2024-04-24 09:00:00+09:00,908.1619262695312,920.5178708446268,889.152780769384,901.9839539819834,254800
2024-04-25 09:00:00+09:00,861.1142578125,884.875688767591,858.262886097889,882.9747742911837,337600
2024-04-26 09:00:00+09:00,887.2518920898438,892.9546359061684,865.391374127266,878.2225477139964,188000
2024-04-30 09:00:00+09:00,924.3196411132812,924.3196411132812,893.4297816416291,893.9050102488853,163000
2024-05-01 09:00:00+09:00,925.2700805664062,935.249881127215,911.9636798186614,915.2902800055977,133400
2024-05-02 09:00:00+09:00,920.0425415039062,934.2993990685329,912.4388841361053,924.3195987732942,119000
2024-05-07 09:00:00+09:00,922.4187622070312,936.675620973755,910.5380465680947,930.9728774670655,144600
2024-05-08 09:00:00+09:00,914.3399047851562,926.2206208036744,911.0133042999711,921.9435630370078,70800
2024-05-09 09:00:00+09:00,911.9637451171875,920.9930891282487,902.459172473965,920.9930891282487,69000
2024-05-10 09:00:00+09:00,909.1123657226562,921.4683100555309,902.934393556219,921.4683100555309,74200
2024-05-13 09:00:00+09:00,945.229736328125,945.229736328125,909.1123607821534,909.1123607821534,241600
2024-05-14 09:00:00+09:00,902.4591674804688,940.9526864725267,894.3802807784319,926.2205989570477,264600
2024-05-15 09:00:00+09:00,900.5582885742188,904.8353464091358,887.7271150694673,897.706916684274,132200
2024-05-16 09:00:00+09:00,930.4976196289062,935.7251343459226,910.0627893714787,911.9637038140302,222000
2024-05-17 09:00:00+09:00,935.7251586914062,949.0315601354689,922.4187572473436,928.5967293463727,140200
2024-05-20 09:00:00+09:00,936.2003784179688,948.0810938801258,927.1710346667295,927.1710346667295,177800
2024-05-21 09:00:00+09:00,923.3692016601562,942.3783463160524,921.4682871945666,939.0517460012707,103200
2024-05-22 09:00:00+09:00,920.0425415039062,927.1709702862196,913.3893413070805,918.6168557474435,106600
2024-05-23 09:00:00+09:00,967.0902709960938,967.0902709960938,931.4481234163851,936.2004097603462,284800
2024-05-24 09:00:00+09:00,974.2186889648438,981.3471183962939,937.6260845500667,940.9526849514101,203000
2024-05-27 09:00:00+09:00,968.9911499023438,984.1984656438225,963.7636351162105,978.9709508576891,110000
2024-05-28 09:00:00+09:00,1006.5341186523438,1006.5341186523438,963.7635470382214,967.0901470526532,232400
2024-05-29 09:00:00+09:00,995.6040649414062,1025.543471190241,995.1288362707899,1020.7911844840767,174200
2024-05-30 09:00:00+09:00,988.0003662109375,997.9801678898358,965.189390944884,968.0407628531408,153600
2024-05-31 09:00:00+09:00,1027.9195556640625,1028.394784307458,981.8223772547171,989.4260355490421,155200
2024-06-03 09:00:00+09:00,1039.324951171875,1043.126779982746,1029.3451505433384,1043.126779982746,189200
2024-06-04 09:00:00+09:00,1022.6920166015625,1047.403905478552,1017.4645016468148,1037.899332833556,170400
2024-06-05 09:00:00+09:00,993.227783203125,1040.2754150390624,985.148896928267,1023.1671852805398,195000
2024-06-06 09:00:00+09:00,988.4754638671875,1032.1964939997747,977.069977745643,1021.7414650550255,121400
2024-06-07 09:00:00+09:00,989.4259643554688,1001.7819081946822,968.5159055506463,979.446163562258,58400
2024-06-10 09:00:00+09:00,1014.613037109375,1019.3653229974751,982.2974930702942,982.2974930702942,104600
2024-06-11 09:00:00+09:00,1009.86083984375,1012.2369829963235,997.0296668198529,1012.2369829963235,60800
2024-06-12 09:00:00+09:00,992.7525634765625,1016.0387653005699,984.6736771294578,1009.8607933880782,75000
2024-06-13 09:00:00+09:00,985.1489868164062,1007.959961909116,985.1489868164062,1004.1581327269978,76200
2024-06-14 09:00:00+09:00,1033.6221923828125,1037.4240211364045,974.6938467021372,974.6938467021372,249600
2024-06-17 09:00:00+09:00,999.40576171875,1021.7415062745185,978.0204743781205,1021.7415062745185,165600
2024-06-18 09:00:00+09:00,1000.3562622070312,1024.117693613374,989.4260037601135,1012.2369779102025,153400
2024-06-19 09:00:00+09:00,992.27734375,1017.4644602340757,983.7232287176724,994.6534868145354,132400
2024-06-20 09:00:00+09:00,997.9801635742188,1004.6333646647136,981.8223894973029,988.9508192371187,61800
2024-06-21 09:00:00+09:00,962.3379516601562,997.9800980179398,957.1104368610147,997.9800980179398,212600
2024-06-24 09:00:00+09:00,963.763671875,978.0205309264054,953.3086419039695,974.2187018460306,172600
2024-06-25 09:00:00+09:00,971.842529296875,975.6443582623396,959.9618137797984,963.7636427452629,102000
2024-06-26 09:00:00+09:00,1006.5341186523438,1011.7616329607364,971.8424327875557,971.8424327875557,206600
2024-06-27 09:00:00+09:00,995.1287841796875,1019.8406737581707,991.326955013767,1002.7324425115285,81000
2024-06-28 09:00:00+09:00,997.9801635742188,1015.5636235990979,992.2774197823661,1014.6131663004558,259600
2024-07-01 09:00:00+09:00,964.714111328125,1062.6112083397475,896.7564177715133,1045.5029777940272,1557200
2024-07-02 09:00:00+09:00,975.644287109375,982.2974873137254,940.4773717435232,949.9819434640237,301200
2024-07-03 09:00:00+09:00,985.6241455078125,1012.2369478937516,978.9709449113278,987.525059963951,235600
2024-07-04 09:00:00+09:00,1011.2864990234375,1017.9396996749074,994.6534973947626,1001.7819266641947,226800
2024-07-05 09:00:00+09:00,987.5250854492188,1018.4149461586505,977.5452842969407,1011.2865167641662,167000
2024-07-08 09:00:00+09:00,1012.7122802734375,1014.1379662616216,988.4756184743078,996.0792770779564,118600
2024-07-09 09:00:00+09:00,1026.4937744140625,1047.879061381022,1015.088288031684,1016.989202428747,212800
2024-07-10 09:00:00+09:00,1016.5140380859375,1037.899326404716,1007.9599227584262,1035.0479546288789,176600
2024-07-11 09:00:00+09:00,986.099365234375,1026.0185684535015,972.3177355515813,1022.2167395754896,311800
2024-07-12 09:00:00+09:00,968.9911499023438,978.4957222407679,957.1104344793135,969.4663785192649,157800
2024-07-16 09:00:00+09:00,955.6846923828125,968.0406356955689,947.1305777816734,960.4369782723342,126400
2024-07-17 09:00:00+09:00,946.18017578125,966.6150062978717,943.3288040812563,955.6847481145624,186000
2024-07-18 09:00:00+09:00,883.9251708984375,917.6664005402596,883.9251708984375,917.6664005402596,416000
2024-07-19 09:00:00+09:00,874.8959350585938,898.1821386533092,866.8170480971619,869.6684199659026,260200
2024-07-22 09:00:00+09:00,850.6591796875,868.242637591655,850.6591796875,867.2921804076466,225400
2024-07-23 09:00:00+09:00,855.4114990234375,868.7179001193576,842.1050979275174,860.1637851291233,207000
2024-07-24 09:00:00+09:00,840.2042236328125,854.4610826311069,838.7785377329831,854.4610826311069,181400
2024-07-25 09:00:00+09:00,805.5125122070312,818.3436849678512,789.8299677215846,813.116170139369,390400
2024-07-26 09:00:00+09:00,812.6409301757812,842.10510425233,812.6409301757812,817.3932163171601,211400
2024-07-29 09:00:00+09:00,844.9564819335938,850.6592253437193,820.7198224405604,830.6996234082801,159800
2024-07-30 09:00:00+09:00,835.451904296875,844.0060193579352,816.4427597167413,838.7785045983984,178800
2024-07-31 09:00:00+09:00,841.1546630859375,841.1546630859375,815.4923174324682,822.1455181574418,131800
2024-08-01 09:00:00+09:00,824.5216674804688,854.9362995950221,807.8886655428224,836.4023831502161,143600
2024-08-02 09:00:00+09:00,763.2171630859375,793.1565661210645,763.2171630859375,788.8795085446178,232200
2024-08-05 09:00:00+09:00,624.4503784179688,718.5456409193065,608.2926060692541,712.3676691389156,377200
2024-08-06 09:00:00+09:00,712.36767578125,715.2190473987866,657.7163864451301,665.3200440918946,297200
2024-08-07 09:00:00+09:00,732.3272705078125,753.2373288480745,686.7053250381499,690.0319252286462,213000
2024-08-08 09:00:00+09:00,707.1402587890625,734.7035215644427,704.2888867778163,720.9218901767525,190800
2024-08-09 09:00:00+09:00,739.4556884765625,777.9492043934015,723.7731449548872,758.9400607307649,165800
2024-08-13 09:00:00+09:00,753.2373657226562,753.7125943445633,736.6043639559099,740.8814215530732,133000
2024-08-14 09:00:00+09:00,736.6043090820312,755.6134525422127,733.2777089764995,754.1877667826991,129200
2024-08-15 09:00:00+09:00,733.2777709960938,748.0098584237534,729.4759419825041,748.0098584237534,140400
2024-08-16 09:00:00+09:00,782.2263793945312,785.0777513728832,741.3567143714877,748.9603729804261,182400
2024-08-19 09:00:00+09:00,757.0391845703125,783.1767584255335,751.3364411837188,779.3749295011378,116000
2024-08-20 09:00:00+09:00,763.6923828125,771.29604063764,757.0391822155025,765.1180686547137,83000
2024-08-21 09:00:00+09:00,745.158447265625,746.10890446877,733.2777322263134,745.6336758671974,152200
2024-08-22 09:00:00+09:00,739.4556884765625,756.5639177729354,736.604316927167,745.1584315753535,96200
2024-08-23 09:00:00+09:00,735.6539306640625,738.0300738509619,727.0998151912246,736.6043879388224,130600
2024-08-26 09:00:00+09:00,713.3181762695312,732.8025501716304,713.3181762695312,729.0007211175622,116000
2024-08-27 09:00:00+09:00,717.1199951171875,719.9713668671565,703.3383649923376,709.0411084922755,101600
2024-08-28 09:00:00+09:00,721.3970336914062,721.3970336914062,705.2392608682785,709.9915469927279,229800
2024-08-29 09:00:00+09:00,721.8786010742188,726.2127621213622,706.4682506843756,715.1365727786623,81400
2024-08-30 09:00:00+09:00,743.06787109375,743.5494445682112,717.5444769473023,717.5444769473023,83000
2024-09-02 09:00:00+09:00,775.8148803710938,775.8148803710938,760.4045289298306,768.5912781330017,139600
2024-09-03 09:00:00+09:00,776.2964477539062,789.7805051590609,765.7018312212847,782.5569029777281,149400
2024-09-04 09:00:00+09:00,720.4338989257812,739.2152639378838,718.0260316165374,739.2152639378838,212400
2024-09-05 09:00:00+09:00,711.2839965820312,727.1759206762811,704.0603947210086,716.5813046134479,137000
2024-09-06 09:00:00+09:00,702.1341552734375,722.3602420508616,695.3921263476294,718.5076540932571,171800
2024-09-09 09:00:00+09:00,690.0948486328125,694.9105837942418,659.7557171158082,662.6451582126658,213200
2024-09-10 09:00:00+09:00,691.53955078125,703.0973148611595,684.7975217346361,699.244726834523,91000
2024-09-11 09:00:00+09:00,695.8737182617188,709.3577764702503,686.2422481127676,692.0211302021384,95000
2024-09-12 09:00:00+09:00,743.5494384765625,747.4020262406898,713.6918833045762,717.5444710687035,203000
2024-09-13 09:00:00+09:00,742.104736328125,759.4413816933505,733.9179871278797,755.5887938344115,172200
2024-09-17 09:00:00+09:00,732.4732666015625,743.067883212499,721.3970765083108,742.5863097301838,98000
2024-09-18 09:00:00+09:00,727.657470703125,751.2545693559729,718.026001865228,746.9204083789192,71400
2024-09-19 09:00:00+09:00,742.5863037109375,748.8467589302904,735.8442750131728,736.3258484915847,86000
2024-09-20 09:00:00+09:00,767.6280517578125,776.2963735467966,761.3675971324351,765.7017580269272,135200
2024-09-24 09:00:00+09:00,753.180908203125,773.4069939732857,751.7361877909707,772.4438470318495,127400
2024-09-25 09:00:00+09:00,730.5469970703125,748.3652165110519,729.1022765751175,748.3652165110519,246800
2024-09-26 09:00:00+09:00,761.8491821289062,761.8491821289062,737.7705101273605,745.4756851678552,159400
2024-09-27 09:00:00+09:00,796.5225219726562,799.8935362736288,775.3332892236859,775.3332892236859,179800
2024-09-30 09:00:00+09:00,744.5126342773438,769.072882885458,744.0310607752239,757.9966923367006,218800
2024-10-01 09:00:00+09:00,764.7386474609375,769.5543820167369,750.7730172491194,763.2939270941977,128600
2024-10-02 09:00:00+09:00,722.8417358398438,747.4019813613841,722.8417358398438,742.1046735037969,376800
2024-10-03 09:00:00+09:00,744.994140625,751.2545955882352,728.1390695701358,734.399524533371,192400
2024-10-04 09:00:00+09:00,744.994140625,750.2914486708145,741.6231264140272,747.402007918552,105600
2024-10-07 09:00:00+09:00,757.5150146484375,774.3700849044421,753.1808537254649,762.8123224431819,147200
2024-10-08 09:00:00+09:00,742.104736328125,755.1072203520441,738.7337219515533,744.9941772223292,133800
2024-10-09 09:00:00+09:00,746.4389038085938,754.1440795898438,739.2153015136719,742.1047424316407,89400
2024-10-10 09:00:00+09:00,726.2127685546875,744.994133258688,724.7680481928413,744.994133258688,153400
2024-10-11 09:00:00+09:00,716.5813598632812,736.325873139084,716.5813598632812,723.8049622812579,178800
2024-10-15 09:00:00+09:00,813.3775634765625,835.5299423515902,789.7804642401198,808.080255484708,1495000
2024-10-16 09:00:00+09:00,757.5150146484375,803.264491057593,751.2545599819215,794.5961692116477,770400
2024-10-17 09:00:00+09:00,786.8910522460938,816.7486074720777,765.7018195050729,765.7018195050729,758800
2024-10-18 09:00:00+09:00,770.0359497070312,793.6330488537758,768.5912293511082,781.1121391024419,284400
2024-10-21 09:00:00+09:00,762.330810546875,782.0753230120815,761.8492370721139,770.0359861430532,140400
2024-10-22 09:00:00+09:00,745.9573364257812,762.812408585176,743.0678954841708,760.8861146241023,192000
2024-10-23 09:00:00+09:00,729.1022338867188,742.1047175821886,720.4339114230721,741.623144111986,241200
2024-10-24 09:00:00+09:00,713.2102661132812,725.7311755791458,708.3945317033334,717.5444270822344,228800
2024-10-25 09:00:00+09:00,698.7630615234375,715.1365584853927,695.8736208830925,705.0235162441851,138200
2024-10-28 09:00:00+09:00,724.7680053710938,731.0284599025384,698.7630403943235,698.7630403943235,126600
2024-10-29 09:00:00+09:00,748.3651733398438,749.3283202810791,719.4707651027842,722.8417793971078,149600
2024-10-30 09:00:00+09:00,786.4094848632812,797.4856747909331,745.9573129535962,747.4020333789421,337800
2024-10-31 09:00:00+09:00,793.633056640625,796.5224973808215,783.5200140499375,786.8910282468332,121800
2024-11-01 09:00:00+09:00,761.8491821289062,785.4462806904211,761.8491821289062,777.7411056499265,151800
2024-11-05 09:00:00+09:00,796.0409545898438,810.4881588473727,775.8148686293033,781.1121768570639,204200
2024-11-06 09:00:00+09:00,829.7511596679688,833.6037477569669,797.9673079337343,802.3014695338571,295600
2024-11-07 09:00:00+09:00,819.6380615234375,844.1983089603913,814.822326731878,834.5668393772721,222600
2024-11-08 09:00:00+09:00,806.1539916992188,833.6036795886187,805.672418227475,828.3063713994362,132200
2024-11-11 09:00:00+09:00,804.7092895507812,832.640551545961,803.2645691027548,825.4169493058283,147000
2024-11-12 09:00:00+09:00,787.8541870117188,805.6724051776316,781.593731980452,793.1514951150982,139200
2024-11-13 09:00:00+09:00,779.1859130859375,794.1146913959894,774.370178147211,787.8542359756451,150400
2024-11-14 09:00:00+09:00,757.0335083007812,784.9647700574259,753.6624939508414,779.1858883146718,127400
2024-11-15 09:00:00+09:00,755.107177734375,764.7386468381297,746.4388555409956,758.4781919206891,130000
2024-11-18 09:00:00+09:00,742.104736328125,753.1809264225747,741.1415893633903,748.8467650812682,60200
2024-11-19 09:00:00+09:00,747.4020385742188,767.6281246696551,744.0310242249793,746.4388916172933,88800
2024-11-20 09:00:00+09:00,765.7017822265625,773.8885308415635,750.291431892443,750.291431892443,94800
2024-11-21 09:00:00+09:00,770.9991455078125,778.7043212280655,759.4413819274331,766.1834106826544,90800
2024-11-22 09:00:00+09:00,773.4069213867188,784.9646835992227,770.9990542591138,772.9253479611978,105400
2024-11-25 09:00:00+09:00,792.1883544921875,810.4881462676909,782.0753116688829,786.4094728788706,149800
2024-11-26 09:00:00+09:00,780.630615234375,795.5593931938232,770.5175721005552,784.9647765774406,109400
2024-11-27 09:00:00+09:00,759.9229125976562,778.2227039022893,755.1071780438054,776.296410080749,112400
2024-11-28 09:00:00+09:00,759.4413452148438,768.5912409403238,741.6231272231195,751.7361698670711,99600
2024-11-29 09:00:00+09:00,758.9597778320312,769.0728205569504,757.0334839796657,759.4413512951227,49400
2024-12-02 09:00:00+09:00,766.183349609375,773.4069512713113,761.3676151680842,766.6649230535041,49800
2024-12-03 09:00:00+09:00,763.7755126953125,783.5200246880664,763.7755126953125,766.183380011502,72200
2024-12-04 09:00:00+09:00,755.107177734375,767.6280875692562,755.107177734375,763.7754999277543,43000
2024-12-05 09:00:00+09:00,751.7362060546875,760.8861022206319,751.7362060546875,755.1072204316143,42400
2024-12-06 09:00:00+09:00,740.178466796875,758.4782597300443,737.7705993056685,754.1440982458727,91800
2024-12-09 09:00:00+09:00,733.4364013671875,746.4388851734344,726.6943727269113,739.2152830588528,98000
2024-12-10 09:00:00+09:00,730.0654296875,744.9942082629041,729.5838561850677,738.2521792288507,103800
2024-12-11 09:00:00+09:00,713.2102661132812,726.2127490201406,710.8023989083073,722.841734933177,175400
2024-12-12 09:00:00+09:00,723.804931640625,738.7337093391343,719.9523438474613,726.2127990113523,158000
2024-12-13 09:00:00+09:00,704.0604248046875,735.3627008732954,702.6157043707517,722.3602169678736,257000
2024-12-16 09:00:00+09:00,703.578857421875,723.3233701900454,703.0972839397244,712.7287535827344,141400
2024-12-17 09:00:00+09:00,679.0185546875,714.1734160294769,679.0185546875,703.097226839539,334400
2024-12-18 09:00:00+09:00,690.5763549804688,699.7262508972253,675.1660039627734,675.6475774320764,180600
2024-12-19 09:00:00+09:00,683.352783203125,692.5026795250837,678.537048296831,690.5763855625661,127600
2024-12-20 09:00:00+09:00,663.1266479492188,679.0185719741456,662.645074493918,678.5369985188448,234200
2024-12-23 09:00:00+09:00,673.7212524414062,687.2053089591756,666.9792241825215,677.5738400179117,212600
2024-12-24 09:00:00+09:00,675.6475830078125,695.3920954121747,674.6844360612582,681.426464687138,275000
2024-12-25 09:00:00+09:00,688.6500854492188,696.3552612304687,674.202880859375,679.0186157226562,224800
2024-12-26 09:00:00+09:00,703.578857421875,705.5051513504769,682.3896242072532,685.2790651001561,268600
2024-12-27 09:00:00+09:00,730.5469970703125,757.0335394822224,717.0629391151584,750.7730840030437,576600
2024-12-30 09:00:00+09:00,784.9647827148438,841.3088806152344,775.8148864746095,781.1121948242188,2648800
2025-01-06 09:00:00+09:00,786.4094848632812,796.0409543655871,766.1833989084387,784.9647644379353,430800
2025-01-07 09:00:00+09:00,854.311279296875,857.2007199258385,787.8541448307144,790.2620120215173,877200
2025-01-08 09:00:00+09:00,864.42431640625,865.8690367122214,830.7141759335829,845.6429524286211,365600
2025-01-09 09:00:00+09:00,851.9035034179688,860.5718262339798,843.2351806019577,850.4587829486336,241800
2025-01-10 09:00:00+09:00,839.382568359375,867.7954034329281,838.4194214077291,841.7904357384897,232200
2025-01-14 09:00:00+09:00,780.1490478515625,833.1221313476562,776.2964599609376,820.1196472167969,316200
2025-01-15 09:00:00+09:00,778.2227783203125,790.7436893576443,767.1465877872882,771.9623228016466,232400
2025-01-16 09:00:00+09:00,784.9647827148438,812.414471435547,771.4807250976563,795.5593994140626,253400
2025-01-17 09:00:00+09:00,806.1539916992188,813.8591672471205,783.0384650555136,800.8566835100363,427400
2025-01-20 09:00:00+09:00,805.1908569335938,821.0827817414936,797.9672547481847,808.5618712867846,148200
2025-01-21 09:00:00+09:00,812.4144287109375,821.0827510089795,805.6724002569048,811.4512817889328,112800
2025-01-22 09:00:00+09:00,843.2351684570312,849.9771972168248,818.6749208320692,818.6749208320692,229600
2025-01-23 09:00:00+09:00,831.1958618164062,842.7536258277584,817.2302303026892,842.7536258277584,296400
2025-01-24 09:00:00+09:00,839.382568359375,859.6086543439383,821.0827762781034,821.0827762781034,253200
2025-01-27 09:00:00+09:00,780.1490478515625,839.3825866699219,779.1859008789063,834.0852783203126,460000
2025-01-28 09:00:00+09:00,726.6943969726562,749.328351020181,725.7312499919105,741.6231751742151,656400
2025-01-29 09:00:00+09:00,749.8098754882812,755.1071835360469,735.3626717216478,744.5125674405157,230200
2025-01-30 09:00:00+09:00,739.6968383789062,745.4757199287415,732.9548099040985,738.2521179914474,126400
2025-01-31 09:00:00+09:00,748.3651733398438,758.9597896934323,740.6599978099612,743.5494386336671,130400
2025-02-03 09:00:00+09:00,712.7286987304688,733.4363568692594,710.8024049501162,733.4363568692594,228600
2025-02-04 09:00:00+09:00,731.5101318359375,738.2521607007849,717.5445006158966,717.5445006158966,155000
2025-02-05 09:00:00+09:00,721.8786010742188,741.6231125112054,720.433880725171,734.3995107659664,109400
2025-02-06 09:00:00+09:00,720.4338989257812,729.5837947009081,720.4338989257812,727.1759273916642,91000
2025-02-07 09:00:00+09:00,716.0997314453125,722.3601863940611,710.8024234117561,717.5444518181007,100200
2025-02-10 09:00:00+09:00,722.3602294921875,727.1759643554688,707.9130249023438,713.2103332519531,102600
2025-02-12 09:00:00+09:00,734.3995971679688,734.3995971679688,720.9155389904585,729.5838621045722,95400
2025-02-13 09:00:00+09:00,732.4732666015625,737.7705749070308,726.694384813779,734.3995605308237,85000
2025-02-14 09:00:00+09:00,731.99169921875,735.844287109375,722.8418029785156,732.9548461914063,102400
2025-02-17 09:00:00+09:00,719.9523315429688,737.7705497818248,719.9523315429688,735.8442559181647,146400
2025-02-18 09:00:00+09:00,715.1365966796875,722.360198666351,710.3208620219118,716.0997436112426,120400
2025-02-19 09:00:00+09:00,728.1390991210938,731.9916869471314,715.6181886864719,715.6181886864719,117200
2025-02-20 09:00:00+09:00,715.1365966796875,731.0285210503472,711.7655824192445,725.2496394610164,157200
2025-02-21 09:00:00+09:00,713.2102661132812,715.1365598772604,703.5787972933855,712.7286926722865,110600
2025-02-25 09:00:00+09:00,698.7630615234375,708.8761037646451,698.28148808338,698.28148808338,127200
2025-02-26 09:00:00+09:00,717.54443359375,717.54443359375,693.4657613255034,694.4289082162333,254600
2025-02-27 09:00:00+09:00,732.1385498046875,751.5973816931842,723.8685462520764,724.8414878465012,237200
2025-02-28 09:00:00+09:00,692.7344970703125,712.679802112365,680.086254848523,712.679802112365,464600
2025-03-03 09:00:00+09:00,713.1661987304688,713.6526695345141,686.4103045079751,703.9232534536072,200400
2025-03-04 09:00:00+09:00,689.815673828125,707.8150955006502,683.4915526999405,702.9503869405082,242200
2025-03-05 09:00:00+09:00,716.571533203125,759.3809662797543,710.73388323813,754.5162579755919,2086600
2025-03-06 09:00:00+09:00,703.9232788085938,722.4091700281698,694.193862377238,713.1662244183818,497600
2025-03-07 09:00:00+09:00,689.815673828125,703.4368577965224,687.383319548054,689.3292029721108,160400
2025-03-10 09:00:00+09:00,694.1939086914062,696.6262629615233,670.3568368442592,689.8156710051956,328600
2025-03-11 09:00:00+09:00,674.7350463867188,684.9509338950973,650.411504700103,671.8162213843249,426400
2025-03-12 09:00:00+09:00,672.3026733398438,679.1132648208552,665.9785526789045,673.7620858000605,198400
2025-03-13 09:00:00+09:00,661.600341796875,687.8697671329274,661.600341796875,681.059175379136,218800
2025-03-14 09:00:00+09:00,674.24853515625,677.6538307883523,656.7355861911526,656.7355861911526,172200
2025-03-17 09:00:00+09:00,666.9514770507812,681.0591304676103,666.9514770507812,677.1673640077954,185800
2025-03-18 09:00:00+09:00,668.8973999023438,676.1944624467329,667.4379873934658,675.7079916104403,149000
2025-03-19 09:00:00+09:00,659.6544189453125,676.68089731042,658.1950065140176,668.4108935330821,199800
2025-03-21 09:00:00+09:00,666.9514770507812,666.9514770507812,649.924998789091,655.7626484788134,186800
2025-03-24 09:00:00+09:00,649.4385375976562,675.7079615903705,648.9520667829764,673.7620783316509,389200
2025-03-25 09:00:00+09:00,669.8703002929688,669.8703002929688,653.3302928783276,656.7355885225184,185600
2025-03-26 09:00:00+09:00,675.7079467773438,676.6808883853745,662.0867642649135,672.7891219532515,234000
2025-03-27 09:00:00+09:00,678.6267700195312,682.5185364425823,665.9785291446152,669.8702955676663,171400
2025-03-28 09:00:00+09:00,670.3568115234375,681.0591699077014,660.6273948104704,678.6268157294596,160400
2025-03-31 09:00:00+09:00,628.0338134765625,646.5197041908223,627.5473426682925,645.0602917660123,508600
2025-04-01 09:00:00+09:00,620.7367553710938,629.493229976642,616.8449888797389,627.5473467309647,313000
2025-04-02 09:00:00+09:00,626.0879516601562,627.5473641348885,616.8450059868517,620.7367725861378,186000
2025-04-03 09:00:00+09:00,594.953857421875,603.2238619812961,564.3061934663737,567.7114894614294,422400
2025-04-04 09:00:00+09:00,559.4414672851562,584.2514801821502,525.8749792480469,582.7920676587976,858600
2025-04-07 09:00:00+09:00,437.3372497558594,472.8496182009959,434.90489575276786,435.39136655338615,1269400
2025-04-08 09:00:00+09:00,510.30792236328125,510.30792236328125,500.57850534968196,504.4702721551217,454200
2025-04-09 09:00:00+09:00,482.57904052734375,515.1725845952188,467.49844551086426,498.6325771577897,695400
2025-04-10 09:00:00+09:00,535.6043701171875,554.5767320014476,525.8749537662849,554.5767320014476,479800
2025-04-11 09:00:00+09:00,527.8208618164062,533.6585119010117,503.01084895683323,506.41614483951975,239600
2025-04-14 09:00:00+09:00,538.0366821289062,554.0902178524632,534.1449158928925,535.6043282313976,248800
2025-04-15 09:00:00+09:00,530.253173828125,538.0367066549599,529.2802322247707,536.5772942499283,164000
2025-04-16 09:00:00+09:00,512.2537841796875,526.8479090850917,509.82143002878684,526.8479090850917,224200
2025-04-17 09:00:00+09:00,521.9832153320312,524.4155695507267,505.44320664490255,512.2537984572497,132800
2025-04-18 09:00:00+09:00,511.7673034667969,526.8478989111607,509.33494936286723,519.0643657785857,221400
2025-04-21 09:00:00+09:00,509.8214416503906,521.4967418408576,506.9026166027739,509.33497080912116,202200
2025-04-22 09:00:00+09:00,507.38909912109375,517.1185161703957,501.06497803904756,515.1726327605353,138400
2025-04-23 09:00:00+09:00,530.253173828125,540.4690606633458,516.631991381164,536.0908234482512,226800
2025-04-24 09:00:00+09:00,546.793212890625,552.6308628503114,541.4420337609125,544.8473295707295,254000
2025-04-25 09:00:00+09:00,583.7649536132812,588.1431907653808,559.4414138793945,561.3872970581054,364600
2025-04-28 09:00:00+09:00,575.9814453125,590.5755697714316,575.4949744972023,586.6838032490498,391600
2025-04-30 09:00:00+09:00,568.6843872070312,582.7920409529713,565.2790914752527,577.9273327647161,241400
2025-05-01 09:00:00+09:00,582.3055419921875,592.0349578984897,574.0355384718306,581.8190711968724,212000
2025-05-02 09:00:00+09:00,569.6573486328125,594.4673612547368,569.1708777970885,584.7379445402566,227200
2025-05-07 09:00:00+09:00,566.2520141601562,575.494959408475,562.3602477398115,572.5761345932164,168200
2025-05-08 09:00:00+09:00,578.413818359375,581.8191141781434,565.279105915554,566.738518409312,135800
2025-05-09 09:00:00+09:00,590.089111328125,594.9538195830972,576.467928214203,579.3867531671863,184800
2025-05-12 09:00:00+09:00,609.0614624023438,612.4667581186508,598.3591044368073,604.683225052806,165200
2025-05-13 09:00:00+09:00,618.7908935546875,632.8985475744091,613.4397144437586,629.006780948279,235000
2025-05-14 09:00:00+09:00,631.9255981445312,634.357952255942,611.0073527863982,617.8179442983485,182800
2025-05-15 09:00:00+09:00,616.8450317382812,642.6279865349129,610.0344399052087,618.7909151191591,341200
2025-05-16 09:00:00+09:00,611.4938354492188,621.2232520832557,605.6561854687966,620.250310419852,154600
2025-05-19 09:00:00+09:00,601.764404296875,608.0885249564218,599.8185210170144,603.2238167567704,168400
2025-05-20 09:00:00+09:00,593.9808959960938,610.5209045660096,591.0620709543439,606.6291378436764,208200
2025-05-21 09:00:00+09:00,588.6296997070312,593.980878795277,581.8191081401731,586.6838164022146,178200
2025-05-22 09:00:00+09:00,578.9002685546875,587.6567432050946,573.549089601661,574.0355604155725,98200
2025-05-23 09:00:00+09:00,589.1161499023438,593.9808579940229,584.2514418106646,588.6296790931758,160200
2025-05-26 09:00:00+09:00,658.6815185546875,658.6815185546875,625.1150305338061,632.8985639879236,1034600
2025-05-27 09:00:00+09:00,651.3844604492188,669.8703525306753,646.5197520067302,666.4650566209333,571400
2025-05-28 09:00:00+09:00,647.49267578125,674.7350423054799,645.0603216273009,669.3838631667919,398400
2025-05-29 09:00:00+09:00,657.2221069335938,662.57328619064,650.8979859934482,655.7626944089448,279600
2025-05-30 09:00:00+09:00,680.086181640625,682.5185356522152,652.8438167108145,655.7626415247228,384600
2025-06-02 09:00:00+09:00,654.3032836914062,683.0050634221074,654.3032836914062,682.0321217363208,330200
2025-06-03 09:00:00+09:00,651.8709106445312,658.6815022482801,647.9791440138176,656.7356189329233,175400
2025-06-04 09:00:00+09:00,647.9791259765625,657.7085422825169,647.9791259765625,654.3032465754328,135000
2025-06-05 09:00:00+09:00,650.89794921875,671.3297234094731,648.9520659624907,651.3844200328148,327400
2025-06-06 09:00:00+09:00,643.6009521484375,654.7897820043815,642.1415395585317,647.9791899181547,110600
2025-06-09 09:00:00+09:00,639.7091064453125,649.9249933163023,639.7091064453125,647.0061684960194,99600
2025-06-10 09:00:00+09:00,648.4656372070312,662.0868208842982,645.0603412877144,645.0603412877144,204200
2025-06-11 09:00:00+09:00,666.9514770507812,673.2755975479805,653.8167652489059,653.8167652489059,186600
2025-06-12 09:00:00+09:00,657.7085571289062,667.9244444807606,657.2220863026274,666.951502828203,118600
2025-06-13 09:00:00+09:00,642.1415405273438,657.2221373124556,636.3038901589133,657.2221373124556,239800
2025-06-16 09:00:00+09:00,646.0332641601562,651.870914137507,644.0873808343727,647.006205823048,108200
2025-06-17 09:00:00+09:00,664.5191650390625,668.8974025832438,651.3844524065188,652.3573940830036,180000
2025-06-18 09:00:00+09:00,698.0856323242188,698.0856323242188,663.5462038259473,664.0326746498666,369400
2025-06-19 09:00:00+09:00,685.4373779296875,702.9503272593317,685.4373779296875,699.5450315563454,386800
2025-06-20 09:00:00+09:00,691.7615356445312,701.977423301729,683.9780021914282,685.437414713885,254600
2025-06-23 09:00:00+09:00,717.54443359375,756.4620977886652,715.5985503840043,755.002685381356,1274400
2025-06-24 09:00:00+09:00,735.5438842773438,747.7056548507124,720.4632887663664,723.3821137039749,711000
2025-06-25 09:00:00+09:00,729.7062377929688,741.8680084228515,722.8956462402343,738.4627126464843,320600
2025-06-26 09:00:00+09:00,735.057373046875,745.2732597669176,729.2197234925649,729.7061942887574,387000
2025-06-27 09:00:00+09:00,757.9215698242188,765.21863243485,744.7868571250827,746.246269647209,708400
2025-06-30 09:00:00+09:00,764.2456665039062,781.2721453884617,757.921545775357,771.0562580577284,523200
2025-07-01 09:00:00+09:00,748.6785888671875,762.7862425885315,743.3274098694363,754.5162386829161,345400
2025-07-02 09:00:00+09:00,726.3009033203125,733.597965309465,713.6526625391149,724.3550201232051,343600
2025-07-03 09:00:00+09:00,727.2738647460938,741.8679891222696,722.8956274332411,736.0303393717993,185200
2025-07-04 09:00:00+09:00,723.8685913085938,744.3003660632718,723.8685913085938,739.4356577883484,161200
2025-07-07 09:00:00+09:00,721.9226684570312,735.0573800799017,721.4361976561842,729.7062012705841,169200
2025-07-08 09:00:00+09:00,750.62451171875,753.5433367805209,722.409202788298,722.409202788298,271800
2025-07-09 09:00:00+09:00,767.1644897460938,767.1644897460938,745.2733026575876,752.0838941962339,329600
2025-07-10 09:00:00+09:00,759.867431640625,773.4886147942342,754.5162525445643,771.0562606596611,252200
2025-07-11 09:00:00+09:00,778.353271484375,784.1909210205077,765.2185600280761,765.2185600280761,537800
2025-07-14 09:00:00+09:00,760.3538818359375,766.1915316005128,707.8150339547594,719.9768042976248,869200
2025-07-15 09:00:00+09:00,752.5703735351562,760.3539068102451,735.0574236662063,758.894494321166,413000
2025-07-16 09:00:00+09:00,747.7056884765625,755.9756928383722,734.5709756666294,749.1651010109995,345800
2025-07-17 09:00:00+09:00,754.02978515625,754.02978515625,729.7062436995967,735.0574228200604,359600
2025-07-18 09:00:00+09:00,750.62451171875,774.9480539001742,750.62451171875,755.0027493114063,465200
2025-07-22 09:00:00+09:00,737.0032958984375,760.8403661948226,737.0032958984375,754.5162455039449,260600
2025-07-23 09:00:00+09:00,763.7591552734375,774.9479836627936,739.4356152965764,741.8679692942625,395000
2025-07-24 09:00:00+09:00,763.7591552734375,781.2721040567775,763.7591552734375,771.0562172664958,265600
2025-07-25 09:00:00+09:00,749.6515502929688,766.1915585408343,747.7056669696905,766.1915585408343,195800
2025-07-28 09:00:00+09:00,740.4086303710938,751.5974598707883,739.4356886754681,751.5974598707883,154000
2025-07-29 09:00:00+09:00,734.08447265625,745.27330159667,733.5980018327534,743.3274183026839,132200
2025-07-30 09:00:00+09:00,765.705078125,775.9209654443298,735.5438869917408,736.5168286412008,426600
2025-07-31 09:00:00+09:00,783.2180786132812,789.0557288886597,762.2998317931749,773.4886614876503,442400
2025-08-01 09:00:00+09:00,756.9486083984375,776.8939123472395,740.4086002457724,769.1103790989265,560200
2025-08-04 09:00:00+09:00,727.2738647460938,735.5438685592601,720.9497441830842,726.3009231210154,369000
2025-08-05 09:00:00+09:00,730.6791381835938,737.0032585540243,729.7061965881429,735.543846160848,194000
2025-08-06 09:00:00+09:00,725.814453125,729.7062196296916,718.0309201156166,729.7062196296916,295000
2025-08-07 09:00:00+09:00,717.54443359375,724.3550248278602,717.0579627913136,722.4091416181144,188000
2025-08-08 09:00:00+09:00,716.0850219726562,727.7603212439495,712.6797263518623,717.5444343815678,245800
2025-08-12 09:00:00+09:00,723.8685913085938,729.7062412385018,716.5715288962087,719.976824688655,235800
2025-08-13 09:00:00+09:00,738.94921875,751.1109899605003,726.3009766910797,728.2468600847596,238000
2025-08-14 09:00:00+09:00,734.5709228515625,745.2732806679429,730.6791563728788,737.0032769007398,143200
2025-08-15 09:00:00+09:00,756.9486083984375,765.21861247477,734.5709503095377,734.5709503095377,431200
2025-08-18 09:00:00+09:00,762.2998046875,774.4615756620932,760.3539213315652,763.7592172044513,236400
2025-08-19 09:00:00+09:00,757.9215698242188,760.3539240277624,742.354502921539,742.8409737622478,357400
2025-08-20 09:00:00+09:00,735.057373046875,750.1379677288426,734.5709022506825,750.1379677288426,255200
2025-08-21 09:00:00+09:00,725.3280029296875,735.0574194679798,724.3550612758582,726.3009445835168,186000
2025-08-22 09:00:00+09:00,731.1656494140625,733.5980035371964,724.8415286939143,726.7874119924214,356800
2025-08-25 09:00:00+09:00,737.0032958984375,756.4621287934458,737.0032958984375,746.7327123459416,1108200
2025-08-26 09:00:00+09:00,731.1656494140625,748.6785991006269,724.8415286939143,747.2191866267465,390600
2025-08-27 09:00:00+09:00,727.2738647460938,734.0844561216425,726.7873939335545,730.1926896213289,437200
2025-08-28 09:00:00+09:00,753.4953002929688,759.926973900197,737.1687442130817,737.6634883367146,350800
2025-08-29 09:00:00+09:00,801.4854736328125,801.4854736328125,755.9690146363812,755.9690146363812,891600
2025-09-01 09:00:00+09:00,795.5485229492188,799.5064757997123,784.1694085040496,792.5800583113485,349800
2025-09-02 09:00:00+09:00,771.8008422851562,805.9381872323843,768.8323775071364,799.0117694170046,295600
2025-09-03 09:00:00+09:00,752.0110473632812,769.8218353271484,745.0846298217773,766.8533706665039,304400
2025-09-04 09:00:00+09:00,758.9375,758.9375,742.1161994784876,751.0215938722295,210800
2025-09-05 09:00:00+09:00,816.3278198242188,821.2752611564867,763.884941702178,766.358662368312,787000
2025-09-08 09:00:00+09:00,853.9283447265625,855.4125770754499,806.432909562165,821.2752330510392,617400
2025-09-09 09:00:00+09:00,847.991455078125,866.7917323785736,844.5282461017266,853.9283847519508,353800
2025-09-10 09:00:00+09:00,859.3705444335938,860.3600326827976,839.0860353249136,852.9388708137683,209400
2025-09-11 09:00:00+09:00,880.1497802734375,894.0026154885338,859.8652715656181,859.8652715656181,482600
2025-09-12 09:00:00+09:00,872.23388671875,887.0762103725007,869.2654219879998,878.665560302042,243200
2025-09-16 09:00:00+09:00,884.1077270507812,902.4132591721461,874.2128448230166,878.1707977141224,280800
2025-09-17 09:00:00+09:00,861.3494873046875,889.0551572007602,860.8547431994006,879.16027509502,272800
2025-09-18 09:00:00+09:00,882.62353515625,896.9711150438796,860.8547932577775,862.8337697940023,350200
2025-09-19 09:00:00+09:00,909.8344116210938,944.961243173621,883.1182298769181,938.0348256843903,636400
2025-09-22 09:00:00+09:00,930.6137084960938,934.5716615359496,909.3397109068688,915.2766404666526,327600
2025-09-24 09:00:00+09:00,937.0453491210938,937.0453491210938,909.3396788197308,920.2240492952662,350400
2025-09-25 09:00:00+09:00,941.9927978515625,947.9297272497867,911.8134067439231,920.2240567247406,377000
2025-09-26 09:00:00+09:00,897.9605712890625,933.0874035543646,897.9605712890625,933.0874035543646,343200
2025-09-29 09:00:00+09:00,892.5183715820312,910.3291594849986,890.5393951483682,907.8554389429198,180200
2025-09-30 09:00:00+09:00,890.044677734375,906.865977925019,885.0972365018325,887.0762129948496,178800
2025-10-01 09:00:00+09:00,852.9388427734375,883.6129774903477,848.9808899067394,883.6129774903477,220600
2025-10-02 09:00:00+09:00,910.3291625976562,921.2135330200196,869.2654014587403,872.7286102294921,359800
2025-10-03 09:00:00+09:00,920.2240600585938,920.2240600585938,904.3922482726394,916.2661071121051,205000
2025-10-06 09:00:00+09:00,960.29833984375,964.2562928158005,945.4560161985607,949.9087132921175,440400
2025-10-07 09:00:00+09:00,973.1616821289062,993.4461910090715,955.350893843883,964.7510321054231,431400
2025-10-08 09:00:00+09:00,974.1511840820312,974.1511840820312,953.3719307902866,969.698486948086,213800
2025-10-09 09:00:00+09:00,1010.7622680664062,1012.2465004717901,974.1512020669378,986.5198054451366,475600
2025-10-10 09:00:00+09:00,974.1511840820312,996.4146697517577,970.1932310740799,989.9829961138367,644000
2025-10-14 09:00:00+09:00,879.655029296875,934.571625614059,873.7180999652876,934.571625614059,1818200
2025-10-15 09:00:00+09:00,889.05517578125,900.9290345562918,872.7286199655676,889.5499198968768,630800
2025-10-16 09:00:00+09:00,991.9619750976562,993.9409516065792,894.9921261604289,894.9921261604289,1314200
2025-10-17 09:00:00+09:00,935.06640625,979.5933779761905,931.6031973379629,977.1196573247354,700400
2025-10-20 09:00:00+09:00,975.1406860351562,984.5408245611167,940.5085967289863,959.8036179138523,481400
2025-10-21 09:00:00+09:00,937.5401000976562,977.1196293893779,930.1189383554585,972.1721882279128,579600
2025-10-22 09:00:00+09:00,990.9724731445312,1002.3515879135398,900.9290432332458,929.6242022159631,961400
2025-10-23 09:00:00+09:00,1026.593994140625,1038.9625964796687,960.2982856033509,967.719447006777,878400
2025-10-24 09:00:00+09:00,1026.593994140625,1057.2681279414533,1005.8147422110316,1049.8469665380271,440600
2025-10-27 09:00:00+09:00,1070.131591796875,1074.089544979665,1012.7412706464185,1038.962710482403,717800
2025-10-28 09:00:00+09:00,1052.32080078125,1078.5422405750471,1038.962708810825,1059.2472188399888,438200
2025-10-29 09:00:00+09:00,1107.7320556640625,1108.2267997711033,1051.3312274614261,1077.057921027541,697000
2025-10-30 09:00:00+09:00,1043.91015625,1107.2374074348343,1040.4469472008295,1094.8688036877963,820800
2025-10-31 09:00:00+09:00,1071.61572265625,1071.61572265625,1026.594009469861,1043.9100530030876,504800
2025-11-04 09:00:00+09:00,1069.14208984375,1105.2584121753528,1064.194648428462,1076.0685078251531,472400
2025-11-05 09:00:00+09:00,1004.33056640625,1032.0362372036639,975.6354073660714,1019.6676341691041,561600
2025-11-06 09:00:00+09:00,1045.394287109375,1054.7944250436287,1010.2674558813742,1029.0677317498817,416000
2025-11-07 09:00:00+09:00,994.930419921875,1019.1728816703444,984.0460493409296,1014.2254404971874,433800
2025-11-10 09:00:00+09:00,1055.2891845703125,1064.6893226419656,995.919891486188,1007.2990059939785,440600
2025-11-11 09:00:00+09:00,1070.626220703125,1096.352913622054,1059.2471065274449,1075.078917554478,424600
2025-11-12 09:00:00+09:00,1062.215576171875,1064.1945525597127,1028.5729775786344,1063.6998084627533,328600
2025-11-13 09:00:00+09:00,1049.8470458984375,1060.7314167795712,1035.4994661005794,1042.4258839340282,244400
2025-11-14 09:00:00+09:00,961.287841796875,1013.7307194244967,960.7930976683126,1009.7727663959969,751400
2025-11-17 09:00:00+09:00,997.4041748046875,1002.3516161479647,949.9087379092261,952.3824585808647,387000
2025-11-18 09:00:00+09:00,951.8876953125,984.5408075217646,949.9087188149688,979.0986221535537,289800
2025-11-19 09:00:00+09:00,924.6767578125,957.3298696453652,920.2240607443821,954.8561490519663,394600
2025-11-20 09:00:00+09:00,968.708984375,996.9093991397473,959.8035902387641,983.5513079353933,371800
2025-11-21 09:00:00+09:00,894.9921264648438,911.8134267964108,883.1182674072671,909.3397061594156,727600
2025-11-25 09:00:00+09:00,892.5183715820312,917.2555770028192,889.5499069315367,912.3081359186616,531600
2025-11-26 09:00:00+09:00,906.3712158203125,911.8134010681418,886.581451282751,907.3607040471906,296000
2025-11-27 09:00:00+09:00,925.666259765625,929.6242127737089,909.3397036072789,911.3186801113209,298600
2025-11-28 09:00:00+09:00,923.687255859375,937.5400909767089,917.7503265233747,929.1294410840419,166000
2025-12-01 09:00:00+09:00,896.4763793945312,934.0769339386727,896.4763793945312,930.6137249675018,164600
2025-12-02 09:00:00+09:00,903.4027709960938,919.2345829741195,898.4553297529607,911.8134211094199,221000
2025-12-03 09:00:00+09:00,939.0243530273438,951.8877003290881,918.2450996937565,918.2450996937565,315000
2025-12-04 09:00:00+09:00,938.0348510742188,945.9507569904569,930.6136892777455,935.0663863556294,163400
2025-12-05 09:00:00+09:00,957.3298950195312,957.3298950195312,935.0664090888445,941.0033386703609,245000
2025-12-08 09:00:00+09:00,979.5933837890625,979.5933837890625,959.8036184599905,964.7510597922585,281200
2025-12-09 09:00:00+09:00,973.1616821289062,995.4251674851852,966.2352644625083,974.6459144859915,341000
2025-12-10 09:00:00+09:00,970.68798828125,987.5092887917303,958.3193849647203,983.5513357304409,173600
2025-12-11 09:00:00+09:00,972.1721801757812,982.5618065288048,954.8561362540752,976.1301330721711,200400
2025-12-12 09:00:00+09:00,957.8246459960938,984.0460851685075,949.9087398308368,971.6774817852935,227800
2025-12-15 09:00:00+09:00,948.4244995117188,951.8877084301236,920.2240840332796,930.1189666572933,223200
2025-12-16 09:00:00+09:00,936.055908203125,950.8982323289674,931.6032109653723,949.9087440539113,209600
2025-12-17 09:00:00+09:00,946.4454956054688,953.8666573587788,921.7082897611022,939.0243338521587,231000
2025-12-18 09:00:00+09:00,913.7924194335938,921.7083256116865,900.4343277580621,915.2766518419861,308200
2025-12-19 09:00:00+09:00,925.666259765625,933.0874216557824,915.7713772454152,919.7293302534991,211600
2025-12-22 09:00:00+09:00,946.4454956054688,966.235260280962,934.0768926832855,954.8561455925534,407800
2025-12-23 09:00:00+09:00,965.2457885742188,970.687973953161,940.5085823062992,946.9402559359582,387600
2025-12-24 09:00:00+09:00,971.6774291992188,996.909378735451,962.2772911367008,964.2562675709152,608600
2025-12-25 09:00:00+09:00,1031.0467529296875,1032.036241176261,971.1827140119849,973.6564346284189,688000
2025-12-26 09:00:00+09:00,1033.0257568359375,1033.0257568359375,1002.3516203781654,1024.615106516871,638000
2025-12-29 09:00:00+09:00,1084.973876953125,1101.7951773710029,1012.7412339822375,1034.0152315695536,1365400
2025-12-30 09:00:00+09:00,1137.416748046875,1167.101395668803,1079.0369410570834,1089.9213118517903,1535200
2026-01-05 09:00:00+09:00,1171.5540771484375,1201.7334684938999,1155.2275211746628,1160.174962378837,973000
2026-01-06 09:00:00+09:00,1133.458740234375,1181.9436623395557,1126.0375786876637,1178.9751977208712,824600
2026-01-07 09:00:00+09:00,1145.3326416015625,1192.3333331575661,1132.964038560509,1132.964038560509,765400
2026-01-08 09:00:00+09:00,1115.64794921875,1155.227477350679,1113.1742287105044,1149.7852922325387,415200
2026-01-09 09:00:00+09:00,1117.1322021484375,1129.5008049180171,1099.3214141602427,1115.6479698160879,364600
2026-01-13 09:00:00+09:00,1129.99560546875,1152.7538357014832,1108.2268635070052,1150.7748591595064,476000
2026-01-14 09:00:00+09:00,1140.8800048828125,1171.5541420479185,1128.5114011872051,1132.9640985176238,397200
2026-01-15 09:00:00+09:00,1173.5330810546875,1177.4910341105212,1120.1007148009328,1128.0166209126,446400
2026-01-16 09:00:00+09:00,1229.4390869140625,1239.3339689012982,1186.3963502695863,1189.8595589651188,824200
2026-01-19 09:00:00+09:00,1224.49169921875,1231.912861032197,1175.0172871291036,1207.1756549873737,476000
2026-01-20 09:00:00+09:00,1201.7335205078125,1224.4917510320445,1183.922731401892,1224.4917510320445,306400
2026-01-21 09:00:00+09:00,1242.302490234375,1273.9661140396317,1168.5856160627613,1176.9962661360328,758000
2026-01-22 09:00:00+09:00,1316.0194091796875,1325.4195478166853,1239.3340676673372,1275.9451339377497,1145200
2026-01-23 09:00:00+09:00,1364.9990234375,1416.4524117801966,1296.7243350596912,1306.1244733146068,1743800
2026-01-26 09:00:00+09:00,1312.55615234375,1373.409679195722,1291.2821551515974,1337.293358381137,1042600
2026-01-27 09:00:00+09:00,1385.7783203125,1387.7572968498973,1310.082467757051,1319.9773504440377,796400
2026-01-28 09:00:00+09:00,1362.5252685546875,1402.1047970530083,1332.840622180947,1395.178379565802,753800
2026-01-29 09:00:00+09:00,1320.4720458984375,1412.4944514949566,1313.545628272893,1411.9997073788463,645400
2026-01-30 09:00:00+09:00,1352.63037109375,1380.8307848290622,1314.040331245428,1318.987772251623,560800
2026-02-02 09:00:00+09:00,1284.355712890625,1355.5988649153746,1281.3872482229272,1327.8931946835276,608800
2026-02-03 09:00:00+09:00,1420.410400390625,1423.8736093083312,1344.7145483321906,1350.1567337743002,790200
2026-02-04 09:00:00+09:00,1474.3375244140625,1489.179848485345,1395.1784627005559,1410.5155309075476,674800
2026-02-05 09:00:00+09:00,1516.3907470703125,1528.7593502274929,1445.1475928849536,1474.8322404621865,594200
2026-02-06 09:00:00+09:00,1501.5484619140625,1531.2331102550324,1475.3270225462059,1516.3907860845475,416800
2026-02-09 09:00:00+09:00,1538.6541748046875,1588.1285855701117,1518.864410498518,1551.0227774960435,657600
2026-02-10 09:00:00+09:00,1541.1279296875,1568.3388562148878,1526.2856061271068,1543.6016502808989,365800
2026-02-12 09:00:00+09:00,1607.91845703125,1615.339619140625,1568.33892578125,1578.23380859375,492000
2026-02-13 09:00:00+09:00,1585.6549072265625,1625.2344368921242,1558.4439805814889,1593.0760690388554,386800
2026-02-16 09:00:00+09:00,1667.2877197265625,1689.5512055982822,1573.2863349348572,1583.1812175445102,588600
2026-02-17 09:00:00+09:00,1706.8671875,1706.8671875,1600.4972033514493,1640.0767323369564,555000
2026-02-18 09:00:00+09:00,1786.0262451171875,1820.6583329726454,1724.183231089584,1731.6043927728963,654800
2026-02-19 09:00:00+09:00,1833.0269775390625,1899.8174342105262,1768.7102414850604,1776.1314033374451,730400
2026-02-20 09:00:00+09:00,1931.975830078125,1939.3969920374518,1818.1846800351111,1837.974445259983,727000
2026-02-24 09:00:00+09:00,1818.1846923828125,2077.925362723214,1776.1314409943666,2077.925362723214,2740400
2026-02-25 09:00:00+09:00,1788.5,1837.9744121715078,1724.1832641770402,1783.5525587828492,1311000
2026-02-26 09:00:00+09:00,1797.5,1832.5,1687.5,1817.5,1440600
2026-02-27 09:00:00+09:00,1787.5,1805.0,1687.5,1727.5,803000
2026-03-02 09:00:00+09:00,1802.5,1815.0,1720.0,1752.5,664000
2026-03-03 09:00:00+09:00,1767.5,1895.0,1760.0,1802.5,821800
2026-03-04 09:00:00+09:00,1652.5,1780.0,1617.5,1702.5,737800
2026-03-05 09:00:00+09:00,1807.5,1860.0,1717.5,1727.5,663400
2026-03-06 09:00:00+09:00,1822.5,1830.0,1720.0,1765.0,488200
2026-03-09 09:00:00+09:00,1642.5,1705.0,1550.0,1672.5,796000
2026-03-10 09:00:00+09:00,1747.5,1775.0,1705.0,1712.5,420000
2026-03-11 09:00:00+09:00,1800.0,1862.5,1750.0,1762.5,432800
2026-03-12 09:00:00+09:00,1725.0,1817.5,1720.0,1770.0,396800
2026-03-13 09:00:00+09:00,1690.0,1722.5,1677.5,1680.0,313200
2026-03-16 09:00:00+09:00,1707.5,1727.5,1657.5,1677.5,277800
2026-03-17 09:00:00+09:00,1587.5,1747.5,1587.5,1742.5,550200
2026-03-18 09:00:00+09:00,1700.0,1700.0,1625.0,1640.0,435000
2026-03-19 09:00:00+09:00,1607.5,1647.5,1595.0,1647.5,403400
2026-03-23 09:00:00+09:00,1500.0,1537.5,1479.5,1512.5,546400
2026-03-24 09:00:00+09:00,1562.5,1587.5,1525.0,1567.5,305200
2026-03-25 09:00:00+09:00,1700.0,1700.0,1622.5,1632.5,340600
2026-03-26 09:00:00+09:00,1592.5,1715.0,1577.5,1695.0,489600
2026-03-27 09:00:00+09:00,1542.5,1560.0,1490.0,1542.5,476200
2026-03-30 09:00:00+09:00,1511.0,1577.0,1402.0,1412.0,358000
2026-03-31 09:00:00+09:00,1484.0,1516.0,1434.0,1452.0,346600
2026-04-01 09:00:00+09:00,1543.0,1580.0,1497.0,1569.0,399500
2026-04-02 09:00:00+09:00,1523.0,1605.0,1491.0,1583.0,412400
2026-04-03 09:00:00+09:00,1609.0,1609.0,1556.0,1561.0,624500
2026-04-06 09:00:00+09:00,1519.0,1564.0,1471.0,1554.0,1076500
2026-04-07 09:00:00+09:00,1425.0,1550.0,1408.0,1521.0,851400
2026-04-08 09:00:00+09:00,1625.0,1643.0,1490.0,1508.0,1351000
2026-04-09 09:00:00+09:00,1601.0,1644.0,1566.0,1643.0,691600
2026-04-10 09:00:00+09:00,1811.0,1864.0,1628.0,1633.0,2016300
2026-04-13 09:00:00+09:00,1878.0,1946.0,1782.0,1833.0,1880400
2026-04-14 09:00:00+09:00,1850.0,2039.0,1850.0,1975.0,2021600
2026-04-15 09:00:00+09:00,1837.0,1943.0,1815.0,1901.0,958100
2026-04-16 09:00:00+09:00,1870.0,1930.0,1811.0,1840.0,907600
2026-04-17 09:00:00+09:00,1800.0,1852.0,1800.0,1851.0,495400
2026-04-20 09:00:00+09:00,1735.0,1845.0,1729.0,1786.0,538600
2026-04-21 09:00:00+09:00,1725.0,1779.0,1705.0,1735.0,460200
2026-04-22 09:00:00+09:00,1767.0,1787.0,1703.0,1714.0,472900
2026-04-23 09:00:00+09:00,1813.0,1878.0,1786.0,1800.0,801100
2026-04-24 09:00:00+09:00,1985.0,1990.0,1816.0,1821.0,1163800
2026-04-27 09:00:00+09:00,1902.0,2024.0,1846.0,1980.0,1184900
2026-04-28 09:00:00+09:00,1979.0,1979.0,1898.0,1935.0,791400
2026-04-30 09:00:00+09:00,1910.0,1995.0,1858.0,1960.0,539700
2026-05-01 09:00:00+09:00,2041.0,2069.0,1921.0,1926.0,1168800
2026-05-07 09:00:00+09:00,2305.0,2339.0,2132.0,2132.0,1350400
2026-05-08 09:00:00+09:00,2565.0,2569.0,2257.0,2275.0,1317700
2026-05-11 09:00:00+09:00,2347.0,2398.0,2191.0,2250.0,4480000
2026-05-12 09:00:00+09:00,2406.0,2516.0,2303.0,2402.0,1113600
2026-05-13 09:00:00+09:00,2547.0,2616.0,2346.0,2350.0,925400
2026-05-14 09:00:00+09:00,2594.0,2833.0,2570.0,2650.0,1082200
2026-05-15 09:00:00+09:00,2404.0,2659.0,2362.0,2629.0,942400
2026-05-18 09:00:00+09:00,2204.0,2539.0,2204.0,2454.0,1504300
2026-05-19 09:00:00+09:00,2168.0,2270.0,2127.0,2166.0,1470500
2026-05-20 09:00:00+09:00,2096.0,2170.0,2023.0,2150.0,532300
2026-05-21 09:00:00+09:00,2214.0,2270.0,2183.0,2237.0,682900
2026-05-22 09:00:00+09:00,2397.0,2471.0,2286.0,2286.0,810000
2026-05-25 09:00:00+09:00,2513.0,2719.0,2505.0,2631.0,1068900
2026-05-26 09:00:00+09:00,2408.0,2450.0,2200.0,2275.0,3475100
2026-05-27 09:00:00+09:00,2312.0,2453.0,2290.0,2440.0,1297900
2026-05-28 09:00:00+09:00,2247.0,2260.0,2145.0,2230.0,935700
2026-05-29 09:00:00+09:00,2151.0,2282.0,2151.0,2263.0,581600
2026-06-01 09:00:00+09:00,2237.0,2330.0,2172.0,2201.0,952000
2026-06-02 09:00:00+09:00,2097.0,2199.0,2025.0,2197.0,787300
2026-06-03 09:00:00+09:00,2078.0,2122.0,2035.0,2110.0,660000
2026-06-04 09:00:00+09:00,2116.0,2145.0,2030.0,2042.0,506600
2026-06-05 09:00:00+09:00,2100.0,2139.0,2040.0,2068.0,331400
2026-06-08 09:00:00+09:00,1969.0,2013.0,1908.0,1950.0,601500
2026-06-09 09:00:00+09:00,2003.0,2052.0,1913.0,2009.0,535000
2026-06-10 09:00:00+09:00,1915.0,1958.0,1873.0,1949.0,516500
2026-06-11 09:00:00+09:00,1915.0,1964.0,1852.0,1871.0,346800
2026-06-12 09:00:00+09:00,2315.0,2315.0,2200.0,2255.0,2083000
2026-06-15 09:00:00+09:00,2660.0,2660.0,2300.0,2438.0,3123100
2026-06-16 09:00:00+09:00,2511.0,2650.0,2452.0,2650.0,1880800
2026-06-17 09:00:00+09:00,2555.0,2600.0,2436.0,2488.0,1100900
2026-06-18 09:00:00+09:00,2882.0,2960.0,2593.0,2619.0,2131500
2026-06-19 09:00:00+09:00,2917.0,3220.0,2806.0,3035.0,1998600
2026-06-22 09:00:00+09:00,3105.0,3110.0,2880.0,2958.0,892500
2026-06-23 09:00:00+09:00,2793.0,3145.0,2768.0,3120.0,976700
2026-06-24 09:00:00+09:00,2758.0,2968.0,2724.0,2795.0,980800
2026-06-25 09:00:00+09:00,2893.0,2998.0,2794.0,2908.0,975500
2026-06-26 09:00:00+09:00,2731.0,2888.0,2664.0,2843.0,810900
2026-06-29 09:00:00+09:00,2663.0,2725.0,2520.0,2706.0,713400
2026-06-30 09:00:00+09:00,2818.0,2888.0,2703.0,2795.0,904900
2026-07-01 09:00:00+09:00,2934.0,3085.0,2865.0,2880.0,1147600
2026-07-02 09:00:00+09:00,2723.0,2830.0,2659.0,2734.0,998900
2026-07-03 09:00:00+09:00,2962.0,2962.0,2554.0,2650.0,1443600
