Date,Close,High,Low,Open,Volume
2019-08-07 09:00:00+09:00,288.6531066894531,290.9809543240455,280.89361457414526,281.669563785676,5259000
2019-08-08 09:00:00+09:00,287.87713623046875,290.2049836932488,283.9973904591686,287.1011870762087,2564000
2019-08-09 09:00:00+09:00,284.7733459472656,294.08473600548683,284.7733459472656,293.3087868339684,2943500
2019-08-13 09:00:00+09:00,279.3416748046875,280.11762390136715,275.46192932128906,280.11762390136715,3469000
2019-08-14 09:00:00+09:00,277.78985595703125,283.2215011852414,276.2379573203998,283.2215011852414,2876800
2019-08-15 09:00:00+09:00,272.358154296875,273.9100526119569,268.4784085091702,271.58220513933406,3969900
2019-08-16 09:00:00+09:00,271.5821838378906,271.5821838378906,266.9264892578125,268.47838745117184,2597400
2019-08-19 09:00:00+09:00,273.1341247558594,275.46197241002864,271.58222631974655,274.6860231919722,1752100
2019-08-20 09:00:00+09:00,274.68603515625,275.46198440810383,271.58223814883473,273.1341366525424,1915400
2019-08-21 09:00:00+09:00,271.5821838378906,271.5821838378906,267.7024383544922,269.25433654785155,2048600
2019-08-22 09:00:00+09:00,274.68603515625,276.23793365995766,273.1341366525424,274.68603515625,3491100
2019-08-23 09:00:00+09:00,276.2379455566406,277.0138948419121,273.91009770082627,276.2379455566406,2727700
2019-08-26 09:00:00+09:00,271.5821838378906,273.13408203125,268.47838745117184,268.47838745117184,3264300
2019-08-27 09:00:00+09:00,277.0139465332031,279.3417948233981,273.91014881294313,277.7898959632681,4423400
2019-08-28 09:00:00+09:00,274.68603515625,277.01388291181144,273.1341366525424,274.68603515625,2310500
2019-08-29 09:00:00+09:00,278.5657653808594,279.34171458804843,273.13412093053626,273.91007013772526,2642200
2019-08-30 09:00:00+09:00,283.221435546875,283.221435546875,281.6695372699058,282.4454864083904,2706700
2019-09-02 09:00:00+09:00,280.1175842285156,282.4454311888634,279.341635241733,280.1175842285156,1144100
2019-09-03 09:00:00+09:00,283.99737548828125,285.5492737149932,279.3416808081455,279.3416808081455,2263500
2019-09-04 09:00:00+09:00,281.66949462890625,285.5492397339876,278.56569854484115,285.5492397339876,2597200
2019-09-05 09:00:00+09:00,290.9809265136719,294.08472306315105,284.77333341471353,286.3252316894531,4824700
2019-09-06 09:00:00+09:00,294.0847473144531,295.63664571716794,292.5328489117383,294.8606965158105,3489000
2019-09-09 09:00:00+09:00,293.308837890625,295.63668581039184,290.9809899708581,294.8607365038029,1963200
2019-09-10 09:00:00+09:00,306.4999694824219,310.3797159315664,301.84427374344835,301.84427374344835,5285600
2019-09-11 09:00:00+09:00,325.8986511230469,332.88219364711216,315.0353627522786,318.9151085989816,8874500
2019-09-12 09:00:00+09:00,325.12274169921875,332.8822343412049,322.7948939066229,329.7784372844104,5033100
2019-09-13 09:00:00+09:00,326.67462158203125,329.77841846167047,318.9151293829331,329.00246924176065,6681500
2019-09-17 09:00:00+09:00,331.3302917480469,334.4340883920567,323.5708001380224,325.12269846002727,3876900
2019-09-18 09:00:00+09:00,325.12274169921875,330.55438654860905,324.3467924350201,329.7784372844104,3037600
2019-09-19 09:00:00+09:00,325.8986511230469,333.65814281645277,323.5708036150251,329.00244780040924,2892800
2019-09-20 09:00:00+09:00,326.67462158203125,328.2265200218509,321.2429770426626,327.45057080194107,4415600
2019-09-24 09:00:00+09:00,328.22650146484375,332.10624734504285,325.1227047606845,325.89865393672426,2363900
2019-09-25 09:00:00+09:00,329.77838134765625,330.55433048023895,323.57078828699446,325.1226865521599,2307800
2019-09-26 09:00:00+09:00,334.4341125488281,336.7619601999801,332.8822141147269,335.98601098292943,4263700
2019-09-27 09:00:00+09:00,330.48095703125,332.0622056294856,324.1559626383074,331.27158133036784,4114700
2019-09-30 09:00:00+09:00,327.3184814453125,330.4809788505812,324.94660839136094,329.690354499264,3081000
2019-10-01 09:00:00+09:00,328.1091003417969,331.2715976944889,324.94660298910486,325.7372273272778,2571700
2019-10-02 09:00:00+09:00,332.8528747558594,336.0153723782429,326.52787951109246,327.3185039166883,3376500
2019-10-03 09:00:00+09:00,326.52783203125,326.52783203125,322.57471057808715,324.1559591593523,2832700
2019-10-04 09:00:00+09:00,324.15594482421875,325.7371933355564,320.2028235458746,321.78407205721226,1746700
2019-10-07 09:00:00+09:00,323.3653869628906,325.73726021689714,319.41226487287975,321.78413812688626,2274100
2019-10-08 09:00:00+09:00,323.3653869628906,328.89975788890587,323.3653869628906,327.3185090529015,2446400
2019-10-09 09:00:00+09:00,321.78411865234375,322.57474302249693,317.83099680157784,318.621621171731,2465400
2019-10-10 09:00:00+09:00,319.4122619628906,320.20288637368986,313.87789108729595,318.6216375520914,2474300
2019-10-11 09:00:00+09:00,324.15594482421875,325.7371933355564,321.78407205721226,324.15594482421875,2852900
2019-10-15 09:00:00+09:00,331.27154541015625,333.64341805032444,328.89967276998806,332.852793836935,3029800
2019-10-16 09:00:00+09:00,332.06219482421875,340.7590618315197,330.4809462774368,336.80594046456474,4094500
2019-10-17 09:00:00+09:00,328.89971923828125,332.85284086374133,327.31847058809717,332.85284086374133,2066900
2019-10-18 09:00:00+09:00,330.48095703125,332.85282992860346,329.69033273213216,331.27158133036784,2143800
2019-10-21 09:00:00+09:00,333.6434326171875,336.01530536091155,329.69031137764733,331.2715598734634,2198500
2019-10-23 09:00:00+09:00,339.1778259277344,341.5496988363199,336.015328716287,339.9684502305962,3373600
2019-10-24 09:00:00+09:00,343.9215393066406,345.5027877632229,340.75904239347614,341.54966662176724,2737600
2019-10-25 09:00:00+09:00,343.1309814453125,347.0841033513645,342.3403570641021,344.7122302077333,2633700
2019-10-28 09:00:00+09:00,345.5028381347656,347.87471116543907,344.71221379120783,347.0840868218813,2581000
2019-10-29 09:00:00+09:00,348.665283203125,355.7809012276786,348.665283203125,351.0371558779762,4055600
2019-10-30 09:00:00+09:00,351.8277893066406,356.571534780438,349.45591656974193,353.4090377979064,9257000
2019-10-31 09:00:00+09:00,352.6184387207031,354.1996873248318,344.71219570005957,352.6184387207031,5889300
2019-11-01 09:00:00+09:00,354.1997375488281,354.1997375488281,346.2934934071132,346.2934934071132,3729400
2019-11-05 09:00:00+09:00,361.3153381347656,363.68721125162403,356.5715919010488,362.1059625070518,3533600
2019-11-06 09:00:00+09:00,363.687255859375,366.05912926715354,361.31538245159646,365.268504797894,3297100
2019-11-07 09:00:00+09:00,360.52471923828125,363.68721677545915,358.94347046969233,362.1059680068702,3062400
2019-11-08 09:00:00+09:00,365.2684020996094,369.22152333445365,362.8965293587028,366.8496505935471,3726600
2019-11-11 09:00:00+09:00,371.5934753417969,377.1278462511428,370.0122265105552,373.17472417303856,5229400
2019-11-12 09:00:00+09:00,358.94342041015625,367.64028742449926,352.6184262179068,365.2684146024057,6043000
2019-11-13 09:00:00+09:00,357.3622131347656,361.3153349614777,355.78096440408086,360.52471059613526,3596400
2019-11-14 09:00:00+09:00,350.2465515136719,358.94341848128,349.45592724388933,358.94341848128,3579900
2019-11-15 09:00:00+09:00,359.73406982421875,360.52469415350276,351.0372022020948,351.8278265313788,4089000
2019-11-18 09:00:00+09:00,362.1059265136719,362.8965508073698,359.7340536325779,359.7340536325779,2698500
2019-11-19 09:00:00+09:00,355.7809753417969,359.7340972900391,354.99035095214845,356.5715997314453,3353400
2019-11-20 09:00:00+09:00,351.8277893066406,356.571534780438,349.45591656974193,355.7809105348051,2857600
2019-11-21 09:00:00+09:00,351.8277893066406,354.1996620435393,344.7121710959445,347.8746680784761,2585700
2019-11-22 09:00:00+09:00,351.0372009277344,353.40907390697583,349.45595227490674,351.8278252541482,1900000
2019-11-25 09:00:00+09:00,354.1997375488281,358.15285961968556,351.82786430631364,356.5716107913426,1628600
2019-11-26 09:00:00+09:00,349.4559631347656,354.99033359165105,349.4559631347656,353.40908488968375,2833300
2019-11-27 09:00:00+09:00,351.8277893066406,353.4090377979064,348.66529232410903,350.24654081537483,2479500
2019-11-28 09:00:00+09:00,351.8277893066406,354.9902862891722,350.24654081537483,353.4090377979064,1059900
2019-11-29 09:00:00+09:00,351.0372009277344,353.40907390697583,348.6653279484929,350.24657660132056,1941600
2019-12-02 09:00:00+09:00,353.4090881347656,354.199712493009,351.03721506003563,351.03721506003563,1683000
2019-12-03 09:00:00+09:00,351.8277893066406,353.4090377979064,345.5027953415774,347.0840438328432,2529300
2019-12-04 09:00:00+09:00,349.4559631347656,350.2465874857492,339.968470922962,346.2934657308311,3030400
2019-12-05 09:00:00+09:00,352.6184387207031,354.9903116268962,351.0371901165744,352.6184387207031,2555400
2019-12-06 09:00:00+09:00,352.6184387207031,354.1996873248318,350.24656581451006,351.82781441863875,2756200
2019-12-09 09:00:00+09:00,359.73406982421875,360.52469415350276,356.57157250708275,359.73406982421875,3349000
2019-12-10 09:00:00+09:00,355.7809753417969,359.7340972900391,353.4091021728516,358.94347290039065,2199300
2019-12-11 09:00:00+09:00,357.3622131347656,358.94346186545044,353.40909130805363,358.94346186545044,2851600
2019-12-12 09:00:00+09:00,355.7809753417969,361.31534606933593,354.99035095214845,360.5247216796875,2532200
2019-12-13 09:00:00+09:00,364.4778137207031,370.0121839941194,362.1059407463818,366.0590623702506,6020500
2019-12-16 09:00:00+09:00,362.1059265136719,365.26842368846377,359.7340536325779,364.4777993947658,2268800
2019-12-17 09:00:00+09:00,364.4778137207031,366.0590623702506,362.1059407463818,365.26843804547684,3023700
2019-12-18 09:00:00+09:00,362.8965759277344,368.43094636671947,361.3153272308815,366.8496976698666,2787100
2019-12-19 09:00:00+09:00,362.1059265136719,364.4777993947658,361.3153022199739,361.3153022199739,1929000
2019-12-20 09:00:00+09:00,358.94342041015625,363.6871660543433,358.15279613612506,363.6871660543433,3030700
2019-12-23 09:00:00+09:00,358.94342041015625,362.8965417803122,356.57154758806274,361.3152932322498,1928100
2019-12-24 09:00:00+09:00,358.94342041015625,362.8965417803122,358.15279613612506,362.105917506281,1830400
2019-12-25 09:00:00+09:00,354.99029541015625,359.7340410058376,354.99029541015625,358.9434167398907,1498900
2019-12-26 09:00:00+09:00,357.3622131347656,358.15283750010803,354.19971567339604,354.19971567339604,1362200
2019-12-27 09:00:00+09:00,365.2684020996094,366.8496505935471,358.94340812385855,361.3152808647651,2320000
2019-12-30 09:00:00+09:00,357.3622131347656,361.3153349614777,354.99034003873845,360.52471059613526,2602600
2020-01-06 09:00:00+09:00,351.0372009277344,352.618449580562,347.08407929566533,347.8747036220791,2784300
2020-01-07 09:00:00+09:00,357.3622131347656,358.15283750010803,353.40909130805363,354.99034003873845,2591400
2020-01-08 09:00:00+09:00,345.5028381347656,348.6653355089969,343.1309651040922,344.71221379120783,5329000
2020-01-09 09:00:00+09:00,353.4090881347656,354.199712493009,347.87471762706235,350.24659070179234,3193500
2020-01-10 09:00:00+09:00,347.08404541015625,353.4090394039632,346.2934211609304,353.4090394039632,2449900
2020-01-14 09:00:00+09:00,344.71221923828125,346.29346795038344,342.34034617012793,344.71221923828125,2540000
2020-01-15 09:00:00+09:00,339.1778259277344,342.3403231391818,336.015328716287,340.7590745334581,3415200
2020-01-16 09:00:00+09:00,339.1778259277344,341.5496988363199,337.59657732201066,339.9684502305962,2011000
2020-01-17 09:00:00+09:00,344.71221923828125,344.71221923828125,337.59660003382135,339.17784874592354,2176000
2020-01-20 09:00:00+09:00,343.9215393066406,347.0840362198051,343.9215393066406,344.71216353493173,1168700
2020-01-21 09:00:00+09:00,342.34027099609375,343.9215193609718,339.1777742663377,343.13089517853274,1679300
2020-01-22 09:00:00+09:00,342.34027099609375,343.9215193609718,339.96839844877667,341.5496468136547,1809800
2020-01-23 09:00:00+09:00,339.1778259277344,342.3403231391818,338.38720162487255,339.1778259277344,1944100
2020-01-24 09:00:00+09:00,337.59661865234375,338.387243051998,335.22474545338116,337.59661865234375,1340000
2020-01-27 09:00:00+09:00,332.06219482421875,333.6434433710008,328.1090734572638,331.2715705508278,1488400
2020-01-28 09:00:00+09:00,330.48095703125,331.27158133036784,324.1559626383074,325.73721123654303,3037200
2020-01-29 09:00:00+09:00,331.27154541015625,333.64341805032444,329.69029698337744,332.0621696235456,1726200
2020-01-30 09:00:00+09:00,330.48095703125,332.0622056294856,326.52783553566087,328.10908413389654,1841600
2020-01-31 09:00:00+09:00,331.27154541015625,336.01529069049263,331.27154541015625,333.64341805032444,2144900
2020-02-03 09:00:00+09:00,331.27154541015625,332.852793836935,324.9465517030411,325.7371759164305,2002700
2020-02-04 09:00:00+09:00,333.6434326171875,334.4340568650955,327.3184386339233,329.69031137764733,2168900
2020-02-05 09:00:00+09:00,338.3872375488281,343.1309838696061,335.22474000164283,339.17786193562443,2676600
2020-02-06 09:00:00+09:00,347.08404541015625,351.8277909055115,345.50279691170454,346.2934211609304,3481100
2020-02-07 09:00:00+09:00,345.5028381347656,353.4090815703438,344.71221379120783,353.4090815703438,2030900
2020-02-10 09:00:00+09:00,344.71221923828125,346.29346795038344,337.59660003382135,339.17784874592354,1918700
2020-02-12 09:00:00+09:00,343.1309814453125,346.29347897015407,340.7591083016813,344.7122302077333,1880000
2020-02-13 09:00:00+09:00,341.5497131347656,343.13096180668583,337.5965914549651,341.5497131347656,1886100
2020-02-14 09:00:00+09:00,343.1309814453125,343.1309814453125,338.3872351580501,339.96848392047093,1806000
2020-02-17 09:00:00+09:00,339.1778259277344,340.7590745334581,336.80595301914883,337.59657732201066,1843500
2020-02-18 09:00:00+09:00,336.01531982421875,338.38719267003677,332.8528226964614,338.38719267003677,2500900
2020-02-19 09:00:00+09:00,331.27154541015625,338.38716333066077,330.4809211967669,336.805914903882,2504100
2020-02-20 09:00:00+09:00,332.06219482421875,338.3871890113467,331.2715705508278,333.6434433710008,1950800
2020-02-21 09:00:00+09:00,332.06219482421875,335.22469191778276,331.2715705508278,331.2715705508278,1658500
2020-02-25 09:00:00+09:00,319.4122619628906,323.36538401688676,317.0403887304929,317.0403887304929,4027500
2020-02-26 09:00:00+09:00,315.4591369628906,316.2497613663064,310.71539054239605,315.4591369628906,3583000
2020-02-27 09:00:00+09:00,303.5997619628906,310.7153813838959,302.80913758277893,309.1341326236725,4787700
2020-02-28 09:00:00+09:00,294.1122131347656,294.1122131347656,288.57784353276736,292.5309646770518,6942400
2020-03-02 09:00:00+09:00,293.3216247558594,295.6934977323219,285.4153815009845,287.78725447744694,6758200
2020-03-03 09:00:00+09:00,284.624755859375,298.8559936523438,284.624755859375,297.27474500868055,4817500
2020-03-04 09:00:00+09:00,277.5091857910156,282.252932556674,275.9279368691295,276.7185613300726,4637800
2020-03-05 09:00:00+09:00,276.7185363769531,280.6716583251953,272.7654144287109,279.8810339355469,4642200
2020-03-06 09:00:00+09:00,264.85919189453125,270.39356306844684,261.6966940808652,269.6029386150303,5123600
2020-03-09 09:00:00+09:00,240.3497772216797,256.1622625652113,237.1872801529734,255.3716382980347,7647100
2020-03-10 09:00:00+09:00,244.3028564453125,248.2559770997674,229.2809979583839,241.14035992174857,7424600
2020-03-11 09:00:00+09:00,241.14039611816406,248.25601436427382,237.1872748703253,241.14039611816406,7045900
2020-03-12 09:00:00+09:00,227.69985961914062,235.60610474480524,226.1186105940077,233.23423120710584,5423700
2020-03-13 09:00:00+09:00,213.4685516357422,222.1654185542354,205.56230898256655,206.35293324788412,9661100
2020-03-16 09:00:00+09:00,214.25918579101562,225.32792601638175,206.35294277289697,215.0498100928275,6979100
2020-03-17 09:00:00+09:00,212.6779327392578,217.42167845091413,202.39981703066914,207.9341870276015,10224500
2020-03-18 09:00:00+09:00,220.58419799804688,226.11856855713765,211.0967056110341,214.2592030733717,11085400
2020-03-19 09:00:00+09:00,250.62791442871094,261.69665512903254,226.90918435659316,229.28105736380493,14058300
2020-03-23 09:00:00+09:00,251.41859436035156,260.90608848715726,241.93110023354583,247.46547180751583,8758400
2020-03-24 09:00:00+09:00,252.9998016357422,270.39353799819946,245.88418221473694,264.0685429573059,6513400
2020-03-25 09:00:00+09:00,263.2779235839844,268.021669954867,254.5810552373663,255.37167963251338,5115500
2020-03-26 09:00:00+09:00,261.6966552734375,269.6028986351728,255.3716605840493,256.95290925639637,5047000
2020-03-27 09:00:00+09:00,279.0903625488281,282.25285957487716,268.81224721416874,274.34661700975454,6654300
2020-03-30 09:00:00+09:00,275.0456237792969,275.85458149629477,258.86646943933823,269.3829197603113,5729000
2020-03-31 09:00:00+09:00,254.8216552734375,276.66351143973213,252.39478236607144,272.6187232607887,5593400
2020-04-01 09:00:00+09:00,244.3052520751953,257.2485766884507,241.0694209218815,249.96795659349456,4728200
2020-04-02 09:00:00+09:00,235.4066619873047,242.6872803992832,232.97978918331185,238.64249239262847,4154200
2020-04-03 09:00:00+09:00,236.21563720703125,257.24853641039704,232.9798065603596,249.1589597937179,3155100
2020-04-06 09:00:00+09:00,243.49624633789062,245.92311922497922,229.74396664438848,229.74396664438848,2976200
2020-04-07 09:00:00+09:00,249.1589813232422,254.82168544422495,243.4962772022594,249.96793905481115,3736400
2020-04-08 09:00:00+09:00,256.4395751953125,260.4843634476045,251.58582929256212,252.3947869430205,4597600
2020-04-09 09:00:00+09:00,251.58584594726562,258.05750757934965,247.5410574272131,256.4395921713286,4334500
2020-04-10 09:00:00+09:00,256.4395751953125,258.0574904962293,245.9231257393533,250.7768716421037,4618400
2020-04-13 09:00:00+09:00,247.54103088378906,253.20373420466007,247.54103088378906,251.5858189701255,3183900
2020-04-14 09:00:00+09:00,251.58584594726562,254.8216767633076,245.9231420191921,249.9679305392446,4443100
2020-04-15 09:00:00+09:00,245.11416625976562,247.54103919303063,240.26042039323562,246.73208154860896,4769300
2020-04-16 09:00:00+09:00,248.34999084472656,249.15894846962794,240.26041459571266,241.06937222061404,4367200
2020-04-17 09:00:00+09:00,247.54103088378906,254.01269182192735,245.9231156492545,252.39477658739278,2933900
2020-04-20 09:00:00+09:00,246.73207092285156,248.3499861420178,244.30519809410222,244.30519809410222,1824600
2020-04-21 09:00:00+09:00,245.92311096191406,246.73206856376245,240.26040774897524,241.87832295267205,2566400
2020-04-22 09:00:00+09:00,246.73207092285156,249.15894375160093,240.26041004618662,240.26041004618662,2815600
2020-04-23 09:00:00+09:00,251.58584594726562,251.58584594726562,244.30522661117112,246.73209972320262,2436700
2020-04-24 09:00:00+09:00,250.77688598632812,253.20375907651842,247.54105519940777,252.39480137978833,2981200
2020-04-27 09:00:00+09:00,260.484375,261.2933326863354,248.35000970496895,253.20375582298138,4036200
2020-04-28 09:00:00+09:00,263.72015380859375,266.14702638965446,258.8664086464724,262.1022387545533,6802300
2020-04-30 09:00:00+09:00,268.5739440917969,275.8545630581408,268.5739440917969,270.1918594176511,4827200
2020-05-01 09:00:00+09:00,259.6753845214844,266.147045194917,257.24851176894714,265.33808761073794,2959900
2020-05-07 09:00:00+09:00,255.63063049316406,256.4395881845981,249.15896896169156,252.3947997274278,2823700
2020-05-08 09:00:00+09:00,262.102294921875,263.72021032262734,255.63063331886576,258.05750641999424,3021500
2020-05-11 09:00:00+09:00,263.72015380859375,266.14702638965446,262.1022387545533,262.91119628157355,1997100
2020-05-12 09:00:00+09:00,255.63063049316406,263.7202074075047,254.82167280173,262.91124971607064,2868100
2020-05-13 09:00:00+09:00,254.8216552734375,257.2485281808036,249.96790945870538,251.58582473028275,2251000
2020-05-14 09:00:00+09:00,244.3052520751953,252.39482995847993,244.3052520751953,251.58587217015148,2378100
2020-05-15 09:00:00+09:00,252.39479064941406,258.0574942857791,251.5858329870762,257.2485366234413,3327800
2020-05-18 09:00:00+09:00,252.39479064941406,253.20374831175192,246.732087013049,249.96791766240048,4233800
2020-05-19 09:00:00+09:00,259.6753845214844,265.33808761073794,258.05746935312624,261.2932996898425,4853400
2020-05-20 09:00:00+09:00,254.8216552734375,257.2485281808036,253.20374000186013,254.8216552734375,3005700
2020-05-21 09:00:00+09:00,258.0574645996094,258.86642216888714,254.0126767532205,255.63059189177605,1824800
2020-05-22 09:00:00+09:00,253.20367431640625,258.0574188719923,251.58575946454422,258.0574188719923,2193500
2020-05-25 09:00:00+09:00,257.2485656738281,258.0575234275194,254.8216924127543,257.2485656738281,2245000
2020-05-26 09:00:00+09:00,263.72015380859375,263.72015380859375,258.0574511194522,258.8664086464724,3670800
2020-05-27 09:00:00+09:00,275.0456237792969,278.28145464728857,266.9560466093175,269.3829197603113,3937700
2020-05-28 09:00:00+09:00,287.9888916015625,289.6068067229196,279.899315994777,281.5172311161341,5349800
2020-05-29 09:00:00+09:00,284.7530212402344,290.41572336717087,280.7082340067083,281.51719145341355,8181200
2020-06-01 09:00:00+09:00,285.5620422363281,286.3709998630599,280.7082964759373,282.3262117294009,3550900
2020-06-02 09:00:00+09:00,285.5620422363281,291.22474562345076,283.94412698286453,287.9889151165236,3423900
2020-06-03 09:00:00+09:00,287.17999267578125,292.03373903086487,283.1352040465449,292.03373903086487,3714300
2020-06-04 09:00:00+09:00,287.17999267578125,294.4606122084067,286.37103494993397,293.6516544825594,3648500
2020-06-05 09:00:00+09:00,293.651611328125,294.46056893508955,288.7978656863378,292.03369611419595,3475800
2020-06-08 09:00:00+09:00,306.5949401855469,308.2128554371856,299.3143215531724,300.93223680481117,4417300
2020-06-09 09:00:00+09:00,302.5502014160156,310.63977899398395,299.3143703848283,309.8308212361871,3172700
2020-06-10 09:00:00+09:00,301.7412109375,303.3591262776475,299.3143379272788,302.5501686075737,2671800
2020-06-11 09:00:00+09:00,290.4158020019531,296.07850566215836,289.6068443362095,291.22475966769673,3261100
2020-06-12 09:00:00+09:00,284.7530212402344,287.17989358035004,278.2813616665927,282.32614890011877,4104000
2020-06-15 09:00:00+09:00,279.09039306640625,288.7978849991508,279.09039306640625,287.9889273380888,3127900
2020-06-16 09:00:00+09:00,292.03369140625,294.46056418801936,285.56203065486494,289.6068186244806,3502000
2020-06-17 09:00:00+09:00,292.03369140625,296.8874369697888,287.98890343663436,293.6516065940962,3346800
2020-06-18 09:00:00+09:00,288.7978820800781,290.41579738584886,285.56205146853665,289.6068397329635,2246500
2020-06-19 09:00:00+09:00,288.7978820800781,292.0337126916196,286.371009121422,292.0337126916196,3809700
2020-06-22 09:00:00+09:00,288.7978820800781,292.0337126916196,287.9889244271928,287.9889244271928,1682100
2020-06-23 09:00:00+09:00,291.2247314453125,294.46056179470486,286.37098592122396,287.98890109592014,2577900
2020-06-24 09:00:00+09:00,287.17999267578125,292.03373903086487,286.37103494993397,292.03373903086487,2659600
2020-06-25 09:00:00+09:00,282.3262634277344,283.1352212025989,278.28147455341156,283.1352212025989,2096900
2020-06-26 09:00:00+09:00,287.17999267578125,291.2247813050176,285.5620772240867,288.7979081274758,2360500
2020-06-29 09:00:00+09:00,280.7083435058594,285.5620900794477,279.0904279813299,285.5620900794477,3734000
2020-06-30 09:00:00+09:00,279.09039306640625,288.7978849991508,279.09039306640625,284.7530966938406,3994100
2020-07-01 09:00:00+09:00,275.8545227050781,281.5172255172058,274.2366076158988,279.89931042802647,2974000
2020-07-02 09:00:00+09:00,276.6634826660156,279.8993128726357,274.2366100110506,274.2366100110506,6233700
2020-07-03 09:00:00+09:00,282.3262634277344,283.1352212025989,275.0456434539533,277.47251677854695,7109800
2020-07-06 09:00:00+09:00,287.17999267578125,288.7979081274758,280.7083308690031,281.51728859485036,3152700
2020-07-07 09:00:00+09:00,279.09039306640625,286.3710120159647,275.8545624221581,285.5620543549026,3548000
2020-07-08 09:00:00+09:00,276.6634826660156,283.1351430792558,274.2366100110506,275.0455675627056,3634300
2020-07-09 09:00:00+09:00,279.8993225097656,283.13515282779764,273.4276618737017,274.2366194532097,3351600
2020-07-10 09:00:00+09:00,271.0008239746094,276.66352775915345,271.0008239746094,275.85457007564713,4801200
2020-07-13 09:00:00+09:00,280.7083435058594,282.3262590303888,277.4725124568005,279.0904279813299,3969500
2020-07-14 09:00:00+09:00,277.4725036621094,281.5172923452305,275.0456304522367,276.66354592548515,4543900
2020-07-15 09:00:00+09:00,280.7083435058594,282.3262590303888,276.6635546945357,279.0904279813299,4119900
2020-07-16 09:00:00+09:00,282.3262634277344,288.7979256266509,281.5173056528698,284.7531367523281,3749200
2020-07-17 09:00:00+09:00,276.6634826660156,283.1351430792558,276.6634826660156,283.1351430792558,1838700
2020-07-20 09:00:00+09:00,280.7083435058594,281.5173012681241,274.23668140774157,274.23668140774157,2014900
2020-07-21 09:00:00+09:00,275.0456237792969,276.6635392132927,273.427708345301,276.6635392132927,2307600
2020-07-22 09:00:00+09:00,273.4276428222656,279.899303007408,273.4276428222656,278.2813879611224,2323800
2020-07-27 09:00:00+09:00,277.4725036621094,278.2814613987336,267.76501082261865,270.1918840324913,2610800
2020-07-28 09:00:00+09:00,273.4276428222656,276.6634729148368,272.61868529912283,274.2366003454084,1930000
2020-07-29 09:00:00+09:00,270.1918640136719,273.42769472042244,269.3829063369842,269.3829063369842,2409200
2020-07-30 09:00:00+09:00,265.3381042480469,272.6187229621701,264.5291466131443,271.80976532726754,2495700
2020-07-31 09:00:00+09:00,251.58584594726562,262.91125380341265,251.58584594726562,262.91125380341265,3755800
2020-08-03 09:00:00+09:00,261.2933044433594,261.2933044433594,254.8216436521926,255.63060125108845,2958000
2020-08-04 09:00:00+09:00,268.5739440917969,268.5739440917969,262.1022827883801,262.1022827883801,2341200
2020-08-05 09:00:00+09:00,266.9560241699219,268.57393946792143,262.1022782759233,264.5291512229226,2033700
2020-08-06 09:00:00+09:00,264.5291748046875,269.382921131379,263.72021708357227,267.7650056891485,2584700
2020-08-07 09:00:00+09:00,263.72015380859375,267.7649414436949,262.1022387545533,263.72015380859375,3386900
2020-08-11 09:00:00+09:00,282.3262634277344,282.3262634277344,271.0008545796304,272.6187701293596,3652000
2020-08-12 09:00:00+09:00,285.5620422363281,288.79787274325537,283.1351693561327,283.94412698286453,2884000
2020-08-13 09:00:00+09:00,287.17999267578125,288.7979081274758,283.1352040465449,287.17999267578125,2860000
2020-08-14 09:00:00+09:00,284.7530212402344,287.17989358035004,283.94406379352915,287.17989358035004,1932900
2020-08-17 09:00:00+09:00,286.37103271484375,291.2247790320445,284.75311727577684,285.5620749953103,2350900
2020-08-18 09:00:00+09:00,284.7530212402344,287.17989358035004,280.7082340067083,284.7530212402344,2716300
2020-08-19 09:00:00+09:00,284.7530212402344,286.3709361336448,279.8992765600031,280.7082340067083,1674500
2020-08-20 09:00:00+09:00,283.9441223144531,287.9889103816106,283.9441223144531,284.75307992788464,1657100
2020-08-21 09:00:00+09:00,283.1352233886719,286.37105451311385,279.8993922642299,284.7531389508929,1493600
2020-08-24 09:00:00+09:00,283.1352233886719,283.9441811697824,281.5173078264509,281.5173078264509,1294800
2020-08-25 09:00:00+09:00,289.6068115234375,296.07847211614,286.37098122708625,296.07847211614,3315700
2020-08-26 09:00:00+09:00,287.17999267578125,289.60686585332303,286.37103494993397,288.7979081274758,1186900
2020-08-27 09:00:00+09:00,282.3262634277344,283.94417897746354,281.5173056528698,283.1352212025989,1487500
2020-08-28 09:00:00+09:00,284.7530212402344,290.41572336717087,281.51719145341355,288.7978084737604,2752400
2020-08-31 09:00:00+09:00,284.7530212402344,287.9888510270552,281.51719145341355,285.5619786869396,4831300
2020-09-01 09:00:00+09:00,283.1352233886719,284.7531389508929,279.09043448311945,279.8993922642299,2109100
2020-09-02 09:00:00+09:00,282.3262634277344,285.56209452719264,281.5173056528698,283.1352212025989,1420800
2020-09-03 09:00:00+09:00,285.5620422363281,290.41578799671896,284.7530846095963,287.9889151165236,2299500
2020-09-04 09:00:00+09:00,294.4605712890625,296.887444129357,286.3709951547476,287.1799527681791,5472700
2020-09-07 09:00:00+09:00,301.7412109375,306.5949569579424,295.2695495769102,296.0785072469839,3873500
2020-09-08 09:00:00+09:00,307.4039001464844,308.21285777844884,302.5501543546978,302.5501543546978,2539300
2020-09-09 09:00:00+09:00,297.6964111328125,300.1232840496561,296.0784958549168,297.6964111328125,4096200
2020-09-10 09:00:00+09:00,303.3591003417969,304.97701554361976,296.8874395345052,298.5053547363281,2789800
2020-09-11 09:00:00+09:00,307.4039001464844,308.21285777844884,297.6964085629112,302.5501543546978,3383000
2020-09-14 09:00:00+09:00,319.5382385253906,321.1561536571648,312.25762043240707,312.25762043240707,5017700
2020-09-15 09:00:00+09:00,322.7741394042969,326.00997037576855,317.1114352042215,319.53830843282526,4098200
2020-09-16 09:00:00+09:00,317.1114196777344,323.58308130381056,315.49350427121533,320.34725049077247,4279900
2020-09-17 09:00:00+09:00,317.1114196777344,324.3920390070701,312.2576734581772,323.58308130381056,4255900
2020-09-18 09:00:00+09:00,318.72930908203125,320.3472243565593,313.066605621183,318.72930908203125,4045000
2020-09-23 09:00:00+09:00,313.06658935546875,316.30241973640386,309.8307589745337,313.8755469507025,4712400
2020-09-24 09:00:00+09:00,304.9770202636719,309.02180833082934,302.55014742337744,309.02180833082934,4670200
2020-09-25 09:00:00+09:00,304.1680603027344,309.83076355305127,303.35910269554626,309.02180594586315,9799800
2020-09-28 09:00:00+09:00,314.6845397949219,315.49349748077003,307.4039206222887,308.21287830813685,5539500
2020-09-29 09:00:00+09:00,317.1623840332031,320.4661588668823,313.0326654911041,316.3364403247833,3764200
2020-09-30 09:00:00+09:00,301.4694519042969,314.6845511658551,300.6435082004495,314.6845511658551,4838400
2020-10-02 09:00:00+09:00,303.12127685546875,310.5547686584639,300.64344625447035,304.773163922801,6054500
2020-10-05 09:00:00+09:00,310.5548095703125,317.1623587101064,308.902922285364,308.902922285364,4333400
2020-10-06 09:00:00+09:00,314.68450927734375,318.8142272468627,311.3807349017286,313.85856568343996,3748500
2020-10-07 09:00:00+09:00,315.5104675292969,317.98829842612383,310.554805735643,311.38074936791867,2824400
2020-10-08 09:00:00+09:00,315.5104675292969,318.8142420583995,313.85858026474557,318.8142420583995,2891100
2020-10-09 09:00:00+09:00,309.7288513183594,314.68451293945316,308.90290771484376,313.8585693359375,2406600
2020-10-12 09:00:00+09:00,309.7288513183594,310.554794921875,304.77318969726565,306.4250769042969,1878100
2020-10-13 09:00:00+09:00,313.0326232910156,315.5104540822374,308.902905305646,313.0326232910156,2292900
2020-10-14 09:00:00+09:00,310.5548095703125,311.3807532127867,307.2510350004155,308.902922285364,2911600
2020-10-15 09:00:00+09:00,311.3807373046875,314.68451170579823,309.7288501041321,311.3807373046875,3055500
2020-10-16 09:00:00+09:00,308.0769958496094,310.5548269154239,305.59916478379483,310.5548269154239,2380500
2020-10-19 09:00:00+09:00,310.5548095703125,312.206696855261,308.902922285364,311.3807532127867,1948500
2020-10-20 09:00:00+09:00,304.773193359375,309.7288550400152,303.947249745935,308.9029114265752,1856000
2020-10-21 09:00:00+09:00,307.2510070800781,311.38072491717594,304.7731763778194,308.0769506474977,2804200
2020-10-22 09:00:00+09:00,301.4694519042969,303.94728301583905,301.4694519042969,303.94728301583905,1951500
2020-10-23 09:00:00+09:00,304.773193359375,307.2510241996951,301.4694189056148,305.599136972815,1942500
2020-10-26 09:00:00+09:00,298.9916076660156,303.9472696715297,298.1656639984299,301.4694386687726,2041900
2020-10-27 09:00:00+09:00,298.1656494140625,299.81753666843406,294.86187490531944,299.81753666843406,2610700
2020-10-28 09:00:00+09:00,293.21002197265625,294.8619094203895,287.42841590558976,294.8619094203895,2699600
2020-10-29 09:00:00+09:00,289.9062194824219,293.20999406341815,288.25433219192377,288.25433219192377,2744300
2020-10-30 09:00:00+09:00,283.2987060546875,287.4284248018404,281.64681855582637,286.6024810524098,3462200
2020-11-02 09:00:00+09:00,297.3396911621094,298.1656347486708,287.4283681233724,287.4283681233724,3268200
2020-11-04 09:00:00+09:00,300.6434631347656,306.42506819504956,298.9915759746845,303.12129387488733,2777400
2020-11-05 09:00:00+09:00,289.9062194824219,295.68782499916534,283.2986703204293,295.68782499916534,4153700
2020-11-06 09:00:00+09:00,298.9916076660156,301.4694386687726,291.5581146577445,293.21000199291586,2478400
2020-11-09 09:00:00+09:00,298.9916076660156,303.9472696715297,298.1656639984299,301.4694386687726,2497600
2020-11-10 09:00:00+09:00,311.3807373046875,318.81422970718666,304.773188502466,318.81422970718666,4907300
2020-11-11 09:00:00+09:00,326.2477111816406,327.8995983268641,320.4661061733584,321.29204974597013,4693900
2020-11-12 09:00:00+09:00,320.4661560058594,328.7255930163197,318.81426860376735,328.7255930163197,2637400
2020-11-13 09:00:00+09:00,317.1623840332031,321.2921025753021,315.5104966163635,319.6402151584625,3540000
2020-11-16 09:00:00+09:00,326.2477111816406,329.5514854720876,323.7698804638054,323.7698804638054,3657000
2020-11-17 09:00:00+09:00,327.07366943359375,328.72555665295533,322.9439513851898,327.07366943359375,3751700
2020-11-18 09:00:00+09:00,319.6401672363281,322.1179979900981,316.33639289796815,321.2920544055081,3351700
2020-11-19 09:00:00+09:00,317.1623840332031,318.8142714500427,313.8586091995239,315.5104966163635,3247300
2020-11-20 09:00:00+09:00,320.4661560058594,320.4661560058594,312.20671899539906,312.20671899539906,1899300
2020-11-24 09:00:00+09:00,321.2920837402344,330.377464000241,320.46614008023374,330.377464000241,3234600
2020-11-25 09:00:00+09:00,320.4661560058594,328.7255930163197,317.9883249027213,327.8996493152736,3609000
2020-11-26 09:00:00+09:00,322.1180114746094,325.42178595127206,316.3364061404497,317.98829337878107,2864800
2020-11-27 09:00:00+09:00,322.94390869140625,325.42173919287484,318.8141911889586,323.7698521918958,4142300
2020-11-30 09:00:00+09:00,306.4250793457031,317.9882898870504,304.77319212551066,317.16234627695417,5941000
2020-12-01 09:00:00+09:00,307.2510070800781,313.0326120520151,303.1212892429803,308.0769506474977,3219100
2020-12-02 09:00:00+09:00,310.5548095703125,313.8585841402094,308.0769786428898,313.0326404977352,4132900
2020-12-03 09:00:00+09:00,313.0326232910156,317.16234127638523,310.55479249979385,314.68451048516346,3781400
2020-12-04 09:00:00+09:00,315.5104675292969,316.3364111615725,313.0326366324699,313.85858026474557,2053300
2020-12-07 09:00:00+09:00,313.85858154296875,322.9439615350021,312.20669427168997,321.2920742637233,2225100
2020-12-08 09:00:00+09:00,310.5548095703125,313.8585841402094,309.7288659278382,313.8585841402094,2303800
2020-12-09 09:00:00+09:00,311.3807373046875,313.03262450524284,308.9029065038544,309.7288501041321,2341500
2020-12-10 09:00:00+09:00,306.4250793457031,313.032628226473,306.4250793457031,312.2066846163768,2043900
2020-12-11 09:00:00+09:00,313.85858154296875,315.51046881424753,307.2510324578536,307.2510324578536,3917300
2020-12-14 09:00:00+09:00,313.85858154296875,318.8142433568051,312.20669427168997,314.6845251786081,2282000
2020-12-15 09:00:00+09:00,307.2510070800781,309.7288377823368,305.599119945239,307.2510070800781,2510700
2020-12-16 09:00:00+09:00,306.4250793457031,312.2066846163768,305.5991357356069,310.5547973961843,2152200
2020-12-17 09:00:00+09:00,301.4694519042969,306.4251141273812,300.6435082004495,305.5991704235338,2464400
2020-12-18 09:00:00+09:00,300.6434631347656,303.94723745492786,299.81751955472504,301.4694067148062,3587700
2020-12-21 09:00:00+09:00,302.29541015625,308.07701636142417,299.8175789254611,304.7732413870389,3049900
2020-12-22 09:00:00+09:00,296.5137634277344,302.29536884275984,296.5137634277344,301.4694252120419,2214800
2020-12-23 09:00:00+09:00,292.3840637207031,293.21000740352997,288.2543453065689,292.3840637207031,3123800
2020-12-24 09:00:00+09:00,298.1656494140625,300.64348029561984,295.6878185325052,296.513762159691,2081500
2020-12-25 09:00:00+09:00,300.6434631347656,303.12129387488733,296.5137452345628,296.5137452345628,1638800
2020-12-28 09:00:00+09:00,298.9916076660156,302.29538233635833,296.51377666325857,301.4694386687726,2289000
2020-12-29 09:00:00+09:00,303.12127685546875,303.9472203891349,299.8175027208042,302.2953333218026,2547500
2020-12-30 09:00:00+09:00,299.8175354003906,303.9472535188533,298.9915917766981,303.9472535188533,2795300
2021-01-04 09:00:00+09:00,294.0359191894531,298.16563715559715,291.55808840976675,298.16563715559715,2165600
2021-01-05 09:00:00+09:00,288.2543640136719,291.5581389593873,287.428420277243,289.0803077501007,2787800
2021-01-06 09:00:00+09:00,295.68780517578125,297.3396923555342,289.9062000466459,289.9062000466459,2802800
2021-01-07 09:00:00+09:00,300.6434631347656,304.77318103496845,298.9915759746845,302.29535029484674,4171600
2021-01-08 09:00:00+09:00,306.4250793457031,307.2510229557994,300.6434740750295,302.29536129522194,3210600
2021-01-12 09:00:00+09:00,313.85858154296875,315.51046881424753,308.076976093493,310.5548070004112,3896000
2021-01-13 09:00:00+09:00,320.4661560058594,327.0737056142276,319.64021230481336,324.5958745110895,4036100
2021-01-14 09:00:00+09:00,327.07366943359375,329.5515002626361,317.98828972710504,319.6401769464666,4018700
2021-01-15 09:00:00+09:00,322.94390869140625,329.5514566953225,322.94390869140625,327.8995696943434,3004100
2021-01-18 09:00:00+09:00,322.94390869140625,324.5957956923853,319.64013468944813,320.46607818993766,2079500
2021-01-19 09:00:00+09:00,322.94390869140625,327.0736261938539,321.2920216904272,323.7698521918958,2119900
2021-01-20 09:00:00+09:00,322.94390869140625,324.5957956923853,317.9882476884691,324.5957956923853,2802800
2021-01-21 09:00:00+09:00,320.4661560058594,327.8996493152736,319.64021230481336,322.9439871089975,2166800
2021-01-22 09:00:00+09:00,319.6401672363281,320.4661108209181,313.0326185596082,317.16233648255815,3762800
2021-01-25 09:00:00+09:00,324.5958557128906,326.24774301931757,320.4661374468233,321.2920811000368,2691400
2021-01-26 09:00:00+09:00,323.7699279785156,327.0737027538066,322.9439842846929,324.5958716723384,2921500
2021-01-27 09:00:00+09:00,319.6401672363281,327.07365949763806,318.81422365173813,327.07365949763806,4162000
2021-01-28 09:00:00+09:00,313.85858154296875,318.8142433568051,311.38075063605055,316.3364124498869,11851000
2021-01-29 09:00:00+09:00,313.0326232910156,317.16234127638523,311.3807360968678,315.5104540822374,3895600
2021-02-01 09:00:00+09:00,317.98828125,321.29205560064935,311.3807325487013,312.2066761363636,2673500
2021-02-02 09:00:00+09:00,317.98828125,319.6401684253247,314.68450689935065,317.98828125,2635200
2021-02-03 09:00:00+09:00,328.7255859375,328.7255859375,318.8142617383794,320.4661491048995,2832800
2021-02-04 09:00:00+09:00,320.4661560058594,328.7255930163197,317.16238120167526,325.4218182121356,4184200
2021-02-05 09:00:00+09:00,325.4217834472656,328.7255578985069,319.64017815759337,323.76989622164496,3560100
2021-02-08 09:00:00+09:00,339.46282958984375,341.1147168384561,327.8996188495571,327.8996188495571,4905100
2021-02-09 09:00:00+09:00,329.5515441894531,339.4628688267299,325.4218255905878,339.4628688267299,3873000
2021-02-10 09:00:00+09:00,328.7255859375,330.3774733040201,324.59586752119975,330.3774733040201,2518000
2021-02-12 09:00:00+09:00,328.7255859375,330.3774733040201,326.24775488771985,329.55152962076005,2706300
2021-02-15 09:00:00+09:00,333.6812438964844,336.1590749155177,330.37746920444,331.20341287745106,3014300
2021-02-16 09:00:00+09:00,348.5481872558594,352.6779051143411,332.0293158219324,333.6812029653251,4884300
2021-02-17 09:00:00+09:00,351.85198974609375,356.8076515735035,351.02604610819213,351.85198974609375,3217900
2021-02-18 09:00:00+09:00,347.7223205566406,354.3298705909711,345.2444892937667,351.8520393280972,2797300
2021-02-19 09:00:00+09:00,343.5925598144531,351.8519963484544,342.766616161053,349.37416538825397,2144400
2021-02-22 09:00:00+09:00,351.85198974609375,360.11142612511003,351.02604610819213,355.9817079356019,2752200
2021-02-24 09:00:00+09:00,352.677978515625,360.93741595158815,351.85203477202873,360.93741595158815,3989100
2021-02-25 09:00:00+09:00,356.8076477050781,361.76330947875977,353.50387318929035,359.28547859191895,3134000
2021-02-26 09:00:00+09:00,339.46282958984375,355.9817020759675,339.46282958984375,354.32981482735516,4251200
2021-03-01 09:00:00+09:00,349.3741760253906,350.2001197039377,340.2887955613734,341.9406829184674,2960900
2021-03-02 09:00:00+09:00,348.5481872558594,352.6779051143411,345.244412969074,351.02601797094843,2627600
2021-03-03 09:00:00+09:00,351.85198974609375,352.67793338399537,346.896327918684,351.85198974609375,2327600
2021-03-04 09:00:00+09:00,352.677978515625,355.98175349001025,347.72231605404716,352.677978515625,2941000
2021-03-05 09:00:00+09:00,354.3298034667969,356.807634260271,350.2000854776734,355.9816906624463,3367000
2021-03-08 09:00:00+09:00,361.7633056640625,365.0670801450128,356.80764394263696,359.28547480334976,3717100
2021-03-09 09:00:00+09:00,379.1081237792969,382.41189827846284,371.6746311561734,373.32651840575636,5399100
2021-03-10 09:00:00+09:00,378.28216552734375,379.1081091201982,366.71895522738123,373.32650397021695,3714500
2021-03-11 09:00:00+09:00,379.9341125488281,383.2378874405571,377.45628138003144,379.9341125488281,3203400
2021-03-12 09:00:00+09:00,376.63031005859375,377.45625372100295,367.5449297720926,377.45625372100295,5432300
2021-03-15 09:00:00+09:00,383.23785400390625,386.5416286073882,377.4562484478128,382.41191035303575,3440900
2021-03-16 09:00:00+09:00,379.9341125488281,381.5859999946926,375.80439393416697,378.28222510296365,3915200
2021-03-17 09:00:00+09:00,385.7156677246094,385.7156677246094,375.8043443569535,379.10811881283877,3325100
2021-03-18 09:00:00+09:00,404.71234130859375,408.8420590770488,388.1934702347736,388.1934702347736,7843200
2021-03-19 09:00:00+09:00,412.1458740234375,415.44964856470756,406.36426857621495,408.84209948216744,8504900
2021-03-22 09:00:00+09:00,404.71234130859375,410.4939461844308,401.40856709382973,409.6680026307398,4522900
2021-03-23 09:00:00+09:00,393.149169921875,403.06049353335084,388.1935081161371,403.06049353335084,5028200
2021-03-24 09:00:00+09:00,374.9783935546875,384.0637731342064,372.5005627602732,383.23782953606826,5561400
2021-03-25 09:00:00+09:00,384.0638122558594,386.54164330267133,378.2822064799647,379.10815016223535,3810300
2021-03-26 09:00:00+09:00,385.7156677246094,390.6713294084374,383.23783688269543,389.84538579446604,4573400
2021-03-29 09:00:00+09:00,386.5415954589844,392.3232005192683,380.75999039870044,389.8453697791466,4678200
2021-03-30 09:00:00+09:00,385.699462890625,389.0680171516785,379.8044929337814,384.0151857600983,4670900
2021-03-31 09:00:00+09:00,378.1202087402344,384.0151785869641,377.27807019070156,380.64662438883283,3984800
2021-04-01 09:00:00+09:00,378.1202087402344,383.1730400374313,373.9095159925703,374.7516545421031,4318200
2021-04-02 09:00:00+09:00,377.2781066894531,384.85735436848233,373.9095521654402,380.64666121346613,1887200
2021-04-05 09:00:00+09:00,383.1730651855469,387.3837582095639,378.1202335567265,378.1202335567265,2784900
2021-04-06 09:00:00+09:00,371.38311767578125,383.1730579194568,369.6988404981133,382.33091933062286,3538600
2021-04-07 09:00:00+09:00,372.22528076171875,374.7516966944906,367.17244889617507,371.3831421174615,2853200
2021-04-08 09:00:00+09:00,362.11956787109375,372.2252302302871,359.59315228129543,372.2252302302871,4065000
2021-04-09 09:00:00+09:00,362.9617919921875,368.0146243633084,362.1196532636673,364.6460694492278,3882000
2021-04-12 09:00:00+09:00,363.80389404296875,369.69886454829464,361.2774781121148,366.3303099738227,2649800
2021-04-13 09:00:00+09:00,362.9617919921875,367.17248563478825,362.1196532636673,362.9617919921875,2409300
2021-04-14 09:00:00+09:00,361.2774658203125,363.80388166520976,354.5403569005864,358.7510499754152,2894400
2021-04-15 09:00:00+09:00,362.11956787109375,368.0145375806232,359.59315228129543,364.64598346089207,2381200
2021-04-16 09:00:00+09:00,357.0667419433594,363.8038502819133,354.54032631640166,362.9617117395941,2749000
2021-04-19 09:00:00+09:00,357.9089050292969,361.2774594295726,352.8560734288833,356.22462782915903,2276200
2021-04-20 09:00:00+09:00,350.3296813964844,357.06679065410907,346.96112676767206,356.224651996906,3747700
2021-04-21 09:00:00+09:00,346.96112060546875,350.3296751744539,343.5925660364836,344.4347046787299,4259100
2021-04-22 09:00:00+09:00,349.487548828125,352.856103515625,346.9611328125,351.171826171875,3102700
2021-04-23 09:00:00+09:00,351.17181396484375,352.01395260744533,347.8032593944376,348.6453980370391,2121600
2021-04-26 09:00:00+09:00,348.6453552246094,356.22460207731825,346.9610781462296,353.6981864597486,2438400
2021-04-27 09:00:00+09:00,347.8032531738281,349.4875304289072,342.7504214085909,345.2768372912095,3324200
2021-04-28 09:00:00+09:00,349.487548828125,352.856103515625,347.803271484375,349.487548828125,3176600
2021-04-30 09:00:00+09:00,345.2768249511719,352.0139337307069,344.43468635373,349.48751793838125,3092100
2021-05-06 09:00:00+09:00,359.5932312011719,364.6460634897129,352.0139827683603,354.5403989126308,6445600
2021-05-07 09:00:00+09:00,362.9617919921875,368.8567630918286,361.2775145351472,362.9617919921875,3582400
2021-05-10 09:00:00+09:00,368.01458740234375,368.856726046285,361.27747825081343,362.96175553869597,3734700
2021-05-11 09:00:00+09:00,357.0667419433594,366.33026590887107,356.2246034010401,363.8038502819133,4393900
2021-05-12 09:00:00+09:00,360.4353332519531,362.9617491392332,352.01394696101966,353.69822421920634,3750800
2021-05-13 09:00:00+09:00,345.2768249511719,362.1195969000095,343.59254775628807,358.751042510242,5867600
2021-05-14 09:00:00+09:00,356.22467041015625,358.751086512356,348.64542210355717,349.4875608042904,3131000
2021-05-17 09:00:00+09:00,356.22467041015625,362.11964131528885,352.01397690649014,357.0668091108895,2534400
2021-05-18 09:00:00+09:00,359.5932312011719,366.3303409192266,358.751092486415,361.27750863068553,3006600
2021-05-19 09:00:00+09:00,354.5404052734375,362.961792572094,352.01398908384056,355.38254400330317,3832600
2021-05-20 09:00:00+09:00,357.9089050292969,359.5931822294347,351.1717962287454,352.01393482881434,2899000
2021-05-21 09:00:00+09:00,351.17181396484375,357.06678446305455,350.3296753222422,356.224645820453,2676100
2021-05-24 09:00:00+09:00,356.22467041015625,360.4353639138224,352.01397690649014,352.01397690649014,2374100
2021-05-25 09:00:00+09:00,357.0667419433594,361.2774346549556,356.2246034010401,357.0667419433594,3005100
2021-05-26 09:00:00+09:00,351.17181396484375,357.90892310565613,350.3296753222422,353.6982298926484,3015200
2021-05-27 09:00:00+09:00,339.3818664550781,349.48752997235096,338.5397278286387,344.4346982137145,9940900
2021-05-28 09:00:00+09:00,351.17181396484375,352.01395260744533,344.4347048240314,346.1189821092345,3230300
2021-05-31 09:00:00+09:00,337.6976013183594,348.6454038548648,336.85546266170513,347.8032651982105,3793200
2021-06-01 09:00:00+09:00,343.5925598144531,344.43469844144937,336.01331217148726,339.38186667947207,4611600
2021-06-02 09:00:00+09:00,349.487548828125,354.54038085937503,345.27685546875,346.9611328125,4327700
2021-06-03 09:00:00+09:00,348.6453552246094,357.908879155698,346.9610781462296,346.9610781462296,2982500
2021-06-04 09:00:00+09:00,348.6453552246094,356.22460207731825,346.9610781462296,354.5403249989385,2372700
2021-06-07 09:00:00+09:00,346.11895751953125,352.8560661817119,346.11895751953125,352.8560661817119,2923100
2021-06-08 09:00:00+09:00,351.17181396484375,353.6982298926484,346.96112075183606,349.4875366796407,2295600
2021-06-09 09:00:00+09:00,343.5925598144531,350.3296688304228,342.75042118745694,348.64539157643037,2030900
2021-06-10 09:00:00+09:00,344.4347229003906,346.9611389607847,339.3818907796025,341.06616815319853,3154300
2021-06-11 09:00:00+09:00,339.3818664550781,342.75042096083575,334.32903469644174,342.75042096083575,5438900
2021-06-14 09:00:00+09:00,345.2768249511719,347.8032407434975,337.6975775741949,342.7504091588462,4273800
2021-06-15 09:00:00+09:00,349.487548828125,352.01396484375,344.434716796875,345.27685546875,2764100
2021-06-16 09:00:00+09:00,351.17181396484375,354.54036853524997,348.6453980370391,349.4875366796407,3208000
2021-06-17 09:00:00+09:00,352.8560485839844,362.11957253248994,351.1717715024379,357.90887982862375,4201600
2021-06-18 09:00:00+09:00,348.6453552246094,352.85604792055875,346.9610781462296,349.48749376379925,5210100
2021-06-21 09:00:00+09:00,337.6976013183594,344.4347105715935,336.01332400505083,344.4347105715935,4746600
2021-06-22 09:00:00+09:00,356.22467041015625,358.751086512356,350.32969950502365,351.1718382057569,5738000
2021-06-23 09:00:00+09:00,357.0667419433594,359.5931575703171,352.85604923176317,354.54032631640166,3941500
2021-06-24 09:00:00+09:00,359.5932312011719,359.5932312011719,351.1718440536034,356.2246763421445,3937800
2021-06-25 09:00:00+09:00,360.4353332519531,363.80388776832655,358.75105599376644,362.9617491392332,3888600
2021-06-28 09:00:00+09:00,359.5932312011719,363.8039247749561,357.90895377165816,362.1196473454424,3536900
2021-06-29 09:00:00+09:00,350.3296813964844,356.224651996906,349.4875427392813,353.69823602529675,3394100
2021-06-30 09:00:00+09:00,342.75042724609375,350.3296750230344,342.75042724609375,348.6453977392698,5048000
2021-07-01 09:00:00+09:00,346.96112060546875,348.6453978899613,344.4347046787299,345.2768433209762,3799200
2021-07-02 09:00:00+09:00,352.0139465332031,352.856085161273,347.80325339285383,348.6453920209237,4075200
2021-07-05 09:00:00+09:00,352.0139465332031,354.5403624174127,348.6453920209237,352.856085161273,2559500
2021-07-06 09:00:00+09:00,348.6453552246094,352.0139093813689,346.9610781462296,352.0139093813689,2786700
2021-07-07 09:00:00+09:00,336.0133361816406,341.9083069918449,334.3290588072966,338.5397522431567,5840400
2021-07-08 09:00:00+09:00,330.9604797363281,336.0133114880278,330.9604797363281,334.3290342374612,3956900
2021-07-09 09:00:00+09:00,332.6447448730469,332.6447448730469,322.53908173766314,322.53908173766314,5300700
2021-07-12 09:00:00+09:00,337.6976013183594,341.06615594497646,336.01332400505083,341.06615594497646,3960200
2021-07-13 09:00:00+09:00,344.4347229003906,346.11900027398667,339.3818907796025,341.06616815319853,4129600
2021-07-14 09:00:00+09:00,343.5925598144531,345.27683706844556,336.85545079848345,337.6975894254797,3575100
2021-07-15 09:00:00+09:00,338.5397033691406,344.43467332830477,338.5397033691406,344.43467332830477,3284000
2021-07-16 09:00:00+09:00,341.9082336425781,342.75037214908696,337.6975411100341,339.3818181230517,3018200
2021-07-19 09:00:00+09:00,332.6447448730469,334.3290220622775,330.96046768381626,332.6447448730469,3192500
2021-07-20 09:00:00+09:00,326.74981689453125,329.2762330045405,325.0655394878584,325.9076781911948,4120800
2021-07-21 09:00:00+09:00,329.2761535644531,336.0132615657718,329.2761535644531,330.96043056478277,2644900
2021-07-26 09:00:00+09:00,330.1183776855469,334.32907127847477,329.2762389669613,330.1183776855469,2304600
2021-07-27 09:00:00+09:00,336.0133361816406,337.6976135559847,332.6447814329525,333.4869201201245,2803100
2021-07-28 09:00:00+09:00,334.32904052734375,337.697595091851,332.64476324509013,332.64476324509013,2441500
2021-07-29 09:00:00+09:00,333.48687744140625,337.6975703383937,332.64473886200875,336.0132931795987,2925600
2021-07-30 09:00:00+09:00,330.1183776855469,336.0133487156459,330.1183776855469,335.1712099970604,3405300
2021-08-02 09:00:00+09:00,342.75042724609375,345.27684317174067,334.32904082727083,336.0133181110354,3123200
2021-08-03 09:00:00+09:00,346.11895751953125,351.17178901616677,338.539710274578,340.2239874401232,4501500
2021-08-04 09:00:00+09:00,346.96112060546875,352.01395245894645,344.4347046787299,345.2768433209762,3338300
2021-08-05 09:00:00+09:00,355.3824768066406,357.0667539479043,350.32964538284955,352.8560610947451,4070800
2021-08-06 09:00:00+09:00,352.0139465332031,357.0667783016223,350.32966927706343,355.38250104548257,1925400
2021-08-10 09:00:00+09:00,355.3824768066406,358.751031089168,351.1717839534814,357.0667539479043,3454200
2021-08-11 09:00:00+09:00,365.4881591796875,370.5409908734159,358.7510502547163,361.2774661015805,6790300
2021-08-12 09:00:00+09:00,366.33026123046875,369.6988153567259,364.64598416734015,368.8566768251616,3574400
2021-08-13 09:00:00+09:00,370.541015625,371.38315429687503,367.17246093750003,369.698876953125,3328700
2021-08-16 09:00:00+09:00,366.33026123046875,368.01453829359735,360.43529150951866,367.172399762033,4053400
2021-08-17 09:00:00+09:00,365.4881591796875,370.5409908734159,365.4881591796875,367.1724364109303,2188000
2021-08-18 09:00:00+09:00,366.33026123046875,368.01453829359735,364.64598416734015,367.172399762033,1926700
2021-08-19 09:00:00+09:00,359.5932312011719,365.48820220446976,358.751092486415,364.6460634897129,3100400
2021-08-20 09:00:00+09:00,361.2774658203125,362.961743050244,359.593188590381,359.593188590381,2862700
2021-08-23 09:00:00+09:00,364.64599609375,368.01455033018186,364.64599609375,364.64599609375,2579200
2021-08-24 09:00:00+09:00,361.2774658203125,364.64602028017555,359.593188590381,361.2774658203125,3461900
2021-08-25 09:00:00+09:00,358.7510681152344,362.11962274542435,355.38251348504434,361.27748408787687,3344900
2021-08-26 09:00:00+09:00,362.9617919921875,363.8039307207076,357.9089596210666,359.5932370781069,3565900
2021-08-27 09:00:00+09:00,361.2774658203125,362.11960443527823,357.90891136044945,361.2774658203125,3020800
2021-08-30 09:00:00+09:00,361.2774658203125,362.961743050244,357.06677274548366,361.2774658203125,3287500
2021-08-31 09:00:00+09:00,359.5932312011719,362.1196473454424,353.69826019787394,356.2246763421445,5298900
2021-09-01 09:00:00+09:00,361.2774658203125,362.11960443527823,357.90891136044945,357.90891136044945,3801300
2021-09-02 09:00:00+09:00,361.2774658203125,362.961743050244,358.7510499754152,361.2774658203125,3628400
2021-09-03 09:00:00+09:00,371.38311767578125,372.2252562646152,362.11959319860756,363.8038703762755,5385200
2021-09-06 09:00:00+09:00,369.6988220214844,373.9095147552143,368.0145449279924,372.2252376617223,4300200
2021-09-07 09:00:00+09:00,373.9095764160156,375.5938537872589,372.2252990447723,373.9095764160156,4330100
2021-09-08 09:00:00+09:00,373.9095764160156,377.2781311585023,372.2252990447723,376.4359924728806,4802300
2021-09-09 09:00:00+09:00,373.0674133300781,374.751690591162,370.5409974384523,371.38313606899425,3384500
2021-09-10 09:00:00+09:00,378.9623718261719,380.6466490342882,372.2252629937066,373.90954020182295,6364500
2021-09-13 09:00:00+09:00,387.3838195800781,387.3838195800781,375.5938772450323,379.80457093612006,4616500
2021-09-14 09:00:00+09:00,391.594482421875,391.594482421875,387.3837890625,389.910205078125,4892000
2021-09-15 09:00:00+09:00,381.4888000488281,384.8573545746456,378.1202455230107,384.8573545746456,3900600
2021-09-16 09:00:00+09:00,382.3309020996094,386.5415948540103,379.8044864469688,385.69945630313015,4174300
2021-09-17 09:00:00+09:00,384.0152282714844,387.3837829054448,381.4888122960141,386.54164424695466,5740500
2021-09-21 09:00:00+09:00,373.9095764160156,375.5938537872589,368.8567443022857,370.54102167352903,3824700
2021-09-22 09:00:00+09:00,368.8567199707031,372.2252744909835,366.33030408049285,370.54099723084335,3064200
2021-09-24 09:00:00+09:00,378.9623718261719,383.1730648464627,375.5938174099393,381.48878763834637,4291700
2021-09-27 09:00:00+09:00,384.0152282714844,384.85736692997443,380.646673637524,382.33095095450415,3594500
2021-09-28 09:00:00+09:00,389.0679931640625,390.75227019074674,382.3308850573255,386.5415776240361,4063300
2021-09-29 09:00:00+09:00,386.49713134765625,388.2110875842312,380.49828451964385,380.49828451964385,5719000
2021-09-30 09:00:00+09:00,378.7843322753906,389.0680698032293,378.7843322753906,385.64015729394976,5727500
2021-10-01 09:00:00+09:00,372.7854309082031,377.92729892073004,368.500540897764,376.21334291655444,5389600
2021-10-04 09:00:00+09:00,377.07037353515625,383.0692203868519,374.49943917014383,377.92735165682706,3927500
2021-10-05 09:00:00+09:00,380.4983215332031,383.92623433980856,377.0704087265977,377.0704087265977,4671800
2021-10-06 09:00:00+09:00,390.7820129394531,393.3529472351074,383.06921005249023,387.3541005452474,6022000
2021-10-07 09:00:00+09:00,394.2099609375,397.63787364130434,388.21111370584237,393.3529827615489,5094900
2021-10-08 09:00:00+09:00,398.49481201171875,403.63668055380543,393.35294346963207,400.2087681924143,5614200
2021-10-11 09:00:00+09:00,405.3506164550781,408.77852864497305,401.0657262177094,402.7796823126569,4540600
2021-10-12 09:00:00+09:00,403.63665771484375,406.207591840416,399.35176750555667,402.77967967298633,2871100
2021-10-13 09:00:00+09:00,399.351806640625,401.92274101813973,396.78087226311027,401.92274101813973,2513700
2021-10-14 09:00:00+09:00,392.4959716796875,395.923884096104,386.49712495095866,393.35294978379164,4574500
2021-10-15 09:00:00+09:00,399.351806640625,401.0657628923015,393.35295975975725,395.923894137272,3511700
2021-10-18 09:00:00+09:00,401.06573486328125,402.7796909951756,397.63782259949255,401.06573486328125,2172600
2021-10-19 09:00:00+09:00,395.9238586425781,401.0657269366376,394.2099025445583,399.35177083861777,2577000
2021-10-20 09:00:00+09:00,406.2076721191406,411.3495413864715,399.35184642936605,400.20882464058786,3884500
2021-10-21 09:00:00+09:00,405.3506164550781,411.34946278739426,402.7796823126569,408.77852864497305,2882000
2021-10-22 09:00:00+09:00,400.208740234375,403.63665235629685,397.63780614293364,401.0657182648555,3757200
2021-10-25 09:00:00+09:00,396.7808532714844,402.77969986522174,396.7808532714844,398.4948094411236,2491200
2021-10-26 09:00:00+09:00,398.49481201171875,401.0657462827621,393.35294346963207,395.0668996503276,2868500
2021-10-27 09:00:00+09:00,393.35296630859375,398.49483514922895,389.0680756080644,396.7808788690172,3352100
2021-10-28 09:00:00+09:00,388.2110900878906,392.4959807069623,383.926199468819,389.068068211705,11079400
2021-10-29 09:00:00+09:00,388.2110900878906,389.9250463355193,383.926199468819,385.6401557164477,3111400
2021-11-01 09:00:00+09:00,395.0669250488281,398.4948376305967,391.63901246705956,395.0669250488281,3062200
2021-11-02 09:00:00+09:00,390.7820129394531,397.63783772786456,389.0680567423502,390.7820129394531,2540900
2021-11-04 09:00:00+09:00,398.49481201171875,400.2087681924143,392.49596537928426,394.2099215599798,2871800
2021-11-05 09:00:00+09:00,392.4959716796875,393.35294978379164,389.9250373673752,392.4959716796875,2709800
2021-11-08 09:00:00+09:00,389.925048828125,397.6378519917582,389.0680706988324,396.7808738624657,1896600
2021-11-09 09:00:00+09:00,383.9261779785156,395.06689296449935,383.9261779785156,391.6389806611197,1997700
2021-11-10 09:00:00+09:00,382.21221923828125,386.4971095884862,379.6412850281583,384.7831534484042,2556900
2021-11-11 09:00:00+09:00,383.0691833496094,387.3540735436766,381.35522727198247,383.9261613884228,2549600
2021-11-12 09:00:00+09:00,392.4959716796875,395.923884096104,385.6401468468546,394.2099278878958,3986100
2021-11-15 09:00:00+09:00,385.6401062011719,393.3529083251953,385.6401062011719,389.0680182562934,2753100
2021-11-16 09:00:00+09:00,387.3540954589844,389.9250297208803,384.7831611970885,385.6401392843871,3342100
2021-11-17 09:00:00+09:00,383.0691833496094,389.0680296213035,382.2122053107959,389.0680296213035,2730000
2021-11-18 09:00:00+09:00,377.07037353515625,382.2122422651811,375.35641729181464,382.2122422651811,3167000
2021-11-19 09:00:00+09:00,376.2134094238281,377.07038757741316,370.21456234873295,376.2134094238281,3104100
2021-11-22 09:00:00+09:00,373.6424560546875,376.21339038533904,368.5005873933845,369.3575655036016,2462600
2021-11-24 09:00:00+09:00,378.7843322753906,382.2122447846702,376.21339789343097,378.7843322753906,2785400
2021-11-25 09:00:00+09:00,383.0691833496094,383.9261613884228,377.9273151167287,378.7842931555422,1886700
2021-11-26 09:00:00+09:00,374.49945068359375,378.78434142368064,371.92851623954164,377.92736327566325,3504800
2021-11-29 09:00:00+09:00,359.0738220214844,365.9296467856177,357.35986583045104,365.9296467856177,3913500
2021-11-30 09:00:00+09:00,353.93194580078125,365.07266080177436,353.93194580078125,360.78777041677705,5409600
2021-12-01 09:00:00+09:00,355.6459045410156,357.35986070747833,349.6470579583961,349.6470579583961,4359700
2021-12-02 09:00:00+09:00,352.2179870605469,354.78892127266766,348.79007477771916,349.6470528484261,3442200
2021-12-03 09:00:00+09:00,365.0726623535156,366.7866185147997,354.78892538581096,355.64590346645303,4400700
2021-12-06 09:00:00+09:00,362.50177001953125,368.50061727753763,362.50177001953125,365.07270455867683,2499500
2021-12-07 09:00:00+09:00,370.2145080566406,371.9284641124584,361.64472777755174,365.07263988918726,3850300
2021-12-08 09:00:00+09:00,369.3575744628906,373.64246511791254,368.50059633188624,371.0715307248994,2517600
2021-12-09 09:00:00+09:00,365.9296569824219,366.7866351018186,362.5017445048348,362.5017445048348,2246200
2021-12-10 09:00:00+09:00,362.50177001953125,367.6436390978225,362.50177001953125,366.78666091810726,2842700
2021-12-13 09:00:00+09:00,359.9308166503906,365.9296635945638,359.9308166503906,365.0726854596819,2062800
2021-12-14 09:00:00+09:00,361.644775390625,363.3587316720972,356.5029065462086,356.5029065462086,2200300
2021-12-15 09:00:00+09:00,363.35870361328125,365.9296378369601,361.644747464162,361.644747464162,2563400
2021-12-16 09:00:00+09:00,370.2145080566406,371.0714860845495,364.21566186127836,367.64357397291394,3160000
2021-12-17 09:00:00+09:00,368.50054931640625,372.7854394247366,365.07263722974204,371.07148338140445,2729700
2021-12-20 09:00:00+09:00,355.6459045410156,361.64475112363516,354.78892645778427,359.07381687394104,2938600
2021-12-21 09:00:00+09:00,359.9308166503906,364.21570732480006,359.9308166503906,362.50175105503627,1975700
2021-12-22 09:00:00+09:00,357.35986328125,363.35870990707434,355.64590710244306,362.5017318176709,1995200
2021-12-23 09:00:00+09:00,361.644775390625,361.644775390625,358.2168628276807,360.78779724988897,1391700
2021-12-24 09:00:00+09:00,359.0738220214844,364.2156905945844,359.0738220214844,362.50173440355104,1384500
2021-12-27 09:00:00+09:00,359.0738220214844,360.7877782125177,357.35986583045104,360.7877782125177,1292200
2021-12-28 09:00:00+09:00,361.644775390625,361.644775390625,358.2168628276807,359.9308191091529,2016100
2021-12-29 09:00:00+09:00,361.644775390625,365.07268795356936,359.0738409684168,359.0738409684168,2239000
2021-12-30 09:00:00+09:00,358.2168884277344,359.93084483169486,356.50293202377395,359.0738666297146,2458100
2022-01-04 09:00:00+09:00,365.9296569824219,369.35756946000896,359.07383202724765,363.3587226242315,3279900
2022-01-05 09:00:00+09:00,375.3564147949219,379.64130537477257,372.7854804470115,372.7854804470115,4979100
2022-01-06 09:00:00+09:00,377.07037353515625,389.9250453602184,377.07037353515625,379.64130790016867,5200400
2022-01-07 09:00:00+09:00,398.49481201171875,401.0657462827621,382.2122282951109,382.2122282951109,9112300
2022-01-11 09:00:00+09:00,407.9216003417969,410.49253479773256,396.78088436607555,405.3506658858612,7256700
2022-01-12 09:00:00+09:00,407.9216003417969,410.49253479773256,402.7797314299255,408.77857849377546,5482900
2022-01-13 09:00:00+09:00,415.63433837890625,417.34829441345846,401.0657120852126,407.9215362234214,4106300
2022-01-14 09:00:00+09:00,409.6355285644531,413.92041903060846,403.6366819118356,410.4925066576842,4969100
2022-01-17 09:00:00+09:00,408.7785339355469,415.6343584040676,406.20759975985163,407.9215558769818,2252500
2022-01-18 09:00:00+09:00,407.9216003417969,421.63325077345394,404.4936877338826,418.2053381655397,4463900
2022-01-19 09:00:00+09:00,395.9238586425781,408.7785293777268,393.3529244955484,401.0657269366376,4722100
2022-01-20 09:00:00+09:00,389.925048828125,401.06576450892857,387.35411444024726,394.20993947458794,3234900
2022-01-21 09:00:00+09:00,389.0679931640625,391.63892703959596,376.2133237863952,385.6400813300179,3097000
2022-01-24 09:00:00+09:00,401.9226989746094,403.63665504699577,391.63896254029106,392.49594057648426,2942000
2022-01-25 09:00:00+09:00,401.9226989746094,403.63665504699577,394.20989664887065,398.4947868298366,3808900
2022-01-26 09:00:00+09:00,400.208740234375,407.0645644782187,397.63780614293364,403.63665235629685,3682000
2022-01-27 09:00:00+09:00,402.7796936035156,411.34947431848406,397.6378251745346,407.06458396099987,4039100
2022-01-28 09:00:00+09:00,409.6355285644531,410.4925066576842,403.6366819118356,407.0645942847599,4406000
2022-01-31 09:00:00+09:00,401.9226989746094,403.63665504699577,398.4947868298366,401.9226989746094,3374800
2022-02-01 09:00:00+09:00,401.9226989746094,404.49363308318897,395.923852721257,397.6378087936434,3326400
2022-02-02 09:00:00+09:00,409.6355285644531,410.4925066576842,401.9227257253734,407.0645942847599,3882000
2022-02-03 09:00:00+09:00,413.0634765625,415.63441106392634,409.63556389393153,413.0634765625,3111800
2022-02-04 09:00:00+09:00,413.92047119140625,419.9193185999774,407.9216237828351,416.4914057950796,4120100
2022-02-07 09:00:00+09:00,431.0599670410156,431.0599670410156,413.0634276615696,413.92040572725756,4354400
2022-02-08 09:00:00+09:00,437.0588073730469,441.3436976414101,423.3471585142846,424.2041365679572,4617700
2022-02-09 09:00:00+09:00,432.77392578125,442.20068456064354,427.6320573561262,440.4867284189356,3986100
2022-02-10 09:00:00+09:00,427.632080078125,434.48790500923724,424.2041676125689,433.6309268928482,3267800
2022-02-14 09:00:00+09:00,431.0599670410156,432.7739231723914,420.77623025276074,420.77623025276074,3388500
2022-02-15 09:00:00+09:00,419.91925048828125,431.059965297154,416.49133823939735,425.91809692382816,3880200
2022-02-16 09:00:00+09:00,429.34600830078125,432.77392054270365,426.7750741193395,429.34600830078125,3076800
2022-02-17 09:00:00+09:00,426.77508544921875,428.48904161568146,423.3471731162933,427.6320635324501,3168000
2022-02-18 09:00:00+09:00,420.7762145996094,425.06110476864814,415.6343463967628,419.9192365658016,3361600
2022-02-21 09:00:00+09:00,419.91925048828125,419.91925048828125,413.0634259905134,416.49133823939735,2015500
2022-02-22 09:00:00+09:00,413.92047119140625,414.7774493926307,408.7786019840596,411.3495365877329,3047300
2022-02-24 09:00:00+09:00,425.0611267089844,428.4890390211536,419.06228016268824,419.9192582407305,7264700
2022-02-25 09:00:00+09:00,401.9226989746094,418.20528166228013,395.923852721257,418.20528166228013,6728100
2022-02-28 09:00:00+09:00,403.63665771484375,407.0645698822734,400.2087455474141,401.0657235892715,6120100
2022-03-01 09:00:00+09:00,394.2099609375,406.2076554008152,394.2099609375,403.636720872962,5408700
2022-03-02 09:00:00+09:00,375.3564147949219,383.92619595462327,373.6424585629816,383.0692178386532,8288800
2022-03-03 09:00:00+09:00,388.2110900878906,390.7820244593336,379.64130884974736,382.21224322119036,5707100
2022-03-04 09:00:00+09:00,381.355224609375,392.49593903616574,378.78429051088483,388.21104887201545,6212200
2022-03-07 09:00:00+09:00,381.355224609375,383.0691806750351,373.6424223139045,374.49940034673455,4536700
2022-03-08 09:00:00+09:00,364.2156677246094,374.49940422506893,362.50171164119945,372.785448141659,5214300
2022-03-09 09:00:00+09:00,370.2145080566406,375.35637622409394,365.92961791709615,368.50055200082284,4761500
2022-03-10 09:00:00+09:00,380.4983215332031,383.0692561381572,372.7855177183409,374.49947412164363,4721300
2022-03-11 09:00:00+09:00,382.21221923828125,386.4971095884862,371.0715043277484,374.49941660791234,7243500
2022-03-14 09:00:00+09:00,388.2110900878906,391.63900258314794,384.7831775926333,389.068068211705,5895800
2022-03-15 09:00:00+09:00,396.7808532714844,399.3517875259432,389.0680505081078,395.06689710184514,4903700
2022-03-16 09:00:00+09:00,396.7808532714844,399.3517875259432,392.4959628473863,395.92387518666476,5392600
2022-03-17 09:00:00+09:00,401.9226989746094,407.06456719176856,399.3517648660298,401.0657209384162,6848000
2022-03-18 09:00:00+09:00,399.351806640625,402.779719143978,395.06691601143376,399.351806640625,7875800
2022-03-22 09:00:00+09:00,413.0634765625,418.2053455653527,400.20880405536826,400.20880405536826,8585600
2022-03-23 09:00:00+09:00,419.91925048828125,422.4901846749442,415.63436017717635,416.49133823939735,8698000
2022-03-24 09:00:00+09:00,413.92047119140625,415.63442759385515,409.635580185284,415.63442759385515,3836900
2022-03-25 09:00:00+09:00,414.7773742675781,416.4913303595929,411.34946208354853,415.6343523135855,2435800
2022-03-28 09:00:00+09:00,416.4913635253906,419.91927598238976,412.20647295414176,418.2053197538902,2663800
2022-03-29 09:00:00+09:00,413.0634765625,413.92045472964213,407.92160755964727,411.34952022821574,4845700
2022-03-30 09:00:00+09:00,411.31317138671875,419.1893810515708,406.06236494348406,418.314246644365,4364900
2022-03-31 09:00:00+09:00,400.8115539550781,408.6877635306146,399.9364195577963,404.31209154420543,3676200
2022-04-01 09:00:00+09:00,405.1872253417969,406.9374941337701,395.56074698594426,399.0612845698907,4108300
2022-04-04 09:00:00+09:00,410.4380187988281,413.06342190415114,402.56180948285913,403.43694385130016,2661300
2022-04-05 09:00:00+09:00,399.061279296875,412.1882950632196,398.18614491245205,408.68775752552773,5321100
2022-04-06 09:00:00+09:00,399.061279296875,403.43695121898986,397.3110105280291,399.061279296875,4422900
2022-04-07 09:00:00+09:00,399.061279296875,400.81154806572096,392.93533860591424,396.4358761436061,3550500
2022-04-08 09:00:00+09:00,395.5607604980469,398.1861637756888,391.18508836864373,396.43589492392755,4703700
2022-04-11 09:00:00+09:00,406.9375,408.6877688172043,397.31102150537635,398.1861559139785,5384700
2022-04-12 09:00:00+09:00,407.8126525878906,413.06345927357165,406.0623836926636,412.18832482595815,4713700
2022-04-13 09:00:00+09:00,406.0623779296875,408.6877812352674,399.0613024481412,402.56184018891435,4491900
2022-04-14 09:00:00+09:00,401.68670654296875,406.0623787275327,398.1861687953176,401.68670654296875,5715800
2022-04-15 09:00:00+09:00,408.687744140625,408.687744140625,400.81153493877144,400.81153493877144,3229100
2022-04-18 09:00:00+09:00,411.31317138671875,413.9385746083361,404.3120961290725,406.06236494348406,4106400
2022-04-19 09:00:00+09:00,416.5639953613281,420.06453313747375,412.1883231411461,418.31426424940094,3897700
2022-04-20 09:00:00+09:00,425.3153381347656,426.19047257537216,418.31426260991356,420.06453149112656,4865000
2022-04-21 09:00:00+09:00,425.3153381347656,434.9418169814373,424.44020369415915,428.8158758971917,6240900
2022-04-22 09:00:00+09:00,422.6899719238281,427.06564451103134,417.4391648191843,426.1905099935907,3896900
2022-04-25 09:00:00+09:00,414.8137512207031,418.31428920568794,413.0634822282107,413.9386167244569,3696200
2022-04-26 09:00:00+09:00,409.5628967285156,416.56397188626806,407.8126279390776,413.06343430739184,4115500
2022-04-27 09:00:00+09:00,400.8115539550781,408.6877635306146,399.9364195577963,404.31209154420543,7841900
2022-04-28 09:00:00+09:00,413.0634460449219,413.0634460449219,400.8115641707081,400.8115641707081,5122700
2022-05-02 09:00:00+09:00,413.9385681152344,416.56397129566926,409.5628961478429,410.4380305413212,4310300
2022-05-06 09:00:00+09:00,425.3153381347656,428.8158758971917,414.8137248474875,418.31426260991356,4864500
2022-05-09 09:00:00+09:00,420.0644836425781,427.06555836995443,417.43908061981205,426.1904240290324,3348500
2022-05-10 09:00:00+09:00,418.3142395019531,420.93964267874367,413.93856754063563,417.43910510968965,2707900
2022-05-11 09:00:00+09:00,399.061279296875,413.0634294476426,398.18614491245205,413.0634294476426,4909500
2022-05-12 09:00:00+09:00,401.68670654296875,409.5629164751838,400.81157210605596,405.1872442906199,4892900
2022-05-13 09:00:00+09:00,394.6856384277344,401.68671405394696,383.3088905351389,397.3110417875641,7190600
2022-05-16 09:00:00+09:00,388.5597229003906,398.1862025217967,385.9343193672799,394.685664477649,6719800
2022-05-17 09:00:00+09:00,378.05804443359375,389.4347911410861,378.93317879570856,388.5596567789714,4919600
2022-05-18 09:00:00+09:00,381.55859375,384.1839969180046,378.9331905819954,381.55859375,3772900
2022-05-19 09:00:00+09:00,380.6834411621094,383.30884420460666,371.05696333961924,371.93209768711836,5262600
2022-05-20 09:00:00+09:00,380.6834411621094,385.0591128996049,377.182903772113,378.0580381196121,5445200
2022-05-23 09:00:00+09:00,382.4337463378906,387.6845529237656,380.6834774759323,383.3088807688698,3387100
2022-05-24 09:00:00+09:00,378.05804443359375,387.68452241685657,377.18291007147894,386.80938805474176,3793400
2022-05-25 09:00:00+09:00,378.9331970214844,382.433734638311,378.0580626172777,380.68346582989767,2647200
2022-05-26 09:00:00+09:00,382.4337463378906,386.8094184927864,378.05807418299486,378.05807418299486,3987400
2022-05-27 09:00:00+09:00,384.18402099609375,387.68455877282355,381.5586176635464,385.9342898844586,3687400
2022-05-30 09:00:00+09:00,384.18402099609375,389.4348276611884,381.5586176635464,383.3088865519113,7400900
2022-05-31 09:00:00+09:00,380.6834411621094,388.5596502896013,378.93317246711115,385.0591128996049,7171400
2022-06-01 09:00:00+09:00,397.31097412109375,399.06124272955674,386.809362470316,387.6844967745474,7194500
2022-06-02 09:00:00+09:00,400.8115539550781,401.68668835235997,391.185075584978,393.81047877682346,4705800
2022-06-03 09:00:00+09:00,399.061279296875,405.1872199878358,396.4358761436061,403.43695121898986,5260000
2022-06-06 09:00:00+09:00,396.4359130859375,399.06131648385764,394.6856441539908,396.4359130859375,2581800
2022-06-07 09:00:00+09:00,401.68670654296875,406.9375131644455,400.81157210605596,402.56184097988154,3023600
2022-06-08 09:00:00+09:00,399.93646240234375,404.31213485751164,399.0613279113102,400.8115968933773,3035200
2022-06-09 09:00:00+09:00,404.31207275390625,406.0623414671266,395.5607291878044,396.4358635444146,4844100
2022-06-10 09:00:00+09:00,400.8115539550781,406.0623603387691,399.9364195577963,402.5618227496418,4016300
2022-06-13 09:00:00+09:00,406.0623779296875,406.0623779296875,393.81049583698143,393.81049583698143,5237000
2022-06-14 09:00:00+09:00,411.31317138671875,416.5639778299535,402.56182731466095,402.56182731466095,6123200
2022-06-15 09:00:00+09:00,408.687744140625,414.8136846309556,406.937475429102,409.56287849638653,6964100
2022-06-16 09:00:00+09:00,408.687744140625,413.9385502751941,402.56180365029445,406.937475429102,4524400
2022-06-17 09:00:00+09:00,402.5618591308594,411.3132038945737,397.3110522726308,406.93753151271653,7826100
2022-06-20 09:00:00+09:00,403.4369812011719,407.8126534484731,398.1861745044104,402.56184675171164,3696000
2022-06-21 09:00:00+09:00,409.5628967285156,411.31316551795373,404.31209036020135,406.9374935443585,4087800
2022-06-22 09:00:00+09:00,407.8126525878906,411.31319037834464,406.0623836926636,409.56292148311763,2646700
2022-06-23 09:00:00+09:00,406.0623779296875,410.438050105654,404.3121090593009,406.9375123648808,3139700
2022-06-24 09:00:00+09:00,403.4369812011719,406.9375189990128,401.6867123022514,401.6867123022514,3877100
2022-06-27 09:00:00+09:00,403.4369812011719,413.06346014523456,398.1861745044104,413.06346014523456,3095100
2022-06-28 09:00:00+09:00,410.4380187988281,411.3131531672691,405.18721258818215,406.93748132506414,3039100
2022-06-29 09:00:00+09:00,413.9385681152344,418.3142400826259,410.4380305413212,413.9385681152344,8912500
2022-06-30 09:00:00+09:00,411.31317138671875,413.06344020113033,404.3120961290725,406.93749935068985,5098300
2022-07-01 09:00:00+09:00,405.1872253417969,413.93856930166294,402.5618221538371,412.1883005096897,3685900
2022-07-04 09:00:00+09:00,402.5618591308594,408.68780046545936,400.8115901781165,406.93753151271653,4158300
2022-07-05 09:00:00+09:00,406.0623779296875,406.0623779296875,400.81157131852774,402.56184018891435,4898000
2022-07-06 09:00:00+09:00,384.18402099609375,402.56184432392513,382.4337521077289,399.93644099137776,4722000
2022-07-07 09:00:00+09:00,387.6845397949219,392.06021180163657,384.1840021895501,390.3099429989507,4137400
2022-07-08 09:00:00+09:00,394.6856384277344,397.3110417875641,385.0591594416921,387.6845628015218,5923500
2022-07-11 09:00:00+09:00,404.31207275390625,406.0623414671266,396.4358635444146,399.9364009708553,3728100
2022-07-12 09:00:00+09:00,394.6856384277344,399.93644514739384,392.93536952118126,399.93644514739384,2943600
2022-07-13 09:00:00+09:00,396.4359130859375,398.1861820178842,393.81050968801736,398.1861820178842,1731500
2022-07-14 09:00:00+09:00,386.8094177246094,392.0602243000566,383.3088800076446,389.434821012333,4768400
2022-07-15 09:00:00+09:00,371.9320983886719,382.43371057846963,370.18182969037224,381.55857622931984,5048800
2022-07-19 09:00:00+09:00,380.6834411621094,382.4337098571076,378.0580381196121,378.93317246711115,3594300
2022-07-20 09:00:00+09:00,389.4347839355469,391.185052627392,384.1839778600114,387.6845152437017,4260500
2022-07-21 09:00:00+09:00,392.0602111816406,392.9353455815996,385.9342703819275,385.9342703819275,2863700
2022-07-22 09:00:00+09:00,388.5597229003906,392.0602609445383,386.8094538783168,389.4348574114276,2709400
2022-07-25 09:00:00+09:00,393.8104553222656,393.8104553222656,387.6845149061415,387.6845149061415,2926700
2022-07-26 09:00:00+09:00,396.4359130859375,400.81158541580436,395.56077861996414,398.1861820178842,2782400
2022-07-27 09:00:00+09:00,396.4359130859375,399.936450949831,393.81050968801736,393.81050968801736,2778500
2022-07-28 09:00:00+09:00,396.4359130859375,399.06131648385764,392.935375222044,398.1861820178842,2985200
2022-07-29 09:00:00+09:00,394.6856384277344,399.06131069411725,391.1851006146281,392.06023506790467,4729100
2022-08-01 09:00:00+09:00,395.5607604980469,396.43589492392755,391.18508836864373,396.43589492392755,3803500
2022-08-02 09:00:00+09:00,388.5597229003906,394.685664477649,386.8094538783168,392.0602609445383,2996600
2022-08-03 09:00:00+09:00,387.6845397949219,388.5596741962648,383.3088677882072,388.5596741962648,2559300
2022-08-04 09:00:00+09:00,380.6834411621094,384.18397855210577,375.43263507711475,383.30884420460666,3814500
2022-08-05 09:00:00+09:00,376.3077697753906,379.80830716865006,373.68236673044606,376.3077697753906,4078400
2022-08-08 09:00:00+09:00,384.18402099609375,386.8094243286411,378.05807988681664,378.05807988681664,2730100
2022-08-09 09:00:00+09:00,380.6834411621094,385.0591128996049,378.0580381196121,381.5585755096085,2124000
2022-08-10 09:00:00+09:00,383.3088684082031,387.6845404219954,381.55859960268623,387.6845404219954,2438500
2022-08-12 09:00:00+09:00,389.4347839355469,394.6855900110823,385.9342465518566,390.30991828146944,4353700
2022-08-15 09:00:00+09:00,387.6845397949219,390.3099429989507,385.05913659089305,389.43480859760774,2038900
2022-08-16 09:00:00+09:00,387.6845397949219,389.43480859760774,386.8094053935789,388.5596741962648,1821700
2022-08-17 09:00:00+09:00,390.3099365234375,394.6856084575568,390.3099365234375,392.0602052970852,2709700
2022-08-18 09:00:00+09:00,387.6845397949219,393.81048060432244,387.6845397949219,391.1850774002936,2094000
2022-08-19 09:00:00+09:00,388.5597229003906,390.30999192246446,385.9343193672799,390.30999192246446,1275700
2022-08-22 09:00:00+09:00,391.18505859375,392.06019295302013,385.9342524381292,385.9342524381292,2176000
2022-08-23 09:00:00+09:00,385.9342956542969,391.1851023978927,385.0591611970309,390.30996794062673,1678800
2022-08-24 09:00:00+09:00,386.8094177246094,390.3099554415742,385.9342832953682,388.5596865830918,2118700
2022-08-25 09:00:00+09:00,392.0602111816406,392.0602111816406,385.9342703819275,386.8094047818865,2347100
2022-08-26 09:00:00+09:00,391.18505859375,394.68559603083054,391.18505859375,391.18505859375,2323900
2022-08-29 09:00:00+09:00,388.5597229003906,390.30999192246446,385.9343193672799,387.68458838935373,2908400
2022-08-30 09:00:00+09:00,389.4347839355469,392.0601869733146,388.55964958962426,392.0601869733146,1999000
2022-08-31 09:00:00+09:00,386.8094177246094,391.1850898708154,385.9342832953682,385.9342832953682,3644900
2022-09-01 09:00:00+09:00,385.9342956542969,387.6845645688288,381.55862336796696,385.0591611970309,3720700
2022-09-02 09:00:00+09:00,389.4347839355469,389.4347839355469,385.05911220593396,387.6845152437017,3473300
2022-09-05 09:00:00+09:00,385.05914306640625,389.4348151467063,383.30887423428624,387.68454631458627,2566900
2022-09-06 09:00:00+09:00,384.18402099609375,385.9342898844586,382.4337521077289,384.18402099609375,2014200
2022-09-07 09:00:00+09:00,381.55859375,388.55966886467894,379.8083249713303,383.30886252866975,3111900
2022-09-08 09:00:00+09:00,389.4347839355469,391.185052627392,383.30884351408884,383.30884351408884,4020300
2022-09-09 09:00:00+09:00,397.31097412109375,397.31097412109375,390.3098996872419,394.6855712083993,5286700
2022-09-12 09:00:00+09:00,395.5607604980469,399.06129820156946,393.81049164628564,398.1861637756888,2320700
2022-09-13 09:00:00+09:00,395.5607604980469,397.31102934980817,392.93535722040497,394.68562607216626,1736500
2022-09-14 09:00:00+09:00,396.4359130859375,399.06131648385764,392.935375222044,396.4359130859375,3330100
2022-09-15 09:00:00+09:00,397.31097412109375,398.18610842532524,393.81043690416783,395.5607055126308,1492600
2022-09-16 09:00:00+09:00,406.9375,406.9375,399.06129032258065,399.06129032258065,4287300
2022-09-20 09:00:00+09:00,408.687744140625,411.31314720790954,406.937475429102,406.937475429102,3140200
2022-09-21 09:00:00+09:00,406.9375,413.06344086021505,406.06236559139785,408.6877688172043,3689400
2022-09-22 09:00:00+09:00,402.5618591308594,406.0623970363451,399.0613212253736,403.43699360723076,3827600
2022-09-26 09:00:00+09:00,398.1861572265625,402.56182928399727,395.5607539921017,399.9364260495364,5100300
2022-09-27 09:00:00+09:00,399.93646240234375,405.1872693485452,398.1861934202766,399.0613279113102,3814000
2022-09-28 09:00:00+09:00,395.5607604980469,398.1861637756888,389.43481951688244,398.1861637756888,5642600
2022-09-29 09:00:00+09:00,402.26513671875,404.05298177083336,396.00767903645834,397.79552408854164,3685800
2022-09-30 09:00:00+09:00,399.5833740234375,405.8408317821938,398.6894514864723,403.1590641712982,4435600
2022-10-03 09:00:00+09:00,390.6441955566406,397.79557671099565,386.1745823351688,397.79557671099565,4140700
2022-10-04 09:00:00+09:00,401.3712158203125,402.2651383499791,394.2198355829795,395.11375811264617,4567800
2022-10-05 09:00:00+09:00,397.7955322265625,405.84083512552667,396.90160968223313,402.26514494820924,3658400
2022-10-06 09:00:00+09:00,401.3712158203125,404.94690593897894,398.6894482313126,399.5833707609792,2485200
2022-10-07 09:00:00+09:00,398.6894836425781,401.37125146977036,396.0077158153859,397.79556103351405,2175400
2022-10-11 09:00:00+09:00,409.4165344238281,411.2043795523164,398.6894636528981,401.37123134563063,5085800
2022-10-12 09:00:00+09:00,404.0530090332031,407.62869937862973,400.4773186877766,407.62869937862973,4564600
2022-10-13 09:00:00+09:00,404.0530090332031,405.84085420591646,399.5833961014199,404.9469316195598,3746500
2022-10-14 09:00:00+09:00,411.20440673828125,414.78009723165763,406.7347936215608,411.20440673828125,4524100
2022-10-17 09:00:00+09:00,406.7347717285156,415.67399748079066,404.0530040028331,414.7800749055632,5240700
2022-10-18 09:00:00+09:00,412.0982971191406,414.78006477935196,407.62868435212175,410.3104520123331,3539700
2022-10-19 09:00:00+09:00,416.5679626464844,418.3558079797311,411.20442664674425,412.99227197999096,3316200
2022-10-20 09:00:00+09:00,416.5679626464844,418.3558079797311,411.20442664674425,413.88619464661434,4227000
2022-10-21 09:00:00+09:00,412.0982971191406,415.67398733275576,407.62868435212175,412.0982971191406,3129300
2022-10-24 09:00:00+09:00,414.7800598144531,418.3557499852674,411.20436964363887,416.56790489986025,3736500
2022-10-25 09:00:00+09:00,429.0827941894531,432.65848414103186,421.0374917984009,421.93141428629554,6494500
2022-10-26 09:00:00+09:00,430.8706970214844,434.44638745319793,425.507161373914,425.507161373914,5575000
2022-10-27 09:00:00+09:00,406.7347717285156,429.0828361092033,405.8408491532881,429.0828361092033,5470600
2022-10-28 09:00:00+09:00,404.94696044921875,409.4165736992101,403.1591151492222,406.7348057492153,6519900
2022-10-31 09:00:00+09:00,404.94696044921875,407.62872839921357,401.37126984922565,404.94696044921875,3926700
2022-11-01 09:00:00+09:00,403.15911865234375,407.6287319411724,401.3712733368123,404.9469639678752,2954800
2022-11-02 09:00:00+09:00,404.94696044921875,408.52265104921185,402.26519249922393,403.1591151492222,2257400
2022-11-04 09:00:00+09:00,403.15911865234375,405.84088662564096,400.4773506790466,400.4773506790466,3785800
2022-11-07 09:00:00+09:00,402.26513671875,407.628671875,401.37121419270835,407.628671875,2236200
2022-11-08 09:00:00+09:00,402.26513671875,404.05298177083336,398.68944661458335,401.37121419270835,3128300
2022-11-09 09:00:00+09:00,402.26513671875,405.84082682291665,401.37121419270835,403.15905924479165,2244000
2022-11-10 09:00:00+09:00,404.0530090332031,405.84085420591646,401.3712412741332,404.0530090332031,2742200
2022-11-11 09:00:00+09:00,402.26513671875,411.20436197916666,399.583369140625,409.4165169270833,4066500
2022-11-14 09:00:00+09:00,391.5380859375,412.0983050620719,389.75024079623284,404.9469244970034,6777200
2022-11-15 09:00:00+09:00,396.0076904296875,398.68945808496755,392.4320002226474,394.21984532616744,4307900
2022-11-16 09:00:00+09:00,396.90167236328125,396.90167236328125,391.5381362502639,393.3259816212697,3467900
2022-11-17 09:00:00+09:00,403.15911865234375,404.9469639678752,394.21989207468647,395.1138147324522,4235800
2022-11-18 09:00:00+09:00,410.31048583984375,413.886176348252,405.84087270433344,406.7347953314355,5306300
2022-11-21 09:00:00+09:00,416.5679626464844,416.5679626464844,411.20442664674425,412.09834931336763,3889300
2022-11-22 09:00:00+09:00,420.14361572265625,421.9314608959441,416.56792537608044,416.56792537608044,4156800
2022-11-24 09:00:00+09:00,432.6584777832031,437.12809015699656,421.03748561134023,421.93140808609894,6407200
2022-11-25 09:00:00+09:00,437.1281433105469,439.8099110609183,428.18891747597536,431.764607809804,4197800
2022-11-28 09:00:00+09:00,430.8706970214844,443.38561353248184,427.2950065897708,443.38561353248184,5225300
2022-11-29 09:00:00+09:00,430.8706970214844,433.5524648452696,424.61323876598567,430.8706970214844,4286500
2022-11-30 09:00:00+09:00,426.4010314941406,434.44633397516213,421.03749650679293,432.65848897937957,21002500
2022-12-01 09:00:00+09:00,420.14361572265625,430.8706867623836,419.2496931360123,428.18891900245177,5423400
2022-12-02 09:00:00+09:00,412.9922180175781,420.1435984161509,407.6286827186485,417.46183076668615,6019800
2022-12-05 09:00:00+09:00,411.20440673828125,411.20440673828125,404.05302575152854,411.20440673828125,4320900
2022-12-06 09:00:00+09:00,418.3557434082031,420.1435884655031,410.31044065035303,410.31044065035303,5122100
2022-12-07 09:00:00+09:00,427.29498291015625,429.08282802693515,413.88614453431455,415.67398965109345,4602200
2022-12-08 09:00:00+09:00,423.7193298339844,424.6132524707649,417.46187137652043,421.03756192364267,3319400
2022-12-09 09:00:00+09:00,424.6131896972656,428.1888797157689,421.9314221833881,424.6131896972656,4344800
2022-12-12 09:00:00+09:00,424.6131896972656,427.29495721114307,422.82534468801396,425.50711220189146,2292000
2022-12-13 09:00:00+09:00,424.6131896972656,428.1888797157689,422.82534468801396,427.29495721114307,2131800
2022-12-14 09:00:00+09:00,422.82537841796875,425.5071461457783,421.03753326609575,421.9314558420323,2562100
2022-12-15 09:00:00+09:00,431.7646484375,431.7646484375,422.8254217617754,424.61326709692025,3275000
2022-12-16 09:00:00+09:00,429.9767761230469,438.0220796263887,429.9767761230469,433.55246656897657,4752400
2022-12-19 09:00:00+09:00,436.23419189453125,438.91595946765335,431.764579272661,431.764579272661,4225400
2022-12-20 09:00:00+09:00,470.2032775878906,487.18780662623647,436.2342195111989,438.02206467313005,14436700
2022-12-21 09:00:00+09:00,471.0971984863281,502.3844887083803,470.2032759085552,488.08172746401357,16605100
2022-12-22 09:00:00+09:00,479.1425476074219,480.03647027086856,463.94586232882824,474.67293429018844,7723300
2022-12-23 09:00:00+09:00,491.65740966796875,491.65740966796875,477.354648659446,479.14249378551136,6470300
2022-12-26 09:00:00+09:00,492.55133056640625,495.23309824644116,484.50602752630164,495.23309824644116,5972600
2022-12-27 09:00:00+09:00,506.8540954589844,509.53586315982557,493.4452569547785,494.3391795217255,3904900
2022-12-28 09:00:00+09:00,500.5966796875,512.2176740373884,497.91491176060265,508.64198346819194,6226200
2022-12-29 09:00:00+09:00,491.65740966796875,502.3844804243608,488.0817194158381,499.7027127352628,3988600
2022-12-30 09:00:00+09:00,491.65740966796875,495.23309992009945,486.29387428977276,489.8695645419034,4777000
2023-01-04 09:00:00+09:00,505.0662841796875,506.8541294334209,490.76352214982023,496.1270579110205,6362400
2023-01-05 09:00:00+09:00,492.55133056640625,499.7027110464993,490.763485446383,496.1270208064528,6365500
2023-01-06 09:00:00+09:00,498.808837890625,504.1723737819221,488.97568875658044,492.55137935077846,6831000
2023-01-10 09:00:00+09:00,486.2939453125,489.86963608685664,481.82433184455425,487.18786800608916,7509500
2023-01-11 09:00:00+09:00,487.1878356933594,493.44529413345754,482.71822252186064,488.0817583276591,4426100
2023-01-12 09:00:00+09:00,505.9601135253906,507.74795844950864,482.7181295118568,485.3998968980338,7395300
2023-01-13 09:00:00+09:00,536.353515625,542.6109733072917,502.38445963541665,504.1723046875,15435500
2023-01-16 09:00:00+09:00,523.838623046875,544.3988420401824,516.6872425274637,536.3535389558447,12504500
2023-01-17 09:00:00+09:00,510.4298095703125,523.8386487008811,505.066273918085,520.2629582660628,8187000
2023-01-18 09:00:00+09:00,510.4298095703125,514.0055000051308,488.08174435269814,510.4298095703125,9401200
2023-01-19 09:00:00+09:00,507.7480163574219,516.6872419975173,503.2784035373741,510.42978404945046,8697800
2023-01-20 09:00:00+09:00,507.7480163574219,510.42978404945046,501.490558409355,509.53586148544093,5525700
2023-01-23 09:00:00+09:00,504.17230224609375,515.7932950283619,503.27837972438084,507.7479923329455,6403900
2023-01-24 09:00:00+09:00,512.2175903320312,512.2175903320312,501.49052037743377,504.17228786608314,5452900
2023-01-25 09:00:00+09:00,507.7480163574219,513.1115517414792,502.3844809733646,511.32370661346005,3370600
2023-01-26 09:00:00+09:00,511.32366943359375,512.2175919326036,503.2783669425057,511.32366943359375,4637000
2023-01-27 09:00:00+09:00,522.05078125,525.6264715325342,512.2176329730308,514.005478114298,5210900
2023-01-30 09:00:00+09:00,523.838623046875,527.4143133065807,516.6872425274637,517.5811650923902,6272600
2023-01-31 09:00:00+09:00,509.535888671875,524.7325730708608,509.535888671875,523.8386504591557,6269500
2023-02-01 09:00:00+09:00,504.17230224609375,521.1568301586394,503.27837972438084,515.7932950283619,5322100
2023-02-02 09:00:00+09:00,490.76348876953125,497.0209467319843,488.0817210713371,495.2331015998549,4721900
2023-02-03 09:00:00+09:00,490.76348876953125,493.4452564677254,484.5060308070782,485.399953373143,6694000
2023-02-06 09:00:00+09:00,490.76348876953125,495.2331015998549,478.2485728446252,493.4452564677254,9113700
2023-02-07 09:00:00+09:00,505.9601135253906,510.4297258356856,495.23304398068274,496.1269664427417,5976900
2023-02-08 09:00:00+09:00,515.7933349609375,515.7933349609375,500.5966509152947,505.06626386989547,5970700
2023-02-09 09:00:00+09:00,514.0055541992188,519.3690904169497,510.42986338739814,514.0055541992188,5180100
2023-02-10 09:00:00+09:00,522.05078125,530.9900069563356,516.6872458261986,517.5811683968321,7948400
2023-02-13 09:00:00+09:00,523.838623046875,534.565693825992,519.369010222243,525.6264681767278,7959200
2023-02-14 09:00:00+09:00,523.838623046875,525.6264681767278,517.5811650923902,518.4750876573165,5701700
2023-02-15 09:00:00+09:00,522.9446411132812,526.5203309670472,520.2628737229567,522.9446411132812,4875900
2023-02-16 09:00:00+09:00,518.4749755859375,522.9445874444369,515.7932084708378,519.3688979576374,5277800
2023-02-17 09:00:00+09:00,513.111572265625,520.2629530637521,513.111572265625,520.2629530637521,4571200
2023-02-20 09:00:00+09:00,511.32366943359375,515.7932819286426,510.429746934584,514.8993594296329,4387400
2023-02-21 09:00:00+09:00,517.5811157226562,518.4750382023154,510.4297358853829,510.4297358853829,4015200
2023-02-22 09:00:00+09:00,521.1569213867188,522.0508440649121,511.323771926592,515.7933853175587,7147800
2023-02-24 09:00:00+09:00,514.8994750976562,533.6718517939249,514.0055523978339,519.3690885967678,8665400
2023-02-27 09:00:00+09:00,527.4143676757812,529.2022129899365,519.3690637620829,521.1569090762381,4769100
2023-02-28 09:00:00+09:00,522.9446411132812,530.0960208208132,519.3689512595153,526.5203309670472,7849900
2023-03-01 09:00:00+09:00,525.6265258789062,525.6265258789062,517.581221911372,520.2629899005501,6398900
2023-03-02 09:00:00+09:00,522.05078125,531.8839295269692,520.2629361087329,528.308239244435,7163900
2023-03-03 09:00:00+09:00,524.7324829101562,529.2020952007027,521.156793077719,523.838560452047,7436200
2023-03-06 09:00:00+09:00,519.3690185546875,528.3082443473671,517.5811733961516,527.4143217680992,6089800
2023-03-07 09:00:00+09:00,526.5204467773438,526.5204467773438,518.4751428367731,520.2629881569,4733000
2023-03-08 09:00:00+09:00,529.2021484375,531.883916081609,526.520380793391,526.520380793391,4761400
2023-03-09 09:00:00+09:00,538.1414184570312,541.7171089451178,531.8839601028798,535.4596505909664,5661400
2023-03-10 09:00:00+09:00,506.8540954589844,536.3535401682375,506.8540954589844,533.6717724673963,10644000
2023-03-13 09:00:00+09:00,480.03643798828125,495.23312224489354,474.67290236830047,495.23312224489354,12577400
2023-03-14 09:00:00+09:00,440.7038269042969,458.58227830000874,436.2342140553689,455.90051059065195,16739200
2023-03-15 09:00:00+09:00,449.6430358886719,463.0518739370418,446.9612682789979,460.37010632736786,10255100
2023-03-16 09:00:00+09:00,433.55242919921875,436.2341968025129,421.0375137171794,426.4010489237677,11127200
2023-03-17 09:00:00+09:00,436.23419189453125,443.3855720895235,431.764579272661,442.4916495651495,9109100
2023-03-20 09:00:00+09:00,425.5071716308594,437.1281658140551,423.71932637190616,429.97678477824235,9341300
2023-03-22 09:00:00+09:00,434.4464111328125,442.4917150426794,434.4464111328125,439.80994707272373,8421600
2023-03-23 09:00:00+09:00,423.7193298339844,423.7193298339844,418.355794013301,420.14363928686214,9602900
2023-03-24 09:00:00+09:00,424.6131896972656,426.40103470651724,417.461809660259,418.35573216488484,7698400
2023-03-27 09:00:00+09:00,417.4618225097656,427.2949703633147,415.67397744548396,427.2949703633147,6965500
2023-03-28 09:00:00+09:00,424.6131896972656,430.87064722964635,421.03749967876234,424.6131896972656,7325500
2023-03-29 09:00:00+09:00,430.8706970214844,432.6585422373412,424.61323876598567,425.507161373914,6736900
2023-03-30 09:00:00+09:00,444.0931701660156,445.00506579263987,436.7980051530215,441.35748328614284,12242000
2023-03-31 09:00:00+09:00,445.0050354003906,450.47640878646104,440.44555757866533,445.0050354003906,8134300
2023-04-03 09:00:00+09:00,464.1549072265625,465.9786986105568,452.30026323059917,454.12405461459355,10499500
2023-04-04 09:00:00+09:00,464.1549072265625,466.890594302554,459.5954287665766,464.1549072265625,7150900
2023-04-05 09:00:00+09:00,456.8597106933594,460.50729321386524,454.12402380298,455.0359194331064,8624800
2023-04-06 09:00:00+09:00,445.0050354003906,450.47640878646104,443.1812442717005,445.9169309647357,6353000
2023-04-07 09:00:00+09:00,451.3883056640625,453.2120967980587,445.91693226207383,446.82882782907194,3996200
2023-04-10 09:00:00+09:00,453.21209716796875,455.94778387119595,451.38830603248397,452.3002016002264,3290100
2023-04-11 09:00:00+09:00,454.1240234375,459.59539721385545,449.5645452905372,455.94781469628515,4959700
2023-04-12 09:00:00+09:00,454.1240234375,461.41918847264054,454.1240234375,457.7716059550703,3542500
2023-04-13 09:00:00+09:00,452.30023193359375,454.1240231913905,449.5645450468986,452.30023193359375,3833100
2023-04-14 09:00:00+09:00,452.30023193359375,455.0359188202889,447.74075378910186,449.5645450468986,4604300
2023-04-17 09:00:00+09:00,455.9477844238281,456.85967999267575,451.3883065795898,453.21209771728513,4711900
2023-04-18 09:00:00+09:00,465.9786376953125,469.62621998646955,461.4191598313662,462.33105540415545,4610500
2023-04-19 09:00:00+09:00,470.53814697265625,471.4500426063242,464.1548775369807,466.8905644379845,5014100
2023-04-20 09:00:00+09:00,476.9214172363281,480.5689997773325,469.6262521543193,469.6262521543193,5801400
2023-04-21 09:00:00+09:00,469.626220703125,475.09759414820996,466.8905339805825,467.80242955476336,4079400
2023-04-24 09:00:00+09:00,465.9786376953125,472.36190670483734,465.9786376953125,471.4500111320481,2985800
2023-04-25 09:00:00+09:00,470.53814697265625,474.185729507328,468.7143557053204,470.53814697265625,4586300
2023-04-26 09:00:00+09:00,457.7716064453125,463.2429802275274,456.85971081494336,459.5953977060508,4723100
2023-04-27 09:00:00+09:00,462.3310546875,465.0667414016272,455.94778568786984,465.0667414016272,4713400
2023-04-28 09:00:00+09:00,467.802490234375,476.9214471590217,457.77163761726365,467.802490234375,7246200
2023-05-01 09:00:00+09:00,471.4500427246094,472.3619383585061,464.1548776534355,466.8905645551257,3821400
2023-05-02 09:00:00+09:00,468.7143249511719,470.53811609884184,463.2429515081621,470.53811609884184,3523300
2023-05-08 09:00:00+09:00,460.50726318359375,465.97863660755723,459.59536761293316,464.15484546623605,3734500
2023-05-09 09:00:00+09:00,472.3619079589844,472.3619079589844,459.59536990603885,466.890534507722,5531000
2023-05-10 09:00:00+09:00,471.4500427246094,477.83331216188645,470.53814709071264,475.09762526019625,3307100
2023-05-11 09:00:00+09:00,476.9214172363281,477.8333128715792,466.89056524856596,468.7143565190682,4859100
2023-05-12 09:00:00+09:00,475.0976257324219,476.9214170020281,469.6262519236032,476.009521367225,5944700
2023-05-15 09:00:00+09:00,477.8332824707031,483.3046559341081,476.0094913162348,478.74517804793726,4576900
2023-05-16 09:00:00+09:00,490.599853515625,492.4236447926348,484.2165840460909,484.2165840460909,5150800
2023-05-17 09:00:00+09:00,504.2783203125,506.10211170603526,491.5117805577531,492.4236762545208,6331500
2023-05-18 09:00:00+09:00,505.1900939941406,509.7495713767592,500.630616611522,509.7495713767592,5494700
2023-05-19 09:00:00+09:00,494.2474365234375,502.4544972775167,493.33554088409534,502.4544972775167,4907900
2023-05-22 09:00:00+09:00,489.68792724609375,494.24740515341307,487.86413608316604,488.7760316646299,5347500
2023-05-23 09:00:00+09:00,495.1593322753906,497.8950191940392,489.6879584380935,495.1593322753906,6073900
2023-05-24 09:00:00+09:00,503.3664245605469,507.0140073472175,499.71884177387625,499.71884177387625,5022400
2023-05-25 09:00:00+09:00,498.80682373046875,501.54251014946584,496.9830327844707,500.63061467646685,4080600
2023-05-26 09:00:00+09:00,494.2474365234375,501.5426016381746,493.33554088409534,499.7188103594903,3008900
2023-05-29 09:00:00+09:00,497.8949279785156,499.71871892349185,496.0711370335394,497.8949279785156,3921200
2023-05-30 09:00:00+09:00,495.1593322753906,497.8950191940392,492.42364535674204,497.8950191940392,5467200
2023-05-31 09:00:00+09:00,492.42364501953125,496.0712275752315,490.59985374168116,492.42364501953125,6869000
2023-06-01 09:00:00+09:00,502.4544982910156,506.1020808557417,488.77606367329287,490.5998549556559,5677700
2023-06-02 09:00:00+09:00,504.2783203125,507.01400740280286,497.89505043512656,502.4545289189647,4225400
2023-06-05 09:00:00+09:00,506.9228515625,514.1267943352954,503.3664360015837,508.8378103059487,4917700
2023-06-06 09:00:00+09:00,494.4297790527344,498.8980338595492,491.5117021569995,498.71569927543675,4758700
2023-06-07 09:00:00+09:00,490.5086669921875,502.454477125377,490.2350537852045,500.2659054156567,5812500
2023-06-08 09:00:00+09:00,491.5117492675781,498.71574707650655,488.86722965222646,496.7095655397942,3645800
2023-06-09 09:00:00+09:00,497.347900390625,499.99236433112117,491.69413633574436,495.1593286088349,6824500
2023-06-12 09:00:00+09:00,500.5395202636719,508.83774801299387,498.8068963496553,501.8161407171187,3818700
2023-06-13 09:00:00+09:00,494.0650634765625,498.0774266925301,491.8765472605122,496.70958318586315,5613800
2023-06-14 09:00:00+09:00,501.3602294921875,502.8192959624646,497.4390892328898,499.7188284136088,4188900
2023-06-15 09:00:00+09:00,498.3509216308594,504.27824274815225,494.8857296476718,497.80380656003047,5021000
2023-06-16 09:00:00+09:00,502.9104309082031,508.381804589888,498.8069006469395,499.71879626055363,11002500
2023-06-19 09:00:00+09:00,507.92584228515625,509.84080075601,503.1839740981734,504.55181747955174,4096800
2023-06-20 09:00:00+09:00,505.6461181640625,509.6584811303345,503.91349423369707,507.925857199969,3738200
2023-06-21 09:00:00+09:00,506.3755798339844,507.2874753696687,501.6337119168884,501.8161021555626,3112500
2023-06-22 09:00:00+09:00,518.4126586914062,521.6042933535346,509.20253521519845,509.29370251389696,4994000
2023-06-23 09:00:00+09:00,509.0201110839844,519.5069099902064,505.6460863913145,517.6831188760808,2846900
2023-06-26 09:00:00+09:00,503.0015563964844,511.48222942432676,502.6368315759698,510.0231631692085,2430600
2023-06-27 09:00:00+09:00,504.5518493652344,507.2875363008757,499.8099808785842,506.1020830936364,2509500
2023-06-28 09:00:00+09:00,518.230224609375,518.6861723796908,502.5456101789749,503.36633842861806,3859600
2023-06-29 09:00:00+09:00,511.57342529296875,518.4126422086501,509.7496341154537,515.7681227381775,3916700
2023-06-30 09:00:00+09:00,513.032470703125,517.9567294788535,509.56727836279816,517.7743392172166,3413900
2023-07-03 09:00:00+09:00,511.4822082519531,513.0323860759235,508.8376890386784,510.0231420572316,3599000
2023-07-04 09:00:00+09:00,527.896484375,529.9026105461035,512.3942562597769,515.312278202364,4713800
2023-07-05 09:00:00+09:00,529.0818481445312,533.9148837833633,523.4280841872767,528.4435100810573,4086700
2023-07-06 09:00:00+09:00,530.4496459960938,535.2826812196917,528.5346319702018,531.6350990648725,4564900
2023-07-07 09:00:00+09:00,536.8330078125,543.8546158090696,524.887140790363,528.5347235773917,5957100
2023-07-10 09:00:00+09:00,535.8298950195312,541.9396073862536,532.2735351578489,539.2951432313149,5528200
2023-07-11 09:00:00+09:00,530.996826171875,535.9210849478125,529.9025402597007,535.7386946861678,2521700
2023-07-12 09:00:00+09:00,533.641357421875,537.2889401032853,529.9937747404647,535.738706332147,3131500
2023-07-13 09:00:00+09:00,530.3584594726562,536.8329516367405,527.5316053715977,534.1884321297963,2767100
2023-07-14 09:00:00+09:00,528.9906616210938,533.4589727154638,526.710922421455,530.6321183709899,2831200
2023-07-18 09:00:00+09:00,538.7478637695312,546.0430279523487,530.0848563024356,531.3615322975029,2655800
2023-07-19 09:00:00+09:00,541.1189575195312,545.6784362459928,537.5625418498116,545.4960459653945,3254000
2023-07-20 09:00:00+09:00,538.474365234375,549.3259454081868,536.8329642449619,545.4047497042047,2678400
2023-07-21 09:00:00+09:00,537.2889404296875,544.4928828352325,534.3708631512476,544.0369349997792,2233000
2023-07-24 09:00:00+09:00,535.6475830078125,539.1127757081249,530.9968813125491,533.5501782676373,3315300
2023-07-25 09:00:00+09:00,538.2919921875,539.7510586251628,535.2827476677548,539.6598356653562,2438900
2023-07-26 09:00:00+09:00,538.7478637695312,540.9364352874508,533.6412711046333,537.0152956707235,1591400
2023-07-27 09:00:00+09:00,546.2255249023438,546.7726400598685,540.2070355387856,540.7541506963103,2708400
2023-07-28 09:00:00+09:00,567.3814697265625,568.4757556094895,546.3166473677154,551.605686525581,7561100
2023-07-31 09:00:00+09:00,592.2761840820312,597.382777108962,584.525071588271,585.6193574248103,8819000
2023-08-01 09:00:00+09:00,580.8775024414062,588.719782409093,579.0537112249498,583.8867468170214,4396800
2023-08-02 09:00:00+09:00,565.7400512695312,573.4911638526306,562.5484166764903,570.0259160540339,4140200
2023-08-03 09:00:00+09:00,564.0073852539062,574.2206263205182,563.8249950163855,571.3025494932454,4318000
2023-08-04 09:00:00+09:00,573.39990234375,574.9501358876728,563.7338319178328,565.3752327523507,2464400
2023-08-07 09:00:00+09:00,574.4942626953125,578.7801834056893,566.104811537112,574.2207051303296,4100700
2023-08-08 09:00:00+09:00,569.2052612304688,579.692060935912,568.3845329034876,579.0537228657814,2510100
2023-08-09 09:00:00+09:00,560.9981079101562,569.113944251128,556.6210207573343,567.290153299312,2421400
2023-08-10 09:00:00+09:00,563.6426391601562,564.736924994344,557.168202765887,560.0862797711579,2578900
2023-08-14 09:00:00+09:00,566.7431640625,576.3180686846339,564.7369824387043,572.7616532761919,3861300
2023-08-15 09:00:00+09:00,569.29638671875,574.4942025399346,568.5668814026178,572.3968538844216,2425500
2023-08-16 09:00:00+09:00,554.1590576171875,561.4542236067962,552.6088237128557,560.1775472955349,3217800
2023-08-17 09:00:00+09:00,564.9193115234375,564.9193115234375,550.6937627457293,551.6968256201448,2717700
2023-08-18 09:00:00+09:00,557.8977661132812,564.463426143419,555.2533020348518,564.463426143419,2250100
2023-08-21 09:00:00+09:00,556.25634765625,562.8220074814362,555.4356193064666,558.080138960041,2346300
2023-08-22 09:00:00+09:00,567.0166625976562,567.1078855506053,555.891525349206,559.2655501391516,2667100
2023-08-23 09:00:00+09:00,567.7461547851562,568.0197679799776,559.3567601387341,560.8157707752367,2177600
2023-08-24 09:00:00+09:00,575.5885620117188,576.9564055261678,567.0167203914264,567.0167203914264,2575900
2023-08-25 09:00:00+09:00,568.7493286132812,575.5885459952166,566.0136416605071,573.4911971296285,1635800
2023-08-28 09:00:00+09:00,581.0599365234375,582.6101703058965,573.582380840402,574.4031092127907,2241100
2023-08-29 09:00:00+09:00,579.0537109375,584.6162518818547,573.1263894869586,581.6982304631256,2810500
2023-08-30 09:00:00+09:00,590.7258911132812,593.3704103144685,578.4153019186147,579.509587645233,3065300
2023-08-31 09:00:00+09:00,589.4494018554688,595.9238390526408,586.8960493731564,588.1727256143126,4177800
2023-09-01 09:00:00+09:00,595.6502685546875,603.4925491296974,590.5436193585247,592.7321912508366,3102800
2023-09-04 09:00:00+09:00,608.9638061523438,609.4197539041287,598.2946176290408,600.3920218133989,3685200
2023-09-05 09:00:00+09:00,606.1370849609375,615.7119898431531,594.1000505488986,613.1586930061015,3145600
2023-09-06 09:00:00+09:00,627.7489013671875,629.2079119434022,610.9700014522891,612.7937925014004,5270800
2023-09-07 09:00:00+09:00,627.0193481445312,634.0409549016337,621.0920271619113,627.2929613314168,4838500
2023-09-08 09:00:00+09:00,616.7149658203125,622.6422870537696,615.5295127051589,617.9004189354662,5888600
2023-09-11 09:00:00+09:00,647.3546752929688,647.9017903616559,625.7427395568271,625.8339068490458,5859200
2023-09-12 09:00:00+09:00,648.3577880859375,651.5494227670919,634.4057961827152,648.3577880859375,4898900
2023-09-13 09:00:00+09:00,653.5556030273438,663.7688451191626,644.5278141118763,648.3577868535198,4402500
2023-09-14 09:00:00+09:00,658.2061767578125,668.3282504483117,651.6405178667807,663.7687728375514,4418900
2023-09-15 09:00:00+09:00,651.27587890625,674.1644372664509,648.0842441579841,661.8538460945682,5740700
2023-09-19 09:00:00+09:00,662.3097534179688,672.8877756171732,650.7286683365771,651.1846161298785,4502200
2023-09-20 09:00:00+09:00,653.2820434570312,664.6807386900357,650.09040879179,662.2186093881685,4116500
2023-09-21 09:00:00+09:00,655.7440795898438,666.5044918004116,653.0996158416763,662.0361812616037,3919200
2023-09-22 09:00:00+09:00,661.4890747070312,669.422521711432,644.8925640518099,655.2881402489543,6257700
2023-09-25 09:00:00+09:00,642.33935546875,654.741114766712,640.9715119142235,653.6468287915515,3929200
2023-09-26 09:00:00+09:00,650.0904541015625,656.3825009141068,644.0719092044427,646.5340386779146,4372800
2023-09-27 09:00:00+09:00,649.178466796875,649.9991394004088,642.5215847302042,643.0687554569143,3585500
2023-09-28 09:00:00+09:00,647.1409301757812,653.2538745942729,640.9353311259811,645.8442175870362,4810900
2023-09-29 09:00:00+09:00,631.2100830078125,642.7876707372295,624.8192319686983,639.0828426638161,5836300
2023-10-02 09:00:00+09:00,643.9917602539062,656.4955556171479,639.7312303722418,640.4721847171583,3653600
2023-10-03 09:00:00+09:00,633.4329833984375,643.9917091711413,629.3576500278714,637.5082602378152,3381500
2023-10-04 09:00:00+09:00,608.2401123046875,631.2100332426434,605.7393422460584,629.8207228246479,3769900
2023-10-05 09:00:00+09:00,634.9148559570312,637.9713275459922,612.4080386713559,616.8538206672251,4740000
2023-10-06 09:00:00+09:00,636.2116088867188,640.1016330493813,624.6340214235829,636.4894596795963,3013300
2023-10-10 09:00:00+09:00,657.8848876953125,659.4594510616706,641.2131599999332,646.9556552901361,4435300
2023-10-11 09:00:00+09:00,658.4404907226562,666.0353418804704,649.4562727197415,656.0323189264872,3463200
2023-10-12 09:00:00+09:00,661.4970703125,663.9051859713991,656.5881843732421,663.5347370791327,4095300
2023-10-13 09:00:00+09:00,645.5662841796875,663.812573532324,644.1769736685403,658.9962857874428,3150400
2023-10-16 09:00:00+09:00,639.6384887695312,640.9352010952038,631.4878790213785,637.9713275873704,2693400
2023-10-17 09:00:00+09:00,639.453369140625,649.6416466780086,636.2116444696393,648.9006358139726,2691300
2023-10-18 09:00:00+09:00,658.1626586914062,659.9224745693998,642.9728981077496,642.9728981077496,4873000
2023-10-19 09:00:00+09:00,647.0482177734375,654.3652760272664,641.1205266156139,651.4940568057947,4050200
2023-10-20 09:00:00+09:00,638.1565551757812,657.2363947354722,634.3591294918529,648.9931872302858,5221200
2023-10-23 09:00:00+09:00,634.6370239257812,643.8064389634811,634.1739204431342,638.1565990876617,5154500
2023-10-24 09:00:00+09:00,628.431396484375,632.8771784030829,614.2604418861005,629.8207068671702,3669900
2023-10-25 09:00:00+09:00,638.1565551757812,647.233371504846,629.1723369243994,631.4878541783028,2553700
2023-10-26 09:00:00+09:00,632.8772583007812,638.3419024421344,627.5978668734248,633.3403618201776,3036300
2023-10-27 09:00:00+09:00,648.15966796875,649.8268293156913,628.616722257845,634.8223206620289,3950500
2023-10-30 09:00:00+09:00,626.3011474609375,646.7702983311887,621.7627108183567,640.6573551071929,6311400
2023-10-31 09:00:00+09:00,645.1032104492188,649.9194984163846,623.7078502025757,644.8253596404037,6464800
2023-11-01 09:00:00+09:00,663.1641845703125,663.1641845703125,649.4563328435322,654.365218434254,4020100
2023-11-02 09:00:00+09:00,656.7733764648438,672.4262977438079,650.4751800236191,671.5000907221223,4336500
2023-11-06 09:00:00+09:00,643.5286254882812,659.64465023119,642.88026926875,659.64465023119,5118500
2023-11-07 09:00:00+09:00,636.767333984375,647.4187148437501,634.7296672093869,643.0655304906369,3734700
2023-11-08 09:00:00+09:00,603.886962890625,637.508265622623,590.2717087093993,636.2116097437183,7207800
2023-11-09 09:00:00+09:00,607.4065551757812,607.5918078868629,585.2702412156906,600.1821516931207,6383600
2023-11-10 09:00:00+09:00,618.5209350585938,621.3922102677051,602.0344641167108,604.6278320405157,2968900
2023-11-13 09:00:00+09:00,628.6167602539062,632.6920375115118,623.3373685601593,627.5053004450341,3624100
2023-11-14 09:00:00+09:00,634.1739501953125,639.5459395398073,619.9103396481329,638.9902379470349,4423800
2023-11-15 09:00:00+09:00,623.0594482421875,642.9728983598073,619.5398730160085,640.8426336069507,5781600
2023-11-16 09:00:00+09:00,618.2432250976562,626.0233871720369,616.3908109400603,620.0956392552522,4309500
2023-11-17 09:00:00+09:00,627.1347045898438,627.7830607624842,608.5179674670255,611.2965883230394,4538800
2023-11-20 09:00:00+09:00,635.841064453125,643.7138234448971,627.1346966026911,627.1346966026911,3067300
2023-11-21 09:00:00+09:00,632.6919555664062,640.009013206861,627.3199664723545,630.2838400684066,3168400
2023-11-22 09:00:00+09:00,634.1739501953125,636.9525712215535,625.1897309042287,626.1159379129757,2574900
2023-11-24 09:00:00+09:00,637.0451049804688,639.9163803363538,633.7107826981587,639.0827715001844,2247300
2023-11-27 09:00:00+09:00,647.2334594726562,649.2711262392744,638.7123435139198,641.4909645962562,2913800
2023-11-28 09:00:00+09:00,653.7169189453125,663.0716439883412,645.3810555672111,646.5851134155874,4486800
2023-11-29 09:00:00+09:00,640.2868041992188,656.9585280225924,638.8048958051693,651.7717921122377,4245600
2023-11-30 09:00:00+09:00,642.6951293945312,648.9933263691943,638.8050482677351,640.194358917934,6625700
2023-12-01 09:00:00+09:00,651.3087768554688,652.5128346550529,645.288431326359,648.3449031348999,3619600
2023-12-04 09:00:00+09:00,645.6588745117188,652.0497253986986,643.3433570209563,647.8817939153262,3324200
2023-12-05 09:00:00+09:00,653.1611938476562,658.6257812803243,649.1785150164465,650.1047220251553,4029000
2023-12-06 09:00:00+09:00,662.2379760742188,676.1310804673842,661.3117691146745,665.9428039123962,5901400
2023-12-07 09:00:00+09:00,662.4232788085938,662.4232788085938,648.3449206538716,653.3464612256778,3777500
2023-12-08 09:00:00+09:00,660.4781494140625,672.4262416088426,655.661918528314,657.6069304990059,5137900
2023-12-11 09:00:00+09:00,663.8125610351562,672.4262747358656,660.5708365701762,669.5550556793586,4132900
2023-12-12 09:00:00+09:00,655.4766845703125,664.8313523633303,655.4766845703125,663.1641911220541,3310900
2023-12-13 09:00:00+09:00,650.7530517578125,660.756133138757,647.8818325106994,653.1612240103774,3364900
2023-12-14 09:00:00+09:00,625.7454223632812,649.5489534088276,623.1520540870262,646.677734340686,6222600
2023-12-15 09:00:00+09:00,621.9479370117188,625.8380173208582,612.2227645044618,612.2227645044618,5186000
2023-12-18 09:00:00+09:00,606.9434204101562,612.778513056022,597.5887525597356,612.3154095677598,4103500
2023-12-19 09:00:00+09:00,600.0895385742188,611.2040225864752,597.5887683652232,606.1098840808577,3731300
2023-12-20 09:00:00+09:00,589.9012451171875,598.885407551675,588.9750381419877,594.9027288645536,4840700
2023-12-21 09:00:00+09:00,587.1226196289062,593.1429649209189,583.6029879255493,589.9012405329121,4360200
2023-12-22 09:00:00+09:00,594.7174682617188,597.6813418492167,589.1602264843552,590.549536928696,2519600
2023-12-25 09:00:00+09:00,599.3485717773438,601.8493421700489,590.4570065268288,601.0157897266093,1903600
2023-12-26 09:00:00+09:00,596.5698852539062,598.7002065044616,593.0503100830558,598.1444484051566,2012500
2023-12-27 09:00:00+09:00,601.5714111328125,602.6828707737061,597.3108817957703,599.8115953237988,2285900
2023-12-28 09:00:00+09:00,594.8101196289062,600.0895105948122,591.3831425786735,592.3093495365101,2034300
2023-12-29 09:00:00+09:00,597.0330200195312,601.6640551004497,592.7724903575622,597.7740308574301,2487200
2024-01-04 09:00:00+09:00,607.86962890625,608.0548816082555,592.3093629679807,600.645225777538,3781400
2024-01-05 09:00:00+09:00,621.48486328125,624.7265876053698,613.7047022908881,617.1316793111948,2947300
2024-01-09 09:00:00+09:00,609.6294555664062,623.6151585818988,608.1474904553255,618.5210201081355,4115600
2024-01-10 09:00:00+09:00,609.4442138671875,615.3719613561832,602.4050631887961,603.8869717954502,3390900
2024-01-11 09:00:00+09:00,622.8741455078125,635.8410422172688,618.2431109687209,618.2431109687209,4619700
2024-01-12 09:00:00+09:00,620.2808837890625,625.4676207493848,615.371997642473,625.4676207493848,3544800
2024-01-15 09:00:00+09:00,624.911865234375,627.5052334909042,621.0217845839871,621.0217845839871,359600
2024-01-16 09:00:00+09:00,626.8568725585938,637.3230001230309,620.6512744883279,621.0217798926852,2747200
2024-01-17 09:00:00+09:00,626.5790405273438,640.2868929310906,626.115937023628,626.8568913233353,3772900
2024-01-18 09:00:00+09:00,630.37646484375,631.2100737605316,622.1332564198829,626.5790387366098,2263100
2024-01-19 09:00:00+09:00,626.0233154296875,636.859891784796,624.5413503547278,636.3041902136781,2504200
2024-01-22 09:00:00+09:00,634.7296142578125,634.8222688719225,626.8568551489632,630.7469356619259,2506700
2024-01-23 09:00:00+09:00,626.115966796875,639.7312217597911,623.7078510755177,636.7673478888337,2850200
2024-01-24 09:00:00+09:00,652.7907104492188,652.9759631634467,623.2447397935877,624.263544925054,6747400
2024-01-25 09:00:00+09:00,652.0496826171875,659.5519361825533,643.8990728907097,654.9209015048745,5920700
2024-01-26 09:00:00+09:00,640.657470703125,651.9572087762314,640.657470703125,645.5663570906888,3592700
2024-01-29 09:00:00+09:00,650.5678100585938,654.7357414986672,643.15815416513,647.2334309878222,2675100
2024-01-30 09:00:00+09:00,641.3983154296875,650.8456376635534,641.3983154296875,650.8456376635534,1546100
2024-01-31 09:00:00+09:00,655.4766845703125,655.4766845703125,639.0828098801919,639.2680625805975,3255100
2024-02-01 09:00:00+09:00,654.179931640625,656.4028508453008,643.2507013685339,648.7153447701713,3420900
2024-02-02 09:00:00+09:00,652.60546875,656.1251007861623,646.122019360932,654.1800320507265,2577500
2024-02-05 09:00:00+09:00,662.1453857421875,665.4797082231061,656.2176385192354,663.627294282332,4765900
2024-02-06 09:00:00+09:00,639.6384887695312,652.6980405140262,639.6384887695312,652.5127878201894,5628700
2024-02-07 09:00:00+09:00,648.067138671875,650.1974037597203,640.1943780850409,644.3623101604236,3323300
2024-02-08 09:00:00+09:00,639.5459594726562,649.2711333676061,638.527154343757,648.3449263299918,2938800
2024-02-09 09:00:00+09:00,637.8787841796875,642.6950719763305,625.4675875342447,639.3606927950284,3885800
2024-02-13 09:00:00+09:00,649.0858154296875,649.5489189019592,632.7845958182002,636.7672743734992,4262200
2024-02-14 09:00:00+09:00,646.214599609375,656.2176233521186,640.84261061153,651.6791866896438,3126900
2024-02-15 09:00:00+09:00,640.009033203125,654.5504943230951,634.6370439412323,651.123517137188,2864100
2024-02-16 09:00:00+09:00,658.1626586914062,662.0527393214213,652.3275660119775,655.7545431510667,6907800
2024-02-19 09:00:00+09:00,677.9835205078125,677.9835205078125,660.6634383907877,662.2380015889153,4685700
2024-02-20 09:00:00+09:00,675.2048950195312,685.3005738126827,671.5926651497498,680.7621369538483,2531200
2024-02-21 09:00:00+09:00,673.167236328125,676.5942135345377,669.6476610341832,675.2049030344668,1774300
2024-02-22 09:00:00+09:00,681.1326904296875,683.5408061586911,675.2975407619156,679.7433798480641,2591300
2024-02-26 09:00:00+09:00,693.7290649414062,712.8089071323918,689.6537314000352,693.7290649414062,4225200
2024-02-27 09:00:00+09:00,703.1763305664062,718.6439979996783,696.3223764964433,697.8043415410984,4713900
2024-02-28 09:00:00+09:00,707.2516479492188,725.1274884096872,701.2313024035783,708.3631076638825,3581500
2024-02-29 09:00:00+09:00,702.0648803710938,717.0694445295893,700.3977191381914,707.2516167692762,4827900
2024-03-01 09:00:00+09:00,710.4008178710938,715.4023586276438,700.2125401702045,702.0649542976389,3227900
2024-03-04 09:00:00+09:00,698.2675170898438,705.9550242929065,694.377436176489,705.1214153360477,3273700
2024-03-05 09:00:00+09:00,703.7320556640625,708.4557452047134,695.4888474190011,698.3600664590764,2496300
2024-03-06 09:00:00+09:00,708.0852661132812,711.2343925907477,699.6568048518124,708.5483696228387,3368900
2024-03-07 09:00:00+09:00,716.976806640625,724.108611752894,707.5295405900536,713.1793806031355,3772400
2024-03-08 09:00:00+09:00,723.92333984375,733.5559148737589,706.97376372298,708.6409249505467,7635700
2024-03-11 09:00:00+09:00,695.8593139648438,722.4414664068197,685.5784387861455,722.1636156105935,7222600
2024-03-12 09:00:00+09:00,698.360107421875,704.936154786448,683.9113002256231,703.9173496560013,6349400
2024-03-13 09:00:00+09:00,699.37890625,708.548378466156,691.2282956863007,707.6221714354813,3361400
2024-03-14 09:00:00+09:00,691.96923828125,710.0302750734165,687.8939613340392,708.5483664619198,4492800
2024-03-15 09:00:00+09:00,690.1167602539062,705.3065765034873,686.0414836846127,695.5814037480224,5407700
2024-03-18 09:00:00+09:00,701.0460815429688,702.0648866023441,690.302046721107,701.1386796279347,3671700
2024-03-19 09:00:00+09:00,689.3758544921875,704.3804191047997,681.132646162337,698.5453263474474,6494700
2024-03-21 09:00:00+09:00,736.1492919921875,738.0017059411015,703.9173005873213,704.8435075617783,7387500
2024-03-22 09:00:00+09:00,740.5025024414062,740.5025024414062,710.2155219921615,722.4414657964938,6631900
2024-03-25 09:00:00+09:00,729.2027587890625,740.4098973923346,726.6093904988734,740.4098973923346,4046800
2024-03-26 09:00:00+09:00,720.218505859375,733.5559086287356,715.3096203023139,733.5559086287356,4315700
2024-03-27 09:00:00+09:00,726.7946166992188,737.2607440968691,717.810397833007,723.7381450211349,5848500
2024-03-28 09:00:00+09:00,714.0966186523438,736.9529659089877,713.7203593308641,734.7896183332598,4657700
2024-03-29 09:00:00+09:00,720.868896484375,727.0767735275628,712.0273189655433,721.4332280668054,1718500
2024-04-01 09:00:00+09:00,707.6065673828125,731.4035071774418,706.0075512697651,725.2896659404086,3000400
2024-04-02 09:00:00+09:00,701.116455078125,718.3292564587862,696.6015729901853,712.2154158245708,3888400
2024-04-03 09:00:00+09:00,703.9382934570312,710.8986320763012,685.0323808222016,693.4976994144524,3898900
2024-04-04 09:00:00+09:00,720.586669921875,721.9975562804813,706.6659359987822,708.2649520203585,4164600
2024-04-05 09:00:00+09:00,715.7897338867188,718.5174706851508,705.7253989455156,710.4283538330762,3428400
2024-04-08 09:00:00+09:00,720.586669921875,728.7698222836141,715.0372180234913,722.5619452693916,2381500
2024-04-09 09:00:00+09:00,718.98779296875,726.0422255629916,713.5323191685743,726.0422255629916,3486800
2024-04-10 09:00:00+09:00,724.3490600585938,732.0619172497823,719.4580330970198,723.3144329880565,4140400
2024-04-11 09:00:00+09:00,746.0767211914062,747.3935140197576,722.2797826534955,723.3144096907083,4049700
2024-04-12 09:00:00+09:00,763.0073852539062,763.9479761979054,744.8539915165463,746.7351734045445,4766900
2024-04-15 09:00:00+09:00,762.631103515625,768.4627786789773,737.423278438578,746.5470218092454,4734700
2024-04-16 09:00:00+09:00,738.2698974609375,763.7598905488592,738.2698974609375,752.4727985703046,3111400
2024-04-17 09:00:00+09:00,725.947998046875,739.5865652121589,720.4925826625832,738.3638086033,2577900
2024-04-18 09:00:00+09:00,760.9381103515625,761.7846652055885,721.527324935838,726.7946689214433,6150700
2024-04-19 09:00:00+09:00,760.4677734375,772.977621432138,748.9925525111037,759.0568870303803,7585200
2024-04-22 09:00:00+09:00,783.6062622070312,790.0963624335233,763.7598170190724,768.4627715573672,7046600
2024-04-23 09:00:00+09:00,781.7251586914062,794.2350649435866,779.9380702333225,788.0271298857663,4473300
2024-04-24 09:00:00+09:00,785.9578247070312,788.4974319149331,776.1757126520539,781.3489632051759,3914400
2024-04-25 09:00:00+09:00,784.170654296875,791.0369564681049,780.7844925704497,780.7844925704497,3649300
2024-04-26 09:00:00+09:00,795.5517578125,805.1457963063845,783.3240763265386,790.0963421698165,5296200
2024-04-30 09:00:00+09:00,801.101318359375,802.0419093032257,774.2944764596331,785.7696974564334,6241100
2024-05-01 09:00:00+09:00,800.1607666015625,804.0171666965622,785.5816062578973,797.6211594469714,3589500
2024-05-02 09:00:00+09:00,800.9131469726562,802.8883648882158,791.9775334714933,800.1606857385913,2726300
2024-05-07 09:00:00+09:00,787.0865478515625,798.7498993712977,776.269751206804,797.80930835871,5090700
2024-05-08 09:00:00+09:00,781.631103515625,789.8142565143991,777.3984441103057,785.6756332433289,2547700
2024-05-09 09:00:00+09:00,790.0023803710938,793.4825210403088,780.1261751647856,791.6954326389232,2898900
2024-05-10 09:00:00+09:00,801.6657104492188,805.1459086858764,792.165764163185,798.8439374047589,3040700
2024-05-13 09:00:00+09:00,810.7894287109375,810.7894287109375,794.6112522942785,801.6656846786544,3347000
2024-05-14 09:00:00+09:00,820.1953125,828.1903356149655,799.9726069739105,799.9726069739105,5396300
2024-05-15 09:00:00+09:00,843.145751953125,858.6655026540692,830.6358463699198,834.3041740446984,8959600
2024-05-16 09:00:00+09:00,833.26953125,841.3585903173539,815.9626351037501,839.5714445794174,6196800
2024-05-17 09:00:00+09:00,847.5664672851562,847.7545969536951,823.017066882368,824.8982487495277,3360100
2024-05-20 09:00:00+09:00,876.3485717773438,877.0069969032653,851.234782727752,851.234782727752,4934600
2024-05-21 09:00:00+09:00,876.3485717773438,885.1900919812024,863.5565008179557,865.1555168640184,4088600
2024-05-22 09:00:00+09:00,882.9327392578125,894.6901261729078,877.0070277344277,882.274314108744,4713700
2024-05-23 09:00:00+09:00,879.3585205078125,883.2149205198114,870.4229062959507,880.769406962317,4151900
2024-05-24 09:00:00+09:00,877.853515625,884.061450294304,865.3436675648529,870.0466222798793,3079100
2024-05-27 09:00:00+09:00,887.729736328125,888.2941253494433,872.2099854922867,879.4525473641678,2444200
2024-05-28 09:00:00+09:00,875.690185546875,893.3732841491347,873.2446720095314,888.8584590137453,4554400
2024-05-29 09:00:00+09:00,881.2396850585938,902.9673130655882,878.1356889926383,884.1554940433884,6085800
2024-05-30 09:00:00+09:00,872.4920654296875,879.2643311551835,858.2891662989598,870.0465521386716,5202400
2024-05-31 09:00:00+09:00,888.3881225585938,897.3237362846993,879.6406384980185,882.9327067128994,14606700
2024-06-03 09:00:00+09:00,923.8485107421875,928.2693000152186,899.2050145519319,902.4970831198522,6004200
2024-06-04 09:00:00+09:00,871.0812377929688,931.1850212169835,870.799071995635,923.3781279754721,7161100
2024-06-05 09:00:00+09:00,852.73974609375,864.4030970259734,835.5269429122704,852.5516738280016,6723800
2024-06-06 09:00:00+09:00,846.34375,859.1358217383719,838.5368563692439,841.3586293015015,4711900
2024-06-07 09:00:00+09:00,844.4625854492188,858.1952484480348,843.6160879975657,846.5318971240122,2636600
2024-06-10 09:00:00+09:00,864.4971313476562,866.8486087557492,851.5169875368063,853.1160036561328,3372400
2024-06-11 09:00:00+09:00,853.7744140625,872.5862330022527,851.6110663662515,865.3436712286248,3763500
2024-06-12 09:00:00+09:00,842.0170288085938,848.2249061067401,836.4675192472845,841.8288991370193,2996900
2024-06-13 09:00:00+09:00,835.056640625,842.5813682853453,811.2597008809811,842.0170366744659,6234300
2024-06-14 09:00:00+09:00,827.9081420898438,837.9724764499963,819.2546941145038,834.5863146809777,6368500
2024-06-17 09:00:00+09:00,828.8488159179688,841.5467946513868,818.9726102364214,833.3636413191379,3399800
2024-06-18 09:00:00+09:00,829.036865234375,842.7694697918919,822.9230242146793,836.1853333091427,2975400
2024-06-19 09:00:00+09:00,836.5615844726562,846.5318252283672,834.1160136431951,841.7348345157185,2185400
2024-06-20 09:00:00+09:00,836.2794189453125,843.2398151742011,830.3537072418628,835.9972531325992,3214800
2024-06-21 09:00:00+09:00,849.0714721679688,864.9674249669831,847.1902902455446,864.497129486377,4721500
2024-06-24 09:00:00+09:00,856.87841796875,862.0516685711958,846.7200464494076,855.4675314408101,3340500
2024-06-25 09:00:00+09:00,880.9574584960938,891.4920885902905,870.9872174158863,874.7495812060198,4615400
2024-06-26 09:00:00+09:00,884.3436279296875,897.3237716350378,882.5564821504157,891.680225901484,4176900
2024-06-27 09:00:00+09:00,881.1455688476562,892.4326599705787,851.2347888537346,887.0712802053677,5834900
2024-06-28 09:00:00+09:00,889.9871826171875,899.6752580754342,887.9178710122425,892.6208258375192,5052400
2024-07-01 09:00:00+09:00,905.03662109375,907.3880984623114,890.9277568823813,902.9673095275928,3607300
2024-07-02 09:00:00+09:00,913.501953125,924.88308079344,900.3336796663874,901.0861409536277,3558600
2024-07-03 09:00:00+09:00,900.2395629882812,913.6900593169028,892.0564677623166,912.3732090412385,3365100
2024-07-04 09:00:00+09:00,903.24951171875,905.883154995816,891.3039947233918,905.883154995816,4288400
2024-07-05 09:00:00+09:00,893.8435668945312,908.610856268082,892.714846274487,904.472233130958,2124300
2024-07-08 09:00:00+09:00,876.7247924804688,897.9821821764871,876.7247924804688,894.7841500158557,3868100
2024-07-09 09:00:00+09:00,881.8040161132812,886.1307115220308,872.8684020833333,875.0317497877081,3959500
2024-07-10 09:00:00+09:00,887.353515625,892.0564703242864,878.4179016963559,884.8139086055623,2677000
2024-07-11 09:00:00+09:00,881.5218505859375,899.0168193074561,877.57135711069,898.2643580286269,3087800
2024-07-12 09:00:00+09:00,865.7199096679688,871.7396571378715,863.556504614841,867.4129618498441,3109100
2024-07-16 09:00:00+09:00,874.4674072265625,879.6406573896215,863.9327772308736,871.2693750712073,3300600
2024-07-17 09:00:00+09:00,878.5120239257812,885.4724205265288,875.0318256254075,875.7842869692157,2550100
2024-07-18 09:00:00+09:00,881.8040161132812,893.5614029947916,862.61593775901,864.685249331979,3522700
2024-07-19 09:00:00+09:00,875.2198486328125,884.155462348032,869.1060076697676,883.8732965546372,2588100
2024-07-22 09:00:00+09:00,878.7940673828125,884.4376127892,872.2099310753605,884.1554470007031,2243600
2024-07-23 09:00:00+09:00,893.5614013671875,895.6307129363872,879.6406668066586,884.1554918791119,2582700
2024-07-24 09:00:00+09:00,876.81884765625,901.9326361449994,875.9722928833827,894.5019450781813,2780000
2024-07-25 09:00:00+09:00,851.2348022460938,871.0812481524947,848.8833248918228,866.7545527842822,3447300
2024-07-26 09:00:00+09:00,845.8734741210938,855.8437731583484,838.0665803093511,846.7200289840436,2496900
2024-07-29 09:00:00+09:00,865.2496337890625,871.6456407370828,842.5813575554723,854.9971695187559,2409300
2024-07-30 09:00:00+09:00,857.2545776367188,862.5218637647667,851.4229025176643,859.4179252461272,3367100
2024-07-31 09:00:00+09:00,902.96728515625,902.96728515625,857.4426615659768,863.5565025592223,5740200
2024-08-01 09:00:00+09:00,911.6207275390625,929.3038252832779,902.873243499494,916.4177182484381,5939900
2024-08-02 09:00:00+09:00,804.1112060546875,869.6703477065817,804.1112060546875,869.2941457814379,4815400
2024-08-05 09:00:00+09:00,663.0225830078125,712.0273484940188,663.0225830078125,677.1314472448142,7963900
2024-08-06 09:00:00+09:00,673.0869140625,795.8340427404099,649.7602681403994,699.705685978952,13825500
2024-08-07 09:00:00+09:00,709.6759033203125,727.8292979804133,641.4830564141195,644.8691610209866,7981100
2024-08-08 09:00:00+09:00,691.7106323242188,709.8640268264298,685.6908270653478,695.5670323934495,4424800
2024-08-09 09:00:00+09:00,718.1411743164062,736.4826974325424,705.8194561097247,719.928320045214,6491800
2024-08-13 09:00:00+09:00,757.4578247070312,760.0914676910339,729.9925595101779,744.1955162534862,3728700
2024-08-14 09:00:00+09:00,765.8292236328125,788.2152785341788,756.3292198398522,763.7599118970802,5199500
2024-08-15 09:00:00+09:00,782.8538818359375,796.2102855863089,769.6856077683553,771.2846239583855,2657200
2024-08-16 09:00:00+09:00,821.6061401367188,825.7447630048873,809.0021992820242,811.0715107161085,2978800
2024-08-19 09:00:00+09:00,799.314208984375,820.571599728429,795.0815495443916,820.1013042350975,3223300
2024-08-20 09:00:00+09:00,801.2894897460938,813.4230791079871,792.9182069463579,813.4230791079871,2375100
2024-08-21 09:00:00+09:00,797.3389892578125,800.348891890849,787.6509135966696,788.215245223875,2304800
2024-08-22 09:00:00+09:00,782.0073852539062,791.131072083666,772.4133455120865,791.0370359467255,2749700
2024-08-23 09:00:00+09:00,795.5517578125,797.8091988966298,785.5815174106684,789.7200828527576,2463300
2024-08-26 09:00:00+09:00,769.1212158203125,792.1656936316039,765.641017893519,786.8043138426642,2853800
2024-08-27 09:00:00+09:00,776.3638305664062,777.1162918809022,763.101463085802,769.2153045558989,2240800
2024-08-28 09:00:00+09:00,779.93798828125,781.7250765515553,767.3340472168906,771.2845404914743,1992300
2024-08-29 09:00:00+09:00,772.2252197265625,780.2202433169106,768.5568918214609,779.5618181276462,3563800
2024-08-30 09:00:00+09:00,772.2252197265625,777.1163044636581,763.0074393042203,772.3192558639777,8069500
2024-09-02 09:00:00+09:00,786.8043212890625,790.0963895789749,776.8340802889738,782.6656981895267,3085400
2024-09-03 09:00:00+09:00,806.1804809570312,807.027035776387,795.739944366927,799.878567514042,2444500
2024-09-04 09:00:00+09:00,767.7103271484375,782.6656884627082,764.7004246961011,777.9627338212807,2878800
2024-09-05 09:00:00+09:00,760.6558227539062,774.3884260355607,719.5519916200626,739.4925288827279,3679200
2024-09-06 09:00:00+09:00,768.6510009765625,775.329174323992,761.6906043929179,764.3242477943356,2979500
2024-09-09 09:00:00+09:00,747.4876098632812,754.9182436287275,729.8045121849536,740.4331780174766,3611400
2024-09-10 09:00:00+09:00,747.2994995117188,762.8192499735732,741.9381196885279,752.7549154649719,4527800
2024-09-11 09:00:00+09:00,733.943115234375,742.5025274231709,724.8193714327425,733.943115234375,4145600
2024-09-12 09:00:00+09:00,744.0074462890625,749.9331578307806,739.5866573134864,743.0668553329449,4330000
2024-09-13 09:00:00+09:00,738.92822265625,754.3539371017779,737.8935955814773,748.8985211083012,4519000
2024-09-17 09:00:00+09:00,725.5718994140625,746.7351963030104,714.284807739957,741.2797227332325,4481400
2024-09-18 09:00:00+09:00,736.6708374023438,738.2698534858839,721.4332526570983,730.7451259483913,2881700
2024-09-19 09:00:00+09:00,758.4925537109375,772.5073242110722,758.0222582429642,772.2251584121111,3845900
2024-09-20 09:00:00+09:00,753.695556640625,780.50240013431,751.6262449592888,779.749938816311,7336300
2024-09-24 09:00:00+09:00,746.5470581054688,763.9479909044323,746.5470581054688,756.4232632075832,4037600
2024-09-25 09:00:00+09:00,733.28466796875,746.264868763752,731.7797454404873,745.2301842925963,4528000
2024-09-26 09:00:00+09:00,744.3837280273438,748.616387457198,725.759980608691,740.0569750535777,6096300
2024-09-27 09:00:00+09:00,740.3672485351562,747.5394963735207,724.6839099147716,747.4438313816012,5855000
2024-09-30 09:00:00+09:00,757.3893432617188,776.706608387176,743.1404547446097,744.0011478000217,8088000
2024-10-01 09:00:00+09:00,762.2664184570312,777.280334454191,754.2335365148354,763.0315048621052,2878800
2024-10-02 09:00:00+09:00,732.716796875,758.728158793266,728.2221768870812,743.4273645316857,5011900
2024-10-03 09:00:00+09:00,729.56103515625,743.6185934869583,718.1810458364489,742.3754156005017,3603200
2024-10-04 09:00:00+09:00,744.0011596679688,747.4438152087321,734.2468911452712,734.6294343688677,2982700
2024-10-07 09:00:00+09:00,774.8895874023438,780.723050232984,756.8155592087977,765.0397127739586,4566100
2024-10-08 09:00:00+09:00,747.2525634765625,760.7363650792684,736.6376024314618,760.5450934773219,4361000
2024-10-09 09:00:00+09:00,738.0720825195312,754.7117203250488,736.8289046071421,753.5641490336509,2393700
2024-10-10 09:00:00+09:00,741.8016967773438,747.8263732772243,738.2633761764926,747.5394950377829,2778200
2024-10-11 09:00:00+09:00,746.8700561523438,752.8947325117466,742.5667075573558,746.0093630861858,3178600
2024-10-15 09:00:00+09:00,771.925048828125,776.802153441185,754.6159910466131,757.5805548274831,4243000
2024-10-16 09:00:00+09:00,762.0751953125,773.9332756542542,754.1378617223204,759.9713244617042,3751700
2024-10-17 09:00:00+09:00,772.594482421875,780.2448793430258,763.70084930672,766.9522913453677,3979600
2024-10-18 09:00:00+09:00,761.3101196289062,772.8813802871407,758.8237639134629,768.3867603080876,3437800
2024-10-21 09:00:00+09:00,746.8700561523438,759.0150738606675,746.1050280757038,759.0150738606675,2505200
2024-10-22 09:00:00+09:00,729.1785278320312,745.148744639769,726.9790501757577,742.184180522268,3577500
2024-10-23 09:00:00+09:00,718.7548217773438,733.481860311994,716.7466157807555,731.1867177148353,3594200
2024-10-24 09:00:00+09:00,715.6947021484375,719.1373576410483,701.8283568215821,707.6617615084784,4052200
2024-10-25 09:00:00+09:00,713.208251953125,715.3121228114439,700.967628370038,714.0689449667683,4217800
2024-10-28 09:00:00+09:00,711.4869384765625,717.2247363675025,695.2298444522324,698.8637714429148,3617700
2024-10-29 09:00:00+09:00,724.3970336914062,728.5091107899353,713.8777368325211,714.8340365469652,3109900
2024-10-30 09:00:00+09:00,728.7003173828125,733.0036657138133,719.9023491214091,724.8751188663673,5852600
2024-10-31 09:00:00+09:00,732.8124389648438,740.0803516116472,727.648455672329,733.4818604197718,3549600
2024-11-01 09:00:00+09:00,741.6104125976562,743.7142835977547,721.0499691794105,724.8751679548981,4492400
2024-11-05 09:00:00+09:00,744.9574584960938,748.400114032869,737.4026675980743,746.4875146529048,2729600
2024-11-06 09:00:00+09:00,788.3734741210938,798.0320774755552,746.2962884902676,746.2962884902676,5449200
2024-11-07 09:00:00+09:00,806.0650024414062,828.0598945035342,795.7369194744358,821.4614035377363,8032600
2024-11-08 09:00:00+09:00,807.8818969726562,815.8191720435891,801.2834646997634,812.4721234163852,3085300
2024-11-11 09:00:00+09:00,814.384765625,822.0351628910606,806.9256399641706,812.0896814659212,5653700
2024-11-12 09:00:00+09:00,820.505126953125,846.3252183607408,817.4449562979015,831.9807231342876,5157000
2024-11-13 09:00:00+09:00,822.417724609375,830.9288151065624,814.3847839520768,828.0599160672274,3875800
2024-11-14 09:00:00+09:00,813.81103515625,832.8414223102369,811.8984357786795,822.4177323553173,5554000
2024-11-15 09:00:00+09:00,850.5328979492188,862.0084932890262,830.0680629127371,860.6696504855569,9352500
2024-11-18 09:00:00+09:00,844.2213745117188,858.565870199054,836.3797051957284,855.8882426776652,5709100
2024-11-19 09:00:00+09:00,848.4290771484375,849.0984985896374,830.163718468354,831.980711184768,4707200
2024-11-20 09:00:00+09:00,830.0681762695312,845.6558503945603,824.4259844431182,836.8578810923162,4114900
2024-11-21 09:00:00+09:00,829.78125,838.7704320361552,824.6172083435591,825.095358187011,4519000
2024-11-22 09:00:00+09:00,844.8908081054688,849.7679133619723,828.5381061344597,829.2074692484832,4442200
2024-11-25 09:00:00+09:00,880.465087890625,880.5606945072127,856.3663253528448,873.5797188272738,18357700
2024-11-26 09:00:00+09:00,851.7760620117188,872.4321099425484,843.3606372387101,870.2326325448603,4699300
2024-11-27 09:00:00+09:00,849.9591674804688,851.8717668935067,839.0573858468939,844.8907907094987,3572200
2024-11-28 09:00:00+09:00,841.5437622070312,849.767916535984,833.8933643687855,836.7622635581276,2785400
2024-11-29 09:00:00+09:00,858.47021484375,861.8172636474658,837.0490791528098,846.6120757348547,4404400
2024-12-02 09:00:00+09:00,891.1756591796875,892.1319588211003,865.0686322748014,867.4593813783332,4647600
2024-12-03 09:00:00+09:00,895.57470703125,902.4600768368383,888.4980656039696,897.0091566420849,4759900
2024-12-04 09:00:00+09:00,870.4239501953125,896.8177970999658,866.4074800051527,894.0445631449709,4768300
2024-12-05 09:00:00+09:00,877.0223999023438,882.6645912760787,859.4265210774931,876.5442500695832,4451700
2024-12-06 09:00:00+09:00,875.3010864257812,888.4024037302597,869.0851384987127,876.0661144970712,2536600
2024-12-09 09:00:00+09:00,870.902099609375,883.3339950119943,862.3910094096533,877.1180473106846,2938000
2024-12-10 09:00:00+09:00,865.7380981445312,879.7001086467084,862.7735924511127,878.743808956199,3493600
2024-12-11 09:00:00+09:00,874.5360717773438,874.5360717773438,864.6861965845417,868.6070019900188,2292900
2024-12-12 09:00:00+09:00,877.4049682617188,882.8558881849904,871.4758984919831,877.1180900274205,3661300
2024-12-13 09:00:00+09:00,864.87744140625,877.8830935186254,856.4619576498782,868.4157034766569,4103200
2024-12-16 09:00:00+09:00,858.5657958984375,868.9894852096586,851.1066704601193,864.877408475397,2274300
2024-12-17 09:00:00+09:00,841.0655517578125,869.7545415846851,838.961680830262,860.9565730308643,2985900
2024-12-18 09:00:00+09:00,837.431640625,837.431640625,825.2866230273786,832.4588706203164,3838200
2024-12-19 09:00:00+09:00,843.9344482421875,846.1339257821567,817.6362076454054,825.2866049099239,4374900
2024-12-20 09:00:00+09:00,821.46142578125,843.8388616584233,819.5488264197104,843.8388616584233,5446700
2024-12-23 09:00:00+09:00,831.1200561523438,837.9098191266537,822.8959019782807,825.6691944895753,3948900
2024-12-24 09:00:00+09:00,834.9451904296875,840.3005034221939,831.693806681853,839.3442037843781,2200900
2024-12-25 09:00:00+09:00,822.417724609375,830.546271887491,815.628020230109,830.546271887491,2356100
2024-12-26 09:00:00+09:00,824.8084716796875,824.8084716796875,811.9940326565763,822.417722486413,2535600
2024-12-27 09:00:00+09:00,832.36328125,836.0928150548807,819.5488419378829,822.417741034515,3180700
2024-12-30 09:00:00+09:00,833.0325927734375,843.8388253960795,827.7729447552268,841.5436829137011,2612600
2025-01-06 09:00:00+09:00,832.1719360351562,835.6145912994682,818.9750130314317,831.0243648244201,3687500
2025-01-07 09:00:00+09:00,833.5107421875,837.2403341275747,820.5050904414153,832.2675643301078,3894600
2025-01-08 09:00:00+09:00,849.194091796875,853.879983443364,835.0408686071735,836.5709247046931,4975600
2025-01-09 09:00:00+09:00,837.9097900390625,849.385386181936,834.8496193940496,847.2815152154958,3380800
2025-01-10 09:00:00+09:00,826.4342041015625,842.8825704497103,823.4696400406382,841.256849302481,3541600
2025-01-14 09:00:00+09:00,814.384765625,837.0490791992845,812.3765596898187,832.9370023423568,4167100
2025-01-15 09:00:00+09:00,833.223876953125,841.2568173948149,820.0269533999763,828.7292569052246,3676600
2025-01-16 09:00:00+09:00,836.5709838867188,847.2815524307558,829.8768858426835,841.543754107297,3907100
2025-01-17 09:00:00+09:00,836.9534912109375,839.822390249571,817.158076170786,826.2429231264589,2588600
2025-01-20 09:00:00+09:00,849.863525390625,853.6887240570684,845.4645119034755,848.2378042838067,3242100
2025-01-21 09:00:00+09:00,839.5355224609375,863.4430147468977,835.4233870934315,860.6697222945659,2847600
2025-01-22 09:00:00+09:00,832.8413696289062,843.3606655401466,831.9806766162823,841.543672899228,2524200
2025-01-23 09:00:00+09:00,826.62548828125,831.3113218146239,821.8439897566428,827.8686662240674,4450000
2025-01-24 09:00:00+09:00,824.1390380859375,834.46706277509,816.9667906118177,826.2429090185924,4119300
2025-01-27 09:00:00+09:00,829.11181640625,853.3061864570969,826.5297956158339,842.9781616633327,3869500
2025-01-28 09:00:00+09:00,843.4563598632812,847.3771653998382,832.6501846134435,833.8933625859198,3167400
2025-01-29 09:00:00+09:00,849.3854370117188,852.0630645983798,839.344289785812,850.1504651267785,2929600
2025-01-30 09:00:00+09:00,861.9129028320312,864.4949236803204,846.8033793350926,853.5930838177222,5003500
2025-01-31 09:00:00+09:00,866.5031127929688,870.2327048753087,855.8882097400015,870.2327048753087,3943200
2025-02-03 09:00:00+09:00,833.223876953125,852.0629918126866,827.199200805807,845.7514374427152,4023600
2025-02-04 09:00:00+09:00,837.6229248046875,847.5684065954074,834.3714824999342,847.5684065954074,3257700
2025-02-05 09:00:00+09:00,822.1307983398438,848.0464948003572,818.8793562714272,838.674770159723,6422700
2025-02-06 09:00:00+09:00,816.4886474609375,829.4943580078304,811.8984207135222,825.5734943358237,5084700
2025-02-07 09:00:00+09:00,824.6171875,831.9807065766142,814.7673126474428,825.286608937492,3936500
2025-02-10 09:00:00+09:00,812.7590942382812,824.1390250295251,803.3873109929176,822.4176973365865,3669400
2025-02-12 09:00:00+09:00,817.3493041992188,825.5734576576297,808.6469425586333,810.750813415033,3978300
2025-02-13 09:00:00+09:00,822.8002319335938,831.1199920903936,814.4804134088961,816.871162504045,4542700
2025-02-14 09:00:00+09:00,827.86865234375,829.3031018770818,815.2454847768508,815.3410913985792,2925100
2025-02-17 09:00:00+09:00,858.8526611328125,858.8526611328125,825.6691111770294,831.0243656754202,4391900
2025-02-18 09:00:00+09:00,879.7957153320312,881.3257714897961,851.2023312365799,860.6697215204654,4671000
2025-02-19 09:00:00+09:00,871.475830078125,906.2851595152233,867.9375098184804,894.1401426948793,8521900
2025-02-20 09:00:00+09:00,873.1972045898438,878.3612461506274,856.940110213621,874.1535042590333,4587700
2025-02-21 09:00:00+09:00,894.8096313476562,898.7304367283613,862.8691983637382,866.3119122674826,5779100
2025-02-25 09:00:00+09:00,872.7190551757812,881.4214171903396,871.0933924316954,875.0141977301021,4137200
2025-02-26 09:00:00+09:00,860.669677734375,870.4239457556109,857.3226289876303,867.3637752278646,5571000
2025-02-27 09:00:00+09:00,860.95654296875,864.4948632640962,854.2624455762183,864.4948632640962,3333900
2025-02-28 09:00:00+09:00,834.849609375,855.7925954315671,833.2238882673565,850.0547974289898,10733400
2025-03-03 09:00:00+09:00,857.0357666015625,864.303620667316,847.3771050189255,862.964836164624,3183900
2025-03-04 09:00:00+09:00,844.1257934570312,860.3828890617879,839.4399013767339,857.8008680862752,2580000
2025-03-05 09:00:00+09:00,866.8856201171875,870.0413972427108,846.7077211428103,855.8881743021323,4667600
2025-03-06 09:00:00+09:00,896.3397216796875,902.4600632744333,880.9433194352691,881.2301976795441,5036100
2025-03-07 09:00:00+09:00,883.7164916992188,891.8450388022317,877.5005439145618,881.9951639862782,4499800
2025-03-10 09:00:00+09:00,874.2491455078125,889.6455464165394,872.336546221367,883.6208703378157,3970100
2025-03-11 09:00:00+09:00,855.3143920898438,870.1370360025356,831.9806583252865,859.8089535496981,6797600
2025-03-12 09:00:00+09:00,905.9026489257812,922.8291644446145,865.833728516231,867.1725130086757,6886100
2025-03-13 09:00:00+09:00,917.6651000976562,926.4630683528242,910.684124483671,911.7360890956862,4017300
2025-03-14 09:00:00+09:00,928.0888671875,932.5834874914578,910.5885941938664,921.5860408426621,5306700
2025-03-17 09:00:00+09:00,948.840576171875,950.0837541111225,939.2775791501224,941.9552066426328,4706800
2025-03-18 09:00:00+09:00,957.2559814453125,966.3408284220662,947.7885912486931,956.299681763549,6283800
2025-03-19 09:00:00+09:00,957.7340698242188,961.0811184955963,941.9551260877238,942.8158190932368,4271700
2025-03-21 09:00:00+09:00,990.2483520507812,999.3331993173022,958.2123116898916,958.2123116898916,5689200
2025-03-24 09:00:00+09:00,978.2946166992188,988.3357637914395,978.2946166992188,983.076115314562,2354000
2025-03-25 09:00:00+09:00,977.3382568359375,979.7290059964951,961.5593123762575,970.6441591863763,2895400
2025-03-26 09:00:00+09:00,987.8575439453125,996.9423906708502,972.0785996325365,993.1171920495711,4857200
2025-03-27 09:00:00+09:00,1002.6802368164062,1008.896184874877,979.2508941344778,984.988692342297,7194500
2025-03-28 09:00:00+09:00,987.142333984375,1011.9058652353357,986.1712151117882,1008.5069491812823,5480000
2025-03-31 09:00:00+09:00,952.8618774414062,965.3892756998935,933.7308232387187,945.4813382309452,5944600
2025-04-01 09:00:00+09:00,928.7781372070312,969.1766596309888,927.5156352224627,965.5835078560344,5643700
2025-04-02 09:00:00+09:00,914.2113037109375,928.7780863750863,902.1694063329516,923.5340209070366,4648900
2025-04-03 09:00:00+09:00,851.3798828125,869.9282285974399,835.3564222549462,855.9441531288264,7180100
2025-04-04 09:00:00+09:00,796.51171875,842.5427181863787,768.6405949863512,836.8131523468838,12529100
2025-04-07 09:00:00+09:00,702.9929809570312,733.0976662377196,679.8803041945887,679.9774516460265,8350600
2025-04-08 09:00:00+09:00,764.9503173828125,776.7979790118819,738.6329614184419,744.07126245218,6857000
2025-04-09 09:00:00+09:00,713.578125,744.2655164760661,704.838055278048,725.8142581741674,6379100
2025-04-10 09:00:00+09:00,817.5849609375,831.569036427744,794.1809617356203,830.1123581929859,9435800
2025-04-11 09:00:00+09:00,771.7481689453125,779.4199723664224,744.848164701988,748.7326401372004,6178200
2025-04-14 09:00:00+09:00,776.0210571289062,793.5983440540796,765.1445733174562,767.1838992140052,3583700
2025-04-15 09:00:00+09:00,797.5798950195312,804.3777269300609,778.9344013533145,786.6062639327256,3692800
2025-04-16 09:00:00+09:00,794.9578857421875,808.1651379786445,787.8687298236468,798.2597136193998,3427200
2025-04-17 09:00:00+09:00,819.6243286132812,821.8578901661613,790.2965268013133,796.4145638452516,2795700
2025-04-18 09:00:00+09:00,831.95751953125,837.9784681752645,815.4484993018755,830.7921650723456,2937900
2025-04-21 09:00:00+09:00,820.7896728515625,829.2384187934457,817.2936093898911,824.2856770408424,3138000
2025-04-22 09:00:00+09:00,831.95751953125,831.95751953125,811.7582595756697,820.5954172836143,3183700
2025-04-23 09:00:00+09:00,847.0098876953125,859.4401973390716,843.999383644023,846.5243282617876,5066500
2025-04-24 09:00:00+09:00,858.2748413085938,864.2957901280088,849.4376833432079,861.5766691596125,4030600
2025-04-25 09:00:00+09:00,861.7709350585938,873.4243618516922,858.0806358228641,867.2091771864156,3279200
2025-04-28 09:00:00+09:00,877.7943725585938,879.8336984818797,859.440202159452,862.3535587769417,4992400
2025-04-30 09:00:00+09:00,891.6813354492188,896.9253416494652,878.9596430146332,881.775911374455,5464100
2025-05-01 09:00:00+09:00,864.87841796875,900.9069626117293,864.2957703718374,891.8755692252432,4507900
2025-05-02 09:00:00+09:00,828.7528686523438,859.3431131047889,825.6452764090456,854.5846069254517,6835900
2025-05-07 09:00:00+09:00,850.1174926757812,856.5268535854912,833.7055598675104,842.5427179812607,6107800
2025-05-08 09:00:00+09:00,860.2171020507812,864.0044894357721,845.3589948685129,855.5557432270648,3514700
2025-05-09 09:00:00+09:00,888.2824096679688,890.5159711325801,874.0069509480068,874.783834161038,4806800
2025-05-12 09:00:00+09:00,898.3820190429688,912.0748303093563,891.6813345815534,900.227168555869,4645100
2025-05-13 09:00:00+09:00,917.1246948242188,944.5101998474846,899.6445549681464,899.9358787779357,7289200
2025-05-14 09:00:00+09:00,922.6599731445312,939.0719050177054,911.2979302949068,930.6231593745471,5649400
2025-05-15 09:00:00+09:00,906.0538940429688,912.0748428139169,897.702295577467,910.1326050989267,4050600
2025-05-16 09:00:00+09:00,889.836181640625,917.7073042157289,885.2719112360793,915.085271492063,3907700
2025-05-19 09:00:00+09:00,891.2929077148438,895.0802951046907,877.114595592779,889.739141195744,3672700
2025-05-20 09:00:00+09:00,887.9911499023438,896.9253964050093,881.775965205156,894.4005109624985,4643000
2025-05-21 09:00:00+09:00,899.3531494140625,910.2296924627723,889.5448726710781,891.4871103843337,4699000
2025-05-22 09:00:00+09:00,899.3531494140625,902.9463010380637,890.030432099392,893.2351124717856,3121200
2025-05-23 09:00:00+09:00,906.6365356445312,916.5419597798638,903.9174147160298,904.694297942403,3105100
2025-05-26 09:00:00+09:00,887.5055541992188,909.258581206067,877.8914537292887,903.1405442126531,4417300
2025-05-27 09:00:00+09:00,895.8571166992188,895.8571166992188,877.4058590111048,881.4845699334815,4450000
2025-05-28 09:00:00+09:00,888.7680053710938,903.3347884816152,885.6604131197041,898.3820466606027,3609200
2025-05-29 09:00:00+09:00,887.8939208984375,897.7993446681288,887.408361490829,890.5159535540012,5504500
2025-05-30 09:00:00+09:00,900.2271728515625,900.2271728515625,863.227568420665,864.878423045738,10951100
2025-06-02 09:00:00+09:00,906.34521484375,906.34521484375,885.1748356749545,887.9911040613188,3293500
2025-06-03 09:00:00+09:00,904.6943359375,917.6102646170053,902.7520981538022,915.0853199347622,2712400
2025-06-04 09:00:00+09:00,919.06689453125,921.3975441854549,905.0827595164602,906.8307615752113,2638400
2025-06-05 09:00:00+09:00,896.634033203125,908.1903713669559,894.0120004219104,904.5001315467684,2973600
2025-06-06 09:00:00+09:00,895.9542236328125,910.9094775705388,895.9542236328125,903.1405268023466,2663300
2025-06-09 09:00:00+09:00,908.96728515625,909.9384040506477,898.4792129512334,906.6365761007381,1914200
2025-06-10 09:00:00+09:00,901.0040893554688,914.7939893724622,898.2849683328318,908.9672760643573,2475500
2025-06-11 09:00:00+09:00,891.2929077148438,905.2770434763161,890.2247006420118,901.0040966402014,2841400
2025-06-12 09:00:00+09:00,898.6734008789062,899.2560484756578,890.321743266994,891.5841859082161,2297300
2025-06-13 09:00:00+09:00,895.6629028320312,901.3925277517111,887.4083926131921,901.3925277517111,3656000
2025-06-16 09:00:00+09:00,910.6181640625,917.8044080408583,903.2376251858724,903.2376251858724,2765100
2025-06-17 09:00:00+09:00,912.6575317382812,919.6495996832771,902.1694594569846,902.9463427236743,2169500
2025-06-18 09:00:00+09:00,915.5708618164062,917.8044233703315,897.2167506760022,900.6156667322687,2792700
2025-06-19 09:00:00+09:00,919.1640014648438,922.465829299506,915.1824378457434,918.6784420345929,3072200
2025-06-20 09:00:00+09:00,908.2874145507812,921.8830779418574,905.0827343202195,917.7072788976475,4758200
2025-06-23 09:00:00+09:00,912.0748291015625,918.484189755714,901.6838456281068,908.2874419053155,1881000
2025-06-24 09:00:00+09:00,918.678466796875,929.4578627300376,916.541993391706,922.5629423435848,2574400
2025-06-25 09:00:00+09:00,917.9986572265625,924.7964893259673,908.9672635775461,924.7964893259673,2170000
2025-06-26 09:00:00+09:00,917.7073364257812,924.1166972886869,908.7730309256762,917.9986602336602,2424500
2025-06-27 09:00:00+09:00,908.3846435546875,921.5918368971538,906.6365821152605,910.909528987914,4112500
2025-06-30 09:00:00+09:00,910.1326293945312,912.8517504136252,893.7206965557972,910.0354819427537,4850200
2025-07-01 09:00:00+09:00,912.8517456054688,916.0564260493924,885.7575051918388,903.9174400705963,3414800
2025-07-02 09:00:00+09:00,908.3846435546875,919.2611278261803,899.256102177834,902.3636945150007,2639500
2025-07-03 09:00:00+09:00,909.9383544921875,909.9383544921875,896.2456025358929,908.0932049843678,3439300
2025-07-04 09:00:00+09:00,918.19287109375,922.6599940871007,908.3845944345975,916.5419571971149,3052900
2025-07-07 09:00:00+09:00,903.6260986328125,912.6574921703656,900.6156538777586,909.064340536262,2620400
2025-07-08 09:00:00+09:00,901.9752197265625,905.5683715001303,893.2351496531028,898.2849797722472,3923800
2025-07-09 09:00:00+09:00,906.4423828125,917.1246904513889,895.4686920928183,910.4239464962199,2746300
2025-07-10 09:00:00+09:00,906.6365356445312,910.1325990717967,897.6051421841129,903.6260909151888,3722900
2025-07-11 09:00:00+09:00,919.06689453125,934.1192365618349,903.8203168780504,921.2033085628402,4043300
2025-07-14 09:00:00+09:00,917.31884765625,919.7466447962172,904.7914499774539,911.2008107180109,2080200
2025-07-15 09:00:00+09:00,921.3004760742188,933.1481380430439,913.4343777299471,920.8149166433029,2777700
2025-07-16 09:00:00+09:00,913.8228759765625,920.2322369450178,911.1037549375933,914.7939948670795,2794900
2025-07-17 09:00:00+09:00,922.7571411132812,924.0195837610515,906.0538850752088,907.9961227709756,1865300
2025-07-18 09:00:00+09:00,928.9722900390625,937.0326241014552,926.0589334205762,932.2741179156372,2171600
2025-07-22 09:00:00+09:00,934.5076293945312,940.0430185275286,925.4762362156351,928.9722402615339,2891000
2025-07-23 09:00:00+09:00,968.3025512695312,982.2866859800816,946.1610540381505,957.0375966716465,5582700
2025-07-24 09:00:00+09:00,988.1134033203125,1001.2235074429898,982.7722497888512,983.2578092008023,5198000
2025-07-25 09:00:00+09:00,980.344482421875,989.0845521017135,975.0033287286404,988.1134332483981,3572500
2025-07-28 09:00:00+09:00,951.6964721679688,980.344478217923,950.3368820702011,977.43112167047,3899300
2025-07-29 09:00:00+09:00,964.8065795898438,972.5755304068732,949.8513255581057,951.6964750861066,5086000
2025-07-30 09:00:00+09:00,973.0610961914062,975.9744527668296,958.6885489404625,958.6885489404625,3532900
2025-07-31 09:00:00+09:00,981.8011474609375,988.113419922358,962.3787706565669,962.5730062790886,3418400
2025-08-01 09:00:00+09:00,991.9979248046875,999.7668757576365,979.8589389407045,981.8011766789417,3302200
2025-08-04 09:00:00+09:00,953.4445190429688,962.2817365489254,942.4708873864053,961.4077058346638,4291800
2025-08-05 09:00:00+09:00,968.982421875,977.4311681185811,951.6965173931541,958.6885852937866,3629400
2025-08-06 09:00:00+09:00,998.3101806640625,1014.3336417350324,978.4022441819484,979.8589224611275,5370800
2025-08-07 09:00:00+09:00,1029.3861083984375,1031.8139058239055,999.2814203226341,999.2814203226341,4027600
2025-08-08 09:00:00+09:00,1042.49609375,1057.0628766156265,1037.6404994614577,1039.0971777480204,4934900
2025-08-12 09:00:00+09:00,1059.005126953125,1075.0285882962946,1056.5773297799174,1067.2596373420306,4766300
2025-08-13 09:00:00+09:00,1078.427490234375,1090.5664759416507,1067.7451828119724,1075.0285742363378,4763900
2025-08-14 09:00:00+09:00,1079.3985595703125,1084.2541536304577,1069.2018120440073,1074.0574061041525,4124700
2025-08-15 09:00:00+09:00,1143.0069580078125,1144.4636363740076,1088.1387395477943,1091.0520962801845,6310300
2025-08-18 09:00:00+09:00,1123.58447265625,1149.804680747623,1117.7577597470558,1141.5501707929316,4515400
2025-08-19 09:00:00+09:00,1086.6820068359375,1126.012320756273,1080.8552936625545,1124.070083031812,6064600
2025-08-20 09:00:00+09:00,1093.4798583984375,1103.1910471941608,1082.797550723142,1097.3643339167268,2357400
2025-08-21 09:00:00+09:00,1094.9365234375,1098.3354394747782,1083.7686564578714,1089.1098102307371,1856200
2025-08-22 09:00:00+09:00,1113.3878173828125,1114.844495730893,1093.9654394084066,1095.422117756487,2280400
2025-08-25 09:00:00+09:00,1115.8155517578125,1128.9256561518337,1107.0754821617984,1123.5845025098251,2361800
2025-08-26 09:00:00+09:00,1121.15673828125,1127.9545703886288,1100.7632419591139,1119.7000599725259,5120000
2025-08-27 09:00:00+09:00,1093.4798583984375,1112.4166765500977,1091.5376206392928,1109.0177604715946,3773900
2025-08-28 09:00:00+09:00,1102.7054443359375,1104.1621225979402,1087.6531022952445,1098.8209689705973,2550400
2025-08-29 09:00:00+09:00,1092.9942626953125,1100.763213474133,1091.0520250006073,1099.3065352031042,2984100
2025-09-01 09:00:00+09:00,1087.6531982421875,1102.7055416107178,1080.3698062896729,1092.5087928771973,1692500
2025-09-02 09:00:00+09:00,1101.2489013671875,1104.1622582491113,1089.1099143591719,1094.4510686426986,2483900
2025-09-03 09:00:00+09:00,1070.6585693359375,1103.1910519416099,1059.0051427309204,1101.248814174107,3813800
2025-09-04 09:00:00+09:00,1081.826416015625,1085.7108914770815,1068.7163113332094,1072.600786794666,2729600
2025-09-05 09:00:00+09:00,1085.7109375,1095.90768601856,1076.9708673412345,1083.2831402336762,2218400
2025-09-08 09:00:00+09:00,1088.138671875,1092.5087067018071,1077.4563645205824,1085.710874748996,2153200
2025-09-09 09:00:00+09:00,1088.624267578125,1102.219931936817,1078.9130787504878,1095.9076591988528,2169300
2025-09-10 09:00:00+09:00,1109.9888916015625,1109.9888916015625,1088.1387165700357,1094.4509893569211,2564000
2025-09-11 09:00:00+09:00,1091.5377197265625,1109.9889801133995,1087.1676843717853,1107.5611826940788,2407700
2025-09-12 09:00:00+09:00,1097.849853515625,1102.7054477372774,1090.5664621831463,1099.3065317821208,3492100
2025-09-16 09:00:00+09:00,1084.2542724609375,1096.3932589416916,1082.3120346240169,1092.5087832678503,3163400
2025-09-17 09:00:00+09:00,1072.600830078125,1076.9708651486108,1052.6928925348009,1067.2596761030868,2950300
2025-09-18 09:00:00+09:00,1067.7451171875,1081.3407803440484,1064.3462013983628,1080.8552209456002,2851100
2025-09-19 09:00:00+09:00,1082.7974853515625,1096.8787082552376,1067.2595842164728,1067.7451436269444,4904300
2025-09-22 09:00:00+09:00,1098.33544921875,1105.6188407918187,1082.7975471962036,1082.7975471962036,2940000
2025-09-24 09:00:00+09:00,1106.1043701171875,1106.1043701171875,1084.7397554178212,1100.2776570173603,4201400
2025-09-25 09:00:00+09:00,1127.468994140625,1128.4401129986272,1106.1043792645753,1113.3877706995922,4390000
2025-09-26 09:00:00+09:00,1134.266845703125,1141.5502372637186,1124.0700975182938,1127.954573017277,3853900
2025-09-29 09:00:00+09:00,1116.528564453125,1141.1651170668304,1113.0794470872063,1138.7014618054598,2825900
2025-09-30 09:00:00+09:00,1120.4703369140625,1131.8031503481097,1101.746558196941,1111.6011785743733,3663900
2025-10-01 09:00:00+09:00,1095.341064453125,1107.6593400317702,1087.457368082792,1101.7465677540204,2705800
2025-10-02 09:00:00+09:00,1099.282958984375,1119.9776628289935,1088.9356070620659,1098.7902279404555,2703100
2025-10-03 09:00:00+09:00,1112.586669921875,1118.4994423040991,1096.81927690261,1099.2829320618703,1964400
2025-10-06 09:00:00+09:00,1094.3555908203125,1119.9776037526206,1069.7190399238625,1116.5284866271177,6388700
2025-10-07 09:00:00+09:00,1093.3701171875,1113.0793576956119,1093.3701171875,1103.2247374415558,2927500
2025-10-08 09:00:00+09:00,1114.0648193359375,1119.4848604737947,1100.7610819975605,1102.7320060476904,3299700
2025-10-09 09:00:00+09:00,1108.152099609375,1115.0503341111676,1102.7320582151094,1107.6593685735327,2304600
2025-10-10 09:00:00+09:00,1085.979248046875,1106.6739524107447,1085.979248046875,1099.775717622788,3270100
2025-10-14 09:00:00+09:00,1049.51708984375,1068.240868911385,1039.6624692818368,1063.3135586304284,4499200
2025-10-15 09:00:00+09:00,1074.6463623046875,1079.0809415163988,1060.3571626225068,1061.342624669554,2808700
2025-10-16 09:00:00+09:00,1084.00830078125,1090.9065354225852,1075.1391419566762,1084.00830078125,2750500
2025-10-17 09:00:00+09:00,1058.38623046875,1071.6899680025751,1053.9516512908083,1061.835347607149,2988900
2025-10-20 09:00:00+09:00,1107.659423828125,1107.659423828125,1074.153711719445,1087.4574503508327,2768300
2025-10-21 09:00:00+09:00,1108.152099609375,1120.470375505433,1103.2247892509517,1109.630292716902,2439500
2025-10-22 09:00:00+09:00,1106.6739501953125,1114.0649160247558,1101.7466396423504,1106.6739501953125,1830000
2025-10-23 09:00:00+09:00,1100.7611083984375,1108.152073763691,1096.3265291792852,1099.775646349737,1653900
2025-10-24 09:00:00+09:00,1089.4283447265625,1100.7611588055815,1087.9501515858208,1100.7611588055815,2058700
2025-10-27 09:00:00+09:00,1108.152099609375,1125.3976858638562,1099.2829409642134,1116.5285272186945,2837700
2025-10-28 09:00:00+09:00,1100.2684326171875,1113.0794398935184,1099.775701568098,1113.0794398935184,2478100
2025-10-29 09:00:00+09:00,1093.8629150390625,1119.9776603080131,1091.3992598250104,1111.108501537426,3014600
2025-10-30 09:00:00+09:00,1108.152099609375,1110.1230237527443,1090.9065133548938,1101.2538651075824,4360500
2025-10-31 09:00:00+09:00,1104.7030029296875,1118.0067411451655,1097.8047682994397,1112.5866996499708,2267800
2025-11-04 09:00:00+09:00,1105.1956787109375,1117.513954220422,1089.4282860587975,1104.7029476905582,3270800
2025-11-05 09:00:00+09:00,1090.413818359375,1105.1957499232165,1062.8208794402042,1102.7320946625764,3337800
2025-11-06 09:00:00+09:00,1111.6011962890625,1120.4703547700922,1093.370148300279,1097.31199651407,2693400
2025-11-07 09:00:00+09:00,1101.25390625,1112.5867204977628,1090.9065541107382,1103.7175615212527,2657200
2025-11-10 09:00:00+09:00,1109.1375732421875,1116.035807815884,1100.7611455455562,1111.6012284470792,2109000
2025-11-11 09:00:00+09:00,1096.3265380859375,1109.6302758514748,1091.3992278024052,1108.6448137947682,2307300
2025-11-12 09:00:00+09:00,1107.659423828125,1119.9777003386691,1101.253920042642,1103.717575344751,3930800
2025-11-13 09:00:00+09:00,1139.6868896484375,1141.165082760822,1128.3540757868232,1129.339537861746,3625400
2025-11-14 09:00:00+09:00,1210.64013671875,1212.6110608322522,1146.0923720015517,1152.9906063988094,7530100
2025-11-17 09:00:00+09:00,1200.7855224609375,1228.3784601949599,1187.481784624891,1211.1328741111959,4865300
2025-11-18 09:00:00+09:00,1159.888916015625,1200.2928629626435,1159.888916015625,1187.4818553940765,5017900
2025-11-19 09:00:00+09:00,1179.1053466796875,1194.8727395312337,1168.7579951208604,1178.6126156530768,5251800
2025-11-20 09:00:00+09:00,1192.4090576171875,1203.2491399591618,1181.0762442596688,1201.770946912529,3720200
2025-11-21 09:00:00+09:00,1207.6837158203125,1215.074681033411,1178.119854967918,1178.6125859821245,6014400
2025-11-25 09:00:00+09:00,1186.989013671875,1211.1328333771144,1178.1198554128075,1194.3799788877645,4623900
2025-11-26 09:00:00+09:00,1217.045654296875,1220.0020405016446,1193.8872956928453,1202.2637232730262,3998500
2025-11-27 09:00:00+09:00,1222.4656982421875,1245.6240568949013,1219.5093120312026,1231.8275879103057,3080500
2025-11-28 09:00:00+09:00,1216.552978515625,1226.9003307022706,1215.0747853461041,1224.436675419736,3099800
2025-12-01 09:00:00+09:00,1215.5675048828125,1243.653174837543,1215.5675048828125,1222.9584706603732,4950100
2025-12-02 09:00:00+09:00,1203.741943359375,1232.3203439794502,1203.741943359375,1221.4802609856285,4646000
2025-12-03 09:00:00+09:00,1189.9454345703125,1205.2200964633475,1186.4963173686594,1202.7564413193095,5288700
2025-12-04 09:00:00+09:00,1231.82763671875,1231.82763671875,1193.394614453125,1201.278311328125,4565500
2025-12-05 09:00:00+09:00,1239.218505859375,1243.1603539893451,1217.0456101282928,1219.509265209524,3414200
2025-12-08 09:00:00+09:00,1229.856689453125,1240.2040414076585,1215.5674891349597,1236.2621930440266,3009300
2025-12-09 09:00:00+09:00,1226.9002685546875,1240.6967374380333,1226.9002685546875,1230.842116807072,2273500
2025-12-10 09:00:00+09:00,1237.2476806640625,1244.638646498376,1230.8421769409908,1244.638646498376,2505900
2025-12-11 09:00:00+09:00,1237.2476806640625,1268.2897371681788,1233.3058322190955,1257.9423850001401,2131200
2025-12-12 09:00:00+09:00,1272.2315673828125,1280.6079952083385,1260.8987532659246,1266.8115258486487,3903900
2025-12-15 09:00:00+09:00,1294.4044189453125,1295.3898810076994,1266.8114811984767,1280.115219040701,3346500
2025-12-16 09:00:00+09:00,1273.709716796875,1296.375344252448,1267.7969444171604,1290.9553029043761,3465800
2025-12-17 09:00:00+09:00,1267.30419921875,1274.6951646107723,1253.0149994608403,1272.2315094800983,2069500
2025-12-18 09:00:00+09:00,1256.9569091796875,1272.7243027875863,1254.9859849787001,1266.3187991343775,3168100
2025-12-19 09:00:00+09:00,1279.6224365234375,1284.5497466371203,1254.4931549436549,1256.464078989128,5159700
2025-12-22 09:00:00+09:00,1268.2896728515625,1305.2445001491021,1263.3623625452237,1304.7517691184682,2883500
2025-12-23 09:00:00+09:00,1280.60791015625,1295.3898406313124,1268.2896347603646,1270.260558823706,2102300
2025-12-24 09:00:00+09:00,1273.217041015625,1295.389938401733,1270.2606546974773,1287.0135105003144,1911700
2025-12-25 09:00:00+09:00,1268.782470703125,1277.1588986650486,1263.8551601372876,1276.173436551881,979300
2025-12-26 09:00:00+09:00,1272.7242431640625,1280.607939598683,1263.3623536479506,1278.144284462864,1194900
2025-12-29 09:00:00+09:00,1281.1007080078125,1281.1007080078125,1262.3769284292368,1268.2897009277344,1813100
2025-12-30 09:00:00+09:00,1274.6951904296875,1289.9698525492547,1266.8114938518463,1268.2896869601916,2354000
2026-01-05 09:00:00+09:00,1298.8389892578125,1298.8389892578125,1281.1006722573266,1282.086134312909,2292300
2026-01-06 09:00:00+09:00,1344.1702880859375,1344.1702880859375,1311.1573081366128,1316.0846185768105,3689600
2026-01-07 09:00:00+09:00,1330.373779296875,1343.6775170898438,1324.4610069444445,1332.8374344437211,2781100
2026-01-08 09:00:00+09:00,1317.070068359375,1331.8519995418596,1307.7081786104682,1330.373806423611,2534100
2026-01-09 09:00:00+09:00,1330.8665771484375,1339.2430050682906,1317.5628386874941,1322.9828802826933,3461300
2026-01-13 09:00:00+09:00,1360.430419921875,1375.7050823693862,1350.575798987997,1375.7050823693862,3523600
2026-01-14 09:00:00+09:00,1377.1832275390625,1377.1832275390625,1347.1266347376734,1372.7486482732838,5060700
2026-01-15 09:00:00+09:00,1403.790771484375,1410.1962751801618,1378.1687567012275,1379.6469498617937,3101500
2026-01-16 09:00:00+09:00,1405.2689208984375,1410.1962312802693,1395.4143001347738,1398.8634174020563,3002900
2026-01-19 09:00:00+09:00,1400.8343505859375,1404.776198916816,1379.6469158074656,1402.3125437100168,2372700
2026-01-20 09:00:00+09:00,1379.1541748046875,1391.4724507497099,1374.7195954644797,1384.5742162204974,2933800
2026-01-21 09:00:00+09:00,1355.995849609375,1373.2414363594942,1346.1412286093068,1359.9376980094023,3334600
2026-01-22 09:00:00+09:00,1377.1832275390625,1385.066924011558,1364.3722207712572,1379.1541516571863,2687700
2026-01-23 09:00:00+09:00,1390.4869384765625,1398.3706347967698,1367.3285805359535,1373.241352776109,2861000
2026-01-26 09:00:00+09:00,1361.9085693359375,1381.6178105709005,1355.9957969654486,1360.9231072741893,3239000
2026-01-27 09:00:00+09:00,1372.7486572265625,1376.197774455775,1338.2574849344378,1342.6920642291395,2720300
2026-01-28 09:00:00+09:00,1354.02490234375,1368.8068335920443,1350.0830540108716,1350.0830540108716,2610700
2026-01-29 09:00:00+09:00,1372.2559814453125,1377.6760230237321,1342.6921182902968,1350.0830840790509,3558600
2026-01-30 09:00:00+09:00,1383.5887451171875,1390.48697960139,1375.2123175292272,1384.5742071863592,3105400
2026-02-02 09:00:00+09:00,1359.4449462890625,1415.6162851353668,1356.488560033994,1413.1526299228094,2928200
2026-02-03 09:00:00+09:00,1427.4417724609375,1430.3981585965141,1388.5160216758445,1399.356104172959,3288100
2026-02-04 09:00:00+09:00,1469.816650390625,1469.816650390625,1428.4272442113383,1450.1074093528694,4215300
2026-02-05 09:00:00+09:00,1517.118896484375,1522.538938011276,1494.4532682809709,1499.3805787599717,5257500
2026-02-06 09:00:00+09:00,1527.4661865234375,1527.4661865234375,1423.4999396342616,1434.3400222482987,6195300
2026-02-09 09:00:00+09:00,1608.2740478515625,1634.8815229079303,1597.4339654211906,1624.0414404775584,6159400
2026-02-10 09:00:00+09:00,1641.77978515625,1649.170750575621,1612.7086545067245,1614.679578618557,3784100
2026-02-12 09:00:00+09:00,1678.241943359375,1686.618371144786,1633.403418155117,1644.7362322177316,3533700
2026-02-13 09:00:00+09:00,1656.561767578125,1683.1692439163817,1646.707146712104,1678.2419334833712,4077000
2026-02-16 09:00:00+09:00,1603.3468017578125,1658.5326781551312,1603.3468017578125,1656.561753998084,3585100
2026-02-17 09:00:00+09:00,1590.0430908203125,1638.8234645393118,1590.0430908203125,1625.0269952046453,3117300
2026-02-18 09:00:00+09:00,1637.8380126953125,1644.2435163550715,1610.7378049040242,1618.1287706652845,3547100
2026-02-19 09:00:00+09:00,1671.3436279296875,1678.7345932654614,1648.1852698775956,1649.1707319223656,3639900
2026-02-20 09:00:00+09:00,1673.807373046875,1680.7056077312013,1654.0981310916573,1675.2855661935164,3200500
2026-02-24 09:00:00+09:00,1640.7943115234375,1666.9090558209575,1624.041456691066,1661.9817455761424,5044900
2026-02-25 09:00:00+09:00,1583.6375732421875,1638.3307190511118,1583.6375732421875,1625.0269808813734,5376800
2026-02-26 09:00:00+09:00,1629.4615478515625,1644.7362100781722,1608.2741131501361,1621.0851201789055,4681200
2026-02-27 09:00:00+09:00,1665.430908203125,1672.3291427341437,1636.3597769652597,1638.3307011169795,5784300
2026-03-02 09:00:00+09:00,1599.4049072265625,1610.2449897770814,1565.406466499935,1586.5939005759492,4633100
2026-03-03 09:00:00+09:00,1571.81201171875,1626.997887992261,1571.81201171875,1606.3031843896943,4360800
2026-03-04 09:00:00+09:00,1482.627685546875,1532.8862511586335,1458.4838648118146,1513.6697407776671,7524700
2026-03-05 09:00:00+09:00,1561.9573974609375,1583.6375632301113,1543.2336179330146,1549.1463904155164,6010400
2026-03-06 09:00:00+09:00,1522.046142578125,1531.9007631192587,1483.1203914406462,1486.0767776029863,4105000
2026-03-09 09:00:00+09:00,1431.3836669921875,1439.7600946475636,1384.5742183297925,1389.5015287153078,5398100
2026-03-10 09:00:00+09:00,1494.4532470703125,1507.2642541338892,1445.180142979633,1460.9475362886503,4809200
2026-03-11 09:00:00+09:00,1486.0767822265625,1515.1479129133554,1486.0767822265625,1497.4095958841258,2964200
2026-03-12 09:00:00+09:00,1420.05078125,1461.9329174076163,1407.7325059095247,1453.556490176093,4644300
2026-03-13 09:00:00+09:00,1424.9781494140625,1433.35457698669,1397.3852115277598,1399.3561356624957,4440600
2026-03-16 09:00:00+09:00,1382.110595703125,1417.587231314756,1381.6178646529634,1404.776224010556,6019500
2026-03-17 09:00:00+09:00,1383.0960693359375,1430.8909816001292,1377.6760277389672,1417.0945120805686,5480000
2026-03-18 09:00:00+09:00,1420.5435791015625,1423.007234285575,1393.9361031142282,1402.3125307398705,3755100
2026-03-19 09:00:00+09:00,1364.864990234375,1387.037887187641,1359.937679800316,1380.1396525799582,5653800
2026-03-23 09:00:00+09:00,1313.6209716796875,1317.5628200568208,1272.724294766929,1281.5934536154791,5202400
2026-03-24 09:00:00+09:00,1374.7196044921875,1378.6614528204805,1347.1266661941365,1374.7196044921875,3831100
2026-03-25 09:00:00+09:00,1415.12353515625,1430.3981972697054,1411.1816868689066,1418.0799213717576,3741600
2026-03-26 09:00:00+09:00,1409.7034912109375,1435.8182360673443,1387.0378635997165,1429.9054636470257,4091000
2026-03-27 09:00:00+09:00,1423.5,1431.8764278296987,1391.9652128764278,1407.732606438214,3725800
2026-03-30 09:00:00+09:00,1386.5,1394.0,1358.5,1374.0,4319800
2026-03-31 09:00:00+09:00,1374.0,1415.5,1355.5,1367.0,3726800
2026-04-01 09:00:00+09:00,1494.5,1496.5,1449.0,1459.5,3652900
2026-04-02 09:00:00+09:00,1451.0,1533.5,1451.0,1524.5,3013800
2026-04-03 09:00:00+09:00,1468.5,1474.5,1456.5,1471.5,1927500
2026-04-06 09:00:00+09:00,1465.5,1483.5,1464.5,1475.0,1656700
2026-04-07 09:00:00+09:00,1480.5,1501.5,1472.0,1486.5,2399000
2026-04-08 09:00:00+09:00,1540.5,1557.0,1529.0,1550.5,3953500
2026-04-09 09:00:00+09:00,1534.0,1556.5,1520.0,1554.0,2875100
2026-04-10 09:00:00+09:00,1544.5,1571.0,1535.0,1556.0,4363800
2026-04-13 09:00:00+09:00,1533.0,1554.0,1522.0,1524.0,2287100
2026-04-14 09:00:00+09:00,1528.5,1555.5,1525.5,1552.5,2109700
2026-04-15 09:00:00+09:00,1541.5,1554.0,1537.5,1550.0,2439000
2026-04-16 09:00:00+09:00,1533.5,1557.5,1524.5,1550.0,3624400
2026-04-17 09:00:00+09:00,1510.5,1527.5,1504.0,1523.5,3060700
2026-04-20 09:00:00+09:00,1491.0,1530.0,1490.5,1529.5,2502800
2026-04-21 09:00:00+09:00,1467.0,1507.0,1465.5,1505.0,2752800
2026-04-22 09:00:00+09:00,1446.0,1482.5,1438.5,1469.0,2503800
2026-04-23 09:00:00+09:00,1448.0,1451.5,1424.0,1435.0,2489700
2026-04-24 09:00:00+09:00,1424.0,1444.0,1416.0,1434.5,2392400
2026-04-27 09:00:00+09:00,1432.0,1439.5,1388.0,1408.0,2363300
2026-04-28 09:00:00+09:00,1526.0,1530.5,1454.5,1468.5,3863800
2026-04-30 09:00:00+09:00,1485.0,1521.5,1471.5,1518.5,4639400
2026-05-01 09:00:00+09:00,1486.5,1493.5,1459.0,1474.0,2021000
2026-05-07 09:00:00+09:00,1517.5,1537.5,1496.0,1516.5,3481700
2026-05-08 09:00:00+09:00,1489.5,1508.5,1466.5,1493.0,3570500
2026-05-11 09:00:00+09:00,1520.0,1526.0,1484.0,1490.0,3003600
2026-05-12 09:00:00+09:00,1598.5,1598.5,1532.5,1548.0,4289300
2026-05-13 09:00:00+09:00,1618.0,1619.5,1513.0,1518.5,4817300
2026-05-14 09:00:00+09:00,1587.0,1606.0,1580.5,1600.0,3497200
2026-05-15 09:00:00+09:00,1594.0,1617.5,1572.0,1595.5,3322200
2026-05-18 09:00:00+09:00,1594.5,1623.0,1572.0,1611.5,3497900
2026-05-19 09:00:00+09:00,1656.5,1665.0,1626.0,1630.0,6141200
2026-05-20 09:00:00+09:00,1653.0,1729.5,1639.5,1687.5,6382100
2026-05-21 09:00:00+09:00,1687.5,1711.0,1663.5,1676.0,4415100
2026-05-22 09:00:00+09:00,1668.0,1700.0,1655.5,1693.5,3093300
2026-05-25 09:00:00+09:00,1654.0,1679.5,1632.5,1666.5,3213600
2026-05-26 09:00:00+09:00,1650.5,1675.0,1622.0,1640.0,2901100
2026-05-27 09:00:00+09:00,1615.5,1640.0,1602.5,1633.0,3018800
2026-05-28 09:00:00+09:00,1599.5,1615.5,1583.0,1615.0,3073000
2026-05-29 09:00:00+09:00,1623.5,1627.5,1587.5,1587.5,6337100
2026-06-01 09:00:00+09:00,1586.0,1611.5,1577.5,1600.5,3247900
2026-06-02 09:00:00+09:00,1586.0,1592.0,1539.0,1568.0,3033300
2026-06-03 09:00:00+09:00,1616.0,1623.5,1591.0,1603.0,2678500
2026-06-04 09:00:00+09:00,1639.5,1661.0,1591.0,1608.5,2987600
2026-06-05 09:00:00+09:00,1647.0,1672.5,1642.0,1660.0,3165700
2026-06-08 09:00:00+09:00,1642.0,1645.0,1613.0,1630.0,3303900
2026-06-09 09:00:00+09:00,1703.5,1724.0,1660.0,1673.0,4496900
2026-06-10 09:00:00+09:00,1691.5,1740.0,1681.5,1704.5,4017200
2026-06-11 09:00:00+09:00,1666.5,1685.5,1645.5,1678.0,2964600
2026-06-12 09:00:00+09:00,1720.0,1736.0,1686.0,1706.5,4958400
2026-06-15 09:00:00+09:00,1761.0,1801.0,1760.5,1780.0,4143700
2026-06-16 09:00:00+09:00,1732.5,1743.0,1697.5,1740.0,3454400
2026-06-17 09:00:00+09:00,1738.5,1798.0,1738.5,1798.0,3453600
2026-06-18 09:00:00+09:00,1817.0,1822.0,1771.0,1778.5,4141200
2026-06-19 09:00:00+09:00,1750.5,1822.0,1741.5,1816.0,6960200
2026-06-22 09:00:00+09:00,1777.5,1781.5,1724.0,1730.0,3039600
2026-06-23 09:00:00+09:00,1736.0,1807.0,1736.0,1807.0,3709200
2026-06-24 09:00:00+09:00,1705.0,1751.5,1697.0,1731.0,3678900
2026-06-25 09:00:00+09:00,1709.5,1745.0,1701.5,1745.0,2590800
2026-06-26 09:00:00+09:00,1713.5,1734.5,1698.0,1723.0,2840000
2026-06-29 09:00:00+09:00,1725.5,1739.0,1707.5,1719.5,2771500
2026-06-30 09:00:00+09:00,1732.5,1755.0,1722.5,1732.0,2629800
2026-07-01 09:00:00+09:00,1739.0,1760.0,1727.0,1736.0,2340400
2026-07-02 09:00:00+09:00,1780.0,1794.0,1750.5,1768.0,2767400
2026-07-03 09:00:00+09:00,1848.0,1848.0,1784.5,1807.5,3251500
2026-07-06 09:00:00+09:00,1876.0,1877.0,1841.0,1854.5,3120800
2026-07-07 09:00:00+09:00,1905.0,1947.0,1903.0,1947.0,4827100
2026-07-08 09:00:00+09:00,1919.5,1952.0,1903.0,1906.0,4346000
2026-07-09 09:00:00+09:00,1885.5,1907.0,1857.5,1900.0,5240900
2026-07-10 09:00:00+09:00,1870.0,1919.5,1865.0,1897.0,3800100
2026-07-13 09:00:00+09:00,1885.0,1917.0,1882.0,1883.0,2404100
2026-07-14 09:00:00+09:00,1910.5,1916.0,1864.0,1887.0,2196300
2026-07-15 09:00:00+09:00,1932.5,1937.0,1896.5,1914.0,2645400
2026-07-16 09:00:00+09:00,1909.5,1941.0,1905.0,1928.5,2691100
2026-07-17 09:00:00+09:00,1794.0,1907.5,1761.0,1896.5,4655000
2026-07-21 09:00:00+09:00,1866.0,1872.5,1800.5,1821.0,3232000
2026-07-22 09:00:00+09:00,1899.0,1922.5,1858.5,1862.0,3273000
2026-07-23 09:00:00+09:00,1941.0,1956.0,1915.0,1929.5,4059200
2026-07-24 09:00:00+09:00,1951.5,1956.0,1919.0,1921.5,3475900
2026-07-27 09:00:00+09:00,1982.5,1995.5,1952.0,1969.5,3034800
2026-07-28 09:00:00+09:00,1925.5,1964.0,1900.5,1950.0,4669300
2026-07-29 09:00:00+09:00,1912.0,1924.5,1851.0,1920.0,5006200
2026-07-30 09:00:00+09:00,1844.0,1881.0,1835.5,1852.0,3906700
2026-07-31 09:00:00+09:00,1839.0,1869.5,1822.5,1868.0,4634200
2026-08-03 09:00:00+09:00,1815.5,1839.5,1750.0,1811.5,4845000
2026-08-04 09:00:00+09:00,1821.5,1842.0,1798.0,1819.0,2602200
2026-08-05 09:00:00+09:00,1855.0,1859.5,1815.0,1819.0,3122500
2026-08-06 09:00:00+09:00,1821.0,1878.5,1786.0,1870.0,5087000
2026-08-07 09:00:00+09:00,1839.0,1851.0,1815.0,1839.5,3064800
