Date,Close,High,Low,Open,Volume
2019-07-16 09:00:00+09:00,2496.88525390625,2514.091966988299,2471.0751842831764,2514.091966988299,286000
2019-07-17 09:00:00+09:00,2489.237548828125,2506.44425999514,2466.2952672721053,2500.708689606135,159500
2019-07-18 09:00:00+09:00,2455.7802734375,2482.546270968154,2450.044702538074,2466.295486753114,231900
2019-07-19 09:00:00+09:00,2470.118896484375,2490.193392160138,2457.691827732712,2469.1629681188624,174100
2019-07-22 09:00:00+09:00,2443.352783203125,2472.986561090174,2435.7053566516283,2445.2646398409993,187300
2019-07-23 09:00:00+09:00,2462.4716796875,2476.810606393755,2446.220896087078,2450.044609875413,212200
2019-07-24 09:00:00+09:00,2475.8544921875,2475.8544921875,2450.0444260527265,2467.2511368092423,135100
2019-07-25 09:00:00+09:00,2472.98681640625,2478.7223869120244,2465.3393890652183,2474.8986732415083,127900
2019-07-26 09:00:00+09:00,2455.7802734375,2465.3395582698763,2444.3091316386485,2451.9565595045497,240200
2019-07-29 09:00:00+09:00,2459.603759765625,2474.8986140820844,2456.7359745812887,2459.603759765625,168700
2019-07-30 09:00:00+09:00,2493.0615234375,2493.0615234375,2465.339596988233,2470.119239479486,172800
2019-07-31 09:00:00+09:00,2445.26513671875,2474.8989206273823,2445.26513671875,2462.4718499560204,221300
2019-08-01 09:00:00+09:00,2454.82421875,2462.4716462227416,2421.3667235567564,2433.793793199961,151500
2019-08-02 09:00:00+09:00,2431.8818359375,2451.0004038300904,2412.7632680449096,2436.6614779106476,308200
2019-08-05 09:00:00+09:00,2417.54296875,2435.7056086892053,2371.6584046930607,2415.6311119142943,316700
2019-08-06 09:00:00+09:00,2426.146484375,2426.146484375,2344.8925635034966,2361.1433476777975,201600
2019-08-07 09:00:00+09:00,2454.82421875,2460.559789354556,2436.661578502239,2438.5734353704242,208200
2019-08-08 09:00:00+09:00,2484.457763671875,2491.149262073454,2460.5595550948083,2463.427340124056,300900
2019-08-09 09:00:00+09:00,2472.98681640625,2505.4883826056366,2469.163102735734,2487.3257426706855,318900
2019-08-13 09:00:00+09:00,2488.281494140625,2491.1492791895766,2439.529148308442,2444.308790056695,286000
2019-08-14 09:00:00+09:00,2504.532470703125,2504.532470703125,2472.0309042894205,2495.9291148877323,194500
2019-08-15 09:00:00+09:00,2474.8984375,2489.2373623986095,2459.6035842748165,2471.0747241937042,202600
2019-08-16 09:00:00+09:00,2478.722412109375,2494.0172669469184,2470.119056263257,2490.193553237533,163500
2019-08-19 09:00:00+09:00,2484.457763671875,2498.7966888181154,2475.854408584131,2494.017047102702,147900
2019-08-20 09:00:00+09:00,2479.67822265625,2496.884933530503,2472.0307956010265,2494.9730767666974,180200
2019-08-21 09:00:00+09:00,2474.8984375,2475.854365826574,2457.6917276216686,2472.986580846852,173400
2019-08-22 09:00:00+09:00,2473.94287109375,2477.766584959428,2455.7802302317787,2476.8106564930085,199000
2019-08-23 09:00:00+09:00,2496.88525390625,2498.797110915367,2468.2073987695017,2474.8988983014096,346700
2019-08-26 09:00:00+09:00,2478.722412109375,2489.2376248101864,2459.603843562446,2467.2512709812177,314000
2019-08-27 09:00:00+09:00,2501.66455078125,2507.4001210161323,2479.6781982142006,2496.884908918848,295500
2019-08-28 09:00:00+09:00,2420.41064453125,2500.7086279991113,2411.8072891596935,2497.840842875259,838400
2019-08-29 09:00:00+09:00,2471.4375,2472.4002726918584,2409.8200477210753,2419.4477746396574,638300
2019-08-30 09:00:00+09:00,2536.90625,2545.571204933586,2471.4377016129033,2488.767611480076,457100
2019-09-02 09:00:00+09:00,2468.54931640625,2546.533908695215,2457.9588162188597,2533.0550902749,264400
2019-09-03 09:00:00+09:00,2532.09228515625,2566.7521035081986,2462.7726484523528,2471.43760304034,434300
2019-09-04 09:00:00+09:00,2519.576171875,2546.5338076459207,2506.0973539895394,2546.5338076459207,148800
2019-09-05 09:00:00+09:00,2590.8212890625,2597.5606978411834,2540.7571095637077,2546.533745659722,328900
2019-09-06 09:00:00+09:00,2547.4970703125,2595.635714876228,2542.683205856127,2594.6729419849535,174000
2019-09-09 09:00:00+09:00,2602.374755859375,2606.2258468780346,2546.5339360888074,2555.198890880792,198600
2019-09-10 09:00:00+09:00,2529.203857421875,2583.1191280787552,2520.538903209162,2581.1935826981526,285900
2019-09-11 09:00:00+09:00,2526.31591796875,2541.720283322218,2496.469960096406,2541.720283322218,234600
2019-09-12 09:00:00+09:00,2517.650390625,2550.384659566205,2505.134346618069,2512.836527545411,188500
2019-09-13 09:00:00+09:00,2527.278564453125,2552.3106569010415,2517.6508365885416,2538.831837890625,231200
2019-09-17 09:00:00+09:00,2585.044677734375,2597.560722728992,2530.1666342964386,2535.9432704478004,260100
2019-09-18 09:00:00+09:00,2577.3427734375,2602.3748661193736,2563.863954301107,2588.89604698298,167400
2019-09-19 09:00:00+09:00,2614.890625,2636.071624171576,2580.230808173785,2580.230808173785,256800
2019-09-20 09:00:00+09:00,2662.066650390625,2681.3221053663256,2623.5557404392234,2629.3323769319336,315800
2019-09-24 09:00:00+09:00,2714.05615234375,2749.6787410761794,2675.5452456059884,2676.5080182744323,309600
2019-09-25 09:00:00+09:00,2716.94482421875,2746.790780827815,2707.317096280342,2740.0513712709294,209300
2019-09-26 09:00:00+09:00,2689.987060546875,2737.1629252450844,2682.2848785553306,2718.8702430151666,168900
2019-09-27 09:00:00+09:00,2674.58251953125,2690.9496551799293,2651.4759750860558,2689.0241098094966,183800
2019-09-30 09:00:00+09:00,2673.619873046875,2695.7636458520883,2648.587782049677,2652.4388729723228,149900
2019-10-01 09:00:00+09:00,2659.178466796875,2689.9871963180553,2656.2901484042645,2671.6945131648545,104400
2019-10-02 09:00:00+09:00,2677.47119140625,2704.4288301546767,2660.141280782261,2660.141280782261,171400
2019-10-03 09:00:00+09:00,2676.508056640625,2676.508056640625,2637.034376668587,2648.587648855525,179500
2019-10-04 09:00:00+09:00,2678.43359375,2685.1730025049424,2625.4810963897376,2683.2474571463877,178900
2019-10-07 09:00:00+09:00,2661.103515625,2699.6144203373733,2650.5130168290975,2689.023921541471,236500
2019-10-08 09:00:00+09:00,2650.51318359375,2674.582500553374,2619.704457885432,2651.475956272135,235700
2019-10-09 09:00:00+09:00,2663.029296875,2671.694251203227,2641.8482974060016,2650.513251734228,416700
2019-10-10 09:00:00+09:00,2567.71484375,2724.6467970800527,2525.352844078084,2711.1679790026246,1134600
2019-10-11 09:00:00+09:00,2509.948486328125,2584.0819859243143,2442.5543957861346,2577.3425768701154,878100
2019-10-15 09:00:00+09:00,2506.097412109375,2526.315639406454,2463.735412058352,2522.4645484927246,550500
2019-10-16 09:00:00+09:00,2564.826416015625,2588.8957329827385,2506.097282615868,2517.6505547600823,462500
2019-10-17 09:00:00+09:00,2546.533935546875,2551.3477993191755,2519.576298421993,2550.385026564715,249600
2019-10-18 09:00:00+09:00,2472.400390625,2541.720027745327,2471.4376178872176,2530.166754891939,410400
2019-10-21 09:00:00+09:00,2473.36328125,2501.28369197645,2465.6610989806345,2471.4377356826585,187600
2019-10-23 09:00:00+09:00,2468.54931640625,2479.1398165936403,2447.3683160314695,2473.363180127791,285900
2019-10-24 09:00:00+09:00,2466.6240234375,2495.5072087236535,2462.772932066013,2482.99116176632,208300
2019-10-25 09:00:00+09:00,2460.84716796875,2481.0653958745966,2460.84716796875,2481.0653958745966,117700
2019-10-28 09:00:00+09:00,2420.410888671875,2459.884574604869,2417.522570188973,2459.884574604869,258400
2019-10-29 09:00:00+09:00,2415.596923828125,2439.6662435155317,2411.7458326781402,2415.596923828125,181100
2019-10-30 09:00:00+09:00,2378.048583984375,2416.559492227037,2360.7186752751772,2408.857310578505,387400
2019-10-31 09:00:00+09:00,2367.458251953125,2403.080844601464,2363.6071608560073,2393.4531168586695,174400
2019-11-01 09:00:00+09:00,2342.426025390625,2366.4953433662786,2330.872752762311,2353.9792980189386,359500
2019-11-05 09:00:00+09:00,2383.825439453125,2384.7882122477345,2350.1283916417924,2357.830573998668,296200
2019-11-06 09:00:00+09:00,2370.34619140625,2406.9315509811636,2366.49510092468,2396.3410521568467,297200
2019-11-07 09:00:00+09:00,2360.71875,2382.8625229404565,2358.7932045269167,2375.160341048124,236400
2019-11-08 09:00:00+09:00,2317.393798828125,2370.346295269981,2293.324482263645,2370.346295269981,566600
2019-11-11 09:00:00+09:00,2327.984130859375,2353.9789908813777,2320.281950112115,2331.835221233005,246400
2019-11-12 09:00:00+09:00,2355.90478515625,2357.8303305466516,2330.8726950810305,2354.942012461049,209500
2019-11-13 09:00:00+09:00,2369.384033203125,2379.011761903666,2339.5380742314483,2343.389165711664,240300
2019-11-14 09:00:00+09:00,2360.71875,2376.1231137846657,2341.463295269168,2376.1231137846657,218800
2019-11-15 09:00:00+09:00,2381.899658203125,2398.266794092152,2367.458067712807,2374.1974766082885,234400
2019-11-18 09:00:00+09:00,2425.224609375,2426.187382145693,2382.86260746452,2394.4158807128324,284900
2019-11-19 09:00:00+09:00,2421.373291015625,2439.6659719417867,2404.0433827697875,2430.038245138544,166700
2019-11-20 09:00:00+09:00,2439.666015625,2442.5543337176896,2411.745607395669,2419.4477889761743,235500
2019-11-21 09:00:00+09:00,2443.517333984375,2444.480106771603,2405.9691952824874,2435.815151686552,184400
2019-11-22 09:00:00+09:00,2488.767333984375,2514.762195886726,2461.8096994189737,2461.8096994189737,409700
2019-11-25 09:00:00+09:00,2511.874267578125,2521.501995702227,2484.9166288306405,2492.6188113299218,205400
2019-11-26 09:00:00+09:00,2530.166748046875,2534.9806117227636,2495.5069295804797,2517.6507024895654,247500
2019-11-27 09:00:00+09:00,2569.64013671875,2593.7094523493115,2522.4642780828494,2530.166459084629,385400
2019-11-28 09:00:00+09:00,2517.650390625,2574.4539749641494,2508.0226644658223,2573.4912023482316,233200
2019-11-29 09:00:00+09:00,2489.72998046875,2547.4963373241735,2482.9905721689506,2517.6503862822046,208500
2019-12-02 09:00:00+09:00,2533.054931640625,2566.751975581112,2494.5440242800682,2494.5440242800682,240300
2019-12-03 09:00:00+09:00,2512.837158203125,2534.018161069205,2505.134975342732,2513.799931060674,150300
2019-12-04 09:00:00+09:00,2508.02294921875,2511.874040119662,2468.549267484405,2487.8047219889636,217900
2019-12-05 09:00:00+09:00,2535.943359375,2555.198813888098,2514.762359410592,2532.0922684723805,206600
2019-12-06 09:00:00+09:00,2555.198974609375,2584.0821581957657,2551.347883464523,2581.1938398371267,196700
2019-12-09 09:00:00+09:00,2528.2412109375,2568.677665948686,2515.7251653387993,2560.9754840417936,212600
2019-12-10 09:00:00+09:00,2530.166748046875,2547.496657280073,2520.5390206950988,2520.5390206950988,102100
2019-12-11 09:00:00+09:00,2525.352783203125,2534.017737472598,2510.911192754003,2522.464465113301,110700
2019-12-12 09:00:00+09:00,2519.576171875,2544.608262233712,2519.576171875,2540.7571714092946,101700
2019-12-13 09:00:00+09:00,2514.762451171875,2549.422270560155,2512.836905650304,2549.422270560155,157400
2019-12-16 09:00:00+09:00,2519.576171875,2544.608262233712,2516.6878537566868,2518.6133991688957,151500
2019-12-17 09:00:00+09:00,2538.83154296875,2539.7943156433685,2512.836680754053,2522.464407500237,136400
2019-12-18 09:00:00+09:00,2535.943359375,2550.384950259823,2520.5389957645216,2532.0922684723805,133300
2019-12-19 09:00:00+09:00,2559.0498046875,2563.863668127469,2517.650579103767,2523.42721523173,145500
2019-12-20 09:00:00+09:00,2554.236083984375,2575.4170843038837,2535.943401890254,2567.714902369517,137900
2019-12-23 09:00:00+09:00,2564.826416015625,2567.714734051679,2535.9432356550888,2543.645417084565,135800
2019-12-24 09:00:00+09:00,2574.454345703125,2578.3054367213795,2553.273345102725,2564.8266181574886,121800
2019-12-25 09:00:00+09:00,2563.86376953125,2573.491496791976,2548.459405914089,2573.491496791976,142000
2019-12-26 09:00:00+09:00,2606.22607421875,2612.965484089282,2576.380116220678,2579.2684347366203,246100
2019-12-27 09:00:00+09:00,2590.8212890625,2624.5183329559177,2586.9701983318237,2612.00228808122,185600
2019-12-30 09:00:00+09:00,2563.86376953125,2580.2309058744836,2553.273269544452,2572.528724065903,128400
2020-01-06 09:00:00+09:00,2525.352783203125,2544.6082371352877,2506.0973292709623,2528.2411012929497,264800
2020-01-07 09:00:00+09:00,2572.52880859375,2577.3426723822863,2534.0178982854604,2536.906216558582,238400
2020-01-08 09:00:00+09:00,2549.421875,2567.7145546166917,2529.2036501604985,2560.012373725453,305800
2020-01-09 09:00:00+09:00,2533.054931640625,2659.178153246449,2508.985614540277,2571.5658390011818,947200
2020-01-10 09:00:00+09:00,2495.5068359375,2538.8316073947485,2461.8097914707514,2536.9060619966485,636300
2020-01-14 09:00:00+09:00,2540.75732421875,2540.75732421875,2488.7675949622844,2494.544231546336,401500
2020-01-15 09:00:00+09:00,2534.98046875,2578.3052393894795,2511.8739244089443,2546.533740920528,351900
2020-01-16 09:00:00+09:00,2541.72021484375,2550.3851701216263,2511.874257775509,2534.0180323745262,216100
2020-01-17 09:00:00+09:00,2565.789306640625,2572.5287157012194,2539.794443121189,2546.5338521817835,302500
2020-01-20 09:00:00+09:00,2653.401611328125,2661.1037930736347,2574.4542484366493,2574.4542484366493,518300
2020-01-21 09:00:00+09:00,2643.77392578125,2706.354153449051,2642.811153047899,2653.4016531147577,434800
2020-01-22 09:00:00+09:00,2625.481201171875,2652.4388372675157,2619.7045648656663,2640.8855646550983,303500
2020-01-23 09:00:00+09:00,2648.587890625,2657.2528455561614,2626.444116912032,2643.7740267743548,354300
2020-01-24 09:00:00+09:00,2487.8046875,2632.2205942821206,2458.9215061435757,2632.2205942821206,984800
2020-01-27 09:00:00+09:00,2362.644287109375,2394.415787302777,2310.654559520171,2391.527469103377,1047700
2020-01-28 09:00:00+09:00,2364.570068359375,2396.3415717208813,2345.314611776644,2363.6072955302384,547600
2020-01-29 09:00:00+09:00,2334.7236328125,2385.750582313144,2323.1703612274487,2372.2717654639177,375600
2020-01-30 09:00:00+09:00,2301.98974609375,2349.165612910393,2280.8087446658697,2340.500657780806,365000
2020-01-31 09:00:00+09:00,2311.617431640625,2337.6122965528684,2294.2875216991292,2296.2130672481844,363300
2020-02-03 09:00:00+09:00,2305.8408203125,2313.5430025932933,2258.664953842641,2273.1065456191286,379900
2020-02-04 09:00:00+09:00,2386.713623046875,2396.3413504492423,2287.548030802491,2291.399121763438,373300
2020-02-05 09:00:00+09:00,2422.336181640625,2428.112818003838,2392.4902270973585,2395.378545278965,400400
2020-02-06 09:00:00+09:00,2380.93701171875,2427.1501037375533,2377.085920717183,2424.261785486378,316300
2020-02-07 09:00:00+09:00,2428.11279296875,2446.4054745969843,2387.67633884318,2387.67633884318,333200
2020-02-10 09:00:00+09:00,2418.485107421875,2435.815016631108,2391.527470874179,2399.2296527449494,149100
2020-02-12 09:00:00+09:00,2429.07568359375,2451.2194571659484,2408.857455549569,2435.8150929418102,154000
2020-02-13 09:00:00+09:00,2417.5224609375,2431.001279915248,2379.011549572506,2405.969187528002,193000
2020-02-14 09:00:00+09:00,2363.60693359375,2405.0061589072047,2351.0908887315427,2398.266750135247,304900
2020-02-17 09:00:00+09:00,2287.548095703125,2332.7984157780606,2283.697004632918,2332.7984157780606,315800
2020-02-18 09:00:00+09:00,2220.15380859375,2292.3617598706496,2211.488854440522,2281.7712603500377,320100
2020-02-19 09:00:00+09:00,2236.52099609375,2246.14872315399,2200.898405970862,2207.63781491303,313200
2020-02-20 09:00:00+09:00,2197.047607421875,2277.9205254864837,2196.0848345877725,2267.3300243113563,330900
2020-02-21 09:00:00+09:00,2172.97802734375,2204.749527078949,2169.1269364667564,2184.5312999747316,255400
2020-02-25 09:00:00+09:00,2087.291259765625,2120.0255322896246,2051.6686690777433,2068.035805339743,477800
2020-02-26 09:00:00+09:00,2086.328857421875,2088.2544032062974,2034.339121242465,2055.5201248711132,502000
2020-02-27 09:00:00+09:00,2016.046142578125,2081.514689710557,1999.679005795017,2068.0358711832914,383400
2020-02-28 09:00:00+09:00,1971.758544921875,1985.2373631000519,1925.5454540252686,1926.5082267522812,736900
2020-03-02 09:00:00+09:00,2054.557373046875,2102.6960181510663,1939.9873976989004,1943.8384893072357,664900
2020-03-03 09:00:00+09:00,2022.7857666015625,2190.308243226347,2017.9719023307352,2190.308243226347,672400
2020-03-04 09:00:00+09:00,2041.078125,2045.8919885023586,1978.4978994693397,1979.4606721698115,413600
2020-03-05 09:00:00+09:00,2061.29638671875,2068.9985684533367,2036.2642960813434,2068.035795736513,428000
2020-03-06 09:00:00+09:00,1981.38623046875,2026.6365476854803,1971.7585034013605,2021.8226841517856,459500
2020-03-09 09:00:00+09:00,1853.337646484375,1925.5456067370128,1825.4172351866882,1925.5456067370128,774600
2020-03-10 09:00:00+09:00,1867.7791748046875,1873.5558114277947,1744.5442601783989,1782.092398228596,640500
2020-03-11 09:00:00+09:00,1839.858642578125,1916.8804591172407,1838.895869871386,1886.0717325015944,355500
2020-03-12 09:00:00+09:00,1760.911376953125,1802.3106056075724,1731.0654214115466,1767.6507862689652,655700
2020-03-13 09:00:00+09:00,1655.9691162109375,1704.1077533100927,1587.6122515301372,1649.229707017056,931700
2020-03-16 09:00:00+09:00,1687.74072265625,1771.5019564674842,1643.453173744563,1672.3363578174024,626400
2020-03-17 09:00:00+09:00,1821.566162109375,1833.1194358648256,1628.0488267055778,1649.2298285905706,724200
2020-03-18 09:00:00+09:00,1904.364501953125,1990.0512768135034,1845.6353641274725,1848.523682381193,706900
2020-03-19 09:00:00+09:00,1992.939697265625,2018.9345628821332,1925.545601222826,1939.0244204313858,655800
2020-03-23 09:00:00+09:00,1991.976806640625,2001.604534077264,1889.9228958122508,1986.2001701786414,680500
2020-03-24 09:00:00+09:00,1927.470947265625,2041.078125975587,1877.4067668171672,2033.3759443681317,483800
2020-03-25 09:00:00+09:00,2082.4775390625,2091.1424941487517,1992.939669837899,2022.7856262460994,563600
2020-03-26 09:00:00+09:00,2014.12060546875,2086.328562165765,1977.5352407422622,2086.328562165765,528900
2020-03-27 09:00:00+09:00,2001.6043701171875,2053.5940940163355,1929.3964202572602,2033.3758680555557,714100
2020-03-30 09:00:00+09:00,1925.54541015625,1966.9446364746093,1870.6673659667968,1926.5081828613281,588700
2020-03-31 09:00:00+09:00,1972.721435546875,2019.897301989919,1926.5083418883833,1944.8010247948696,533400
2020-04-01 09:00:00+09:00,1860.076904296875,1961.168040399966,1843.709767975422,1940.9498131793478,415400
2020-04-02 09:00:00+09:00,1794.6082763671875,1866.816227401275,1790.7571856453694,1829.2680928635496,397500
2020-04-03 09:00:00+09:00,1655.00634765625,1792.6828501081661,1636.7136655122893,1763.7996677755964,735500
2020-04-06 09:00:00+09:00,1683.8896484375,1701.2195590560677,1548.138681925386,1588.5751400353774,885000
2020-04-07 09:00:00+09:00,1756.097412109375,1818.6776378698517,1713.7354131330524,1753.2090939973532,791000
2020-04-08 09:00:00+09:00,1905.3271484375,1915.917647999305,1732.990837386306,1756.0973818847901,804300
2020-04-09 09:00:00+09:00,1829.2681884765625,1968.8702344392477,1787.8689610531455,1927.4710070158308,1231500
2020-04-10 09:00:00+09:00,1871.6302490234375,1882.220749403714,1807.1244739799342,1838.8959751207642,560800
2020-04-13 09:00:00+09:00,1916.8804931640625,1933.2476294693306,1850.4491752191502,1866.8163115244186,514900
2020-04-14 09:00:00+09:00,1881.2579345703125,1920.7316169231185,1872.5929799075013,1907.2527985587456,546600
2020-04-15 09:00:00+09:00,1850.44921875,1882.2207193841052,1836.9704002991675,1881.2579466376171,428700
2020-04-16 09:00:00+09:00,1842.7470703125,1858.151434536638,1829.2682516163793,1831.1937971443965,371800
2020-04-17 09:00:00+09:00,1856.225830078125,1890.8856484820733,1815.7893752735185,1875.481284746985,353900
2020-04-20 09:00:00+09:00,1914.954833984375,1920.731469984328,1825.4169759851056,1842.7468839849644,389200
2020-04-21 09:00:00+09:00,1912.066650390625,1929.3965596086668,1887.0345592978977,1906.290013984611,298400
2020-04-22 09:00:00+09:00,1923.6199951171875,1948.6520871457396,1892.8112664666621,1912.0667218732406,315800
2020-04-23 09:00:00+09:00,1963.0936279296875,1991.0140375471278,1920.7316271308123,1933.247672821389,471900
2020-04-24 09:00:00+09:00,1992.939697265625,1995.828015667459,1944.8010572350543,1963.093740446671,302400
2020-04-27 09:00:00+09:00,1988.125732421875,2009.3067329609942,1954.4286861096398,2007.381187457438,347500
2020-04-28 09:00:00+09:00,2063.221923828125,2063.221923828125,1983.3117886541938,2020.8599244588122,468900
2020-04-30 09:00:00+09:00,2073.8125,2134.467183147632,2072.8497272516247,2119.0628191736305,464800
2020-05-01 09:00:00+09:00,2054.557373046875,2080.5522414031384,2043.966871123953,2050.70628143854,286700
2020-05-07 09:00:00+09:00,2064.1845703125,2069.961206236882,2022.7853461877623,2036.2641633446538,382900
2020-05-08 09:00:00+09:00,2207.637939453125,2219.191212577171,2086.328571650642,2092.105208212665,655500
2020-05-11 09:00:00+09:00,2286.585205078125,2308.7289775904605,2231.7071601562498,2236.521023745888,666700
2020-05-12 09:00:00+09:00,2250.0,2297.175866495507,2243.2605905006417,2293.324775353017,338100
2020-05-13 09:00:00+09:00,2199.935791015625,2236.5211564679635,2195.1219271403174,2226.8934287173483,341800
2020-05-14 09:00:00+09:00,2152.760009765625,2194.1592407226562,2133.5045535065406,2158.53664664335,388400
2020-05-15 09:00:00+09:00,2191.27099609375,2201.861497392973,2116.174714153806,2161.425037886849,322500
2020-05-18 09:00:00+09:00,2196.08447265625,2232.6698343225967,2179.717337173937,2208.6005174368424,237500
2020-05-19 09:00:00+09:00,2258.6650390625,2281.7715867766947,2239.409582634005,2271.181085741022,361500
2020-05-20 09:00:00+09:00,2250.96240234375,2258.6645833611797,2230.7441771729978,2258.6645833611797,183000
2020-05-21 09:00:00+09:00,2236.52099609375,2253.850904802182,2226.89326903351,2247.1114958600137,195000
2020-05-22 09:00:00+09:00,2206.6748046875,2240.3718457712966,2174.903308808491,2236.52075536172,233000
2020-05-25 09:00:00+09:00,2274.0693359375,2274.0693359375,2222.0796051413,2222.0796051413,282000
2020-05-26 09:00:00+09:00,2284.65966796875,2301.02680423317,2260.5903499328383,2296.212940625988,209100
2020-05-27 09:00:00+09:00,2246.14892578125,2297.175883803713,2241.3350618168665,2297.175883803713,240100
2020-05-28 09:00:00+09:00,2232.669921875,2270.218057689198,2211.4889221849394,2270.218057689198,350200
2020-05-29 09:00:00+09:00,2208.6005859375,2246.148721443848,2204.749495116336,2242.297630622684,315500
2020-06-01 09:00:00+09:00,2189.34521484375,2227.856124515584,2173.9408509750165,2227.856124515584,208300
2020-06-02 09:00:00+09:00,2174.9033203125,2237.483539799137,2173.940547705013,2211.4886793969954,358400
2020-06-03 09:00:00+09:00,2190.30810546875,2195.1219694368133,2122.9140099158653,2185.4942415006867,458700
2020-06-04 09:00:00+09:00,2191.27099609375,2208.60090731066,2168.1644478045364,2203.7870430837406,181300
2020-06-05 09:00:00+09:00,2226.8935546875,2226.8935546875,2178.7549132113327,2194.159278483706,209800
2020-06-08 09:00:00+09:00,2218.228515625,2244.2233810424805,2198.01028696696,2233.6328803168403,165900
2020-06-09 09:00:00+09:00,2235.55810546875,2259.6274218497656,2215.3398797086966,2224.967606261103,280000
2020-06-10 09:00:00+09:00,2179.717529296875,2225.9306217908015,2168.1642561733934,2223.042303509931,269200
2020-06-11 09:00:00+09:00,2132.54150390625,2177.7918202419582,2128.6904131542747,2163.3502299220513,183100
2020-06-12 09:00:00+09:00,2101.733154296875,2113.286428621915,2043.0040098112545,2062.2594670196545,295600
2020-06-15 09:00:00+09:00,1985.2373046875,2080.5518018572684,1985.2373046875,2071.886847569108,462400
2020-06-16 09:00:00+09:00,2065.147705078125,2074.7754333069274,2003.5302444137894,2022.7857008713943,335000
2020-06-17 09:00:00+09:00,2005.4556884765625,2065.147600471544,1982.34914189786,2065.147600471544,341400
2020-06-18 09:00:00+09:00,2036.2642822265625,2045.8920093292886,2011.2321917594747,2015.083282600565,188000
2020-06-19 09:00:00+09:00,2034.338623046875,2060.3334847706165,2012.194851948873,2047.8174402369632,225400
2020-06-22 09:00:00+09:00,2028.56201171875,2044.9291470767087,2013.1576490289067,2034.3386477274414,114000
2020-06-23 09:00:00+09:00,2026.6368408203125,2043.9667520482296,2019.8974308983445,2043.0039792022342,122300
2020-06-24 09:00:00+09:00,2073.8125,2100.7701369545034,2059.370908774373,2062.2592270194987,401800
2020-06-25 09:00:00+09:00,2054.557373046875,2094.0310620323116,2025.6741859843605,2094.0310620323116,274200
2020-06-26 09:00:00+09:00,2077.66357421875,2083.440210662361,2035.3015736322693,2077.66357421875,236400
2020-06-29 09:00:00+09:00,2050.7060546875,2075.7381473738265,2040.1155539355927,2075.7381473738265,330900
2020-06-30 09:00:00+09:00,2005.4556884765625,2101.7329658878234,2005.4556884765625,2088.2541470502465,320300
2020-07-01 09:00:00+09:00,1941.91259765625,2044.9292798323625,1931.3220976194534,2041.078188909891,326500
2020-07-02 09:00:00+09:00,1917.84326171875,1973.6840795800388,1912.0666253882719,1938.0614888754235,341700
2020-07-03 09:00:00+09:00,1905.3271484375,1935.173101748042,1889.9227854385106,1925.5453748736736,306100
2020-07-06 09:00:00+09:00,1932.284912109375,1948.652048883595,1893.774002052387,1902.4389568152094,276200
2020-07-07 09:00:00+09:00,1949.6148681640625,1949.6148681640625,1918.8061393831983,1938.0615948712384,224100
2020-07-08 09:00:00+09:00,1901.47607421875,1971.7584810126582,1901.47607421875,1939.0242093552215,296600
2020-07-09 09:00:00+09:00,1863.9281005859375,1925.545558456547,1863.9281005859375,1905.3273300927533,311500
2020-07-10 09:00:00+09:00,1777.278564453125,1859.1142513320608,1768.613609371826,1856.2259329716278,707900
2020-07-13 09:00:00+09:00,1840.821533203125,1851.4120336556534,1800.3850769298347,1810.0128046139514,511000
2020-07-14 09:00:00+09:00,1775.3531494140625,1838.8961580156506,1767.650966553264,1838.8961580156506,656500
2020-07-15 09:00:00+09:00,1780.166748046875,1823.491520173489,1747.4324757734332,1774.3901117633263,1020100
2020-07-16 09:00:00+09:00,1826.3798828125,1870.667428732044,1781.1295641555746,1781.1295641555746,731600
2020-07-17 09:00:00+09:00,1784.017822265625,1823.4915031684263,1766.6879135765905,1816.7520942338017,609800
2020-07-20 09:00:00+09:00,1785.943603515625,1787.8691491797927,1745.5071445681015,1768.613692538115,425700
2020-07-21 09:00:00+09:00,1769.576416015625,1781.1296896784038,1755.1348239371514,1777.2785984574775,355400
2020-07-22 09:00:00+09:00,1762.8367919921875,1777.2783823143518,1740.693020164869,1777.2783823143518,537000
2020-07-27 09:00:00+09:00,1750.32080078125,1755.1346643697573,1690.6288922837596,1724.3259374033107,548500
2020-07-28 09:00:00+09:00,1717.5865478515625,1749.3580478959018,1710.847138751248,1742.6186387955875,344800
2020-07-29 09:00:00+09:00,1680.0384521484375,1713.735498466601,1678.1129066445424,1712.7727257146535,413800
2020-07-30 09:00:00+09:00,1614.5699462890625,1684.852358977853,1610.7188551828274,1682.9268134247354,601000
2020-07-31 09:00:00+09:00,1579.91015625,1648.267024680073,1577.0218378656307,1613.6072040676415,611100
2020-08-03 09:00:00+09:00,1598.2027587890625,1629.974259415592,1581.8356221026686,1582.798394848927,398000
2020-08-04 09:00:00+09:00,1660.7828369140625,1661.7456095731432,1602.053704710145,1616.4952945963541,532500
2020-08-05 09:00:00+09:00,1666.5595703125,1676.1872974662408,1608.7932073900563,1655.0062977280113,336000
2020-08-06 09:00:00+09:00,1657.8946533203125,1693.5172445937455,1653.0807896347135,1687.7406081710267,420200
2020-08-07 09:00:00+09:00,1689.6661376953125,1713.7354558961006,1662.7085013104302,1670.4106831346824,620800
2020-08-11 09:00:00+09:00,1753.2091064453125,1765.725151686273,1684.8522439754513,1684.8522439754513,748900
2020-08-12 09:00:00+09:00,1821.566162109375,1828.3055718000546,1731.065517691679,1765.7253389580305,702700
2020-08-13 09:00:00+09:00,1800.3851318359375,1836.9704981513203,1787.8690854648855,1824.4544517802683,545900
2020-08-14 09:00:00+09:00,1826.3798828125,1838.8959283984582,1793.6456097415328,1809.049973539635,547500
2020-08-17 09:00:00+09:00,1794.6082763671875,1827.3425475026404,1784.017776882188,1824.454229461277,483200
2020-08-18 09:00:00+09:00,1784.980712890625,1801.347849955965,1766.688030288186,1785.9434856591745,382300
2020-08-19 09:00:00+09:00,1816.752197265625,1816.752197265625,1785.9434689601137,1796.5339693151332,212700
2020-08-20 09:00:00+09:00,1818.6776123046875,1827.3425665189502,1799.422158495215,1825.4170211380028,271100
2020-08-21 09:00:00+09:00,1829.2681884765625,1848.5236430921054,1818.677688438014,1824.4543248226769,451700
2020-08-24 09:00:00+09:00,1840.821533203125,1851.4120336556534,1803.2733952350695,1842.7470787399484,506600
2020-08-25 09:00:00+09:00,1846.5982666015625,1881.2580880810494,1842.7471753260638,1862.9654045224313,431100
2020-08-26 09:00:00+09:00,1875.481201171875,1884.1461553867348,1840.8213843124358,1850.4491112178357,470500
2020-08-27 09:00:00+09:00,1852.3746337890625,1882.2205868282836,1844.6724523595863,1882.2205868282836,981800
2020-08-28 09:00:00+09:00,1877.6431884765625,1919.4333836652231,1855.2902933756511,1868.8964034370754,938100
2020-08-31 09:00:00+09:00,1932.067626953125,1948.5893320125833,1909.7147318726813,1913.6021918866716,431800
2020-09-01 09:00:00+09:00,1900.9678955078125,1911.6584102576007,1881.5305959627428,1911.6584102576007,230600
2020-09-02 09:00:00+09:00,1936.927001953125,1937.8988669817015,1901.939860924368,1923.320891553053,312200
2020-09-03 09:00:00+09:00,1909.7147216796875,1945.6737266171676,1904.8553966881361,1943.7299966205471,337900
2020-09-04 09:00:00+09:00,1908.7427978515625,1913.6021226933435,1877.6431188641643,1899.9960131363569,231100
2020-09-07 09:00:00+09:00,1952.4769287109375,1958.3081191401388,1909.7148655634605,1919.4335162787963,311000
2020-09-08 09:00:00+09:00,2005.9293212890625,2008.8449162327965,1971.9140469454978,1971.9140469454978,349400
2020-09-09 09:00:00+09:00,2006.9012451171875,2025.3666803022852,1957.3361296203466,1969.9703747469923,297200
2020-09-10 09:00:00+09:00,2017.591796875,2019.535526929793,1998.1544963270712,2013.7043367654142,191600
2020-09-11 09:00:00+09:00,2017.591796875,2025.3667170941715,2003.9856864914498,2017.591796875,196800
2020-09-14 09:00:00+09:00,2056.466552734375,2066.185203739736,2030.2261950199006,2040.9167111257975,270400
2020-09-15 09:00:00+09:00,2043.832275390625,2046.7478706479583,1998.1546163590704,2043.832275390625,291800
2020-09-16 09:00:00+09:00,2092.425537109375,2094.3692672878324,2037.0292270233394,2049.6634731833124,375000
2020-09-17 09:00:00+09:00,2132.27197265625,2135.1875678786605,2096.3129649131865,2105.059750580418,378600
2020-09-18 09:00:00+09:00,2115.75,2144.9059485530547,2108.9469453376205,2123.524919614148,349800
2020-09-23 09:00:00+09:00,2101.171875,2112.834253584644,2063.2691445999076,2092.4250910615174,263900
2020-09-24 09:00:00+09:00,2070.072509765625,2108.9471108879843,2061.3257245130944,2108.9471108879843,254600
2020-09-25 09:00:00+09:00,2073.960205078125,2087.56631701397,2042.860520653336,2070.0727445250263,289300
2020-09-28 09:00:00+09:00,2121.58154296875,2127.4127336502947,2074.9320175163907,2079.791343084345,259900
2020-09-29 09:00:00+09:00,2101.171875,2121.5810375231267,2091.4532261794634,2121.5810375231267,142100
2020-09-30 09:00:00+09:00,2080.762939453125,2120.6094039639042,2065.2130996440405,2104.087699166752,204500
2020-10-02 09:00:00+09:00,2078.8193359375,2134.215643627279,2068.1288204184198,2107.0034223059843,277300
2020-10-05 09:00:00+09:00,2093.397216796875,2112.8345168599844,2063.2694016990554,2071.044321724299,291100
2020-10-06 09:00:00+09:00,2070.072509765625,2107.0033808318663,2068.128779709507,2100.2003256354533,189000
2020-10-07 09:00:00+09:00,2034.11328125,2063.2692289028905,2029.253956641185,2060.3536341376016,293500
2020-10-08 09:00:00+09:00,2057.4384765625,2079.791374512872,2015.6482760465872,2040.9167693817901,334300
2020-10-09 09:00:00+09:00,2054.522705078125,2066.1850856178307,2041.888459493444,2057.438300213051,160000
2020-10-12 09:00:00+09:00,2002.0418701171875,2065.213094174283,2002.0418701171875,2065.213094174283,276600
2020-10-13 09:00:00+09:00,2022.451171875,2038.972877748078,2005.9294660019223,2011.7606563100674,324000
2020-10-14 09:00:00+09:00,2075.90380859375,2075.90380859375,2015.648173700111,2021.4793641736892,378300
2020-10-15 09:00:00+09:00,1936.927001953125,2052.5789403537383,1920.405296467323,1975.8016030961883,1811300
2020-10-16 09:00:00+09:00,1800.8658447265625,1913.602184709445,1779.484814729809,1904.855399710773,1681400
2020-10-19 09:00:00+09:00,1863.065185546875,1870.8401054656936,1780.4566614094288,1826.1343159324872,903500
2020-10-20 09:00:00+09:00,1902.91162109375,1934.0113002944652,1887.3617814933925,1900.9678911437054,660900
2020-10-21 09:00:00+09:00,1897.0804443359375,1941.7862334954934,1892.2211194272902,1924.292663824363,304500
2020-10-22 09:00:00+09:00,1858.2059326171875,1876.671368140057,1837.7967670392788,1870.8401779749402,424400
2020-10-23 09:00:00+09:00,1883.4742431640625,1884.4461080986157,1835.8528613709566,1858.2057548656799,248100
2020-10-26 09:00:00+09:00,1891.2493896484375,1907.7710955189532,1866.9527633682676,1891.2493896484375,219700
2020-10-27 09:00:00+09:00,1857.2340087890625,1865.9807937598116,1831.965518873565,1865.9807937598116,304000
2020-10-28 09:00:00+09:00,1837.796630859375,1840.712225725889,1806.6969522832248,1832.9373060818516,287900
2020-10-29 09:00:00+09:00,1796.9783935546875,1807.6689086055806,1784.3441484945408,1802.8095835824474,387600
2020-10-30 09:00:00+09:00,1756.159912109375,1788.2314544998615,1737.694478611822,1788.2314544998615,446800
2020-11-02 09:00:00+09:00,1770.7381591796875,1772.6818893214872,1746.441532407189,1755.1883180452885,269200
2020-11-04 09:00:00+09:00,1777.5411376953125,1806.6970885596425,1774.6255426088796,1778.5130027241235,294300
2020-11-05 09:00:00+09:00,1813.500244140625,1823.2188949666734,1774.6256408364316,1796.006672653738,359600
2020-11-06 09:00:00+09:00,1786.2879638671875,1811.556455195015,1774.625583254344,1807.6689949907338,276800
2020-11-09 09:00:00+09:00,1765.878662109375,1796.978341354009,1755.188147369032,1786.287826613666,366500
2020-11-10 09:00:00+09:00,1900.9678955078125,1906.7990853713334,1861.1214314404197,1888.3336508035172,927100
2020-11-11 09:00:00+09:00,1885.418212890625,1906.799244170828,1871.8121020759504,1896.1087285307265,445700
2020-11-12 09:00:00+09:00,1838.7686767578125,1880.5588739568536,1819.3313757350027,1880.5588739568536,293300
2020-11-13 09:00:00+09:00,1776.5692138671875,1811.55635374641,1764.9068339074468,1806.6970287631848,307800
2020-11-16 09:00:00+09:00,1826.1343994140625,1829.0499945169056,1787.259798042821,1793.0909882485073,279500
2020-11-17 09:00:00+09:00,1885.418212890625,1893.1931333561533,1840.712420213837,1845.5717455047923,473600
2020-11-18 09:00:00+09:00,1830.0218505859375,1865.980856678173,1825.1625254383382,1865.980856678173,303600
2020-11-19 09:00:00+09:00,1776.5692138671875,1813.5000837397001,1767.822428897382,1807.6688937598296,419700
2020-11-20 09:00:00+09:00,1782.4005126953125,1793.0910283112603,1758.1038862954308,1765.878806743393,244100
2020-11-24 09:00:00+09:00,1801.8377685546875,1822.2469342179281,1790.1753881756927,1792.1191182388584,267800
2020-11-25 09:00:00+09:00,1793.091064453125,1835.8531277788366,1793.091064453125,1834.881262703252,263800
2020-11-26 09:00:00+09:00,1773.6536865234375,1790.1753920965325,1764.9069012200341,1773.6536865234375,253600
2020-11-27 09:00:00+09:00,1780.45654296875,1791.147057145964,1762.962974315127,1767.8222989411333,206400
2020-11-30 09:00:00+09:00,1739.638427734375,1779.484894514883,1739.638427734375,1778.513029471456,408000
2020-12-01 09:00:00+09:00,1744.4976806640625,1744.4976806640625,1725.060380600953,1736.7227606388187,348500
2020-12-02 09:00:00+09:00,1780.45654296875,1785.3158675947564,1726.032107157478,1729.9195668582834,321900
2020-12-03 09:00:00+09:00,1809.6126708984375,1827.1062412938036,1781.4285852614587,1782.4004502834234,295400
2020-12-04 09:00:00+09:00,1843.6279296875,1851.4028497916117,1799.8940041018714,1816.4157093231088,303600
2020-12-07 09:00:00+09:00,1846.54345703125,1874.7275413754112,1828.0780224609375,1856.2621068050987,222400
2020-12-08 09:00:00+09:00,1854.3184814453125,1854.3184814453125,1828.0781255758034,1837.7967758978439,170000
2020-12-09 09:00:00+09:00,1867.924560546875,1868.8964255627682,1838.7686100700766,1846.543530197223,168800
2020-12-10 09:00:00+09:00,1858.2059326171875,1864.037122782304,1839.7404970943178,1851.4028774245512,170800
2020-12-11 09:00:00+09:00,1863.065185546875,1865.9807805164319,1843.627885749829,1849.4590756889427,137500
2020-12-14 09:00:00+09:00,1854.3184814453125,1866.9527268639652,1847.5154262198841,1860.1496716385368,157700
2020-12-15 09:00:00+09:00,1827.106201171875,1850.4309611868352,1820.3031461675116,1844.599771183095,210800
2020-12-16 09:00:00+09:00,1853.3465576171875,1861.1214776281668,1839.7404475979738,1847.515367608953,153500
2020-12-17 09:00:00+09:00,1818.3594970703125,1853.3466386494313,1818.3594970703125,1848.4873134301092,196200
2020-12-18 09:00:00+09:00,1841.6842041015625,1845.5716641629906,1810.5845236101377,1828.0780938865641,149700
2020-12-21 09:00:00+09:00,1834.88134765625,1849.4593244649595,1821.275235968121,1840.7125383797338,120400
2020-12-22 09:00:00+09:00,1830.99365234375,1838.7685723112395,1816.4156774047074,1817.3875424006435,159200
2020-12-23 09:00:00+09:00,1845.57177734375,1853.3466979434077,1826.1344758446057,1844.5999122687927,104200
2020-12-24 09:00:00+09:00,1851.4027099609375,1869.8681438135663,1848.4871151421014,1849.4589800817134,166100
2020-12-25 09:00:00+09:00,1895.1368408203125,1895.1368408203125,1854.3185088641826,1865.9808894230769,212900
2020-12-28 09:00:00+09:00,1860.149658203125,1899.0242592105049,1847.5154128757265,1892.2212040342133,202100
2020-12-29 09:00:00+09:00,1868.8963623046875,1887.3617969816448,1861.1214424407053,1867.9244973216896,143400
2020-12-30 09:00:00+09:00,1854.3184814453125,1874.7276471215973,1851.4028863487003,1861.1215366707409,101600
2021-01-04 09:00:00+09:00,1807.6689453125,1850.4310063844086,1786.287914776546,1850.4310063844086,275500
2021-01-05 09:00:00+09:00,1781.4285888671875,1801.8377543697577,1777.5411287714599,1785.3160489629151,210100
2021-01-06 09:00:00+09:00,1792.1192626953125,1797.9504533548418,1764.9070396175096,1782.4006115960972,154500
2021-01-07 09:00:00+09:00,1782.4005126953125,1816.4157896551467,1782.4005126953125,1797.9503535912368,164300
2021-01-08 09:00:00+09:00,1816.4156494140625,1817.3875143950224,1761.991210480308,1783.3722400614258,216300
2021-01-12 09:00:00+09:00,1797.9501953125,1819.3312246621622,1796.9783303420609,1807.668845016892,173400
2021-01-13 09:00:00+09:00,1818.3594970703125,1819.331362114177,1785.3160855789226,1802.809656368482,325100
2021-01-14 09:00:00+09:00,1917.48974609375,1972.8860540143498,1896.1087149665009,1912.630420837557,998500
2021-01-15 09:00:00+09:00,1979.68896484375,1993.2950745677622,1929.1519858688482,1932.067580809708,651700
2021-01-18 09:00:00+09:00,1935.955078125,1971.914083090173,1902.9116681570029,1967.0547580948794,389500
2021-01-19 09:00:00+09:00,2038.0009765625,2040.9165716648783,1914.574117228481,1933.0395528768777,675800
2021-01-20 09:00:00+09:00,2050.635009765625,2055.494334433316,1998.1543033545615,2007.8729526899438,377600
2021-01-21 09:00:00+09:00,2009.8170166015625,2094.3692798725183,2008.8451515064942,2070.072652495807,247000
2021-01-22 09:00:00+09:00,2050.635009765625,2056.466199366854,1979.6888696173355,1989.4075189527177,423500
2021-01-25 09:00:00+09:00,2009.8170166015625,2039.9448345486846,1998.1546354607412,2035.0855090733423,133700
2021-01-26 09:00:00+09:00,2008.8450927734375,2019.5356085066294,1980.6610058404767,2018.5637434399755,304200
2021-01-27 09:00:00+09:00,2042.860107421875,2045.77570224693,2016.6197539963798,2016.6197539963798,143200
2021-01-28 09:00:00+09:00,2110.890625,2110.890625,2001.0698880639964,2007.8729425644567,336500
2021-01-29 09:00:00+09:00,2072.01611328125,2135.187336247142,2066.184923469014,2111.8625769981973,290000
2021-02-01 09:00:00+09:00,2085.622314453125,2097.284694589862,2059.3819591454667,2080.762989396151,121000
2021-02-02 09:00:00+09:00,2080.762939453125,2091.4534543218706,2068.1286946082437,2081.734804441193,141000
2021-02-03 09:00:00+09:00,2089.509765625,2099.2284156976743,2070.0724654796513,2070.0724654796513,141300
2021-02-04 09:00:00+09:00,2111.8623046875,2123.5246828081854,2094.3687375064715,2117.6934937478427,203000
2021-02-05 09:00:00+09:00,2117.69384765625,2126.4406327085244,2095.3409525226593,2118.6657126620585,191900
2021-02-08 09:00:00+09:00,2095.341064453125,2140.046857108433,2090.4817391645047,2124.4970161848473,337000
2021-02-09 09:00:00+09:00,2071.04443359375,2106.031575597211,2062.2976480928846,2082.7068142615703,214100
2021-02-10 09:00:00+09:00,2072.01611328125,2082.7066279370165,2036.057109439127,2056.4662737819535,202600
2021-02-12 09:00:00+09:00,2079.790771484375,2082.706366023839,2055.4941503221744,2070.072123019495,112300
2021-02-15 09:00:00+09:00,2072.988037109375,2087.5660120538855,2070.072442120473,2084.6504170649832,114600
2021-02-16 09:00:00+09:00,2070.072509765625,2093.3972704390408,2064.2413195972713,2072.988104849802,306100
2021-02-17 09:00:00+09:00,2090.4814453125,2103.1156892869594,2054.522443231346,2060.3536327580196,319200
2021-02-18 09:00:00+09:00,2132.27197265625,2152.681139213124,2091.4536395425025,2111.862806099376,431500
2021-02-19 09:00:00+09:00,2090.4814453125,2131.2997719992154,2084.6502557858266,2129.356042156991,232200
2021-02-22 09:00:00+09:00,2133.243408203125,2159.483759921341,2107.9749213633613,2107.9749213633613,346100
2021-02-24 09:00:00+09:00,2166.287109375,2205.1617098124157,2135.187429025067,2146.849809156292,474600
2021-02-25 09:00:00+09:00,2159.484130859375,2170.1746463586787,2118.665798952942,2162.3997259955486,341100
2021-02-26 09:00:00+09:00,2159.484130859375,2181.837026903374,2141.990560042332,2159.484130859375,262100
2021-03-01 09:00:00+09:00,2244.036376953125,2245.0082419929486,2147.8217380105702,2162.399713607927,306700
2021-03-02 09:00:00+09:00,2224.598876953125,2247.923635820261,2199.330388180394,2237.2331213394905,315700
2021-03-03 09:00:00+09:00,2254.726806640625,2269.30478168356,2223.62712654903,2244.0362916091394,226900
2021-03-04 09:00:00+09:00,2301.37646484375,2305.2639250884185,2256.670672030062,2264.4455925193993,292700
2021-03-05 09:00:00+09:00,2285.826171875,2301.3760097789113,2226.542414866337,2301.3760097789113,275300
2021-03-08 09:00:00+09:00,2272.22021484375,2320.8134615256095,2262.501565507378,2302.348027786503,252300
2021-03-09 09:00:00+09:00,2343.16650390625,2350.94142386944,2278.0515492145378,2294.5732541363154,374700
2021-03-10 09:00:00+09:00,2319.841796875,2337.335367190773,2290.685846348712,2309.1512816820277,193700
2021-03-11 09:00:00+09:00,2257.642333984375,2316.926097382157,2249.867414194502,2314.9823674346885,341300
2021-03-12 09:00:00+09:00,2224.598876953125,2249.867365725856,2211.9646325667595,2243.0643110562746,244700
2021-03-15 09:00:00+09:00,2274.164306640625,2279.0236320821646,2249.867679432926,2250.839544521234,138800
2021-03-16 09:00:00+09:00,2356.7724609375,2364.547380396263,2280.9669962145617,2283.882591011598,258600
2021-03-17 09:00:00+09:00,2375.238037109375,2395.647201912688,2343.1664924184547,2355.800737296696,198500
2021-03-18 09:00:00+09:00,2349.96923828125,2382.040778754071,2346.081778829999,2375.237724714382,135100
2021-03-19 09:00:00+09:00,2381.0693359375,2389.816121253189,2349.969654815051,2351.9133848852043,136400
2021-03-22 09:00:00+09:00,2389.816162109375,2416.056518505045,2370.378861075545,2380.09751159246,161700
2021-03-23 09:00:00+09:00,2296.516845703125,2393.7033393850174,2291.6575210190304,2393.7033393850174,280100
2021-03-24 09:00:00+09:00,2215.852294921875,2263.4736819618624,2190.5838038394327,2263.4736819618624,295000
2021-03-25 09:00:00+09:00,2238.204833984375,2258.6139966042933,2215.851941591131,2215.851941591131,240000
2021-03-26 09:00:00+09:00,2279.99560546875,2284.8549311411048,2245.0084606277974,2270.276954124041,129200
2021-03-29 09:00:00+09:00,2273.1923828125,2308.1795250875107,2253.755081548605,2298.460874455563,189900
2021-03-30 09:00:00+09:00,2253.7548828125,2287.770157024849,2246.95182797003,2271.2484524074225,121100
2021-03-31 09:00:00+09:00,2210.992919921875,2231.4020853365387,2204.189864783654,2213.9085149811126,206300
2021-04-01 09:00:00+09:00,2174.061767578125,2218.7675526959583,2168.230578214929,2218.7675526959583,174000
2021-04-02 09:00:00+09:00,2205.161865234375,2221.683571584743,2176.9777779308065,2177.94964301024,119400
2021-04-05 09:00:00+09:00,2230.43017578125,2253.75493578942,2209.0491457737608,2210.9928757744415,145800
2021-04-06 09:00:00+09:00,2221.683349609375,2245.979974167658,2186.6962102454477,2222.655214591706,183600
2021-04-07 09:00:00+09:00,2267.361083984375,2275.1360041180546,2221.683428199006,2237.2332684663656,154600
2021-04-08 09:00:00+09:00,2221.683349609375,2251.8111640616457,2218.767754662381,2245.979974167658,163700
2021-04-09 09:00:00+09:00,2231.402099609375,2251.8112651545825,2196.414958674733,2207.1054739603182,129700
2021-04-12 09:00:00+09:00,2218.767822265625,2252.7830976836262,2201.2742520506526,2245.008177588083,106100
2021-04-13 09:00:00+09:00,2215.852294921875,2230.430270546361,2210.0211046720806,2218.767890046772,85100
2021-04-14 09:00:00+09:00,2166.287109375,2239.176985195155,2165.3152443640647,2225.570875042059,188200
2021-04-15 09:00:00+09:00,2299.4326171875,2385.9286032101913,2277.079721923209,2310.1231323139,865000
2021-04-16 09:00:00+09:00,2363.575927734375,2369.4071183455617,2305.2640216225072,2313.038942437423,435200
2021-04-19 09:00:00+09:00,2330.532470703125,2394.675566227064,2313.038899196596,2370.3789391346627,492000
2021-04-20 09:00:00+09:00,2325.6728515625,2353.856935430161,2292.62944289007,2311.0948771481926,296800
2021-04-21 09:00:00+09:00,2279.0234375,2310.1231176705755,2265.417327425373,2289.7139525586354,201500
2021-04-22 09:00:00+09:00,2252.783203125,2290.685940364808,2244.036417608121,2283.882884962791,156900
2021-04-23 09:00:00+09:00,2274.164306640625,2295.5453385834,2262.5019255809293,2262.5019255809293,200800
2021-04-26 09:00:00+09:00,2282.910888671875,2303.3200537047014,2249.867478618727,2276.1078336609326,118600
2021-04-27 09:00:00+09:00,2311.094970703125,2322.757350706673,2282.9108856945504,2293.6014006978025,102600
2021-04-28 09:00:00+09:00,2298.4609375,2314.010778937632,2283.88296115222,2311.095183668076,112700
2021-04-30 09:00:00+09:00,2328.58837890625,2339.278893166671,2290.6856465283936,2299.4324309232834,149500
2021-05-06 09:00:00+09:00,2360.659912109375,2374.2660211128873,2346.0819381770407,2349.9693978923297,148100
2021-05-07 09:00:00+09:00,2410.225341796875,2422.8595875401647,2363.5758190524193,2371.3507395098286,178200
2021-05-10 09:00:00+09:00,2391.760009765625,2411.197311754781,2387.872549367794,2410.225446655323,75100
2021-05-11 09:00:00+09:00,2321.785400390625,2380.0972982656513,2316.926075567706,2366.4911887614785,169600
2021-05-12 09:00:00+09:00,2273.1923828125,2323.7293660986265,2266.389327370137,2314.010715466679,155000
2021-05-13 09:00:00+09:00,2232.3740234375,2269.304895396849,2218.767912715635,2254.726919623422,145600
2021-05-14 09:00:00+09:00,2279.0234375,2291.6576825692964,2223.627132196162,2249.867487340085,164200
2021-05-17 09:00:00+09:00,2340.2509765625,2346.0821667034365,2311.0950258578177,2311.0950258578177,179100
2021-05-18 09:00:00+09:00,2351.913330078125,2381.0692804509945,2332.4760298295455,2351.913330078125,174800
2021-05-19 09:00:00+09:00,2349.96923828125,2351.9129680068754,2308.1790491803017,2317.8976978084293,143800
2021-05-20 09:00:00+09:00,2338.307373046875,2351.913484111986,2324.701261981764,2325.673127057844,88000
2021-05-21 09:00:00+09:00,2346.082275390625,2359.6883863498083,2322.7575137463105,2341.2229500480594,88400
2021-05-24 09:00:00+09:00,2391.760009765625,2411.197311754781,2346.0823500911088,2359.688461483518,111200
2021-05-25 09:00:00+09:00,2365.51953125,2404.3941332426048,2359.6883409511092,2393.7036176946385,103400
2021-05-26 09:00:00+09:00,2374.266357421875,2390.7880635521133,2365.5195718235136,2375.2382224883595,91800
2021-05-27 09:00:00+09:00,2303.320068359375,2367.463158870649,2301.376338343882,2367.463158870649,174000
2021-05-28 09:00:00+09:00,2321.785400390625,2338.307104788549,2309.151155851036,2328.5884551427116,110000
2021-05-31 09:00:00+09:00,2355.80078125,2379.125541460396,2342.194671127269,2342.194671127269,142400
2021-06-01 09:00:00+09:00,2368.43505859375,2371.350653659725,2327.616727670099,2357.7445433518415,151300
2021-06-02 09:00:00+09:00,2393.70361328125,2393.70361328125,2335.3917103998556,2368.4351220326457,130400
2021-06-03 09:00:00+09:00,2482.143310546875,2487.974500783085,2393.7035919643513,2400.50664723993,371700
2021-06-04 09:00:00+09:00,2484.0869140625,2518.1021887073307,2465.621479255306,2471.45266919442,226600
2021-06-07 09:00:00+09:00,2475.340576171875,2489.9185536522746,2459.790733526115,2486.031092990835,117800
2021-06-08 09:00:00+09:00,2551.145751953125,2569.611187872024,2469.5090878906253,2477.2840082775297,267700
2021-06-09 09:00:00+09:00,2654.163330078125,2680.4036852271947,2565.7236145757047,2565.7236145757047,470600
2021-06-10 09:00:00+09:00,2630.8388671875,2679.4321229538004,2596.8235881510896,2658.051090416628,290900
2021-06-11 09:00:00+09:00,2594.87939453125,2624.03534278441,2564.751581336318,2624.03534278441,294400
2021-06-14 09:00:00+09:00,2573.498291015625,2638.613240221836,2556.9765874856907,2601.6823735078656,240900
2021-06-15 09:00:00+09:00,2570.5830078125,2579.3297930942817,2532.6802715914464,2565.7236826559547,167300
2021-06-16 09:00:00+09:00,2520.046142578125,2568.6393963879614,2513.243087044748,2562.8082059307812,186000
2021-06-17 09:00:00+09:00,2566.695556640625,2575.4423419529176,2514.2148447668674,2522.9616300791604,155500
2021-06-18 09:00:00+09:00,2541.4267578125,2581.273219407266,2538.5111630616634,2559.8921912344645,139000
2021-06-21 09:00:00+09:00,2556.976806640625,2556.976806640625,2498.664906831261,2511.2991517899563,194700
2021-06-22 09:00:00+09:00,2576.414306640625,2617.2326396768026,2547.258354471927,2613.345179387643,165100
2021-06-23 09:00:00+09:00,2586.1328125,2589.0484075535514,2557.9487269823376,2573.4985672679445,143000
2021-06-24 09:00:00+09:00,2562.807861328125,2581.2732952929464,2541.4268325267526,2576.413970565362,178100
2021-06-25 09:00:00+09:00,2551.145751953125,2586.1328936941964,2547.258291759673,2586.1328936941964,147500
2021-06-28 09:00:00+09:00,2570.5830078125,2578.357928062973,2547.2582470610823,2550.1738421550094,92900
2021-06-29 09:00:00+09:00,2547.25830078125,2572.5267921281834,2545.3145706776395,2553.0894910920806,130200
2021-06-30 09:00:00+09:00,2590.020263671875,2596.8233187734522,2562.808043265566,2570.5829633816543,168500
2021-07-01 09:00:00+09:00,2607.513671875,2607.513671875,2575.442128389396,2602.6543471044542,132100
2021-07-02 09:00:00+09:00,2680.40380859375,2686.234998895259,2603.626469623878,2607.5139298248846,290600
2021-07-05 09:00:00+09:00,2676.516357421875,2705.672309027778,2655.135326244213,2655.135326244213,210500
2021-07-06 09:00:00+09:00,2684.291259765625,2699.841100517345,2661.938363685028,2670.68514910787,146700
2021-07-07 09:00:00+09:00,2658.050537109375,2682.3471599348723,2619.17594058858,2648.3318879791764,200900
2021-07-08 09:00:00+09:00,2621.119873046875,2643.472767774379,2597.795113331219,2631.810387916551,252900
2021-07-09 09:00:00+09:00,2572.5263671875,2604.597908599358,2527.820582189153,2604.597908599358,329700
2021-07-12 09:00:00+09:00,2604.597900390625,2623.063333266529,2573.4982239680503,2605.569765278831,271900
2021-07-13 09:00:00+09:00,2591.9638671875,2617.232356331435,2585.160812417979,2612.373031496063,169000
2021-07-14 09:00:00+09:00,2586.1328125,2597.7951927142053,2571.5548372322437,2583.217217446449,227000
2021-07-15 09:00:00+09:00,2716.362548828125,2821.3239639527897,2678.459815588663,2721.221873602415,1098600
2021-07-16 09:00:00+09:00,2651.247802734375,2697.8973241901117,2638.613557340113,2680.4037536442106,452800
2021-07-19 09:00:00+09:00,2580.3017578125,2642.5011222192798,2566.695646848517,2624.035685911017,295400
2021-07-20 09:00:00+09:00,2479.227783203125,2560.864448741762,2473.396592807508,2556.005123412081,400800
2021-07-21 09:00:00+09:00,2492.833740234375,2526.8490154422516,2477.283900139346,2525.877150436312,396200
2021-07-26 09:00:00+09:00,2480.19921875,2521.017544450431,2469.508704876078,2500.6083816002156,340800
2021-07-27 09:00:00+09:00,2624.03515625,2630.8382103587965,2544.342236689815,2569.6107233796297,457400
2021-07-28 09:00:00+09:00,2608.48583984375,2623.0638158488377,2580.3017529005797,2623.0638158488377,216400
2021-07-29 09:00:00+09:00,2611.4013671875,2630.838668022539,2598.7671216447247,2613.345097271004,222400
2021-07-30 09:00:00+09:00,2620.14794921875,2628.894733915697,2594.879460094237,2609.4574345891483,265500
2021-08-02 09:00:00+09:00,2552.117431640625,2605.5700054183226,2539.4831869295326,2601.6825455072176,405900
2021-08-03 09:00:00+09:00,2454.930908203125,2527.8207807744766,2438.4092037536184,2527.8207807744766,493300
2021-08-04 09:00:00+09:00,2400.506591796875,2444.2405175583563,2364.5475861707678,2444.2405175583563,555100
2021-08-05 09:00:00+09:00,2347.05419921875,2370.3789614470106,2339.2792784759963,2351.913524682971,377400
2021-08-06 09:00:00+09:00,2310.123046875,2363.57562053008,2300.404397119531,2351.913240823517,532700
2021-08-10 09:00:00+09:00,2414.11279296875,2420.9158483434608,2313.0388274016204,2314.9825575086807,461600
2021-08-11 09:00:00+09:00,2418.0,2436.4654340836014,2403.422025723473,2421.887459807074,247800
2021-08-12 09:00:00+09:00,2428.6904296875,2441.324673619448,2419.9436454269207,2429.662294605342,170200
2021-08-13 09:00:00+09:00,2413.140869140625,2434.5218997975294,2387.8723783642836,2434.5218997975294,452400
2021-08-16 09:00:00+09:00,2412.1689453125,2419.9438653618554,2383.984860133587,2409.253350293992,302300
2021-08-17 09:00:00+09:00,2348.997802734375,2424.803275888401,2348.025937693939,2409.2534352414214,258000
2021-08-18 09:00:00+09:00,2368.43505859375,2369.4069236157416,2333.4479178020492,2342.194702999974,160400
2021-08-19 09:00:00+09:00,2358.71630859375,2378.1536082113334,2358.71630859375,2368.4349584025417,181700
2021-08-20 09:00:00+09:00,2332.47607421875,2385.9286509195963,2332.47607421875,2361.6320251464845,701200
2021-08-23 09:00:00+09:00,2337.335205078125,2360.6599638813996,2318.869771025533,2332.4758803274426,372500
2021-08-24 09:00:00+09:00,2383.012939453125,2388.8441293539076,2348.9976650318936,2348.9976650318936,214500
2021-08-25 09:00:00+09:00,2387.8720703125,2443.2683698679793,2386.900205408018,2429.6622612052297,279400
2021-08-26 09:00:00+09:00,2395.6474609375,2419.944088330375,2392.731865650355,2419.944088330375,323100
2021-08-27 09:00:00+09:00,2406.337890625,2412.169080990004,2360.6602327658015,2397.591105077494,1236800
2021-08-30 09:00:00+09:00,2422.98046875,2426.896396780303,2383.8211884469697,2407.316756628788,595800
2021-08-31 09:00:00+09:00,2444.51806640625,2455.286868460903,2404.379804202543,2416.1275882621644,190900
2021-09-01 09:00:00+09:00,2554.164306640625,2556.122270846559,2458.2240605498696,2458.2240605498696,453300
2021-09-02 09:00:00+09:00,2557.10107421875,2561.9959843914503,2516.962810802606,2551.2271820115093,238100
2021-09-03 09:00:00+09:00,2538.50048828125,2563.9540219084433,2520.8788111547315,2557.1011474703528,225000
2021-09-06 09:00:00+09:00,2532.62646484375,2556.1220331298923,2511.088860581453,2556.1220331298923,175600
2021-09-07 09:00:00+09:00,2570.806884765625,2571.7858668237996,2503.2571227516005,2545.353351253094,256700
2021-09-08 09:00:00+09:00,2614.86083984375,2621.71371362844,2573.7435971356117,2574.722579104853,236900
2021-09-09 09:00:00+09:00,2675.5576171875,2675.5576171875,2610.944809747187,2612.9027736090147,300200
2021-09-10 09:00:00+09:00,2705.90625,2709.8221780028944,2659.8940959659913,2673.5998439761215,246800
2021-09-13 09:00:00+09:00,2793.035888671875,2797.9307990971674,2683.389895145324,2695.137680166026,405600
2021-09-14 09:00:00+09:00,2812.615234375,2821.426072213279,2769.540027165637,2799.888468608597,277900
2021-09-15 09:00:00+09:00,2783.245849609375,2803.804471783767,2742.1286052605906,2784.2248316176792,189600
2021-09-16 09:00:00+09:00,2699.053466796875,2795.972688129081,2664.7890956188226,2786.182867792494,279400
2021-09-17 09:00:00+09:00,2718.633056640625,2728.422876794174,2685.3476681185575,2703.948326410301,174800
2021-09-21 09:00:00+09:00,2720.5908203125,2727.443693915302,2654.9990301142498,2669.683759263112,176900
2021-09-22 09:00:00+09:00,2673.599853515625,2711.7801516800737,2660.8730874608086,2697.0954216168243,182200
2021-09-24 09:00:00+09:00,2714.71728515625,2719.612195515349,2698.0745899353137,2701.990518222593,236300
2021-09-27 09:00:00+09:00,2749.960693359375,2798.9097979047538,2744.0868008139296,2744.0868008139296,275200
2021-09-28 09:00:00+09:00,2785.20361328125,2792.056486846441,2712.758949877801,2741.14942607645,246000
2021-09-29 09:00:00+09:00,2829.258056640625,2829.258056640625,2750.939494519085,2760.7293147842774,270000
2021-09-30 09:00:00+09:00,2854.71142578125,2876.2490291307654,2807.7202912004886,2829.2578945500045,236300
2021-10-01 09:00:00+09:00,2785.20361328125,2841.984565678548,2756.8131370826013,2839.047619864895,216900
2021-10-04 09:00:00+09:00,2852.75341796875,2869.39611121016,2818.489049530553,2834.1527608165857,331000
2021-10-05 09:00:00+09:00,2797.930908203125,2837.0901931324897,2770.5194087525692,2817.5105506678074,183900
2021-10-06 09:00:00+09:00,2704.92724609375,2827.299995193178,2693.179462180205,2823.384067221996,317300
2021-10-07 09:00:00+09:00,2605.0712890625,2692.200693319006,2605.0712890625,2692.200693319006,300400
2021-10-08 09:00:00+09:00,2681.431884765625,2720.5911674931262,2622.692960674374,2622.692960674374,216400
2021-10-11 09:00:00+09:00,2741.149658203125,2741.149658203125,2676.5368448311942,2685.347683018276,143600
2021-10-12 09:00:00+09:00,2680.45263671875,2739.191554981396,2668.704853066221,2739.191554981396,149000
2021-10-13 09:00:00+09:00,2555.14306640625,2673.599890557651,2547.311210264009,2663.810070379849,494400
2021-10-14 09:00:00+09:00,2887.01806640625,2941.841061224409,2767.58225626669,2782.266987021554,2234500
2021-10-15 09:00:00+09:00,2920.30322265625,3078.8983021300387,2911.492384907706,2961.4204654827877,1409300
2021-10-18 09:00:00+09:00,3034.84423828125,3157.216989824849,2951.630767231603,3025.054418157762,868600
2021-10-19 09:00:00+09:00,2990.7900390625,3039.7391395381546,2976.1053089198035,3029.949319443024,438700
2021-10-20 09:00:00+09:00,3049.529052734375,3098.478154704429,3005.474860961326,3005.474860961326,480200
2021-10-21 09:00:00+09:00,3054.424072265625,3147.4273693378154,3020.159699660081,3103.3731759878306,590500
2021-10-22 09:00:00+09:00,2990.7900390625,3088.6882400138093,2990.7900390625,3069.1085998235476,376600
2021-10-25 09:00:00+09:00,2922.261474609375,2995.685129750314,2917.3665642666456,2976.105488379397,504500
2021-10-26 09:00:00+09:00,2966.3154296875,2990.789979437397,2889.954834467822,2929.114114067657,284300
2021-10-27 09:00:00+09:00,2933.030029296875,2946.7357770973276,2897.786677809997,2928.135119368142,234500
2021-10-28 09:00:00+09:00,2976.105224609375,3020.159413789448,2929.1140894839637,2936.945945338199,237700
2021-10-29 09:00:00+09:00,3005.47509765625,3049.5292928987683,2976.1056341612375,2976.1056341612375,195900
2021-11-01 09:00:00+09:00,3083.79345703125,3088.688367280506,3010.369803292411,3010.369803292411,227100
2021-11-02 09:00:00+09:00,3049.529052734375,3127.8476158864614,3049.529052734375,3074.003603719402,218100
2021-11-04 09:00:00+09:00,3049.529052734375,3078.8985139164074,3034.8443221433586,3074.003603719402,183100
2021-11-05 09:00:00+09:00,3064.213623046875,3078.8983528697836,3025.0543435191194,3034.8441634010583,125900
2021-11-08 09:00:00+09:00,3015.264404296875,3108.2676894943434,3000.5796750551694,3093.582960252638,140900
2021-11-09 09:00:00+09:00,3005.47509765625,3029.94965056876,2990.7903659087438,3015.264918821254,79000
2021-11-10 09:00:00+09:00,2971.210693359375,3025.054709219265,2971.210693359375,3005.475067088396,155100
2021-11-11 09:00:00+09:00,2961.42041015625,2976.10513946281,2936.945861311983,2956.5255003873967,121500
2021-11-12 09:00:00+09:00,2934.009033203125,2976.105258904738,2924.219213272517,2961.420529008826,234400
2021-11-15 09:00:00+09:00,2990.7900390625,3005.4747692051965,2925.198244425123,2941.8409385868454,163100
2021-11-16 09:00:00+09:00,3029.94921875,3049.52885828958,3000.57975944063,3000.57975944063,176000
2021-11-17 09:00:00+09:00,2971.210693359375,3049.529261882851,2961.4208722939406,3039.739440817417,133300
2021-11-18 09:00:00+09:00,2981.000244140625,3000.5798844962287,2956.525693696121,2971.2104239628234,121800
2021-11-19 09:00:00+09:00,2903.660888671875,2956.5259217090565,2875.270407966722,2956.5259217090565,295700
2021-11-22 09:00:00+09:00,2935.96728515625,2941.841177690741,2857.648718029708,2858.6277001187896,196200
2021-11-24 09:00:00+09:00,2951.630859375,2961.4206798041046,2887.0180445429105,2892.891936800373,213300
2021-11-25 09:00:00+09:00,2971.210693359375,2990.790335490244,2928.135480671463,2946.736140695789,148600
2021-11-26 09:00:00+09:00,2919.324462890625,2981.000331824934,2878.207216934419,2956.525780660526,276800
2021-11-29 09:00:00+09:00,2852.75341796875,2905.6184435591113,2819.46803148593,2848.8374901472416,322200
2021-11-30 09:00:00+09:00,2864.501220703125,2951.6306153178134,2862.5432567791995,2917.366246649116,324500
2021-12-01 09:00:00+09:00,2842.9638671875,2879.186202960894,2826.321172372697,2851.7747056188664,233200
2021-12-02 09:00:00+09:00,2812.615234375,2874.2910992429515,2803.804396536721,2839.0477478898365,298200
2021-12-03 09:00:00+09:00,2915.408203125,2916.387185060233,2825.3418650835292,2832.1947386301626,158300
2021-12-06 09:00:00+09:00,2907.57666015625,2926.177318924926,2880.1651630234637,2895.8288756707702,163500
2021-12-07 09:00:00+09:00,3005.47509765625,3010.370008238752,2916.387725054713,2936.9463495012214,195300
2021-12-08 09:00:00+09:00,2971.210693359375,3020.1597986865477,2951.631051228506,3020.1597986865477,132500
2021-12-09 09:00:00+09:00,2995.684814453125,3025.054273418352,2976.105175142974,2990.7899046255875,104300
2021-12-10 09:00:00+09:00,2966.3154296875,2985.8950694874175,2946.7357898875825,2985.8950694874175,86400
2021-12-13 09:00:00+09:00,3005.47509765625,3015.264918821254,2976.1056341612375,2990.7903659087438,108400
2021-12-14 09:00:00+09:00,3015.264404296875,3015.264404296875,2990.789855560699,3005.4745848024045,98200
2021-12-15 09:00:00+09:00,2966.3154296875,3005.474709287335,2956.5256097875413,2981.0001595374383,131400
2021-12-16 09:00:00+09:00,3020.159423828125,3069.1085230797967,3005.474694052624,3034.8441536036266,153500
2021-12-17 09:00:00+09:00,2981.000244140625,3025.054434940733,2966.3155138739226,2995.684974407328,186400
2021-12-20 09:00:00+09:00,2895.828369140625,2971.2099730702494,2884.0805867100344,2961.42015437809,188400
2021-12-21 09:00:00+09:00,2934.009033203125,2946.7357991129147,2919.324303307213,2927.1561592516996,193900
2021-12-22 09:00:00+09:00,2934.009033203125,2956.5256190435225,2905.6185554043627,2951.630709078219,124000
2021-12-23 09:00:00+09:00,2966.3154296875,2966.3154296875,2941.8408799376034,2966.3154296875,93800
2021-12-24 09:00:00+09:00,2903.660888671875,2961.4208321754622,2902.681906578594,2961.4208321754622,165300
2021-12-27 09:00:00+09:00,2888.97607421875,2900.7238590003917,2845.90086335273,2893.870984544434,224500
2021-12-28 09:00:00+09:00,2946.73583984375,2946.73583984375,2869.3962613229337,2884.080991421823,171700
2021-12-29 09:00:00+09:00,2971.210693359375,2971.210693359375,2912.471766966768,2946.736140695789,113700
2021-12-30 09:00:00+09:00,2941.8408203125,2956.525549864809,2913.4503431780367,2951.6306400140393,113200
2022-01-04 09:00:00+09:00,2941.8408203125,2976.105189267887,2919.32423499896,2971.2102794171174,118800
2022-01-05 09:00:00+09:00,2866.459228515625,2932.051020971413,2803.8043819906934,2927.1561110866523,530800
2022-01-06 09:00:00+09:00,2844.921630859375,2866.4592343965073,2800.86744180615,2834.1528290908086,360200
2022-01-07 09:00:00+09:00,2745.0654296875,2887.996796568518,2741.149501827746,2867.43817530481,392200
2022-01-11 09:00:00+09:00,2723.52783203125,2729.4017238328993,2659.894004180053,2729.4017238328993,389000
2022-01-12 09:00:00+09:00,2741.149658203125,2792.0567232840403,2724.506963849749,2729.401873953683,269100
2022-01-13 09:00:00+09:00,2632.482666015625,2696.1164976597365,2550.248175890927,2692.2005695585603,954000
2022-01-14 09:00:00+09:00,2727.44384765625,2768.5610915907664,2656.9571437685076,2695.137441707702,583900
2022-01-17 09:00:00+09:00,2689.263427734375,2722.5488141715678,2644.230257848761,2721.5698322175326,380500
2022-01-18 09:00:00+09:00,2626.608642578125,2682.410615230735,2608.9869670036164,2651.0831919871644,363100
2022-01-19 09:00:00+09:00,2604.09228515625,2652.062406198602,2596.2604286595392,2631.503782894737,233200
2022-01-20 09:00:00+09:00,2583.533447265625,2600.1761409388023,2522.8365644575656,2584.5124292464,378000
2022-01-21 09:00:00+09:00,2549.269287109375,2564.9330000870054,2514.025932909706,2545.3533588649675,285600
2022-01-24 09:00:00+09:00,2556.1220703125,2556.1220703125,2512.0678791351493,2535.5634477630697,301700
2022-01-25 09:00:00+09:00,2558.080322265625,2568.849125765404,2531.64780458435,2546.332536629503,207000
2022-01-26 09:00:00+09:00,2591.364990234375,2613.881573073586,2545.3528426933794,2545.3528426933794,195700
2022-01-27 09:00:00+09:00,2491.50927734375,2598.218319084602,2479.761492931913,2588.428498741405,254200
2022-01-28 09:00:00+09:00,2537.521240234375,2541.437168074243,2492.4880700758945,2534.584294354474,184700
2022-01-31 09:00:00+09:00,2588.428466796875,2593.3233769080643,2528.710563440366,2539.4793656849824,253500
2022-02-01 09:00:00+09:00,2640.314453125,2668.7049311155915,2618.7768491321376,2637.3775071259734,323700
2022-02-02 09:00:00+09:00,2686.32666015625,2697.095462365331,2663.8100737190803,2682.4107320802204,231900
2022-02-03 09:00:00+09:00,2677.515625,2709.822029250457,2665.7678416361973,2683.389516681901,152400
2022-02-04 09:00:00+09:00,2706.88525390625,2717.6540560013564,2654.020225439365,2686.3266317246835,157100
2022-02-07 09:00:00+09:00,2701.990234375,2723.527837692482,2687.3055048403535,2711.7800540647645,135800
2022-02-08 09:00:00+09:00,2755.834228515625,2773.455903866702,2718.632913885574,2731.359679416907,262500
2022-02-09 09:00:00+09:00,2794.99365234375,2799.8885624179075,2741.149641528021,2774.43503003229,198200
2022-02-10 09:00:00+09:00,2838.06884765625,2856.6695058506166,2801.846513277747,2839.04782966648,208100
2022-02-14 09:00:00+09:00,2842.9638671875,2858.6275799543732,2810.657459605824,2827.3001544206268,175300
2022-02-15 09:00:00+09:00,2871.3544921875,2879.1863489681,2846.879939748125,2856.669760723875,207500
2022-02-16 09:00:00+09:00,2866.459228515625,2901.702579685899,2842.9636610687753,2892.8917418933306,189100
2022-02-17 09:00:00+09:00,2891.912841796875,2908.555535876275,2874.2911657128047,2878.207093731487,164200
2022-02-18 09:00:00+09:00,2877.22802734375,2904.6395226706045,2861.564315728405,2887.9968290793,134200
2022-02-21 09:00:00+09:00,2832.19482421875,2886.0388322837453,2826.3209324298414,2836.1107520780224,201100
2022-02-22 09:00:00+09:00,2799.888427734375,2838.068724476207,2784.2247162505464,2807.7202834762893,197500
2022-02-24 09:00:00+09:00,2840.02685546875,2853.7326038233045,2800.867574455737,2813.5943407849663,346100
2022-02-25 09:00:00+09:00,2866.459228515625,2875.2700663081932,2814.573183737166,2841.9846790918236,227500
2022-02-28 09:00:00+09:00,2868.417236328125,2896.80771409383,2844.9216685220244,2863.5223263685207,191400
2022-03-01 09:00:00+09:00,2870.375244140625,2912.4714704360026,2858.627460058194,2898.7657223398332,155600
2022-03-02 09:00:00+09:00,2850.79541015625,2877.2279225443745,2841.005590753241,2848.8374462756483,116400
2022-03-03 09:00:00+09:00,2813.59423828125,2873.312139650476,2812.6152562915904,2869.3962116918383,171800
2022-03-04 09:00:00+09:00,2768.56103515625,2811.6362422096004,2766.6030711992794,2802.8254044032333,155100
2022-03-07 09:00:00+09:00,2751.91845703125,2764.6452232857528,2668.704985367196,2736.2547447180164,219900
2022-03-08 09:00:00+09:00,2641.29345703125,2730.3808197406065,2629.5456729377083,2710.8011795847037,194300
2022-03-09 09:00:00+09:00,2586.470703125,2643.2516648135884,2574.722917948051,2620.735076557769,229300
2022-03-10 09:00:00+09:00,2729.40185546875,2732.33880151122,2647.167366279591,2647.167366279591,197500
2022-03-11 09:00:00+09:00,2650.1044921875,2702.9695245399657,2638.3567072202854,2692.2007216533525,138900
2022-03-14 09:00:00+09:00,2609.9658203125,2668.7047359984526,2607.0288745282023,2638.3562962273772,271000
2022-03-15 09:00:00+09:00,2590.38671875,2642.2727716954837,2577.6599510463907,2614.8612720261717,351300
2022-03-16 09:00:00+09:00,2628.566650390625,2647.1673082518623,2614.8609024928714,2628.566650390625,247700
2022-03-17 09:00:00+09:00,2727.44384765625,2731.3597756500135,2662.831035759153,2677.515765735766,228600
2022-03-18 09:00:00+09:00,2695.137451171875,2722.5489472244767,2658.9151171023655,2707.864217196297,202700
2022-03-22 09:00:00+09:00,2611.924072265625,2695.1375453325586,2599.1973057965647,2681.4317968274163,344700
2022-03-23 09:00:00+09:00,2610.94482421875,2651.08308360869,2606.04991453705,2616.81871583679,234500
2022-03-24 09:00:00+09:00,2569.82763671875,2594.302185639881,2526.7524306175596,2594.302185639881,358400
2022-03-25 09:00:00+09:00,2599.197265625,2612.9030139183146,2558.0800207450566,2592.344391478343,217600
2022-03-28 09:00:00+09:00,2576.6806640625,2618.7768907170166,2572.764736001615,2597.2392863821474,200000
2022-03-29 09:00:00+09:00,2600.17626953125,2602.134233589632,2543.395311838173,2580.5966289474304,243600
2022-03-30 09:00:00+09:00,2651.08349609375,2651.08349609375,2606.050320015348,2613.8821767246354,231600
2022-03-31 09:00:00+09:00,2633.461669921875,2660.873166857865,2600.176280785316,2638.356580089016,272200
2022-04-01 09:00:00+09:00,2582.554443359375,2626.608632120244,2580.5964794144475,2618.7767763405336,268700
2022-04-04 09:00:00+09:00,2600.17626953125,2600.17626953125,2557.101060246847,2587.449503151767,294000
2022-04-05 09:00:00+09:00,2585.49169921875,2620.735054452326,2581.575770859464,2610.9452335541105,335400
2022-04-06 09:00:00+09:00,2533.60546875,2599.19726411563,2526.7525946073224,2595.2813360340997,416400
2022-04-07 09:00:00+09:00,2513.046630859375,2522.8364502238446,2468.0134617828144,2509.130703113587,463800
2022-04-08 09:00:00+09:00,2413.190673828125,2497.38312735722,2405.358817685884,2496.4041453394398,702700
2022-04-11 09:00:00+09:00,2328.998291015625,2437.665298288737,2327.040326920614,2418.085657338627,607400
2022-04-12 09:00:00+09:00,2299.628662109375,2328.998121395574,2266.34327491835,2316.271355704888,594500
2022-04-13 09:00:00+09:00,2276.133056640625,2280.0489844800068,2227.1839586483534,2271.238146841398,910300
2022-04-14 09:00:00+09:00,2314.313720703125,2353.473005317391,2190.9619741681868,2293.7550962806354,1211600
2022-04-15 09:00:00+09:00,2267.322265625,2295.712743044311,2252.637535925356,2276.1331034447862,409400
2022-04-18 09:00:00+09:00,2228.1630859375,2313.334521999259,2214.457337605723,2267.3223668854353,476400
2022-04-19 09:00:00+09:00,2275.154296875,2282.9861533186318,2221.310283825032,2251.6587275441047,464700
2022-04-20 09:00:00+09:00,2326.061279296875,2342.7039736352785,2295.712836679786,2310.397566978377,569900
2022-04-21 09:00:00+09:00,2412.211669921875,2440.602148179884,2353.472749388063,2364.2415514859285,743600
2022-04-22 09:00:00+09:00,2411.23291015625,2432.7705163371015,2380.8844650832316,2406.337999660602,440100
2022-04-25 09:00:00+09:00,2296.69189453125,2368.1575843440296,2283.965127852262,2366.19962023957,561600
2022-04-26 09:00:00+09:00,2294.73388671875,2317.250473491161,2287.881012483668,2310.3975992560795,384000
2022-04-27 09:00:00+09:00,2319.208251953125,2326.061125639774,2249.7005331313976,2252.6374789971046,470000
2022-04-28 09:00:00+09:00,2339.76708984375,2340.7460718897096,2294.7339157296024,2318.229484832636,276400
2022-05-02 09:00:00+09:00,2327.040283203125,2340.7460316107163,2307.4606426208525,2333.8931574069206,250900
2022-05-06 09:00:00+09:00,2326.061279296875,2329.9772073764993,2279.0701423413825,2313.334513038096,321600
2022-05-09 09:00:00+09:00,2300.60791015625,2315.292641497673,2282.0072504571144,2307.4607847822476,327700
2022-05-10 09:00:00+09:00,2261.448486328125,2268.3013605291194,2231.1000434380076,2261.448486328125,393500
2022-05-11 09:00:00+09:00,2285.923095703125,2293.7549521337996,2253.6166879265925,2258.5115981957642,275500
2022-05-12 09:00:00+09:00,2243.82666015625,2287.880848510103,2241.8686962294123,2253.61647979044,318500
2022-05-13 09:00:00+09:00,2275.154296875,2275.154296875,2231.100104379572,2243.8268711004735,266500
2022-05-16 09:00:00+09:00,2312.355712890625,2333.8933190225443,2277.1123574020294,2299.6289456308546,318700
2022-05-17 09:00:00+09:00,2301.5869140625,2312.355717148288,2282.986254187048,2295.713021470252,223000
2022-05-18 09:00:00+09:00,2280.049072265625,2322.1452981597517,2275.154162277936,2310.397514189298,230100
2022-05-19 09:00:00+09:00,2279.070068359375,2280.049050347502,2243.8267167868075,2251.6585726918224,185800
2022-05-20 09:00:00+09:00,2326.061279296875,2326.061279296875,2272.21726820204,2279.0701423413825,251700
2022-05-23 09:00:00+09:00,2346.6201171875,2359.346884614883,2334.8723318699153,2349.557063516896,170200
2022-05-24 09:00:00+09:00,2320.187255859375,2350.5356967588014,2315.2923460368866,2349.556714794304,162000
2022-05-25 09:00:00+09:00,2283.965087890625,2315.292513013857,2274.175267539615,2308.43963876815,214900
2022-05-26 09:00:00+09:00,2325.082275390625,2336.8300595189144,2300.6077251233555,2300.6077251233555,181100
2022-05-27 09:00:00+09:00,2347.598876953125,2363.2625892263736,2333.8931287140326,2347.598876953125,204800
2022-05-30 09:00:00+09:00,2370.115478515625,2380.884280772408,2357.388712212154,2368.1575144689373,285600
2022-05-31 09:00:00+09:00,2355.430908203125,2386.7583350786444,2351.514979843685,2380.8844425394846,226300
2022-06-01 09:00:00+09:00,2402.421630859375,2402.421630859375,2365.2203179120825,2365.2203179120825,211900
2022-06-02 09:00:00+09:00,2422.98046875,2426.896396780303,2377.9472964015154,2392.6320265151517,295300
2022-06-03 09:00:00+09:00,2535.5634765625,2554.1641352708734,2430.812398573238,2436.6862907969353,629600
2022-06-06 09:00:00+09:00,2574.72265625,2600.1761882129276,2508.151880346958,2516.9627183341254,402100
2022-06-07 09:00:00+09:00,2586.470703125,2615.840166067373,2550.248365496073,2575.70190004613,323500
2022-06-08 09:00:00+09:00,2624.650634765625,2629.5455445656357,2555.142915605476,2598.2181218455685,274800
2022-06-09 09:00:00+09:00,2555.14306640625,2613.8819874730607,2551.2271383351294,2613.8819874730607,340800
2022-06-10 09:00:00+09:00,2562.97509765625,2564.9330618255826,2498.3622800682774,2519.899885930935,217200
2022-06-13 09:00:00+09:00,2528.71044921875,2547.311106801079,2504.235899768317,2507.1728457023687,189800
2022-06-14 09:00:00+09:00,2560.037841796875,2561.0168237631456,2501.298923820656,2515.0046713484408,212400
2022-06-15 09:00:00+09:00,2524.794677734375,2568.8488694746025,2520.8787495796882,2558.0800670492135,151900
2022-06-16 09:00:00+09:00,2540.45849609375,2572.7649047145956,2538.5005319349107,2558.080173523302,163400
2022-06-17 09:00:00+09:00,2513.046630859375,2527.7313599060794,2484.656154702413,2498.3619018126706,171700
2022-06-20 09:00:00+09:00,2504.236083984375,2544.3743480357275,2483.6774609336826,2539.4794377855624,120000
2022-06-21 09:00:00+09:00,2543.395263671875,2561.016939863597,2518.9207134055946,2518.9207134055946,109800
2022-06-22 09:00:00+09:00,2527.7314453125,2575.7015618192054,2527.7314453125,2574.7225798496806,161300
2022-06-23 09:00:00+09:00,2549.269287109375,2555.1431794759865,2527.731681765133,2534.5845561928463,107400
2022-06-24 09:00:00+09:00,2595.281494140625,2595.281494140625,2554.1642467796646,2564.933049659916,159400
2022-06-27 09:00:00+09:00,2601.1552734375,2623.6718602982687,2588.4285069509783,2623.6718602982687,141200
2022-06-28 09:00:00+09:00,2582.554443359375,2613.881866478215,2551.227020240535,2594.3022270289403,180500
2022-06-29 09:00:00+09:00,2610.94482421875,2613.88177002777,2564.9326732107706,2577.6594383831903,218800
2022-06-30 09:00:00+09:00,2631.503662109375,2635.41959017799,2604.092165629069,2605.0711476462225,218700
2022-07-01 09:00:00+09:00,2640.314453125,2646.1883451230533,2614.860921133435,2633.461579127271,286200
2022-07-04 09:00:00+09:00,2635.419677734375,2668.705067423442,2609.966144442735,2659.8942289763363,227600
2022-07-05 09:00:00+09:00,2634.4404296875,2646.1882130974777,2615.839772621702,2630.5245018841742,197800
2022-07-06 09:00:00+09:00,2643.251220703125,2662.830859375,2630.5244555664062,2634.4403833007814,236600
2022-07-07 09:00:00+09:00,2488.572265625,2649.1253150201615,2485.635319599479,2649.1253150201615,632000
2022-07-08 09:00:00+09:00,2568.848876953125,2593.323427991169,2499.341152005079,2514.025882627906,440700
2022-07-11 09:00:00+09:00,2575.70166015625,2604.092138356376,2550.2481279768267,2567.869804101043,226900
2022-07-12 09:00:00+09:00,2568.848876953125,2582.5546255344298,2551.227200205733,2575.7017512437774,235800
2022-07-13 09:00:00+09:00,2594.30224609375,2612.9029037072523,2565.9117686836676,2578.6385344192217,349000
2022-07-14 09:00:00+09:00,2633.461669921875,2729.4019091978394,2561.0169994481876,2643.251490256157,906600
2022-07-15 09:00:00+09:00,2671.641845703125,2706.8851972770763,2628.5666382238514,2631.5035841883473,507000
2022-07-19 09:00:00+09:00,2667.72607421875,2669.6840383099197,2602.134277164564,2669.6840383099197,286300
2022-07-20 09:00:00+09:00,2649.12548828125,2680.4529146023883,2641.2936317009653,2674.579022167175,263600
2022-07-21 09:00:00+09:00,2708.84326171875,2714.717153865592,2649.1253582258537,2653.0412863237484,276000
2022-07-22 09:00:00+09:00,2716.675048828125,2726.464868823902,2684.368642842061,2708.8431928315035,313500
2022-07-25 09:00:00+09:00,2706.88525390625,2725.4859120705246,2692.2005237765597,2700.032379845728,127900
2022-07-26 09:00:00+09:00,2664.7890625,2723.527983789493,2655.978224306576,2704.9273253811534,206800
2022-07-27 09:00:00+09:00,2654.999267578125,2676.536872256119,2646.188429300764,2670.662980071211,222100
2022-07-28 09:00:00+09:00,2683.389892578125,2687.3058209146125,2633.461806287908,2662.831268811565,227400
2022-07-29 09:00:00+09:00,2641.29345703125,2683.3896833664403,2639.3354930156597,2683.3896833664403,336600
2022-08-01 09:00:00+09:00,2649.12548828125,2671.642075949568,2643.2515958460367,2643.2515958460367,201400
2022-08-02 09:00:00+09:00,2587.449462890625,2649.12532976997,2577.6596427510462,2646.1883837280966,287000
2022-08-03 09:00:00+09:00,2587.449462890625,2595.2813190022875,2557.101020457931,2588.4284449045826,208300
2022-08-04 09:00:00+09:00,2621.7138671875,2626.6087773204117,2587.4494962571184,2599.197280576106,220500
2022-08-05 09:00:00+09:00,2620.73486328125,2653.0412698887512,2610.9450430971588,2635.419593557387,451800
2022-08-08 09:00:00+09:00,2623.67138671875,2641.293060211637,2610.9446225294428,2618.77647741517,133700
2022-08-09 09:00:00+09:00,2605.0712890625,2648.146500155604,2598.2184145704155,2632.482787030839,143400
2022-08-10 09:00:00+09:00,2598.21826171875,2599.197243731455,2566.890837312194,2593.3233516552255,186400
2022-08-12 09:00:00+09:00,2607.029052734375,2636.3985125849313,2592.344322809097,2612.9029447044863,301900
2022-08-15 09:00:00+09:00,2602.134033203125,2612.9028346949362,2584.5123580347067,2603.1130151569264,243300
2022-08-16 09:00:00+09:00,2579.61767578125,2616.8189933067483,2577.6597117009605,2612.9030651461694,248800
2022-08-17 09:00:00+09:00,2591.364990234375,2600.1758269975444,2572.764334845462,2598.217863272396,195300
2022-08-18 09:00:00+09:00,2579.61767578125,2582.554621901684,2565.9119272192243,2577.6597117009605,194900
2022-08-19 09:00:00+09:00,2585.49169921875,2588.4286454882144,2570.8069678714264,2577.6598425001775,289900
2022-08-22 09:00:00+09:00,2556.1220703125,2579.6176389404204,2522.836681422946,2579.6176389404204,426300
2022-08-23 09:00:00+09:00,2550.248046875,2559.05888465691,2523.815533529271,2540.4582271173226,288600
2022-08-24 09:00:00+09:00,2571.785888671875,2575.701816937839,2542.416426677145,2558.080139741001,260800
2022-08-25 09:00:00+09:00,2535.5634765625,2573.74377601653,2528.7106023015203,2573.74377601653,419100
2022-08-26 09:00:00+09:00,2548.2900390625,2561.9957864873463,2533.605309678736,2545.353093185747,323600
2022-08-29 09:00:00+09:00,2511.0888671875,2533.605453520955,2499.3410830135235,2533.605453520955,1092300
2022-08-30 09:00:00+09:00,2528.8349609375,2549.5388728983917,2497.286142711379,2511.088750685307,616400
2022-08-31 09:00:00+09:00,2566.29931640625,2585.0314282048357,2517.00428535734,2519.9619872202748,308600
2022-09-01 09:00:00+09:00,2477.568359375,2565.3135181431553,2466.72345211152,2543.6237036161956,334000
2022-09-02 09:00:00+09:00,2461.7939453125,2483.4837598086456,2437.146428839608,2480.5260578318985,262200
2022-09-05 09:00:00+09:00,2431.230712890625,2448.9769224737684,2418.414005969466,2447.0051214089744,193700
2022-09-06 09:00:00+09:00,2487.42724609375,2492.3567491577487,2428.2732093257655,2434.188613002564,190100
2022-09-07 09:00:00+09:00,2463.765625,2486.441339035614,2423.343699979992,2486.441339035614,191300
2022-09-08 09:00:00+09:00,2505.173583984375,2517.004391937076,2486.441471392599,2492.356875368949,238200
2022-09-09 09:00:00+09:00,2514.046630859375,2529.821041092218,2501.2299225451898,2502.2158231847425,163800
2022-09-12 09:00:00+09:00,2528.8349609375,2548.5529723288255,2523.9054580896686,2528.8349609375,115500
2022-09-13 09:00:00+09:00,2540.666015625,2549.5391216167054,2524.891604973079,2542.63781695649,111900
2022-09-14 09:00:00+09:00,2532.77880859375,2539.6801132493188,2497.286384650825,2518.9761992826125,213800
2022-09-15 09:00:00+09:00,2641.227783203125,2647.1431869728967,2549.5390247716614,2550.524925399957,483900
2022-09-16 09:00:00+09:00,2638.270263671875,2646.15746924339,2613.6227462608895,2633.340760189678,188900
2022-09-20 09:00:00+09:00,2644.185546875,2655.0304540396623,2603.7636201703485,2645.171447526333,184600
2022-09-21 09:00:00+09:00,2648.12890625,2660.9456135401156,2621.509591108991,2644.1853040068877,170800
2022-09-22 09:00:00+09:00,2653.05859375,2658.9739975264774,2615.5943698323117,2623.481574867614,146400
2022-09-26 09:00:00+09:00,2648.12890625,2715.1701443829115,2642.2135028853313,2650.1007073715564,353700
2022-09-27 09:00:00+09:00,2650.100830078125,2670.8047428131104,2618.552010672433,2641.2277246202743,133200
2022-09-28 09:00:00+09:00,2655.030517578125,2663.903623652467,2608.693185856561,2651.0869148784172,196900
2022-09-29 09:00:00+09:00,2681.649658203125,2690.522763689826,2650.100838694853,2666.8611490586222,251300
2022-09-30 09:00:00+09:00,2632.354736328125,2666.8612590889807,2617.5662265734727,2660.9458551871194,225400
2022-10-03 09:00:00+09:00,2637.2841796875,2642.2136828271027,2569.257036360981,2632.3546765478973,197500
2022-10-04 09:00:00+09:00,2696.43798828125,2708.268794811186,2653.0583643381515,2661.9314692356033,270900
2022-10-05 09:00:00+09:00,2707.282958984375,2745.7330811258134,2692.4944504684368,2710.2406606875625,222700
2022-10-06 09:00:00+09:00,2704.32568359375,2744.7476132427996,2704.32568359375,2727.0014002261437,228400
2022-10-07 09:00:00+09:00,2689.536865234375,2716.1561817158004,2677.706057909297,2688.550964623952,114900
2022-10-11 09:00:00+09:00,2651.086669921875,2682.635488604471,2617.566050071617,2662.9174769278484,253700
2022-10-12 09:00:00+09:00,2705.311279296875,2733.902397044546,2653.0585468614763,2691.508670729034,374800
2022-10-13 09:00:00+09:00,2687.565185546875,2769.394939912389,2543.623689915971,2573.200709566157,1138300
2022-10-14 09:00:00+09:00,2708.268798828125,2711.2265004649958,2635.312158451976,2704.3251966456305,504000
2022-10-17 09:00:00+09:00,2710.24072265625,2720.0997285589647,2679.6778043578347,2680.663704948106,246600
2022-10-18 09:00:00+09:00,2724.043212890625,2749.676627127019,2708.2688041297674,2738.8317211039293,333700
2022-10-19 09:00:00+09:00,2726.015380859375,2751.648798545575,2707.283267934844,2748.69109650486,185300
2022-10-20 09:00:00+09:00,2667.84716796875,2707.283194102804,2638.2701483682094,2702.353690836047,316300
2022-10-21 09:00:00+09:00,2699.395751953125,2703.339354220405,2637.284016243466,2653.0584253125853,220600
2022-10-24 09:00:00+09:00,2684.607421875,2710.240838315966,2676.720216816241,2710.240838315966,260000
2022-10-25 09:00:00+09:00,2643.199462890625,2711.226603114218,2641.227661724724,2689.5367902893045,208900
2022-10-26 09:00:00+09:00,2595.876220703125,2648.1289513135566,2575.172308574464,2639.2558461155586,423800
2022-10-27 09:00:00+09:00,2602.777587890625,2628.411003528942,2595.876283680309,2610.6647927024146,150900
2022-10-28 09:00:00+09:00,2600.805908203125,2608.6931133834228,2573.2006900720835,2583.0596965474556,336600
2022-10-31 09:00:00+09:00,2736.8603515625,2736.8603515625,2640.242082667282,2640.242082667282,396800
2022-11-01 09:00:00+09:00,2746.71923828125,2747.705138941078,2714.1845165069208,2731.9307283838275,186900
2022-11-02 09:00:00+09:00,2699.395751953125,2747.704879727304,2695.452149685845,2745.7330785936642,181900
2022-11-04 09:00:00+09:00,2839.393798828125,2868.970817565918,2715.1703201293944,2726.0152269999185,571600
2022-11-07 09:00:00+09:00,2831.5068359375,2864.041559330932,2818.6901267219055,2844.3235451530945,312700
2022-11-08 09:00:00+09:00,2858.1259765625,2858.1259765625,2826.5771558484607,2826.5771558484607,148100
2022-11-09 09:00:00+09:00,2801.9296875,2858.126025356263,2799.95788617171,2849.2529193789587,139200
2022-11-10 09:00:00+09:00,2813.76025390625,2820.6615579627824,2780.239634203092,2793.0563417366525,138500
2022-11-11 09:00:00+09:00,2762.493408203125,2861.0834655979547,2761.507507629177,2854.1821615803165,253600
2022-11-14 09:00:00+09:00,2797.0,2812.774409587593,2761.507578427917,2785.1691928093055,196700
2022-11-15 09:00:00+09:00,2809.81689453125,2818.69000051398,2789.112980571546,2803.901490542763,127100
2022-11-16 09:00:00+09:00,2797.0,2832.4924215720835,2794.0422982023265,2815.7321113852663,191500
2022-11-17 09:00:00+09:00,2866.01318359375,2868.970885537603,2809.8168466605393,2809.8168466605393,208300
2022-11-18 09:00:00+09:00,2850.23876953125,2881.7875902247815,2843.33746500454,2872.914484404726,148300
2022-11-21 09:00:00+09:00,2878.829833984375,2897.561945917835,2853.196417654377,2864.0413245632226,185500
2022-11-22 09:00:00+09:00,2830.520751953125,2890.6606913014843,2818.689944212464,2878.8298835608234,257300
2022-11-24 09:00:00+09:00,2804.886962890625,2854.181988600478,2799.9574603196397,2842.351182430113,164500
2022-11-25 09:00:00+09:00,2799.957763671875,2828.5488816812003,2792.070558703785,2798.9718630508637,127400
2022-11-28 09:00:00+09:00,2814.746337890625,2824.6053443280703,2791.084722440756,2819.6758411093474,117000
2022-11-29 09:00:00+09:00,2832.492431640625,2843.337338270645,2774.3242960796097,2797.9859105451073,162800
2022-11-30 09:00:00+09:00,2773.33837890625,2818.6898063608137,2769.394776518897,2808.8308003924303,150000
2022-12-01 09:00:00+09:00,2797.0,2804.887204793796,2754.606274233345,2779.2537892139585,159400
2022-12-02 09:00:00+09:00,2773.33837890625,2791.08458964934,2745.7331621947765,2774.3242795030883,144300
2022-12-05 09:00:00+09:00,2872.914306640625,2881.7874119116495,2793.0563592014037,2795.0281603727426,329600
2022-12-06 09:00:00+09:00,2848.26708984375,2866.999202930296,2830.5208774459697,2845.309387777453,176300
2022-12-07 09:00:00+09:00,2906.43505859375,2914.3222636374235,2846.295120135738,2846.295120135738,232400
2022-12-08 09:00:00+09:00,2977.419921875,2992.208431420737,2893.6183677824915,2905.449175419081,366300
2022-12-09 09:00:00+09:00,3002.0673828125,3071.080426095546,2982.3493704459156,3006.996885904146,342100
2022-12-12 09:00:00+09:00,2987.27880859375,3006.9968205316623,2953.7581882992986,2987.27880859375,114300
2022-12-13 09:00:00+09:00,2967.560791015625,3011.926317791606,2962.6312880405158,2997.137808866279,134400
2022-12-14 09:00:00+09:00,2957.701904296875,2967.5609106445313,2935.0261896972656,2947.8428979492187,159900
2022-12-15 09:00:00+09:00,2910.378662109375,2955.7300911259845,2910.378662109375,2945.871084818026,141000
2022-12-16 09:00:00+09:00,2927.138916015625,2936.997922132215,2899.5336988891727,2904.4632019474675,164500
2022-12-19 09:00:00+09:00,2905.448974609375,2939.955494497847,2882.773261539807,2898.5476706316804,119200
2022-12-20 09:00:00+09:00,2898.5478515625,2922.209466677296,2870.9426339285715,2903.477354711416,172900
2022-12-21 09:00:00+09:00,2910.378662109375,2950.8005879720054,2886.7170469702746,2891.6465501242537,190100
2022-12-22 09:00:00+09:00,2962.63134765625,2977.41985687916,2890.660602771423,2910.3786150686356,195200
2022-12-23 09:00:00+09:00,2957.701904296875,2977.419916992187,2917.279978271484,2922.2094814453126,178200
2022-12-26 09:00:00+09:00,2935.026123046875,2977.419849379094,2923.1953156983486,2967.560843255322,214400
2022-12-27 09:00:00+09:00,2972.490478515625,2997.137994921227,2944.8852601413505,2944.8852601413505,118600
2022-12-28 09:00:00+09:00,2997.137939453125,3006.996945832905,2972.490423503675,2977.419926693565,153400
2022-12-29 09:00:00+09:00,2967.560791015625,2992.20830589117,2942.9132761400797,2977.419796965843,98100
2022-12-30 09:00:00+09:00,2947.843017578125,3002.067554690766,2946.85711690335,2955.7302229763272,130800
2023-01-04 09:00:00+09:00,2907.4208984375,2946.856922831362,2902.491395388267,2944.885121611669,126400
2023-01-05 09:00:00+09:00,2913.33642578125,2929.110836208492,2867.9849958029295,2903.4774192642235,266200
2023-01-06 09:00:00+09:00,2869.956787109375,2935.0262298950906,2865.027283868033,2913.3364156331854,156000
2023-01-10 09:00:00+09:00,2891.646728515625,2915.308345114457,2876.858218141355,2894.604430590479,170900
2023-01-11 09:00:00+09:00,2882.773681640625,2938.9700222198026,2872.914674521471,2910.378901574256,384400
2023-01-12 09:00:00+09:00,2982.349365234375,3214.03601013688,2977.419862151343,3120.375451559272,1289800
2023-01-13 09:00:00+09:00,2997.137939453125,3056.291977731805,2941.927503726357,3006.996945832905,405600
2023-01-16 09:00:00+09:00,3100.657470703125,3140.093495767712,2992.208401775512,2997.137904908585,350900
2023-01-17 09:00:00+09:00,3095.727783203125,3145.0228115980794,3090.7982803636296,3105.586788882116,185900
2023-01-18 09:00:00+09:00,3130.234375,3179.529404527559,3110.5163631889764,3110.5163631889764,293800
2023-01-19 09:00:00+09:00,3189.388671875,3194.318175231839,3130.234631592929,3130.234631592929,217400
2023-01-20 09:00:00+09:00,3159.8115234375,3184.459039220944,3135.164007654056,3159.8115234375,163000
2023-01-23 09:00:00+09:00,3164.740966796875,3184.4589790510613,3135.1639484155958,3174.599972923968,138200
2023-01-24 09:00:00+09:00,3135.1640625,3174.600088443396,3135.1640625,3164.741081957547,129800
2023-01-25 09:00:00+09:00,3105.587158203125,3159.811695886037,3090.798647925967,3130.234675331721,178900
2023-01-26 09:00:00+09:00,3110.516357421875,3135.1638721399563,3090.79834564741,3105.586854478259,124300
2023-01-27 09:00:00+09:00,3125.30517578125,3149.952692940408,3100.6576586220917,3110.516665485755,148500
2023-01-30 09:00:00+09:00,3164.740966796875,3164.740966796875,3105.5869300343165,3115.4459361614095,150500
2023-01-31 09:00:00+09:00,3169.67041015625,3169.67041015625,3130.234386390698,3164.740907185556,175100
2023-02-01 09:00:00+09:00,3130.234375,3184.458907480315,3130.234375,3145.0228838582675,142100
2023-02-02 09:00:00+09:00,3159.8115234375,3169.6705297508774,3135.164007654056,3154.882020280811,117400
2023-02-03 09:00:00+09:00,3145.02294921875,3174.599967549961,3135.1639431083463,3140.0934461635484,118300
2023-02-06 09:00:00+09:00,3154.882080078125,3169.6705898284913,3135.164067077637,3145.023073577881,97000
2023-02-07 09:00:00+09:00,3145.02294921875,3194.317979770768,3130.2344400531447,3169.670464494759,102300
2023-02-08 09:00:00+09:00,3140.093505859375,3154.8820153061224,3125.3049964126276,3125.3049964126276,74000
2023-02-09 09:00:00+09:00,3110.516357421875,3140.0933750835725,3095.727848591026,3125.3048662527235,106000
2023-02-10 09:00:00+09:00,3046.432861328125,3085.8688854229877,3031.6443522925515,3080.93938241113,254500
2023-02-13 09:00:00+09:00,3051.362548828125,3071.080562067725,3036.5740388984245,3046.433045518225,97400
2023-02-14 09:00:00+09:00,3061.22119140625,3090.7982077483393,3051.362185958887,3080.9392023009764,116300
2023-02-15 09:00:00+09:00,3056.2919921875,3071.0805018271167,3041.503482547883,3071.0805018271167,106200
2023-02-16 09:00:00+09:00,3076.010009765625,3080.9395129864033,3046.4329904409556,3056.291996882512,123600
2023-02-17 09:00:00+09:00,3051.362548828125,3090.7985753073253,3046.433045518225,3056.2920521380247,82800
2023-02-20 09:00:00+09:00,3011.926513671875,3056.292043333163,3006.997010376176,3056.292043333163,159600
2023-02-21 09:00:00+09:00,2953.75830078125,3002.067431868794,2945.871095705733,3002.067431868794,165900
2023-02-22 09:00:00+09:00,2982.349365234375,2987.278868317407,2948.828744269757,2956.7159492026085,123800
2023-02-24 09:00:00+09:00,2977.419921875,2977.419921875,2934.040293874172,2967.560915511175,238700
2023-02-27 09:00:00+09:00,2962.63134765625,2972.4903538048566,2947.84283843334,2951.786440892783,122400
2023-02-28 09:00:00+09:00,3021.785400390625,3026.714903490773,2962.631363188851,2967.5608662889986,163600
2023-03-01 09:00:00+09:00,2997.137939453125,3006.996945832905,2962.631417123895,3006.996945832905,92400
2023-03-02 09:00:00+09:00,3071.08056640625,3080.939573039978,2982.3495067026984,2997.1380166532904,211700
2023-03-03 09:00:00+09:00,3248.54248046875,3253.4719834740135,3080.9393782897855,3090.798384300313,486900
2023-03-06 09:00:00+09:00,3204.17724609375,3243.6132737379808,3194.3182391826927,3204.17724609375,200600
2023-03-07 09:00:00+09:00,3283.049072265625,3283.049072265625,3233.7540411505256,3233.7540411505256,204700
2023-03-08 09:00:00+09:00,3297.837646484375,3307.696652901369,3258.4016208164007,3283.0491368588846,176500
2023-03-09 09:00:00+09:00,3297.837646484375,3342.2031753608467,3292.9081432758785,3302.767149692872,172200
2023-03-10 09:00:00+09:00,3302.76708984375,3327.414605439599,3268.2605680095617,3283.049077367071,161900
2023-03-13 09:00:00+09:00,3283.049072265625,3287.978575377135,3238.6835442620354,3287.978575377135,105300
2023-03-14 09:00:00+09:00,3214.0361328125,3258.401662253163,3184.459113185391,3243.6131524396087,133100
2023-03-15 09:00:00+09:00,3253.47216796875,3263.331174538352,3204.1771351207385,3223.895148259943,128300
2023-03-16 09:00:00+09:00,3218.965576171875,3228.8245825307476,3174.600047556949,3204.1770666335665,106400
2023-03-17 09:00:00+09:00,3268.2607421875,3283.0492523331445,3223.8952117505655,3243.6132252780917,181400
2023-03-20 09:00:00+09:00,3174.599853515625,3268.260408200092,3169.670350637495,3253.4718995657026,96000
2023-03-22 09:00:00+09:00,3169.67041015625,3223.894942833884,3169.67041015625,3223.894942833884,66100
2023-03-23 09:00:00+09:00,3194.31787109375,3209.106379756221,3140.093339331356,3154.8818479938273,82400
2023-03-24 09:00:00+09:00,3233.754150390625,3258.4016667807973,3159.8116012201076,3179.5296143322457,137700
2023-03-27 09:00:00+09:00,3218.965576171875,3248.5425952484925,3204.1770666335665,3238.6835888896203,58600
2023-03-28 09:00:00+09:00,3194.31787109375,3233.7538941936727,3184.4588653187693,3228.8243913061824,61100
2023-03-29 09:00:00+09:00,3278.119384765625,3283.048887599859,3209.1063450863485,3214.0358479205825,174900
2023-03-30 09:00:00+09:00,3253.47216796875,3258.401671253551,3223.895148259943,3253.47216796875,99800
2023-03-31 09:00:00+09:00,3248.54248046875,3278.1194985003317,3233.753971452959,3268.2604924898046,133200
2023-04-03 09:00:00+09:00,3243.613037109375,3287.978564972573,3243.613037109375,3278.1195587807515,144300
2023-04-04 09:00:00+09:00,3204.17724609375,3248.5427771935097,3184.459232271635,3243.6132737379808,196200
2023-04-05 09:00:00+09:00,3159.8115234375,3204.1770518476987,3140.093510810745,3194.3180455343213,125200
2023-04-06 09:00:00+09:00,3140.093505859375,3145.023009008291,3115.445990114796,3145.023009008291,142300
2023-04-07 09:00:00+09:00,3085.868896484375,3135.1639267796522,3080.939393454847,3120.3754176910693,145200
2023-04-10 09:00:00+09:00,3120.37548828125,3125.3049914222947,3090.798469434982,3095.727972576027,114900
2023-04-11 09:00:00+09:00,3135.1640625,3154.882075471698,3120.3755527712265,3135.1640625,154900
2023-04-12 09:00:00+09:00,3184.459228515625,3218.965752663627,3159.811711267052,3204.177242314483,322400
2023-04-13 09:00:00+09:00,3248.54248046875,3263.3309894845406,3046.43285725294,3046.43285725294,913900
2023-04-14 09:00:00+09:00,3135.1640625,3243.6131338443397,3125.305056014151,3243.6131338443397,494400
2023-04-17 09:00:00+09:00,3184.459228515625,3194.318235415054,3135.164194018479,3135.164194018479,281000
2023-04-18 09:00:00+09:00,3248.54248046875,3248.54248046875,3179.5294383950586,3184.458941400322,290000
2023-04-19 09:00:00+09:00,3238.68359375,3248.5426001236683,3204.1770714421614,3248.5426001236683,135300
2023-04-20 09:00:00+09:00,3268.2607421875,3292.908259096908,3228.824715132447,3238.6837218962105,218600
2023-04-21 09:00:00+09:00,3287.978515625,3312.626030734633,3268.260503537294,3292.9080186469264,193200
2023-04-24 09:00:00+09:00,3386.568359375,3396.4273647880277,3307.6963160707787,3307.6963160707787,272800
2023-04-25 09:00:00+09:00,3396.427734375,3406.286740860849,3376.709721403302,3391.4982311320755,229300
2023-04-26 09:00:00+09:00,3361.921142578125,3396.427664569396,3347.132633153294,3396.427664569396,195700
2023-04-27 09:00:00+09:00,3332.343994140625,3361.921011840098,3317.5554852908886,3347.1325029903614,558500
2023-04-28 09:00:00+09:00,3361.921142578125,3401.3571677110062,3361.921142578125,3381.6391551445654,163800
2023-05-01 09:00:00+09:00,3366.850830078125,3386.5688437242634,3342.203313020452,3366.850830078125,133800
2023-05-02 09:00:00+09:00,3347.1328125,3391.498343151694,3332.3443022827687,3391.498343151694,134300
2023-05-08 09:00:00+09:00,3371.780029296875,3386.5685381973,3352.062017429642,3361.9210233632584,122700
2023-05-09 09:00:00+09:00,3361.921142578125,3376.7096520029554,3327.4146205868537,3356.9916394365146,151700
2023-05-10 09:00:00+09:00,3332.343994140625,3386.568526589659,3332.343994140625,3371.7800177399226,85200
2023-05-11 09:00:00+09:00,3352.06201171875,3356.99151467716,3317.5554910098804,3322.4849939682904,87900
2023-05-12 09:00:00+09:00,3366.850830078125,3376.709836901194,3347.1328164319866,3352.062319843521,104600
2023-05-15 09:00:00+09:00,3509.806396484375,3509.806396484375,3381.639308972305,3381.639308972305,324700
2023-05-16 09:00:00+09:00,3593.60791015625,3603.4669167684756,3539.383373789009,3549.2423804012346,253900
2023-05-17 09:00:00+09:00,3514.735595703125,3593.607642731526,3509.80609276385,3593.607642731526,183000
2023-05-18 09:00:00+09:00,3499.947265625,3539.383291153169,3499.947265625,3514.7357751980635,138100
2023-05-19 09:00:00+09:00,3480.229248046875,3499.947260783684,3455.581732125863,3499.947260783684,98200
2023-05-22 09:00:00+09:00,3514.735595703125,3519.6650986424,3480.2290751281994,3490.0880810067497,133200
2023-05-23 09:00:00+09:00,3475.2998046875,3544.312850454344,3445.7227850731383,3524.594837378103,234100
2023-05-24 09:00:00+09:00,3337.273681640625,3460.5112622034253,3337.273681640625,3455.581758980913,274500
2023-05-25 09:00:00+09:00,3361.921142578125,3376.7096520029554,3273.190086029142,3302.767104878803,268400
2023-05-26 09:00:00+09:00,3421.0751953125,3445.7227111288726,3356.9916541899315,3376.7096668430295,203000
2023-05-29 09:00:00+09:00,3430.934326171875,3450.652339540679,3401.3573061186694,3440.793332856277,228500
2023-05-30 09:00:00+09:00,3411.216064453125,3445.722585336321,3386.568549536556,3440.7930823530073,159100
2023-05-31 09:00:00+09:00,3445.722900390625,3460.511410692731,3411.2163763523786,3430.934390088519,201800
2023-06-01 09:00:00+09:00,3396.427734375,3455.5817732900946,3386.568727889151,3435.863760318396,113900
2023-06-02 09:00:00+09:00,3465.4404296875,3475.299435177365,3416.145402238176,3426.0044077280404,108000
2023-06-05 09:00:00+09:00,3509.806396484375,3534.453913313619,3504.8768931185264,3524.5949065819214,146700
2023-06-06 09:00:00+09:00,3534.45361328125,3544.3126191760375,3499.9470926494946,3509.8060985442817,105400
2023-06-07 09:00:00+09:00,3495.017578125,3554.1716132977785,3485.15857226287,3544.3126074356487,199100
2023-06-08 09:00:00+09:00,3445.722900390625,3499.9474381650125,3440.7933969565897,3485.1589278629067,93800
2023-06-09 09:00:00+09:00,3504.876708984375,3519.665218304984,3460.5111810225476,3470.370187236287,138100
2023-06-12 09:00:00+09:00,3534.45361328125,3549.242122123431,3509.8060985442817,3519.665104439069,99000
2023-06-13 09:00:00+09:00,3549.241943359375,3568.959954155816,3539.3829379611543,3539.3829379611543,145400
2023-06-14 09:00:00+09:00,3593.60791015625,3598.5374134623626,3499.9473473401063,3544.3128770951216,201500
2023-06-15 09:00:00+09:00,3559.101318359375,3598.5373440475673,3554.171815148351,3583.7488344144954,182900
2023-06-16 09:00:00+09:00,3603.466796875,3637.973318869699,3549.2422623119014,3554.171765454001,224500
2023-06-19 09:00:00+09:00,3608.396484375,3608.396484375,3564.030953829406,3598.5374775870905,100000
2023-06-20 09:00:00+09:00,3628.114013671875,3647.832024615744,3593.6074945201044,3608.3960027280064,128500
2023-06-21 09:00:00+09:00,3642.902587890625,3682.338610492959,3628.1140794147495,3647.832090715917,198400
2023-06-22 09:00:00+09:00,3677.4091796875,3716.8452030621647,3652.7616650783343,3657.6911680001676,156000
2023-06-23 09:00:00+09:00,3677.4091796875,3726.704208905831,3657.6911680001676,3697.1271913748324,213700
2023-06-26 09:00:00+09:00,3613.32568359375,3677.409222320515,3578.8191627408764,3677.409222320515,196500
2023-06-27 09:00:00+09:00,3613.32568359375,3633.0436955096775,3583.7486657198583,3613.32568359375,146300
2023-06-28 09:00:00+09:00,3682.338623046875,3682.338623046875,3623.184588941704,3628.1140917838015,125600
2023-06-29 09:00:00+09:00,3642.902587890625,3682.338610492959,3623.1845765894577,3682.338610492959,167200
2023-06-30 09:00:00+09:00,3603.466796875,3657.6913314380986,3593.6077905908,3637.973318869699,166200
2023-07-03 09:00:00+09:00,3662.620849609375,3672.47985593403,3613.325817986099,3613.325817986099,138500
2023-07-04 09:00:00+09:00,3647.832275390625,3647.832275390625,3608.3962507918077,3628.1142630912163,109200
2023-07-05 09:00:00+09:00,3568.960205078125,3637.973247717757,3554.171695941061,3628.114241626381,237500
2023-07-06 09:00:00+09:00,3509.806396484375,3554.1719267770145,3509.806396484375,3534.453913313619,177600
2023-07-07 09:00:00+09:00,3504.876708984375,3524.594721411854,3450.652174808808,3490.088199663766,195200
2023-07-10 09:00:00+09:00,3514.735595703125,3529.52410452095,3480.2290751281994,3499.9470868852995,200400
2023-07-11 09:00:00+09:00,3509.806396484375,3564.030933508712,3504.8768931185264,3534.453913313619,168900
2023-07-12 09:00:00+09:00,3549.241943359375,3593.607467651367,3504.876419067383,3509.805921766493,397300
2023-07-13 09:00:00+09:00,4076.698974609375,4101.3464895707375,3766.140286096206,3775.9992920807513,2079800
2023-07-14 09:00:00+09:00,4052.051513671875,4190.077599295734,4007.68598614992,4140.782568715785,1044800
2023-07-18 09:00:00+09:00,4140.78271484375,4155.571224539621,4101.346688988096,4121.064701915923,411200
2023-07-19 09:00:00+09:00,4165.43017578125,4224.58421378051,4135.85315678162,4150.641666281435,392800
2023-07-20 09:00:00+09:00,4101.3466796875,4229.513763427734,4081.628666804387,4185.14823444073,540000
2023-07-21 09:00:00+09:00,4150.6416015625,4155.571104652242,4076.6990552163747,4121.06458302405,204200
2023-07-24 09:00:00+09:00,4323.17431640625,4323.17431640625,4185.14822648678,4199.936736121009,507100
2023-07-25 09:00:00+09:00,4298.52685546875,4333.033378391091,4268.949835821029,4278.808842370269,261200
2023-07-26 09:00:00+09:00,4337.962890625,4352.751400479403,4264.0203413529825,4298.526864346591,285500
2023-07-27 09:00:00+09:00,4333.033203125,4372.4692277268205,4313.31519082409,4347.821712350683,288300
2023-07-28 09:00:00+09:00,4411.90478515625,4421.763790262744,4303.455728984811,4318.244236644553,360900
2023-07-31 09:00:00+09:00,4456.27099609375,4471.0595060365395,4416.834969579646,4441.482486150961,297500
2023-08-01 09:00:00+09:00,4466.1298828125,4490.777398722061,4446.411870084851,4485.847895540149,204700
2023-08-02 09:00:00+09:00,4323.17431640625,4456.2709031143095,4298.526800349202,4441.482393480081,470400
2023-08-03 09:00:00+09:00,4357.6806640625,4372.469173103436,4308.3856339260465,4347.821658035209,235000
2023-08-04 09:00:00+09:00,4431.62353515625,4490.777575670016,4402.046514899367,4411.905521651662,308700
2023-08-07 09:00:00+09:00,4466.1298828125,4475.988889176324,4382.328328719992,4402.046341447641,294700
2023-08-08 09:00:00+09:00,4485.84765625,4505.5656679258245,4466.129644574176,4485.84765625,184300
2023-08-09 09:00:00+09:00,4480.91845703125,4554.861005827145,4451.341437512892,4456.270940765951,320800
2023-08-10 09:00:00+09:00,4505.56640625,4505.56640625,4411.905835441739,4495.707398796499,337200
2023-08-14 09:00:00+09:00,4599.2265625,4618.944575629689,4490.7774902867095,4505.566000133977,429900
2023-08-15 09:00:00+09:00,4643.591796875,4668.239311720408,4569.649252338774,4643.591796875,300500
2023-08-16 09:00:00+09:00,4604.15576171875,4638.662282416856,4569.649241020644,4628.803276503111,289600
2023-08-17 09:00:00+09:00,4505.56640625,4584.438465878009,4471.059880162747,4564.720450971006,420800
2023-08-18 09:00:00+09:00,4392.18701171875,4421.7640286326805,4352.750989166842,4411.905022994704,440800
2023-08-21 09:00:00+09:00,4406.97607421875,4436.5530948510905,4367.540046708962,4392.187563902579,339400
2023-08-22 09:00:00+09:00,4451.34130859375,4456.270811704042,4397.116774380537,4436.552799262874,191700
2023-08-23 09:00:00+09:00,4564.72021484375,4574.579221787257,4456.271138465173,4471.059648880433,339900
2023-08-24 09:00:00+09:00,4540.072265625,4594.296798656352,4515.4247506107495,4584.437792650651,361900
2023-08-25 09:00:00+09:00,4510.4951171875,4535.142631489071,4451.34108286373,4475.9885971653,339600
2023-08-28 09:00:00+09:00,4328.103515625,4500.636115906179,4278.808486973235,4490.777110175826,898100
2023-08-29 09:00:00+09:00,4406.97607421875,4441.482598289814,4278.808984811941,4328.104019199175,1171300
2023-08-30 09:00:00+09:00,4419.84423828125,4434.692539193728,4360.451034631334,4385.198202818799,621700
2023-08-31 09:00:00+09:00,4533.68115234375,4548.529453061033,4395.097012315775,4409.945313033058,353900
2023-09-01 09:00:00+09:00,4528.7314453125,4563.3774782274595,4479.237112576844,4513.883145491804,210600
2023-09-04 09:00:00+09:00,4672.265625,4682.164492849576,4503.984871557203,4508.934305481992,378800
2023-09-05 09:00:00+09:00,4602.97314453125,4697.012380817372,4593.074277553764,4667.315779884912,246800
2023-09-06 09:00:00+09:00,4622.77099609375,4637.619296937734,4553.478925488491,4593.074394405781,167400
2023-09-07 09:00:00+09:00,4627.72021484375,4657.4168151529075,4588.124747764873,4637.6190816134695,173100
2023-09-08 09:00:00+09:00,4657.4169921875,4687.113593625465,4617.821523603547,4647.518125041512,280500
2023-09-11 09:00:00+09:00,4711.86083984375,4761.355176396731,4647.518202324875,4687.11367156726,264400
2023-09-12 09:00:00+09:00,4786.10205078125,4786.10205078125,4701.961683807846,4706.911117159223,173300
2023-09-13 09:00:00+09:00,4662.3662109375,4771.253744526273,4662.3662109375,4771.253744526273,243400
2023-09-14 09:00:00+09:00,4697.01220703125,4716.809940253721,4667.315607197544,4682.163907114396,160900
2023-09-15 09:00:00+09:00,4657.4169921875,4706.911327917442,4652.467558614506,4701.9618943444475,188800
2023-09-19 09:00:00+09:00,4607.9228515625,4657.41718938809,4588.125116432264,4647.518321822972,163200
2023-09-20 09:00:00+09:00,4553.47900390625,4607.922774605129,4538.630702806556,4583.1756061056385,147100
2023-09-21 09:00:00+09:00,4657.4169921875,4677.214726479477,4523.7822857166575,4528.731719289652,271300
2023-09-22 09:00:00+09:00,4751.45654296875,4766.3048446655275,4583.175790405274,4637.619563293457,290600
2023-09-25 09:00:00+09:00,4909.83837890625,4909.83837890625,4746.507061866022,4751.456495715725,362800
2023-09-26 09:00:00+09:00,4894.98974609375,4924.686347182286,4840.545977431433,4924.686347182286,214600
2023-09-27 09:00:00+09:00,4880.1416015625,4904.888769927421,4805.900096467735,4904.888769927421,267500
2023-09-28 09:00:00+09:00,4835.5966796875,4860.3438479561155,4800.950644111438,4820.748378726331,227100
2023-09-29 09:00:00+09:00,4800.95068359375,4894.989923787854,4786.10238251047,4860.343887926869,234600
2023-10-02 09:00:00+09:00,4771.25390625,4825.697674889782,4731.658438148341,4820.748241377075,164900
2023-10-03 09:00:00+09:00,4820.748046875,4865.2929466921205,4781.152580370894,4796.000880309934,189200
2023-10-04 09:00:00+09:00,4746.5068359375,4800.950605692779,4736.607968709268,4751.456269551616,198200
2023-10-05 09:00:00+09:00,4771.25390625,4771.25390625,4706.911270584803,4726.7090046356325,253500
2023-10-06 09:00:00+09:00,4890.04052734375,4899.939394808009,4771.254117772646,4791.051852701164,265900
2023-10-10 09:00:00+09:00,4885.0908203125,4914.787421043883,4825.697618849734,4885.0908203125,293200
2023-10-11 09:00:00+09:00,4781.1533203125,4909.838606366459,4781.1533203125,4885.091435971467,352000
2023-10-12 09:00:00+09:00,5474.07373046875,5474.07373046875,5414.680525436539,5464.174862963381,1341300
2023-10-13 09:00:00+09:00,5444.376953125,5573.0622265625,5345.38828125,5543.365625,1215400
2023-10-16 09:00:00+09:00,5434.47802734375,5454.275761505294,5315.691622374487,5414.680293182207,494800
2023-10-17 09:00:00+09:00,5582.96142578125,5711.646706871953,5483.972748019171,5513.669351347795,507900
2023-10-18 09:00:00+09:00,5622.556640625,5711.646446550396,5523.56796737456,5681.949844575264,272500
2023-10-19 09:00:00+09:00,5622.556640625,5662.152109925176,5523.56796737456,5592.860038649868,257500
2023-10-20 09:00:00+09:00,5632.455078125,5691.848277542838,5582.960745276801,5632.455078125,223900
2023-10-23 09:00:00+09:00,5592.8603515625,5672.051294593473,5563.163747925884,5632.455823077987,302300
2023-10-24 09:00:00+09:00,5860.12939453125,5949.219199515677,5711.64638622387,5790.837323987806,667000
2023-10-25 09:00:00+09:00,5988.814453125,6028.409920583677,5820.53371642562,5850.230317019628,486900
2023-10-26 09:00:00+09:00,6008.61279296875,6068.006000148012,5949.219585789487,5998.71392510554,378800
2023-10-27 09:00:00+09:00,6058.1064453125,6077.904178793913,5969.016644646139,6038.308711831086,354400
2023-10-30 09:00:00+09:00,5978.916015625,6077.90469138038,5969.017148049462,6028.410353502691,276200
2023-10-31 09:00:00+09:00,6058.1064453125,6068.005312053207,5870.027977239072,5998.71324486826,454500
2023-11-01 09:00:00+09:00,6216.48828125,6216.48828125,6048.207547521894,6087.803014281449,357300
2023-11-02 09:00:00+09:00,6008.61279296875,6256.084489549012,5909.624114336645,6236.28675382259,536900
2023-11-06 09:00:00+09:00,5820.5341796875,5998.713797433035,5761.140973772322,5879.927385602678,803900
2023-11-07 09:00:00+09:00,5731.44384765625,5879.926848890868,5711.646114158301,5870.0279821418935,446100
2023-11-08 09:00:00+09:00,5741.34326171875,5761.1409971039875,5662.152320177802,5721.545526333513,324700
2023-11-09 09:00:00+09:00,5592.8603515625,5790.837709139933,5553.264880047013,5741.343369745575,531900
2023-11-10 09:00:00+09:00,5513.6689453125,5622.556482832137,5424.579141887343,5602.758748737657,435300
2023-11-13 09:00:00+09:00,5513.6689453125,5652.253083973856,5503.77007826526,5543.365546454219,395600
2023-11-14 09:00:00+09:00,5612.65771484375,5751.241855951003,5523.56790984623,5533.466777068177,547900
2023-11-15 09:00:00+09:00,5790.8369140625,5830.432380141559,5711.64598190438,5711.64598190438,340300
2023-11-16 09:00:00+09:00,5632.455078125,5790.836943239236,5612.657344985721,5761.140343530316,280000
2023-11-17 09:00:00+09:00,5731.44384765625,5731.44384765625,5612.657446668556,5622.55631341753,192600
2023-11-20 09:00:00+09:00,5622.556640625,5731.444181200484,5622.556640625,5701.747579225352,205500
2023-11-21 09:00:00+09:00,5582.96142578125,5662.152367990913,5563.163690228835,5622.556896886082,177400
2023-11-22 09:00:00+09:00,5681.94970703125,5711.646308287511,5563.163302006206,5563.163302006206,171600
2023-11-24 09:00:00+09:00,5513.6689453125,5691.8485521628145,5513.6689453125,5691.8485521628145,353500
2023-11-27 09:00:00+09:00,5375.0849609375,5533.466838239526,5365.186093606124,5513.669103576773,414900
2023-11-28 09:00:00+09:00,5444.376953125,5474.0735546875,5345.38828125,5345.38828125,302000
2023-11-29 09:00:00+09:00,5553.2646484375,5553.2646484375,5444.3771063112745,5444.3771063112745,352200
2023-11-30 09:00:00+09:00,5681.94970703125,5741.342909543772,5553.264434920787,5553.264434920787,581400
2023-12-01 09:00:00+09:00,5751.2421875,5771.039923085198,5582.961435025818,5642.354641781411,275000
2023-12-04 09:00:00+09:00,5939.3203125,6018.5112500000005,5711.6463671875,5741.34296875,549700
2023-12-05 09:00:00+09:00,5701.74755859375,5959.1181081136065,5701.74755859375,5889.82603708903,335700
2023-12-06 09:00:00+09:00,5711.646484375,5790.837423499784,5691.848749593804,5711.646484375,202200
2023-12-07 09:00:00+09:00,5563.1630859375,5711.646086451846,5563.1630859375,5662.151752947064,282100
2023-12-08 09:00:00+09:00,5394.8828125,5563.163560779816,5355.287342316514,5533.466958142201,467500
2023-12-11 09:00:00+09:00,5157.31005859375,5394.882882790007,5107.81572021953,5384.984015115163,891200
2023-12-12 09:00:00+09:00,5295.89404296875,5325.590645078855,5167.208767158295,5216.70310400847,410700
2023-12-13 09:00:00+09:00,5256.29833984375,5394.8824768641125,5246.399472913724,5315.691541423906,352300
2023-12-14 09:00:00+09:00,4969.2314453125,5305.792937624502,4959.332577891559,5246.399733098855,765900
2023-12-15 09:00:00+09:00,4697.01220703125,4934.585005700902,4697.01220703125,4904.888405867196,1229600
2023-12-18 09:00:00+09:00,4870.24267578125,4899.939277462843,4697.012499305291,4697.012499305291,754700
2023-12-19 09:00:00+09:00,5048.42236328125,5068.220098039215,4929.635954733456,4969.231424249388,576500
2023-12-20 09:00:00+09:00,4919.73681640625,5078.118685747297,4904.888516155527,5058.320952079665,434500
2023-12-21 09:00:00+09:00,4894.98974609375,4934.585214211799,4855.394277975702,4880.141445549482,206200
2023-12-22 09:00:00+09:00,4919.73681640625,4944.483983490789,4850.444748569543,4875.191915654081,219700
2023-12-25 09:00:00+09:00,4998.92822265625,5058.321429262067,4949.433883818069,4969.231619353342,185400
2023-12-26 09:00:00+09:00,4979.1298828125,5028.624215643638,4959.3321496800445,4989.028749378727,143000
2023-12-27 09:00:00+09:00,4998.92822265625,5008.827090423886,4949.433883818069,4979.130487120978,159200
2023-12-28 09:00:00+09:00,4969.2314453125,5018.725782417207,4959.332577891559,5008.826914996265,133700
2023-12-29 09:00:00+09:00,4979.1298828125,5028.624215643638,4969.231016246273,4979.1298828125,105500
2024-01-04 09:00:00+09:00,4939.53515625,4979.130628444389,4909.838552104208,4979.130628444389,267900
2024-01-05 09:00:00+09:00,5097.91650390625,5216.7029078807645,4989.028966929612,5097.91650390625,718600
2024-01-09 09:00:00+09:00,5424.57958984375,5493.871664896498,5236.501100414861,5246.399968279539,1129300
2024-01-10 09:00:00+09:00,5612.65771484375,5711.646387063216,5464.17470651455,5464.17470651455,1257200
2024-01-11 09:00:00+09:00,5206.80419921875,5335.4894741043845,5097.916658930905,5335.4894741043845,2949300
2024-01-12 09:00:00+09:00,5117.71435546875,5315.691699974311,5068.22001934236,5246.399629397364,1446600
2024-01-15 09:00:00+09:00,5157.31005859375,5177.107793943438,5097.916852544686,5107.81572021953,137000
2024-01-16 09:00:00+09:00,5048.42236328125,5236.500843481924,5048.42236328125,5107.815567555147,897100
2024-01-17 09:00:00+09:00,5137.51220703125,5187.006544285887,5068.220134874759,5078.119002325687,839500
2024-01-18 09:00:00+09:00,5068.22021484375,5137.512288093567,5038.5236120224,5097.9168176651,481900
2024-01-19 09:00:00+09:00,5078.11865234375,5266.197120949074,5038.523185268945,5187.006186799464,885500
2024-01-22 09:00:00+09:00,5107.81591796875,5137.512522142987,5018.72610544604,5068.220445736434,529200
2024-01-23 09:00:00+09:00,5048.42236328125,5107.815567555147,5038.523495902267,5088.017832797182,388700
2024-01-24 09:00:00+09:00,5058.3212890625,5097.916759035592,5008.826951596135,5088.0178915423185,427100
2024-01-25 09:00:00+09:00,5038.5234375,5097.916641085461,5028.624570235756,5078.118906556974,302300
2024-01-26 09:00:00+09:00,4989.02880859375,5038.523142012338,4969.231075226314,5018.725408644903,358900
2024-01-29 09:00:00+09:00,5028.62451171875,5048.422246016855,5008.826777420644,5008.826777420644,423900
2024-01-30 09:00:00+09:00,5008.8271484375,5058.321487848938,4979.130544790638,5038.523752084363,255000
2024-01-31 09:00:00+09:00,5018.7255859375,5018.7255859375,4939.534649670241,4998.927851870685,399500
2024-02-01 09:00:00+09:00,5028.62451171875,5028.62451171875,4969.231308824434,4969.231308824434,195400
2024-02-02 09:00:00+09:00,4979.1298828125,5038.523082209866,4979.1298828125,5028.624215643638,290400
2024-02-05 09:00:00+09:00,4840.54638671875,4989.029404716258,4786.1026134529975,4989.029404716258,995000
2024-02-06 09:00:00+09:00,4810.849609375,4870.2428144290125,4786.102440602494,4860.34394692001,393000
2024-02-07 09:00:00+09:00,4835.5966796875,4835.5966796875,4746.5068739204835,4781.152909496545,381300
2024-02-08 09:00:00+09:00,4820.748046875,4865.2929466921205,4746.5065471798,4835.59634681404,328800
2024-02-09 09:00:00+09:00,4786.10205078125,4845.49525099777,4776.203184078497,4805.899784186757,316300
2024-02-13 09:00:00+09:00,4885.0908203125,4890.04025376773,4736.607816655585,4820.748185394504,491100
2024-02-14 09:00:00+09:00,4815.79931640625,4909.838563078109,4815.79931640625,4885.091392901304,351900
2024-02-15 09:00:00+09:00,4830.64697265625,4860.343572897989,4796.000939040888,4860.343572897989,312900
2024-02-16 09:00:00+09:00,4845.49560546875,4865.293340322555,4786.102400907335,4815.799003188043,247000
2024-02-19 09:00:00+09:00,4949.43359375,5008.826796875,4904.8886914062505,4949.43359375,423400
2024-02-20 09:00:00+09:00,4890.04052734375,4989.0292019863355,4870.2427924152325,4979.130334522077,356100
2024-02-21 09:00:00+09:00,4914.78759765625,4929.635898555513,4865.2932613253715,4904.888730390075,202200
2024-02-22 09:00:00+09:00,4909.83837890625,4959.332717403288,4899.939511206842,4929.636114305065,292500
2024-02-26 09:00:00+09:00,4850.44482421875,5018.725563018176,4840.545957230548,4899.939159159758,541900
2024-02-27 09:00:00+09:00,4870.24267578125,4890.040410235645,4820.748339645262,4855.394374940453,422900
2024-02-28 09:00:00+09:00,4870.24267578125,4904.888711076442,4805.900038804465,4805.900038804465,309100
2024-02-29 09:00:00+09:00,4840.54638671875,4894.9901599845025,4791.052047386248,4885.0912921180025,308400
2024-03-01 09:00:00+09:00,4830.64697265625,4845.49527277712,4692.0628381948,4810.849239161757,926200
2024-03-04 09:00:00+09:00,4647.5185546875,4845.495915909544,4607.923082443091,4800.951009634585,556700
2024-03-05 09:00:00+09:00,4692.06298828125,4716.8101559409615,4637.619219429886,4657.416953557654,373000
2024-03-06 09:00:00+09:00,4657.4169921875,4697.012460771453,4632.669824322529,4672.2652929064825,267500
2024-03-07 09:00:00+09:00,4766.3046875,4766.3046875,4647.518277842679,4652.467711578401,343000
2024-03-08 09:00:00+09:00,4914.78759765625,5028.624571217271,4736.607986865087,4741.557420498175,732800
2024-03-11 09:00:00+09:00,4998.92822265625,5008.827090423886,4830.6474706064355,4865.293507793162,385300
2024-03-12 09:00:00+09:00,5088.017578125,5107.815311892024,4959.332308639348,4969.23117552286,544700
2024-03-13 09:00:00+09:00,5028.62451171875,5088.017714613065,4979.130175973486,5078.118847464013,297200
2024-03-14 09:00:00+09:00,5167.208984375,5167.208984375,4989.029364224138,4998.928232010297,382100
2024-03-15 09:00:00+09:00,5216.703125,5226.601992409867,5097.916716081594,5137.512185721062,342900
2024-03-18 09:00:00+09:00,5147.41064453125,5216.70271089994,5088.017444786658,5206.803844275842,413800
2024-03-19 09:00:00+09:00,5097.91650390625,5177.10743988926,5008.826700925364,5167.2085728913835,361800
2024-03-21 09:00:00+09:00,5038.5234375,5107.815508349705,4998.927968443026,5097.916641085461,359900
2024-03-22 09:00:00+09:00,5127.61328125,5137.51214858832,5028.6246078667955,5038.523475205116,210800
2024-03-25 09:00:00+09:00,5058.3212890625,5117.714494022138,5048.422421569227,5097.916759035592,125700
2024-03-26 09:00:00+09:00,5068.22021484375,5088.017950057983,5018.7258768081665,5038.5236120224,153200
2024-03-27 09:00:00+09:00,5107.81591796875,5157.3102582591455,5088.0181818525925,5088.0181818525925,228600
2024-03-28 09:00:00+09:00,5107.81591796875,5196.905730491461,5088.0181818525925,5147.411390201066,241400
2024-03-29 09:00:00+09:00,5216.703125,5266.197462049336,5117.714450901328,5117.714450901328,251900
2024-04-01 09:00:00+09:00,5335.48974609375,5365.18634950429,5206.804464648075,5266.1976714691555,480800
2024-04-02 09:00:00+09:00,5305.79248046875,5365.185679876982,5266.197014196595,5335.489080172866,298800
2024-04-03 09:00:00+09:00,5553.2646484375,5582.961250835561,5315.691829253008,5335.489564185049,616800
2024-04-04 09:00:00+09:00,5741.34326171875,5751.242129411368,5513.669304788524,5543.3659078663795,461800
2024-04-05 09:00:00+09:00,5810.63525390625,5870.028459227268,5662.152240603706,5701.747710817717,461200
2024-04-08 09:00:00+09:00,5840.33154296875,5850.2304099907315,5771.039473814883,5830.432675946769,343300
2024-04-09 09:00:00+09:00,5969.01708984375,5969.01708984375,5820.534077658582,5919.5227524486945,556300
2024-04-10 09:00:00+09:00,6048.2080078125,6107.60121247187,5949.219333380217,5969.017068266673,727400
2024-04-11 09:00:00+09:00,5513.6689453125,5622.556482832137,5394.882540745623,5582.961014643178,1892600
2024-04-12 09:00:00+09:00,5394.8828125,5553.264693233945,5226.602064220183,5543.3658256880735,1233800
2024-04-15 09:00:00+09:00,5375.0849609375,5444.377032257136,5276.0962876237345,5384.983828268877,631700
2024-04-16 09:00:00+09:00,5018.7255859375,5375.084799140162,5018.7255859375,5375.084799140162,615300
2024-04-17 09:00:00+09:00,4776.20361328125,4979.130398923251,4761.355311892811,4919.737193369495,856900
2024-04-18 09:00:00+09:00,5097.91650390625,5117.714237902002,4776.203326475273,4776.203326475273,716900
2024-04-19 09:00:00+09:00,5226.60205078125,5295.894123424184,5147.411110617898,5206.804315740412,905000
2024-04-22 09:00:00+09:00,5335.48974609375,5365.18634950429,5226.602200255102,5285.995407076182,395000
2024-04-23 09:00:00+09:00,5216.703125,5335.489533918406,5196.905390180265,5335.489533918406,243400
2024-04-24 09:00:00+09:00,5177.107421875,5295.893825436186,5157.309687948135,5276.096091509321,229600
2024-04-25 09:00:00+09:00,5088.017578125,5137.511912542558,5058.3209774744655,5137.511912542558,216300
2024-04-26 09:00:00+09:00,5216.703125,5216.703125,5048.422379032258,5078.1189812618595,252200
2024-04-30 09:00:00+09:00,5276.09619140625,5285.995058557106,5147.410918445122,5246.399589953682,308600
2024-05-01 09:00:00+09:00,5028.62451171875,5177.10751895454,5018.725644569697,5177.10751895454,401100
2024-05-02 09:00:00+09:00,5147.41064453125,5157.309511155348,5038.523111666166,5038.523111666166,309000
2024-05-07 09:00:00+09:00,5226.60205078125,5266.1975208629265,5147.411110617898,5147.411110617898,317700
2024-05-08 09:00:00+09:00,5315.69189453125,5335.489629706413,5206.8043510678535,5256.298689005761,357600
2024-05-09 09:00:00+09:00,5236.5009765625,5384.983991020794,5236.5009765625,5345.388520498582,277200
2024-05-10 09:00:00+09:00,5345.38818359375,5365.18591760706,5177.107444480614,5226.601779513889,255400
2024-05-13 09:00:00+09:00,5335.48974609375,5335.48974609375,5266.1976714691555,5315.692010486723,155600
2024-05-14 09:00:00+09:00,5375.0849609375,5384.983828268877,5276.0962876237345,5295.894022286488,188500
2024-05-15 09:00:00+09:00,5266.19775390625,5414.680773283306,5226.602282072368,5394.883037366365,213500
2024-05-16 09:00:00+09:00,5464.1748046875,5464.1748046875,5236.5008544921875,5285.995191491168,330900
2024-05-17 09:00:00+09:00,5454.27587890625,5553.264551844657,5424.579277024728,5464.17474620009,299600
2024-05-20 09:00:00+09:00,5434.47802734375,5483.97236274761,5394.8825590206625,5464.174628586065,182300
2024-05-21 09:00:00+09:00,5355.287109375,5414.680312066775,5325.590508029113,5404.781444951479,165200
2024-05-22 09:00:00+09:00,5167.208984375,5345.388604525862,5147.411248802682,5295.894265595067,254300
2024-05-23 09:00:00+09:00,5196.9052734375,5216.7030078125,5137.5120703125,5167.208671875,180000
2024-05-24 09:00:00+09:00,5226.60205078125,5285.995255903765,5167.208845658736,5187.006580699574,162400
2024-05-27 09:00:00+09:00,5137.51220703125,5216.703146638669,5127.613339580323,5196.905411736814,182300
2024-05-28 09:00:00+09:00,5167.208984375,5196.905587733477,5117.7146454442045,5157.310116588841,165700
2024-05-29 09:00:00+09:00,4959.33251953125,5157.309865620322,4939.534784922343,5157.309865620322,413500
2024-05-30 09:00:00+09:00,4989.02880859375,4989.02880859375,4904.888441782149,4949.4333418588785,233400
2024-05-31 09:00:00+09:00,5097.91650390625,5137.511971897755,5008.826700925364,5018.72556792324,308400
2024-06-03 09:00:00+09:00,5187.00634765625,5187.00634765625,5058.321075672412,5117.714278126491,248200
2024-06-04 09:00:00+09:00,5177.107421875,5256.298357582457,5157.309687948135,5187.006288838432,191300
2024-06-05 09:00:00+09:00,5365.18603515625,5414.680371273927,5167.20869068554,5177.107557909076,270600
2024-06-06 09:00:00+09:00,5384.98388671875,5404.781621596392,5305.7929472081805,5404.781621596392,232200
2024-06-07 09:00:00+09:00,5384.98388671875,5394.882754157571,5315.691814647002,5365.186151841108,108000
2024-06-10 09:00:00+09:00,5375.0849609375,5424.579297594383,5315.691756949241,5384.983828268877,189900
2024-06-11 09:00:00+09:00,5295.89404296875,5404.781584039136,5276.09630822868,5384.983849299066,217200
2024-06-12 09:00:00+09:00,5246.3994140625,5315.691481795401,5196.905079967571,5295.893748157429,165300
2024-06-13 09:00:00+09:00,5187.00634765625,5285.995018413049,5177.10748058057,5256.298417186009,144200
2024-06-14 09:00:00+09:00,5226.60205078125,5236.500918301669,5147.411110617898,5147.411110617898,158200
2024-06-17 09:00:00+09:00,5187.00634765625,5216.7029488832895,5127.613145202171,5196.90521473193,140300
2024-06-18 09:00:00+09:00,5256.29833984375,5295.893807563853,5206.8040051936205,5206.8040051936205,115700
2024-06-19 09:00:00+09:00,5394.8828125,5394.8828125,5236.500931766055,5256.298666857798,197300
2024-06-20 09:00:00+09:00,5355.287109375,5464.174647643254,5355.287109375,5384.983710720887,204400
2024-06-21 09:00:00+09:00,5365.18603515625,5424.579238497463,5355.2871679327145,5365.18603515625,194100
2024-06-24 09:00:00+09:00,5345.38818359375,5414.680252640335,5295.893848560474,5375.084784613715,231600
2024-06-25 09:00:00+09:00,5345.38818359375,5404.781385633681,5315.691582573784,5335.489316587094,163500
2024-06-26 09:00:00+09:00,5345.38818359375,5355.287050600405,5266.197247540509,5315.691582573784,311200
2024-06-27 09:00:00+09:00,5345.38818359375,5375.084784613715,5285.994981553819,5325.59044958044,265200
2024-06-28 09:00:00+09:00,5424.57958984375,5424.57958984375,5335.489779061644,5355.287514791001,201100
2024-07-01 09:00:00+09:00,5503.77001953125,5533.466620356059,5434.477950940029,5434.477950940029,309100
2024-07-02 09:00:00+09:00,5582.96142578125,5602.759161333666,5474.073880242963,5513.669351347795,307700
2024-07-03 09:00:00+09:00,5711.646484375,5840.331760452773,5672.051014812609,5681.9498822032065,496400
2024-07-04 09:00:00+09:00,5741.34326171875,6028.410424804688,5711.646658640894,5939.3206155711205,595100
2024-07-05 09:00:00+09:00,5711.646484375,5800.7362908903815,5652.253280031413,5741.343086546794,253200
2024-07-08 09:00:00+09:00,5662.15185546875,5741.342790510271,5533.4665860262785,5741.342790510271,540600
2024-07-09 09:00:00+09:00,5493.87158203125,5681.950068623311,5474.073846600507,5662.152333192568,725500
2024-07-10 09:00:00+09:00,5691.84912109375,5711.646857167119,5553.264968580163,5563.163836616848,564400
2024-07-11 09:00:00+09:00,5563.1630859375,5602.758552741326,5196.905018002113,5295.893685011677,4510700
2024-07-12 09:00:00+09:00,5810.63525390625,5820.534121459753,5444.37715442664,5464.174889533646,1380700
2024-07-16 09:00:00+09:00,5741.34326171875,5820.534203259698,5652.2534524851835,5810.63533556708,612400
2024-07-17 09:00:00+09:00,5701.74755859375,5780.938496907552,5553.264549255371,5751.241895039876,802400
2024-07-18 09:00:00+09:00,6077.90478515625,6157.09572698239,5691.848943753817,5701.747811482085,1572900
2024-07-19 09:00:00+09:00,6048.2080078125,6176.893284574468,5969.017068266673,6137.2978148015545,515700
2024-07-22 09:00:00+09:00,5949.21923828125,6127.398849411138,5909.623769141275,6068.005645701175,388100
2024-07-23 09:00:00+09:00,6018.51123046875,6147.196503488641,5959.118027536492,6087.803300556383,493100
2024-07-24 09:00:00+09:00,6236.28662109375,6355.073032924107,5978.916062127976,5978.916062127976,974900
2024-07-25 09:00:00+09:00,6038.30908203125,6236.286428983094,6028.410214683658,6176.893224897541,646100
2024-07-26 09:00:00+09:00,5949.21923828125,6038.309043846194,5771.039627151363,5969.016972851237,518900
2024-07-29 09:00:00+09:00,5909.6240234375,5998.713832836055,5860.129684882747,5988.814965125105,376400
2024-07-30 09:00:00+09:00,5612.65771484375,5879.927129836309,5592.859980399857,5840.331660948523,708400
2024-07-31 09:00:00+09:00,5731.44384765625,5731.44384765625,5503.769912429836,5632.455180166505,375600
2024-08-01 09:00:00+09:00,5830.4326171875,5860.12921795416,5533.466609520904,5780.9382825764005,615700
2024-08-02 09:00:00+09:00,5632.455078125,5830.432409517794,5602.758478416081,5731.443743821397,604800
2024-08-05 09:00:00+09:00,5355.287109375,5612.65765437269,5305.792773798521,5464.174647643254,855100
2024-08-06 09:00:00+09:00,5008.8271484375,5642.354692903903,4904.889035673481,5642.354692903903,1474400
2024-08-07 09:00:00+09:00,5117.71435546875,5256.298496622642,4909.838143737911,4949.4336126390235,1015600
2024-08-08 09:00:00+09:00,4914.78759765625,5088.017774814325,4894.989863123898,5028.624571217271,798200
2024-08-09 09:00:00+09:00,4919.73681640625,5008.8266179105885,4850.444748569543,4989.028884242958,664200
2024-08-13 09:00:00+09:00,4998.92822265625,5078.119164797339,4924.686714398978,4979.130487120978,403800
2024-08-14 09:00:00+09:00,4944.484375,5008.827014514514,4850.4451326326325,4969.231544044043,771400
2024-08-15 09:00:00+09:00,5018.7255859375,5097.916522204759,4989.028984837279,4989.028984837279,392900
2024-08-16 09:00:00+09:00,4959.33251953125,5028.624590662425,4860.343846486714,5018.725723357971,691000
2024-08-19 09:00:00+09:00,4786.10205078125,4939.534484673927,4766.304317375743,4929.635617971174,1101300
2024-08-20 09:00:00+09:00,4810.849609375,4880.141681938014,4786.102440602494,4835.596778147505,571300
2024-08-21 09:00:00+09:00,4736.60791015625,4880.141483191288,4736.60791015625,4800.95054634437,587200
2024-08-22 09:00:00+09:00,4979.1298828125,5008.826482511183,4781.152551487948,4781.152551487948,1197400
2024-08-23 09:00:00+09:00,4979.1298828125,5088.017415041004,4904.8883835657925,4989.028749378727,875500
2024-08-26 09:00:00+09:00,4969.2314453125,5048.42238468003,4939.534843049676,4979.130312733441,378900
2024-08-27 09:00:00+09:00,5117.71435546875,5127.613222694028,4939.534745413745,4969.23134708958,503400
2024-08-28 09:00:00+09:00,5206.80419921875,5295.894004908805,5117.714393528696,5127.61326082759,817600
2024-08-29 09:00:00+09:00,5112.31591796875,5142.154337723431,5002.908378868252,5042.69293854116,588300
2024-08-30 09:00:00+09:00,5062.58544921875,5062.58544921875,4973.070185873035,5042.693168475258,470900
2024-09-02 09:00:00+09:00,4953.177734375,5062.58527469252,4908.420104245106,5042.692994634789,529500
2024-09-03 09:00:00+09:00,5152.1005859375,5171.992866192085,4963.123923518943,4983.016203773528,555200
2024-09-04 09:00:00+09:00,4983.01611328125,5231.669611947979,4963.123833387912,5102.36979264128,666200
2024-09-05 09:00:00+09:00,5042.69287109375,5112.315849590113,4983.016032382581,5002.9083119529705,386300
2024-09-06 09:00:00+09:00,5002.908203125,5132.208017519881,4898.473737652212,5102.3695988133695,450400
2024-09-09 09:00:00+09:00,4992.96240234375,5032.7469633186,4903.447140150336,4903.447140150336,482100
2024-09-10 09:00:00+09:00,5162.046875,5171.9930154142585,4983.016347543353,5032.747049614643,423000
2024-09-11 09:00:00+09:00,4893.5009765625,5171.992902057927,4873.608696169969,5142.1544814691315,784900
2024-09-12 09:00:00+09:00,4933.28564453125,5002.90862741778,4903.447223294166,4963.124065768335,469500
2024-09-13 09:00:00+09:00,4953.177734375,5142.154394923444,4923.339314288404,4923.339314288404,460900
2024-09-17 09:00:00+09:00,5102.36962890625,5152.100327043738,5002.908232631275,5012.854372258772,426300
2024-09-18 09:00:00+09:00,5092.423828125,5142.154529571533,5042.693126678467,5092.423828125,259400
2024-09-19 09:00:00+09:00,5181.93896484375,5211.7773849868045,5082.477564366903,5082.477564366903,417600
2024-09-20 09:00:00+09:00,5321.18505859375,5360.969619779497,5152.100673554322,5162.0468138507595,478100
2024-09-24 09:00:00+09:00,5281.400390625,5301.292670815678,5171.9928495762715,5291.346530720339,453200
2024-09-25 09:00:00+09:00,5549.9462890625,5689.192253304212,5321.185062093974,5321.185062093974,1145200
2024-09-26 09:00:00+09:00,5728.9765625,5758.8149820963545,5460.4307861328125,5520.1076253255205,606400
2024-09-27 09:00:00+09:00,5629.51513671875,5878.168632156858,5609.622857083701,5768.76109416409,731700
2024-09-30 09:00:00+09:00,5679.24609375,5828.438197788967,5609.6231118651485,5609.6231118651485,757000
2024-10-01 09:00:00+09:00,5778.70751953125,5838.384361385273,5689.192256750215,5689.192256750215,439400
2024-10-02 09:00:00+09:00,5738.9228515625,5838.384252802752,5689.192150942375,5778.7074120586,511200
2024-10-03 09:00:00+09:00,5738.9228515625,5868.222673174827,5719.03057131445,5808.5458324306765,345700
2024-10-04 09:00:00+09:00,5868.22265625,5898.061076536017,5699.1382746292375,5738.922835010593,328300
2024-10-07 09:00:00+09:00,5898.06103515625,5977.630155360719,5798.599634900665,5888.114895130691,616800
2024-10-08 09:00:00+09:00,5679.24609375,5878.168899135289,5639.461532672943,5868.222758866024,714900
2024-10-09 09:00:00+09:00,5689.19189453125,5738.922592910019,5649.407335828234,5659.353475503988,641600
2024-10-10 09:00:00+09:00,5420.646484375,5679.246133170872,5370.915782683486,5619.569291141055,1468000
2024-10-11 09:00:00+09:00,5390.80810546875,5510.161790460678,5390.80810546875,5420.646526716732,450500
2024-10-15 09:00:00+09:00,5470.376953125,5510.1615127840905,5380.861693892045,5390.807833806818,517100
2024-10-16 09:00:00+09:00,5510.16162109375,5559.892321645138,5420.646360101252,5520.107761204027,541900
2024-10-17 09:00:00+09:00,5450.48486328125,5520.107845111485,5311.23889962078,5440.5387230197875,598700
2024-10-18 09:00:00+09:00,5291.3466796875,5460.431066068491,5291.3466796875,5430.592644942434,368300
2024-10-21 09:00:00+09:00,5271.4541015625,5380.861639519458,5271.4541015625,5311.238660819576,250300
2024-10-22 09:00:00+09:00,5430.59228515625,5510.161402887477,5301.292468843006,5321.184748275813,647500
2024-10-23 09:00:00+09:00,5450.48486328125,5480.3232840656365,5390.808021712477,5430.592582758326,284900
2024-10-24 09:00:00+09:00,5331.130859375,5420.646116342117,5291.3463007229475,5410.699976679104,308700
2024-10-25 09:00:00+09:00,5400.75390625,5400.75390625,5301.292508344844,5351.023207297421,214900
2024-10-28 09:00:00+09:00,5480.3232421875,5540.00008330025,5410.700260889292,5430.592541260208,273100
2024-10-29 09:00:00+09:00,5579.78466796875,5699.138350706049,5510.161686371992,5530.053966828209,485000
2024-10-30 09:00:00+09:00,5669.2998046875,5728.976644736842,5569.838404605263,5629.515244654605,414900
2024-10-31 09:00:00+09:00,5609.623046875,5669.299887799202,5579.784626412899,5659.353747645168,313200
2024-11-01 09:00:00+09:00,5530.0537109375,5649.407388151978,5520.107571169627,5579.784409776866,310100
2024-11-05 09:00:00+09:00,5569.83837890625,5599.676798793248,5450.484699358259,5470.376979282924,263200
2024-11-06 09:00:00+09:00,5748.869140625,5828.438263678633,5619.569315662846,5619.569315662846,412300
2024-11-07 09:00:00+09:00,5699.13818359375,5828.438002767779,5609.622924165576,5788.653443021924,303100
2024-11-08 09:00:00+09:00,5689.19189453125,5788.653291288789,5679.245754855496,5709.084173882758,248200
2024-11-11 09:00:00+09:00,5569.83837890625,5689.192058454241,5559.892238943918,5659.353638567243,288400
2024-11-12 09:00:00+09:00,5510.16162109375,5559.892321645138,5400.754079880698,5540.000041424582,435300
2024-11-13 09:00:00+09:00,5460.4306640625,5569.838200136612,5430.592245133197,5510.161362278005,229800
2024-11-14 09:00:00+09:00,5321.18505859375,5480.3233033367405,5321.18505859375,5470.3771630403035,308500
2024-11-15 09:00:00+09:00,5132.20849609375,5311.239025027253,5132.20849609375,5271.45446304203,399300
2024-11-18 09:00:00+09:00,5171.99267578125,5261.50793363131,5082.47741793119,5092.423557692307,248100
2024-11-19 09:00:00+09:00,5281.400390625,5311.238810911017,5201.8312698622885,5221.723550052966,271900
2024-11-20 09:00:00+09:00,5231.66943359375,5301.292410846899,5231.66943359375,5301.292410846899,171000
2024-11-21 09:00:00+09:00,5181.93896484375,5281.400365320597,5171.992824796065,5261.508085225228,158700
2024-11-22 09:00:00+09:00,5181.93896484375,5261.508085225228,5181.93896484375,5221.723525034488,259800
2024-11-25 09:00:00+09:00,5231.66943359375,5281.4001316317135,5201.831014770973,5201.831014770973,332900
2024-11-26 09:00:00+09:00,5102.36962890625,5231.669444063718,5072.531210023757,5201.831025181225,394000
2024-11-27 09:00:00+09:00,5122.26220703125,5201.831328693871,5112.316066823422,5171.992908070388,221600
2024-11-28 09:00:00+09:00,5181.93896484375,5251.561945177543,5171.992824796065,5181.93896484375,175700
2024-11-29 09:00:00+09:00,5241.61572265625,5271.454142329815,5122.2620439619905,5171.992743417932,257000
2024-12-02 09:00:00+09:00,5211.77734375,5251.561903625954,5142.15436396708,5241.615763656966,240200
2024-12-03 09:00:00+09:00,5569.83837890625,5669.2997785295765,5400.753999546596,5400.753999546596,1034600
2024-12-04 09:00:00+09:00,5520.10791015625,5599.67703318553,5490.26948902027,5520.10791015625,331700
2024-12-05 09:00:00+09:00,5490.26953125,5530.054093070652,5480.323390794837,5520.107952615489,147600
2024-12-06 09:00:00+09:00,5559.89208984375,5689.191905886628,5510.16139136572,5520.107531061326,245400
2024-12-09 09:00:00+09:00,5510.16162109375,5549.94618153486,5460.430920542362,5510.16162109375,297700
2024-12-10 09:00:00+09:00,5778.70751953125,5848.330501694277,5609.623134278184,5609.623134278184,658100
2024-12-11 09:00:00+09:00,5719.03076171875,5768.761463994565,5659.353918987772,5709.084621263587,225000
2024-12-12 09:00:00+09:00,5798.599609375,5838.384169302101,5689.192069575472,5758.815049447899,401000
2024-12-13 09:00:00+09:00,5788.6533203125,5818.491739489368,5758.814901135632,5758.814901135632,194700
2024-12-16 09:00:00+09:00,5609.623046875,5778.707429493573,5589.730766566932,5758.815149185505,298100
2024-12-17 09:00:00+09:00,5599.6767578125,5629.515177481128,5520.1076386961595,5579.784478033414,217300
2024-12-18 09:00:00+09:00,5530.0537109375,5569.838270008992,5460.430732562388,5559.892130241119,234500
2024-12-19 09:00:00+09:00,5510.16162109375,5540.000041424582,5450.484780432085,5450.484780432085,213900
2024-12-20 09:00:00+09:00,5430.59228515625,5520.107542603881,5430.59228515625,5510.161402887477,217300
2024-12-23 09:00:00+09:00,5351.0234375,5470.377120120817,5351.0234375,5430.592559247212,219400
2024-12-24 09:00:00+09:00,5470.376953125,5510.1615127840905,5410.700113636363,5440.538533380682,271800
2024-12-25 09:00:00+09:00,5400.75390625,5500.215304155156,5370.915486878453,5490.26916436464,177200
2024-12-26 09:00:00+09:00,5420.646484375,5450.484905389908,5360.969642345183,5400.754203698395,164000
2024-12-27 09:00:00+09:00,5440.53857421875,5480.323134176474,5410.700154250458,5420.646294239888,177200
2024-12-30 09:00:00+09:00,5321.18505859375,5440.538742150993,5311.238918297313,5440.538742150993,323700
2025-01-06 09:00:00+09:00,5480.3232421875,5549.946223485707,5380.861840332917,5400.754120703834,667700
2025-01-07 09:00:00+09:00,5470.376953125,5569.838352272727,5400.753973721591,5480.323093039772,631100
2025-01-08 09:00:00+09:00,5331.130859375,5490.269093983209,5331.130859375,5480.322954320196,524300
2025-01-09 09:00:00+09:00,4943.2314453125,5032.746702873491,4784.093209648516,4863.662327480508,3065300
2025-01-10 09:00:00+09:00,4888.52783203125,4953.177742322609,4848.743271851951,4928.312392210548,1018400
2025-01-14 09:00:00+09:00,4749.28173828125,4868.635415473658,4669.712620152977,4843.770066058573,1186600
2025-01-15 09:00:00+09:00,4689.60498046875,4789.066379842425,4654.793490687964,4749.281820092954,734600
2025-01-16 09:00:00+09:00,4774.1474609375,4818.905093383789,4689.605266316732,4764.20132039388,656300
2025-01-17 09:00:00+09:00,4833.82421875,4903.447201324589,4779.120446727109,4833.82421875,687300
2025-01-20 09:00:00+09:00,4803.98583984375,4868.63575280231,4759.228207795517,4833.824261209239,353500
2025-01-21 09:00:00+09:00,4878.58154296875,4888.527682709767,4828.850844263666,4848.743123745699,327400
2025-01-22 09:00:00+09:00,4774.1474609375,4893.501147460937,4764.20132039388,4878.581936645508,451300
2025-01-23 09:00:00+09:00,4659.7666015625,4764.201071821638,4615.008971451441,4764.201071821638,597600
2025-01-24 09:00:00+09:00,4714.47021484375,4754.254773618803,4674.685656068697,4679.6587259155785,402800
2025-01-27 09:00:00+09:00,4764.201171875,4794.039592575678,4729.389681057542,4764.201171875,324300
2025-01-28 09:00:00+09:00,4749.28173828125,4818.904716643488,4714.470249100131,4799.01243711142,318400
2025-01-29 09:00:00+09:00,4714.47021484375,4749.281703771921,4684.631795762461,4749.281703771921,250200
2025-01-30 09:00:00+09:00,4674.68603515625,4694.578316156915,4600.089981403757,4679.6591054064165,480400
2025-01-31 09:00:00+09:00,4629.92822265625,4634.901292712809,4585.17059214722,4624.955152599691,429600
2025-02-03 09:00:00+09:00,4530.466796875,4575.224427140505,4480.736096579994,4575.224427140505,560400
2025-02-04 09:00:00+09:00,4440.95166015625,4570.251484528101,4431.005519819954,4560.305344191805,414100
2025-02-05 09:00:00+09:00,4396.19384765625,4435.9784073635465,4386.247707729426,4431.0053374001345,548400
2025-02-06 09:00:00+09:00,4435.978515625,4435.978515625,4336.5171139293725,4361.382464353279,474600
2025-02-07 09:00:00+09:00,4580.197265625,4664.739451852606,4520.520428287867,4570.251126068812,780700
2025-02-10 09:00:00+09:00,4600.08984375,4629.928264358108,4565.27835304054,4615.009054054054,264400
2025-02-12 09:00:00+09:00,4624.955078125,4644.847358030914,4545.385958501344,4575.224378360215,324800
2025-02-13 09:00:00+09:00,4709.4970703125,4739.335488920605,4644.847163328273,4689.60479124043,303300
2025-02-14 09:00:00+09:00,4600.08984375,4724.416596283783,4600.08984375,4694.578175675675,325800
2025-02-17 09:00:00+09:00,4550.35888671875,4639.8741435066595,4550.35888671875,4600.089584934255,234900
2025-02-18 09:00:00+09:00,4475.76318359375,4550.359236653646,4450.897832573785,4545.386166449653,462900
2025-02-19 09:00:00+09:00,4435.978515625,4500.6284267271585,4431.005445540219,4480.7361463880325,229600
2025-02-20 09:00:00+09:00,4416.08642578125,4470.790199073585,4356.409582189612,4396.1941445840375,452300
2025-02-21 09:00:00+09:00,4376.3017578125,4396.194038529829,4331.544126198508,4381.274827991832,415000
2025-02-25 09:00:00+09:00,4351.43603515625,4366.355244419643,4266.893849330357,4321.597616629464,526900
2025-02-26 09:00:00+09:00,4316.625,4351.436491935484,4266.894297235023,4331.544210829493,425700
2025-02-27 09:00:00+09:00,4346.46337890625,4401.167151409647,4296.732676630435,4316.624957540761,388200
2025-02-28 09:00:00+09:00,4266.89404296875,4311.651672790101,4237.05562308785,4276.840182929051,380100
2025-03-03 09:00:00+09:00,4291.75927734375,4321.597696421459,4271.866997958611,4296.7323471900345,234000
2025-03-04 09:00:00+09:00,4336.51708984375,4351.436300015231,4286.786389272147,4296.732529386468,372700
2025-03-05 09:00:00+09:00,4296.732421875,4336.516981336806,4266.8940022786455,4316.624701605902,335700
2025-03-06 09:00:00+09:00,4306.6787109375,4331.544061462543,4276.840290307448,4331.544061462543,271300
2025-03-07 09:00:00+09:00,4266.89404296875,4306.6786028099505,4227.1094831275495,4276.840182929051,358300
2025-03-10 09:00:00+09:00,4431.00537109375,4455.870721099887,4326.570901067971,4326.570901067971,520600
2025-03-11 09:00:00+09:00,4331.5439453125,4445.924554660591,4326.5708753408435,4376.301575057405,404200
2025-03-12 09:00:00+09:00,4286.7861328125,4356.409109447506,4256.94771425464,4291.759202572143,431400
2025-03-13 09:00:00+09:00,4356.4091796875,4366.355319367151,4286.786201929937,4286.786201929937,334200
2025-03-14 09:00:00+09:00,4346.46337890625,4361.382589588995,4296.732676630435,4321.598027768343,234700
2025-03-17 09:00:00+09:00,4371.32861328125,4396.193963754977,4336.517122618032,4376.301683375996,269200
2025-03-18 09:00:00+09:00,4490.68212890625,4490.68212890625,4371.328451061566,4371.328451061566,459700
2025-03-19 09:00:00+09:00,4470.7900390625,4495.655389669077,4445.924688455923,4475.763109183816,291100
2025-03-21 09:00:00+09:00,4411.11328125,4465.8170536217585,4406.140211034386,4440.951702543686,281600
2025-03-24 09:00:00+09:00,4401.1669921875,4455.870762711865,4366.355501853814,4455.870762711865,271300
2025-03-25 09:00:00+09:00,4366.35546875,4421.059238859624,4356.409328730068,4386.247748789863,219900
2025-03-26 09:00:00+09:00,4426.0322265625,4460.843715984902,4386.247667222612,4406.1399468925565,286500
2025-03-27 09:00:00+09:00,4401.1669921875,4460.843832759534,4371.328571901483,4421.059272378178,270200
2025-03-28 09:00:00+09:00,4391.220703125,4426.032192277747,4376.3014934881085,4406.1399127618915,194600
2025-03-31 09:00:00+09:00,4256.94775390625,4371.328359443451,4256.94775390625,4351.43608021959,274700
2025-04-01 09:00:00+09:00,4167.4326171875,4286.786295961367,4167.4326171875,4266.894016165722,287200
2025-04-02 09:00:00+09:00,4127.64794921875,4217.163205948796,4127.64794921875,4187.32478703878,254200
2025-04-03 09:00:00+09:00,4127.64794921875,4192.297856857116,4003.321203760354,4028.1865528520334,482100
2025-04-04 09:00:00+09:00,4132.62109375,4147.54030347473,4003.32127613568,4043.1058354016245,514400
2025-04-07 09:00:00+09:00,3903.85986328125,4038.132750298567,3898.88679339172,3993.3751212927946,631300
2025-04-08 09:00:00+09:00,4167.4326171875,4192.297966932056,3978.4559591288785,3978.4559591288785,490700
2025-04-09 09:00:00+09:00,4127.64794921875,4202.243996493788,4023.2134830336972,4127.64794921875,846500
2025-04-10 09:00:00+09:00,3968.509765625,4092.83651266839,3759.6408305921054,3938.6713463345864,2162500
2025-04-11 09:00:00+09:00,3928.725341796875,4003.3213925904865,3883.967711320708,3988.4021824317642,950700
2025-04-14 09:00:00+09:00,4013.267578125,4077.9174895446095,3893.913895504182,3903.8600357225837,534800
2025-04-15 09:00:00+09:00,3988.402099609375,4043.1058690553887,3963.5367498611868,4013.2674493575632,270600
2025-04-16 09:00:00+09:00,4062.998291015625,4072.9444312629093,3958.5638184191403,3963.5368885427824,287600
2025-04-17 09:00:00+09:00,3963.536865234375,4062.9982671223142,3963.536865234375,4023.2137063671385,350300
2025-04-18 09:00:00+09:00,4053.052001953125,4053.052001953125,3973.482882896377,4003.3213025426576,188000
2025-04-21 09:00:00+09:00,4197.27099609375,4227.109415497261,4043.105829175615,4053.051968976785,476200
2025-04-22 09:00:00+09:00,4341.490234375,4361.382514944874,4227.109621098224,4256.9480419530355,582200
2025-04-23 09:00:00+09:00,4336.51708984375,4341.49015990091,4276.840249157827,4311.6517395579485,461900
2025-04-24 09:00:00+09:00,4440.95166015625,4500.628502174028,4356.409467297733,4371.328677802177,966000
2025-04-25 09:00:00+09:00,4391.220703125,4505.601310341167,4376.3014934881085,4465.816751309457,623300
2025-04-28 09:00:00+09:00,4585.17041015625,4634.901108747967,4411.112965085243,4426.032174662758,1076600
2025-04-30 09:00:00+09:00,4565.2783203125,4595.1167407067,4525.493759786901,4565.2783203125,356300
2025-05-01 09:00:00+09:00,4674.68603515625,4749.282088908743,4525.493927651263,4575.224630152926,649800
2025-05-02 09:00:00+09:00,4699.55126953125,4764.201181175595,4629.928287760416,4644.84749813988,630500
2025-05-07 09:00:00+09:00,4739.3359375,4764.201288693599,4659.766813680483,4694.5783053515215,492600
2025-05-08 09:00:00+09:00,4719.443359375,4764.200988705216,4669.712660119204,4724.41642930058,467900
2025-05-09 09:00:00+09:00,4759.22802734375,4803.985657694945,4624.955136290165,4674.685836680382,422000
2025-05-12 09:00:00+09:00,4734.36279296875,4794.039634896928,4724.416652647387,4774.147354254202,253000
2025-05-13 09:00:00+09:00,4694.578125,4818.9048761917375,4679.658914856992,4769.174175715042,384600
2025-05-14 09:00:00+09:00,4813.931640625,4823.877780378358,4664.739544324639,4694.577963584711,499600
2025-05-15 09:00:00+09:00,4774.1474609375,4873.608866373698,4774.1474609375,4823.878163655599,368500
2025-05-16 09:00:00+09:00,4808.95849609375,4848.743054489562,4724.416309502651,4843.769984690086,324600
2025-05-19 09:00:00+09:00,4943.2314453125,4973.069864499497,4853.716187751509,4863.662327480508,648200
2025-05-20 09:00:00+09:00,4833.82421875,4928.312552244084,4808.9588678305045,4923.339482060185,469300
2025-05-21 09:00:00+09:00,4799.0126953125,4868.635677420661,4784.093484860751,4868.635677420661,217700
2025-05-22 09:00:00+09:00,4794.03955078125,4823.877971221797,4749.281920120429,4759.228060267278,274700
2025-05-23 09:00:00+09:00,4803.98583984375,4828.851190981658,4749.282067340353,4764.201278023098,295300
2025-05-26 09:00:00+09:00,4923.33935546875,4933.285495580808,4774.147253787879,4803.985674124053,329400
2025-05-27 09:00:00+09:00,4968.09716796875,5102.3700644003375,4948.204887015922,4968.09716796875,510200
2025-05-28 09:00:00+09:00,4992.96240234375,5002.908542587463,4918.366350515905,4973.0701218563245,240800
2025-05-29 09:00:00+09:00,4992.96240234375,5002.908542587463,4958.150911490756,4992.96240234375,264600
2025-05-30 09:00:00+09:00,4973.06982421875,5092.4235,4953.177544921875,5062.585081054687,339600
2025-06-02 09:00:00+09:00,4873.6083984375,4948.2044453523595,4858.689189054528,4948.2044453523595,288400
2025-06-03 09:00:00+09:00,4888.52783203125,4908.420112120899,4789.0664315830045,4858.689411896777,340400
2025-06-04 09:00:00+09:00,4938.25830078125,4958.150579938476,4868.63532373096,4888.527602888186,227700
2025-06-05 09:00:00+09:00,4868.6357421875,4923.3395145716295,4838.797320887066,4908.420303921413,218000
2025-06-06 09:00:00+09:00,4923.33935546875,4992.9623362531565,4878.581724964489,4883.554795020517,187700
2025-06-09 09:00:00+09:00,4973.06982421875,5012.8543828125,4918.366056152344,4963.123684570312,249500
2025-06-10 09:00:00+09:00,4953.177734375,5002.908434519328,4943.231594346134,4968.096944418298,123500
2025-06-11 09:00:00+09:00,5072.53125,5122.261948529412,4943.231433823529,4948.20450367647,348500
2025-06-12 09:00:00+09:00,5251.56201171875,5261.50815189246,5092.423768939394,5092.423768939394,530900
2025-06-13 09:00:00+09:00,5142.154296875,5211.777275749517,5122.262017196566,5191.884996071083,348200
2025-06-16 09:00:00+09:00,5092.423828125,5181.93909072876,5062.58540725708,5152.10066986084,233400
2025-06-17 09:00:00+09:00,5062.58544921875,5072.531589590496,4992.962466616527,5062.58544921875,260800
2025-06-18 09:00:00+09:00,5052.63916015625,5092.423720472441,5022.8007399191065,5062.585300235298,270000
2025-06-19 09:00:00+09:00,5032.7470703125,5082.477772588315,4992.962508491848,5062.585491677989,168000
2025-06-20 09:00:00+09:00,5062.58544921875,5082.477729962242,4992.962466616527,5052.639308847004,338800
2025-06-23 09:00:00+09:00,4983.01611328125,5092.423652694611,4948.204623467907,5042.692952961264,266100
2025-06-24 09:00:00+09:00,4983.01611328125,5052.639092907934,4958.150763414577,5012.854533121257,217600
2025-06-25 09:00:00+09:00,4992.96240234375,5012.854682831175,4938.25863100333,5012.854682831175,204700
2025-06-26 09:00:00+09:00,5012.8544921875,5032.746771918402,4933.285373263889,4992.962212456598,233400
2025-06-27 09:00:00+09:00,4963.1240234375,5032.74700573021,4953.17788310997,5002.90858474762,203000
2025-06-30 09:00:00+09:00,4973.06982421875,5072.531220703125,4963.123684570312,5002.908243164063,297200
2025-07-01 09:00:00+09:00,4883.5546875,4963.123806644603,4883.5546875,4943.2315268584525,529700
2025-07-02 09:00:00+09:00,5002.908203125,5032.746621831511,4838.79690023919,4903.4468074366305,749900
2025-07-03 09:00:00+09:00,5072.53125,5102.369669117647,4983.015992647059,4983.015992647059,308500
2025-07-04 09:00:00+09:00,5012.8544921875,5122.262030707465,4992.962212456598,5062.585191514757,286800
2025-07-07 09:00:00+09:00,4923.33935546875,4992.9623362531565,4913.393215356692,4973.070056029041,524900
2025-07-08 09:00:00+09:00,4928.3125,5002.908551967709,4878.581798688194,4898.474079212916,512400
2025-07-09 09:00:00+09:00,4948.20458984375,5012.854499057789,4913.39310026696,4968.096869601916,587100
2025-07-10 09:00:00+09:00,4973.06982421875,5390.807689453125,4878.581497558594,4878.581497558594,2651000
2025-07-11 09:00:00+09:00,5211.77734375,5261.508043594943,5042.692964277195,5062.585244215172,1131800
2025-07-14 09:00:00+09:00,5132.20849609375,5251.562182049418,5122.262355597444,5191.885339071584,556800
2025-07-15 09:00:00+09:00,4818.90478515625,5162.046611963042,4813.931715202528,5162.046611963042,1240800
2025-07-16 09:00:00+09:00,4908.419921875,4983.015969319908,4828.850804600431,4888.527642556357,840200
2025-07-17 09:00:00+09:00,4992.96240234375,5002.908542587463,4878.581789541055,4883.5548596629105,437300
2025-07-18 09:00:00+09:00,4958.15087890625,5042.693070422204,4928.312458371207,5012.854649887161,467600
2025-07-22 09:00:00+09:00,5102.36962890625,5152.100327043738,4973.069813748782,4973.069813748782,518000
2025-07-23 09:00:00+09:00,5301.29248046875,5341.077039421611,5152.10038439552,5152.10038439552,693800
2025-07-24 09:00:00+09:00,5430.59228515625,5450.484564589056,5301.292468843006,5311.238608559409,659900
2025-07-25 09:00:00+09:00,5331.130859375,5420.646116342117,5301.292440385961,5351.023138701026,305200
2025-07-28 09:00:00+09:00,5351.0234375,5370.915717936803,5301.292736407992,5360.9695777184015,206100
2025-07-29 09:00:00+09:00,5261.50830078125,5351.023564877718,5221.723738960598,5341.077424422555,325000
2025-07-30 09:00:00+09:00,5171.99267578125,5241.615654109074,5162.046536020132,5221.723374586839,430500
2025-07-31 09:00:00+09:00,5311.23876953125,5311.23876953125,5152.100529245669,5171.992809281367,354400
2025-08-01 09:00:00+09:00,5331.130859375,5360.969278364039,5191.884904092817,5211.777183418843,397000
2025-08-04 09:00:00+09:00,5251.56201171875,5341.077273282138,5251.56201171875,5321.184992934718,162200
2025-08-05 09:00:00+09:00,5390.80810546875,5450.484947964714,5261.508280060828,5271.454420476822,406000
2025-08-06 09:00:00+09:00,5351.0234375,5440.538699465614,5351.0234375,5400.754138592008,295000
2025-08-07 09:00:00+09:00,5331.130859375,5440.5383956681435,5321.184719711987,5410.699976679104,236100
2025-08-08 09:00:00+09:00,5360.9697265625,5400.7542885407,5311.239024089749,5331.13130507885,170500
2025-08-12 09:00:00+09:00,5341.0771484375,5360.969428319949,5311.238728613826,5341.0771484375,219600
2025-08-13 09:00:00+09:00,5380.86181640625,5420.646376971175,5281.400414993935,5341.077255841324,322700
2025-08-14 09:00:00+09:00,5430.59228515625,5470.376844021864,5351.023167425023,5360.969307141426,350000
2025-08-15 09:00:00+09:00,5420.646484375,5470.377186066514,5370.915782683486,5420.646484375,296200
2025-08-18 09:00:00+09:00,5500.21533203125,5539.9998913949485,5430.592353144779,5460.430772667552,319900
2025-08-19 09:00:00+09:00,5510.16162109375,5520.107761204027,5450.484780432085,5510.16162109375,152300
2025-08-20 09:00:00+09:00,5649.40771484375,5719.0306972449935,5510.161750041263,5520.107890384298,393900
2025-08-21 09:00:00+09:00,5599.6767578125,5649.407457260213,5569.8383381438725,5649.407457260213,193100
2025-08-22 09:00:00+09:00,5540.0,5579.784560143627,5510.16157989228,5579.784560143627,147400
2025-08-25 09:00:00+09:00,5530.0537109375,5539.999850705373,5470.376872330261,5500.21529163388,201600
2025-08-26 09:00:00+09:00,5549.9462890625,5569.838569668459,5490.269447244624,5520.107868153562,190200
2025-08-27 09:00:00+09:00,5540.0,5549.946140035907,5490.2692998204675,5520.107719928187,109900
2025-08-28 09:00:00+09:00,5430.0,5550.0,5410.0,5520.0,326700
2025-08-29 09:00:00+09:00,5330.0,5400.0,5210.0,5400.0,663400
2025-09-01 09:00:00+09:00,5230.0,5360.0,5200.0,5330.0,403600
2025-09-02 09:00:00+09:00,5210.0,5260.0,5170.0,5250.0,214500
2025-09-03 09:00:00+09:00,5230.0,5340.0,5170.0,5270.0,298800
2025-09-04 09:00:00+09:00,5250.0,5260.0,5160.0,5190.0,231500
2025-09-05 09:00:00+09:00,5180.0,5240.0,5160.0,5230.0,261800
2025-09-08 09:00:00+09:00,5260.0,5270.0,5200.0,5210.0,182500
2025-09-09 09:00:00+09:00,5190.0,5290.0,5150.0,5280.0,224700
2025-09-10 09:00:00+09:00,5190.0,5200.0,5140.0,5180.0,192200
2025-09-11 09:00:00+09:00,5140.0,5190.0,5070.0,5190.0,352500
2025-09-12 09:00:00+09:00,5140.0,5190.0,5120.0,5160.0,220000
2025-09-16 09:00:00+09:00,5040.0,5130.0,5030.0,5130.0,337100
2025-09-17 09:00:00+09:00,5090.0,5120.0,5070.0,5080.0,213700
2025-09-18 09:00:00+09:00,5020.0,5090.0,5010.0,5070.0,374900
2025-09-19 09:00:00+09:00,4965.0,5050.0,4925.0,5010.0,420600
2025-09-22 09:00:00+09:00,4955.0,5040.0,4955.0,5030.0,287700
2025-09-24 09:00:00+09:00,4935.0,4980.0,4920.0,4975.0,284700
2025-09-25 09:00:00+09:00,4995.0,4995.0,4900.0,4935.0,308800
2025-09-26 09:00:00+09:00,5000.0,5010.0,4935.0,4940.0,244100
2025-09-29 09:00:00+09:00,4950.0,5050.0,4950.0,5030.0,228200
2025-09-30 09:00:00+09:00,4980.0,4985.0,4920.0,4950.0,235000
2025-10-01 09:00:00+09:00,4905.0,4975.0,4885.0,4960.0,249600
2025-10-02 09:00:00+09:00,4875.0,4935.0,4855.0,4925.0,217300
2025-10-03 09:00:00+09:00,4885.0,4900.0,4825.0,4860.0,272300
2025-10-06 09:00:00+09:00,4875.0,4925.0,4800.0,4925.0,322600
2025-10-07 09:00:00+09:00,4845.0,4890.0,4825.0,4855.0,189500
2025-10-08 09:00:00+09:00,4830.0,4875.0,4815.0,4835.0,228000
2025-10-09 09:00:00+09:00,4720.0,4825.0,4685.0,4820.0,454600
2025-10-10 09:00:00+09:00,4825.0,4860.0,4720.0,4720.0,376300
2025-10-14 09:00:00+09:00,4775.0,4815.0,4750.0,4755.0,368500
2025-10-15 09:00:00+09:00,4795.0,4835.0,4775.0,4825.0,502900
2025-10-16 09:00:00+09:00,5500.0,5500.0,5310.0,5450.0,3309000
2025-10-17 09:00:00+09:00,5500.0,5650.0,5460.0,5550.0,1851800
2025-10-20 09:00:00+09:00,5410.0,5610.0,5320.0,5590.0,994000
2025-10-21 09:00:00+09:00,5320.0,5530.0,5280.0,5510.0,592500
2025-10-22 09:00:00+09:00,5320.0,5420.0,5300.0,5380.0,438700
2025-10-23 09:00:00+09:00,5510.0,5550.0,5390.0,5420.0,705700
2025-10-24 09:00:00+09:00,5330.0,5460.0,5320.0,5450.0,526700
2025-10-27 09:00:00+09:00,5290.0,5340.0,5260.0,5290.0,314000
2025-10-28 09:00:00+09:00,5090.0,5280.0,5090.0,5260.0,584900
2025-10-29 09:00:00+09:00,4965.0,5110.0,4930.0,5050.0,575000
2025-10-30 09:00:00+09:00,5060.0,5080.0,4970.0,4970.0,308000
2025-10-31 09:00:00+09:00,5040.0,5120.0,5010.0,5010.0,288900
2025-11-04 09:00:00+09:00,5170.0,5240.0,5080.0,5100.0,391100
2025-11-05 09:00:00+09:00,5310.0,5340.0,5200.0,5230.0,523300
2025-11-06 09:00:00+09:00,5290.0,5300.0,5170.0,5210.0,349700
2025-11-07 09:00:00+09:00,5370.0,5400.0,5260.0,5260.0,285300
2025-11-10 09:00:00+09:00,5400.0,5440.0,5320.0,5400.0,310400
2025-11-11 09:00:00+09:00,5330.0,5390.0,5260.0,5390.0,295400
2025-11-12 09:00:00+09:00,5480.0,5480.0,5350.0,5390.0,439900
2025-11-13 09:00:00+09:00,5450.0,5500.0,5420.0,5480.0,274000
2025-11-14 09:00:00+09:00,5500.0,5520.0,5410.0,5470.0,375000
2025-11-17 09:00:00+09:00,5120.0,5430.0,5090.0,5400.0,875900
2025-11-18 09:00:00+09:00,5140.0,5200.0,5070.0,5190.0,557500
2025-11-19 09:00:00+09:00,5160.0,5230.0,5110.0,5150.0,326600
2025-11-20 09:00:00+09:00,5210.0,5230.0,5110.0,5160.0,282300
2025-11-21 09:00:00+09:00,5400.0,5400.0,5220.0,5220.0,370500
2025-11-25 09:00:00+09:00,5400.0,5420.0,5280.0,5300.0,388700
2025-11-26 09:00:00+09:00,5590.0,5590.0,5410.0,5420.0,332800
2025-11-27 09:00:00+09:00,5730.0,5750.0,5570.0,5580.0,601000
2025-11-28 09:00:00+09:00,5840.0,5840.0,5720.0,5730.0,447300
2025-12-01 09:00:00+09:00,5610.0,5870.0,5560.0,5860.0,381800
2025-12-02 09:00:00+09:00,5550.0,5600.0,5490.0,5560.0,192700
2025-12-03 09:00:00+09:00,5580.0,5640.0,5500.0,5590.0,337900
2025-12-04 09:00:00+09:00,5570.0,5570.0,5380.0,5500.0,386400
2025-12-05 09:00:00+09:00,5530.0,5540.0,5460.0,5490.0,215200
2025-12-08 09:00:00+09:00,5520.0,5550.0,5480.0,5500.0,167400
2025-12-09 09:00:00+09:00,5450.0,5530.0,5420.0,5500.0,114400
2025-12-10 09:00:00+09:00,5460.0,5470.0,5410.0,5460.0,147100
2025-12-11 09:00:00+09:00,5350.0,5500.0,5320.0,5490.0,161800
2025-12-12 09:00:00+09:00,5340.0,5400.0,5300.0,5310.0,173800
2025-12-15 09:00:00+09:00,5450.0,5480.0,5390.0,5400.0,202700
2025-12-16 09:00:00+09:00,5370.0,5500.0,5360.0,5500.0,154700
2025-12-17 09:00:00+09:00,5310.0,5370.0,5270.0,5370.0,144800
2025-12-18 09:00:00+09:00,5450.0,5480.0,5320.0,5380.0,239700
2025-12-19 09:00:00+09:00,5460.0,5470.0,5400.0,5440.0,266900
2025-12-22 09:00:00+09:00,5400.0,5480.0,5370.0,5430.0,208600
2025-12-23 09:00:00+09:00,5460.0,5500.0,5400.0,5400.0,198600
2025-12-24 09:00:00+09:00,5470.0,5570.0,5460.0,5500.0,179300
2025-12-25 09:00:00+09:00,5530.0,5540.0,5460.0,5490.0,156100
2025-12-26 09:00:00+09:00,5510.0,5580.0,5480.0,5500.0,134800
2025-12-29 09:00:00+09:00,5490.0,5520.0,5430.0,5510.0,203600
2025-12-30 09:00:00+09:00,5480.0,5500.0,5420.0,5490.0,175400
2026-01-05 09:00:00+09:00,5480.0,5510.0,5420.0,5490.0,170500
2026-01-06 09:00:00+09:00,5900.0,5900.0,5590.0,5660.0,710200
2026-01-07 09:00:00+09:00,5980.0,6000.0,5800.0,5880.0,354700
2026-01-08 09:00:00+09:00,6060.0,6120.0,5950.0,5980.0,498700
2026-01-09 09:00:00+09:00,6290.0,6340.0,6100.0,6160.0,852500
2026-01-13 09:00:00+09:00,5950.0,6340.0,5950.0,6240.0,1240100
2026-01-14 09:00:00+09:00,6000.0,6040.0,5900.0,5920.0,543400
2026-01-15 09:00:00+09:00,6310.0,6730.0,6250.0,6470.0,1315600
2026-01-16 09:00:00+09:00,6390.0,6470.0,6280.0,6310.0,639800
2026-01-19 09:00:00+09:00,6110.0,6370.0,6100.0,6290.0,876800
2026-01-20 09:00:00+09:00,6270.0,6320.0,6090.0,6180.0,573100
2026-01-21 09:00:00+09:00,6230.0,6340.0,6150.0,6200.0,363200
2026-01-22 09:00:00+09:00,6260.0,6340.0,6230.0,6300.0,336400
2026-01-23 09:00:00+09:00,6270.0,6420.0,6260.0,6300.0,298300
2026-01-26 09:00:00+09:00,6340.0,6410.0,6280.0,6350.0,321700
2026-01-27 09:00:00+09:00,6200.0,6400.0,6200.0,6370.0,290100
2026-01-28 09:00:00+09:00,6280.0,6350.0,6170.0,6200.0,399200
2026-01-29 09:00:00+09:00,6280.0,6310.0,6200.0,6270.0,299000
2026-01-30 09:00:00+09:00,6270.0,6310.0,6210.0,6250.0,226200
2026-02-02 09:00:00+09:00,6430.0,6430.0,6290.0,6320.0,375200
2026-02-03 09:00:00+09:00,6450.0,6500.0,6420.0,6450.0,290800
2026-02-04 09:00:00+09:00,6420.0,6490.0,6390.0,6450.0,156000
2026-02-05 09:00:00+09:00,6580.0,6680.0,6450.0,6490.0,343000
2026-02-06 09:00:00+09:00,6580.0,6620.0,6500.0,6500.0,212100
2026-02-09 09:00:00+09:00,6600.0,6620.0,6470.0,6550.0,317300
2026-02-10 09:00:00+09:00,6690.0,6700.0,6610.0,6630.0,202900
2026-02-12 09:00:00+09:00,6690.0,6730.0,6580.0,6600.0,219500
2026-02-13 09:00:00+09:00,6670.0,6720.0,6600.0,6710.0,184600
2026-02-16 09:00:00+09:00,6570.0,6600.0,6490.0,6570.0,183300
2026-02-17 09:00:00+09:00,6650.0,6710.0,6560.0,6610.0,181200
2026-02-18 09:00:00+09:00,6720.0,6820.0,6670.0,6700.0,259100
2026-02-19 09:00:00+09:00,6960.0,7020.0,6680.0,6720.0,387900
2026-02-20 09:00:00+09:00,6930.0,7010.0,6910.0,6980.0,222900
2026-02-24 09:00:00+09:00,7030.0,7120.0,6890.0,7010.0,332900
2026-02-25 09:00:00+09:00,7150.0,7170.0,7040.0,7150.0,355400
2026-02-26 09:00:00+09:00,7010.0,7220.0,6990.0,7180.0,335300
2026-02-27 09:00:00+09:00,7010.0,7050.0,6960.0,7000.0,259700
2026-03-02 09:00:00+09:00,6930.0,7020.0,6840.0,6890.0,178600
2026-03-03 09:00:00+09:00,6750.0,6920.0,6720.0,6890.0,238200
2026-03-04 09:00:00+09:00,6750.0,6760.0,6530.0,6590.0,316300
2026-03-05 09:00:00+09:00,6830.0,6980.0,6790.0,6800.0,258600
2026-03-06 09:00:00+09:00,6760.0,6790.0,6580.0,6750.0,328900
2026-03-09 09:00:00+09:00,6510.0,6620.0,6380.0,6560.0,389900
2026-03-10 09:00:00+09:00,6550.0,6630.0,6400.0,6490.0,256000
2026-03-11 09:00:00+09:00,6560.0,6670.0,6560.0,6590.0,179900
2026-03-12 09:00:00+09:00,6570.0,6580.0,6480.0,6500.0,204400
2026-03-13 09:00:00+09:00,6660.0,6690.0,6480.0,6480.0,262200
2026-03-16 09:00:00+09:00,6470.0,6680.0,6400.0,6640.0,324700
2026-03-17 09:00:00+09:00,6570.0,6630.0,6520.0,6540.0,133600
2026-03-18 09:00:00+09:00,6830.0,6830.0,6620.0,6630.0,250800
2026-03-19 09:00:00+09:00,6670.0,6790.0,6650.0,6730.0,196100
2026-03-23 09:00:00+09:00,6550.0,6630.0,6470.0,6570.0,337600
2026-03-24 09:00:00+09:00,6700.0,6730.0,6650.0,6650.0,222200
2026-03-25 09:00:00+09:00,6800.0,6830.0,6740.0,6780.0,213800
2026-03-26 09:00:00+09:00,6740.0,6890.0,6710.0,6890.0,203900
2026-03-27 09:00:00+09:00,6770.0,6780.0,6630.0,6710.0,197700
2026-03-30 09:00:00+09:00,6500.0,6590.0,6420.0,6570.0,369800
2026-03-31 09:00:00+09:00,6360.0,6540.0,6320.0,6500.0,432800
2026-04-01 09:00:00+09:00,6620.0,6620.0,6400.0,6460.0,278900
2026-04-02 09:00:00+09:00,6610.0,6740.0,6580.0,6630.0,375200
2026-04-03 09:00:00+09:00,6700.0,6720.0,6550.0,6600.0,188800
2026-04-06 09:00:00+09:00,6630.0,6700.0,6560.0,6700.0,367200
2026-04-07 09:00:00+09:00,6670.0,6740.0,6590.0,6670.0,269400
2026-04-08 09:00:00+09:00,6740.0,6780.0,6630.0,6740.0,667900
2026-04-09 09:00:00+09:00,5820.0,6210.0,5820.0,6140.0,2895000
2026-04-10 09:00:00+09:00,5600.0,5910.0,5600.0,5880.0,2156400
2026-04-13 09:00:00+09:00,5500.0,5590.0,5450.0,5500.0,896400
2026-04-14 09:00:00+09:00,5340.0,5510.0,5270.0,5500.0,1292900
2026-04-15 09:00:00+09:00,5430.0,5490.0,5380.0,5440.0,734800
2026-04-16 09:00:00+09:00,5240.0,5340.0,5200.0,5280.0,1141100
2026-04-17 09:00:00+09:00,5280.0,5320.0,5230.0,5240.0,534100
2026-04-20 09:00:00+09:00,5290.0,5370.0,5260.0,5340.0,378700
2026-04-21 09:00:00+09:00,5210.0,5350.0,5210.0,5320.0,392200
2026-04-22 09:00:00+09:00,5100.0,5210.0,5070.0,5210.0,442000
2026-04-23 09:00:00+09:00,5140.0,5190.0,5040.0,5100.0,577400
2026-04-24 09:00:00+09:00,5100.0,5170.0,5050.0,5140.0,357300
2026-04-27 09:00:00+09:00,5170.0,5190.0,5030.0,5050.0,407000
2026-04-28 09:00:00+09:00,5160.0,5200.0,5120.0,5180.0,718200
2026-04-30 09:00:00+09:00,5080.0,5100.0,5020.0,5060.0,336700
2026-05-01 09:00:00+09:00,5050.0,5070.0,4955.0,5020.0,388400
2026-05-07 09:00:00+09:00,5190.0,5210.0,5070.0,5090.0,566400
2026-05-08 09:00:00+09:00,5180.0,5250.0,5140.0,5190.0,323700
2026-05-11 09:00:00+09:00,5170.0,5200.0,5120.0,5180.0,440900
2026-05-12 09:00:00+09:00,5040.0,5120.0,5020.0,5120.0,371800
2026-05-13 09:00:00+09:00,5100.0,5130.0,4995.0,5010.0,290800
2026-05-14 09:00:00+09:00,5160.0,5160.0,5060.0,5100.0,412500
2026-05-15 09:00:00+09:00,5130.0,5170.0,5070.0,5150.0,374900
2026-05-18 09:00:00+09:00,5100.0,5220.0,5060.0,5170.0,648500
2026-05-19 09:00:00+09:00,5200.0,5210.0,5110.0,5110.0,546400
2026-05-20 09:00:00+09:00,5230.0,5260.0,5060.0,5190.0,453900
2026-05-21 09:00:00+09:00,5170.0,5340.0,5170.0,5300.0,457900
2026-05-22 09:00:00+09:00,5270.0,5320.0,5210.0,5250.0,382800
2026-05-25 09:00:00+09:00,5240.0,5350.0,5190.0,5310.0,398700
2026-05-26 09:00:00+09:00,5150.0,5290.0,5120.0,5270.0,433300
2026-05-27 09:00:00+09:00,5300.0,5300.0,5150.0,5180.0,586200
2026-05-28 09:00:00+09:00,5260.0,5330.0,5190.0,5260.0,374900
2026-05-29 09:00:00+09:00,5340.0,5390.0,5240.0,5260.0,542900
2026-06-01 09:00:00+09:00,5290.0,5300.0,5150.0,5300.0,295800
2026-06-02 09:00:00+09:00,5320.0,5400.0,5150.0,5210.0,473400
2026-06-03 09:00:00+09:00,5280.0,5310.0,5220.0,5250.0,260100
2026-06-04 09:00:00+09:00,5150.0,5240.0,5090.0,5210.0,456100
2026-06-05 09:00:00+09:00,5120.0,5210.0,5100.0,5150.0,320000
2026-06-08 09:00:00+09:00,5170.0,5220.0,5080.0,5080.0,370200
2026-06-09 09:00:00+09:00,5150.0,5220.0,5120.0,5210.0,357800
2026-06-10 09:00:00+09:00,5260.0,5270.0,5180.0,5200.0,307300
2026-06-11 09:00:00+09:00,5380.0,5400.0,5270.0,5270.0,701500
2026-06-12 09:00:00+09:00,5340.0,5400.0,5290.0,5400.0,366500
2026-06-15 09:00:00+09:00,5440.0,5450.0,5300.0,5350.0,593000
2026-06-16 09:00:00+09:00,5260.0,5430.0,5220.0,5430.0,419400
2026-06-17 09:00:00+09:00,5230.0,5350.0,5220.0,5300.0,215300
2026-06-18 09:00:00+09:00,5150.0,5260.0,5090.0,5200.0,451200
2026-06-19 09:00:00+09:00,5210.0,5210.0,5100.0,5130.0,452900
2026-06-22 09:00:00+09:00,5190.0,5200.0,5080.0,5110.0,332400
2026-06-23 09:00:00+09:00,5210.0,5260.0,5160.0,5230.0,249500
2026-06-24 09:00:00+09:00,5290.0,5320.0,5230.0,5270.0,419400
2026-06-25 09:00:00+09:00,5400.0,5420.0,5250.0,5270.0,468000
2026-06-26 09:00:00+09:00,5340.0,5380.0,5300.0,5370.0,228100
2026-06-29 09:00:00+09:00,5510.0,5540.0,5350.0,5380.0,719000
2026-06-30 09:00:00+09:00,5420.0,5550.0,5420.0,5530.0,235900
2026-07-01 09:00:00+09:00,5350.0,5400.0,5280.0,5380.0,412800
2026-07-02 09:00:00+09:00,5400.0,5460.0,5350.0,5390.0,300000
2026-07-03 09:00:00+09:00,5470.0,5540.0,5450.0,5470.0,265700
2026-07-06 09:00:00+09:00,5550.0,5550.0,5420.0,5460.0,436500
2026-07-07 09:00:00+09:00,5630.0,5730.0,5520.0,5560.0,928300
2026-07-08 09:00:00+09:00,5770.0,5820.0,5630.0,5630.0,1121400
2026-07-09 09:00:00+09:00,5610.0,5820.0,5560.0,5760.0,1002400
2026-07-10 09:00:00+09:00,5640.0,5710.0,5470.0,5570.0,465800
2026-07-13 09:00:00+09:00,5830.0,5830.0,5670.0,5680.0,865100
2026-07-14 09:00:00+09:00,5840.0,5970.0,5790.0,5800.0,1168900
2026-07-15 09:00:00+09:00,5780.0,5900.0,5730.0,5860.0,592700
2026-07-16 09:00:00+09:00,6780.0,6780.0,6780.0,6780.0,346400
