Date,Close,High,Low,Open,Volume
2019-08-29 09:00:00+09:00,808.1212768554688,813.9470739079799,803.9599932465322,808.1212768554688,2505900
2019-08-30 09:00:00+09:00,818.1083374023438,828.0954178182421,816.443823999694,826.4309044155924,3563300
2019-09-02 09:00:00+09:00,804.7922973632812,814.7793786128774,801.4632702800826,813.114865071278,1547300
2019-09-03 09:00:00+09:00,798.1341552734375,806.45672206461,795.6373852360858,798.9664119525547,2227800
2019-09-04 09:00:00+09:00,777.3276977539062,791.4760605609903,777.3276977539062,790.6438039252794,3070000
2019-09-05 09:00:00+09:00,786.4826049804688,803.1277394774099,780.6568079065394,785.6503482556218,3951400
2019-09-06 09:00:00+09:00,798.9664916992188,800.6310052235922,793.140694363912,796.4697214126587,2549000
2019-09-09 09:00:00+09:00,805.6244506835938,809.7857340032405,795.6373707164418,800.6309107000178,2113700
2019-09-10 09:00:00+09:00,835.585693359375,838.9147200261453,815.6115333587525,818.1083033588303,3930000
2019-09-11 09:00:00+09:00,848.069580078125,855.5598904026618,842.2437831590407,848.069580078125,3742100
2019-09-12 09:00:00+09:00,850.56640625,855.5599467954991,845.572865704501,853.8954332803328,2262700
2019-09-13 09:00:00+09:00,859.72119140625,861.3857048455651,847.2373406113867,859.72119140625,3635700
2019-09-17 09:00:00+09:00,869.708251953125,878.0308189574612,861.3856849487888,864.7147117505233,2382300
2019-09-18 09:00:00+09:00,868.0436401367188,870.5404099549452,857.2243042577376,868.8758967427942,1647000
2019-09-19 09:00:00+09:00,863.0501708984375,873.0372509859797,862.2179142244756,868.0437109422086,2395300
2019-09-20 09:00:00+09:00,870.54052734375,873.0372974986556,864.7147303156369,865.5469870339388,2560500
2019-09-24 09:00:00+09:00,839.7470092773438,853.8953731601136,838.9147525783574,848.0695762672084,3647300
2019-09-25 09:00:00+09:00,836.4179077148438,838.9146775886194,818.9405185984142,831.4243679672925,2508700
2019-09-26 09:00:00+09:00,841.4114990234375,849.7340657793567,838.9147289966617,845.5727824013971,2455800
2019-09-27 09:00:00+09:00,833.82373046875,843.9409041448117,827.0789480180422,838.0392195004424,2374900
2019-09-30 09:00:00+09:00,820.3341064453125,826.2357906643435,816.961715463009,824.5495951731917,2867100
2019-10-01 09:00:00+09:00,833.82373046875,839.7254151131193,818.6479699546575,818.6479699546575,2537400
2019-10-02 09:00:00+09:00,832.1375122070312,833.8237077738135,822.863436589729,822.863436589729,1941100
2019-10-03 09:00:00+09:00,798.4136962890625,814.4325560878927,796.7275005207646,812.7463603195948,2543000
2019-10-04 09:00:00+09:00,800.9428100585938,806.8444939221833,795.041126195004,801.7859077533923,2388800
2019-10-07 09:00:00+09:00,802.6290283203125,805.1583214767841,789.1394648191308,802.6290283203125,2019200
2019-10-08 09:00:00+09:00,796.7273559570312,804.3152355375745,796.7273559570312,800.0997468817171,2174400
2019-10-09 09:00:00+09:00,784.924072265625,785.7671700876074,771.4345071139064,772.2776049358888,2534100
2019-10-10 09:00:00+09:00,791.6688232421875,795.8843121838391,780.7085519938931,792.5119210305178,1576400
2019-10-11 09:00:00+09:00,800.0997314453125,800.0997314453125,791.6687542962576,798.4135360155016,2374500
2019-10-15 09:00:00+09:00,823.70654296875,825.3927385531282,811.9031738781026,812.7462716702918,2540300
2019-10-16 09:00:00+09:00,829.6080932617188,837.1959721635028,825.3926049829499,831.2942885732264,2347100
2019-10-17 09:00:00+09:00,824.549560546875,828.7650490977281,822.8633651265337,825.3926582570456,1806000
2019-10-18 09:00:00+09:00,811.0601196289062,823.7065871906876,806.0015326041938,822.0203915157834,2523000
2019-10-21 09:00:00+09:00,815.2755737304688,815.2755737304688,801.786008911764,809.3738891222854,2078600
2019-10-23 09:00:00+09:00,823.70654296875,826.2358363453174,816.1186628390482,822.0203473843718,2441300
2019-10-24 09:00:00+09:00,822.8634033203125,822.8634033203125,811.060034830062,817.8048168244909,2673700
2019-10-25 09:00:00+09:00,811.0601196289062,821.1772936783314,807.687728279098,817.804902328523,3421600
2019-10-28 09:00:00+09:00,822.020263671875,825.3926544971956,813.5892866085737,815.275482021234,2580100
2019-10-29 09:00:00+09:00,827.0787353515625,839.7251991948585,824.5494425829032,830.4511257097747,3131400
2019-10-30 09:00:00+09:00,818.6478881835938,827.9219631269713,816.118595017218,819.490985905719,6460900
2019-10-31 09:00:00+09:00,817.8048095703125,823.706493763088,811.060027635712,819.4910050539627,3848300
2019-11-01 09:00:00+09:00,808.5307006835938,819.4909708701284,808.5307006835938,809.3737983902503,3137000
2019-11-05 09:00:00+09:00,878.5078735351562,893.683633346704,845.627060610136,846.4701583774442,8159300
2019-11-06 09:00:00+09:00,875.9786376953125,888.6251050345134,867.5476594691786,878.5079311631526,5477500
2019-11-07 09:00:00+09:00,876.8215942382812,877.6646919250488,863.33203125,868.3906173706055,2371900
2019-11-08 09:00:00+09:00,897.0559692382812,901.2714578155288,881.8802103601901,889.4680897992357,4411500
2019-11-11 09:00:00+09:00,906.3300170898438,908.8593101607921,899.5852355673146,903.8007240188953,3162200
2019-11-12 09:00:00+09:00,919.8196411132812,919.8196411132812,908.8593704125731,911.388663651198,2792300
2019-11-13 09:00:00+09:00,916.4471435546875,918.9764364991806,911.3885576657012,915.6040459065231,2520900
2019-11-14 09:00:00+09:00,916.4471435546875,917.2902412028519,909.7023623693724,913.9178506101944,2326600
2019-11-15 09:00:00+09:00,920.6626586914062,921.5057563642005,908.8592912722856,908.8592912722856,2580700
2019-11-18 09:00:00+09:00,933.3092651367188,937.5247541391429,924.0351893313855,925.7213849323551,3963800
2019-11-19 09:00:00+09:00,943.4263305664062,946.798721381657,932.4660604168412,933.3091581206538,2935700
2019-11-20 09:00:00+09:00,940.053955078125,940.8970527956839,928.250587032301,928.250587032301,3302800
2019-11-21 09:00:00+09:00,936.6817626953125,940.8972521763894,928.2507837331584,934.9955669028817,3757700
2019-11-22 09:00:00+09:00,939.2108154296875,945.1124991891201,937.5246200698497,940.8970107895254,2168800
2019-11-25 09:00:00+09:00,948.48486328125,954.386546875,946.79866796875,947.641765625,1603300
2019-11-26 09:00:00+09:00,942.583251953125,951.0142291620081,933.3091770233536,951.0142291620081,3048100
2019-11-27 09:00:00+09:00,944.2694091796875,947.6417999267578,940.0539207458496,942.5832138061523,1445200
2019-11-28 09:00:00+09:00,945.95556640625,949.327957017324,943.4262734479446,945.95556640625,1183400
2019-11-29 09:00:00+09:00,950.1712036132812,959.4452792474837,948.4850080434262,948.4850080434262,2313800
2019-12-02 09:00:00+09:00,947.6419677734375,957.7591418066058,945.1126742651454,949.3281634456322,1552300
2019-12-03 09:00:00+09:00,948.48486328125,951.85725390625,934.152203125,937.52459375,2341500
2019-12-04 09:00:00+09:00,949.328125,950.1712228019537,938.3678535746003,939.2109513765541,1838400
2019-12-05 09:00:00+09:00,955.2297973632812,966.1900686481202,952.7005039898568,958.602188527847,3009800
2019-12-06 09:00:00+09:00,964.5037231445312,967.8761137848967,957.7589418638003,962.8175278243484,2178900
2019-12-09 09:00:00+09:00,973.7780151367188,980.5227979255445,967.033232347893,973.7780151367188,1989200
2019-12-10 09:00:00+09:00,984.7382202148438,984.7382202148438,963.6607754328479,974.6210467194858,3123600
2019-12-11 09:00:00+09:00,982.2088623046875,984.7381555123391,977.9933736252683,980.5226668329199,3533300
2019-12-12 09:00:00+09:00,977.993408203125,997.3846568140491,976.3072126717403,994.0122657512796,3196700
2019-12-13 09:00:00+09:00,988.110595703125,1003.2863557053913,986.4244001473176,999.9139645937767,2987100
2019-12-16 09:00:00+09:00,1000.7568359375,1008.3447142217775,997.3844455889322,999.070640763216,4464000
2019-12-17 09:00:00+09:00,1013.4033813476562,1019.3050649328754,1004.972404797343,1011.7171860375935,2779700
2019-12-18 09:00:00+09:00,996.5416870117188,1002.4433721293855,992.3261976419569,1001.6002742554331,3143400
2019-12-19 09:00:00+09:00,982.2088623046875,993.1691328711776,979.6795690970359,990.639839663526,2806500
2019-12-20 09:00:00+09:00,977.150146484375,983.051829853996,970.4053654905226,983.051829853996,3534600
2019-12-23 09:00:00+09:00,983.89501953125,983.8950195312499,977.150237906357,982.2088241250267,1144800
2019-12-24 09:00:00+09:00,984.7382202148438,988.953709171243,979.6796334671648,979.6796334671648,863300
2019-12-25 09:00:00+09:00,979.6795654296875,982.2088586278708,976.3071744987762,980.5226631624153,813500
2019-12-26 09:00:00+09:00,994.0123291015625,994.0123291015625,977.1503727130712,977.9934705324957,1295800
2019-12-27 09:00:00+09:00,1005.8156127929688,1011.7172970256182,994.8553420751912,994.8553420751912,2171600
2019-12-30 09:00:00+09:00,1004.9724731445312,1010.0310594187487,1000.7569845826833,1002.4431800074225,2075200
2020-01-06 09:00:00+09:00,994.8551635742188,997.3844563629667,983.051797226728,989.7965779967227,3944800
2020-01-07 09:00:00+09:00,1015.0897216796875,1015.0897216796875,997.3846683945767,999.0708639455396,3266800
2020-01-08 09:00:00+09:00,1010.8742065429688,1018.4620863251929,1000.7570335000033,1003.2863267607446,3512800
2020-01-09 09:00:00+09:00,1039.5394287109375,1041.2256240535344,1024.3636706275663,1027.7360613127598,3227800
2020-01-10 09:00:00+09:00,1051.343017578125,1056.4016046715242,1046.2844304847258,1048.8137240314254,3112800
2020-01-14 09:00:00+09:00,1066.518798828125,1069.0480924221838,1042.9120586169095,1045.4413522109683,3422700
2020-01-15 09:00:00+09:00,1056.4014892578125,1066.518662339292,1048.813609446703,1062.3031735553423,4017900
2020-01-16 09:00:00+09:00,1053.8724365234375,1058.0879262695312,1042.9121631835937,1049.6569467773438,2211600
2020-01-17 09:00:00+09:00,1056.4014892578125,1060.6169780417622,1047.127413933123,1049.656707203493,2517100
2020-01-20 09:00:00+09:00,1059.7738037109375,1068.2047806696562,1056.40141292745,1060.6169014068093,1642500
2020-01-21 09:00:00+09:00,1056.4014892578125,1062.3031735553423,1055.5583915010225,1060.6169780417622,1583300
2020-01-22 09:00:00+09:00,1055.558349609375,1056.4014473327052,1048.8135678227336,1053.8721541627147,1760600
2020-01-23 09:00:00+09:00,1053.8724365234375,1061.4603180664062,1052.186240625,1056.401730371094,1886200
2020-01-24 09:00:00+09:00,1069.890869140625,1080.0080404800162,1046.2841360153789,1063.9891858593135,3803800
2020-01-27 09:00:00+09:00,1069.890869140625,1070.733966752241,1053.8720145199222,1057.244404966386,1948500
2020-01-28 09:00:00+09:00,1074.1064453125,1086.7529105241856,1066.5185661854887,1084.2236174818484,3425600
2020-01-29 09:00:00+09:00,1079.1651611328125,1081.6944544792175,1060.6170099258422,1078.3220633506774,2686300
2020-01-30 09:00:00+09:00,1050.4996337890625,1069.8908790355702,1045.4410480725824,1069.8908790355702,2774200
2020-01-31 09:00:00+09:00,1061.4599609375,1069.8909375930798,1057.24447260971,1062.303058603058,2789000
2020-02-03 09:00:00+09:00,1056.4014892578125,1061.4600757985522,1028.579263283744,1028.579263283744,2879000
2020-02-04 09:00:00+09:00,1043.7550048828125,1047.970493593971,1033.6378319760324,1041.2257116561175,2952800
2020-02-05 09:00:00+09:00,1037.8533935546875,1049.6567627746433,1022.67763312903,1049.6567627746433,5230300
2020-02-06 09:00:00+09:00,1065.6754150390625,1070.734000869944,1053.8720481003388,1053.8720481003388,3203500
2020-02-07 09:00:00+09:00,1053.0289306640625,1085.066640323978,1047.127247305657,1079.1649569655724,3109600
2020-02-10 09:00:00+09:00,1008.3449096679688,1021.8344736769048,992.3260524073572,1008.3449096679688,5382800
2020-02-12 09:00:00+09:00,1008.3449096679688,1030.2654511824899,1004.9725186657348,1021.8344736769048,2849200
2020-02-13 09:00:00+09:00,997.3843994140625,1006.6584724432719,994.8551067697327,999.0705945102824,2191100
2020-02-14 09:00:00+09:00,964.5037231445312,990.6397506073638,961.9744301642571,982.2087740064501,4969300
2020-02-17 09:00:00+09:00,947.6419677734375,956.0729461344112,937.5247937402692,950.1712612817296,4343300
2020-02-18 09:00:00+09:00,948.48486328125,950.17105859375,937.52459375,944.269375,2526400
2020-02-19 09:00:00+09:00,948.48486328125,953.54344921875,940.896984375,949.3279609374999,3457900
2020-02-20 09:00:00+09:00,936.6817626953125,961.9746995817745,936.6817626953125,952.7006227234051,4110600
2020-02-21 09:00:00+09:00,939.2108154296875,952.7003783083904,932.4660339903361,933.309131670255,1913700
2020-02-25 09:00:00+09:00,894.5267333984375,910.5455910182022,887.7819512427471,895.3698311678988,5133800
2020-02-26 09:00:00+09:00,901.2714233398438,907.1731071222375,882.7232743094635,886.938762725459,4740200
2020-02-27 09:00:00+09:00,876.8215942382812,888.6249618530273,874.2923011779785,885.252571105957,3207400
2020-02-28 09:00:00+09:00,847.3131713867188,859.9596366312967,839.7252922399721,849.8424644356344,5772700
2020-03-02 09:00:00+09:00,862.4889526367188,872.6061251016656,827.921946714817,831.294337536466,3805500
2020-03-03 09:00:00+09:00,854.9010620117188,878.5077974518846,854.9010620117188,876.8216020633013,3518200
2020-03-04 09:00:00+09:00,860.8027954101562,864.1751863814007,836.3529608686338,840.5684495826894,3414100
2020-03-05 09:00:00+09:00,871.7631225585938,882.7233939253846,864.1752423815848,875.1355137483756,4567900
2020-03-06 09:00:00+09:00,827.9219360351562,859.9596484275554,820.334056784325,857.4303553439449,4580900
2020-03-09 09:00:00+09:00,764.6895751953125,802.6289697750138,761.3171845660057,802.6289697750138,5025600
2020-03-10 09:00:00+09:00,817.8048095703125,820.3341027957878,758.787967642558,784.0808998973099,11485100
2020-03-11 09:00:00+09:00,776.492919921875,793.3548725803305,773.120529390184,793.3548725803305,9885700
2020-03-12 09:00:00+09:00,695.5557250976562,755.4156723484848,693.0264315518466,751.2001831054687,8373500
2020-03-13 09:00:00+09:00,626.421630859375,640.754292669078,592.6977207188972,632.3233151339587,8344700
2020-03-16 09:00:00+09:00,593.5408325195312,626.4216456846758,589.3253436522051,626.4216456846758,6417200
2020-03-17 09:00:00+09:00,580.8944091796875,606.1873442673372,565.7186481270977,581.7375070159425,7344600
2020-03-18 09:00:00+09:00,579.2081909179688,600.2856360023198,562.3462348504878,591.0115601652053,8863100
2020-03-19 09:00:00+09:00,607.0303344726562,621.3629951477051,575.8357200622559,597.7562599182129,8174400
2020-03-23 09:00:00+09:00,624.7354125976562,627.2647057660679,600.2855786363446,619.6768262608332,7295200
2020-03-24 09:00:00+09:00,687.1246337890625,687.1246337890625,641.5973574398486,647.499041411043,5119100
2020-03-25 09:00:00+09:00,745.29833984375,752.8862188693085,720.8485074280613,741.925949165724,6583800
2020-03-26 09:00:00+09:00,689.6539306640625,752.0431615554324,679.5367580870836,738.5535981194606,6860600
2020-03-27 09:00:00+09:00,658.4593505859375,757.1017885098231,642.4404931453065,715.7899982681957,14408800
2020-03-30 09:00:00+09:00,668.7477416992188,668.7477416992188,621.5924522204277,666.1756350003756,6805500
2020-03-31 09:00:00+09:00,680.7509155273438,690.1819735510223,651.6003725450646,655.8872171012821,7889100
2020-04-01 09:00:00+09:00,644.7413330078125,696.1834606414146,634.4529074810921,679.8934535574406,4895200
2020-04-02 09:00:00+09:00,608.73193359375,634.4530012103874,604.4450889909771,624.1645741637324,6414300
2020-04-03 09:00:00+09:00,594.1566162109375,613.876099865846,589.8697719381313,601.0155670474273,4313300
2020-04-06 09:00:00+09:00,600.158203125,608.7318917410714,571.8650306919643,584.7255636160714,8051100
2020-04-07 09:00:00+09:00,597.5861206054688,625.879294177894,581.2961115789208,608.731916255212,8199700
2020-04-08 09:00:00+09:00,594.1566162109375,602.7303047565498,576.1518702651515,593.2992473563762,6873900
2020-04-09 09:00:00+09:00,583.0108032226562,596.728704474954,574.4371149399701,595.0139668184169,8143000
2020-04-10 09:00:00+09:00,599.30078125,605.3023627503577,579.5812991773963,587.2976182492847,5381400
2020-04-13 09:00:00+09:00,588.155029296875,602.7302997021911,586.4402916021319,598.4434554653334,2607200
2020-04-14 09:00:00+09:00,607.8745727539062,609.58931061781,582.1535047953488,591.5845630468199,5054700
2020-04-15 09:00:00+09:00,618.1629638671875,631.8808659779711,615.5908572214156,624.1645460406553,5299000
2020-04-16 09:00:00+09:00,604.4451293945312,607.8746053059896,598.4435465494792,601.0156534830729,4014900
2020-04-17 09:00:00+09:00,629.3087768554688,629.3087768554688,609.589292022123,617.3056121743018,4604400
2020-04-20 09:00:00+09:00,635.310302734375,636.167671563976,613.0187131647479,618.1629261423541,3999200
2020-04-21 09:00:00+09:00,610.4467163085938,627.5940959801835,610.4467163085938,624.1646200458656,4111500
2020-04-22 09:00:00+09:00,583.8682861328125,596.7288210696586,581.2961791454433,593.2993450864997,5539300
2020-04-23 09:00:00+09:00,597.5861206054688,600.158227293871,589.0124316441277,590.7271694363959,4385600
2020-04-24 09:00:00+09:00,600.158203125,601.8729408482143,589.0124079241072,595.8713588169643,7015400
2020-04-27 09:00:00+09:00,617.3055419921875,617.3055419921875,602.7302722507053,610.4465915256077,3439900
2020-04-28 09:00:00+09:00,617.3055419921875,619.877648417155,606.1597474839953,617.3055419921875,3400100
2020-04-30 09:00:00+09:00,634.4530639648438,647.3135990452122,634.4530639648438,643.0267540184227,4692200
2020-05-01 09:00:00+09:00,617.3055419921875,621.5923860337999,603.5876410590278,619.0202796088324,4039400
2020-05-07 09:00:00+09:00,607.0171508789062,612.1613640219477,601.8729377358646,604.4450443073854,3229800
2020-05-08 09:00:00+09:00,654.1724243164062,656.744530834033,608.7318758383335,619.0203019088406,6907400
2020-05-11 09:00:00+09:00,662.7461547851562,676.4640570834259,631.0235057204075,640.4545635504679,7848700
2020-05-12 09:00:00+09:00,644.7413330078125,675.6066095879738,643.8839642139192,673.0345032062937,4466300
2020-05-13 09:00:00+09:00,657.6019897460938,663.6035724426031,623.3072314803261,628.4514452201913,5425000
2020-05-14 09:00:00+09:00,607.0171508789062,639.5971674515029,604.4450443073854,633.5955854512877,6159300
2020-05-15 09:00:00+09:00,615.5906982421875,623.3070161867274,600.1580623531075,619.0201728842052,3805300
2020-05-18 09:00:00+09:00,626.7366943359375,628.4514322137376,608.7319466190364,619.020373885837,2830500
2020-05-19 09:00:00+09:00,649.8857421875,658.4594327176782,643.8841588163754,647.3136350284466,3709700
2020-05-20 09:00:00+09:00,650.7431030273438,651.6004720695405,634.4530912256052,643.8841506897696,2486600
2020-05-21 09:00:00+09:00,656.74462890625,667.0330565131364,651.6004151028068,655.029890971769,2555900
2020-05-22 09:00:00+09:00,634.4530639648438,663.6036101470122,631.0235879434122,663.6036101470122,2621200
2020-05-25 09:00:00+09:00,650.7431030273438,655.0299482383275,639.5973054787858,643.8841506897696,2302900
2020-05-26 09:00:00+09:00,676.4640502929688,684.1803702582878,661.0314103623307,665.318254787508,4097700
2020-05-27 09:00:00+09:00,692.75390625,694.4686436417079,666.1754766785272,673.0344262453589,3771000
2020-05-28 09:00:00+09:00,702.18505859375,709.9013779189561,685.8950511294262,708.1866402911324,4448300
2020-05-29 09:00:00+09:00,682.4656372070312,697.8982772443762,679.0361616431768,691.0393261166673,7488000
2020-06-01 09:00:00+09:00,692.75390625,698.7554871209777,685.0375879873143,688.4670627707302,2357000
2020-06-02 09:00:00+09:00,703.04248046875,708.1866937404726,691.8966850466845,694.4687916825458,3230300
2020-06-03 09:00:00+09:00,731.335693359375,736.479906911727,722.762004105455,727.048848732415,3949000
2020-06-04 09:00:00+09:00,733.0504150390625,754.4846377010234,727.0488326937134,753.627268794545,3987300
2020-06-05 09:00:00+09:00,767.3451538085938,769.9172604694046,739.0519805396735,742.4814560874214,3725500
2020-06-08 09:00:00+09:00,801.639892578125,801.639892578125,777.6335642442347,786.2072529349098,4131800
2020-06-09 09:00:00+09:00,787.9219970703125,816.2151699792573,778.4909394339976,814.5004322272001,4196700
2020-06-10 09:00:00+09:00,793.923583984375,799.9251661527234,768.2025175485961,775.9188374793298,3290000
2020-06-11 09:00:00+09:00,735.62255859375,780.2057439630681,733.05045174552,773.3467923677885,5857400
2020-06-12 09:00:00+09:00,722.7620239257812,728.7636065681069,691.039372816346,697.0409554586716,4969800
2020-06-15 09:00:00+09:00,709.0440063476562,735.6224394755611,709.0440063476562,718.4750632640096,2414700
2020-06-16 09:00:00+09:00,751.9125366210938,755.3420122727293,731.3356827112805,734.765158362916,3456500
2020-06-17 09:00:00+09:00,736.4798583984375,753.6272357767481,726.1914319714512,748.4830225632548,2895800
2020-06-18 09:00:00+09:00,730.4783325195312,735.6225461288237,720.1899053009463,729.6209635846491,2138700
2020-06-19 09:00:00+09:00,707.3294067382812,720.18994140625,706.4720377604167,717.6178344726562,5132300
2020-06-22 09:00:00+09:00,719.3325805664062,727.0489014544845,700.4704628399927,707.3294147405068,2160500
2020-06-23 09:00:00+09:00,731.335693359375,743.3388583148629,715.903052702319,732.193062284767,2980100
2020-06-24 09:00:00+09:00,709.0440063476562,732.1929642332508,708.1866375370787,728.7634889909406,3157600
2020-06-25 09:00:00+09:00,681.6082763671875,691.0393342791863,678.1788007628243,690.1819653780955,5058100
2020-06-26 09:00:00+09:00,677.3214721679688,685.8951616890823,671.3198895031893,681.6083169285256,4361200
2020-06-29 09:00:00+09:00,642.1693115234375,660.1740585754965,640.4545737089556,657.6019518537738,5116300
2020-06-30 09:00:00+09:00,659.3167724609375,673.8920457143003,654.1725583715154,655.8872964013227,5296100
2020-07-01 09:00:00+09:00,651.6004028320312,668.7477818539268,648.1709270276522,660.1740923429791,4691300
2020-07-02 09:00:00+09:00,655.8872680664062,664.4609578450521,644.7414713541666,646.4562093098958,3644700
2020-07-03 09:00:00+09:00,662.7461547851562,667.8903681470074,654.1724658487376,661.8887858915143,2672900
2020-07-06 09:00:00+09:00,682.4656372070312,684.1803749889585,667.0329971696864,667.89036606065,2288500
2020-07-07 09:00:00+09:00,676.4640502929688,681.6082636031815,673.8919436378625,679.8935258331106,2692600
2020-07-08 09:00:00+09:00,668.7477416992188,674.7493239965195,661.8887905023037,668.7477416992188,2479000
2020-07-09 09:00:00+09:00,661.8887939453125,669.6051140819806,659.3166872330897,661.0314250412382,2697600
2020-07-10 09:00:00+09:00,656.74462890625,673.8920082510607,653.3151530372878,667.890425480377,3282800
2020-07-13 09:00:00+09:00,686.75244140625,693.6113921319054,666.1755892292838,669.6050645921115,3424900
2020-07-14 09:00:00+09:00,685.8952026367188,686.7525716400147,670.4625605773927,675.606774597168,2310200
2020-07-15 09:00:00+09:00,691.896728515625,700.4704178404778,679.893563460831,697.0409421105367,3089900
2020-07-16 09:00:00+09:00,708.1867065429688,724.4767155312453,698.7556487076507,720.1898710606462,3595900
2020-07-17 09:00:00+09:00,690.1818237304688,699.6128797069099,689.3244550053377,695.3260360812548,2176000
2020-07-20 09:00:00+09:00,694.46875,698.7555941358024,686.7524305555555,692.754012345679,2361100
2020-07-21 09:00:00+09:00,688.4672241210938,691.8966997082474,682.4656418435749,691.039330811459,2172200
2020-07-22 09:00:00+09:00,696.18359375,710.7588660329434,691.896748960899,698.7557006234606,3292000
2020-07-27 09:00:00+09:00,684.1803588867188,685.0377277575041,674.7493013080798,684.1803588867188,2557900
2020-07-28 09:00:00+09:00,679.0362548828125,691.0394210044784,677.3215168654317,683.3230999262646,2381900
2020-07-29 09:00:00+09:00,620.735107421875,649.8856511405819,618.1630006231657,643.0266996773568,9612100
2020-07-30 09:00:00+09:00,603.5877075195312,627.5940367958763,602.7303386168047,622.4498233795166,3178400
2020-07-31 09:00:00+09:00,578.7239990234375,594.1566389973958,577.8666301359954,592.4419012225115,4851200
2020-08-03 09:00:00+09:00,604.4451293945312,608.7319742838541,587.2977498372396,587.2977498372396,2836500
2020-08-04 09:00:00+09:00,629.3087768554688,631.8808835728616,608.7319231163253,614.7335054569088,4613600
2020-08-05 09:00:00+09:00,611.3040161132812,620.7350738653796,599.3008517015198,603.5876961342917,6300100
2020-08-06 09:00:00+09:00,634.4530639648438,648.1709680505701,612.1614698255385,613.0188388308964,4467400
2020-08-07 09:00:00+09:00,632.7382202148438,634.4529579390032,624.1645315940464,628.4513759044451,2085400
2020-08-11 09:00:00+09:00,672.1773071289062,673.8920451572964,650.7430817740304,658.4594029017858,3831400
2020-08-12 09:00:00+09:00,687.60986328125,692.7540767222569,674.7493296787328,674.7493296787328,3783400
2020-08-13 09:00:00+09:00,687.60986328125,700.4703968837672,684.1803876539121,699.6130279769327,3784200
2020-08-14 09:00:00+09:00,685.8952026367188,691.8967856597901,683.3230956268311,690.1820476531983,2345100
2020-08-17 09:00:00+09:00,679.0362548828125,684.1804689349551,673.89204083067,678.1788858741221,1501300
2020-08-18 09:00:00+09:00,659.3167724609375,677.321521773915,656.7446654162264,673.8920457143003,2338400
2020-08-19 09:00:00+09:00,667.890380859375,671.3198564992177,652.4577404800826,655.0298472099647,1912700
2020-08-20 09:00:00+09:00,659.3167724609375,673.0346766993965,657.6020344311302,662.7462485205523,2173200
2020-08-21 09:00:00+09:00,661.8887939453125,671.319851890129,659.3166872330897,659.3166872330897,1788600
2020-08-24 09:00:00+09:00,649.0283203125,665.3183309940555,648.1709513292602,662.7462240443361,1737200
2020-08-25 09:00:00+09:00,675.6068115234375,675.6068115234375,661.8889067209311,661.8889067209311,3304300
2020-08-26 09:00:00+09:00,665.3182983398438,675.6067256337589,659.3167157517266,662.746191516365,2061700
2020-08-27 09:00:00+09:00,661.0315551757812,667.0331386858078,656.7447098114766,664.461031467225,2116700
2020-08-28 09:00:00+09:00,660.1741333007812,685.0378344250964,655.8872882793476,664.4609783222149,2963600
2020-08-31 09:00:00+09:00,679.8935546875,684.1803992946091,671.3198654732819,679.0361857660781,3644300
2020-09-01 09:00:00+09:00,661.8887939453125,668.7477451779064,658.4593183290156,667.0330073697579,2470400
2020-09-02 09:00:00+09:00,661.8887939453125,665.3182695616094,650.7429981923474,661.8887939453125,3172900
2020-09-03 09:00:00+09:00,670.46240234375,676.4639839504076,668.7476647418478,674.7492463485054,1636200
2020-09-04 09:00:00+09:00,655.0299072265625,662.7462281232105,649.0283243069474,659.3167521691447,3177800
2020-09-07 09:00:00+09:00,666.1756591796875,666.1756591796875,651.6003873572233,655.029863080156,2442100
2020-09-08 09:00:00+09:00,653.315185546875,668.7478277251477,645.5988644577386,667.8904587152435,3653200
2020-09-09 09:00:00+09:00,643.026611328125,647.3134554036458,636.1676608072917,644.7413489583333,2653000
2020-09-10 09:00:00+09:00,653.315185546875,653.315185546875,643.0267574280266,643.8841264379306,2301800
2020-09-11 09:00:00+09:00,643.026611328125,646.4560865885417,631.0234479166667,644.7413489583333,4785200
2020-09-14 09:00:00+09:00,645.5987548828125,654.1724435266746,643.8840171540401,649.8855992047436,3173100
2020-09-15 09:00:00+09:00,637.8824462890625,639.5971840479041,632.7382330125378,638.7398151684832,2092300
2020-09-16 09:00:00+09:00,618.1629638671875,629.3087593321992,617.3055949852635,629.3087593321992,3194600
2020-09-17 09:00:00+09:00,600.158203125,623.3071623883928,598.4434654017857,617.3055803571428,4171000
2020-09-18 09:00:00+09:00,601.015625,610.4466833095578,600.1582560627675,607.8745764978602,4905100
2020-09-23 09:00:00+09:00,612.1614379882812,613.0188069490491,595.8714277336911,604.4451173413702,3456500
2020-09-24 09:00:00+09:00,608.73193359375,617.3056227992957,605.3024579115317,606.1598268320863,3935500
2020-09-25 09:00:00+09:00,603.5877075195312,613.8761343522506,597.586125200445,613.0187654495239,3088600
2020-09-28 09:00:00+09:00,623.3071899414062,624.1645588409131,604.4450741522578,610.446656448805,2992700
2020-09-29 09:00:00+09:00,627.20556640625,633.269708622885,616.8098940348757,624.6066483134064,2882900
2020-09-30 09:00:00+09:00,611.612060546875,635.8686295204054,609.0131424425682,621.1414269293334,4086400
2020-10-02 09:00:00+09:00,595.1522216796875,622.0077076652339,589.954385682485,615.9435656684976,4937500
2020-10-05 09:00:00+09:00,619.4088134765625,621.1414255422312,605.5479169512129,606.4142229840472,3618000
2020-10-06 09:00:00+09:00,623.7402954101562,625.4729073418512,617.6761536492241,622.0076834784613,1810300
2020-10-07 09:00:00+09:00,616.8099365234375,618.5425487046831,609.0131817078322,614.2110182515692,1587700
2020-10-08 09:00:00+09:00,615.943603515625,624.6066640432709,615.0772974628604,622.8740519377418,2065900
2020-10-09 09:00:00+09:00,606.4141845703125,619.4087742396763,604.6815726143973,616.8098563058036,2233700
2020-10-12 09:00:00+09:00,590.8207397460938,606.4142490062546,585.6229033260402,606.4142490062546,2548800
2020-10-13 09:00:00+09:00,596.0184936523438,598.6174115025719,589.9543520018112,596.8847996024198,1577400
2020-10-14 09:00:00+09:00,573.4945068359375,589.088013064105,571.7618950328078,589.088013064105,3687700
2020-10-15 09:00:00+09:00,576.0934448242188,581.2912804166177,569.1629973676868,572.6282210959528,2897800
2020-10-16 09:00:00+09:00,571.761962890625,579.5587169300426,569.1630448774857,572.6282688950047,2812300
2020-10-19 09:00:00+09:00,577.826171875,590.8207634464018,576.9598657702398,588.2218451321214,3463300
2020-10-20 09:00:00+09:00,573.4945068359375,579.5586481468915,570.8955891312429,575.2271186390673,3889500
2020-10-21 09:00:00+09:00,589.0880737304688,589.9543797212489,574.360871887207,575.2271778779871,2840500
2020-10-22 09:00:00+09:00,590.8207397460938,592.5533518861116,582.1576790460044,587.355515466058,2486500
2020-10-23 09:00:00+09:00,602.0826416015625,605.5478654381183,594.2858879693121,598.6174177650067,3884800
2020-10-26 09:00:00+09:00,606.4141845703125,610.7457144601004,597.7511247907365,597.7511247907365,2913200
2020-10-27 09:00:00+09:00,616.8099365234375,616.8099365234375,593.4196720766217,599.4838147109814,4366700
2020-10-28 09:00:00+09:00,586.4890747070312,611.611944967746,580.4249336096174,610.7456390966869,3359300
2020-10-29 09:00:00+09:00,602.948974609375,608.1468105973869,585.6228546493355,591.6869966353494,4201500
2020-10-30 09:00:00+09:00,590.8207397460938,608.1468611462725,584.7565972560312,606.4142490062546,3675900
2020-11-02 09:00:00+09:00,612.4783325195312,615.9435564658935,596.0185187743105,596.0185187743105,2953200
2020-11-04 09:00:00+09:00,615.0772705078125,624.6066366706095,612.4783524634133,616.8098825374119,4156400
2020-11-05 09:00:00+09:00,551.8369750976562,568.2967906814168,546.6391385975213,567.430484598061,10424000
2020-11-06 09:00:00+09:00,552.703369140625,570.8957997863196,541.4413882647189,552.703369140625,8334500
2020-11-09 09:00:00+09:00,551.8369750976562,567.430484598061,550.9706690143004,558.7674237645028,5646400
2020-11-10 09:00:00+09:00,623.7402954101562,623.7402954101562,592.5532806396484,595.1521985371908,8627300
2020-11-11 09:00:00+09:00,607.2805786132812,630.6708434100838,602.9490480953548,622.0077823742309,6076000
2020-11-12 09:00:00+09:00,589.0880737304688,605.5478875552907,583.023931795008,589.9543797212489,4016900
2020-11-13 09:00:00+09:00,572.62841796875,581.2914802678234,565.6979681294913,571.7621117388427,4436000
2020-11-16 09:00:00+09:00,580.4251098632812,590.8207834727729,576.959885326784,581.2914159974056,3686400
2020-11-17 09:00:00+09:00,583.8901977539062,593.4195629991481,578.6923621655926,589.08803334222,4277600
2020-11-18 09:00:00+09:00,571.761962890625,581.291328938802,570.0293508818655,578.6924109256629,3681600
2020-11-19 09:00:00+09:00,570.8956909179688,573.4946090860324,563.098936413778,566.5641606378628,4469800
2020-11-20 09:00:00+09:00,580.4251098632812,584.7566405339028,571.7620485220382,575.2272730585354,3560200
2020-11-24 09:00:00+09:00,603.8153076171875,607.2805317642016,593.4196351761456,597.751165359913,3155400
2020-11-25 09:00:00+09:00,623.7402954101562,631.5370491027832,615.9435417175293,619.4087655809191,4770600
2020-11-26 09:00:00+09:00,623.7402954101562,626.3392133076985,615.0772357516819,623.7402954101562,3940900
2020-11-27 09:00:00+09:00,613.3446655273438,623.7403378244175,611.6120534778315,622.0077257749051,3216600
2020-11-30 09:00:00+09:00,603.8153076171875,617.6762042052435,603.8153076171875,617.6762042052435,6287700
2020-12-01 09:00:00+09:00,614.2109985351562,622.8740591632967,607.2805500326439,614.2109985351562,3019500
2020-12-02 09:00:00+09:00,632.4034423828125,632.4034423828125,611.6120963318707,616.8099328446061,3665000
2020-12-03 09:00:00+09:00,636.7349853515625,646.2643524792729,632.4034548389668,636.7349853515625,4092400
2020-12-04 09:00:00+09:00,643.6654052734375,645.3980174006876,635.0023446371866,640.2001810189372,2752300
2020-12-07 09:00:00+09:00,639.3338012695312,649.7294728348895,638.4674953057514,648.8631668711097,3044500
2020-12-08 09:00:00+09:00,645.39794921875,660.9914567166527,640.2001133861157,648.8631731071728,3426600
2020-12-09 09:00:00+09:00,645.39794921875,653.1947029677013,641.0664193582214,641.0664193582214,3361900
2020-12-10 09:00:00+09:00,648.8632202148438,658.3925865998415,646.2643021098444,658.3925865998415,4196700
2020-12-11 09:00:00+09:00,647.130615234375,657.5262877682605,645.3980031453941,654.0610635902988,4441700
2020-12-14 09:00:00+09:00,641.9327392578125,647.9968811941211,638.4675152942075,642.7990452487137,2746000
2020-12-15 09:00:00+09:00,614.2109985351562,633.2697319170652,611.6120803467142,628.9382016029949,5016600
2020-12-16 09:00:00+09:00,622.007568359375,624.6064857759184,610.7455928876872,613.3445103042305,3264400
2020-12-17 09:00:00+09:00,611.612060546875,627.205569172716,611.612060546875,621.1414269293334,3225300
2020-12-18 09:00:00+09:00,619.4088134765625,622.0077315750656,610.745753148219,611.6120591810533,3164700
2020-12-21 09:00:00+09:00,604.681640625,625.4729864344556,601.2164163234241,623.7403742836676,3055600
2020-12-22 09:00:00+09:00,580.4251098632812,596.8849264116429,579.5588037291569,591.6870896068972,3748700
2020-12-23 09:00:00+09:00,575.2272338867188,586.4892128634166,571.7620095861963,582.1576824877635,2684100
2020-12-24 09:00:00+09:00,586.4890747070312,593.4195216755043,578.6923218674991,578.6923218674991,1830800
2020-12-25 09:00:00+09:00,581.2913818359375,588.2218305016416,580.4250757527245,585.6229122520026,1097200
2020-12-28 09:00:00+09:00,576.9598388671875,585.6228995108389,573.4946146097269,582.1576752533783,1817300
2020-12-29 09:00:00+09:00,590.8207397460938,591.6870458161027,577.8261486959598,583.0239851160134,2565500
2020-12-30 09:00:00+09:00,586.4890747070312,589.9542981912678,580.4249336096174,589.9542981912678,2672500
2021-01-04 09:00:00+09:00,568.296875,590.8208365091464,564.831650152439,589.9545302972562,2806500
2021-01-05 09:00:00+09:00,584.756591796875,586.4892039207176,567.4304705584491,567.4304705584491,2929500
2021-01-06 09:00:00+09:00,593.4196166992188,593.4196166992188,581.2913325623005,584.7565566014199,3176900
2021-01-07 09:00:00+09:00,604.681640625,615.9436196051219,602.0827223988181,605.547946700394,4310700
2021-01-08 09:00:00+09:00,601.2163696289062,601.2163696289062,584.7565554748007,589.0880855153548,4078400
2021-01-12 09:00:00+09:00,606.4141845703125,609.0131025041852,599.4837367466517,604.6815726143973,2479200
2021-01-13 09:00:00+09:00,619.4088134765625,621.1414255422312,604.6816109183785,613.344671246722,3070200
2021-01-14 09:00:00+09:00,634.135986328125,636.7349043048796,609.879418545082,613.3446425140882,4496200
2021-01-15 09:00:00+09:00,665.3230590820312,667.9219772815704,632.4034285545349,632.4034285545349,5975800
2021-01-18 09:00:00+09:00,635.86865234375,658.3926100561989,635.0023462778865,655.7936918586087,2796800
2021-01-19 09:00:00+09:00,634.135986328125,644.5316582351435,631.5370683513704,640.2001282738858,2322100
2021-01-20 09:00:00+09:00,641.9327392578125,643.6653512396149,634.1359853397014,634.1359853397014,2182300
2021-01-21 09:00:00+09:00,640.2001953125,649.7295622251353,636.7349709806326,646.2643378932679,2801500
2021-01-22 09:00:00+09:00,649.7294921875,654.0610221354167,634.135984375,635.8685963541667,2478600
2021-01-25 09:00:00+09:00,637.601318359375,653.1948288627293,635.0023999421493,650.5959104455036,2407900
2021-01-26 09:00:00+09:00,635.86865234375,642.7991008706574,631.537122014433,635.86865234375,3167200
2021-01-27 09:00:00+09:00,670.5208129882812,670.5208129882812,636.7348805508873,646.2642461101523,4066800
2021-01-28 09:00:00+09:00,702.57421875,713.836197595561,658.392609432799,659.2589154978422,8838800
2021-01-29 09:00:00+09:00,684.3818359375,697.3764277590981,676.5850808445412,695.6438155162183,8890400
2021-02-01 09:00:00+09:00,707.7720336914062,717.3014001180959,685.248076682867,685.248076682867,4344500
2021-02-02 09:00:00+09:00,706.0394287109375,711.237264995926,696.5100621884586,710.3709589484279,4589300
2021-02-03 09:00:00+09:00,705.1732177734375,709.5047485951417,693.0449314726659,698.2427684587109,3028800
2021-02-04 09:00:00+09:00,711.2373657226562,714.7025904034,696.5101608294952,698.2427731698672,3944500
2021-02-05 09:00:00+09:00,790.9375610351562,802.1995416413524,749.3548634122784,750.221169612755,10887900
2021-02-08 09:00:00+09:00,814.32763671875,825.589614673371,781.4080088513963,788.3384568234708,5370100
2021-02-09 09:00:00+09:00,790.0711669921875,809.9962073878238,779.6754937422902,801.3331463462428,5202400
2021-02-10 09:00:00+09:00,789.204833984375,799.6005068798881,766.6808760440964,782.2743853873662,5402100
2021-02-12 09:00:00+09:00,822.99072265625,822.99072265625,787.4721756784539,802.1993780838816,4020100
2021-02-15 09:00:00+09:00,824.7233276367188,836.8516118666705,815.1939614560424,827.3222456859941,2068200
2021-02-16 09:00:00+09:00,833.386474609375,839.4506173560128,814.3277402627988,824.7234135427494,2339000
2021-02-17 09:00:00+09:00,839.4505615234375,844.6483978177002,829.054888934912,840.3168675724813,2314800
2021-02-18 09:00:00+09:00,813.4613647460938,843.7820758921143,813.4613647460938,841.183157793884,2873700
2021-02-19 09:00:00+09:00,809.1298217773438,829.9211662341492,803.9319856631424,816.9265759486458,2176200
2021-02-22 09:00:00+09:00,821.2581176757812,834.2527081453347,812.5950573627456,822.1244237070848,2245300
2021-02-24 09:00:00+09:00,826.4560546875,851.5789326601808,818.659299454599,834.252809920401,3486600
2021-02-25 09:00:00+09:00,848.113525390625,855.9102789437563,833.3863242347102,845.5146075395812,3246500
2021-02-26 09:00:00+09:00,798.7341918945312,829.9212102331463,793.536355504762,822.1244556484926,5288900
2021-03-01 09:00:00+09:00,829.054931640625,839.4506047646454,803.9320549242424,808.2635853925842,2816500
2021-03-02 09:00:00+09:00,843.7821655273438,873.2365737695714,835.9854104044011,848.1136961512008,4032500
2021-03-03 09:00:00+09:00,837.7179565429688,848.1136292198205,835.9853444301601,835.9853444301601,2647600
2021-03-04 09:00:00+09:00,967.6638793945312,967.6638793945312,967.6638793945312,967.6638793945312,2164900
2021-03-05 09:00:00+09:00,1050.829345703125,1054.2945702561444,939.9421600065051,967.66395643066,25558600
2021-03-08 09:00:00+09:00,984.9899291992188,1052.5617976930964,971.1290330979105,1048.2302676614377,14129900
2021-03-09 09:00:00+09:00,992.7868041992188,1004.0487836534857,961.5997841720182,990.1878858636187,6967900
2021-03-10 09:00:00+09:00,1030.904296875,1037.834745929622,956.4019695378151,966.7976431197479,10183600
2021-03-11 09:00:00+09:00,1028.30517578125,1036.9682353918756,1002.3159969493734,1010.1127505989364,4865400
2021-03-12 09:00:00+09:00,1021.3749389648438,1030.904306503956,1000.5835916067808,1011.8455714257316,7133800
2021-03-15 09:00:00+09:00,1065.556396484375,1068.1553145245807,1034.3693800019055,1034.3693800019055,6080000
2021-03-16 09:00:00+09:00,1037.8345947265625,1077.6846709848446,1033.5030646984885,1072.4868349511557,5488100
2021-03-17 09:00:00+09:00,1016.1769409179688,1034.3693669702086,1005.7812688881174,1030.0378369577707,7701700
2021-03-18 09:00:00+09:00,1026.57275390625,1032.6368967563292,1004.0487947488133,1015.3107743275316,6837000
2021-03-19 09:00:00+09:00,1027.4390869140625,1036.9684544992688,1019.6423316170756,1022.2412500494046,7251000
2021-03-22 09:00:00+09:00,1021.3749389648438,1034.369531063633,1016.177102125328,1017.9097144051666,3838000
2021-03-23 09:00:00+09:00,1013.5781860351562,1030.904308873364,1013.5781860351561,1017.9097167447081,3759300
2021-03-24 09:00:00+09:00,995.3855590820312,1009.2464545957932,983.2572755074896,992.7866411732009,4240800
2021-03-25 09:00:00+09:00,1002.3163452148438,1020.5087767183111,992.7869763320751,997.9848139044943,2922800
2021-03-26 09:00:00+09:00,998.8509521484375,1015.3107683590362,998.8509521484375,1012.7118500099942,2771900
2021-03-29 09:00:00+09:00,1007.513916015625,1031.7704849308766,995.3856315579993,1023.9737306366886,4926300
2021-03-30 09:00:00+09:00,1011.4378662109375,1011.4378662109375,990.5115655307112,996.6150698957772,2679500
2021-03-31 09:00:00+09:00,980.0482177734375,1004.4622303158363,980.0482177734375,1001.8464432577222,6372000
2021-04-01 09:00:00+09:00,1000.1026000976562,1007.0780323564019,987.0236646125081,987.0236646125081,6274400
2021-04-02 09:00:00+09:00,993.1270141601562,1017.5410232878861,993.1270141601561,1002.7182320317644,3718500
2021-04-05 09:00:00+09:00,1019.284912109375,1022.7726278052154,992.2551154666114,995.7428311624518,4019500
2021-04-06 09:00:00+09:00,1003.5902709960938,1016.6692058917856,997.4867680447709,1013.1814899196012,4464100
2021-04-07 09:00:00+09:00,1020.1570434570312,1028.0044053297777,1010.5658233903412,1015.7973979721721,4473300
2021-04-08 09:00:00+09:00,1002.71826171875,1021.0287691066576,997.4866881793478,1019.2849112601903,5175200
2021-04-09 09:00:00+09:00,1011.4378662109375,1019.2852289660224,999.2308574808055,1002.7185742608432,5694600
2021-04-12 09:00:00+09:00,1007.9498901367188,1014.9253219023708,1005.3341032245992,1009.6937480781318,2693900
2021-04-13 09:00:00+09:00,1011.4378662109375,1019.2852289660224,991.3834947257207,1003.5905034558526,4169400
2021-04-14 09:00:00+09:00,1038.467529296875,1041.955245600139,1011.4377279465785,1015.7973733256586,3886000
2021-04-15 09:00:00+09:00,1036.7236328125,1046.3148522918418,1021.9008390716989,1032.3639875946174,2335700
2021-04-16 09:00:00+09:00,1032.3638916015625,1035.8516074515678,1018.4130282015414,1028.004246789056,2547900
2021-04-19 09:00:00+09:00,1029.748046875,1042.8269805779,1023.6445444803134,1033.2357625291068,2962800
2021-04-20 09:00:00+09:00,1012.3095092773438,1025.3884435057332,1006.2060066374287,1021.900727711496,2774400
2021-04-21 09:00:00+09:00,994.8710327148438,998.3587488680947,977.4324519485888,987.023671370029,2940500
2021-04-22 09:00:00+09:00,1005.3342895507812,1020.1570848000122,993.9992108307812,1015.7974391384737,2920700
2021-04-23 09:00:00+09:00,1004.462158203125,1014.053376727634,999.2305844624836,1005.3340871598986,2265100
2021-04-26 09:00:00+09:00,1024.5167236328125,1028.8763692652926,1004.4623537234042,1011.4377867353724,2895600
2021-04-27 09:00:00+09:00,1021.0288696289062,1045.4428818830559,1020.1569406198295,1028.8762307105972,3430200
2021-04-28 09:00:00+09:00,1015.7973022460938,1034.9797405717711,1011.4376571720761,1021.0288763349148,3103500
2021-04-30 09:00:00+09:00,1013.1813354492188,1014.05326430933,1003.5901179879955,1008.8216911486627,3637600
2021-05-06 09:00:00+09:00,1008.8219604492188,1026.260542306595,1002.718456799137,1023.6447550279886,4590500
2021-05-07 09:00:00+09:00,1015.7973022460938,1021.0288763349148,1002.718367024041,1014.9253732312902,3644200
2021-05-10 09:00:00+09:00,1074.2166748046875,1088.167540711242,1015.7974238209911,1015.7974238209911,10408000
2021-05-11 09:00:00+09:00,1096.8865966796875,1104.7339570692877,1061.1375104603972,1070.728728714353,7133900
2021-05-12 09:00:00+09:00,1071.6007080078125,1092.5270033635386,1060.265631356794,1092.5270033635386,4672600
2021-05-13 09:00:00+09:00,1052.418212890625,1068.1129335468233,1040.2112079358042,1057.649786442691,3458900
2021-05-14 09:00:00+09:00,1075.960205078125,1096.0145687059992,1065.497058837495,1067.2409165442666,3500200
2021-05-17 09:00:00+09:00,1065.497314453125,1097.7586897679905,1062.0095982028693,1089.9113282049152,2399700
2021-05-18 09:00:00+09:00,1089.039306640625,1094.270880571645,1068.984939905049,1073.3445848475656,2202700
2021-05-19 09:00:00+09:00,1088.1673583984375,1100.3743640214968,1078.5761396946052,1078.5761396946052,2283300
2021-05-20 09:00:00+09:00,1093.3990478515625,1103.862196634831,1085.5516862641111,1093.3990478515625,2461400
2021-05-21 09:00:00+09:00,1092.527099609375,1100.3744610590832,1077.7043057599262,1089.9113124594724,1941200
2021-05-24 09:00:00+09:00,1117.812744140625,1123.9162458637018,1095.1425948834828,1095.1425948834828,2787900
2021-05-25 09:00:00+09:00,1103.862060546875,1116.940994913544,1096.0146999268734,1115.1971369979883,2301600
2021-05-26 09:00:00+09:00,1132.6357421875,1136.9953870765974,1105.6059438750963,1105.6059438750963,3273600
2021-05-27 09:00:00+09:00,1136.1236572265625,1146.586806794267,1125.6605076588583,1133.5078698346365,5232800
2021-05-28 09:00:00+09:00,1148.3304443359375,1171.0005973752195,1148.3304443359375,1159.6655208555785,3147100
2021-05-31 09:00:00+09:00,1131.763916015625,1144.8428518709673,1116.0691929892141,1136.123561300739,2151700
2021-06-01 09:00:00+09:00,1133.5078125,1145.7148197115384,1127.4043088942308,1133.5078125,2552500
2021-06-02 09:00:00+09:00,1147.45849609375,1149.202353990549,1117.8129118481668,1124.7883434353628,3534900
2021-06-03 09:00:00+09:00,1171.8726806640625,1174.4884678976875,1143.099021094186,1150.0744537171863,2877500
2021-06-04 09:00:00+09:00,1199.7742919921875,1200.6462209834608,1164.0252033499785,1168.3848483063455,2421500
2021-06-07 09:00:00+09:00,1239.88330078125,1245.9868050748287,1205.0061333893723,1223.316646270108,5039900
2021-06-08 09:00:00+09:00,1233.779541015625,1244.2426890666409,1220.700605951855,1221.5725349561064,3928400
2021-06-09 09:00:00+09:00,1221.572509765625,1231.1637286146056,1214.5970778754572,1229.4198706420636,2059200
2021-06-10 09:00:00+09:00,1215.4691162109375,1228.5480521816435,1211.1094708873688,1218.9568324697923,2246500
2021-06-11 09:00:00+09:00,1199.7742919921875,1222.4444457652958,1199.7742919921875,1218.0848008089288,2494300
2021-06-14 09:00:00+09:00,1189.3111572265625,1205.8778082436481,1181.4637962184695,1185.8234412229656,1965000
2021-06-15 09:00:00+09:00,1177.1041259765625,1197.1584925672744,1176.2321969943578,1194.5427056206597,2904200
2021-06-16 09:00:00+09:00,1154.4337158203125,1177.9757931066783,1151.8179294551608,1168.3845764344553,3141000
2021-06-17 09:00:00+09:00,1157.921630859375,1164.8970623705761,1150.9461993481739,1155.3058440426746,3116200
2021-06-18 09:00:00+09:00,1140.483154296875,1158.7936636548523,1136.1235092116422,1142.227012330968,5465100
2021-06-21 09:00:00+09:00,1140.483154296875,1144.8427993821076,1111.7094967343392,1114.3252837854786,2969000
2021-06-22 09:00:00+09:00,1164.897216796875,1169.2568620693185,1156.177926251988,1159.665642469943,2456800
2021-06-23 09:00:00+09:00,1156.177978515625,1171.8727022058824,1156.177978515625,1164.897269454657,2220500
2021-06-24 09:00:00+09:00,1134.3795166015625,1162.2812418369583,1130.8918009471379,1160.5373840097461,2293700
2021-06-25 09:00:00+09:00,1124.788330078125,1149.2023403433866,1119.5567564498547,1148.3304114053415,3034500
2021-06-28 09:00:00+09:00,1075.08837890625,1130.891830852722,1061.1375159196318,1116.0690389294402,7759400
2021-06-29 09:00:00+09:00,1069.8568115234375,1091.6550350671098,1058.5217352807279,1075.0883851739188,5174700
2021-06-30 09:00:00+09:00,1087.29541015625,1093.3989128596131,1068.9849020461609,1069.856831003784,3502800
2021-07-01 09:00:00+09:00,1102.1180419921875,1109.0934726377077,1082.0636788863171,1086.4233230397672,3584400
2021-07-02 09:00:00+09:00,1094.27099609375,1102.1183578187251,1082.063988966011,1089.911350690986,2868000
2021-07-05 09:00:00+09:00,1083.807861328125,1092.5271522479006,1079.4482158682372,1090.7832940639455,1540500
2021-07-06 09:00:00+09:00,1069.8568115234375,1082.935745649641,1062.8813799894624,1077.7041719991596,2393100
2021-07-07 09:00:00+09:00,1050.6744384765625,1058.5217994278398,1046.3147935036309,1054.162154454908,4065700
2021-07-08 09:00:00+09:00,1038.467529296875,1056.7780398890113,1034.1078839177949,1050.6745363582993,3979200
2021-07-09 09:00:00+09:00,1047.186767578125,1050.6744837066117,1021.0288966144749,1021.9008256465966,5441500
2021-07-12 09:00:00+09:00,1068.98486328125,1075.0883657632799,1055.0340004651814,1057.6497872431944,2851100
2021-07-13 09:00:00+09:00,1071.6007080078125,1072.4726369809678,1059.3937023836388,1068.9849210883467,2508000
2021-07-14 09:00:00+09:00,1040.211181640625,1060.2655464165969,1039.3392527373219,1054.1620440934748,4545500
2021-07-15 09:00:00+09:00,1038.467529296875,1050.6745363582993,1033.235954841979,1040.2113874485071,3462600
2021-07-16 09:00:00+09:00,1028.876220703125,1041.955155712063,1024.5165757001457,1033.2358657061043,3476100
2021-07-19 09:00:00+09:00,1014.925537109375,1021.900970354113,1004.462387242268,1015.7974662649673,2904300
2021-07-20 09:00:00+09:00,1033.2359619140625,1046.3148981408228,1023.6447420144383,1023.6447420144383,5149700
2021-07-21 09:00:00+09:00,1046.3148193359375,1066.369186706543,1040.2113162231444,1042.8271032714842,4162100
2021-07-26 09:00:00+09:00,1050.6744384765625,1075.0884503249806,1046.3147935036309,1068.1130183682897,3506700
2021-07-27 09:00:00+09:00,1064.6253662109375,1077.7043019137745,1059.3937919298025,1063.7534371640816,3075000
2021-07-28 09:00:00+09:00,1054.162109375,1063.7533279052936,1047.1866777166047,1047.1866777166047,2511600
2021-07-29 09:00:00+09:00,1041.9552001953125,1055.0341357626176,1037.5955550062108,1047.1867744222345,2989400
2021-07-30 09:00:00+09:00,1038.467529296875,1041.955245600139,1028.0043803870828,1032.364025766163,3805400
2021-08-02 09:00:00+09:00,1062.009521484375,1065.4972374826816,1048.930586490725,1052.4183024890317,2197200
2021-08-03 09:00:00+09:00,1055.0340576171875,1065.4972052960356,1052.4182706974755,1061.137560429849,2472500
2021-08-04 09:00:00+09:00,1057.64990234375,1063.753405490004,1053.2902572392827,1055.9060443019632,2210100
2021-08-05 09:00:00+09:00,936.4517822265625,999.2306726551589,919.8851305856829,983.5359500480098,11608900
2021-08-06 09:00:00+09:00,956.506103515625,965.2253934291676,921.6289438614546,936.451736714477,5398700
2021-08-10 09:00:00+09:00,944.2990112304688,956.5060159924509,934.7077932031972,938.1955088494777,5132200
2021-08-11 09:00:00+09:00,950.402587890625,974.8165993226777,949.5306589109088,952.1464458500573,5070700
2021-08-12 09:00:00+09:00,953.8902587890625,972.2007664989075,952.1464009119344,959.1218324204468,4804900
2021-08-13 09:00:00+09:00,976.5606079101562,983.5360408238002,949.5308053697859,953.0185218266079,3869600
2021-08-16 09:00:00+09:00,966.9691772460938,971.3288218684837,954.7621723034018,956.5060301523578,3003200
2021-08-17 09:00:00+09:00,949.5307006835938,973.9447131896917,946.914913629369,966.0973520270173,3251400
2021-08-18 09:00:00+09:00,967.8412475585938,976.5605380771395,953.0184536770656,959.9938860919024,3603400
2021-08-19 09:00:00+09:00,944.2990112304688,959.1218027271613,943.4270823188987,956.5060159924509,3160200
2021-08-20 09:00:00+09:00,936.4517822265625,949.5307177325201,935.579853192832,944.299143530137,2927300
2021-08-23 09:00:00+09:00,952.146484375,956.506129449977,926.8605429401327,931.2201880151098,3446700
2021-08-24 09:00:00+09:00,957.3780517578125,973.9447029266635,956.5061227489256,962.6096258111338,3314200
2021-08-25 09:00:00+09:00,967.8412475585938,978.3043961808488,959.1219570400478,962.6096732474662,2826700
2021-08-26 09:00:00+09:00,960.86572265625,981.7920178865131,959.9937936883223,972.2007992393092,3048200
2021-08-27 09:00:00+09:00,959.9938354492188,967.8411965019371,950.4026163847851,953.0184034023579,3100600
2021-08-30 09:00:00+09:00,966.9691772460938,979.1761821887856,966.9691772460938,974.8165375663956,2286700
2021-08-31 09:00:00+09:00,976.5606079101562,984.4079699380057,966.9693876538959,968.7132458823069,4310100
2021-09-01 09:00:00+09:00,979.17626953125,987.0236305515361,972.200837513218,985.2797725470281,3232800
2021-09-02 09:00:00+09:00,964.3534545898438,982.6639632212965,959.121880695143,976.5604603441456,3750400
2021-09-03 09:00:00+09:00,980.0482177734375,982.6640048315517,958.2499922891528,971.3289275797237,4258800
2021-09-06 09:00:00+09:00,993.1270141601562,996.6147297498319,981.7919384937102,986.1515829808047,3365300
2021-09-07 09:00:00+09:00,989.6394653320312,1012.3096204850117,988.7675362876859,1010.5657623963209,3536200
2021-09-08 09:00:00+09:00,1005.3342895507812,1010.5658643446275,993.1272816984734,1000.102714756935,3346400
2021-09-09 09:00:00+09:00,987.8955688476562,1000.1025749940527,987.0236398371993,998.3587169731389,3183100
2021-09-10 09:00:00+09:00,988.7673950195312,1000.9743998963156,986.1516082602203,992.2551106986125,4094500
2021-09-13 09:00:00+09:00,976.5606079101562,979.1763952527727,967.8413167681014,970.4571041107178,3470900
2021-09-14 09:00:00+09:00,980.0482177734375,988.7675079671513,975.6885726765805,980.9201467928089,3642000
2021-09-15 09:00:00+09:00,973.0726928710938,988.7674137238533,959.121829890863,976.5604086161514,3576000
2021-09-16 09:00:00+09:00,973.9446411132812,987.0235754165035,971.3288542526368,980.0481437881183,2961800
2021-09-17 09:00:00+09:00,969.5849609375,980.0481079979767,965.2253163289681,973.944605546032,5294000
2021-09-21 09:00:00+09:00,959.9938354492188,966.0973384902219,946.0429713554971,952.1464743965004,2839800
2021-09-22 09:00:00+09:00,948.6588745117188,959.122023862951,947.7869453991161,955.6343074125402,2641600
2021-09-24 09:00:00+09:00,969.5849609375,980.0481079979767,966.0972452506745,980.0481079979767,2978700
2021-09-27 09:00:00+09:00,980.0482177734375,994.871011102751,978.3043597346947,980.0482177734375,2455700
2021-09-28 09:00:00+09:00,1002.71826171875,1006.2059774116848,973.944607252038,975.6884650985054,4074400
2021-09-29 09:00:00+09:00,1012.4193115234375,1013.3012098784232,994.7813444237261,996.5451411336973,3708300
2021-09-30 09:00:00+09:00,1012.4193115234375,1020.3563967183077,997.4270394886828,1006.2460230385385,4608200
2021-10-01 09:00:00+09:00,1002.71826171875,1016.8286330358125,1000.0725670968008,1003.6001599260663,2489400
2021-10-04 09:00:00+09:00,1002.71826171875,1012.4191419992304,996.5449742675352,1008.8915491699648,2593400
2021-10-05 09:00:00+09:00,993.8992309570312,999.1906199417183,976.2612676747415,991.2535364646878,3380300
2021-10-06 09:00:00+09:00,996.5449829101562,1015.9467436393805,988.6078989754736,999.1906775550505,3325800
2021-10-07 09:00:00+09:00,1008.009765625,1021.2382402395014,995.6631893181321,996.5450876257655,3558200
2021-10-08 09:00:00+09:00,1011.537353515625,1039.7580992109172,1010.6554552126471,1018.592539939448,3600400
2021-10-11 09:00:00+09:00,1026.52978515625,1033.584972683097,1017.7108007476911,1022.1202929519706,2558100
2021-10-12 09:00:00+09:00,1031.821044921875,1037.9943332248263,1018.5925699869791,1030.0572482638888,3173000
2021-10-13 09:00:00+09:00,1030.9390869140625,1037.9942731375977,1020.3563075787599,1032.7028834699463,2443100
2021-10-14 09:00:00+09:00,1025.647705078125,1039.75807763294,1024.765806793449,1037.1123827789122,2256300
2021-10-15 09:00:00+09:00,1037.1123046875,1044.1674904336735,1026.5295260682399,1030.9390171595983,2969900
2021-10-18 09:00:00+09:00,1043.2855224609375,1048.5769114167833,1034.466540867861,1044.1674206202451,2613400
2021-10-19 09:00:00+09:00,1019.4743041992188,1040.6398606877838,1015.064813264101,1038.8760643137368,2747600
2021-10-20 09:00:00+09:00,1025.647705078125,1045.0494673409958,1021.2382136547452,1029.1752982168287,2478800
2021-10-21 09:00:00+09:00,1001.8363647460938,1022.1200235393685,1000.9544665376905,1020.356227122562,2756600
2021-10-22 09:00:00+09:00,995.6631469726562,1008.8916210245516,984.1984694610136,996.5450452427825,2959200
2021-10-25 09:00:00+09:00,983.3165893554688,1000.9545550838179,981.5527927826338,992.1355722196433,2544900
2021-10-26 09:00:00+09:00,970.088134765625,991.2536940696023,959.5053551136364,989.4898974609375,5105300
2021-10-27 09:00:00+09:00,948.9225463867188,956.8596308825184,902.1819376892317,917.1742084035201,7802200
2021-10-28 09:00:00+09:00,948.9225463867188,961.2691222690739,937.4578687816748,940.985461890919,9751700
2021-10-29 09:00:00+09:00,975.3794555664062,979.7889467760193,946.2768135829602,962.1509819375672,5157900
2021-11-01 09:00:00+09:00,999.1907348632812,1003.6002261910098,985.08036261455,990.3717522078243,2770700
2021-11-02 09:00:00+09:00,989.4898681640625,1000.9545457809367,981.5527836600727,992.1355629987257,3734900
2021-11-04 09:00:00+09:00,955.9776611328125,998.3087752789149,948.9224754417954,981.5527092627494,6456500
2021-11-05 09:00:00+09:00,928.638916015625,977.1433228350546,920.7018312633547,957.7415601072828,6346300
2021-11-08 09:00:00+09:00,954.2139282226562,957.7415213029618,926.8750818502881,931.28457320067,5148400
2021-11-09 09:00:00+09:00,960.3872680664062,969.2062512442428,954.2139798419206,957.7415731130552,3325800
2021-11-10 09:00:00+09:00,964.7965698242188,967.4422642570091,953.3318939487938,956.8594865258476,2850300
2021-11-11 09:00:00+09:00,976.261474609375,979.7890680135642,955.0959141842394,960.3873042905233,3276500
2021-11-12 09:00:00+09:00,1006.2459716796875,1010.6554632295547,982.4347173104048,982.4347173104048,3234200
2021-11-15 09:00:00+09:00,1003.6002807617188,1010.6554672697098,998.3088908807256,1005.3640773887165,2199300
2021-11-16 09:00:00+09:00,998.3088989257812,1013.3011703760801,996.5451022845697,1008.891678773051,3080100
2021-11-17 09:00:00+09:00,966.5604858398438,997.4269247124664,963.9147910793332,994.7812299519559,2817000
2021-11-18 09:00:00+09:00,951.5682983398438,967.4424682843453,947.1588066885934,965.6786716238452,3286600
2021-11-19 09:00:00+09:00,944.5130615234375,955.0958409242604,938.3397735396243,944.5130615234375,3694900
2021-11-22 09:00:00+09:00,922.465576171875,925.9931691973889,905.7095093006841,922.4655761718749,4804800
2021-11-24 09:00:00+09:00,949.8043212890625,967.4422845441983,924.2292745691155,925.1111727318723,4733700
2021-11-25 09:00:00+09:00,968.3243408203125,972.7338323541026,941.8673916175717,948.0406797648778,2459600
2021-11-26 09:00:00+09:00,918.9380493164062,967.4424569098826,918.9380493164062,962.1510669905944,3747400
2021-11-29 09:00:00+09:00,866.906005859375,898.6543438155678,865.1422093062532,891.5991576030805,6641100
2021-11-30 09:00:00+09:00,884.5440063476562,913.646650624299,864.2603451851477,870.4336333650416,9618800
2021-12-01 09:00:00+09:00,896.890625,914.5285920599804,888.0716414700099,893.363031588004,6125000
2021-12-02 09:00:00+09:00,879.2525634765625,884.5439530260703,861.6145983115362,879.2525634765625,7163600
2021-12-03 09:00:00+09:00,908.3552856445312,913.6466756579945,874.843148892597,885.4259289195236,5691700
2021-12-06 09:00:00+09:00,914.5285034179688,929.5207739658043,896.890538067574,900.418131137653,4335900
2021-12-07 09:00:00+09:00,931.2845458984375,933.9302406311035,910.1189880371094,920.7017669677734,4516500
2021-12-08 09:00:00+09:00,944.5130615234375,959.5053323412699,940.98546838983,943.6311632400357,4620100
2021-12-09 09:00:00+09:00,905.7095336914062,934.8121769356287,904.8276354112783,925.9931941343491,2658500
2021-12-10 09:00:00+09:00,888.0715942382812,907.4733569723846,883.6621027078031,901.3000688297154,3131900
2021-12-13 09:00:00+09:00,895.1267700195312,904.8276512709745,887.1896853592596,896.8905666107028,2210000
2021-12-14 09:00:00+09:00,889.8353271484375,896.8905130921318,881.0163447188196,895.1267166062081,1956900
2021-12-15 09:00:00+09:00,906.5913696289062,918.9379447016735,895.1266927756225,901.299980312006,2466000
2021-12-16 09:00:00+09:00,909.237060546875,916.2922462737179,900.4180783883214,903.9456712517429,2548700
2021-12-17 09:00:00+09:00,938.3397827148438,940.9854775909195,910.1190373700364,911.0009356620616,5859400
2021-12-20 09:00:00+09:00,904.82763671875,933.9302800050256,902.1819418745431,919.8199075025889,2530700
2021-12-21 09:00:00+09:00,936.5758666992188,941.8672557766155,923.347394005727,925.9930885444253,2629400
2021-12-22 09:00:00+09:00,938.3397827148438,955.0958502633231,933.9302912547175,939.221681006869,1689700
2021-12-23 09:00:00+09:00,946.2767944335938,948.0405908817459,936.5759139687573,942.7492015372897,1360500
2021-12-24 09:00:00+09:00,950.686279296875,960.3871596978636,943.6310935507015,953.3319739516901,1086300
2021-12-27 09:00:00+09:00,949.8043212890625,957.7414047538736,941.8672378242513,949.8043212890625,955900
2021-12-28 09:00:00+09:00,958.6233520507812,961.2690466746565,949.8043699711973,958.6233520507812,1283800
2021-12-29 09:00:00+09:00,960.3872680664062,969.2062512442428,954.2139798419206,961.2691663841899,1159900
2021-12-30 09:00:00+09:00,944.5130615234375,955.9777392076622,942.7492649566337,955.0958409242604,1027300
2022-01-04 09:00:00+09:00,943.6312255859375,959.5053957359812,925.1113604108864,958.6234973943122,3102700
2022-01-05 09:00:00+09:00,962.1510620117188,974.497638426168,953.3320788585407,967.4424519036255,2900100
2022-01-06 09:00:00+09:00,934.812255859375,964.7967999152418,933.9303575047908,961.2692064969045,1788400
2022-01-07 09:00:00+09:00,937.4579467773438,950.6864220376073,935.6941500759752,936.5760484266596,1741600
2022-01-11 09:00:00+09:00,943.6312255859375,946.2769206109448,933.0484454859082,941.8674289025993,2003900
2022-01-12 09:00:00+09:00,941.8673095703125,955.0957830193338,933.9302255008997,937.4578184206388,2183200
2022-01-13 09:00:00+09:00,934.812255859375,948.0407311781398,922.4656788951946,948.0407311781398,2782500
2022-01-14 09:00:00+09:00,928.638916015625,939.2216956853188,926.8751194040094,935.6941024620875,2896500
2022-01-17 09:00:00+09:00,937.4579467773438,938.339845128028,922.4656748157117,924.2294715170802,1752500
2022-01-18 09:00:00+09:00,934.812255859375,955.0959180148143,933.0484591502064,942.7493410506339,1538400
2022-01-19 09:00:00+09:00,939.2216186523438,955.0957868549185,935.6940257184382,943.6311098197256,3578000
2022-01-20 09:00:00+09:00,977.1432495117188,988.6079266269285,939.2216252075636,940.1035234471951,3492100
2022-01-21 09:00:00+09:00,938.3397827148438,959.5053417234492,930.4026980866166,955.0958502633231,2740200
2022-01-24 09:00:00+09:00,934.812255859375,940.9855443414652,925.1113739589475,933.0484591502064,1810000
2022-01-25 09:00:00+09:00,925.9931030273438,934.8120849609376,916.2922229003907,931.2844921875001,2109200
2022-01-26 09:00:00+09:00,876.60693359375,925.1113413881728,876.60693359375,913.6466631822184,3545000
2022-01-27 09:00:00+09:00,849.2680053710938,894.2448156243915,847.5042088905723,884.5439349815234,4030000
2022-01-28 09:00:00+09:00,863.3783569335938,875.72493200721,838.6852067863613,861.6145604945058,2789000
2022-01-31 09:00:00+09:00,851.0319213867188,864.2603968486884,844.8586328377995,857.2052099356379,3261100
2022-02-01 09:00:00+09:00,864.2601928710938,870.4334799630302,853.6774149992028,861.614498403121,2200500
2022-02-02 09:00:00+09:00,868.6697387695312,873.9611280412239,851.9136727425048,860.7326548619924,2287500
2022-02-03 09:00:00+09:00,877.4886474609375,886.3076288424544,866.0239716649654,879.2524437372408,2157400
2022-02-04 09:00:00+09:00,885.42578125,888.9533740039841,866.9059192915837,871.3154102340637,3022600
2022-02-07 09:00:00+09:00,866.0240478515625,911.8827550697715,833.3938138693753,903.0637729124236,5625200
2022-02-08 09:00:00+09:00,928.638916015625,931.2846109330485,862.4965430800391,863.378441385847,4022700
2022-02-09 09:00:00+09:00,914.5285034179688,940.1035531760411,909.2371138128503,913.646605150449,2972900
2022-02-10 09:00:00+09:00,926.8751220703125,939.2216983871388,916.2923423701758,935.6941051537599,2036500
2022-02-14 09:00:00+09:00,902.1818237304688,922.4654815465008,896.0085365690677,918.0559907169286,1738500
2022-02-15 09:00:00+09:00,911.8827514648438,914.528446101589,891.5990925831306,897.7723800688694,1845800
2022-02-16 09:00:00+09:00,932.16650390625,940.1035886131149,924.229419199385,938.3397920115893,2031300
2022-02-17 09:00:00+09:00,937.4579467773438,940.9855401800806,920.7018781143432,932.1665566732383,2034300
2022-02-18 09:00:00+09:00,918.9380493164062,938.3398123537968,915.4104560368808,937.4579140339155,1808600
2022-02-21 09:00:00+09:00,924.2293701171875,927.7569631329019,904.827608530758,910.1189980543296,1287800
2022-02-22 09:00:00+09:00,889.8353271484375,908.3551902506349,888.0715306625139,902.1819025499024,1865400
2022-02-24 09:00:00+09:00,865.1422119140625,901.3000413620508,857.2051274010894,888.9534654529816,3102600
2022-02-25 09:00:00+09:00,859.850830078125,872.1974060997596,852.7956437800481,863.3784232271635,2118700
2022-02-28 09:00:00+09:00,863.3783569335938,868.6697462508579,852.7955782990656,861.6145604945058,2735100
2022-03-01 09:00:00+09:00,861.6146240234375,878.3706914302392,861.6146240234375,870.4336068691226,1977700
2022-03-02 09:00:00+09:00,819.2835083007812,845.7404569003759,815.7559151541686,836.9214740338443,4174000
2022-03-03 09:00:00+09:00,864.2601928710938,869.5515818070393,831.62996109943,832.511859255421,3735400
2022-03-04 09:00:00+09:00,898.6543579101562,909.2371373948686,881.8982903926951,890.717273296622,5831800
2022-03-07 09:00:00+09:00,839.567138671875,880.1344583976169,830.7481561228007,880.1344583976169,4330500
2022-03-08 09:00:00+09:00,843.9766235351562,865.1421814921508,838.6852340459077,861.6145884993184,4230400
2022-03-09 09:00:00+09:00,802.5274658203125,837.8033983838427,801.6455675062242,817.5197371598128,3571500
2022-03-10 09:00:00+09:00,837.8033447265625,840.4490394993832,812.2282952559622,822.811074347245,4274800
2022-03-11 09:00:00+09:00,833.393798828125,842.2127808263062,825.4567150297619,829.8662060288525,4016700
2022-03-14 09:00:00+09:00,859.850830078125,868.6698129507212,843.0947626201923,844.8585591947116,2299700
2022-03-15 09:00:00+09:00,844.8585205078125,857.2050959640853,843.0947240140592,855.4412994703321,1671700
2022-03-16 09:00:00+09:00,866.0240478515625,872.197335361706,850.1498799683362,851.0317781840711,1944300
2022-03-17 09:00:00+09:00,887.1895751953125,890.7171679396278,866.9059169154991,871.3154078458933,2120500
2022-03-18 09:00:00+09:00,911.0008544921875,911.0008544921875,890.7171955828745,892.4809920097713,5677000
2022-03-22 09:00:00+09:00,910.1190795898438,920.7018595850745,899.5362995946131,913.6466729215874,2283900
2022-03-23 09:00:00+09:00,925.9931030273438,930.4025939941406,896.8904626464844,906.5913427734375,2698600
2022-03-24 09:00:00+09:00,929.520751953125,929.5207519531251,901.3000080608101,914.5284817603327,1838800
2022-03-25 09:00:00+09:00,938.3397827148438,948.0406639271213,925.1113083344653,946.2768673430708,1265400
2022-03-28 09:00:00+09:00,941.8673095703125,949.8043936397253,928.6388361212912,937.4578184206388,1250800
2022-03-29 09:00:00+09:00,940.103515625,945.3949050187616,918.9379580499531,933.9302279989446,2040900
2022-03-30 09:00:00+09:00,949.9241943359375,957.959267408328,933.8540481911566,948.1386225420729,1804000
2022-03-31 09:00:00+09:00,948.1384887695312,952.6024176243784,932.961130663051,936.5322737469287,2817100
2022-04-01 09:00:00+09:00,942.7818603515625,948.1385754671965,930.2828584150835,937.4251452359287,2324000
2022-04-04 09:00:00+09:00,940.1035766601562,951.7097936559607,934.7468611236311,941.8891485056646,2023800
2022-04-05 09:00:00+09:00,899.035400390625,938.3179799508906,893.6786849960433,937.4251940517937,3817200
2022-04-06 09:00:00+09:00,873.1445922851562,899.9281687356212,869.5734487584276,892.7858816821639,3144100
2022-04-07 09:00:00+09:00,858.8600463867188,863.3239759417432,837.433184522601,848.1466154546598,2657900
2022-04-08 09:00:00+09:00,854.3961181640625,868.6806927624167,845.4682590400911,850.8249745144739,4188400
2022-04-11 09:00:00+09:00,863.3240356445312,877.6086112084531,852.6106039715897,857.0745338353154,2374800
2022-04-12 09:00:00+09:00,854.3961181640625,872.2518364120052,849.9321886020767,857.0744759012539,2301700
2022-04-13 09:00:00+09:00,857.9672241210938,859.7527958674435,849.0393653893445,853.5032947552191,2232200
2022-04-14 09:00:00+09:00,885.6436157226562,889.2147593344412,857.9672527313232,866.0023258578393,2740900
2022-04-15 09:00:00+09:00,862.4312133789062,887.429219563802,858.8600696382068,881.1797180175781,1783000
2022-04-18 09:00:00+09:00,845.46826171875,851.7177631253301,832.9692589055901,849.0394053796529,1859800
2022-04-19 09:00:00+09:00,872.2518310546875,874.0374028685148,857.0744706371545,858.860042450982,2259900
2022-04-20 09:00:00+09:00,887.42919921875,898.1426301952339,874.9301964128522,883.858055559922,2946700
2022-04-21 09:00:00+09:00,879.39404296875,891.8930445947018,872.251756325349,874.0373279861992,2708500
2022-04-22 09:00:00+09:00,839.21875,875.8229720744681,838.3259640957447,869.5734707446808,3970900
2022-04-25 09:00:00+09:00,830.2908935546875,835.6476089969758,819.5774626701109,826.7197499264953,3126300
2022-04-26 09:00:00+09:00,821.363037109375,840.1115412173064,814.220749830163,838.3259693975034,2977500
2022-04-27 09:00:00+09:00,834.7548217773438,838.3259653999206,809.7568164193057,809.7568164193057,4443700
2022-04-28 09:00:00+09:00,849.0394287109375,850.8250005904557,832.9692817952731,843.6827130723827,2739300
2022-05-02 09:00:00+09:00,871.3590698242188,874.0374276208096,849.9322074514921,856.1817089768707,2650000
2022-05-06 09:00:00+09:00,892.785888671875,892.785888671875,865.1095261230469,874.9301708984375,3361400
2022-05-09 09:00:00+09:00,885.6436157226562,889.2147593344412,866.8951117607855,879.3941144020326,2959200
2022-05-10 09:00:00+09:00,883.8579711914062,889.2146861683239,870.4661837491122,875.8228987260298,2590500
2022-05-11 09:00:00+09:00,930.282958984375,950.8170358141645,910.6416681037068,928.4973870861324,10731900
2022-05-12 09:00:00+09:00,908.8560180664062,949.0313823227799,904.392088704587,918.6766626624087,5053700
2022-05-13 09:00:00+09:00,911.534423828125,923.1406407818622,889.214775840169,899.9282068743879,4817900
2022-05-16 09:00:00+09:00,900.8209228515625,919.5694257057576,882.9652058475672,911.5343530539596,3539800
2022-05-17 09:00:00+09:00,925.8189697265625,935.6396145356197,901.7137506497861,901.7137506497861,3004900
2022-05-18 09:00:00+09:00,933.8540649414062,941.8891381579193,920.4622762472178,937.4252085931898,3329900
2022-05-19 09:00:00+09:00,940.996337890625,941.889123789952,914.212760910816,915.105546810143,3667600
2022-05-20 09:00:00+09:00,934.746826171875,941.8891132868464,923.1406096100466,941.8891132868464,3275000
2022-05-23 09:00:00+09:00,934.746826171875,939.210755618732,925.8189672781608,931.1756826143893,2881500
2022-05-24 09:00:00+09:00,908.8560180664062,935.639594237322,904.392088704587,933.8540224925943,3737900
2022-05-25 09:00:00+09:00,907.9633178710938,915.9983914805724,899.928244261615,908.8561038277024,3178900
2022-05-26 09:00:00+09:00,913.3198852539062,921.3549575581928,904.3920271380323,904.3920271380323,2931900
2022-05-27 09:00:00+09:00,920.4622192382812,927.60450609949,915.9982899500258,919.5694333806301,3025000
2022-05-30 09:00:00+09:00,950.8169555664062,953.4953131877201,921.3550217319543,922.2478076057255,6043100
2022-05-31 09:00:00+09:00,967.7798461914062,967.7798461914062,938.3179136043985,944.5674144561881,15547600
2022-06-01 09:00:00+09:00,998.1345825195312,1007.062441039384,977.60050792387,980.2788654798259,4866800
2022-06-02 09:00:00+09:00,1025.810791015625,1032.9530767668216,1009.7406480754324,1028.4891481723237,5036900
2022-06-03 09:00:00+09:00,1045.4521484375,1048.1305057776474,1023.1325039362724,1035.63150485696,4355200
2022-06-06 09:00:00+09:00,1046.344970703125,1055.2728288149265,1031.1676119130625,1034.738755157783,3472300
2022-06-07 09:00:00+09:00,1065.0936279296875,1068.6647716947493,1038.3100496917239,1040.9884075155203,3885900
2022-06-08 09:00:00+09:00,1057.0584716796875,1062.4151869077941,1041.881111866719,1051.701756451581,2934400
2022-06-09 09:00:00+09:00,1049.916259765625,1060.6296909877233,1044.5595441545759,1051.7018316359747,2747800
2022-06-10 09:00:00+09:00,1034.7386474609375,1043.6665046435166,1027.596361714874,1035.6314331791955,3024600
2022-06-13 09:00:00+09:00,1015.0974731445312,1020.4541880423915,1007.0624007977407,1007.9551866140507,2422000
2022-06-14 09:00:00+09:00,1007.9552612304688,1015.0975482896749,991.8851153472549,999.0274024064611,3384200
2022-06-15 09:00:00+09:00,985.6356811523438,999.9202562415081,982.9573233231255,986.5284670954165,3934200
2022-06-16 09:00:00+09:00,990.9923706054688,1002.5985875585058,986.5284410081468,987.4212269276112,4078600
2022-06-17 09:00:00+09:00,962.4231567382812,977.6005163528923,952.6025122817682,964.2087284576472,6793800
2022-06-20 09:00:00+09:00,949.9241943359375,974.922199450041,942.7819071604792,973.1366276561765,2849200
2022-06-21 09:00:00+09:00,964.208740234375,968.6726695873119,951.7097380461516,957.0664532696759,2600900
2022-06-22 09:00:00+09:00,962.4231567382812,982.0644456513074,956.1736557205002,974.0293729141604,2517500
2022-06-23 09:00:00+09:00,957.06640625,968.6726219974347,952.6024771163712,957.06640625,2323600
2022-06-24 09:00:00+09:00,947.245849609375,961.5304241557934,940.9963482453169,961.5304241557934,1983400
2022-06-27 09:00:00+09:00,952.6025390625,960.6376120255388,945.4602519842432,959.7448261407568,1911200
2022-06-28 09:00:00+09:00,968.6727905273438,968.6727905273438,955.281000796551,960.6377166888682,2425300
2022-06-29 09:00:00+09:00,960.6376342773438,969.5654933319659,955.2809188445705,966.8871356155793,3456900
2022-06-30 09:00:00+09:00,947.245849609375,966.8871396107004,944.5674918819215,960.6376382466423,3038200
2022-07-01 09:00:00+09:00,946.3530883789062,957.9593055005344,940.9963727843087,947.2458743113392,3505700
2022-07-04 09:00:00+09:00,927.6045532226562,949.9242007977923,922.2478378046236,945.4602712827651,3047200
2022-07-05 09:00:00+09:00,935.6395874023438,939.2107308657115,926.7117287439245,927.6045146097664,2703100
2022-07-06 09:00:00+09:00,908.8560180664062,926.7117355136834,900.8209452151316,920.4622344071364,4909000
2022-07-07 09:00:00+09:00,919.5695190429688,924.9262346878792,912.4272315164213,915.1055893388766,3070800
2022-07-08 09:00:00+09:00,930.282958984375,942.781962272073,915.1055978493132,919.5695275949196,3277900
2022-07-11 09:00:00+09:00,952.6025390625,961.530397910321,949.0313955233715,954.3881108320642,2457000
2022-07-12 09:00:00+09:00,926.711669921875,957.0663874337669,924.9260983035284,949.9241009603805,2809000
2022-07-13 09:00:00+09:00,928.4972534179688,935.6395399827223,922.2477526738094,922.2477526738094,2385000
2022-07-14 09:00:00+09:00,938.3179931640625,948.1386381924209,930.282919959042,930.282919959042,2879600
2022-07-15 09:00:00+09:00,932.0684204101562,948.1385655896418,930.2828487235469,945.4602080597275,2639800
2022-07-19 09:00:00+09:00,942.7818603515625,949.031361319802,934.7467876781118,935.6395735307174,2926200
2022-07-20 09:00:00+09:00,968.6727905273438,968.6727905273438,955.281000796551,957.9593587427096,5475100
2022-07-21 09:00:00+09:00,965.1015014648438,972.2437882471922,958.8520005302888,963.3159297692566,2984400
2022-07-22 09:00:00+09:00,973.1365966796875,978.4933118907683,957.9592369149584,972.243810811174,2355300
2022-07-25 09:00:00+09:00,965.994384765625,971.3511003927911,953.4953816355707,962.4232410141809,2847400
2022-07-26 09:00:00+09:00,965.1015014648438,979.3860750295407,958.8520005302888,969.5654307038116,2362500
2022-07-27 09:00:00+09:00,952.6025390625,953.495324947282,939.2107507907684,940.9963225603327,3361800
2022-07-28 09:00:00+09:00,954.3880615234375,975.8149216511854,950.8169181688129,974.0293499738731,2619900
2022-07-29 09:00:00+09:00,951.7096557617188,958.8519421088986,944.5673694145389,955.2807989353087,3109500
2022-08-01 09:00:00+09:00,957.06640625,962.4231212103545,950.8169054629197,952.6024771163712,2062600
2022-08-02 09:00:00+09:00,954.3880615234375,957.9592048780622,946.3529889755321,950.8169181688129,2575800
2022-08-03 09:00:00+09:00,970.4581909179688,974.0293342148151,945.460187840045,947.2457594884681,3387700
2022-08-04 09:00:00+09:00,949.9241943359375,975.8149853469733,944.5674789543439,973.1366276561765,6102000
2022-08-05 09:00:00+09:00,972.2438354492188,973.1366213403567,950.8169740619081,958.8520470821496,2831800
2022-08-08 09:00:00+09:00,990.9923706054688,992.7779424443975,973.136652216181,973.136652216181,2546300
2022-08-09 09:00:00+09:00,975.8150024414062,1000.8130079934276,974.922216528834,991.8851488677057,1943100
2022-08-10 09:00:00+09:00,974.0294189453125,982.9572779640596,968.6727035340641,978.493348454686,1532900
2022-08-12 09:00:00+09:00,999.9202270507812,1002.59858480181,983.850080544608,988.314010129656,2733900
2022-08-15 09:00:00+09:00,979.3860473632812,1000.8129071050486,977.600475718134,999.920121282475,1496600
2022-08-16 09:00:00+09:00,974.9221801757812,976.707751934345,965.9943213829628,973.1366084172175,1286500
2022-08-17 09:00:00+09:00,993.6707763671875,996.3491342549697,985.6357027038409,986.528488666435,1697500
2022-08-18 09:00:00+09:00,973.1365966796875,993.6706716554974,971.3510249426605,992.7778857869839,1583100
2022-08-19 09:00:00+09:00,991.8851318359375,997.2418472193899,989.2067741442113,989.2067741442113,1790700
2022-08-22 09:00:00+09:00,982.0645141601562,992.7779452237215,979.3861563942648,990.992373379794,1423400
2022-08-23 09:00:00+09:00,973.1365966796875,982.0644553648223,972.243810811174,981.1716694963087,1515700
2022-08-24 09:00:00+09:00,982.0645141601562,985.6356578480113,976.7077986283736,981.1717282381925,1807800
2022-08-25 09:00:00+09:00,975.8150024414062,990.0995770425612,975.8150024414061,986.5284333922725,1327300
2022-08-26 09:00:00+09:00,982.0645141601562,988.3140156139027,977.6005845503373,980.2789423162286,1338200
2022-08-29 09:00:00+09:00,966.8870849609375,971.351014254386,960.6375839501096,965.9942991022477,1824000
2022-08-30 09:00:00+09:00,990.0994873046875,992.7778447996506,974.029342334909,985.6355581464156,1847500
2022-08-31 09:00:00+09:00,979.3860473632812,985.6355481212968,966.8870458472503,968.6726174923976,4451400
2022-09-01 09:00:00+09:00,952.6025390625,967.7798991037956,952.6025390625,961.530397910321,2247500
2022-09-02 09:00:00+09:00,953.4952392578125,957.0663824760065,943.6745954077788,948.1385244305213,1901200
2022-09-05 09:00:00+09:00,957.06640625,963.3159070370803,955.2808345965485,957.9591920767257,1872300
2022-09-06 09:00:00+09:00,949.031494140625,955.2809959835078,944.5675642528516,950.8170660957344,1568100
2022-09-07 09:00:00+09:00,942.7818603515625,947.2457896145908,938.3179310885344,939.2107169411399,1589800
2022-09-08 09:00:00+09:00,966.8870849609375,969.5654425370066,947.2457960697642,947.2457960697642,2081100
2022-09-09 09:00:00+09:00,979.3860473632812,988.3139055890176,971.3509749601185,973.1365466052658,2719900
2022-09-12 09:00:00+09:00,1003.4913330078125,1005.2769047747304,988.3139729890112,991.8851165228467,2417300
2022-09-13 09:00:00+09:00,1005.2769775390625,1015.097622967952,997.2419040063346,1006.1697634871433,1737000
2022-09-14 09:00:00+09:00,981.171630859375,995.4562041930875,980.278845026018,982.064416692732,2681600
2022-09-15 09:00:00+09:00,998.1345825195312,999.9201542235019,982.9572230357817,982.9572230357817,2276100
2022-09-16 09:00:00+09:00,1016.8829345703125,1022.2396488876276,994.5632915814997,996.3488630206047,5465900
2022-09-20 09:00:00+09:00,1016.8829345703125,1033.8458632418103,1010.6334345334449,1016.8829345703125,2008400
2022-09-21 09:00:00+09:00,988.3140869140625,1013.312094532485,988.3140869140625,1013.312094532485,2050300
2022-09-22 09:00:00+09:00,982.0645141601562,990.0995874578302,977.6005845503373,988.3140156139027,2375000
2022-09-26 09:00:00+09:00,940.1035766601562,969.5655121110443,939.210790737402,967.779940265536,2252300
2022-09-27 09:00:00+09:00,947.245849609375,957.9592805191888,940.1035623361657,940.1035623361657,2101500
2022-09-28 09:00:00+09:00,933.8540649414062,949.0314254614864,928.4973494637309,941.8891381579193,2677700
2022-09-29 09:00:00+09:00,971.9705810546875,974.6931877243085,956.542476593502,959.265083263123,2491900
2022-09-30 09:00:00+09:00,958.3574829101562,972.8780508330375,952.0047344438958,970.1554443474972,3058700
2022-10-03 09:00:00+09:00,945.6519775390625,954.7273324098788,932.038945232838,940.2067646165727,1931700
2022-10-04 09:00:00+09:00,987.3987426757812,991.0288851120893,963.8028168397791,968.3404948851642,1832800
2022-10-05 09:00:00+09:00,991.02880859375,996.4740218277815,983.7685242817079,996.4740218277815,1992800
2022-10-06 09:00:00+09:00,1002.82666015625,1010.0869436686935,997.3814475219175,1001.9191247171946,1694900
2022-10-07 09:00:00+09:00,984.6761474609375,993.7515036587341,979.2309337422595,992.8439680389545,1729400
2022-10-11 09:00:00+09:00,955.6349487304688,976.5082666989406,954.7274131666222,976.5082666989406,1754800
2022-10-12 09:00:00+09:00,956.54248046875,965.6178360709204,944.7445181859287,950.1897315472308,2013200
2022-10-13 09:00:00+09:00,959.2650756835938,965.6178245291804,956.5424690354852,961.9876823317023,1382000
2022-10-14 09:00:00+09:00,1001.0116577148438,1010.0870127258577,973.7855926818017,981.9534121917144,3322700
2022-10-17 09:00:00+09:00,995.5664672851562,1001.0116804152482,984.6760410249722,985.5835765466542,1543000
2022-10-18 09:00:00+09:00,1011.9019775390625,1018.2547253801149,1002.8266234804162,1012.8095129449271,1806200
2022-10-19 09:00:00+09:00,1010.0870361328125,1017.3473203098678,1001.0116809114935,1009.1795006106806,1269900
2022-10-20 09:00:00+09:00,1001.919189453125,1008.2719379369763,994.6589054715806,1007.3644024392833,1288800
2022-10-21 09:00:00+09:00,1001.0116577148438,1007.3644062225535,992.8438382049311,992.8438382049311,1226200
2022-10-24 09:00:00+09:00,1005.5493774414062,1019.1624105295119,1005.5493774414062,1011.9021262158556,1463500
2022-10-25 09:00:00+09:00,1030.0528564453125,1030.960392001652,1003.7343253114675,1010.9946097621834,1587000
2022-10-26 09:00:00+09:00,1006.4567260742188,1029.1451103409956,1003.7341199622056,1027.3300395996534,2217800
2022-10-27 09:00:00+09:00,971.0631103515625,982.8610733745254,954.7274692428446,971.9706459687135,2800000
2022-10-28 09:00:00+09:00,964.7103881835938,972.8782089678386,958.3576386847366,962.8953168982059,3724100
2022-10-31 09:00:00+09:00,989.2136840820312,991.0287550619983,977.4157227122455,978.323258202229,2011100
2022-11-01 09:00:00+09:00,992.8438110351562,999.1965593690193,987.3985981775594,991.0287400826239,1396400
2022-11-02 09:00:00+09:00,1004.6419067382812,1012.8097271182672,990.1213371738617,992.8439439671903,2289700
2022-11-04 09:00:00+09:00,1019.1624145507812,1020.977485636357,1001.9192392378117,1004.6418458661752,3974700
2022-11-07 09:00:00+09:00,939.2992553710938,959.2650366446823,935.6691133213504,954.7273590825031,6305400
2022-11-08 09:00:00+09:00,967.4326782226562,971.0628196043548,949.2819713141637,957.4497894229853,3111700
2022-11-09 09:00:00+09:00,969.2479248046875,981.0458864362053,966.5253182743372,980.1383509260885,2685200
2022-11-10 09:00:00+09:00,941.1143188476562,960.1725644559501,937.4841768270288,956.5424224353227,2463200
2022-11-11 09:00:00+09:00,936.57666015625,961.9876548116521,924.7786983519561,961.9876548116521,2980400
2022-11-14 09:00:00+09:00,945.6519775390625,955.6348678969605,938.3916936424095,942.9293710778176,2682800
2022-11-15 09:00:00+09:00,950.1895751953125,952.9121814279639,942.9292919082424,947.4669689626612,1121900
2022-11-16 09:00:00+09:00,952.0047607421875,953.8198317826874,939.2992634586883,948.3746186611878,2236800
2022-11-17 09:00:00+09:00,950.1895751953125,954.7272522497314,943.8368273191261,952.0046460170801,1650800
2022-11-18 09:00:00+09:00,969.2479248046875,971.062995824921,958.3574986832865,960.17256970352,1869800
2022-11-21 09:00:00+09:00,959.2650756835938,971.9705733747671,954.7273979367461,965.6178245291804,1433900
2022-11-22 09:00:00+09:00,966.5253295898438,974.6931492765185,963.8027230276189,963.8027230276189,1250400
2022-11-24 09:00:00+09:00,977.4156494140625,987.398539055246,971.9704368825079,985.5834682113945,1575500
2022-11-25 09:00:00+09:00,979.2308959960938,986.4911806744707,973.785682487311,983.7685739200793,1020800
2022-11-28 09:00:00+09:00,981.0458984375,983.7685050011563,972.878078746531,981.0458984375,1135400
2022-11-29 09:00:00+09:00,974.6932373046875,978.3233797155057,964.7103456749373,969.2480236884602,5045600
2022-11-30 09:00:00+09:00,985.5835571289062,990.121234647916,971.0629890680752,977.4157375946888,2480900
2022-12-01 09:00:00+09:00,971.9705810546875,990.121292185494,971.9705810546875,985.5836144027924,1802900
2022-12-02 09:00:00+09:00,946.5595703125,971.0630299466683,941.1143570604626,971.0630299466683,1946500
2022-12-05 09:00:00+09:00,939.2992553710938,950.1896815203239,937.4841843462222,949.2821460078881,1150400
2022-12-06 09:00:00+09:00,953.81982421875,959.2650372970683,938.3917204968482,938.3917204968482,1338700
2022-12-07 09:00:00+09:00,945.6519775390625,951.0971904615524,940.2067646165727,944.7444420519809,1439100
2022-12-08 09:00:00+09:00,952.0047607421875,954.7273673029373,943.8369410599381,947.4670831409378,1594700
2022-12-09 09:00:00+09:00,961.9877319335938,965.6178743182488,947.4671623949735,947.4671623949735,1770000
2022-12-12 09:00:00+09:00,952.9122314453125,961.0800505719866,947.4670186941964,961.0800505719866,1221800
2022-12-13 09:00:00+09:00,956.54248046875,965.6178360709204,953.819873788099,965.6178360709204,917300
2022-12-14 09:00:00+09:00,965.6178588867188,973.7856791216628,953.819896325133,955.6349674884539,1399300
2022-12-15 09:00:00+09:00,964.7103881835938,968.3405307543692,957.4501030420427,960.1727099701243,675800
2022-12-16 09:00:00+09:00,952.9122314453125,959.264979654948,949.2820896112352,952.9122314453125,2259300
2022-12-19 09:00:00+09:00,934.7615966796875,943.8369519872573,928.4088479643887,939.2992743334723,1708100
2022-12-20 09:00:00+09:00,915.7032470703125,942.9293099168035,908.4429636445816,942.9293099168035,2262800
2022-12-21 09:00:00+09:00,902.9977416992188,913.888166724737,895.7374583488732,908.4429542119778,1987100
2022-12-22 09:00:00+09:00,909.3505249023438,911.1655958103325,899.3676349084059,910.2580603563382,1302200
2022-12-23 09:00:00+09:00,900.2752075195312,902.9978139938846,892.1073880964709,898.460136536629,1114100
2022-12-26 09:00:00+09:00,912.9806518554688,913.8881872946889,904.8128329024875,904.8128329024875,694500
2022-12-27 09:00:00+09:00,913.8882446289062,925.6862060789318,912.0731736365946,922.0560640943086,794100
2022-12-28 09:00:00+09:00,912.0731811523438,919.3334651814172,904.8128971232704,914.7957876632463,1289100
2022-12-29 09:00:00+09:00,909.3505249023438,910.2580603563382,894.8299576384342,901.1827058163946,1310600
2022-12-30 09:00:00+09:00,913.8882446289062,917.5183866135295,908.4430316519713,908.4430316519713,978700
2023-01-04 09:00:00+09:00,896.64501953125,902.0902322004681,890.2922714171622,899.367625865859,1583200
2023-01-05 09:00:00+09:00,887.5697631835938,893.0149764546587,882.1245499125287,888.4772987287712,1616300
2023-01-06 09:00:00+09:00,888.477294921875,890.2923660044529,877.5868684264077,887.569759380586,1728800
2023-01-10 09:00:00+09:00,883.939697265625,896.645195994289,883.032161642149,893.922589123861,1987500
2023-01-11 09:00:00+09:00,898.4601440429688,899.3676795420021,883.9395760584359,891.1998600507023,1502000
2023-01-12 09:00:00+09:00,883.0321044921875,897.5526735280303,883.0321044921875,895.7376023985499,2085500
2023-01-13 09:00:00+09:00,871.234130859375,892.1074485778809,870.3265953063965,880.3094863891602,2439800
2023-01-16 09:00:00+09:00,853.0833740234375,863.9738000748005,850.3607675105967,861.2511935619598,1605800
2023-01-17 09:00:00+09:00,873.0491943359375,875.7718009710807,860.3436967052689,866.6964455206032,1342400
2023-01-18 09:00:00+09:00,887.5697631835938,889.3848342739487,869.4190522800437,877.5868721866412,1393900
2023-01-19 09:00:00+09:00,876.6793212890625,890.2923542283337,876.6793212890625,881.2169989354862,1201000
2023-01-20 09:00:00+09:00,879.4019165039062,880.3094520214541,869.4190258108795,871.2340968459753,1208500
2023-01-23 09:00:00+09:00,888.477294921875,888.477294921875,880.3094750502745,888.477294921875,1058100
2023-01-24 09:00:00+09:00,906.6279907226562,910.2581328276518,894.8300288814204,895.7375644076693,1521600
2023-01-25 09:00:00+09:00,916.6109008789062,916.6109008789062,901.182796606687,905.7204743338103,1023700
2023-01-26 09:00:00+09:00,918.4258422851562,921.1484485369897,911.1655589469336,916.6107714506006,1097100
2023-01-27 09:00:00+09:00,924.7786865234375,929.3163640824338,919.333473452642,922.963615499839,1109400
2023-01-30 09:00:00+09:00,919.3334350585938,922.0560414802875,913.8882222152063,920.2409705324917,1404400
2023-01-31 09:00:00+09:00,912.0731811523438,924.7786782032222,911.1656456487096,923.8711426995881,1690800
2023-02-01 09:00:00+09:00,917.5184326171875,923.8711814088,914.7958259922107,918.4259681588464,1396000
2023-02-02 09:00:00+09:00,902.9977416992188,919.333379237496,900.2751354428392,919.333379237496,1844700
2023-02-03 09:00:00+09:00,903.9053344726562,905.7204054254125,893.9224442324963,895.7375151852527,1530900
2023-02-06 09:00:00+09:00,909.3505249023438,919.3334148962817,906.6279185403607,917.5183439882929,1701300
2023-02-07 09:00:00+09:00,914.7958374023438,923.8711929321289,907.5355529785156,916.6109085083008,2057200
2023-02-08 09:00:00+09:00,907.5354614257812,932.0389188842773,906.6279259643554,929.3163125,2611400
2023-02-09 09:00:00+09:00,928.4087524414062,930.2238233161695,902.090224757339,902.9977601947206,2538400
2023-02-10 09:00:00+09:00,918.4258422851562,933.8539443788792,914.795700616045,931.1313381270458,2097300
2023-02-13 09:00:00+09:00,917.5184326171875,919.3335037005054,908.443077200598,914.7958259922107,951200
2023-02-14 09:00:00+09:00,916.6109008789062,921.1485786060296,911.1656876063582,921.1485786060296,1346900
2023-02-15 09:00:00+09:00,931.1314086914062,933.8540151495682,921.1485183448121,923.8711248029741,1635700
2023-02-16 09:00:00+09:00,928.4087524414062,931.1313587535511,917.5183271928267,929.3162878787879,2373900
2023-02-17 09:00:00+09:00,935.6690673828125,938.3916737864482,926.5937127040268,928.4087836397839,1688500
2023-02-20 09:00:00+09:00,967.4326782226562,972.8778902952041,931.131264405671,932.9463350965203,2635000
2023-02-21 09:00:00+09:00,978.3233032226562,988.3061940718671,961.9876636512205,965.6178057782063,2290100
2023-02-22 09:00:00+09:00,945.6519775390625,974.6931131256748,941.1143001036544,974.6931131256748,2500400
2023-02-24 09:00:00+09:00,963.8026733398438,969.2478861835717,947.46703480866,950.189641230524,1856200
2023-02-27 09:00:00+09:00,974.6932373046875,974.6932373046875,966.5254168803465,969.2480236884602,1004700
2023-02-28 09:00:00+09:00,960.172607421875,970.1554984253161,955.6349296930382,969.2479628795487,3487600
2023-03-01 09:00:00+09:00,957.4498901367188,959.2649610184945,950.1896066096157,951.0971420505035,1642900
2023-03-02 09:00:00+09:00,965.6178588867188,967.4329300500397,954.7274319067934,961.0801809784166,1843300
2023-03-03 09:00:00+09:00,973.7855834960938,982.8609384215,959.2650156154438,963.8026930781468,2337500
2023-03-06 09:00:00+09:00,978.3233032226562,982.8609808813885,971.9705545004313,982.8609808813885,1426900
2023-03-07 09:00:00+09:00,987.3987426757812,993.7514919393203,981.0459934122422,985.5836714576272,2777700
2023-03-08 09:00:00+09:00,960.172607421875,979.2308538829898,959.2650718761076,969.2479628795487,4585500
2023-03-09 09:00:00+09:00,964.7103881835938,969.2480663970631,954.727496113961,969.2480663970631,3129000
2023-03-10 09:00:00+09:00,952.9122314453125,964.710192406064,944.7444123186384,946.5594832356771,2964900
2023-03-13 09:00:00+09:00,927.5013427734375,945.6520539823111,924.7787360921066,942.0219117405364,2395500
2023-03-14 09:00:00+09:00,884.84716796875,907.5355568910256,874.8642768429487,907.5355568910256,2821900
2023-03-15 09:00:00+09:00,893.014892578125,901.1827117175591,886.6621443585652,888.4772152784394,2644800
2023-03-16 09:00:00+09:00,880.3094482421875,883.9395902967944,858.5285959145457,865.7888800237597,2508200
2023-03-17 09:00:00+09:00,878.494384765625,890.2923465445022,875.7717782012687,888.477275501598,2283200
2023-03-20 09:00:00+09:00,875.7718505859375,888.477348936407,873.0492437965511,873.9567793930132,1942700
2023-03-22 09:00:00+09:00,890.292236328125,893.9223779645291,879.4018114189124,889.3847009190239,1570000
2023-03-23 09:00:00+09:00,891.1998291015625,893.9224355041131,880.3094034913601,880.3094034913601,1621400
2023-03-24 09:00:00+09:00,884.84716796875,888.4773101963141,878.4944190705128,882.1245612980769,1606600
2023-03-27 09:00:00+09:00,891.1998291015625,892.1073645690793,884.8470808289444,891.1998291015625,1569400
2023-03-28 09:00:00+09:00,889.384765625,899.3676558514031,886.6621591996173,897.552584901148,1505200
2023-03-29 09:00:00+09:00,905.720458984375,905.720458984375,891.1998905036636,897.5526392139749,2243900
2023-03-30 09:00:00+09:00,903.8739013671875,914.9530503114228,900.1808517191091,907.566951015266,2051900
2023-03-31 09:00:00+09:00,914.9530029296875,926.9554136643857,913.1064782012724,914.0297405654799,3120700
2023-04-03 09:00:00+09:00,934.3414916992188,937.1112787299477,924.1856059198794,926.9553929506084,2197900
2023-04-04 09:00:00+09:00,923.2623901367188,933.4182764282226,918.6460781860352,931.5717516479492,3580700
2023-04-05 09:00:00+09:00,904.797119140625,918.6460546376753,904.797119140625,913.1064804388552,2497500
2023-04-06 09:00:00+09:00,911.260009765625,919.5693715568009,903.8739103956908,905.7204352381743,2912000
2023-04-07 09:00:00+09:00,929.7252197265625,934.3415316417887,912.1832344487028,912.1832344487028,2862900
2023-04-10 09:00:00+09:00,926.9553833007812,938.9577936423252,923.2623339649215,931.5716949706058,1629300
2023-04-11 09:00:00+09:00,932.4950561523438,938.9578931751818,929.7252688568417,932.4950561523438,1859500
2023-04-12 09:00:00+09:00,950.9603271484375,952.8068520555219,941.7277026130157,942.6509650665579,1679400
2023-04-13 09:00:00+09:00,937.111328125,949.1137392241379,932.4950161637931,947.2672144396552,3001600
2023-04-14 09:00:00+09:00,937.111328125,941.7276400862069,933.4182785560345,939.8811153017241,2194300
2023-04-17 09:00:00+09:00,944.4973754882812,945.420637829912,932.4949650470812,937.111276755235,1441300
2023-04-18 09:00:00+09:00,953.72998046875,958.3462920876693,944.4973572309111,950.0369311736144,1854400
2023-04-19 09:00:00+09:00,959.2697143554688,960.1929768331929,954.6534019668476,956.499926922296,1752100
2023-04-20 09:00:00+09:00,963.8859252929688,965.7324500540664,952.8067767263829,953.7300391069317,1952500
2023-04-21 09:00:00+09:00,967.5790405273438,971.2720903003489,958.3464160948308,961.1162034245847,2302900
2023-04-24 09:00:00+09:00,983.2744750976562,986.9675247693846,968.5022764107432,971.2720636645394,2663100
2023-04-25 09:00:00+09:00,982.3512573242188,989.7373570033483,979.5814699445452,983.27451978411,2336900
2023-04-26 09:00:00+09:00,993.4303588867188,998.9699333786521,980.5046850722075,981.4279474875298,2942900
2023-04-27 09:00:00+09:00,1004.5096435546875,1008.202693714815,991.5839679942412,992.507230534273,2488000
2023-04-28 09:00:00+09:00,1034.977294921875,1034.977294921875,1012.8189942277403,1013.7422567566626,3401300
2023-05-01 09:00:00+09:00,1038.6700439453125,1043.286355251736,1032.2072081163194,1034.053732638889,1952500
2023-05-02 09:00:00+09:00,1052.5191650390625,1053.4424274645353,1037.7469662314968,1047.9028529116981,2575600
2023-05-08 09:00:00+09:00,1045.133056640625,1058.0587304860037,1040.5167445529896,1050.6726311457874,4709400
2023-05-09 09:00:00+09:00,974.041748046875,974.9650103672986,938.9577798707791,941.7275668320498,11177600
2023-05-10 09:00:00+09:00,962.9627075195312,986.9675305257707,953.7300832863622,986.0442681024539,5432200
2023-05-11 09:00:00+09:00,951.8834838867188,964.8091568007964,946.3439097806854,950.0369591847076,3390700
2023-05-12 09:00:00+09:00,953.72998046875,961.116079059021,948.1904065260467,960.1928167352371,3691400
2023-05-15 09:00:00+09:00,971.2720336914062,972.1952960808467,960.1928850181203,963.8859345758822,2178700
2023-05-16 09:00:00+09:00,966.6556396484375,974.0417381366777,962.9625904043174,971.2719512035877,2422600
2023-05-17 09:00:00+09:00,957.423095703125,973.118556288422,955.5765709283842,966.6557195768291,1897700
2023-05-18 09:00:00+09:00,972.1953735351562,977.7349483131344,966.6557987571782,969.4255861461672,2121900
2023-05-19 09:00:00+09:00,1046.9794921875,1051.5958038814485,1016.5118350074405,1017.4350973462301,7520700
2023-05-22 09:00:00+09:00,1076.5240478515625,1078.3705728049956,1056.212273363797,1061.7518482240969,4706500
2023-05-23 09:00:00+09:00,1079.2938232421875,1091.2962353056164,1070.0611985780115,1079.2938232421875,3498700
2023-05-24 09:00:00+09:00,1075.6007080078125,1087.6031193418053,1068.2146087253554,1087.6031193418053,3737900
2023-05-25 09:00:00+09:00,1083.9100341796875,1084.8332965597383,1067.2913113387724,1072.8308856190774,2587300
2023-05-26 09:00:00+09:00,1074.6776123046875,1090.3730757146357,1073.7543497511613,1090.3730757146357,2197900
2023-05-29 09:00:00+09:00,1094.9892578125,1096.835782699199,1084.8333709356557,1093.142732925801,1880300
2023-05-30 09:00:00+09:00,1077.4471435546875,1096.835652564669,1072.8308318856443,1094.9891278970517,1724500
2023-05-31 09:00:00+09:00,1076.5240478515625,1076.5240478515625,1048.8261735500644,1069.1379480378296,10922000
2023-06-01 09:00:00+09:00,1068.214599609375,1074.6774364263722,1057.135450780237,1063.5982875972343,3014600
2023-06-02 09:00:00+09:00,1074.6776123046875,1077.4473999652666,1066.3682493229503,1068.214774430003,2050600
2023-06-05 09:00:00+09:00,1110.6846923828125,1110.6846923828125,1092.6810751746123,1094.0659688060123,3195100
2023-06-06 09:00:00+09:00,1121.7637939453125,1123.1486875180844,1089.9112417715567,1096.8357096354166,2215600
2023-06-07 09:00:00+09:00,1108.838134765625,1127.765013835313,1104.6834539942301,1125.9184890480265,3040900
2023-06-08 09:00:00+09:00,1107.453125,1115.762485671113,1100.0670266256775,1106.0682315548145,2867500
2023-06-09 09:00:00+09:00,1149.461669921875,1152.2314570783133,1124.071954321191,1135.6127341396837,4874200
2023-06-12 09:00:00+09:00,1137.9208984375,1149.9233095366378,1128.2266433189654,1149.0000471443966,2472300
2023-06-13 09:00:00+09:00,1147.615234375,1152.2315466613034,1130.0732476870476,1133.7662975160902,2029800
2023-06-14 09:00:00+09:00,1160.540771484375,1166.541976746625,1152.6930415260479,1156.8477220922211,2336200
2023-06-15 09:00:00+09:00,1164.695556640625,1174.3898121655766,1146.2303080216693,1149.9233577454604,1804500
2023-06-16 09:00:00+09:00,1169.3118896484375,1170.696783319557,1144.8454347919958,1164.695577411373,3479800
2023-06-19 09:00:00+09:00,1139.3056640625,1163.772114708899,1130.5346723213381,1144.8452377937601,2428300
2023-06-20 09:00:00+09:00,1140.690673828125,1145.3069857416342,1131.9196811924576,1140.229042636774,1462300
2023-06-21 09:00:00+09:00,1115.301025390625,1124.0720185538792,1105.145138570015,1121.763862458286,3606500
2023-06-22 09:00:00+09:00,1119.455810546875,1136.5361672438787,1115.7627604502254,1118.0709167606315,2403300
2023-06-23 09:00:00+09:00,1111.1463623046875,1130.9965050463168,1103.7602626798953,1130.5348738197672,2583900
2023-06-26 09:00:00+09:00,1117.609130859375,1132.381329202002,1112.9928188773042,1117.147499661168,2066000
2023-06-27 09:00:00+09:00,1108.838134765625,1132.8429570003514,1099.6055108291919,1130.0731698194213,1541000
2023-06-28 09:00:00+09:00,1137.4593505859375,1139.7675067356654,1119.9173638480052,1124.9953073774066,1635700
2023-06-29 09:00:00+09:00,1144.3837890625,1154.0780446374547,1139.7674768839502,1147.615207587485,1731600
2023-06-30 09:00:00+09:00,1128.688232421875,1147.153479578061,1119.9172400226867,1144.8453236835378,2138800
2023-07-03 09:00:00+09:00,1153.6163330078125,1154.5395953791674,1135.1510855807167,1135.612716766394,1295200
2023-07-04 09:00:00+09:00,1142.0755615234375,1160.0791778934513,1139.767405578564,1158.6942843265272,1322700
2023-07-05 09:00:00+09:00,1137.9208984375,1144.3837351831896,1130.0731681034483,1133.7662176724139,1352600
2023-07-06 09:00:00+09:00,1137.4593505859375,1144.3838190351214,1124.533676147461,1136.9977193559919,1402300
2023-07-07 09:00:00+09:00,1122.68701171875,1134.6894222058747,1116.224175302606,1125.918429926822,1732900
2023-07-10 09:00:00+09:00,1124.9952392578125,1136.5360193076465,1118.5324024299055,1128.226657671766,1701900
2023-07-11 09:00:00+09:00,1110.6846923828125,1130.996465643346,1107.453273909546,1124.5336286968127,1213400
2023-07-12 09:00:00+09:00,1116.6859130859375,1129.6115871522484,1113.4544945693597,1121.763856469131,1537900
2023-07-13 09:00:00+09:00,1113.9161376953125,1123.6103933486906,1098.2206761612717,1115.3010313600807,1488700
2023-07-14 09:00:00+09:00,1126.8416748046875,1133.7661422860763,1110.222952849354,1113.4543710073356,2636200
2023-07-18 09:00:00+09:00,1124.53369140625,1126.380216351088,1104.2219170130336,1106.0684419578715,1614800
2023-07-19 09:00:00+09:00,1139.767578125,1140.6908406427196,1126.380271618064,1135.1512655364013,1215900
2023-07-20 09:00:00+09:00,1142.537353515625,1151.7699785945392,1140.2291972458966,1141.152459753788,1549700
2023-07-21 09:00:00+09:00,1152.2315673828125,1157.771142225999,1131.4581617208628,1138.844261511778,1986400
2023-07-24 09:00:00+09:00,1151.308349609375,1170.2352310584465,1144.3838807865438,1152.6932433739412,2638100
2023-07-25 09:00:00+09:00,1158.6943359375,1158.6943359375,1150.3849741658366,1154.0780238421314,1243100
2023-07-26 09:00:00+09:00,1163.7723388671875,1167.0037574995042,1153.1548205038614,1162.3874451676234,1253300
2023-07-27 09:00:00+09:00,1163.3106689453125,1176.6979742625404,1152.6931509350973,1172.5432933020213,1489800
2023-07-28 09:00:00+09:00,1131.4580078125,1151.3081483004387,1115.3009167176663,1146.6918365590575,2677200
2023-07-31 09:00:00+09:00,1166.5419921875,1168.850148088148,1145.3069579015385,1153.1546879637415,2427200
2023-08-01 09:00:00+09:00,1173.92822265625,1173.92822265625,1163.310704323142,1168.850279105633,1192700
2023-08-02 09:00:00+09:00,1159.156005859375,1180.3910422072568,1152.6931687100196,1167.0037366835923,1607400
2023-08-03 09:00:00+09:00,1121.3021240234375,1145.3069451223337,1119.9172304985013,1143.9220515973973,2000000
2023-08-04 09:00:00+09:00,1121.3021240234375,1124.533542248289,1112.0695005238622,1122.2253863733952,1285000
2023-08-07 09:00:00+09:00,1144.8453369140625,1144.8453369140625,1108.8381045433782,1117.1474658596899,1800400
2023-08-08 09:00:00+09:00,1177.6212158203125,1177.6212158203125,1155.0012865474018,1163.310648321124,2154300
2023-08-09 09:00:00+09:00,1124.072021484375,1126.3801775859856,1094.527623383759,1106.9916663324564,2761800
2023-08-10 09:00:00+09:00,1145.30712890625,1152.2315976420798,1127.7651414421478,1129.1500351893137,2320200
2023-08-14 09:00:00+09:00,1090.83447265625,1149.4616322107756,1088.5263167682765,1149.4616322107756,2850200
2023-08-15 09:00:00+09:00,1101.4520263671875,1107.4532318754748,1086.2181969999967,1100.528763981297,1951700
2023-08-16 09:00:00+09:00,1083.448486328125,1101.4521041239482,1078.3705428472517,1095.4508981920071,1396700
2023-08-17 09:00:00+09:00,1083.9100341796875,1086.6798213198401,1070.9843608589758,1084.8332965597383,1460100
2023-08-18 09:00:00+09:00,1080.2169189453125,1086.2181240505643,1072.8308203542335,1072.8308203542335,1014000
2023-08-21 09:00:00+09:00,1075.6007080078125,1088.0647505469587,1072.8309207768912,1088.0647505469587,863300
2023-08-22 09:00:00+09:00,1080.6787109375,1084.3717607826516,1073.2926112471966,1076.0623986310604,1174500
2023-08-23 09:00:00+09:00,1079.7554931640625,1082.5252806625595,1070.5228681690728,1074.2159181670686,1512100
2023-08-24 09:00:00+09:00,1078.8319091796875,1079.293540291874,1067.7527624872132,1078.8319091796875,1425200
2023-08-25 09:00:00+09:00,1076.985595703125,1080.678645324053,1064.059922029877,1065.444815637725,1606300
2023-08-28 09:00:00+09:00,1099.1439208984375,1100.5288145408967,1080.2170411181621,1089.4496654012232,1170800
2023-08-29 09:00:00+09:00,1090.372802734375,1102.836844086546,1090.372802734375,1102.836844086546,1025900
2023-08-30 09:00:00+09:00,1090.372802734375,1100.5286882805885,1089.449540411992,1096.8356389910564,1407800
2023-08-31 09:00:00+09:00,1096.8358154296875,1102.37539025509,1089.9113468979344,1089.9113468979344,2089200
2023-09-01 09:00:00+09:00,1105.1451416015625,1114.3777660092614,1096.8357796346336,1097.7590420754034,1275900
2023-09-04 09:00:00+09:00,1114.3779296875,1122.6872928748965,1100.990622330028,1117.147717416632,1545100
2023-09-05 09:00:00+09:00,1122.2254638671875,1122.2254638671875,1110.684683695785,1114.83936455749,1428300
2023-09-06 09:00:00+09:00,1141.614013671875,1149.000113234653,1126.3801833236455,1126.3801833236455,1337000
2023-09-07 09:00:00+09:00,1137.4593505859375,1144.845450265067,1131.9197758265905,1136.5360881260463,1549400
2023-09-08 09:00:00+09:00,1120.840576171875,1139.3058245437346,1119.917313753282,1136.5360372879557,2041900
2023-09-11 09:00:00+09:00,1132.3814697265625,1148.0769324133555,1126.3802634051417,1142.0757260919347,1173900
2023-09-12 09:00:00+09:00,1165.1571044921875,1167.92689158686,1136.535971180573,1142.0755453699176,2378000
2023-09-13 09:00:00+09:00,1180.3909912109375,1187.7770904910997,1162.387374215542,1168.850211085684,3024200
2023-09-14 09:00:00+09:00,1216.3983154296875,1220.0913653437055,1183.6224974427776,1187.7771785960476,2347700
2023-09-15 09:00:00+09:00,1225.6309814453125,1239.0182878339806,1216.3983563496793,1235.3252377957274,2819800
2023-09-19 09:00:00+09:00,1236.7099609375,1249.6356342880972,1222.8610252047174,1225.6308123512738,2129900
2023-09-20 09:00:00+09:00,1239.0181884765625,1247.7891816140643,1230.708826556824,1244.5577630897214,2492600
2023-09-21 09:00:00+09:00,1233.940185546875,1240.864653479237,1218.706356095679,1236.7099727198197,1729400
2023-09-22 09:00:00+09:00,1216.8597412109375,1227.4772579210482,1214.5515854043917,1220.5527905014108,1779200
2023-09-25 09:00:00+09:00,1218.706298828125,1221.4760858709162,1204.3957324403705,1216.8597741329309,1782200
2023-09-26 09:00:00+09:00,1229.323974609375,1239.018230511289,1214.5517751397917,1219.1680874740366,2870500
2023-09-27 09:00:00+09:00,1225.1693115234375,1225.1693115234375,1199.7795933117611,1219.1681054006776,2609400
2023-09-28 09:00:00+09:00,1223.2972412109375,1239.2085289696108,1217.2135135385035,1225.637136469566,2194600
2023-09-29 09:00:00+09:00,1207.85400390625,1224.233271684909,1205.0461294299084,1205.982087588689,2642500
2023-10-02 09:00:00+09:00,1209.725830078125,1235.4646775265958,1206.4499767665013,1220.0213690575133,2109100
2023-10-03 09:00:00+09:00,1201.30224609375,1219.0854503600385,1196.6224554973583,1215.8095969425642,3200200
2023-10-04 09:00:00+09:00,1158.248291015625,1181.647246389678,1149.8246670809658,1176.4994762073864,2855800
2023-10-05 09:00:00+09:00,1157.7801513671875,1161.523983707906,1141.868863919134,1149.8245076431606,3234400
2023-10-06 09:00:00+09:00,1156.84423828125,1169.011693861878,1153.5683848556962,1158.24817546363,1772900
2023-10-10 09:00:00+09:00,1192.41064453125,1199.89830948906,1175.0954193163143,1177.903293675493,2252100
2023-10-11 09:00:00+09:00,1186.326904296875,1193.3465901211168,1182.1150928023299,1186.7948833518244,1580300
2023-10-12 09:00:00+09:00,1206.91796875,1208.3219058986042,1189.602743917216,1193.3465763134936,1961400
2023-10-13 09:00:00+09:00,1201.7703857421875,1207.3861352082724,1194.7506989095814,1195.6866571539288,2092200
2023-10-16 09:00:00+09:00,1176.031494140625,1198.4944912431918,1172.7556403965007,1198.0265121368882,1652700
2023-10-17 09:00:00+09:00,1181.6473388671875,1188.1990468846689,1171.8197768409652,1180.24340143487,1390100
2023-10-18 09:00:00+09:00,1177.435302734375,1192.4106324988823,1174.6274284035298,1183.987009506347,2078800
2023-10-19 09:00:00+09:00,1182.1151123046875,1183.987028555368,1155.4403057324914,1160.5880754218626,1916700
2023-10-20 09:00:00+09:00,1147.9527587890625,1170.415756107397,1147.9527587890625,1169.0118187750013,2207300
2023-10-23 09:00:00+09:00,1136.7210693359375,1143.7407548196918,1121.2777612716782,1136.7210693359375,1913400
2023-10-24 09:00:00+09:00,1117.5340576171875,1140.9330119224048,1106.7705386367875,1136.2532210613615,1967500
2023-10-25 09:00:00+09:00,1145.144775390625,1152.6324404524353,1124.0857174042833,1125.4896546033726,2134100
2023-10-26 09:00:00+09:00,1136.7210693359375,1145.1446919164425,1125.957551594181,1127.3614886909318,1696900
2023-10-27 09:00:00+09:00,1150.760498046875,1155.9082676599355,1126.425587148771,1133.4452729847626,2469600
2023-10-30 09:00:00+09:00,1108.6424560546875,1138.1251385078092,1097.8789370638654,1132.5093894691192,1980400
2023-10-31 09:00:00+09:00,1134.849365234375,1139.9971355509022,1107.2385971730025,1119.4060542847938,2092000
2023-11-01 09:00:00+09:00,1157.312255859375,1178.3713142959589,1148.8886324847415,1158.7161930884806,1728600
2023-11-02 09:00:00+09:00,1154.036376953125,1170.8836233320028,1149.3565862923256,1170.8836233320028,1655000
2023-11-06 09:00:00+09:00,1175.095458984375,1181.6471660436268,1157.7802331849239,1170.8836473034273,1869900
2023-11-07 09:00:00+09:00,1169.4796142578125,1187.2628176758985,1165.735781959268,1180.2431321161278,1493600
2023-11-08 09:00:00+09:00,1156.376220703125,1183.519005325052,1146.080681708601,1179.7751729634067,2515100
2023-11-09 09:00:00+09:00,1113.7901611328125,1122.2137842002035,1082.9035432190456,1086.6473756934415,4006700
2023-11-10 09:00:00+09:00,1149.356689453125,1150.2926476692921,1110.0464443741093,1121.2779429681138,2445100
2023-11-13 09:00:00+09:00,1138.59326171875,1165.2680730290535,1129.233678802854,1158.7163649879265,1328500
2023-11-14 09:00:00+09:00,1114.72607421875,1157.3121668946133,1111.4502209359912,1143.2727956827903,2288000
2023-11-15 09:00:00+09:00,1135.7852783203125,1137.1892156235515,1116.5981351760468,1121.2779261868434,2204000
2023-11-16 09:00:00+09:00,1113.7901611328125,1148.8885905802751,1113.7901611328125,1139.5290093942851,1494100
2023-11-17 09:00:00+09:00,1113.3221435546875,1113.7901225977957,1103.0266046063045,1108.174374080496,2388800
2023-11-20 09:00:00+09:00,1103.4947509765625,1129.233602250401,1100.218897178074,1115.662207942377,1757600
2023-11-21 09:00:00+09:00,1102.0906982421875,1108.1744260881105,1080.0956821838508,1097.4109075914776,2116800
2023-11-22 09:00:00+09:00,1107.2384033203125,1113.3221308110835,1101.6226548672932,1102.0906339050448,1242400
2023-11-24 09:00:00+09:00,1120.3419189453125,1126.8936260736477,1106.770525608047,1110.9823373334052,1271600
2023-11-27 09:00:00+09:00,1095.5390625,1123.1498291328492,1091.3272506407518,1123.1498291328492,1443700
2023-11-28 09:00:00+09:00,1099.2828369140625,1108.6424183266981,1093.1991089958492,1106.3025229735392,1170400
2023-11-29 09:00:00+09:00,1112.854248046875,1121.7458505333723,1096.0070012303538,1098.814875699774,1795100
2023-11-30 09:00:00+09:00,1129.70166015625,1133.4454933299244,1108.1746194076222,1117.066223195099,3288000
2023-12-01 09:00:00+09:00,1115.194091796875,1139.9969817948752,1109.5783431180826,1134.3812331160827,1535900
2023-12-04 09:00:00+09:00,1095.5390625,1118.938017273601,1088.9873551633916,1110.9823726505767,1346100
2023-12-05 09:00:00+09:00,1104.8985595703125,1109.1103711061587,1092.263124962774,1099.7507899153893,1966800
2023-12-06 09:00:00+09:00,1116.5980224609375,1116.5980224609375,1103.0266298995932,1110.0463157071852,1110800
2023-12-07 09:00:00+09:00,1096.0069580078125,1113.790162279502,1092.7311045893434,1107.238455442564,1272800
2023-12-08 09:00:00+09:00,1048.740966796875,1085.24332976437,1039.8493655612033,1084.3073717395625,2930000
2023-12-11 09:00:00+09:00,1062.3125,1071.6720814977973,1054.824834801762,1071.6720814977973,1566800
2023-12-12 09:00:00+09:00,1052.9527587890625,1073.5438349609376,1048.7409477539063,1068.3960659179688,1463800
2023-12-13 09:00:00+09:00,1058.568603515625,1061.8444568421544,1052.4848759092133,1053.8888130491546,1316500
2023-12-14 09:00:00+09:00,1008.962890625,1052.484944812442,1007.0909743158627,1048.2731331168832,2588600
2023-12-15 09:00:00+09:00,1015.9825439453125,1027.2140414371079,1008.9628580129405,1010.8347742615731,3320400
2023-12-18 09:00:00+09:00,1000.5391845703125,1010.8347234199603,993.9874780296276,1010.8347234199603,1707300
2023-12-19 09:00:00+09:00,1001.4752807617188,1011.7708210312318,996.795489730122,1008.494967309114,1383600
2023-12-20 09:00:00+09:00,1001.00732421875,1014.1107394025391,997.2634913090959,998.1994495365094,2154900
2023-12-21 09:00:00+09:00,981.3521118164062,994.4555258034636,981.3521118164062,993.9875467324973,2020300
2023-12-22 09:00:00+09:00,980.8841552734375,996.3274649700136,980.8841552734375,982.2880925185808,1695900
2023-12-25 09:00:00+09:00,1000.5391845703125,1004.7509959178957,995.3914151454886,1003.3470588020346,1495800
2023-12-26 09:00:00+09:00,1014.5784912109375,1015.0464702197986,1001.9430579716869,1006.1548690514371,1421300
2023-12-27 09:00:00+09:00,1023.9381103515625,1027.2139635382448,1017.8543830048667,1020.1942781382112,2021600
2023-12-28 09:00:00+09:00,1022.0662841796875,1022.5342632475354,1012.7067028227307,1018.3224516369048,921700
2023-12-29 09:00:00+09:00,1013.6426391601562,1026.2780737203245,1007.5589114089643,1018.7904087957803,1535400
2024-01-04 09:00:00+09:00,1039.8494873046875,1039.8494873046875,1001.4752037947935,1015.5145758106084,1987000
2024-01-05 09:00:00+09:00,1048.2730712890625,1049.6770084381103,1032.8297626495362,1040.7854064941405,1987200
2024-01-09 09:00:00+09:00,1057.164794921875,1063.248523268039,1051.081066575711,1052.9529829899152,1581600
2024-01-10 09:00:00+09:00,1077.287841796875,1080.0957162759285,1060.4405949225538,1060.4405949225538,1986000
2024-01-11 09:00:00+09:00,1088.519287109375,1104.4305750550839,1084.3074755943344,1096.9429101394562,1958000
2024-01-12 09:00:00+09:00,1094.6031494140625,1115.6622095780783,1090.3913373812593,1114.7262513485664,2039000
2024-01-15 09:00:00+09:00,1114.72607421875,1119.405864622691,1107.7063886128385,1114.72607421875,376600
2024-01-16 09:00:00+09:00,1127.3614501953125,1128.7653872441235,1113.3220797072015,1119.8737859349865,1765100
2024-01-17 09:00:00+09:00,1114.72607421875,1149.8245022483077,1112.3861790167796,1112.8541580571737,2310000
2024-01-18 09:00:00+09:00,1112.3863525390625,1125.9577468275072,1111.4503943122734,1123.1498721471394,1472200
2024-01-19 09:00:00+09:00,1100.686767578125,1125.4896581740607,1096.4749559674945,1123.1497628348213,1161400
2024-01-22 09:00:00+09:00,1120.3419189453125,1127.8295842348384,1108.6424419304283,1117.0660653811449,1652300
2024-01-23 09:00:00+09:00,1115.194091796875,1136.253149342347,1114.726112740309,1131.1053797201205,1743900
2024-01-24 09:00:00+09:00,1106.7703857421875,1113.322092042564,1100.2186794418108,1106.7703857421875,1344200
2024-01-25 09:00:00+09:00,1098.8148193359375,1114.7261071798139,1093.6670497393893,1108.1744004205707,1710400
2024-01-26 09:00:00+09:00,1090.3912353515625,1101.6227330547545,1087.5833609257645,1099.7508167708893,1372200
2024-01-29 09:00:00+09:00,1090.3912353515625,1104.4306074805527,1088.519319067697,1090.3912353515625,1274400
2024-01-30 09:00:00+09:00,1081.0316162109375,1097.4108831232245,1078.6917209377536,1090.8591763583097,1330800
2024-01-31 09:00:00+09:00,1093.198974609375,1096.4748277010983,1071.671940006622,1071.671940006622,1823100
2024-02-01 09:00:00+09:00,1080.095703125,1086.1794310888756,1072.6080379386915,1081.499640347433,1320200
2024-02-02 09:00:00+09:00,1096.9429931640625,1105.8345959243513,1088.987348589067,1090.8592649596542,1744100
2024-02-05 09:00:00+09:00,1118.93798828125,1126.4256536147925,1098.3469086140083,1100.6868040307404,2488300
2024-02-06 09:00:00+09:00,1114.2581787109375,1130.1694672771584,1110.982325182598,1122.213822994048,2631200
2024-02-07 09:00:00+09:00,1188.1988525390625,1193.3466222822408,1157.7802131475544,1172.7555433095276,5485200
2024-02-08 09:00:00+09:00,1187.2628173828125,1197.558356201268,1167.6076978203064,1188.66675449442,3083300
2024-02-09 09:00:00+09:00,1185.85888671875,1204.1100692688808,1168.0756832083662,1175.0953688045704,3086100
2024-02-13 09:00:00+09:00,1192.878662109375,1197.0904737841433,1181.6471643099928,1185.8589759847612,2393000
2024-02-14 09:00:00+09:00,1160.1201171875,1184.9230079543163,1150.7605357660598,1182.1151335278842,2604700
2024-02-15 09:00:00+09:00,1179.7752685546875,1184.9230384690475,1156.8442934816294,1169.4797287259676,2279700
2024-02-16 09:00:00+09:00,1189.602783203125,1196.1544901129769,1183.9870344232518,1187.2628878781777,2086400
2024-02-19 09:00:00+09:00,1196.6224365234375,1196.6224365234375,1176.031358225811,1193.346583157906,1464000
2024-02-20 09:00:00+09:00,1191.4747314453125,1203.6421874616433,1187.730898824903,1193.8146268330684,1739500
2024-02-21 09:00:00+09:00,1184.923095703125,1186.7950121260367,1173.2236180599266,1181.1792628573014,2047600
2024-02-22 09:00:00+09:00,1189.134765625,1195.6864723226583,1181.1791217778434,1190.5387027744982,1878400
2024-02-26 09:00:00+09:00,1169.4796142578125,1198.4943145715317,1167.6076981085403,1192.410587086397,2394400
2024-02-27 09:00:00+09:00,1195.6865234375,1202.2382304152397,1171.3516118058953,1171.3516118058953,2003400
2024-02-28 09:00:00+09:00,1180.2432861328125,1201.3023455602417,1174.1595578537774,1195.686596379594,1641000
2024-02-29 09:00:00+09:00,1165.267822265625,1177.9032564829631,1158.7161156344127,1174.1594241222704,2523100
2024-03-01 09:00:00+09:00,1179.7752685546875,1187.7309129677892,1168.5437705597203,1170.8836659753383,1388600
2024-03-04 09:00:00+09:00,1175.095458984375,1182.1151451192877,1169.479710076445,1178.371312514001,1566800
2024-03-05 09:00:00+09:00,1194.2825927734375,1196.1545090630511,1167.1398065740411,1178.3713043117225,2170500
2024-03-06 09:00:00+09:00,1205.0460205078125,1223.2972029543384,1196.622397840185,1202.23814628527,3013800
2024-03-07 09:00:00+09:00,1183.0509033203125,1209.2577271280409,1176.967176364947,1198.026231210443,1709300
2024-03-08 09:00:00+09:00,1207.85400390625,1211.1298574619818,1179.7752591428348,1183.987070857347,2239700
2024-03-11 09:00:00+09:00,1171.3515625,1187.7308292548942,1154.504316694966,1187.7308292548942,2091100
2024-03-12 09:00:00+09:00,1165.267822265625,1172.7554869870105,1146.0806814170746,1171.3515498517506,1329500
2024-03-13 09:00:00+09:00,1153.1004638671875,1182.5831461819735,1146.5487566861239,1174.627501747825,1495500
2024-03-14 09:00:00+09:00,1169.9478759765625,1170.4158551269531,1156.3764806152344,1166.6720219238282,1770900
2024-03-15 09:00:00+09:00,1191.942626953125,1196.6224174005263,1172.7554861187796,1177.4352765661808,2176500
2024-03-18 09:00:00+09:00,1216.2777099609375,1216.2777099609375,1200.3664201807635,1207.3861068484873,1657500
2024-03-19 09:00:00+09:00,1236.4005126953125,1244.3561556611794,1214.8734787876726,1216.7453947796414,2708100
2024-03-21 09:00:00+09:00,1267.2872314453125,1271.4990427758175,1247.6321119029553,1262.6074410780845,2614400
2024-03-22 09:00:00+09:00,1280.3907470703125,1286.942454109415,1263.5435003983348,1268.6912702147724,1795000
2024-03-25 09:00:00+09:00,1249.9720458984375,1273.370998461119,1249.9720458984375,1272.9030194098652,1501600
2024-03-26 09:00:00+09:00,1266.8193359375,1279.922749829724,1263.543482464444,1265.883377802341,1793300
2024-03-27 09:00:00+09:00,1274.3070068359375,1296.7700021822925,1273.371048696506,1286.9424417182622,1684200
2024-03-28 09:00:00+09:00,1272.4100341796875,1287.111752800474,1262.9250544243414,1274.781279118524,1664300
2024-03-29 09:00:00+09:00,1287.5860595703125,1297.5452887603592,1270.0388462354686,1270.0388462354686,573900
2024-04-01 09:00:00+09:00,1277.626708984375,1296.5966675439054,1270.9872234885393,1289.9571820480699,1548200
2024-04-02 09:00:00+09:00,1271.935791015625,1285.6890117238477,1265.7705541464218,1268.616048086054,1632400
2024-04-03 09:00:00+09:00,1278.5753173828125,1285.6890524572718,1269.5645862884974,1276.6783213629567,2082200
2024-04-04 09:00:00+09:00,1302.28759765625,1304.6588423715746,1282.8433909905887,1289.4828761934973,2385500
2024-04-05 09:00:00+09:00,1276.6781005859375,1278.5750962777443,1253.9141522842565,1268.1416199728071,1939400
2024-04-08 09:00:00+09:00,1300.864990234375,1305.1332311793658,1279.0495365155339,1280.4722834971974,1915400
2024-04-09 09:00:00+09:00,1308.9271240234375,1320.7833479729252,1300.864891737786,1300.864891737786,1545000
2024-04-10 09:00:00+09:00,1325.52587890625,1333.5881114434258,1315.566650477974,1319.3606422601745,2304700
2024-04-11 09:00:00+09:00,1321.73193359375,1324.5774275304425,1291.379998269028,1307.0302149208378,1706400
2024-04-12 09:00:00+09:00,1324.1031494140625,1335.959373889475,1316.5151657497986,1333.5881289943925,1920400
2024-04-15 09:00:00+09:00,1323.1546630859375,1323.1546630859375,1295.6482220612118,1304.1847037585405,1367100
2024-04-16 09:00:00+09:00,1298.968017578125,1322.206218695806,1295.1740255589118,1295.6482745613134,1967800
2024-04-17 09:00:00+09:00,1255.8114013671875,1305.6075483247232,1245.8521719756802,1304.1848012687935,2264700
2024-04-18 09:00:00+09:00,1276.203857421875,1281.4205955978841,1254.388406867655,1259.6051450436642,1719600
2024-04-19 09:00:00+09:00,1284.740478515625,1294.69970703125,1260.5537806919644,1276.2039969308037,2416900
2024-04-22 09:00:00+09:00,1302.28759765625,1308.9270828591589,1285.688884648978,1308.9270828591589,1923600
2024-04-23 09:00:00+09:00,1278.1009521484375,1308.4528857059513,1272.4099646064035,1304.6588940112622,1762400
2024-04-24 09:00:00+09:00,1293.27685546875,1293.27685546875,1276.6781426189493,1279.9978851889095,1973800
2024-04-25 09:00:00+09:00,1248.697509765625,1287.5859244260052,1244.9035180914416,1283.317683792549,1765400
2024-04-26 09:00:00+09:00,1269.5645751953125,1279.0495552117138,1244.903627152669,1251.54311316415,2026900
2024-04-30 09:00:00+09:00,1296.122314453125,1300.8648037120095,1270.0386235292603,1288.0600827130213,2924900
2024-05-01 09:00:00+09:00,1279.523681640625,1287.585913882245,1260.5537234250487,1278.1009347744568,1749100
2024-05-02 09:00:00+09:00,1286.6375732421875,1286.6375732421875,1269.5646087612738,1277.1525929750132,1791800
2024-05-07 09:00:00+09:00,1308.9271240234375,1311.298368813335,1282.8434313345647,1299.4421448638473,3994800
2024-05-08 09:00:00+09:00,1228.304931640625,1236.3671647826677,1182.7770268385016,1209.334971306407,7802600
2024-05-09 09:00:00+09:00,1240.1611328125,1257.7083457815486,1231.1504018283938,1231.6246508275574,3864300
2024-05-10 09:00:00+09:00,1230.6761474609375,1251.5431033331074,1223.5624125045158,1235.4186374318851,3399200
2024-05-13 09:00:00+09:00,1219.7684326171875,1232.5731556656572,1214.5516935974406,1230.6761596584765,2530900
2024-05-14 09:00:00+09:00,1249.64599609375,1252.0172408681215,1216.4485692525498,1219.2940629817956,2739800
2024-05-15 09:00:00+09:00,1236.3670654296875,1258.1825180609746,1231.1503267569885,1249.646036596558,2691900
2024-05-16 09:00:00+09:00,1235.4185791015625,1244.4293096209212,1228.304844481016,1232.0988362786409,2410400
2024-05-17 09:00:00+09:00,1205.540771484375,1225.9334753293112,1197.9527886583521,1214.0772521636507,2395500
2024-05-20 09:00:00+09:00,1224.5108642578125,1227.3563581329274,1204.5924071320076,1210.2833948822376,1906200
2024-05-21 09:00:00+09:00,1243.4808349609375,1248.2233247967915,1225.459373584692,1226.8821205354482,1970800
2024-05-22 09:00:00+09:00,1235.4185791015625,1258.656778862014,1235.4185791015625,1240.6353178232966,2534400
2024-05-23 09:00:00+09:00,1216.9228515625,1233.5215654380602,1209.8091170444027,1224.5108350484704,3136100
2024-05-24 09:00:00+09:00,1226.882080078125,1234.4700635652723,1207.43787239231,1211.7061131038304,2488100
2024-05-27 09:00:00+09:00,1255.8114013671875,1256.2856503858306,1236.3671916028163,1242.532428845178,1880800
2024-05-28 09:00:00+09:00,1269.0902099609375,1285.2146745120108,1259.6052308132473,1261.5022266427854,2453100
2024-05-29 09:00:00+09:00,1307.0302734375,1313.1955105763561,1279.523830817988,1283.317822903438,3863800
2024-05-30 09:00:00+09:00,1314.6181640625,1326.474388485863,1283.791980561756,1291.3799641927085,3422700
2024-05-31 09:00:00+09:00,1331.217041015625,1355.4037417964576,1317.4638190029948,1318.4123170728312,15287700
2024-06-03 09:00:00+09:00,1399.034423828125,1399.5086727853547,1345.4442916611492,1349.712532276218,3673600
2024-06-04 09:00:00+09:00,1399.034423828125,1401.8799175715042,1365.362747864804,1370.5794863943327,2677900
2024-06-05 09:00:00+09:00,1371.528076171875,1383.3843008967356,1354.4551125680757,1357.7748554910365,2610000
2024-06-06 09:00:00+09:00,1370.1053466796875,1388.6010574863706,1364.8886077342127,1388.1268084913274,1727900
2024-06-07 09:00:00+09:00,1379.115966796875,1394.291933419124,1373.4249793135316,1384.8069542802184,1415300
2024-06-10 09:00:00+09:00,1395.71484375,1395.71484375,1362.517412875892,1368.208401025739,2104800
2024-06-11 09:00:00+09:00,1394.76611328125,1409.4678302182506,1390.0236239467338,1399.5086026157664,1424900
2024-06-12 09:00:00+09:00,1389.0753173828125,1397.137550361818,1373.425100423566,1379.1160884087465,1928800
2024-06-13 09:00:00+09:00,1357.3006591796875,1387.1783466459071,1348.764177046482,1387.1783466459071,2408400
2024-06-14 09:00:00+09:00,1369.631103515625,1381.961577439242,1350.1868946360748,1352.0838906243237,3594300
2024-06-17 09:00:00+09:00,1288.0601806640625,1351.1352926037976,1285.688935854298,1351.1352926037976,2574000
2024-06-18 09:00:00+09:00,1289.9571533203125,1307.0301156436694,1277.1524315777947,1301.8133771559772,2572800
2024-06-19 09:00:00+09:00,1282.8436279296875,1307.0303284932415,1275.2556434391606,1307.0303284932415,1879800
2024-06-20 09:00:00+09:00,1272.88427734375,1283.7920040124932,1256.2855628478367,1280.4722611133104,2394600
2024-06-21 09:00:00+09:00,1268.141845703125,1274.7813318062827,1261.0281105925988,1261.5023595999673,2652300
2024-06-24 09:00:00+09:00,1265.2962646484375,1279.9979828658668,1261.5022728503911,1273.8327461940416,1971000
2024-06-25 09:00:00+09:00,1280.4722900390625,1285.6890289984808,1265.7705711534288,1272.4100571017796,2152100
2024-06-26 09:00:00+09:00,1304.1846923828125,1310.8241780894887,1276.204002618963,1282.843488325639,2307700
2024-06-27 09:00:00+09:00,1295.174072265625,1301.339309519178,1284.7405938365355,1298.4938154021536,1738600
2024-06-28 09:00:00+09:00,1304.658935546875,1312.2469191778275,1292.3284621465775,1307.0301804315477,2223800
2024-07-01 09:00:00+09:00,1331.6910400390625,1335.4850316061254,1310.349837474334,1315.5665758790453,1941600
2024-07-02 09:00:00+09:00,1385.28125,1389.0752417836359,1333.1138629750085,1333.5881119479632,3000700
2024-07-03 09:00:00+09:00,1392.39501953125,1399.5087543040595,1369.1568192734055,1391.446521561542,2264500
2024-07-04 09:00:00+09:00,1418.4786376953125,1419.9013845736429,1387.6524553314894,1403.776919952566,1562100
2024-07-05 09:00:00+09:00,1385.28125,1409.467947620678,1379.116013351592,1408.9936986477235,2473100
2024-07-08 09:00:00+09:00,1340.2276611328125,1378.167580768561,1340.2276611328125,1378.167580768561,2667600
2024-07-09 09:00:00+09:00,1349.2384033203125,1353.506644314999,1334.536684338615,1342.1246683291686,2566300
2024-07-10 09:00:00+09:00,1344.495849609375,1363.9400576636906,1337.382114955357,1356.352074032738,2408000
2024-07-11 09:00:00+09:00,1361.56884765625,1366.785586536159,1349.712622929184,1363.4658436125806,1959600
2024-07-12 09:00:00+09:00,1325.52587890625,1336.9078542528512,1314.143903559649,1331.6911155523255,2959400
2024-07-16 09:00:00+09:00,1357.7747802734375,1361.5687719752143,1328.3713445846658,1329.31984251011,2294900
2024-07-17 09:00:00+09:00,1391.920654296875,1393.3434011326128,1340.701768210312,1355.8777344581824,2738700
2024-07-18 09:00:00+09:00,1381.9615478515625,1399.9830093540882,1381.487298864654,1390.0237806290081,1936900
2024-07-19 09:00:00+09:00,1399.034423828125,1404.7254113148833,1362.9915030786547,1379.5902165817001,2046700
2024-07-22 09:00:00+09:00,1383.8585205078125,1402.8284796648763,1373.899291950354,1390.0237572338583,1639700
2024-07-23 09:00:00+09:00,1389.5496826171875,1404.7256518471363,1379.5904528100336,1389.5496826171875,1465700
2024-07-24 09:00:00+09:00,1348.7640380859375,1376.2704776812202,1347.3412912103195,1374.8477308056022,1527100
2024-07-25 09:00:00+09:00,1308.9271240234375,1330.7425760904948,1304.1846344436424,1329.3198292165562,2357900
2024-07-26 09:00:00+09:00,1306.5560302734375,1327.8972358495917,1296.122551991762,1311.7727694142752,2049700
2024-07-29 09:00:00+09:00,1323.62890625,1336.433628739699,1315.0924245902006,1332.1653879097994,1680700
2024-07-30 09:00:00+09:00,1311.7725830078125,1320.309064025217,1302.7618530449968,1311.7725830078125,1628600
2024-07-31 09:00:00+09:00,1338.804931640625,1340.7019276472004,1286.1632924581563,1292.3285294795264,2053700
2024-08-01 09:00:00+09:00,1267.1932373046875,1298.0194200984017,1242.532291069716,1288.0601918112018,2062200
2024-08-02 09:00:00+09:00,1210.2833251953125,1242.5322539230872,1210.2833251953125,1233.0472748855063,2492900
2024-08-05 09:00:00+09:00,1080.3392333984375,1160.0130662390598,1067.0602612583339,1155.7448251940264,3627600
2024-08-06 09:00:00+09:00,1198.9014892578125,1201.7469832987724,1137.2491183703457,1148.156845527359,3373900
2024-08-07 09:00:00+09:00,1131.55810546875,1147.208322350757,1038.6053021695568,1070.8542339264197,7205700
2024-08-08 09:00:00+09:00,1165.229736328125,1187.045189267113,1116.8563406808037,1131.5580589657739,3740200
2024-08-09 09:00:00+09:00,1189.8907470703125,1218.8199362178968,1147.208336852565,1182.7770120340213,7117700
2024-08-13 09:00:00+09:00,1209.3349609375,1226.882174096201,1183.2512657015932,1185.622510723039,3400500
2024-08-14 09:00:00+09:00,1243.955078125,1249.1718169200344,1213.6031433175276,1221.6653760007625,2184500
2024-08-15 09:00:00+09:00,1249.64599609375,1265.2962116046015,1242.0580128157615,1243.9550086352585,2487500
2024-08-16 09:00:00+09:00,1277.626708984375,1288.0601861921168,1263.399240064727,1274.3069662364571,2302700
2024-08-19 09:00:00+09:00,1274.30712890625,1288.5345996420847,1267.1933935383327,1277.6268720779447,2981900
2024-08-20 09:00:00+09:00,1300.864990234375,1310.349970112132,1281.895030478861,1289.9572633749544,2505300
2024-08-21 09:00:00+09:00,1318.4122314453125,1326.0002155111847,1290.4315402024083,1296.1225282518126,2923200
2024-08-22 09:00:00+09:00,1342.1246337890625,1344.9701277122902,1306.5559597487163,1320.3091803776501,2870300
2024-08-23 09:00:00+09:00,1355.8778076171875,1362.0430442380423,1339.7533426087984,1345.4443302588181,2168900
2024-08-26 09:00:00+09:00,1384.8070068359375,1384.8070068359375,1336.9078603666123,1353.5065744896458,2527500
2024-08-27 09:00:00+09:00,1419.4271240234375,1433.1803437349909,1377.6932159332061,1387.652444000193,3264500
2024-08-28 09:00:00+09:00,1413.736328125,1429.3865457795202,1395.240616351476,1418.9530673431734,2814600
2024-08-29 09:00:00+09:00,1433.65478515625,1438.871524367867,1403.3028479250227,1405.1998440019745,2140100
2024-08-30 09:00:00+09:00,1441.7169189453125,1449.3049027292352,1427.4894493504576,1430.8091922559238,4079800
2024-09-02 09:00:00+09:00,1458.3155517578125,1463.0580413570249,1427.963618322853,1436.5000996014355,1725200
2024-09-03 09:00:00+09:00,1473.4915771484375,1481.5538097881297,1453.0988710598044,1460.6868547206911,2334900
2024-09-04 09:00:00+09:00,1442.191162109375,1461.6353704771766,1429.3864395257008,1435.5516763252476,4303700
2024-09-05 09:00:00+09:00,1433.65478515625,1472.068955714522,1414.210575367495,1423.2213067330156,2866000
2024-09-06 09:00:00+09:00,1427.489501953125,1437.448731036519,1388.1268346235206,1393.3435736672031,4514100
2024-09-09 09:00:00+09:00,1442.191162109375,1444.088158047697,1364.8885776227496,1389.5495248209368,3228400
2024-09-10 09:00:00+09:00,1418.00439453125,1461.6352989783654,1418.00439453125,1433.180361295464,4770800
2024-09-11 09:00:00+09:00,1410.8907470703125,1430.334955685399,1407.0967551454175,1409.9422490890888,4299100
2024-09-12 09:00:00+09:00,1454.995849609375,1463.0580821528429,1424.6439153280842,1436.0258906835682,2589200
2024-09-13 09:00:00+09:00,1412.3134765625,1450.253395341882,1411.8392275777576,1442.6654115860056,5214100
2024-09-17 09:00:00+09:00,1427.489501953125,1432.7062409968075,1410.416537810164,1424.1697589253272,2751800
2024-09-18 09:00:00+09:00,1432.7061767578125,1462.5838626683528,1420.3757032074307,1446.459397256315,1481600
2024-09-19 09:00:00+09:00,1454.995849609375,1472.068812642601,1442.6653763076006,1462.5838331796976,2209200
2024-09-20 09:00:00+09:00,1456.4185791015625,1479.6567785076115,1450.7275914919178,1470.1717991582038,3934200
2024-09-24 09:00:00+09:00,1469.2235107421875,1484.399479865412,1450.7277983732574,1470.6462578474898,2411300
2024-09-25 09:00:00+09:00,1484.3994140625,1491.9873982877396,1458.7899673023164,1471.1204416683306,1800800
2024-09-26 09:00:00+09:00,1529.9271240234375,1531.8241198374778,1494.3584525101835,1500.5236889058142,2538300
2024-09-27 09:00:00+09:00,1552.002685546875,1557.281606246014,1522.2487688790004,1541.9247460303368,2394800
2024-09-30 09:00:00+09:00,1480.497314453125,1505.4522124601144,1458.901729639384,1478.0978050293759,3100200
2024-10-01 09:00:00+09:00,1537.1258544921875,1538.0856583351424,1483.8567412081934,1497.7738969310387,2130700
2024-10-02 09:00:00+09:00,1520.80908203125,1525.6081009079658,1497.2938895353423,1497.2938895353423,3403300
2024-10-03 09:00:00+09:00,1578.8773193359375,1582.716534702104,1551.043007931231,1559.2013405843347,2168400
2024-10-04 09:00:00+09:00,1593.7542724609375,1594.7140762986135,1564.4802554118205,1569.7591765190384,2609400
2024-10-07 09:00:00+09:00,1611.510498046875,1631.6663768193494,1609.5908905447345,1629.7467693172089,1636900
2024-10-08 09:00:00+09:00,1594.714111328125,1600.4729344806792,1584.6361708111551,1595.1940132575044,1830500
2024-10-09 09:00:00+09:00,1552.002685546875,1603.3521868930457,1552.002685546875,1596.153658666947,2254500
2024-10-10 09:00:00+09:00,1600.4727783203125,1610.0708159714088,1564.4801371287012,1575.9977823100169,2443400
2024-10-11 09:00:00+09:00,1585.595947265625,1597.1135933716707,1574.0783011595793,1590.3949664764775,1795500
2024-10-15 09:00:00+09:00,1578.8773193359375,1595.6738865629156,1578.8773193359375,1588.4753577513536,1054900
2024-10-16 09:00:00+09:00,1575.0380859375,1582.716516581924,1548.1635786820154,1555.3621074111632,1514200
2024-10-17 09:00:00+09:00,1569.2791748046875,1586.075740895869,1565.9198615864511,1581.7566239009939,906800
2024-10-18 09:00:00+09:00,1565.43994140625,1591.354643072693,1565.43994140625,1578.8771941221835,772700
2024-10-21 09:00:00+09:00,1575.517822265625,1583.196252103045,1560.6408644556238,1569.75899988756,1151700
2024-10-22 09:00:00+09:00,1573.598388671875,1601.9126018257757,1557.2817234645422,1592.3145634685213,1527100
2024-10-23 09:00:00+09:00,1570.239013671875,1586.55567823937,1558.7213680948196,1573.1184250661388,983200
2024-10-24 09:00:00+09:00,1577.4375,1585.115930179495,1544.8041717371464,1552.0027000304228,1304700
2024-10-25 09:00:00+09:00,1564.480224609375,1576.4777723441093,1558.7214016967025,1573.1184589783838,1220500
2024-10-28 09:00:00+09:00,1586.0758056640625,1593.27433428281,1557.2816911890718,1562.5606121761534,1502700
2024-10-29 09:00:00+09:00,1604.7918701171875,1607.6712813673978,1576.957561365155,1601.9124588669772,1478900
2024-10-30 09:00:00+09:00,1604.7918701171875,1628.3070619939047,1601.4325569919422,1611.030594492643,2507600
2024-10-31 09:00:00+09:00,1605.271728515625,1605.271728515625,1586.5555558961603,1601.912415481362,2349100
2024-11-01 09:00:00+09:00,1574.0782470703125,1585.1159908759885,1555.3620727911227,1570.7189337381503,2077100
2024-11-05 09:00:00+09:00,1584.1561279296875,1591.8345581165627,1559.6811317090228,1587.995343023125,2434200
2024-11-06 09:00:00+09:00,1605.7518310546875,1629.7469271553255,1596.1537926144324,1626.867515623249,2098500
2024-11-07 09:00:00+09:00,1635.985595703125,1650.8625547722938,1608.6311870920724,1631.6664785540115,1718600
2024-11-08 09:00:00+09:00,1628.7869873046875,1659.5007077488535,1599.0330706244015,1659.5007077488535,1880900
2024-11-11 09:00:00+09:00,1565.43994140625,1628.3070880415103,1565.43994140625,1626.8673823933746,2047000
2024-11-12 09:00:00+09:00,1582.716552734375,1617.749393349781,1569.2792987996986,1573.1185142096062,1872900
2024-11-13 09:00:00+09:00,1602.8724365234375,1618.2292981907278,1582.7165555851188,1587.9954767832498,1521500
2024-11-14 09:00:00+09:00,1589.9149169921875,1639.344810276279,1589.9149169921875,1619.1889314614068,1626400
2024-11-15 09:00:00+09:00,1589.43505859375,1607.191428511615,1586.0757453660458,1592.7943718214542,2009400
2024-11-18 09:00:00+09:00,1576.9576416015625,1602.8723441720083,1571.678720707583,1583.6762681939003,1805700
2024-11-19 09:00:00+09:00,1573.118408203125,1589.9149744896135,1562.0806646434326,1580.7968385055199,2099100
2024-11-20 09:00:00+09:00,1571.1988525390625,1595.1939480268306,1563.0405200732214,1567.3596372610195,1528400
2024-11-21 09:00:00+09:00,1547.2037353515625,1577.917457145142,1543.3645201273653,1565.4400076665004,1590600
2024-11-22 09:00:00+09:00,1580.7967529296875,1587.5153790805728,1532.3266642697306,1545.2840147035804,1856500
2024-11-25 09:00:00+09:00,1620.148681640625,1620.148681640625,1580.3168272045552,1599.5129016315768,4550500
2024-11-26 09:00:00+09:00,1655.181640625,1655.181640625,1611.510568054146,1615.8296851215932,2015000
2024-11-27 09:00:00+09:00,1681.5762939453125,1681.5762939453125,1641.7444353843932,1651.8223755022161,2656500
2024-11-28 09:00:00+09:00,1596.153564453125,1670.058449878796,1594.7138588928847,1668.6187443185556,1875100
2024-11-29 09:00:00+09:00,1633.5860595703125,1637.9051766490823,1584.63606601092,1596.6336134519474,1891900
2024-12-02 09:00:00+09:00,1668.618896484375,1676.2973268392068,1627.8272352243312,1633.5860579904552,2093600
2024-12-03 09:00:00+09:00,1679.656494140625,1698.852568359375,1654.2216958007814,1679.656494140625,2356800
2024-12-04 09:00:00+09:00,1656.621337890625,1685.8953534211373,1646.063496223883,1674.8576098604524,1736100
2024-12-05 09:00:00+09:00,1688.774658203125,1697.8927936125763,1669.5785836569116,1673.4177985661543,1805500
2024-12-06 09:00:00+09:00,1679.656494140625,1718.048642578125,1671.4981625976563,1708.4506054687502,1964600
2024-12-09 09:00:00+09:00,1671.9781494140625,1686.8551076895608,1654.7016817392903,1677.73697197232,1831100
2024-12-10 09:00:00+09:00,1700.2923583984375,1707.9707884674115,1671.9781475190957,1695.4933396053286,1583800
2024-12-11 09:00:00+09:00,1689.734619140625,1701.732166848241,1677.737071433009,1693.5738344070621,1674500
2024-12-12 09:00:00+09:00,1710.850341796875,1720.9282820991848,1688.774853515625,1695.9733823029892,1878800
2024-12-13 09:00:00+09:00,1710.3704833984375,1716.1293065748632,1695.0136215946354,1701.732248633799,1857800
2024-12-16 09:00:00+09:00,1710.850341796875,1727.6469089673915,1706.051322605299,1716.6091648267663,1203300
2024-12-17 09:00:00+09:00,1681.0963134765625,1705.0914078738872,1656.141415303345,1697.8928795546897,2905500
2024-12-18 09:00:00+09:00,1691.654052734375,1714.2094401041666,1671.9780765181738,1672.4579783771055,1469800
2024-12-19 09:00:00+09:00,1692.134033203125,1707.0109915211333,1652.7820789425873,1652.7820789425873,1263700
2024-12-20 09:00:00+09:00,1706.5311279296875,1712.2899506336123,1688.7747579259196,1691.6541692778821,2681000
2024-12-23 09:00:00+09:00,1724.2874755859375,1744.923256674219,1713.2497322131358,1727.6467887863555,1091500
2024-12-24 09:00:00+09:00,1719.488525390625,1725.2473482498735,1710.3703891968148,1722.8478387251866,642300
2024-12-25 09:00:00+09:00,1716.609130859375,1722.3679537753137,1701.732171659867,1718.5287384980213,975600
2024-12-26 09:00:00+09:00,1727.1669921875,1727.1669921875,1701.7321906909906,1708.4508175013893,802800
2024-12-27 09:00:00+09:00,1762.6796875,1766.9988046215626,1720.92822199156,1733.4056714538524,1649600
2024-12-30 09:00:00+09:00,1738.6845703125,1764.1193708166575,1728.606630490098,1762.679665127743,1433700
2025-01-06 09:00:00+09:00,1666.219482421875,1737.724869196316,1658.5410516273041,1731.4861441757273,2012600
2025-01-07 09:00:00+09:00,1684.4556884765625,1694.05372658754,1662.380200821314,1676.7772579877803,1429900
2025-01-08 09:00:00+09:00,1666.6993408203125,1681.5763000962784,1645.1037547745555,1680.1365943598946,1827400
2025-01-09 09:00:00+09:00,1646.0634765625,1666.2193558673468,1624.467891593021,1657.1012199913448,1364800
2025-01-10 09:00:00+09:00,1623.5079345703125,1633.1059714285468,1598.0731368959919,1617.749112455372,2627200
2025-01-14 09:00:00+09:00,1601.9124755859375,1621.58845266773,1574.5580684234453,1609.590905666637,2594600
2025-01-15 09:00:00+09:00,1590.8748779296875,1623.0283068350536,1577.437624058788,1622.0685029871324,1778600
2025-01-16 09:00:00+09:00,1606.231689453125,1621.108648632404,1584.1562016387109,1584.1562016387109,1257500
2025-01-17 09:00:00+09:00,1608.631103515625,1613.9100242013862,1579.357088803676,1611.5105147987676,1427300
2025-01-20 09:00:00+09:00,1632.146240234375,1638.3849644693196,1607.1913432945962,1610.0707544799554,874000
2025-01-21 09:00:00+09:00,1615.82958984375,1642.2241925884503,1611.5104730309808,1637.905075775681,1023200
2025-01-22 09:00:00+09:00,1628.7869873046875,1637.9051230615494,1617.269342138125,1617.269342138125,1284100
2025-01-23 09:00:00+09:00,1626.387451171875,1634.5457830308073,1610.5506893280651,1623.0281380534911,1487000
2025-01-24 09:00:00+09:00,1641.264404296875,1662.3800866913377,1632.6261705900492,1651.8222454941063,1145100
2025-01-27 09:00:00+09:00,1682.05615234375,1699.812522568206,1662.860076425419,1675.8174276702923,1660100
2025-01-28 09:00:00+09:00,1690.6944580078125,1703.6518098006625,1638.3851489181584,1662.8601467490973,1977800
2025-01-29 09:00:00+09:00,1730.04638671875,1735.8052096426404,1700.2924682786495,1705.0914873818915,1545600
2025-01-30 09:00:00+09:00,1701.732177734375,1739.6444287329693,1697.892962443378,1728.1267828599787,1674700
2025-01-31 09:00:00+09:00,1714.689453125,1730.0463136063881,1693.0938680730478,1701.2522002037854,1480800
2025-02-03 09:00:00+09:00,1662.860107421875,1688.2949084877796,1662.860107421875,1680.1365760704139,1793400
2025-02-04 09:00:00+09:00,1666.6993408203125,1695.4934555479883,1666.6993408203125,1683.49590774479,1325400
2025-02-05 09:00:00+09:00,1654.221923828125,1679.6567256740464,1630.7067296686885,1675.3376083794558,1380100
2025-02-06 09:00:00+09:00,1655.181640625,1677.2571278586183,1653.7419349358508,1657.581150106915,1358600
2025-02-07 09:00:00+09:00,1655.6614990234375,1671.9781630717846,1641.2644425101903,1645.1036575803896,2134100
2025-02-10 09:00:00+09:00,1624.94775390625,1659.9805908924154,1609.1109919809971,1651.3423571150047,2004200
2025-02-12 09:00:00+09:00,1642.224365234375,1665.2596573241615,1623.9880923299604,1631.666523026556,2096000
2025-02-13 09:00:00+09:00,1679.656494140625,1692.1339423828126,1653.7417939453126,1659.9805180664064,1984100
2025-02-14 09:00:00+09:00,1576.9576416015625,1634.0659676364335,1569.2792112103193,1616.3095973566838,2879500
2025-02-17 09:00:00+09:00,1501.613037109375,1555.8419515208034,1492.974802955342,1555.8419515208034,3080700
2025-02-18 09:00:00+09:00,1501.613037109375,1513.6105845455318,1491.055195365557,1513.1306826480854,1539800
2025-02-19 09:00:00+09:00,1483.856689453125,1528.4875665938562,1471.3792399299098,1511.6909999279897,1853300
2025-02-20 09:00:00+09:00,1458.9017333984375,1508.3316276550293,1451.223303222656,1496.8139823913573,2741000
2025-02-21 09:00:00+09:00,1479.5374755859375,1485.7761999396894,1455.0624800442954,1459.3815969045852,1833700
2025-02-25 09:00:00+09:00,1558.2415771484375,1564.9602042134445,1482.8969736337147,1517.9298147583947,3608100
2025-02-26 09:00:00+09:00,1537.1258544921875,1554.8822255868522,1511.691052653884,1550.5631082935554,2286500
2025-02-27 09:00:00+09:00,1555.8419189453125,1561.120839706694,1537.6056472241767,1552.4826057335242,3066600
2025-02-28 09:00:00+09:00,1559.2012939453125,1570.2390377928787,1535.2061986245167,1550.08315772341,3294800
2025-03-03 09:00:00+09:00,1557.2816162109375,1570.2389671008282,1532.3267182007776,1564.480144483099,1777600
2025-03-04 09:00:00+09:00,1553.92236328125,1572.6385375147177,1535.2061890477821,1545.2841290196493,1997100
2025-03-05 09:00:00+09:00,1578.8773193359375,1578.8773193359375,1526.5680099719202,1530.8871272588574,1806300
2025-03-06 09:00:00+09:00,1595.1939697265625,1607.671419549935,1579.3572064892048,1585.5959314008912,1889300
2025-03-07 09:00:00+09:00,1545.2840576171875,1594.23404950444,1545.2840576171875,1592.7943438606974,2191600
2025-03-10 09:00:00+09:00,1580.7967529296875,1583.6761641372098,1542.8845053639786,1558.2413651374304,2154000
2025-03-11 09:00:00+09:00,1577.4375,1586.0757339519319,1540.4850547611804,1551.042896257986,2906200
2025-03-12 09:00:00+09:00,1545.2840576171875,1586.0757175232313,1541.9247444484545,1577.437483660775,1812500
2025-03-13 09:00:00+09:00,1542.884521484375,1574.558045098051,1542.884521484375,1545.2840308490474,1455200
2025-03-14 09:00:00+09:00,1557.761474609375,1565.4399045519967,1540.4850072384763,1542.8845165955456,1525400
2025-03-17 09:00:00+09:00,1544.32421875,1582.7163683770978,1544.32421875,1582.7163683770978,1165600
2025-03-18 09:00:00+09:00,1557.2816162109375,1567.3595557919637,1543.3644615514252,1548.6433822843437,1367700
2025-03-19 09:00:00+09:00,1571.6785888671875,1584.1560372062859,1555.3619256545205,1557.281533091305,1595200
2025-03-21 09:00:00+09:00,1588.4752197265625,1590.3948272428484,1563.0404201357746,1563.0404201357746,3393400
2025-03-24 09:00:00+09:00,1553.4423828125,1586.5556124739344,1545.7639527460806,1572.1585560993976,2288200
2025-03-25 09:00:00+09:00,1595.1939697265625,1602.392498470816,1575.0380892426529,1578.3974026566377,1670100
2025-03-26 09:00:00+09:00,1604.7918701171875,1630.226669494045,1600.4727532418722,1608.6310851174678,2467300
2025-03-27 09:00:00+09:00,1607.1915283203125,1612.9503513540071,1574.0782958765676,1575.997903554466,1936800
2025-03-28 09:00:00+09:00,1590.2021484375,1601.3665713355654,1576.6106770833333,1589.2313290550594,1655000
2025-03-31 09:00:00+09:00,1530.982177734375,1579.0377375300957,1516.419886887187,1570.300363021783,2280700
2025-04-01 09:00:00+09:00,1531.9530029296875,1551.8548004962645,1517.8761217240599,1550.8839811027729,1347800
2025-04-02 09:00:00+09:00,1496.51806640625,1528.555105777905,1490.207740469409,1525.642647653209,1814500
2025-04-03 09:00:00+09:00,1402.833984375,1441.6667590289792,1389.2425132461074,1389.727922929282,2564200
2025-04-04 09:00:00+09:00,1326.6246337890625,1376.1364203410144,1300.8979211689307,1344.584791655947,3534800
2025-04-07 09:00:00+09:00,1274.6859130859375,1307.208364029105,1224.688712382262,1239.251003849352,4803400
2025-04-08 09:00:00+09:00,1346.041015625,1366.4282217758293,1308.664471015146,1310.6061096961773,3548400
2025-04-09 09:00:00+09:00,1313.0333251953125,1338.2746312619136,1299.9272624299617,1318.3728322478628,2919100
2025-04-10 09:00:00+09:00,1434.3856201171875,1471.7621658867386,1421.7649682988974,1451.374959103347,2314700
2025-04-11 09:00:00+09:00,1383.903076171875,1400.4070062279409,1336.8183345413343,1347.0119383994925,2135600
2025-04-14 09:00:00+09:00,1411.5714111328125,1426.1337021692584,1399.921578303656,1401.8632171085153,1944900
2025-04-15 09:00:00+09:00,1415.9400634765625,1447.4916932763488,1405.7464600027854,1430.502354153387,2677600
2025-04-16 09:00:00+09:00,1410.6005859375,1427.5899254102503,1393.6112464647497,1416.4255023281573,2647500
2025-04-17 09:00:00+09:00,1430.98779296875,1438.7543481544692,1403.3194401196256,1413.0276341017745,1524600
2025-04-18 09:00:00+09:00,1441.666748046875,1448.947893239031,1421.2795415088385,1427.1044576625632,847900
2025-04-21 09:00:00+09:00,1396.523681640625,1435.8418666294642,1389.7279459635417,1434.3856375558034,1553800
2025-04-22 09:00:00+09:00,1397.97998046875,1405.261126200358,1360.6034323798285,1383.4176890055337,1679700
2025-04-23 09:00:00+09:00,1430.5023193359375,1441.666741916435,1404.7756064330515,1427.1044515940469,2458800
2025-04-24 09:00:00+09:00,1410.6005859375,1444.0938551837792,1406.7173083437285,1434.8710708985718,3058100
2025-04-25 09:00:00+09:00,1440.696044921875,1453.80210732514,1416.9109687085422,1427.1045727999706,1650600
2025-04-28 09:00:00+09:00,1435.3564453125,1471.2767621718592,1435.3564453125,1456.2290618659115,2921500
2025-04-30 09:00:00+09:00,1462.053955078125,1462.053955078125,1432.4439646200356,1434.8710130182396,2815700
2025-05-01 09:00:00+09:00,1466.9080810546875,1478.072503908512,1431.473173736027,1433.414812493214,1180200
2025-05-02 09:00:00+09:00,1488.7515869140625,1505.7409268364597,1468.3643790071858,1468.3643790071858,2428700
2025-05-07 09:00:00+09:00,1512.0511474609375,1521.273931345932,1495.5472184035789,1496.0326280817364,2703900
2025-05-08 09:00:00+09:00,1510.594970703125,1511.565790093037,1480.499569615852,1502.8284155838287,1319400
2025-05-09 09:00:00+09:00,1545.54443359375,1548.9423013811734,1525.1572268692094,1545.54443359375,1901100
2025-05-12 09:00:00+09:00,1569.3294677734375,1583.891757916711,1547.0006228870848,1553.3109486158367,1988000
2025-05-13 09:00:00+09:00,1599.4249267578125,1607.676891478566,1581.9501779373932,1596.0270589316199,1667300
2025-05-14 09:00:00+09:00,1580.9793701171875,1617.3850970925603,1564.9608502480235,1596.9978899863515,2238800
2025-05-15 09:00:00+09:00,1512.53662109375,1551.3693969883263,1485.3536779675464,1524.1864538621228,3202700
2025-05-16 09:00:00+09:00,1499.9158935546875,1518.8468708519797,1486.3244226745803,1512.0511354119262,1900600
2025-05-19 09:00:00+09:00,1483.8974609375,1511.0804042847358,1482.4412318296122,1504.770078150556,1418800
2025-05-20 09:00:00+09:00,1477.1016845703125,1502.828398103742,1471.7621779879025,1490.6931558709923,1700100
2025-05-21 09:00:00+09:00,1452.3458251953125,1473.7038520364201,1445.0646796812987,1463.5102483168007,1777400
2025-05-22 09:00:00+09:00,1421.7650146484375,1446.0354997055974,1413.02764002786,1441.6668123953086,2138600
2025-05-23 09:00:00+09:00,1430.0169677734375,1442.152210201929,1413.9984477678288,1430.0169677734375,2740600
2025-05-26 09:00:00+09:00,1390.69873046875,1421.279540248691,1386.33004335733,1417.3962628163176,1582300
2025-05-27 09:00:00+09:00,1360.117919921875,1393.6111877572102,1357.205461849237,1388.2716812907074,1854200
2025-05-28 09:00:00+09:00,1347.497314453125,1380.0197640454735,1346.0410853669005,1378.563534959249,2006200
2025-05-29 09:00:00+09:00,1348.9534912109375,1363.0303718317066,1338.2744783262162,1344.5848041217332,2506200
2025-05-30 09:00:00+09:00,1311.091552734375,1328.5663013083986,1303.3249978125868,1319.8289270213868,5463800
2025-06-02 09:00:00+09:00,1287.7918701171875,1307.2082571525013,1281.4815443307104,1300.8979313660243,2508200
2025-06-03 09:00:00+09:00,1276.14208984375,1296.529297060729,1269.3463541047572,1293.6168388868748,2160700
2025-06-04 09:00:00+09:00,1265.948486328125,1285.8502838509214,1265.948486328125,1276.1420899373622,2691900
2025-06-05 09:00:00+09:00,1251.87158203125,1265.4630532591968,1245.561256103989,1257.2110885850864,3432700
2025-06-06 09:00:00+09:00,1227.11572265625,1245.0758815717093,1225.6594935549965,1243.6196524704558,2007400
2025-06-09 09:00:00+09:00,1241.192626953125,1249.930001722447,1222.7470579956675,1227.6011550897354,2207900
2025-06-10 09:00:00+09:00,1276.14208984375,1296.0438873650867,1252.3570147572748,1252.3570147572748,3574700
2025-06-11 09:00:00+09:00,1293.6168212890625,1300.4125569356092,1282.4523984411644,1284.3940371973206,3006300
2025-06-12 09:00:00+09:00,1267.89013671875,1285.3648859231432,1262.0652203172856,1282.4524277224111,1798900
2025-06-13 09:00:00+09:00,1240.2216796875,1274.2003558433219,1239.736270028131,1273.229536524584,2142400
2025-06-16 09:00:00+09:00,1238.7655029296875,1251.3861546053033,1234.8822254910365,1244.1050094078325,1598700
2025-06-17 09:00:00+09:00,1272.2587890625,1276.142066556777,1247.9883047232688,1250.9007628439765,1923700
2025-06-18 09:00:00+09:00,1299.9271240234375,1299.9271240234375,1268.860904479935,1274.2004109639745,3058300
2025-06-19 09:00:00+09:00,1273.715087890625,1282.937872444711,1268.3755810435225,1280.9962335912192,1511300
2025-06-20 09:00:00+09:00,1271.7734375,1284.3940899332063,1271.7734375,1273.715076335878,3379000
2025-06-23 09:00:00+09:00,1244.5904541015625,1257.6965158257208,1233.9114408448409,1256.7256964387461,1498300
2025-06-24 09:00:00+09:00,1259.1527099609375,1275.6566390814742,1257.2110712408744,1269.8317229212846,1634900
2025-06-25 09:00:00+09:00,1268.37548828125,1279.0545011944484,1259.1527044016696,1267.8900786033773,2516100
2025-06-26 09:00:00+09:00,1272.2587890625,1285.8502602924696,1262.065185640023,1262.5505953268075,2301700
2025-06-27 09:00:00+09:00,1296.529296875,1316.4310943934856,1286.3356932679708,1299.4417550484368,3370300
2025-06-30 09:00:00+09:00,1325.6539306640625,1336.8183541006329,1299.9272157884875,1300.8980352177546,3638800
2025-07-01 09:00:00+09:00,1334.3912353515625,1342.6432000663594,1317.401896232863,1332.4495965951398,3423900
2025-07-02 09:00:00+09:00,1330.5079345703125,1339.7307185020295,1302.839582775162,1319.343511916129,3540700
2025-07-03 09:00:00+09:00,1337.7891845703125,1353.3222955667748,1324.197712448408,1325.168531885687,2800100
2025-07-04 09:00:00+09:00,1318.3726806640625,1344.5848031809473,1314.4894032541536,1340.2161160947999,2768300
2025-07-07 09:00:00+09:00,1293.6168212890625,1322.2559929423664,1292.1605922219453,1316.916486362937,2197100
2025-07-08 09:00:00+09:00,1284.87939453125,1300.4125039475703,1276.1420204845697,1294.1021782471903,2397900
2025-07-09 09:00:00+09:00,1312.0623779296875,1318.8581135164486,1289.7335324303292,1303.8104132886203,1840200
2025-07-10 09:00:00+09:00,1282.452392578125,1313.0332028477776,1279.5399344572058,1307.2082866059388,2384500
2025-07-11 09:00:00+09:00,1293.1314697265625,1301.3834348111538,1280.5108172442463,1284.879504641971,2029800
2025-07-14 09:00:00+09:00,1278.569091796875,1285.8502369665612,1268.8608982372937,1281.4815498647495,1484800
2025-07-15 09:00:00+09:00,1265.463134765625,1286.3357526386292,1261.0944473038335,1283.4232943307682,1993000
2025-07-16 09:00:00+09:00,1264.4921875,1282.4523452495202,1261.5797294865642,1262.0651391554702,1343700
2025-07-17 09:00:00+09:00,1279.054443359375,1279.054443359375,1254.298550907258,1258.6672378105727,1210200
2025-07-18 09:00:00+09:00,1274.200439453125,1281.4815848214284,1268.375523158482,1275.6566685267858,1141600
2025-07-22 09:00:00+09:00,1251.3861083984375,1281.481507436724,1249.444469750806,1265.4629885937652,1319700
2025-07-23 09:00:00+09:00,1322.256103515625,1343.1287218897703,1270.3172624450774,1273.7151305524962,3268500
2025-07-24 09:00:00+09:00,1316.91650390625,1339.7307595950056,1314.4894554287227,1339.7307595950056,1851000
2025-07-25 09:00:00+09:00,1279.054443359375,1307.208203402959,1274.6857564560603,1306.7227937470352,2069000
2025-07-28 09:00:00+09:00,1293.1314697265625,1293.6168794374207,1279.5399978225296,1281.9670463768211,1534000
2025-07-29 09:00:00+09:00,1273.2296142578125,1292.6460018179773,1271.7733851908001,1279.054530525862,1842100
2025-07-30 09:00:00+09:00,1281.4815673828125,1283.908615805886,1265.4630477905273,1271.7733736905184,1524000
2025-07-31 09:00:00+09:00,1291.6751708984375,1292.1605805831043,1271.7733738270974,1279.0545190971,2210000
2025-08-01 09:00:00+09:00,1304.2958984375,1314.0040926945712,1293.1314750418683,1301.8688498732322,2324000
2025-08-04 09:00:00+09:00,1288.7628173828125,1294.1023243474872,1268.8610186962983,1281.4816715218926,2337000
2025-08-05 09:00:00+09:00,1288.7628173828125,1302.839699380591,1284.3941298662605,1291.6752757271804,1702800
2025-08-06 09:00:00+09:00,1300.4124755859375,1313.033126711445,1291.1896920711436,1295.0729693405306,2254000
2025-08-07 09:00:00+09:00,1297.5,1307.6936026936028,1290.7042648709316,1304.7811447811448,2869100
2025-08-08 09:00:00+09:00,1289.7335205078125,1309.1499077190704,1259.1527106500812,1291.6751592289384,5696200
2025-08-12 09:00:00+09:00,1328.0809326171875,1335.3620780810975,1280.5107822529753,1289.2481568096673,5118200
2025-08-13 09:00:00+09:00,1318.8580322265625,1351.3804791014907,1303.3249232713729,1326.6245867041573,4673600
2025-08-14 09:00:00+09:00,1306.7227783203125,1318.8580195751445,1289.7334405635477,1307.6935976206992,3225000
2025-08-15 09:00:00+09:00,1308.66455078125,1308.66455078125,1285.8502948885503,1291.1898015868417,3925100
2025-08-18 09:00:00+09:00,1309.63525390625,1314.0039408169825,1298.9562414577929,1309.149844249502,2930900
2025-08-19 09:00:00+09:00,1300.8980712890625,1311.577085307107,1295.5585642800402,1302.8397102014342,2933000
2025-08-20 09:00:00+09:00,1291.189697265625,1317.8872286000646,1291.189697265625,1309.1498547087933,5164400
2025-08-21 09:00:00+09:00,1267.4046630859375,1290.7043275164717,1257.696469573215,1282.4523630306576,4431300
2025-08-22 09:00:00+09:00,1286.335693359375,1286.335693359375,1261.5797988834022,1267.4047152306898,3563400
2025-08-25 09:00:00+09:00,1280.5107421875,1292.6459842476545,1272.7441872690013,1282.937790599531,5603300
2025-08-26 09:00:00+09:00,1263.0360107421875,1305.2666536839902,1251.3861782065178,1279.5399401677196,48948300
2025-08-27 09:00:00+09:00,1264.0068359375,1279.0545363653273,1260.6089680989583,1264.0068359375,3856400
2025-08-28 09:00:00+09:00,1289.7335205078125,1293.616797950064,1262.0651687317697,1264.0068074528956,3397500
2025-08-29 09:00:00+09:00,1276.62744140625,1301.3833347567136,1276.62744140625,1285.364815529943,3815100
2025-09-01 09:00:00+09:00,1302.839599609375,1302.839599609375,1275.1712474567169,1275.6566571436056,2100700
2025-09-02 09:00:00+09:00,1320.3143310546875,1328.5662956237793,1302.8395825554344,1303.810401916504,2565400
2025-09-03 09:00:00+09:00,1314.4893798828125,1330.0224892462727,1306.2374155334744,1309.6352832067312,2298900
2025-09-04 09:00:00+09:00,1306.2374267578125,1309.6352944602668,1289.73349791732,1300.8979203682413,2656700
2025-09-05 09:00:00+09:00,1322.256103515625,1330.0226591897256,1301.3834851414797,1307.6938116266863,2698300
2025-09-08 09:00:00+09:00,1350.4097900390625,1350.4097900390625,1329.0517631656912,1331.9642213756963,2834400
2025-09-09 09:00:00+09:00,1341.18701171875,1364.4866775032235,1341.18701171875,1350.4097960917707,2502800
2025-09-10 09:00:00+09:00,1345.0701904296875,1345.0701904296875,1326.6246230401791,1343.1285517571077,2147900
2025-09-11 09:00:00+09:00,1332.9349365234375,1345.0701781159669,1319.3434659398044,1345.0701781159669,2320800
2025-09-12 09:00:00+09:00,1347.011962890625,1353.3222892032659,1320.314428490991,1346.526553174268,2313400
2025-09-16 09:00:00+09:00,1344.0994873046875,1361.5742368687788,1339.7307999136647,1347.9827649855968,1899200
2025-09-17 09:00:00+09:00,1326.1392822265625,1335.3620664001733,1316.9164980529517,1328.0809209999543,1745000
2025-09-18 09:00:00+09:00,1331.4788818359375,1333.9059304721677,1314.0041316550794,1327.110194290723,1394500
2025-09-19 09:00:00+09:00,1290.218994140625,1341.1870130965187,1289.2481747319414,1333.905867531391,4446800
2025-09-22 09:00:00+09:00,1320.7998046875,1329.0517696561465,1294.1022709654078,1296.04390978156,1892800
2025-09-24 09:00:00+09:00,1319.8289794921875,1328.5663541265603,1308.1791466463574,1323.2268474055547,2030600
2025-09-25 09:00:00+09:00,1321.7705078125,1323.712146457836,1310.6060856018178,1314.9747725538239,2113100
2025-09-26 09:00:00+09:00,1313.0333251953125,1324.6831587645129,1303.810540286362,1310.6062765350623,2030100
2025-09-29 09:00:00+09:00,1293.325439453125,1320.4236867559523,1289.8765716145833,1311.0624740513392,2237300
2025-09-30 09:00:00+09:00,1287.4130859375,1305.1501204165472,1284.4569135243255,1294.8035169704362,1860500
2025-10-01 09:00:00+09:00,1262.28564453125,1284.9496334650664,1261.7929491196453,1282.9788518186476,2280600
2025-10-02 09:00:00+09:00,1249.96826171875,1256.865997494888,1236.665485579055,1240.6070488797054,2082300
2025-10-03 09:00:00+09:00,1281.993408203125,1283.4714943770716,1246.5193400284036,1248.490121593666,1832800
2025-10-06 09:00:00+09:00,1326.8287353515625,1342.5949884266647,1312.5405685022513,1325.8433445343687,3258400
2025-10-07 09:00:00+09:00,1352.4488525390625,1360.8246742123463,1319.4382612384734,1326.335996734119,2628000
2025-10-08 09:00:00+09:00,1352.4488525390625,1366.2443235303535,1345.551117043417,1352.9415479316085,2216100
2025-10-09 09:00:00+09:00,1374.12744140625,1387.4302169236284,1365.2589243946643,1372.15665984812,3747900
2025-10-10 09:00:00+09:00,1329.2921142578125,1371.6639162689955,1318.4528160689053,1357.8684458467499,3596400
2025-10-14 09:00:00+09:00,1288.3984375,1310.5697299235183,1281.9933974665394,1301.2085175669217,2780000
2025-10-15 09:00:00+09:00,1315.4967041015625,1317.4674856807408,1293.8181067306004,1294.310802125395,1400200
2025-10-16 09:00:00+09:00,1317.960205078125,1323.3798545195677,1306.628210791472,1318.4529004818926,1868400
2025-10-17 09:00:00+09:00,1308.5989990234375,1315.496734711061,1302.6866541483316,1315.0040393048023,1249900
2025-10-20 09:00:00+09:00,1320.4237060546875,1336.6826546740176,1317.4675335784457,1329.292223483413,1310100
2025-10-21 09:00:00+09:00,1320.9163818359375,1339.6388072405498,1320.9163818359375,1324.3652496736293,2036800
2025-10-22 09:00:00+09:00,1341.1168212890625,1342.1022120468062,1315.0039662088566,1320.4236153764466,1879100
2025-10-23 09:00:00+09:00,1332.7410888671875,1336.1899567496534,1309.0917091017068,1321.9017898080087,2035500
2025-10-24 09:00:00+09:00,1340.1314697265625,1348.5072914123534,1322.3944355684168,1330.277561860926,1617900
2025-10-27 09:00:00+09:00,1362.302734375,1364.7662112906871,1348.5072636471518,1352.4488267122513,1979400
2025-10-28 09:00:00+09:00,1296.7742919921875,1342.1022687639509,1296.7742919921875,1341.6095733642578,2953000
2025-10-29 09:00:00+09:00,1299.73046875,1316.4821123957543,1297.7596871446171,1311.0624629809515,2479300
2025-10-30 09:00:00+09:00,1320.4237060546875,1323.8725739436363,1296.7743262447527,1300.7158895464086,5633800
2025-10-31 09:00:00+09:00,1304.6573486328125,1334.7117664072089,1304.6573486328125,1316.9747329665815,2257300
2025-11-04 09:00:00+09:00,1320.4237060546875,1342.1023042137942,1306.6282344988922,1306.6282344988922,2624700
2025-11-05 09:00:00+09:00,1290.8619384765625,1336.1899149421517,1271.6468180183235,1323.379834636659,3731500
2025-11-06 09:00:00+09:00,1283.471435546875,1314.5112437769913,1283.471435546875,1305.6427271398152,2516200
2025-11-07 09:00:00+09:00,1308.1063232421875,1311.5551911377413,1280.515380077757,1281.0080754914077,2910800
2025-11-10 09:00:00+09:00,1348.0146484375,1367.2297695226837,1321.4090961657073,1352.941602561906,3549000
2025-11-11 09:00:00+09:00,1360.33203125,1360.33203125,1336.1899560847519,1348.014645961608,2455300
2025-11-12 09:00:00+09:00,1352.4488525390625,1382.995966876921,1344.0730308657787,1373.634754418545,2734600
2025-11-13 09:00:00+09:00,1342.102294921875,1350.9708122892,1336.1899500103248,1350.9708122892,1664500
2025-11-14 09:00:00+09:00,1359.8392333984375,1365.7515778914742,1332.248292430933,1340.6241137960683,1916600
2025-11-17 09:00:00+09:00,1345.5511474609375,1359.8393141677727,1340.1314980204138,1359.3466187640888,1372500
2025-11-18 09:00:00+09:00,1329.784912109375,1340.1315157234162,1328.3068258787978,1335.2045616214918,1644800
2025-11-19 09:00:00+09:00,1303.1793212890625,1334.2191312101252,1300.7158443112003,1330.7702634411182,1916800
2025-11-20 09:00:00+09:00,1327.3214111328125,1332.7410605472373,1315.989416902651,1332.7410605472373,1882000
2025-11-21 09:00:00+09:00,1364.2735595703125,1372.649381351712,1323.8725368600324,1324.3652322589382,3176400
2025-11-25 09:00:00+09:00,1362.79541015625,1379.547052941974,1360.3319332759966,1370.6785361730613,2498200
2025-11-26 09:00:00+09:00,1371.6639404296875,1378.561675762308,1351.9561251936286,1357.375774383545,2338800
2025-11-27 09:00:00+09:00,1361.3173828125,1377.0836355269407,1361.3173828125,1371.6639861563517,1251700
2025-11-28 09:00:00+09:00,1380.532470703125,1384.9667291743342,1357.8684829613892,1361.3173506612186,1703400
2025-12-01 09:00:00+09:00,1345.5511474609375,1402.7038142882786,1345.5511474609375,1383.4886935446036,2451500
2025-12-02 09:00:00+09:00,1357.3758544921875,1369.200544331684,1350.9708141624603,1354.9123774422926,1703700
2025-12-03 09:00:00+09:00,1361.81005859375,1372.6493571787944,1354.91232313054,1357.3758000816865,1563000
2025-12-04 09:00:00+09:00,1362.302734375,1366.2442974400994,1342.1022236663653,1350.970740562839,2198300
2025-12-05 09:00:00+09:00,1343.580322265625,1364.7662239368467,1338.160673000894,1349.492666918059,2174600
2025-12-08 09:00:00+09:00,1360.82470703125,1360.82470703125,1332.741068978831,1337.668023023115,1556600
2025-12-09 09:00:00+09:00,1370.1859130859375,1377.0836487145614,1349.9854016021102,1367.7224360757148,1585100
2025-12-10 09:00:00+09:00,1374.12744140625,1391.8644754294214,1362.7954474470016,1377.5763091329777,2123400
2025-12-11 09:00:00+09:00,1347.0291748046875,1381.0251561732039,1347.0291748046875,1379.5470700267465,1477900
2025-12-12 09:00:00+09:00,1363.7808837890625,1377.576355156871,1347.0292399852951,1368.7078378489941,2096200
2025-12-15 09:00:00+09:00,1367.229736328125,1374.1274719348255,1347.521920308981,1365.7516501266891,1956200
2025-12-16 09:00:00+09:00,1368.215087890625,1384.4740356401355,1363.288134027137,1367.2296971179273,2550700
2025-12-17 09:00:00+09:00,1354.912353515625,1362.7954799360796,1346.0438362926136,1354.912353515625,2092600
2025-12-18 09:00:00+09:00,1336.18994140625,1355.89775765118,1327.3214240960315,1354.4196714328102,3041500
2025-12-19 09:00:00+09:00,1345.0584716796875,1360.8247248275813,1339.1461267492273,1339.1461267492273,5019400
2025-12-22 09:00:00+09:00,1385.45947265625,1387.4302542674252,1365.7516565444969,1379.0544324199302,2260300
2025-12-23 09:00:00+09:00,1380.039794921875,1397.2841336659897,1368.707800890028,1375.112840994985,1368300
2025-12-24 09:00:00+09:00,1352.4488525390625,1378.561708344006,1352.4488525390625,1374.6201452036373,1188400
2025-12-25 09:00:00+09:00,1348.50732421875,1360.8247093504522,1347.5219334082137,1359.3466231346479,758700
2025-12-26 09:00:00+09:00,1346.5364990234375,1359.8392745351948,1343.087631298167,1356.3904068099246,910300
2025-12-29 09:00:00+09:00,1354.912353515625,1359.839307528409,1346.0438362926136,1349.4927041015626,1016000
2025-12-30 09:00:00+09:00,1353.9268798828125,1360.3319197075857,1344.0729724600847,1347.5218400580395,1268000
2026-01-05 09:00:00+09:00,1357.8685302734375,1376.5909555819974,1349.9854038277283,1364.7662659134332,1676800
2026-01-06 09:00:00+09:00,1388.9083251953125,1388.9083251953125,1364.2735553266477,1365.2589461213945,2104300
2026-01-07 09:00:00+09:00,1397.77685546875,1412.0650221266962,1381.025211800813,1395.3133784587592,3592100
2026-01-08 09:00:00+09:00,1403.689208984375,1414.0358124904023,1385.9521744026138,1409.6015538449622,2176400
2026-01-09 09:00:00+09:00,1397.77685546875,1424.38240717665,1396.7914646647537,1414.035803734689,2497700
2026-01-13 09:00:00+09:00,1418.469970703125,1440.6412623605202,1412.557626261153,1428.816573476576,2301400
2026-01-14 09:00:00+09:00,1445.0755615234375,1452.958687668809,1423.8896600077512,1430.7873953849514,1730500
2026-01-15 09:00:00+09:00,1447.5390625,1450.495234853642,1418.4700343558543,1439.1632408313478,1874700
2026-01-16 09:00:00+09:00,1460.34912109375,1462.3199026336877,1431.2800933796707,1437.1924379994834,1717900
2026-01-19 09:00:00+09:00,1441.626708984375,1454.9294844944836,1424.8750657494231,1450.9879213803774,1708000
2026-01-20 09:00:00+09:00,1417.484619140625,1441.1339975621577,1413.5430560703694,1437.6851298756842,1363700
2026-01-21 09:00:00+09:00,1359.8392333984375,1392.849823484559,1359.8392333984375,1388.4155651147814,2574000
2026-01-22 09:00:00+09:00,1388.4156494140625,1393.3426034574056,1371.1713102623619,1376.5909597100392,2157800
2026-01-23 09:00:00+09:00,1381.517822265625,1396.2986834168264,1376.098173176851,1394.8205973017064,1564900
2026-01-26 09:00:00+09:00,1341.6094970703125,1358.8538350789283,1333.233675751842,1354.9122721055303,2302700
2026-01-27 09:00:00+09:00,1332.248291015625,1345.058370736929,1328.3067280244545,1336.1898540067955,1859400
2026-01-28 09:00:00+09:00,1312.54052734375,1332.7410384627792,1302.686619480809,1302.686619480809,1925700
2026-01-29 09:00:00+09:00,1325.3505859375,1325.8432813226068,1297.266948986408,1306.1354659183319,1760300
2026-01-30 09:00:00+09:00,1342.102294921875,1348.014639833425,1315.9894382291952,1331.2629959173664,2681300
2026-02-02 09:00:00+09:00,1357.8685302734375,1371.664001553429,1349.9854038277283,1371.664001553429,2151800
2026-02-03 09:00:00+09:00,1404.674560546875,1410.586905242267,1362.7954522878485,1377.5763140263284,2567000
2026-02-04 09:00:00+09:00,1432.7581787109375,1435.2216556344433,1390.8790710113399,1394.327938704248,2748000
2026-02-05 09:00:00+09:00,1409.6015625,1457.3930170831877,1409.6015625,1443.597545657113,3327600
2026-02-06 09:00:00+09:00,1480.5496826171875,1510.1114067293443,1467.739602168586,1493.852458467658,5178800
2026-02-09 09:00:00+09:00,1520.4580078125,1548.5416456755306,1499.2721055649506,1519.9653124113943,3868400
2026-02-10 09:00:00+09:00,1550.512451171875,1553.9613190327593,1520.4580312413111,1520.950726650009,2213900
2026-02-12 09:00:00+09:00,1493.3597412109375,1562.3370964631747,1493.3597412109375,1556.9174471219276,2737600
2026-02-13 09:00:00+09:00,1442.612060546875,1486.4619489992904,1437.192411412307,1473.1591738508048,3242000
2026-02-16 09:00:00+09:00,1457.8856201171875,1466.7541369005974,1450.4951894643461,1453.4513617254827,1341100
2026-02-17 09:00:00+09:00,1432.7581787109375,1459.8564248695006,1429.8020064027307,1459.8564248695006,1060400
2026-02-18 09:00:00+09:00,1458.37841796875,1465.276153729413,1440.1486877441405,1442.1194693900443,1633700
2026-02-19 09:00:00+09:00,1453.451416015625,1458.8710653634798,1443.5975081104343,1458.3783699682203,1451400
2026-02-20 09:00:00+09:00,1427.831298828125,1441.626770314387,1423.8897355463357,1439.1632932632688,1504800
2026-02-24 09:00:00+09:00,1419.4554443359375,1434.7290017029677,1415.0211857455095,1416.0065765433824,1917200
2026-02-25 09:00:00+09:00,1424.8751220703125,1430.7874669751686,1416.0066047130283,1428.8166853402165,1230700
2026-02-26 09:00:00+09:00,1439.1632080078125,1460.349109392385,1436.6997311026298,1452.4659832957998,1508000
2026-02-27 09:00:00+09:00,1448.5244140625,1450.4951955782312,1427.8312081473214,1439.6558972417092,2264200
2026-03-02 09:00:00+09:00,1433.2508544921875,1439.6558944056967,1409.6014763499995,1428.8165960905271,1835500
2026-03-03 09:00:00+09:00,1375.6055908203125,1424.875132038805,1370.1859412862784,1415.0212237951066,1858800
2026-03-04 09:00:00+09:00,1328.7994384765625,1361.8100289021945,1308.5989279175935,1361.8100289021945,2564500
2026-03-05 09:00:00+09:00,1341.1168212890625,1375.6054978100892,1333.2336952271137,1362.7954179594221,2238300
2026-03-06 09:00:00+09:00,1353.4342041015625,1360.3319393973113,1333.7263889708518,1333.7263889708518,1423600
2026-03-09 09:00:00+09:00,1315.0040283203125,1322.3944593524611,1283.471522583145,1283.9642179852883,2322200
2026-03-10 09:00:00+09:00,1333.7264404296875,1354.912342512612,1315.496710730427,1354.912342512612,2502000
2026-03-11 09:00:00+09:00,1343.087646484375,1350.9707728026985,1338.653387930318,1342.1022556945845,1573400
2026-03-12 09:00:00+09:00,1334.7117919921875,1339.6387458201395,1320.916321273922,1339.1460504373442,1567000
2026-03-13 09:00:00+09:00,1327.8140869140625,1338.1606901887176,1311.555138911033,1313.525920487158,1982500
2026-03-16 09:00:00+09:00,1318.945556640625,1342.5949353177823,1315.0039935277655,1327.814073644559,1368700
2026-03-17 09:00:00+09:00,1326.3359375,1340.1314078751857,1324.8578513883729,1329.292109723254,1638500
2026-03-18 09:00:00+09:00,1355.405029296875,1356.390420085168,1340.1314720783353,1347.0292075963855,1332100
2026-03-19 09:00:00+09:00,1338.6533203125,1353.4341814127483,1330.7701943923676,1331.755585132384,2842400
2026-03-23 09:00:00+09:00,1336.6826171875,1346.0438297664025,1315.496715035247,1328.3067954063768,2739900
2026-03-24 09:00:00+09:00,1354.912353515625,1360.824698330966,1341.609577681108,1356.3904397194603,1944100
2026-03-25 09:00:00+09:00,1375.11279296875,1387.4301773557863,1374.127402217787,1382.0105282254904,1897200
2026-03-26 09:00:00+09:00,1330.277587890625,1331.2629786964699,1298.745082103588,1329.7848924877026,5331100
2026-03-27 09:00:00+09:00,1349.0,1365.7516435354273,1330.7702702702702,1330.7702702702702,3151400
2026-03-30 09:00:00+09:00,1322.5,1332.5,1290.5,1303.0,2321300
2026-03-31 09:00:00+09:00,1313.5,1346.0,1313.5,1327.0,2806100
2026-04-01 09:00:00+09:00,1340.0,1343.5,1320.0,1343.5,2516700
2026-04-02 09:00:00+09:00,1325.0,1353.5,1323.0,1344.0,2839800
2026-04-03 09:00:00+09:00,1355.0,1357.0,1335.0,1338.5,2050900
2026-04-06 09:00:00+09:00,1359.5,1373.0,1352.0,1354.5,1361400
2026-04-07 09:00:00+09:00,1357.0,1371.0,1347.5,1360.5,1321200
2026-04-08 09:00:00+09:00,1384.5,1403.5,1380.0,1399.5,2343500
2026-04-09 09:00:00+09:00,1374.5,1400.0,1372.0,1395.0,1884200
2026-04-10 09:00:00+09:00,1342.0,1382.0,1342.0,1373.5,1651700
2026-04-13 09:00:00+09:00,1342.5,1348.5,1334.0,1339.0,1795300
2026-04-14 09:00:00+09:00,1362.5,1367.5,1349.0,1353.5,1740900
2026-04-15 09:00:00+09:00,1384.5,1387.0,1375.5,1381.5,1608200
2026-04-16 09:00:00+09:00,1415.0,1439.5,1403.5,1406.0,2920100
2026-04-17 09:00:00+09:00,1406.0,1425.5,1400.0,1413.0,2140300
2026-04-20 09:00:00+09:00,1372.0,1421.0,1364.5,1419.0,1611600
2026-04-21 09:00:00+09:00,1359.0,1379.0,1358.5,1378.5,1301600
2026-04-22 09:00:00+09:00,1350.0,1363.0,1346.5,1359.0,1628200
2026-04-23 09:00:00+09:00,1350.0,1353.0,1328.5,1345.0,2268300
2026-04-24 09:00:00+09:00,1297.0,1326.0,1292.5,1320.0,5491000
2026-04-27 09:00:00+09:00,1299.0,1318.5,1299.0,1317.5,3220100
2026-04-28 09:00:00+09:00,1313.0,1313.5,1300.0,1307.0,1913600
2026-04-30 09:00:00+09:00,1316.5,1332.0,1307.5,1312.0,2782700
2026-05-01 09:00:00+09:00,1300.5,1312.5,1298.0,1308.5,1961500
2026-05-07 09:00:00+09:00,1325.5,1348.5,1311.0,1326.5,4072700
2026-05-08 09:00:00+09:00,1342.0,1345.5,1320.5,1334.0,2576700
2026-05-11 09:00:00+09:00,1359.5,1369.5,1345.0,1350.0,2712800
2026-05-12 09:00:00+09:00,1376.0,1380.5,1359.0,1365.0,3011800
2026-05-13 09:00:00+09:00,1433.5,1461.5,1346.0,1360.5,5777600
2026-05-14 09:00:00+09:00,1414.0,1447.0,1413.0,1426.0,2628800
2026-05-15 09:00:00+09:00,1421.5,1448.5,1411.5,1415.0,2893300
2026-05-18 09:00:00+09:00,1443.0,1446.5,1419.0,1423.5,2097000
2026-05-19 09:00:00+09:00,1468.0,1472.0,1445.0,1447.0,2948200
2026-05-20 09:00:00+09:00,1445.0,1477.5,1437.5,1469.5,2849400
2026-05-21 09:00:00+09:00,1443.0,1468.0,1441.0,1453.5,2316600
2026-05-22 09:00:00+09:00,1457.0,1463.5,1441.0,1443.0,2416500
2026-05-25 09:00:00+09:00,1459.0,1475.5,1455.0,1475.0,2764100
2026-05-26 09:00:00+09:00,1434.5,1461.5,1425.5,1459.0,2242200
2026-05-27 09:00:00+09:00,1447.0,1454.0,1428.0,1428.5,2284500
2026-05-28 09:00:00+09:00,1451.5,1472.0,1432.0,1450.5,2191900
2026-05-29 09:00:00+09:00,1458.5,1480.0,1451.0,1453.0,3312300
2026-06-01 09:00:00+09:00,1467.0,1467.0,1437.5,1453.0,2371500
2026-06-02 09:00:00+09:00,1480.0,1488.5,1445.0,1452.5,2243700
2026-06-03 09:00:00+09:00,1526.0,1530.5,1481.5,1486.0,2486400
2026-06-04 09:00:00+09:00,1516.0,1533.0,1507.5,1526.0,1742700
2026-06-05 09:00:00+09:00,1512.0,1528.0,1497.5,1521.5,1580500
2026-06-08 09:00:00+09:00,1456.5,1514.5,1439.5,1495.0,2056900
2026-06-09 09:00:00+09:00,1481.0,1489.5,1461.0,1468.5,2038200
2026-06-10 09:00:00+09:00,1458.0,1481.0,1448.5,1476.0,1893500
2026-06-11 09:00:00+09:00,1434.5,1449.0,1422.5,1440.0,1430400
2026-06-12 09:00:00+09:00,1438.0,1469.5,1432.0,1461.5,2069100
2026-06-15 09:00:00+09:00,1465.5,1471.0,1449.5,1450.0,1723700
2026-06-16 09:00:00+09:00,1462.5,1476.5,1447.5,1469.0,2302000
2026-06-17 09:00:00+09:00,1500.5,1505.0,1447.5,1462.5,2444200
2026-06-18 09:00:00+09:00,1500.0,1515.0,1482.5,1502.5,1952500
2026-06-19 09:00:00+09:00,1477.0,1496.0,1465.0,1494.5,2517800
2026-06-22 09:00:00+09:00,1461.5,1497.0,1456.0,1484.0,1214100
2026-06-23 09:00:00+09:00,1456.0,1473.5,1455.0,1467.0,2186600
2026-06-24 09:00:00+09:00,1427.5,1459.0,1421.5,1458.5,1392400
2026-06-25 09:00:00+09:00,1466.5,1475.5,1446.0,1457.5,1879600
2026-06-26 09:00:00+09:00,1414.0,1466.5,1406.5,1459.0,1857400
2026-06-29 09:00:00+09:00,1420.5,1432.0,1413.5,1421.5,2126200
2026-06-30 09:00:00+09:00,1406.0,1439.5,1400.0,1439.5,2168900
2026-07-01 09:00:00+09:00,1397.0,1430.0,1386.0,1416.5,2150800
2026-07-02 09:00:00+09:00,1422.5,1424.5,1397.0,1409.0,2312600
2026-07-03 09:00:00+09:00,1441.5,1453.5,1428.5,1429.5,2287000
2026-07-06 09:00:00+09:00,1468.0,1468.5,1442.0,1442.0,1266800
2026-07-07 09:00:00+09:00,1477.0,1509.0,1464.0,1467.0,2424700
2026-07-08 09:00:00+09:00,1480.5,1490.0,1465.0,1477.0,2097600
2026-07-09 09:00:00+09:00,1478.5,1491.0,1471.0,1487.0,1723400
2026-07-10 09:00:00+09:00,1497.0,1508.0,1486.5,1503.0,2241200
2026-07-13 09:00:00+09:00,1499.0,1518.0,1492.5,1504.5,1805800
2026-07-14 09:00:00+09:00,1532.5,1553.0,1495.0,1499.0,2366100
2026-07-15 09:00:00+09:00,1531.0,1543.0,1518.0,1520.0,2175300
2026-07-16 09:00:00+09:00,1506.0,1534.0,1503.0,1517.0,2499500
2026-07-17 09:00:00+09:00,1501.0,1523.5,1480.5,1506.0,2840600
2026-07-21 09:00:00+09:00,1529.5,1535.0,1500.0,1501.0,4667600
2026-07-22 09:00:00+09:00,1551.5,1579.0,1524.0,1525.0,6867800
2026-07-23 09:00:00+09:00,1561.5,1573.5,1538.0,1539.0,2392600
2026-07-24 09:00:00+09:00,1556.5,1560.5,1543.0,1548.0,2118500
2026-07-27 09:00:00+09:00,1632.5,1634.5,1575.5,1575.5,2803300
2026-07-28 09:00:00+09:00,1593.5,1631.0,1569.5,1628.0,2856100
2026-07-29 09:00:00+09:00,1643.5,1657.5,1613.5,1628.0,3109400
2026-07-30 09:00:00+09:00,1641.5,1665.0,1616.0,1656.0,2351300
2026-07-31 09:00:00+09:00,1579.5,1630.5,1547.5,1622.0,4210800
2026-08-03 09:00:00+09:00,1568.0,1584.0,1552.0,1577.0,2124100
2026-08-04 09:00:00+09:00,1516.0,1559.5,1505.0,1549.5,5216000
2026-08-05 09:00:00+09:00,1533.5,1548.5,1503.5,1538.0,4129000
2026-08-06 09:00:00+09:00,1572.0,1581.0,1521.5,1530.5,2671000
2026-08-07 09:00:00+09:00,1616.0,1616.0,1575.5,1582.0,2480200
2026-08-10 09:00:00+09:00,1640.0,1640.0,1583.5,1616.0,2426400
2026-08-12 09:00:00+09:00,1639.0,1652.0,1630.5,1640.5,2321600
2026-08-13 09:00:00+09:00,1651.0,1654.5,1629.0,1639.5,1776100
2026-08-14 09:00:00+09:00,1678.0,1684.0,1632.0,1643.0,2592100
2026-08-17 09:00:00+09:00,1635.5,1678.5,1635.5,1664.5,2348300
2026-08-18 09:00:00+09:00,1596.0,1621.0,1584.5,1610.0,2542700
2026-08-19 09:00:00+09:00,1588.5,1605.0,1571.5,1597.5,2552500
2026-08-20 09:00:00+09:00,1599.5,1617.0,1587.5,1610.0,4758800
2026-08-21 09:00:00+09:00,1642.0,1655.0,1601.0,1601.0,7519200
2026-08-24 09:00:00+09:00,1659.5,1661.5,1634.0,1643.5,2047200
2026-08-25 09:00:00+09:00,1677.0,1686.5,1653.5,1665.5,2492200
2026-08-26 09:00:00+09:00,1690.0,1704.0,1679.0,1680.0,2100400
2026-08-27 09:00:00+09:00,1690.5,1710.0,1680.5,1699.0,1581700
2026-08-28 09:00:00+09:00,1695.0,1703.0,1688.5,1700.5,1649200
2026-08-31 09:00:00+09:00,,,,,1878800
