Date,Close,High,Low,Open,Volume
2019-08-29 09:00:00+09:00,2975.372314453125,3026.0667313442004,2940.2761796823806,3022.167160814118,528400
2019-08-30 09:00:00+09:00,3010.468994140625,3053.364277735893,3006.5694229046917,3022.1677078484254,504100
2019-09-02 09:00:00+09:00,2975.372314453125,3041.6650134645315,2967.5731733929597,3018.267590284035,541600
2019-09-03 09:00:00+09:00,3045.564208984375,3123.5556099826945,3002.6689384352994,3119.656039932778,1325700
2019-09-04 09:00:00+09:00,3127.4560546875,3139.154768109024,3026.067205034289,3033.8663473153056,1226900
2019-09-05 09:00:00+09:00,3279.5390625,3299.0369166171226,3162.551937797265,3182.0497919143877,1132800
2019-09-06 09:00:00+09:00,3275.639404296875,3291.237687174479,3224.9449849446614,3279.538975016276,643600
2019-09-09 09:00:00+09:00,3306.83544921875,3306.83544921875,3248.3418976405883,3275.6388883770637,386100
2019-09-10 09:00:00+09:00,3291.23681640625,3306.8350951569905,3244.4419801540284,3302.9355254693055,403900
2019-09-11 09:00:00+09:00,3349.73095703125,3353.630527411962,3275.63911979773,3279.538690178442,447600
2019-09-12 09:00:00+09:00,3388.7265625,3451.1196867807826,3365.3291408947066,3384.826992232451,731600
2019-09-13 09:00:00+09:00,3412.1240234375,3439.4210156249997,3377.0278906249996,3439.4210156249997,522900
2019-09-17 09:00:00+09:00,3431.6220703125,3455.019493519176,3404.325076571378,3412.12421764027,390100
2019-09-18 09:00:00+09:00,3416.023681640625,3455.019385768943,3365.329266273812,3451.119815356111,393900
2019-09-19 09:00:00+09:00,3439.421630859375,3486.216482979911,3423.8233468191966,3458.9194859095983,481000
2019-09-20 09:00:00+09:00,3369.22900390625,3466.7182690655745,3357.5302920871313,3455.0195572464554,740800
2019-09-24 09:00:00+09:00,3482.316650390625,3501.814503976239,3404.32523604817,3412.1243774824156,651300
2019-09-25 09:00:00+09:00,3482.316650390625,3509.6136454104844,3455.019655370766,3462.8187968050115,483500
2019-09-26 09:00:00+09:00,3497.914306640625,3575.9057070116537,3455.0190364365594,3564.2069969559993,705800
2019-09-27 09:00:00+09:00,3536.91064453125,3564.2076395827594,3494.0153665931643,3564.2076395827594,556300
2019-09-30 09:00:00+09:00,3474.51708984375,3521.3119328046087,3451.1196683633207,3497.9145113241793,473300
2019-10-01 09:00:00+09:00,3494.015380859375,3501.8145223345077,3466.718385696411,3470.6179564339777,284500
2019-10-02 09:00:00+09:00,3521.3125,3544.7099252491694,3482.3167912513845,3501.8146456256923,467600
2019-10-03 09:00:00+09:00,3474.51708984375,3474.51708984375,3423.822676636153,3431.6218171296296,327900
2019-10-04 09:00:00+09:00,3419.923583984375,3431.6222963583236,3392.626588445161,3419.923583984375,490200
2019-10-07 09:00:00+09:00,3353.630615234375,3431.6220248909885,3345.831474268714,3431.6220248909885,748800
2019-10-08 09:00:00+09:00,3490.11572265625,3501.8144345757682,3357.5303209017106,3377.0281741009076,665200
2019-10-09 09:00:00+09:00,3540.810302734375,3572.0068692782897,3466.7184571925764,3478.4171696465446,638100
2019-10-10 09:00:00+09:00,3536.91064453125,3548.6093566961827,3470.6179422632995,3533.011073809606,396900
2019-10-11 09:00:00+09:00,3595.404541015625,3638.2998229583277,3560.308401244323,3587.6053988442245,645100
2019-10-15 09:00:00+09:00,3716.291015625,3770.8850074599945,3646.098740408578,3649.998311253935,733100
2019-10-16 09:00:00+09:00,3634.399169921875,3731.888418042097,3611.001750373022,3704.591428568435,660000
2019-10-17 09:00:00+09:00,3727.98876953125,3755.285758429491,3622.70038378089,3646.0978028365257,492800
2019-10-18 09:00:00+09:00,3611.0029296875,3673.3960688613665,3599.3042160924,3646.0990704728,468100
2019-10-21 09:00:00+09:00,3665.59716796875,3665.5971679687495,3607.1035961394614,3607.1035961394614,399200
2019-10-23 09:00:00+09:00,3891.771728515625,3907.3700119966493,3716.2910393540988,3829.3785945915265,1723900
2019-10-24 09:00:00+09:00,3954.1650390625,4016.5581757735454,3930.767612795858,3946.3658969736193,924100
2019-10-25 09:00:00+09:00,3961.964599609375,3977.5628854346087,3922.968885046291,3954.165456696758,674400
2019-10-28 09:00:00+09:00,3946.365234375,3985.3609382719865,3915.168671257411,3915.168671257411,543800
2019-10-29 09:00:00+09:00,3930.767333984375,4000.9596078055247,3922.9681924486918,3954.1647585914247,438200
2019-10-30 09:00:00+09:00,4063.35302734375,4071.152169430782,3954.1650381253,3961.964180212332,714600
2019-10-31 09:00:00+09:00,4149.14404296875,4149.14404296875,4094.5500424033717,4117.947471217105,690300
2019-11-01 09:00:00+09:00,4180.33984375,4188.138985249533,4063.352721256996,4133.544994752799,894200
2019-11-05 09:00:00+09:00,4117.94677734375,4133.545060591264,4086.7502108487215,4102.348494096235,884400
2019-11-06 09:00:00+09:00,4125.74560546875,4164.741310624409,4094.549041344222,4149.143028562145,558500
2019-11-07 09:00:00+09:00,4164.74072265625,4188.1381424464535,4117.945883075843,4141.3433028660465,442100
2019-11-08 09:00:00+09:00,4133.544921875,4172.540628685142,4110.147497788916,4149.143204599057,517900
2019-11-11 09:00:00+09:00,4024.357666015625,4117.94737917878,4008.7593804884327,4094.5499508879907,620500
2019-11-12 09:00:00+09:00,3993.16015625,4024.3567199707027,3961.963592529297,4000.9592971801753,456100
2019-11-13 09:00:00+09:00,4008.75830078125,4039.954863433244,3977.5617381292554,3993.160019455253,288800
2019-11-14 09:00:00+09:00,3969.7626953125,4016.557540443885,3930.766991036346,4000.9592587334237,305200
2019-11-15 09:00:00+09:00,3985.361572265625,4032.156424386161,3961.9641462053573,3969.7632882254466,357800
2019-11-18 09:00:00+09:00,3969.7626953125,3993.1601178781925,3922.967850181115,3922.967850181115,327100
2019-11-19 09:00:00+09:00,3954.1650390625,4039.9556020401874,3930.767612795858,4008.7590336846647,420900
2019-11-20 09:00:00+09:00,3985.361572265625,4016.5581403459823,3954.165004185268,3985.361572265625,282300
2019-11-21 09:00:00+09:00,3946.365234375,4016.557501389575,3915.168671257411,3993.1600790513835,320600
2019-11-22 09:00:00+09:00,3915.16943359375,3954.1651450837276,3915.16943359375,3946.3660027857322,442900
2019-11-25 09:00:00+09:00,3907.36962890625,3930.7670518338327,3852.775642075225,3891.771346954529,596500
2019-11-26 09:00:00+09:00,3887.871826171875,3930.7671020875127,3864.4744029451635,3864.4744029451635,667800
2019-11-27 09:00:00+09:00,3915.16943359375,3946.3660027857322,3872.274150954775,3880.0732932527703,486800
2019-11-28 09:00:00+09:00,3977.56201171875,4008.758576516544,3938.5663057215074,3946.365446920956,393000
2019-11-29 09:00:00+09:00,3969.7626953125,4047.7541038648087,3938.566131891577,4008.7583995886544,368100
2019-12-02 09:00:00+09:00,3954.1650390625,3993.1607495069034,3938.5667548847387,3977.562465329142,584200
2019-12-03 09:00:00+09:00,3408.22509765625,3462.819092355549,3221.0456872586524,3416.0242397561497,3967400
2019-12-04 09:00:00+09:00,3291.23681640625,3369.2282101599526,3275.6385376555095,3353.629931409212,2006300
2019-12-05 09:00:00+09:00,3279.5390625,3322.4343415576695,3252.2420667360284,3299.0369166171226,1705700
2019-12-06 09:00:00+09:00,3256.14111328125,3295.136815236714,3248.341972890157,3287.337674845621,713200
2019-12-09 09:00:00+09:00,3291.23681640625,3310.7346648446755,3260.040258904769,3267.8393982801394,803600
2019-12-10 09:00:00+09:00,3299.036865234375,3326.3338605731933,3299.036865234375,3306.8360067597514,754300
2019-12-11 09:00:00+09:00,3119.656982421875,3213.246691894531,3119.656982421875,3205.4475494384765,2019700
2019-12-12 09:00:00+09:00,2983.17138671875,3080.660647722631,2959.7739640778186,3065.06236596201,2517500
2019-12-13 09:00:00+09:00,3131.354736328125,3143.0534464264865,3049.4637656395935,3068.9616158035296,1838300
2019-12-16 09:00:00+09:00,3185.948974609375,3224.944678092966,3139.154130429066,3146.9532711257843,1054100
2019-12-17 09:00:00+09:00,3248.34228515625,3256.1414262970816,3197.6478677408463,3228.8444323041717,1124900
2019-12-18 09:00:00+09:00,3228.84423828125,3287.337793322577,3209.3463866008074,3240.542949289515,854100
2019-12-19 09:00:00+09:00,3170.350830078125,3209.3465352451376,3146.9534069779174,3201.547394211735,769300
2019-12-20 09:00:00+09:00,3232.74365234375,3240.5427926389098,3178.1496702776312,3201.5470911631105,820700
2019-12-23 09:00:00+09:00,3174.250732421875,3205.447299816685,3166.451590573173,3201.5477288923335,521900
2019-12-24 09:00:00+09:00,3209.3466796875,3228.844533148542,3197.6479676108747,3197.6479676108747,376400
2019-12-25 09:00:00+09:00,3162.552001953125,3213.2464236860355,3162.552001953125,3209.346852783504,400900
2019-12-26 09:00:00+09:00,3174.250732421875,3205.447299816685,3166.451590573173,3189.84901611928,493500
2019-12-27 09:00:00+09:00,3170.3173828125,3201.7845528652297,3146.717005272953,3201.7845528652297,427000
2019-12-30 09:00:00+09:00,3158.51708984375,3201.7844472388697,3158.51708984375,3201.7844472388697,501500
2020-01-06 09:00:00+09:00,3138.849853515625,3138.849853515625,3091.6491038386985,3091.6491038386985,683500
2020-01-07 09:00:00+09:00,3201.784423828125,3225.384800416539,3138.8500862590217,3142.7834823570906,737400
2020-01-08 09:00:00+09:00,3201.784423828125,3209.651216024263,3134.916690160953,3146.71687845516,800600
2020-01-09 09:00:00+09:00,3229.317626953125,3245.0512085704363,3189.983672909847,3225.3842315487973,563100
2020-01-10 09:00:00+09:00,3292.2529296875,3307.9865159703554,3237.185377697506,3245.0521708389338,623700
2020-01-14 09:00:00+09:00,3304.052490234375,3327.6528651646204,3300.1190944126674,3311.91928187779,532100
2020-01-15 09:00:00+09:00,3296.18603515625,3311.919620049597,3252.918676699545,3264.7188653695553,342100
2020-01-16 09:00:00+09:00,3284.38525390625,3339.4527910974925,3268.651671851609,3327.652604556512,453200
2020-01-17 09:00:00+09:00,3280.452392578125,3319.7863541198294,3276.518996423955,3315.852957965659,353900
2020-01-20 09:00:00+09:00,3315.8525390625,3335.5195173487546,3296.185560776246,3300.118956433497,348100
2020-01-21 09:00:00+09:00,3213.58447265625,3288.3189952761627,3197.8508889467944,3280.452203421435,540200
2020-01-22 09:00:00+09:00,3150.650634765625,3197.8513933388926,3138.850445122308,3186.051203695576,894300
2020-01-23 09:00:00+09:00,3095.58251953125,3146.716665343075,3079.8489362045348,3123.1162903530017,840300
2020-01-24 09:00:00+09:00,3060.181884765625,3091.6490506758114,3036.5815103329855,3068.048676243172,999300
2020-01-27 09:00:00+09:00,2922.512939453125,2969.7136867928793,2906.77935700654,2950.0467087346483,1647400
2020-01-28 09:00:00+09:00,3009.048095703125,3028.7150767207927,2898.913002004187,2902.8463982077205,1436200
2020-01-29 09:00:00+09:00,3048.382080078125,3103.4496273311493,3012.981513986895,3036.5818913810485,1039300
2020-01-30 09:00:00+09:00,3016.914794921875,3095.582716562602,3001.1812105937297,3064.115547906311,1190600
2020-01-31 09:00:00+09:00,3079.848876953125,3111.316043001177,3068.0486896851053,3079.848876953125,765400
2020-02-03 09:00:00+09:00,3032.6484375,3044.448625972763,2973.647495136187,2993.3144759241245,542400
2020-02-04 09:00:00+09:00,3087.716064453125,3103.4496494949244,3009.048139244128,3012.981535504578,661500
2020-02-05 09:00:00+09:00,3083.78271484375,3134.9168670031486,3071.9825258838887,3130.983470683195,490100
2020-02-06 09:00:00+09:00,3123.116455078125,3130.9832471564073,3079.8490986475717,3127.0498511172664,848300
2020-02-07 09:00:00+09:00,3134.91650390625,3197.8508377362373,3119.182920448753,3134.91650390625,608100
2020-02-10 09:00:00+09:00,3130.983154296875,3138.849946141842,3064.1154236146554,3099.515986917007,533500
2020-02-12 09:00:00+09:00,3001.181396484375,3119.183286254403,2965.780829553367,3119.183286254403,1520400
2020-02-13 09:00:00+09:00,3099.51611328125,3221.4513918494213,3001.1812112101443,3009.048003375833,1936300
2020-02-14 09:00:00+09:00,3103.44921875,3150.6499673241447,3012.9811173162234,3016.914513030735,1637500
2020-02-17 09:00:00+09:00,3138.849853515625,3166.383624160499,3044.448354161772,3068.048729000235,1059600
2020-02-18 09:00:00+09:00,3052.315673828125,3068.0492597756925,2993.314726524746,3048.382277341233,954000
2020-02-19 09:00:00+09:00,3119.182861328125,3138.8498402772307,3024.7813623724187,3040.5149455317032,705000
2020-02-20 09:00:00+09:00,3091.64892578125,3162.4500462189885,3071.981947881878,3115.249299260496,627400
2020-02-21 09:00:00+09:00,3075.91552734375,3123.116277123961,3052.3151524536443,3091.64911060382,369500
2020-02-25 09:00:00+09:00,3005.114501953125,3056.2486492376675,2957.913750613547,2985.447522228301,1032900
2020-02-26 09:00:00+09:00,2981.51416015625,2997.247744114858,2926.446616301121,2981.51416015625,821800
2020-02-27 09:00:00+09:00,2981.51416015625,2997.247744114858,2906.779636352861,2953.9803882286856,1154300
2020-02-28 09:00:00+09:00,2879.245849609375,2922.5132052729036,2812.3781181293757,2887.112641548198,2096100
2020-03-02 09:00:00+09:00,2883.17919921875,2930.3799500927266,2765.1773220338077,2824.178260626279,1296500
2020-03-03 09:00:00+09:00,2784.84423828125,2883.1791337007858,2773.0440508309057,2879.245737884004,1261800
2020-03-04 09:00:00+09:00,2780.9111328125,2800.578113949788,2686.5096233535187,2733.7103780830093,900400
2020-03-05 09:00:00+09:00,2800.577880859375,2839.911839860209,2773.044109558791,2828.111652159959,933900
2020-03-06 09:00:00+09:00,2733.710693359375,2804.511833619042,2725.8438999971895,2780.9114535324866,672100
2020-03-09 09:00:00+09:00,2623.574951171875,2682.5758871052753,2560.640619509581,2643.241929816342,1139400
2020-03-10 09:00:00+09:00,2670.775634765625,2686.509217297381,2474.105853118672,2568.507348309209,1276100
2020-03-11 09:00:00+09:00,2710.109619140625,2796.64432396079,2702.2428277933373,2714.043014814269,959400
2020-03-12 09:00:00+09:00,2698.3095703125,2776.977487814322,2651.1088198114066,2666.8424033117712,1459600
2020-03-13 09:00:00+09:00,2674.70947265625,2717.976831772748,2438.705695657169,2533.1072064568016,1660600
2020-03-16 09:00:00+09:00,2517.373779296875,2717.977002334595,2501.64019317627,2686.5098300933837,1280600
2020-03-17 09:00:00+09:00,2714.04296875,2749.4435292119565,2422.97169384058,2481.9726279438405,1482800
2020-03-18 09:00:00+09:00,2926.446044921875,3040.5145063502814,2765.1768408334383,2769.1102360551076,1877100
2020-03-19 09:00:00+09:00,2863.51220703125,3280.452171241844,2843.845227587354,3036.5816261375344,1956900
2020-03-23 09:00:00+09:00,2910.712646484375,3024.7811150628168,2800.5775733741552,2816.311155247044,1249500
2020-03-24 09:00:00+09:00,2871.379150390625,2993.314429379816,2761.244059690711,2965.7806567048374,1258800
2020-03-25 09:00:00+09:00,2985.447509765625,2985.447509765625,2875.312423766366,2926.4465708374505,852300
2020-03-26 09:00:00+09:00,3103.44921875,3130.9829887515843,2918.579620167934,2930.3798073114704,769200
2020-03-27 09:00:00+09:00,3237.18505859375,3245.0518509597127,3134.9167578362317,3213.584681495861,799400
2020-03-30 09:00:00+09:00,3319.785888671875,3319.785888671875,3154.5832733588195,3197.8506249884294,573100
2020-03-31 09:00:00+09:00,3260.784912109375,3304.052263174759,3162.450023324412,3292.252076520563,1071200
2020-04-01 09:00:00+09:00,3142.78369140625,3264.718978557181,3130.9835023271276,3241.118600398936,689300
2020-04-02 09:00:00+09:00,3119.182861328125,3193.9173813347256,3071.982111850272,3142.783236067052,559500
2020-04-03 09:00:00+09:00,3142.78369140625,3256.852185837766,3103.4497278091753,3119.183313248005,601900
2020-04-06 09:00:00+09:00,3237.18505859375,3252.918643325676,3134.9167578362317,3166.3839273000835,606000
2020-04-07 09:00:00+09:00,3292.2529296875,3335.5202919653525,3229.3185845560783,3256.8523605510754,677800
2020-04-08 09:00:00+09:00,3268.651611328125,3323.719147499718,3252.9180295648125,3292.2519839730935,626700
2020-04-09 09:00:00+09:00,3225.384521484375,3276.518666337176,3130.9830232945883,3248.984896031822,479800
2020-04-10 09:00:00+09:00,3229.317626953125,3245.0512085704363,3103.448974014635,3170.316695888208,453000
2020-04-13 09:00:00+09:00,3174.250732421875,3241.11846780127,3166.383940024299,3225.3848830061183,249300
2020-04-14 09:00:00+09:00,3229.317626953125,3245.0512085704363,3158.5165096752244,3158.5165096752244,354600
2020-04-15 09:00:00+09:00,3307.986328125,3331.586706209126,3248.9853829146846,3264.718968304102,593600
2020-04-16 09:00:00+09:00,3268.651611328125,3331.585938381374,3248.9846341239845,3268.651611328125,370300
2020-04-17 09:00:00+09:00,3237.18505859375,3315.852982253379,3209.6512853128797,3296.186001338472,435400
2020-04-20 09:00:00+09:00,3174.250732421875,3264.7188449939977,3162.450543825511,3205.7179020121785,434100
2020-04-21 09:00:00+09:00,3174.250732421875,3209.651298210966,3154.583751427935,3182.117524819451,375000
2020-04-22 09:00:00+09:00,3186.05078125,3193.917573302469,3119.1830488040123,3158.5170090663582,370700
2020-04-23 09:00:00+09:00,3229.317626953125,3233.2510223574527,3119.1825556319463,3205.7172545271583,487600
2020-04-24 09:00:00+09:00,3071.98193359375,3189.9838004411413,3040.5147691011125,3178.1836137564023,875700
2020-04-27 09:00:00+09:00,3079.848876953125,3111.316043001177,3024.7813363690334,3099.5158557331574,528900
2020-04-28 09:00:00+09:00,3107.383056640625,3115.2498491890824,3040.5153199787383,3083.7826789952533,441600
2020-04-30 09:00:00+09:00,3016.914794921875,3150.6502617111105,3012.9813988398387,3150.6502617111105,602400
2020-05-01 09:00:00+09:00,3001.181396484375,3091.6495119747296,2989.3812075073724,3036.5819634153836,376900
2020-05-07 09:00:00+09:00,3095.58251953125,3099.515915362929,2989.3808320759213,3001.1810195709577,463500
2020-05-08 09:00:00+09:00,3178.183837890625,3237.184775475228,3138.8498795008895,3146.716671178837,623100
2020-05-11 09:00:00+09:00,3221.451171875,3245.0515467605314,3178.183817918193,3178.183817918193,275600
2020-05-12 09:00:00+09:00,3260.784912109375,3315.8524498289544,3233.2511432495853,3237.1845388009842,442300
2020-05-13 09:00:00+09:00,3296.18603515625,3323.7198087196075,3252.918676699545,3284.385846486239,511600
2020-05-14 09:00:00+09:00,3268.651611328125,3374.853288230483,3256.851425005641,3339.45272926303,433900
2020-05-15 09:00:00+09:00,3292.2529296875,3311.919912541069,3237.185377697506,3272.585946833931,636800
2020-05-18 09:00:00+09:00,3292.2529296875,3315.8533091117833,3276.5193434046446,3315.8533091117833,358300
2020-05-19 09:00:00+09:00,3292.2529296875,3327.6534988239246,3252.9189639803612,3296.1863262582137,358600
2020-05-20 09:00:00+09:00,3296.18603515625,3339.4533936129546,3264.7188653695553,3284.385846486239,312700
2020-05-21 09:00:00+09:00,3233.2509765625,3300.118697488975,3225.3841858652677,3276.5183253972777,268300
2020-05-22 09:00:00+09:00,3209.65087890625,3248.9848357555916,3193.9172961665136,3221.4510659610523,241500
2020-05-25 09:00:00+09:00,3288.3193359375,3319.7865066163276,3260.785561593526,3300.1195249420603,278500
2020-05-26 09:00:00+09:00,3343.38623046875,3347.3196260340073,3276.5185058593747,3315.852461511948,323200
2020-05-27 09:00:00+09:00,3323.719970703125,3355.187142023391,3280.4526101377587,3319.7865742880917,480900
2020-05-28 09:00:00+09:00,3359.120361328125,3359.1203613281255,3304.0528144211066,3339.4533802899045,535500
2020-05-29 09:00:00+09:00,3304.052490234375,3382.7204066685267,3296.18569859096,3351.253240094866,551400
2020-06-01 09:00:00+09:00,3351.253662109375,3363.0538510604647,3276.5191320858094,3304.0529063050176,402100
2020-06-02 09:00:00+09:00,3410.25439453125,3425.987978819745,3347.320057377271,3359.1202455936423,550000
2020-06-03 09:00:00+09:00,3433.8544921875,3453.5214709514603,3382.7203474012026,3449.5880751986683,586800
2020-06-04 09:00:00+09:00,3437.788330078125,3441.7217263367957,3382.7207824567363,3425.988141302113,487600
2020-06-05 09:00:00+09:00,3304.052490234375,3374.8536150251116,3248.9849487304687,3339.4530526297435,1221300
2020-06-08 09:00:00+09:00,3319.785888671875,3394.520405123019,3307.9857018637995,3343.3862622880256,853200
2020-06-09 09:00:00+09:00,3248.985107421875,3288.319067560154,3229.3181273527352,3264.7186914771864,671100
2020-06-10 09:00:00+09:00,3241.1181640625,3264.718539043538,3170.317039119387,3209.6509974211167,664000
2020-06-11 09:00:00+09:00,3225.384521484375,3256.851687547637,3197.850751179021,3229.317917242283,555900
2020-06-12 09:00:00+09:00,3162.449951171875,3197.850510326784,3127.049392016966,3174.2501375568445,599300
2020-06-15 09:00:00+09:00,3111.31591796875,3225.3843903089446,3111.31591796875,3138.8496871543143,423900
2020-06-16 09:00:00+09:00,3217.51806640625,3225.3848587446514,3103.449577499427,3146.7169353606355,528300
2020-06-17 09:00:00+09:00,3174.250732421875,3233.251675403694,3166.383940024299,3166.383940024299,399800
2020-06-18 09:00:00+09:00,3229.317626953125,3245.0512085704363,3193.9170683141747,3229.317626953125,397400
2020-06-19 09:00:00+09:00,3339.453125,3355.1867086277975,3252.918415047114,3264.7186027679627,673700
2020-06-22 09:00:00+09:00,3296.18603515625,3335.519997389618,3268.652261592892,3335.519997389618,208200
2020-06-23 09:00:00+09:00,3296.18603515625,3339.4533936129546,3248.985280476208,3335.519997389618,331800
2020-06-24 09:00:00+09:00,3296.18603515625,3343.3867898362914,3252.918676699545,3327.6532049429443,425500
2020-06-25 09:00:00+09:00,3311.91943359375,3327.6530176013216,3245.0517015615724,3280.4522655786077,384300
2020-06-26 09:00:00+09:00,3327.653076171875,3339.4532643852503,3288.3191154606234,3327.653076171875,337500
2020-06-29 09:00:00+09:00,3288.774658203125,3328.4462463599784,3245.1359112305868,3312.577611097237,305100
2020-06-30 09:00:00+09:00,3308.610595703125,3352.249344567315,3288.774800764857,3332.413549629047,334700
2020-07-01 09:00:00+09:00,3324.4794921875,3380.0197223672435,3292.742217799075,3308.610854993288,558100
2020-07-02 09:00:00+09:00,3431.5927734375,3471.264366194003,3391.9211806809967,3399.8554992322975,820700
2020-07-03 09:00:00+09:00,3467.297119140625,3487.1329150167153,3427.625527388444,3475.231437491061,477400
2020-07-06 09:00:00+09:00,3518.870361328125,3542.6733175490594,3471.2644488862566,3503.0017238475025,735100
2020-07-07 09:00:00+09:00,3538.706298828125,3625.983808440478,3526.8048202446225,3542.673458355959,1068000
2020-07-08 09:00:00+09:00,3510.935546875,3562.508611405367,3487.1325940148304,3538.705658545198,581400
2020-07-09 09:00:00+09:00,3451.427490234375,3518.8691768251615,3415.7230679216054,3506.967702720905,585900
2020-07-10 09:00:00+09:00,3487.13330078125,3518.8705776939346,3447.4617046403937,3463.330343096736,512300
2020-07-13 09:00:00+09:00,3518.870361328125,3554.574795659527,3459.3629707757896,3554.574795659527,335500
2020-07-14 09:00:00+09:00,3431.5927734375,3499.0344811235545,3376.0525435783957,3495.0673218479046,515200
2020-07-15 09:00:00+09:00,3506.96875,3534.7388645361993,3423.658406391403,3435.559884049774,418100
2020-07-16 09:00:00+09:00,3506.96875,3514.903068438914,3455.395680147059,3467.29715780543,555200
2020-07-17 09:00:00+09:00,3463.329833984375,3499.0342652625645,3423.6582436752756,3427.6254027061855,504700
2020-07-20 09:00:00+09:00,3495.0673828125,3499.0345421573497,3435.5599926397563,3443.4943113294553,253400
2020-07-21 09:00:00+09:00,3506.96875,3538.706023755656,3479.198635463801,3530.771705316742,343000
2020-07-22 09:00:00+09:00,3419.690673828125,3499.0338449146243,3419.690673828125,3495.0666863602996,686800
2020-07-27 09:00:00+09:00,3447.4609375,3459.362413693901,3332.41333429229,3403.822191455696,444000
2020-07-28 09:00:00+09:00,3368.1181640625,3463.329984954726,3364.151004858657,3459.3628257508835,389800
2020-07-29 09:00:00+09:00,3364.15087890625,3407.7896285147035,3332.4136064637382,3368.118037961564,510900
2020-07-30 09:00:00+09:00,3288.774658203125,3376.052152148202,3280.8403405717545,3372.0849933325167,1189700
2020-07-31 09:00:00+09:00,3249.103271484375,3308.610657408997,3233.234635237809,3280.840543977507,502600
2020-08-03 09:00:00+09:00,3288.774658203125,3308.6104522815517,3245.1359112305868,3264.9717053090135,412800
2020-08-04 09:00:00+09:00,3316.545166015625,3328.4466438841023,3257.0377766732395,3288.7750509891785,561200
2020-08-05 09:00:00+09:00,3360.18359375,3399.855182814345,3316.544845779221,3372.0850704693034,484100
2020-08-06 09:00:00+09:00,3284.8076171875,3407.7895448841336,3233.2345507340733,3407.7895448841336,582000
2020-08-07 09:00:00+09:00,3625.983642578125,3681.523873427243,3487.1330654553303,3562.509093036276,1612900
2020-08-11 09:00:00+09:00,3522.837158203125,3610.114655365815,3443.493978964316,3586.3117015941725,746600
2020-08-12 09:00:00+09:00,3610.11474609375,3610.11474609375,3526.804405799279,3554.5745192307695,877700
2020-08-13 09:00:00+09:00,3709.29345703125,3741.0307272518385,3633.917440257353,3649.7860753676473,727300
2020-08-14 09:00:00+09:00,3713.260986328125,3772.7683739295376,3685.490872114133,3721.19530467498,488700
2020-08-17 09:00:00+09:00,3693.4248046875,3713.2605984828137,3661.6875346149973,3689.457645928437,298600
2020-08-18 09:00:00+09:00,3752.93212890625,3772.7679223994123,3729.1291767144558,3748.9649702076176,464500
2020-08-19 09:00:00+09:00,3737.0634765625,3788.6365394025343,3717.2276831624863,3776.7350633625265,480500
2020-08-20 09:00:00+09:00,3729.129638671875,3784.6698673329456,3721.1953202917225,3744.998275432181,487500
2020-08-21 09:00:00+09:00,3713.260986328125,3744.998259715545,3685.490872114133,3725.1624638484077,440300
2020-08-24 09:00:00+09:00,3748.965087890625,3764.833723183284,3693.4248643663195,3709.2934996589784,358000
2020-08-25 09:00:00+09:00,3748.965087890625,3828.3082643539187,3733.096452597966,3784.669517299107,418000
2020-08-26 09:00:00+09:00,3764.833984375,3792.6040980637513,3733.0967115878557,3737.0638706862487,302000
2020-08-27 09:00:00+09:00,3816.4072265625,3816.4072265625,3752.932678095764,3764.834155933277,424200
2020-08-28 09:00:00+09:00,3792.603759765625,3856.0782996780204,3752.932172320378,3844.176823444446,428600
2020-08-31 09:00:00+09:00,3844.177734375,3907.6522893285605,3840.2105746904026,3848.1448940595974,459900
2020-09-01 09:00:00+09:00,3832.275146484375,3844.1766220945747,3764.833451359909,3828.307987947642,364700
2020-09-02 09:00:00+09:00,3883.847900390625,3895.749375059851,3792.6032612598956,3816.4062105983467,272600
2020-09-03 09:00:00+09:00,3903.68408203125,4006.8302061499617,3871.9468130716464,3967.1586199504573,304700
2020-09-04 09:00:00+09:00,3879.8818359375,3899.717632644747,3840.2102425230064,3864.0131985717026,299700
2020-09-07 09:00:00+09:00,3852.11083984375,3879.880948884848,3780.701988023783,3824.3407308026517,261000
2020-09-08 09:00:00+09:00,3864.013427734375,3879.882066041292,3832.2761511205404,3860.0462681576455,367600
2020-09-09 09:00:00+09:00,3848.14501953125,3856.079339159149,3784.670462508054,3832.2763802754507,365500
2020-09-10 09:00:00+09:00,3832.275146484375,3867.9795733149745,3828.307987947642,3852.1109391680416,333900
2020-09-11 09:00:00+09:00,3780.70263671875,3832.275705215438,3764.8340002582304,3832.275705215438,663200
2020-09-14 09:00:00+09:00,3756.899658203125,3788.636930922898,3701.359430943522,3752.9324991131534,533700
2020-09-15 09:00:00+09:00,3649.786865234375,3729.1300579568615,3625.983907417629,3721.1957386846125,714800
2020-09-16 09:00:00+09:00,3653.753662109375,3665.6551398361153,3618.049228929153,3622.0163881713997,607400
2020-09-17 09:00:00+09:00,3602.18017578125,3661.6875575397507,3566.4757467261493,3629.9502872685503,609000
2020-09-18 09:00:00+09:00,3645.819091796875,3661.6877276697664,3590.278866241754,3641.851932828652,517700
2020-09-23 09:00:00+09:00,3689.458251953125,3796.5715560420867,3653.7538172568047,3752.9328025243617,707000
2020-09-24 09:00:00+09:00,3756.899658203125,3764.833976383068,3705.3265900334936,3729.1295445733235,1016600
2020-09-25 09:00:00+09:00,3744.998046875,3812.4397489903336,3689.4578216035484,3792.6039542505296,587600
2020-09-28 09:00:00+09:00,3748.965087890625,3808.4724702380954,3713.260658482143,3788.636676122272,608600
2020-09-29 09:00:00+09:00,3737.0634765625,3772.7679046825237,3677.55609636246,3733.0963178824973,725600
2020-09-30 09:00:00+09:00,3729.129638671875,3780.702708142869,3725.162479481799,3737.063957052028,512600
2020-10-02 09:00:00+09:00,3717.227783203125,3860.045499526831,3685.4905129089684,3860.045499526831,505000
2020-10-05 09:00:00+09:00,3836.242919921875,3840.2100790944933,3721.195303915945,3733.0967814337996,378200
2020-10-06 09:00:00+09:00,3840.209716796875,3871.946987183626,3820.3739228051554,3844.1768755952185,302100
2020-10-07 09:00:00+09:00,3856.07861328125,3867.9800904827352,3808.4727044753085,3808.4727044753085,256700
2020-10-08 09:00:00+09:00,3983.028076171875,3998.896713925548,3867.9804524577476,3867.9804524577476,398700
2020-10-09 09:00:00+09:00,3983.028076171875,4030.6339894328935,3951.29080066453,4006.8310328023845,219800
2020-10-12 09:00:00+09:00,3939.388427734375,4006.830122871822,3927.4869521218848,3998.895805796828,228300
2020-10-13 09:00:00+09:00,3927.487060546875,3990.9615988991477,3907.65126731179,3990.9615988991477,233300
2020-10-14 09:00:00+09:00,4014.764404296875,4046.501672315032,3939.3883927537518,3963.1913437673697,243700
2020-10-15 09:00:00+09:00,3943.35546875,3998.895686619718,3927.4868350729375,3967.1584192655932,305500
2020-10-16 09:00:00+09:00,3860.04541015625,3923.519949274955,3828.3081405968974,3923.519949274955,401200
2020-10-19 09:00:00+09:00,3887.815185546875,3943.355402483259,3875.9137104890783,3907.650977309869,287500
2020-10-20 09:00:00+09:00,3907.65185546875,3947.323447910057,3887.8160592480967,3887.8160592480967,255500
2020-10-21 09:00:00+09:00,3891.782958984375,3939.388866739536,3875.9143230659884,3907.651594902762,466600
2020-10-22 09:00:00+09:00,3752.93212890625,3836.242461577531,3721.194859317191,3836.242461577531,517400
2020-10-23 09:00:00+09:00,3760.8671875,3784.6701443829115,3737.064230617089,3760.8671875,459800
2020-10-26 09:00:00+09:00,3689.458251953125,3760.8671213457665,3653.7538172568047,3709.2940490066367,602700
2020-10-27 09:00:00+09:00,3756.899658203125,3776.735453652983,3653.7535218638627,3705.3265900334936,338600
2020-10-28 09:00:00+09:00,3848.14501953125,3856.079339159149,3756.900343810406,3768.801823252255,324100
2020-10-29 09:00:00+09:00,3856.07861328125,3860.0457723484114,3780.702591005176,3796.571227273823,317900
2020-10-30 09:00:00+09:00,3812.4404296875,3864.013505219173,3776.7359927809575,3828.30906831263,414800
2020-11-02 09:00:00+09:00,3856.07861328125,3911.618840221515,3804.5055454081466,3816.407022609632,421000
2020-11-04 09:00:00+09:00,3820.3740234375,3943.355949425623,3796.571070020444,3879.88140698014,548800
2020-11-05 09:00:00+09:00,3764.833984375,3812.4398935557165,3701.3594388007114,3812.4398935557165,937900
2020-11-06 09:00:00+09:00,3574.410400390625,3582.3447187044776,3380.019601701235,3403.8225566427927,1684800
2020-11-09 09:00:00+09:00,3526.803955078125,3606.147126170996,3451.4279425398972,3606.147126170996,792700
2020-11-10 09:00:00+09:00,3491.099853515625,3606.1474623246622,3479.198376742276,3495.0670124400744,831500
2020-11-11 09:00:00+09:00,3677.556396484375,3677.556396484375,3566.47594437913,3610.114693420476,868000
2020-11-12 09:00:00+09:00,3760.8671875,3796.5716228243673,3721.1955926951478,3733.0970711366035,464200
2020-11-13 09:00:00+09:00,3764.833984375,3824.341370850896,3741.0310297846418,3784.669779866965,554100
2020-11-16 09:00:00+09:00,3768.801025390625,3840.2098869243423,3760.8667074424343,3792.6039792351976,507800
2020-11-17 09:00:00+09:00,3867.97998046875,3883.8486162860577,3796.571119290865,3836.2427088341346,547400
2020-11-18 09:00:00+09:00,3653.753662109375,3875.9145796752,3641.8521843826343,3860.0459427062124,618100
2020-11-19 09:00:00+09:00,3725.16259765625,3729.1297569721783,3649.786570653621,3661.6880486014047,539900
2020-11-20 09:00:00+09:00,3689.458251953125,3729.129846060148,3661.688136078209,3709.2940490066367,280100
2020-11-24 09:00:00+09:00,3713.260986328125,3737.06394136869,3653.753598726713,3689.45803128756,518500
2020-11-25 09:00:00+09:00,3705.326416015625,3812.4397064143636,3701.359257111968,3717.2278927265957,657700
2020-11-26 09:00:00+09:00,3756.899658203125,3828.3085218226142,3721.1952263933804,3760.8668172930966,553500
2020-11-27 09:00:00+09:00,3760.8671875,3800.5387823048527,3713.2612737341774,3721.1955926951478,580000
2020-11-30 09:00:00+09:00,3697.3916015625,3772.767610607229,3681.522968079399,3725.1617101579263,575200
2020-12-01 09:00:00+09:00,3689.458251953125,3824.3416719170027,3677.556773721018,3800.538715452789,467500
2020-12-02 09:00:00+09:00,3578.377685546875,3729.129738818251,3578.377685546875,3725.162579521636,775300
2020-12-03 09:00:00+09:00,3582.3447265625,3618.049159053156,3518.8701799124447,3542.673134906215,732000
2020-12-04 09:00:00+09:00,3514.9033203125,3637.8852649284,3491.1003632900674,3629.9509459209225,559900
2020-12-07 09:00:00+09:00,3514.9033203125,3570.4435533648416,3510.936160808761,3534.739117831193,433300
2020-12-08 09:00:00+09:00,3582.3447265625,3598.213363225014,3518.8701799124447,3542.673134906215,278100
2020-12-09 09:00:00+09:00,3653.753662109375,3669.622299078362,3542.673203326462,3542.673203326462,282300
2020-12-10 09:00:00+09:00,3681.523681640625,3697.3923181994205,3637.884931103936,3689.4579999200228,346100
2020-12-11 09:00:00+09:00,3713.260986328125,3713.260986328125,3653.753598726713,3693.425190460988,279400
2020-12-14 09:00:00+09:00,3709.29345703125,3737.0635684742647,3677.556186810662,3709.29345703125,363900
2020-12-15 09:00:00+09:00,3622.016845703125,3756.9002769779404,3614.082526216371,3756.9002769779404,349100
2020-12-16 09:00:00+09:00,3570.443603515625,3689.458390299479,3566.476443956163,3677.5569116210936,353700
2020-12-17 09:00:00+09:00,3582.3447265625,3602.180522390642,3518.8701799124447,3582.3447265625,508500
2020-12-18 09:00:00+09:00,3499.034423828125,3618.0492001488096,3475.231468563988,3566.4761304098465,844100
2020-12-21 09:00:00+09:00,3499.034423828125,3554.574652777778,3471.264309353299,3522.837379092262,499900
2020-12-22 09:00:00+09:00,3435.5595703125,3499.0341120272806,3395.8879817407624,3471.264000027064,634200
2020-12-23 09:00:00+09:00,3491.099853515625,3499.034171364524,3399.8551982532845,3411.7566750266333,200200
2020-12-24 09:00:00+09:00,3510.935546875,3550.6071349752824,3487.1325940148304,3534.738499735169,217800
2020-12-25 09:00:00+09:00,3479.198486328125,3546.6401901680088,3475.23132727872,3546.6401901680088,181800
2020-12-28 09:00:00+09:00,3463.329833984375,3506.9685833243843,3447.4611978607354,3491.0999472007443,261200
2020-12-29 09:00:00+09:00,3524.13232421875,3528.1324744165013,3488.13097243899,3496.131272834492,346500
2020-12-30 09:00:00+09:00,3404.12744140625,3512.1314847881167,3404.12744140625,3468.129837484393,466900
2021-01-04 09:00:00+09:00,3464.129638671875,3492.130686559523,3392.126944103637,3420.127991991285,499200
2021-01-05 09:00:00+09:00,3436.12890625,3444.1292063809665,3384.1269553987195,3408.1278557916185,398900
2021-01-06 09:00:00+09:00,3440.129150390625,3496.1312528388444,3424.1285496911337,3460.129901264989,596100
2021-01-07 09:00:00+09:00,3440.129150390625,3504.13155318859,3440.129150390625,3500.1314030137173,476000
2021-01-08 09:00:00+09:00,3504.13134765625,3508.131497596497,3412.1278990305723,3412.1278990305723,484500
2021-01-12 09:00:00+09:00,3460.130126953125,3512.1320826183164,3440.129374774205,3512.1320826183164,567400
2021-01-13 09:00:00+09:00,3492.131103515625,3508.1317042190185,3456.1297519329896,3472.130352636383,365900
2021-01-14 09:00:00+09:00,3528.13232421875,3540.1327743011266,3448.129323669572,3456.1296237244896,331700
2021-01-15 09:00:00+09:00,3488.130859375,3500.131309579272,3440.129058557913,3496.1311595111815,318400
2021-01-18 09:00:00+09:00,3500.131103515625,3536.132452008929,3488.1306540178575,3516.1317028459825,206800
2021-01-19 09:00:00+09:00,3484.13037109375,3500.1309698128944,3460.129473015033,3492.130670453322,385600
2021-01-20 09:00:00+09:00,3504.13134765625,3512.131647536744,3436.1287986720536,3460.129698313535,353200
2021-01-21 09:00:00+09:00,3524.13232421875,3564.1338261962615,3484.1308222412385,3488.13097243899,343800
2021-01-22 09:00:00+09:00,3572.134033203125,3576.1341832962976,3492.1310313396734,3512.1317818055363,404100
2021-01-25 09:00:00+09:00,3680.13818359375,3684.1383337933084,3580.1344286047893,3600.1351796025815,549800
2021-01-26 09:00:00+09:00,3696.138916015625,3724.1399684096828,3656.1374125955426,3688.138615331609,469000
2021-01-27 09:00:00+09:00,3764.14111328125,3804.14261289104,3680.1379641006906,3728.1397636324386,1156300
2021-01-28 09:00:00+09:00,4024.1513671875,4128.155279261929,3816.1435430386427,3864.145348611456,1908300
2021-01-29 09:00:00+09:00,3768.14111328125,3924.1469555508556,3760.1408136776804,3920.146805749071,1413800
2021-02-01 09:00:00+09:00,3840.144775390625,3860.1455294291177,3768.1420608520507,3804.1434181213376,429600
2021-02-02 09:00:00+09:00,3724.1396484375,3884.145648370368,3704.1388984458913,3872.1451983754027,734600
2021-02-03 09:00:00+09:00,3588.13427734375,3656.1368221763514,3572.133678559608,3616.1353252159975,821500
2021-02-04 09:00:00+09:00,3588.13427734375,3612.135175519962,3568.133528863573,3588.1342773437495,264100
2021-02-05 09:00:00+09:00,3544.1328125,3560.133412104966,3524.1320629937923,3532.132362796275,514600
2021-02-08 09:00:00+09:00,3588.13427734375,3588.1342773437495,3496.1308343349356,3520.131732511148,602600
2021-02-09 09:00:00+09:00,3584.134521484375,3584.134521484375,3520.132119315011,3540.1328699929372,510300
2021-02-10 09:00:00+09:00,3676.1376953125,3716.139193629285,3556.1332003621465,3588.134399015574,695000
2021-02-12 09:00:00+09:00,3652.1376953125,3784.142672251506,3624.1366395981654,3776.142370618839,784300
2021-02-15 09:00:00+09:00,3512.131591796875,3608.1351888391587,3500.1311421665896,3604.1350389623967,814400
2021-02-16 09:00:00+09:00,3512.131591796875,3592.1345893321113,3512.131591796875,3532.132341180684,527400
2021-02-17 09:00:00+09:00,3408.12841796875,3524.132789002898,3408.12841796875,3500.1318846510053,653000
2021-02-18 09:00:00+09:00,3368.126220703125,3484.1305679719976,3336.1250214565393,3476.130268160351,542800
2021-02-19 09:00:00+09:00,3300.123779296875,3408.1278302556816,3292.123479225852,3364.1261798650567,737000
2021-02-22 09:00:00+09:00,3272.12255859375,3288.123157902277,3216.1204610139057,3244.121509803828,603100
2021-02-24 09:00:00+09:00,3192.11962890625,3220.1206782826207,3152.1181297971493,3216.120528371711,822500
2021-02-25 09:00:00+09:00,3212.120361328125,3276.1227595613127,3204.1200615489765,3228.120960886422,513800
2021-02-26 09:00:00+09:00,3080.115234375,3172.118676440747,3064.1146357548705,3164.118377130682,853200
2021-03-01 09:00:00+09:00,3192.11962890625,3212.1203784608006,3152.1181297971493,3160.1184296189695,596700
2021-03-02 09:00:00+09:00,3160.118408203125,3200.119907041139,3156.1182583193236,3192.119607273536,685900
2021-03-03 09:00:00+09:00,3152.118408203125,3176.119309788428,3104.116605032519,3160.1187087315593,549700
2021-03-04 09:00:00+09:00,3184.119384765625,3188.1195347464864,3112.1166851101207,3120.1169850718434,429700
2021-03-05 09:00:00+09:00,3252.122314453125,3260.1226153496887,3172.1193054874884,3184.119756832334,513900
2021-03-08 09:00:00+09:00,3200.119873046875,3276.1227200317385,3188.1194235229495,3276.1227200317385,348900
2021-03-09 09:00:00+09:00,3272.12255859375,3292.1233077294087,3192.1195620511157,3256.121959285223,419300
2021-03-10 09:00:00+09:00,3248.12158203125,3276.122630152209,3224.1206836418564,3260.1220312259466,386800
2021-03-11 09:00:00+09:00,3204.120361328125,3256.12231475792,3176.1193094813125,3256.12231475792,376100
2021-03-12 09:00:00+09:00,3164.11865234375,3188.1195523615283,3148.118052331898,3172.118952349676,667500
2021-03-15 09:00:00+09:00,3168.11865234375,3168.11865234375,3100.1161055131392,3124.1170043945312,804400
2021-03-16 09:00:00+09:00,3252.122314453125,3264.1227657979707,3160.118854142643,3168.119155039207,517600
2021-03-17 09:00:00+09:00,3208.12060546875,3232.1215077540523,3168.1191016599128,3204.120455087866,542700
2021-03-18 09:00:00+09:00,3212.120361328125,3216.120511217699,3152.1181129845113,3184.119312101105,709400
2021-03-19 09:00:00+09:00,3288.122802734375,3288.122802734375,3236.120860598673,3268.122055759105,768200
2021-03-22 09:00:00+09:00,3288.122802734375,3340.1247448700765,3280.122503944267,3292.122952129429,489200
2021-03-23 09:00:00+09:00,3264.12255859375,3312.1243609260114,3248.12195781633,3288.123459759881,319900
2021-03-24 09:00:00+09:00,3280.122802734375,3300.1235515315357,3248.1216046589175,3280.122802734375,433400
2021-03-25 09:00:00+09:00,3328.125,3344.1256009615386,3288.1234975961543,3308.124248798077,495200
2021-03-26 09:00:00+09:00,3308.124267578125,3340.1254696828714,3296.1238167888455,3324.124868630498,321900
2021-03-29 09:00:00+09:00,3428.128662109375,3440.1291125018233,3336.1252091006054,3356.125959754686,709500
2021-03-30 09:00:00+09:00,3360.1259765625,3452.129425920759,3360.1259765625,3448.1292759486605,391600
2021-03-31 09:00:00+09:00,3360.1259765625,3372.1264264787947,3304.123876953125,3336.1250767299107,370400
2021-04-01 09:00:00+09:00,3360.1259765625,3384.1268763950893,3340.125226702009,3340.125226702009,215700
2021-04-02 09:00:00+09:00,3356.1259765625,3376.1267273167464,3296.1237242997618,3364.1262768641986,438600
2021-04-05 09:00:00+09:00,3332.125,3384.126950780312,3316.124399759904,3384.126950780312,239800
2021-04-06 09:00:00+09:00,3216.120361328125,3300.1235050941577,3212.1202116249806,3280.1227565784357,508900
2021-04-07 09:00:00+09:00,3276.123046875,3312.124399038462,3256.122295673077,3272.1228966346157,496900
2021-04-08 09:00:00+09:00,3240.12158203125,3284.1232331452547,3212.120531322338,3256.122182436343,445000
2021-04-09 09:00:00+09:00,3268.122802734375,3304.1241555184747,3240.121750568964,3240.121750568964,337600
2021-04-12 09:00:00+09:00,3288.122802734375,3312.123699104699,3228.120561808565,3280.122503944267,407100
2021-04-13 09:00:00+09:00,3260.1220703125,3352.1255152415647,3244.121471194402,3344.1252156825153,717200
2021-04-14 09:00:00+09:00,3316.124267578125,3332.1248671804324,3240.121419467167,3276.122768572358,552000
2021-04-15 09:00:00+09:00,3320.12451171875,3360.12601185994,3220.1207613657757,3260.1222615069655,681000
2021-04-16 09:00:00+09:00,3284.123046875,3348.1254448652558,3280.1228970006086,3312.1240959957368,482700
2021-04-19 09:00:00+09:00,3232.12109375,3280.1228921720294,3224.120794012995,3260.122142829517,383900
2021-04-20 09:00:00+09:00,3156.1181640625,3200.1198114702156,3152.118014298162,3176.118912884189,472600
2021-04-21 09:00:00+09:00,3080.115234375,3152.1179281655845,3072.1149350649353,3140.117479200487,508700
2021-04-22 09:00:00+09:00,3148.1181640625,3184.1195153668996,3084.1157617435674,3088.1159118885007,482900
2021-04-23 09:00:00+09:00,3116.11669921875,3144.117747863848,3096.1159501865372,3132.11729844452,557900
2021-04-26 09:00:00+09:00,3192.11962890625,3212.1203784608006,3112.1166306880486,3132.1173802425988,411000
2021-04-27 09:00:00+09:00,3116.11669921875,3176.1189463153883,3116.11669921875,3168.118646702503,465100
2021-04-28 09:00:00+09:00,3076.115478515625,3120.11713035395,3072.1153283485046,3092.1160791841066,737400
2021-04-30 09:00:00+09:00,2964.111572265625,3080.1159387915404,2960.1114216957662,3080.1159387915404,1172700
2021-05-06 09:00:00+09:00,3020.11328125,3064.114931705298,2996.1123810016556,3016.1131312086095,991900
2021-05-07 09:00:00+09:00,2972.111328125,3092.1158232040716,2972.111328125,3016.1129763206595,991000
2021-05-10 09:00:00+09:00,2960.111083984375,2992.112284892314,2928.109883076436,2952.1107837573904,664800
2021-05-11 09:00:00+09:00,2892.1083984375,2968.1112470824687,2884.108098580135,2960.1109472251037,615200
2021-05-12 09:00:00+09:00,2960.111083984375,2992.112284892314,2888.108381941512,2936.110183303421,1393700
2021-05-13 09:00:00+09:00,3000.112060546875,3048.113853515625,2940.1098193359376,2948.1101181640624,606600
2021-05-14 09:00:00+09:00,2800.1044921875,2820.105238560268,2700.100760323661,2792.104193638393,1894000
2021-05-17 09:00:00+09:00,2760.103515625,2840.1065160778985,2684.1006651947464,2772.1039656929347,1641700
2021-05-18 09:00:00+09:00,2696.10107421875,2716.1018240274943,2640.098974754266,2704.101374142248,1046300
2021-05-19 09:00:00+09:00,2724.102294921875,2728.1024451346825,2676.1004923681858,2688.100943006608,641000
2021-05-20 09:00:00+09:00,2680.1005859375,2700.101336578825,2664.0999854244405,2700.101336578825,644400
2021-05-21 09:00:00+09:00,2612.097900390625,2692.1008988711956,2612.097900390625,2684.1005990231383,1033400
2021-05-24 09:00:00+09:00,2696.10107421875,2740.102723797988,2632.098674830768,2648.0992746777633,1216300
2021-05-25 09:00:00+09:00,2680.1005859375,2712.1017869636194,2664.0999854244405,2688.10088619403,631300
2021-05-26 09:00:00+09:00,2584.09716796875,2640.099273776122,2564.096415894688,2628.098822531685,1849400
2021-05-27 09:00:00+09:00,2520.094970703125,2576.0970811631946,2516.094819955977,2564.0966289217513,2225500
2021-05-28 09:00:00+09:00,2540.094970703125,2596.0970645453986,2524.0943724624753,2540.094970703125,863500
2021-05-31 09:00:00+09:00,2468.092529296875,2532.0949287600033,2456.092079397539,2528.0947787935575,1025500
2021-06-01 09:00:00+09:00,2592.09716796875,2700.1012166341147,2568.0962682653358,2636.0988174250097,2975700
2021-06-02 09:00:00+09:00,2504.093994140625,2620.0983485017723,2496.0936938398563,2616.098198351388,1250900
2021-06-03 09:00:00+09:00,2468.092529296875,2512.094178927776,2440.0914795317567,2512.094178927776,1192000
2021-06-04 09:00:00+09:00,2528.0947265625,2528.0947265625,2424.090829583663,2476.0927780730813,1354500
2021-06-07 09:00:00+09:00,2584.09716796875,2604.0979200428114,2572.096716724313,2576.096867139125,1461100
2021-06-08 09:00:00+09:00,2672.100341796875,2700.1013932827705,2588.097187339189,2596.0974877637304,1458100
2021-06-09 09:00:00+09:00,2676.1005859375,2732.102690874907,2664.1001348794844,2700.1014880535313,1429600
2021-06-10 09:00:00+09:00,2672.100341796875,2740.102895405478,2648.0994405232505,2668.100191584604,1479500
2021-06-11 09:00:00+09:00,2644.09912109375,2700.1012204815147,2616.098071399868,2680.1004707001703,1209200
2021-06-14 09:00:00+09:00,2668.099853515625,2700.1010511589907,2636.098655872259,2664.099703810204,613900
2021-06-15 09:00:00+09:00,2640.098876953125,2676.100225275213,2616.097978071733,2672.1000754616475,752700
2021-06-16 09:00:00+09:00,2628.0986328125,2656.099683694825,2620.0983325604075,2640.0990831906392,624400
2021-06-17 09:00:00+09:00,2580.0966796875,2636.098778161337,2552.095630450581,2636.098778161337,1051500
2021-06-18 09:00:00+09:00,2564.0966796875,2596.0978862982643,2552.0962272084635,2596.0978862982643,822500
2021-06-21 09:00:00+09:00,2532.09521484375,2544.0956660989336,2504.094161914988,2536.0953652621447,505700
2021-06-22 09:00:00+09:00,2564.0966796875,2600.09803712461,2556.096378034809,2588.097584645573,791000
2021-06-23 09:00:00+09:00,2576.0966796875,2616.0981809248838,2572.0965295637616,2580.0968298112384,602000
2021-06-24 09:00:00+09:00,2548.095458984375,2564.0960584128484,2516.0942601274282,2540.095159270138,511800
2021-06-25 09:00:00+09:00,2568.09619140625,2580.0966408988024,2536.094992759443,2544.0952924211447,561100
2021-06-28 09:00:00+09:00,2564.0966796875,2568.0968305138454,2544.0959255557723,2552.0962272084635,588500
2021-06-29 09:00:00+09:00,2569.761474609375,2602.136422320989,2553.574000753568,2569.761474609375,719200
2021-06-30 09:00:00+09:00,2533.340087890625,2618.3243400403107,2529.29321874064,2589.996255990415,626700
2021-07-01 09:00:00+09:00,2545.48095703125,2549.5278265972775,2517.1528700690583,2541.4340874652225,462700
2021-07-02 09:00:00+09:00,2545.48095703125,2565.7153048613873,2517.1528700690583,2541.4340874652225,738500
2021-07-05 09:00:00+09:00,2545.48095703125,2557.6215657293324,2513.106000503031,2517.1528700690583,810600
2021-07-06 09:00:00+09:00,2549.52783203125,2577.8559190538194,2537.3872233072916,2565.715310329861,661500
2021-07-07 09:00:00+09:00,2573.808837890625,2610.2306610683227,2545.4807531968604,2565.7150994066924,1080400
2021-07-08 09:00:00+09:00,2634.51171875,2654.74606374808,2573.8086837557607,2585.9492907546087,1811700
2021-07-09 09:00:00+09:00,2614.277587890625,2634.5119345461253,2533.3402012686242,2581.902633241825,1527500
2021-07-12 09:00:00+09:00,2642.60546875,2679.027289911945,2614.277385624043,2650.699206785988,975900
2021-07-13 09:00:00+09:00,2577.85546875,2654.7459772370485,2577.85546875,2650.699108369309,636800
2021-07-14 09:00:00+09:00,2622.37109375,2638.5585696373455,2589.9961419753085,2598.0898799189813,625300
2021-07-15 09:00:00+09:00,2614.277587890625,2666.8868891949255,2594.0432412351247,2642.6056732083252,610800
2021-07-16 09:00:00+09:00,2614.277587890625,2646.652542539425,2585.9495025729248,2589.9963719040247,580000
2021-07-19 09:00:00+09:00,2549.52783203125,2598.090266927083,2541.4340928819443,2589.996527777778,645600
2021-07-20 09:00:00+09:00,2557.62109375,2565.7148313884495,2500.964930280855,2513.105536738529,613600
2021-07-21 09:00:00+09:00,2622.37109375,2654.7460455246915,2573.808666087963,2602.136748890818,796000
2021-07-26 09:00:00+09:00,2589.996337890625,2638.558769226074,2589.996337890625,2638.558769226074,774500
2021-07-27 09:00:00+09:00,2569.761474609375,2646.6519754244587,2545.480263825664,2646.6519754244587,930300
2021-07-28 09:00:00+09:00,2472.636962890625,2561.668081030713,2464.5432248778898,2549.52747401161,2053900
2021-07-29 09:00:00+09:00,2464.543212890625,2500.965033770782,2464.543212890625,2500.965033770782,1412600
2021-07-30 09:00:00+09:00,2549.52783203125,2577.8559190538194,2517.152875434028,2521.1997450086806,1667100
2021-08-02 09:00:00+09:00,2553.573974609375,2581.902053567007,2533.339632496781,2581.902053567007,546300
2021-08-03 09:00:00+09:00,2529.29345703125,2553.5746742187503,2500.9653703125,2537.3871960937504,633600
2021-08-04 09:00:00+09:00,2496.918212890625,2513.1056891492353,2468.5901294380574,2509.0588200845827,750600
2021-08-05 09:00:00+09:00,2545.48095703125,2553.574696163305,2492.8716526728936,2496.918522238921,706700
2021-08-06 09:00:00+09:00,2650.69921875,2670.933563931298,2545.480623807252,2573.8087070610686,1516100
2021-08-10 09:00:00+09:00,2638.558349609375,2679.027035953077,2610.2302691687837,2642.605218243745,1093300
2021-08-11 09:00:00+09:00,2658.79296875,2679.0273140220697,2622.371147260274,2666.886706858828,736900
2021-08-12 09:00:00+09:00,2666.886474609375,2691.1676868212967,2630.4646562914927,2650.6989998014274,1045800
2021-08-13 09:00:00+09:00,2666.886474609375,2687.1208181193097,2638.5583936954667,2658.7927372054014,564100
2021-08-16 09:00:00+09:00,2610.23046875,2650.6991581879843,2585.949255087209,2646.652289244186,611200
2021-08-17 09:00:00+09:00,2545.48095703125,2614.2777396537163,2537.387217899195,2614.2777396537163,1190900
2021-08-18 09:00:00+09:00,2666.886474609375,2687.1208181193097,2533.339807443807,2533.339807443807,1376600
2021-08-19 09:00:00+09:00,2642.60546875,2695.21476598392,2634.511730714012,2674.980420893951,722500
2021-08-20 09:00:00+09:00,2589.996337890625,2683.0743312835693,2585.949468612671,2642.6056385040283,708300
2021-08-23 09:00:00+09:00,2606.18359375,2634.5116762907605,2573.8086422748447,2585.949249078028,481600
2021-08-24 09:00:00+09:00,2610.23046875,2622.3710755813954,2561.6680414244183,2573.8086482558138,476500
2021-08-25 09:00:00+09:00,2642.60546875,2650.699206785988,2606.183647588055,2610.230516606049,481900
2021-08-26 09:00:00+09:00,2602.13671875,2646.652276924572,2589.9961119751165,2642.605407999611,582400
2021-08-27 09:00:00+09:00,2585.94873046875,2598.089334837148,2565.714389854754,2589.9955985915494,435900
2021-08-30 09:00:00+09:00,2610.23046875,2610.23046875,2549.5274345930234,2561.6680414244183,470000
2021-08-31 09:00:00+09:00,2577.85546875,2594.0429442209575,2549.527386675824,2577.85546875,719400
2021-09-01 09:00:00+09:00,2589.996337890625,2606.1838150024414,2565.7151222229004,2577.8557300567627,560900
2021-09-02 09:00:00+09:00,2585.94873046875,2634.5111479423417,2569.7612579775528,2614.276807328345,490300
2021-09-03 09:00:00+09:00,2606.18359375,2642.6054141595496,2577.855511209239,2594.0429869468167,648100
2021-09-06 09:00:00+09:00,2618.323974609375,2634.511448950082,2594.042763098314,2622.3708431945515,344900
2021-09-07 09:00:00+09:00,2634.51171875,2666.886670746928,2626.417980750768,2646.652325748848,365100
2021-09-08 09:00:00+09:00,2683.074462890625,2699.2619407964507,2634.5120291731473,2642.6057681260604,694900
2021-09-09 09:00:00+09:00,2634.51171875,2699.2616227438557,2630.464849750384,2679.027277745776,765500
2021-09-10 09:00:00+09:00,2646.652587890625,2666.886934892847,2610.2307632866255,2622.3713714879586,999300
2021-09-13 09:00:00+09:00,2565.71484375,2630.4647451695582,2549.5273683951104,2610.2304009759464,763200
2021-09-14 09:00:00+09:00,2472.636962890625,2549.52747401161,2472.636962890625,2529.2931289797716,1795000
2021-09-15 09:00:00+09:00,2428.121337890625,2533.3399291992187,2426.5025903320316,2480.730633544922,2155900
2021-09-16 09:00:00+09:00,2348.802734375,2411.933889881978,2325.3308945070207,2402.221404419366,1867700
2021-09-17 09:00:00+09:00,2339.899658203125,2352.0402652155935,2315.618444178188,2330.9965463939816,1616400
2021-09-21 09:00:00+09:00,2323.711669921875,2335.8522742579353,2295.3835931377353,2306.714823851391,864500
2021-09-22 09:00:00+09:00,2335.043212890625,2366.6087883855066,2312.380748432761,2330.996344237435,1062400
2021-09-24 09:00:00+09:00,2312.380859375,2381.1776297799265,2310.7621118360607,2380.3682560104567,1259700
2021-09-27 09:00:00+09:00,2251.677978515625,2315.6185106158173,2251.677978515625,2305.9060247271805,1174800
2021-09-28 09:00:00+09:00,2199.878173828125,2239.537493371016,2187.737565804791,2239.537493371016,1280800
2021-09-29 09:00:00+09:00,2113.27490234375,2169.1216921797204,2108.418659749318,2168.3123184139818,2462100
2021-09-30 09:00:00+09:00,2104.37158203125,2169.9308505483773,2104.37158203125,2123.796550480769,1833500
2021-10-01 09:00:00+09:00,2097.08740234375,2121.368615030092,2070.3780683887735,2094.659281075116,1543300
2021-10-04 09:00:00+09:00,2104.37158203125,2167.5027294921874,2097.08721886268,2136.7465294471153,1408100
2021-10-05 09:00:00+09:00,2112.465576171875,2134.3186683391705,2073.6156345411277,2097.087474276371,2059400
2021-10-06 09:00:00+09:00,2188.546630859375,2211.2090959718244,2127.843599308172,2138.3654581103806,1879000
2021-10-07 09:00:00+09:00,2169.121826171875,2224.1592456419075,2164.2655832774603,2199.068657354099,1177600
2021-10-08 09:00:00+09:00,2158.599853515625,2194.2122995428795,2156.171732195585,2181.2623191693324,935300
2021-10-11 09:00:00+09:00,2156.171875,2165.0749870964714,2128.6531648836335,2139.984398460961,845200
2021-10-12 09:00:00+09:00,2136.7470703125,2173.1688953746448,2127.843957519531,2144.840809215199,1422800
2021-10-13 09:00:00+09:00,2089.80322265625,2165.884362443116,2064.7126340031346,2136.746904652401,1435200
2021-10-14 09:00:00+09:00,2111.656005859375,2139.1747119533647,2096.2779053950867,2103.5622687729074,1273900
2021-10-15 09:00:00+09:00,2119.75,2131.8906071019474,2097.8969072164946,2121.368747613593,1234000
2021-10-18 09:00:00+09:00,2093.849853515625,2138.3654089633865,2085.7561161614863,2127.034176667593,754000
2021-10-19 09:00:00+09:00,2104.37158203125,2122.1778031099757,2088.9934820087137,2089.8028556941103,1923200
2021-10-20 09:00:00+09:00,2128.6533203125,2151.3157891219107,2118.131459793845,2128.6533203125,1578800
2021-10-21 09:00:00+09:00,2058.237548828125,2094.65936939331,2038.003204069689,2088.993752860948,1744400
2021-10-22 09:00:00+09:00,2008.056396484375,2047.7157126583913,2003.2001536875566,2038.0032270647546,1592700
2021-10-25 09:00:00+09:00,1991.0594482421875,2019.387529822869,1978.9188418504668,2006.4375496717003,919900
2021-10-26 09:00:00+09:00,2060.66552734375,2069.5686384202545,2021.8155881008197,2034.7655678484632,1451100
2021-10-27 09:00:00+09:00,2064.712646484375,2073.615758640913,2046.9064221712995,2063.09389881955,1011300
2021-10-28 09:00:00+09:00,2124.6064453125,2138.365801339286,2017.7690926339287,2029.9097008928572,1829700
2021-10-29 09:00:00+09:00,2134.318603515625,2139.1748460719746,2100.3249056211785,2116.51238080901,1203300
2021-11-01 09:00:00+09:00,2119.75,2152.1249522718595,2101.943776250477,2149.69683085147,1017500
2021-11-02 09:00:00+09:00,2088.184326171875,2105.1811753383904,2067.9499819260236,2105.1811753383904,1286900
2021-11-04 09:00:00+09:00,2077.66259765625,2114.084419586336,2055.00013067753,2111.6562981243305,1295500
2021-11-05 09:00:00+09:00,1863.1787109375,1952.2098396095787,1838.0881201299142,1949.781717918522,4128300
2021-11-08 09:00:00+09:00,1947.3533935546875,1957.0658793080775,1845.372293144093,1856.703526523048,2494900
2021-11-09 09:00:00+09:00,1942.4974365234375,1982.9661331176758,1940.0693147277832,1947.3536801147459,1678300
2021-11-10 09:00:00+09:00,1986.2030029296875,2029.0998078014372,1931.1655929055562,1936.8312086433343,1557900
2021-11-11 09:00:00+09:00,2004.81884765625,2016.9594543235264,1953.8282996536889,1968.3970276544208,1372600
2021-11-12 09:00:00+09:00,2004.0096435546875,2041.2408404866405,1970.0159420081218,1995.1065312448727,1878000
2021-11-15 09:00:00+09:00,2010.4847412109375,2046.0971923434984,2004.0097500959264,2016.1503584365723,846400
2021-11-16 09:00:00+09:00,1991.868896484375,2025.0532218626192,1985.3939061666688,2014.5313625963468,1021900
2021-11-17 09:00:00+09:00,1953.828369140625,1989.4408166311748,1939.2596406217635,1978.9189571453305,1109900
2021-11-18 09:00:00+09:00,1957.06591796875,1972.4440207154028,1922.2628433315888,1936.022198420699,1263800
2021-11-19 09:00:00+09:00,1948.9722900390625,1976.4910017754944,1944.116046791457,1953.0191594120672,922500
2021-11-22 09:00:00+09:00,1916.5970458984375,1931.1657734432736,1897.172075838656,1927.118904680819,1386900
2021-11-24 09:00:00+09:00,1924.69091796875,1930.3565346322407,1875.3191156154724,1886.6503489424542,1608500
2021-11-25 09:00:00+09:00,1874.510009765625,1934.403680198551,1874.510009765625,1924.6911931013196,1593300
2021-11-26 09:00:00+09:00,1859.131591796875,1868.0347034685187,1839.7066208769252,1857.5128442202126,2383900
2021-11-29 09:00:00+09:00,1871.272216796875,1901.2190472559946,1843.7535077263328,1848.6097505034872,1701000
2021-11-30 09:00:00+09:00,1862.3690185546875,1897.1720901747883,1835.6596845206568,1876.1283724510065,11028900
2021-12-01 09:00:00+09:00,1753.9129638671875,1857.5128066798318,1743.3911048315283,1846.9909476441726,2522700
2021-12-02 09:00:00+09:00,1736.106689453125,1826.756549228766,1733.6785682091345,1812.1878217648236,2401600
2021-12-03 09:00:00+09:00,1740.962890625,1740.962890625,1689.9723457112973,1730.441032150744,2076700
2021-12-06 09:00:00+09:00,1774.9569091796875,1781.4319001844472,1733.6788415243461,1737.7257109023208,1435200
2021-12-07 09:00:00+09:00,1780.622314453125,1791.1441735839844,1736.106756591797,1762.006717529297,1640500
2021-12-08 09:00:00+09:00,1776.575439453125,1805.7128954077093,1772.528570570544,1780.6223083357063,1095900
2021-12-09 09:00:00+09:00,1779.0035400390625,1796.0003891477159,1768.4816810670388,1773.3379236695114,859100
2021-12-10 09:00:00+09:00,1838.8975830078125,1871.2725404551334,1808.141373432858,1808.141373432858,2671200
2021-12-13 09:00:00+09:00,1858.322265625,1889.8878441787347,1846.181658488948,1847.8004061070883,2256300
2021-12-14 09:00:00+09:00,1880.98486328125,1909.3129485716304,1861.5598905107036,1867.2255075687797,1578800
2021-12-15 09:00:00+09:00,1882.6033935546875,1902.028364081477,1841.3253311852598,1861.559675483999,1454700
2021-12-16 09:00:00+09:00,1935.212890625,1941.6878814761083,1892.3160762364073,1912.5504226461208,1165300
2021-12-17 09:00:00+09:00,1892.316162109375,1917.4067527960262,1867.2255714227238,1877.7474320332549,1745700
2021-12-20 09:00:00+09:00,1897.9815673828125,1905.2659316073093,1878.5565961174873,1883.4128389338186,877100
2021-12-21 09:00:00+09:00,1914.978515625,1936.022235576923,1885.8410572300295,1897.9816648946005,958100
2021-12-22 09:00:00+09:00,1915.78759765625,1943.3063041709574,1906.0751130040003,1938.4500618448326,1051700
2021-12-23 09:00:00+09:00,1861.559814453125,1907.6941228982676,1851.8473284646739,1906.0753752335256,700600
2021-12-24 09:00:00+09:00,1812.997314453125,1842.9441450936454,1803.2848288399832,1842.1347712925503,1107600
2021-12-27 09:00:00+09:00,1772.528564453125,1806.5222629494863,1762.8160791684502,1800.856646533426,875400
2021-12-28 09:00:00+09:00,1813.8067626953125,1813.8067626953125,1760.388089630658,1780.6224354884816,1968200
2021-12-29 09:00:00+09:00,1831.911865234375,1849.1940526422463,1801.4622969443158,1808.0459873854095,713900
2021-12-30 09:00:00+09:00,1808.8690185546875,1823.6823226192846,1798.1705211747008,1809.6919798916097,843300
2022-01-04 09:00:00+09:00,1891.9879150390625,1895.2797600413055,1824.5050924930847,1836.8495112514954,1266000
2022-01-05 09:00:00+09:00,1946.30322265625,1964.4083689135175,1884.5811331428383,1893.633706271472,1510500
2022-01-06 09:00:00+09:00,1951.240966796875,1972.6379575757526,1924.0832477313766,1934.7817431208155,1322400
2022-01-07 09:00:00+09:00,1956.1788330078125,1984.1595146747313,1936.42776359587,1966.054367713784,1351300
2022-01-11 09:00:00+09:00,1936.4281005859375,1961.1169416473815,1907.6244526809191,1956.1791734350927,1656400
2022-01-12 09:00:00+09:00,1954.5330810546875,1960.2938101356906,1913.385016190378,1929.0212808388158,1370300
2022-01-13 09:00:00+09:00,1919.9686279296875,1933.1360081469509,1823.6821600909507,1831.0888114631612,2210600
2022-01-14 09:00:00+09:00,1968.5235595703125,1979.222057176673,1926.5525304992063,1933.1362213338898,1437500
2022-01-17 09:00:00+09:00,1924.0836181640625,1990.743486885743,1917.4999274261188,1975.1072213831267,1201800
2022-01-18 09:00:00+09:00,1866.476318359375,1958.6479884018133,1854.9548596040704,1953.7102203638256,1110300
2022-01-19 09:00:00+09:00,1822.0362548828125,1872.236892438301,1812.1607196259952,1849.1939768390605,907000
2022-01-20 09:00:00+09:00,1878.8206787109375,1915.853937818249,1850.0170327385842,1851.6629553655757,738200
2022-01-21 09:00:00+09:00,1935.60498046875,1938.8968256736289,1860.7155020577568,1869.7680763711735,1001800
2022-01-24 09:00:00+09:00,1974.2841796875,1977.5760249224938,1923.260578545097,1935.6049981763235,997700
2022-01-25 09:00:00+09:00,1974.2841796875,1974.2841796875,1927.375385088839,1960.2938374387766,1014800
2022-01-26 09:00:00+09:00,1920.7916259765625,1984.9826057649825,1907.624245507143,1975.9300316922565,1221100
2022-01-27 09:00:00+09:00,1873.06005859375,1923.260701640419,1862.3615608952794,1909.2703584962653,1293600
2022-01-28 09:00:00+09:00,1865.6531982421875,1883.75834617396,1840.964360153407,1873.0598496688217,1432400
2022-01-31 09:00:00+09:00,1840.1414794921875,1868.9451251908577,1822.036330767309,1859.8925508284185,1032400
2022-02-01 09:00:00+09:00,1847.5479736328125,1875.5286556388328,1825.3280202750905,1855.7775859875244,997400
2022-02-02 09:00:00+09:00,1947.9493408203125,1952.8871084776515,1855.777677883314,1865.6532131979925,1261300
2022-02-03 09:00:00+09:00,1879.643310546875,1943.8342817476876,1854.131514300398,1919.968407839693,1067600
2022-02-04 09:00:00+09:00,1901.040771484375,1920.791844434862,1880.4667371609512,1888.6963508903207,759500
2022-02-07 09:00:00+09:00,1811.3377685546875,1877.1746706375475,1805.5770396224373,1876.3517093615117,1097800
2022-02-08 09:00:00+09:00,1771.0128173828125,1817.0986527793914,1766.0750493046078,1811.337923354819,1140800
2022-02-09 09:00:00+09:00,1851.6630859375,1854.1319700520835,1787.4720989583334,1798.9935581597224,779500
2022-02-10 09:00:00+09:00,1872.2369384765625,1899.3946611006181,1847.548099727421,1873.0598997682005,1015800
2022-02-14 09:00:00+09:00,1822.0362548828125,1864.830240995688,1803.9311069119806,1848.371015567659,1141700
2022-02-15 09:00:00+09:00,1881.28955078125,1886.2273186310695,1813.8067235003828,1837.6726014411772,1343800
2022-02-16 09:00:00+09:00,1843.4332275390625,1885.4042519160678,1789.1177842276436,1804.7540482112338,2247300
2022-02-17 09:00:00+09:00,1877.1746826171875,1905.1553661809683,1841.7873475218173,1859.0695344288586,1337400
2022-02-18 09:00:00+09:00,1895.27978515625,1916.6767779543666,1861.538373436143,1874.7057536195994,903700
2022-02-21 09:00:00+09:00,1901.86376953125,1907.6244992528937,1829.4431673162997,1854.1320089804874,772500
2022-02-22 09:00:00+09:00,1760.314208984375,1858.246603032594,1760.314208984375,1850.0169900873657,1513400
2022-02-24 09:00:00+09:00,1692.8314208984375,1766.0749777579226,1688.716614333298,1747.1468675582805,1247600
2022-02-25 09:00:00+09:00,1733.156494140625,1736.4483393336748,1690.36250663098,1710.93653908754,955900
2022-02-28 09:00:00+09:00,1743.0318603515625,1758.668123499192,1715.0511789294883,1733.1563257320067,666100
2022-03-01 09:00:00+09:00,1723.2808837890625,1744.6778766154787,1713.405348638409,1735.6253027273797,931800
2022-03-02 09:00:00+09:00,1710.113525390625,1717.5201768480435,1665.673616646114,1690.362454837509,964100
2022-03-03 09:00:00+09:00,1757.84521484375,1772.6585172160287,1725.7497263704793,1751.261524900515,1038100
2022-03-04 09:00:00+09:00,1689.53955078125,1767.7208743683025,1670.611440860174,1767.7208743683025,1073300
2022-03-07 09:00:00+09:00,1706.82177734375,1721.6350811008317,1651.6833689146124,1668.1425953113699,952900
2022-03-08 09:00:00+09:00,1652.506103515625,1715.8741164492421,1649.2142586879047,1656.6209095502754,1120500
2022-03-09 09:00:00+09:00,1694.4771728515625,1705.9986300734768,1663.204646106366,1672.2572196378703,1153600
2022-03-10 09:00:00+09:00,1724.9268798828125,1743.854989728855,1709.2906152273863,1714.2283830133103,711900
2022-03-11 09:00:00+09:00,1704.352783203125,1718.3431247359367,1682.9557902705894,1683.7787515372254,762500
2022-03-14 09:00:00+09:00,1636.8699951171875,1687.893594763877,1603.1285824476024,1682.9558270561329,1317600
2022-03-15 09:00:00+09:00,1625.3486328125,1661.5589314675633,1614.650135482595,1640.984898140823,887500
2022-03-16 09:00:00+09:00,1578.4398193359375,1652.50633849143,1578.4398193359375,1640.9848799561312,1478300
2022-03-17 09:00:00+09:00,1701.06103515625,1705.9988030376905,1580.085722060958,1604.7745614681605,1467500
2022-03-18 09:00:00+09:00,1693.6541748046875,1734.8022354170464,1672.257183286261,1705.175631776148,773900
2022-03-22 09:00:00+09:00,1728.218505859375,1750.438458077567,1702.7067088681176,1709.2903984142486,761600
2022-03-23 09:00:00+09:00,1787.4718017578125,1790.763646696593,1751.261507431227,1752.9074299006172,887900
2022-03-24 09:00:00+09:00,1749.61572265625,1798.9934006239712,1731.5105740680856,1773.4816003406486,682900
2022-03-25 09:00:00+09:00,1747.146728515625,1768.5437209515205,1737.2711935452116,1747.146728515625,519900
2022-03-28 09:00:00+09:00,1743.85498046875,1745.5009030553178,1696.9461867515631,1731.5105610694902,679700
2022-03-29 09:00:00+09:00,1760.314208984375,1788.294892998152,1746.3238669774867,1752.0845960391466,485200
2022-03-30 09:00:00+09:00,1750.4385986328125,1786.6488940441166,1741.3860247799864,1782.5340877473775,503000
2022-03-31 09:00:00+09:00,1771.8355712890625,1786.648873789389,1738.0941600383185,1750.4385787885906,722000
2022-04-01 09:00:00+09:00,1762.782958984375,1771.0125713045634,1724.103781079489,1754.5533466641864,829900
2022-04-04 09:00:00+09:00,1757.84521484375,1794.878470774447,1749.6156024147062,1771.01259473022,530000
2022-04-05 09:00:00+09:00,1788.2947998046875,1789.9407223079593,1744.677853467988,1783.3570322948724,453100
2022-04-06 09:00:00+09:00,1803.1082763671875,1815.4526963331884,1751.2617125099841,1752.9076351721176,1077200
2022-04-07 09:00:00+09:00,1803.9310302734375,1813.8065651107008,1781.711076889595,1788.2947667811038,719600
2022-04-08 09:00:00+09:00,1798.17041015625,1829.4429390285327,1773.4815715728691,1826.9740551701946,745700
2022-04-11 09:00:00+09:00,1757.0223388671875,1801.4622481406434,1738.9171906446686,1782.5341386352827,472600
2022-04-12 09:00:00+09:00,1756.1993408203125,1793.232597772943,1744.6778831017161,1751.2615732266283,580600
2022-04-13 09:00:00+09:00,1766.897705078125,1768.5436274862088,1731.51037330432,1738.0940629366557,377100
2022-04-14 09:00:00+09:00,1769.3665771484375,1772.6584219431322,1741.385896393532,1762.782887559048,404000
2022-04-15 09:00:00+09:00,1705.1756591796875,1748.7926041297471,1695.3001244740135,1733.1563408457635,620100
2022-04-18 09:00:00+09:00,1689.53955078125,1710.936544605075,1676.3721699665884,1693.6543572858316,418800
2022-04-19 09:00:00+09:00,1695.30029296875,1716.697286957676,1689.5395638178854,1695.30029296875,423700
2022-04-20 09:00:00+09:00,1714.228271484375,1738.9171088077217,1692.0083178933628,1706.821620287371,446600
2022-04-21 09:00:00+09:00,1730.6875,1755.3763373751783,1705.9986626248217,1709.2905076081788,390300
2022-04-22 09:00:00+09:00,1695.30029296875,1703.5299060414138,1680.4869894379551,1693.6543703542172,347400
2022-04-25 09:00:00+09:00,1654.1522216796875,1673.0803316790075,1640.1618795062773,1657.4440668969605,612300
2022-04-26 09:00:00+09:00,1692.8314208984375,1701.0610340287167,1673.9033106987954,1679.6640398899908,465200
2022-04-27 09:00:00+09:00,1748.7926025390625,1750.438524988511,1661.5587127182905,1666.496480066636,1084900
2022-04-28 09:00:00+09:00,1824.5052490234375,1825.328210344603,1754.5535367243883,1761.1372272937106,901600
2022-05-02 09:00:00+09:00,1803.9310302734375,1838.4954022038592,1800.639185327683,1831.9117123123503,586800
2022-05-06 09:00:00+09:00,1807.2230224609375,1810.5148676748918,1761.9601507690652,1776.7734542318597,936800
2022-05-09 09:00:00+09:00,1718.3431396484375,1805.5770346689042,1715.0512945533255,1803.1081508475702,1012900
2022-05-10 09:00:00+09:00,1747.9697265625,1760.314145535399,1692.8313218168844,1711.7594309086628,560300
2022-05-11 09:00:00+09:00,1705.998779296875,1738.9172313817157,1682.1329015353654,1723.2809666414164,682700
2022-05-12 09:00:00+09:00,1666.49658203125,1709.2905683352624,1626.1714795524692,1677.1950786072532,1320700
2022-05-13 09:00:00+09:00,1655.798095703125,1700.2380048323341,1633.5781411385206,1633.5781411385206,1678600
2022-05-16 09:00:00+09:00,1611.358154296875,1683.778745501229,1580.9085875404987,1659.9128688543394,1548100
2022-05-17 09:00:00+09:00,1671.434326171875,1695.3002028134233,1619.5877665712703,1619.5877665712703,689300
2022-05-18 09:00:00+09:00,1674.726318359375,1698.5921970976658,1646.7456329420686,1663.2048596581312,522200
2022-05-19 09:00:00+09:00,1687.0706787109375,1692.8314078577553,1625.3485807093177,1631.9322711628238,710100
2022-05-20 09:00:00+09:00,1675.5491943359375,1715.8742977359675,1667.3195813971558,1696.9461879767698,516000
2022-05-23 09:00:00+09:00,1683.77880859375,1721.635028141801,1668.9655052923388,1710.936531313004,594800
2022-05-24 09:00:00+09:00,1630.286376953125,1685.424785461888,1626.1715703479936,1684.6018241408617,805100
2022-05-25 09:00:00+09:00,1549.6361083984375,1598.1908244873955,1528.2391148677102,1598.1908244873955,1850600
2022-05-26 09:00:00+09:00,1500.25830078125,1563.6263145827618,1498.612378344847,1547.1670902187327,1181600
2022-05-27 09:00:00+09:00,1514.248779296875,1525.7702374002208,1495.3206695556642,1515.8947018830672,808400
2022-05-30 09:00:00+09:00,1547.167236328125,1569.3871913179437,1533.9998555934176,1539.760584664852,1299700
2022-05-31 09:00:00+09:00,1517.54052734375,1538.1145583543757,1505.1961087373747,1528.2390234692755,1256500
2022-06-01 09:00:00+09:00,1588.3153076171875,1589.138268916471,1502.7273324917016,1505.1962163895523,1510900
2022-06-02 09:00:00+09:00,1563.62646484375,1580.9086520867597,1544.6983550061677,1565.2723874383223,1540100
2022-06-03 09:00:00+09:00,1551.281982421875,1580.0856266578248,1549.6360598941064,1578.4397041300563,1105600
2022-06-06 09:00:00+09:00,1505.1961669921875,1539.7605404277654,1505.1961669921875,1537.2916566109384,1789300
2022-06-07 09:00:00+09:00,1513.4259033203125,1520.8325553757138,1496.1437151910432,1514.2488646598017,1175500
2022-06-08 09:00:00+09:00,1529.8851318359375,1558.6887787505464,1522.478479772181,1529.0621704955201,1080600
2022-06-09 09:00:00+09:00,1538.11474609375,1558.6887796156032,1526.5932873215122,1528.2392100032605,1085500
2022-06-10 09:00:00+09:00,1525.770263671875,1529.0621089009405,1503.5503083756826,1514.2488053701456,1047400
2022-06-13 09:00:00+09:00,1517.54052734375,1522.4782947863002,1493.6746513714243,1512.6027599012,908900
2022-06-14 09:00:00+09:00,1464.8712158203125,1509.3111291092434,1457.4645636054909,1497.7896701084096,1518700
2022-06-15 09:00:00+09:00,1399.8570556640625,1436.0673498728918,1399.8570556640625,1431.9525437127975,1950300
2022-06-16 09:00:00+09:00,1367.76171875,1426.1919726797532,1367.76171875,1399.0342490222622,1743600
2022-06-17 09:00:00+09:00,1413.8475341796875,1414.6704954917827,1334.8432482185408,1341.4269387153029,1770700
2022-06-20 09:00:00+09:00,1378.460205078125,1418.7853095848882,1367.7617079640859,1417.139386951959,1188300
2022-06-21 09:00:00+09:00,1424.5458984375,1438.5362394389083,1414.6703636129766,1422.899975966746,1017200
2022-06-22 09:00:00+09:00,1437.7135009765625,1448.41199869419,1407.2639305494686,1440.1823850652456,796500
2022-06-23 09:00:00+09:00,1480.50732421875,1487.9139756461923,1465.6940213638652,1470.63178898216,777100
2022-06-24 09:00:00+09:00,1514.248779296875,1514.248779296875,1490.3829017970875,1505.1962050728177,796700
2022-06-27 09:00:00+09:00,1516.7176513671875,1521.6554190873194,1498.6125030600372,1519.1865352272534,550600
2022-06-28 09:00:00+09:00,1537.291748046875,1538.9376706893236,1495.3207206644388,1510.9569857676995,901900
2022-06-29 09:00:00+09:00,1562.4930419921875,1562.4930419921875,1524.6907909762474,1537.2915413148942,1023300
2022-06-30 09:00:00+09:00,1563.3331298828125,1578.4540306554566,1549.0522791530932,1574.2537804408332,912500
2022-07-01 09:00:00+09:00,1563.3331298828125,1568.3734301403606,1539.8117286809218,1566.6933300545113,862400
2022-07-04 09:00:00+09:00,1590.2147216796875,1595.2550219068814,1563.3331204679864,1590.2147216796875,768300
2022-07-05 09:00:00+09:00,1613.7362060546875,1615.4163062171597,1575.9339523990598,1604.4956551610896,975800
2022-07-06 09:00:00+09:00,1673.3798828125,1673.3798828125,1627.177125003922,1633.057475997741,1452600
2022-07-07 09:00:00+09:00,1625.496826171875,1663.299077943314,1620.4565259356832,1663.299077943314,1154400
2022-07-08 09:00:00+09:00,1623.8167724609375,1643.9779739814044,1598.6152705603538,1625.496872587643,937300
2022-07-11 09:00:00+09:00,1654.8984375,1656.5785374365482,1618.7762888642133,1627.1767885469544,706000
2022-07-12 09:00:00+09:00,1636.41748046875,1654.0585313362262,1622.9766798078158,1640.617730675292,489500
2022-07-13 09:00:00+09:00,1622.9766845703125,1638.9376354020083,1614.576184132578,1638.9376354020083,494000
2022-07-14 09:00:00+09:00,1617.9365234375,1637.257676105757,1601.975571233288,1637.257676105757,536500
2022-07-15 09:00:00+09:00,1629.697265625,1652.3786193218427,1626.3370650773197,1632.2174160357604,655600
2022-07-19 09:00:00+09:00,1610.3758544921875,1624.6567045320244,1581.814154412514,1624.6567045320244,701800
2022-07-20 09:00:00+09:00,1643.97802734375,1651.5384781593318,1612.056123900182,1614.5762741720428,655100
2022-07-21 09:00:00+09:00,1657.4188232421875,1662.4591237690265,1617.0964190274765,1617.0964190274765,739100
2022-07-22 09:00:00+09:00,1661.6192626953125,1669.1797143455947,1635.577707011008,1640.6180081111959,590400
2022-07-25 09:00:00+09:00,1628.01708984375,1676.7399955253481,1625.4969395498742,1671.6996949375966,642900
2022-07-26 09:00:00+09:00,1638.9376220703125,1643.9779222919537,1617.0963211098676,1643.9779222919537,563900
2022-07-27 09:00:00+09:00,1628.85693359375,1662.4589332553023,1628.85693359375,1654.898483331453,635800
2022-07-28 09:00:00+09:00,1628.85693359375,1628.85693359375,1595.2549339321977,1617.9362837037454,2499900
2022-07-29 09:00:00+09:00,1625.496826171875,1654.0585275102956,1618.7764258569525,1634.7373766048934,673200
2022-08-01 09:00:00+09:00,1594.4149169921875,1633.0572174040108,1591.8947669653294,1633.0572174040108,830000
2022-08-02 09:00:00+09:00,1586.8546142578125,1602.8155659099557,1566.6934121708948,1591.8949147795418,717500
2022-08-03 09:00:00+09:00,1594.4149169921875,1628.8569673592474,1587.694516920566,1628.8569673592474,593800
2022-08-04 09:00:00+09:00,1612.8961181640625,1627.1769692103069,1592.7349166870117,1626.3369191487632,528900
2022-08-05 09:00:00+09:00,1612.8961181640625,1633.8973697026572,1610.3759679794312,1612.8961181640625,561000
2022-08-08 09:00:00+09:00,1603.6556396484375,1628.8571426287692,1596.9352388536824,1627.1770424300805,455100
2022-08-09 09:00:00+09:00,1602.8154296875,1643.1378304343552,1602.8154296875,1617.9363299675706,787800
2022-08-10 09:00:00+09:00,1718.742431640625,1737.2235330561157,1600.2953725686173,1620.4565741127888,2226800
2022-08-12 09:00:00+09:00,1670.01953125,1712.8620846170775,1660.7789805237676,1701.1013836927816,1138300
2022-08-15 09:00:00+09:00,1750.6644287109375,1755.7047293694143,1662.4591671875937,1663.29921729734,1233500
2022-08-16 09:00:00+09:00,1738.0635986328125,1775.8658518655222,1731.3431980581086,1769.9855013626564,592700
2022-08-17 09:00:00+09:00,1775.8658447265625,1780.9061451373286,1721.2625902765974,1759.0648433573424,813500
2022-08-18 09:00:00+09:00,1776.7060546875,1785.1065561281027,1754.8647509419325,1769.9856535350177,596200
2022-08-19 09:00:00+09:00,1791.82666015625,1809.4677102562412,1775.0256600610203,1779.2259100848278,763200
2022-08-22 09:00:00+09:00,1742.2640380859375,1780.0662954214567,1738.0637872708796,1775.866044606399,475500
2022-08-23 09:00:00+09:00,1757.3846435546875,1763.264993700425,1718.7423425969841,1723.782642721902,400200
2022-08-24 09:00:00+09:00,1782.5863037109375,1799.3873056309276,1743.9439992949606,1764.1052015989485,842100
2022-08-25 09:00:00+09:00,1769.1455078125,1790.14676027941,1764.9452573191181,1780.0661590952932,435700
2022-08-26 09:00:00+09:00,1777.5460205078125,1789.306721966749,1754.0246175899397,1778.3860706120222,553500
2022-08-29 09:00:00+09:00,1756.544677734375,1762.4250281619888,1737.223526329358,1755.7046276732874,476400
2022-08-30 09:00:00+09:00,1754.024658203125,1770.825660676335,1738.903755977236,1748.1443073375015,370300
2022-08-31 09:00:00+09:00,1749.8243408203125,1759.9049419196135,1739.7437397210117,1755.7046914615714,494100
2022-09-01 09:00:00+09:00,1740.583740234375,1754.8645913849466,1721.2625886777194,1725.4628390161226,452300
2022-09-02 09:00:00+09:00,1732.18310546875,1742.263705500576,1721.262455434272,1737.223405484663,689500
2022-09-05 09:00:00+09:00,1728.822998046875,1736.3834484756514,1707.8217468558294,1729.6630480945169,390400
2022-09-06 09:00:00+09:00,1692.700927734375,1736.3835323210685,1689.3407273815526,1733.023331968246,439800
2022-09-07 09:00:00+09:00,1666.6593017578125,1710.3419044248521,1659.9389013474988,1710.3419044248521,597200
2022-09-08 09:00:00+09:00,1745.6241455078125,1750.6644462166896,1687.6606873557243,1690.180837710163,560000
2022-09-09 09:00:00+09:00,1812.8280029296875,1817.8683032158683,1748.984199304731,1751.5043494478214,921000
2022-09-12 09:00:00+09:00,1848.9501953125,1851.4703455105634,1811.9879924075703,1820.3884930677816,744200
2022-09-13 09:00:00+09:00,1826.2689208984375,1835.509472016139,1797.7072174437242,1806.9477685614256,455100
2022-09-14 09:00:00+09:00,1793.5069580078125,1801.0674088846606,1772.5057055721238,1772.5057055721238,500900
2022-09-15 09:00:00+09:00,1770.8258056640625,1800.2275623994715,1759.9051531623393,1793.5071608599494,516500
2022-09-16 09:00:00+09:00,1769.1455078125,1782.5863093913224,1741.4238545561789,1749.8243555429428,640000
2022-09-20 09:00:00+09:00,1779.2259521484375,1783.4262022715452,1748.1441012374403,1751.5043013359264,533400
2022-09-21 09:00:00+09:00,1755.7047119140625,1790.1467660712283,1743.9440104945425,1780.0661648544967,409600
2022-09-22 09:00:00+09:00,1754.024658203125,1768.3055103053534,1737.223655729915,1755.704758450446,531600
2022-09-26 09:00:00+09:00,1736.383544921875,1738.9036952047804,1705.3016914327075,1719.5825430358384,439200
2022-09-27 09:00:00+09:00,1763.2650146484375,1774.1856650488328,1749.8242141556432,1749.8242141556432,388000
2022-09-28 09:00:00+09:00,1746.464111328125,1759.0648624921087,1721.262609000158,1750.6643617161194,512800
2022-09-29 09:00:00+09:00,1781.746337890625,1803.5876414196946,1759.9050343615556,1774.185886669024,664000
2022-09-30 09:00:00+09:00,1775.8658447265625,1780.0660950688675,1744.7839921935054,1754.0245429465765,530100
2022-10-03 09:00:00+09:00,1779.2259521484375,1783.4262022715452,1732.1831507696309,1764.1050517052497,925200
2022-10-04 09:00:00+09:00,1837.1895751953125,1839.7097255042222,1777.5460178844448,1787.6266191200846,1775500
2022-10-05 09:00:00+09:00,1797.70703125,1845.5898820823597,1786.7863810601634,1837.1893819363318,792100
2022-10-06 09:00:00+09:00,1780.9061279296875,1803.5874795589805,1770.8255272055571,1797.7071291365712,777600
2022-10-07 09:00:00+09:00,1743.103759765625,1759.064709855045,1717.9022596244351,1743.9438097703312,1544100
2022-10-11 09:00:00+09:00,1685.1405029296875,1720.4226071784647,1672.5397514122672,1703.6216051552374,752900
2022-10-12 09:00:00+09:00,1701.9415283203125,1725.4629314757758,1685.9805761791051,1696.9012276441417,624400
2022-10-13 09:00:00+09:00,1729.6630859375,1737.2235365316901,1707.8217842209506,1712.8620846170775,561800
2022-10-14 09:00:00+09:00,1724.6229248046875,1751.5045290880532,1723.7828746708324,1738.9037770802256,526600
2022-10-17 09:00:00+09:00,1727.1429443359375,1734.7033949677584,1701.1013921596661,1717.9023935637122,420600
2022-10-18 09:00:00+09:00,1722.1026611328125,1766.625315298685,1711.1820101109947,1766.625315298685,1034100
2022-10-19 09:00:00+09:00,1702.7816162109375,1726.303019888247,1694.3811148976129,1722.1027692315847,594700
2022-10-20 09:00:00+09:00,1718.742431640625,1721.2625818336464,1685.140429067006,1696.9011299677725,674100
2022-10-21 09:00:00+09:00,1649.8585205078125,1705.3018312784416,1649.8585205078125,1701.101580462485,1150300
2022-10-24 09:00:00+09:00,1609.5361328125,1666.659544624217,1607.0159822913947,1665.8194944505153,724100
2022-10-25 09:00:00+09:00,1619.616455078125,1633.8973055637723,1604.4955545639102,1633.0572555352048,740300
2022-10-26 09:00:00+09:00,1644.818115234375,1658.258916993185,1638.09771435497,1640.617864684747,478000
2022-10-27 09:00:00+09:00,1636.41748046875,1647.3381310057591,1627.1769300143576,1638.937630592675,273800
2022-10-28 09:00:00+09:00,1622.13671875,1624.6568690121699,1605.335717002201,1617.0964182256603,1351000
2022-10-31 09:00:00+09:00,1636.41748046875,1636.41748046875,1617.096329518657,1633.0572803035163,506100
2022-11-01 09:00:00+09:00,1621.2967529296875,1645.6582067301854,1603.655700177603,1642.298006205979,467000
2022-11-02 09:00:00+09:00,1594.4149169921875,1622.136567287626,1588.5345669295186,1621.2965172786733,1173000
2022-11-04 09:00:00+09:00,1596.09521484375,1601.135515522204,1568.3735611122534,1590.2148640522205,527300
2022-11-07 09:00:00+09:00,1595.255126953125,1604.4956779781298,1584.3344757417556,1596.0951770463073,778400
2022-11-08 09:00:00+09:00,1628.85693359375,1628.85693359375,1591.8947339660424,1601.975333864508,637900
2022-11-09 09:00:00+09:00,1569.213623046875,1645.6581839126488,1533.9315180319024,1554.092720897601,2068400
2022-11-10 09:00:00+09:00,1615.416259765625,1623.816760336429,1539.8117546283884,1545.6921050279511,1401800
2022-11-11 09:00:00+09:00,1647.3382568359375,1656.5788079961594,1620.4566534607463,1649.0183570468869,917800
2022-11-14 09:00:00+09:00,1648.17822265625,1676.7399247817916,1633.0573215309632,1654.8986231563774,871200
2022-11-15 09:00:00+09:00,1664.9791259765625,1676.73982616005,1645.6579756751191,1657.4186758586063,645200
2022-11-16 09:00:00+09:00,1684.300537109375,1695.2211889709322,1665.8194339590477,1675.0599855342114,758900
2022-11-17 09:00:00+09:00,1740.583740234375,1740.583740234375,1687.6605859704919,1696.061086647299,650600
2022-11-18 09:00:00+09:00,1754.8646240234375,1779.2260764392727,1743.943972940477,1760.7449746065702,798700
2022-11-21 09:00:00+09:00,1711.1820068359375,1752.3444606086232,1710.3419567589438,1743.1039097616938,505800
2022-11-22 09:00:00+09:00,1729.6630859375,1739.7436867297536,1711.1819844850352,1711.1819844850352,372000
2022-11-24 09:00:00+09:00,1743.94384765625,1759.9047980924104,1726.302797174178,1754.8644979546755,499700
2022-11-25 09:00:00+09:00,1756.544677734375,1757.3847277954628,1729.6630757795688,1748.1441771234981,263800
2022-11-28 09:00:00+09:00,1730.503173828125,1754.86462627522,1722.9427230686817,1753.184526106455,484500
2022-11-29 09:00:00+09:00,1745.6241455078125,1747.3042457441047,1717.9024916089877,1730.5032433811807,389100
2022-11-30 09:00:00+09:00,1717.0621337890625,1733.0230831735987,1710.3417340482051,1733.0230831735987,600400
2022-12-01 09:00:00+09:00,1771.6656494140625,1776.7059499813856,1716.2223431735085,1727.9830444972624,698300
2022-12-02 09:00:00+09:00,1796.8671875,1802.7475382772323,1755.7047320593736,1771.6656841690042,837100
2022-12-05 09:00:00+09:00,1775.8658447265625,1798.5471965750096,1757.3847432204204,1798.5471965750096,558800
2022-12-06 09:00:00+09:00,1754.024658203125,1780.906262160261,1748.1443073375015,1775.865961418298,476900
2022-12-07 09:00:00+09:00,1817.028564453125,1829.62931732728,1784.2666069803226,1789.3069081299845,1105700
2022-12-08 09:00:00+09:00,1814.508056640625,1822.0685068766277,1780.9060555917245,1804.4274563259548,739000
2022-12-09 09:00:00+09:00,1937.155517578125,1945.5560185216557,1820.3885544630516,1848.1102075767021,1789200
2022-12-12 09:00:00+09:00,1880.8721923828125,1932.955299094619,1878.3520420580478,1923.7147479038147,908200
2022-12-13 09:00:00+09:00,1881.7119140625,1890.1124136788505,1859.0305650983537,1873.3114144461495,498300
2022-12-14 09:00:00+09:00,1872.4715576171875,1898.5131091138824,1863.2310070861022,1890.1126086310776,612900
2022-12-15 09:00:00+09:00,1855.6705322265625,1880.031983306042,1850.6302320032219,1872.4715329710311,622700
2022-12-16 09:00:00+09:00,1838.029541015625,1869.951443464708,1836.349440886726,1837.1894909511755,931100
2022-12-19 09:00:00+09:00,1801.067138671875,1833.8290875562982,1799.3870387290842,1829.628837699321,601900
2022-12-20 09:00:00+09:00,1813.6680908203125,1834.6693424509322,1798.5471896462664,1814.5081408855372,654300
2022-12-21 09:00:00+09:00,1836.349365234375,1843.9098155029521,1809.4677642794345,1812.8279643988021,882000
2022-12-22 09:00:00+09:00,1863.2310791015625,1866.591279424559,1806.107673610622,1836.3494765175903,545800
2022-12-23 09:00:00+09:00,1853.1505126953125,1874.9918152021476,1848.1102121168121,1869.9515146236472,408700
2022-12-26 09:00:00+09:00,1845.5897216796875,1848.9499214460593,1820.3882234318992,1848.1098715044664,369900
2022-12-27 09:00:00+09:00,1880.8721923828125,1882.5522925993225,1832.149286104026,1842.2298874030853,456000
2022-12-28 09:00:00+09:00,1902.71337890625,1906.073579133899,1877.5118771988825,1888.4325279387417,581300
2022-12-29 09:00:00+09:00,1880.49951171875,1898.4415788455533,1862.557444591947,1895.878426398867,522900
2022-12-30 09:00:00+09:00,1852.3046875,1887.3344348189576,1850.5959193380995,1859.1397601476015,505800
2023-01-04 09:00:00+09:00,1831.7994384765625,1836.9257428752842,1802.7503802171393,1833.5082066094697,503400
2023-01-05 09:00:00+09:00,1793.3521728515625,1814.7117747197326,1779.6820276559336,1814.7117747197326,762300
2023-01-06 09:00:00+09:00,1777.9732666015625,1818.9837023521031,1773.7013462108812,1809.5854774926042,550100
2023-01-10 09:00:00+09:00,1768.5750732421875,1775.4101459890173,1739.5260140681612,1773.70137780231,502400
2023-01-11 09:00:00+09:00,1746.3609619140625,1766.8661786880045,1740.3802736883295,1757.467954333281,643300
2023-01-12 09:00:00+09:00,1707.0595703125,1760.0313888106857,1699.37011278857,1750.6331629481044,616900
2023-01-13 09:00:00+09:00,1683.9910888671875,1727.5646786856687,1678.8647841826603,1719.02083754479,525700
2023-01-16 09:00:00+09:00,1668.612060546875,1678.01028515825,1650.6699953797042,1666.0489083801363,655200
2023-01-17 09:00:00+09:00,1707.0595703125,1720.7297170217093,1671.1754352008259,1685.6999660793606,656500
2023-01-18 09:00:00+09:00,1695.0980224609375,1707.9137837194628,1660.9226591048703,1691.6804861253308,801300
2023-01-19 09:00:00+09:00,1689.1173095703125,1695.097998071573,1670.320859994922,1684.8453892122693,515700
2023-01-20 09:00:00+09:00,1671.17529296875,1684.8454385145067,1663.4858360992619,1683.136670321287,418400
2023-01-23 09:00:00+09:00,1721.583984375,1731.8365937112285,1691.6805404776676,1701.9331498138959,850200
2023-01-24 09:00:00+09:00,1764.30322265625,1766.0119909106386,1711.3314067702026,1729.2734734412832,798400
2023-01-25 09:00:00+09:00,1757.4681396484375,1778.8277427068774,1744.6523778133735,1767.7207491164886,683800
2023-01-26 09:00:00+09:00,1748.9241943359375,1762.5943394797455,1735.2540491921295,1748.0698102644496,446200
2023-01-27 09:00:00+09:00,1752.341796875,1756.6137173939542,1733.5453465916016,1742.08918762951,506900
2023-01-30 09:00:00+09:00,1740.38037109375,1753.1961322947348,1731.8365302930933,1743.7979074140126,446400
2023-01-31 09:00:00+09:00,1758.3223876953125,1766.0118442012688,1729.2733297839225,1758.3223876953125,483200
2023-02-01 09:00:00+09:00,1747.2154541015625,1790.7890424434595,1746.3610700164272,1761.7399835488613,662100
2023-02-02 09:00:00+09:00,1748.9241943359375,1755.7592669078415,1726.7102084772496,1739.5259695495695,364000
2023-02-03 09:00:00+09:00,1722.4383544921875,1747.2154935201008,1719.875202178955,1741.234804789225,384500
2023-02-06 09:00:00+09:00,1736.962890625,1748.9242681305336,1731.8365859797714,1748.9242681305336,249200
2023-02-07 09:00:00+09:00,1764.30322265625,1773.7014480553873,1745.506771857975,1745.506771857975,368400
2023-02-08 09:00:00+09:00,1809.58544921875,1811.294217348324,1775.4100866272722,1776.2644706920591,859500
2023-02-09 09:00:00+09:00,1807.0225830078125,1835.2172616079345,1797.6243568077718,1807.8769672078163,584800
2023-02-10 09:00:00+09:00,1828.3819580078125,1831.7994943779206,1794.2065943067319,1794.2065943067319,598400
2023-02-13 09:00:00+09:00,1786.5172119140625,1818.9838087828978,1766.866376967136,1815.5662722703887,574000
2023-02-14 09:00:00+09:00,1817.27490234375,1826.6731270385226,1794.2065326383993,1821.5468226595558,945800
2023-02-15 09:00:00+09:00,1807.0225830078125,1870.247013808086,1804.4594304078014,1821.5471144078754,1085800
2023-02-16 09:00:00+09:00,1892.4608154296875,1900.1502724675506,1834.3626955880536,1849.7416096637803,1019000
2023-02-17 09:00:00+09:00,1865.9747314453125,1889.89748441256,1864.2659633762235,1876.2273398598472,405500
2023-02-20 09:00:00+09:00,1879.64501953125,1886.4800923295456,1864.2661057350854,1871.9555626331678,368800
2023-02-21 09:00:00+09:00,1813.003173828125,1873.6644487300086,1812.1487896745773,1852.304844891317,722400
2023-02-22 09:00:00+09:00,1769.4295654296875,1815.5663092892737,1736.9629678988676,1813.857540998178,942600
2023-02-24 09:00:00+09:00,1757.4681396484375,1784.8084315632404,1754.9049872814246,1777.1189744622022,561200
2023-02-27 09:00:00+09:00,1771.1383056640625,1780.5365311162113,1747.2155499676835,1753.1962388917782,550500
2023-02-28 09:00:00+09:00,1792.4979248046875,1804.4593027585795,1775.4102420134132,1781.390930990359,516900
2023-03-01 09:00:00+09:00,1723.29296875,1760.0314901462568,1718.1666634388944,1756.6139532721863,1070800
2023-03-02 09:00:00+09:00,1731.8365478515625,1731.8365478515625,1701.0787206573561,1716.4576342544594,475400
2023-03-03 09:00:00+09:00,1766.011962890625,1778.8277245952013,1748.0698965042181,1754.050585299687,463700
2023-03-06 09:00:00+09:00,1756.6136474609375,1781.3907854844624,1753.1961111818305,1763.448720019151,415500
2023-03-07 09:00:00+09:00,1754.0506591796875,1762.5945006759355,1743.79804938419,1752.341890880438,420200
2023-03-08 09:00:00+09:00,1754.0506591796875,1758.3225799278116,1736.108592037567,1754.0506591796875,400700
2023-03-09 09:00:00+09:00,1766.8663330078125,1773.7014058627751,1754.904955511628,1760.0312601528499,328200
2023-03-10 09:00:00+09:00,1727.564697265625,1766.8663669363564,1720.729624279411,1755.7593733337583,574000
2023-03-13 09:00:00+09:00,1713.0401611328125,1720.729618215204,1693.3893263667003,1714.7489293733438,406400
2023-03-14 09:00:00+09:00,1687.40869140625,1700.224453619462,1666.9034718651108,1700.224453619462,551900
2023-03-15 09:00:00+09:00,1695.0980224609375,1712.185704138971,1688.262949789724,1696.8067906287408,299600
2023-03-16 09:00:00+09:00,1724.1470947265625,1725.0014788171109,1683.136658380242,1684.8454265613386,342400
2023-03-17 09:00:00+09:00,1742.0892333984375,1743.7980016509127,1717.3120937375477,1728.4190873786363,433100
2023-03-20 09:00:00+09:00,1719.875244140625,1742.0892313972847,1717.3120917648564,1735.2541583952354,387200
2023-03-22 09:00:00+09:00,1742.9434814453125,1754.0504742192286,1730.1277205523322,1737.8171770881204,401300
2023-03-23 09:00:00+09:00,1761.7398681640625,1765.1574042807727,1734.3995792303815,1757.4679480181749,397600
2023-03-24 09:00:00+09:00,1758.3223876953125,1764.303076088834,1736.9627862898787,1764.303076088834,337700
2023-03-27 09:00:00+09:00,1756.6136474609375,1770.283792577365,1748.924190832947,1757.4680315307141,250500
2023-03-28 09:00:00+09:00,1758.3223876953125,1776.264452875877,1751.4873152455737,1771.1381485385728,244100
2023-03-29 09:00:00+09:00,1789.080322265625,1790.7890904817334,1757.4681102676172,1766.0119513481598,463700
2023-03-30 09:00:00+09:00,1764.30322265625,1784.8084417089133,1754.0506131299182,1779.6821369457475,326600
2023-03-31 09:00:00+09:00,1750.6331787109375,1773.7015514904374,1748.070026179882,1755.7594837730485,557000
2023-04-03 09:00:00+09:00,1743.7979736328125,1756.613735320462,1734.3997483952032,1756.613735320462,428600
2023-04-04 09:00:00+09:00,1783.9541015625,1786.5172540072738,1735.2542051117996,1744.6524307426366,596800
2023-04-05 09:00:00+09:00,1754.0506591796875,1796.769866660927,1749.7787384315636,1795.9154825113021,369000
2023-04-06 09:00:00+09:00,1747.2154541015625,1755.7592949529148,1724.1470838029109,1735.254076909669,389100
2023-04-07 09:00:00+09:00,1725.85595703125,1748.9243287341428,1721.584036345529,1747.2155604598545,253600
2023-04-10 09:00:00+09:00,1728.4190673828125,1740.3804450117593,1717.312073870219,1738.6716767790526,216200
2023-04-11 09:00:00+09:00,1726.710205078125,1754.9048793817262,1726.710205078125,1747.2154227534713,269500
2023-04-12 09:00:00+09:00,1750.6331787109375,1760.0314046581411,1731.83672681653,1734.3998793475857,202500
2023-04-13 09:00:00+09:00,1748.9241943359375,1757.4680350508177,1742.9435058355216,1753.1961146933777,338400
2023-04-14 09:00:00+09:00,1738.671630859375,1760.0312332040846,1732.6909422028561,1757.4680809227195,629000
2023-04-17 09:00:00+09:00,1737.8172607421875,1747.2154858494462,1719.8751946283303,1743.7979494468068,366900
2023-04-18 09:00:00+09:00,1771.9927978515625,1774.5559504039034,1737.8174304870195,1742.0893514075874,451900
2023-04-19 09:00:00+09:00,1757.4681396484375,1766.0119808718134,1742.9436095686983,1760.8856761377879,344700
2023-04-20 09:00:00+09:00,1760.0313720703125,1765.1576770375075,1748.069993813524,1757.468219586715,322500
2023-04-21 09:00:00+09:00,1735.254150390625,1768.5751311219071,1730.1278456627354,1766.8663628792774,500200
2023-04-24 09:00:00+09:00,1748.06982421875,1763.448737628299,1742.089135670592,1759.1768172367576,311200
2023-04-25 09:00:00+09:00,1741.23486328125,1754.0506252779226,1735.2541743494696,1748.0699363461422,467900
2023-04-26 09:00:00+09:00,1761.7398681640625,1777.118780689258,1735.2539632595592,1737.8171153470917,386000
2023-04-27 09:00:00+09:00,1771.1383056640625,1778.8277628521844,1756.6137754198323,1761.7400802119137,533000
2023-04-28 09:00:00+09:00,1804.459228515625,1809.5855331420898,1795.9153874715169,1802.7504603068032,553000
2023-05-01 09:00:00+09:00,1832.654052734375,1833.508436908144,1819.838290127841,1819.838290127841,408200
2023-05-02 09:00:00+09:00,1818.1295166015625,1843.7610417416222,1806.168138202868,1836.0715841996043,429100
2023-05-08 09:00:00+09:00,1808.731201171875,1823.2557313655084,1798.478591623428,1801.8961281395768,456300
2023-05-09 09:00:00+09:00,1806.16796875,1813.8574255706008,1792.4978232911542,1801.8960482941106,533100
2023-05-10 09:00:00+09:00,1799.3330078125,1832.6539894386576,1794.2067029469374,1823.2557638517926,469800
2023-05-11 09:00:00+09:00,1794.20654296875,1795.9153111049106,1760.8855643136162,1783.0995500837055,600300
2023-05-12 09:00:00+09:00,1840.3433837890625,1883.0625895408978,1751.4874358252453,1751.4874358252453,1133800
2023-05-15 09:00:00+09:00,1883.062744140625,1896.7328911035333,1861.7031395110805,1861.7031395110805,576400
2023-05-16 09:00:00+09:00,1905.2767333984375,1911.2574226961008,1884.7715129493063,1898.4416599153938,385200
2023-05-17 09:00:00+09:00,1861.7030029296875,1909.5485137897438,1860.8486188071865,1905.2765931772387,586300
2023-05-18 09:00:00+09:00,1843.7607421875,1871.1010312282783,1824.1099094394403,1865.120343000608,515300
2023-05-19 09:00:00+09:00,1840.3433837890625,1855.7222978597233,1824.1100856033652,1854.0135296296498,394600
2023-05-22 09:00:00+09:00,1827.5277099609375,1842.9066247712678,1812.148795150607,1829.2364782731963,533500
2023-05-23 09:00:00+09:00,1815.566162109375,1844.615220703125,1807.8767054227942,1822.4012347196692,486900
2023-05-24 09:00:00+09:00,1796.769775390625,1808.7311528777714,1777.118940947456,1804.4592323466477,583300
2023-05-25 09:00:00+09:00,1760.8856201171875,1813.8574340168798,1760.8856201171875,1813.8574340168798,435400
2023-05-26 09:00:00+09:00,1757.4681396484375,1763.4488285048005,1744.6523778133735,1760.0312920154502,468800
2023-05-29 09:00:00+09:00,1744.65234375,1766.0119463914054,1742.9435755386876,1764.303178180093,340800
2023-05-30 09:00:00+09:00,1717.3121337890625,1742.0892740278102,1711.3314447659166,1738.6717374431553,428700
2023-05-31 09:00:00+09:00,1694.24365234375,1716.4576387083177,1690.8261159799704,1701.9331091622541,791400
2023-06-01 09:00:00+09:00,1719.0208740234375,1725.8559470811847,1697.6612707179772,1702.7875755112877,524400
2023-06-02 09:00:00+09:00,1773.7012939453125,1778.8275982630737,1731.8364753502642,1731.8364753502642,740400
2023-06-05 09:00:00+09:00,1769.4295654296875,1802.7505471060554,1766.866412993044,1792.9251294322546,623500
2023-06-06 09:00:00+09:00,1794.6337890625,1798.051325437768,1758.3224650752798,1760.0312332629137,551100
2023-06-07 09:00:00+09:00,1785.2357177734375,1810.8672427953102,1780.1094127690628,1791.6435990289056,566300
2023-06-08 09:00:00+09:00,1764.30322265625,1789.507554408482,1761.740070274667,1783.954057581719,390600
2023-06-09 09:00:00+09:00,1802.3233642578125,1805.313708782535,1781.3909525847541,1793.779522758605,641900
2023-06-12 09:00:00+09:00,1845.4696044921875,1845.4696044921875,1818.98369813142,1818.98369813142,656900
2023-06-13 09:00:00+09:00,1801.4688720703125,1851.0231497938496,1799.760103872949,1845.4696531524187,743000
2023-06-14 09:00:00+09:00,1799.7601318359375,1821.119734634845,1799.7601318359377,1815.9934299631072,579100
2023-06-15 09:00:00+09:00,1756.1865234375,1789.0803113977743,1748.4970665117216,1785.6627749863171,792400
2023-06-16 09:00:00+09:00,1773.274169921875,1773.274169921875,1742.9435348786437,1748.4970314358552,1229700
2023-06-19 09:00:00+09:00,1807.0225830078125,1815.1392329078476,1793.3524358077534,1795.4883963077627,634100
2023-06-20 09:00:00+09:00,1779.2548828125,1798.051332955057,1760.458432669943,1792.497836322029,524100
2023-06-21 09:00:00+09:00,1766.439208984375,1791.6435411077314,1764.7304407048255,1785.6628521293078,616500
2023-06-22 09:00:00+09:00,1747.6427001953125,1777.973336155681,1743.797971693294,1764.303190370726,830300
2023-06-23 09:00:00+09:00,1734.8270263671875,1753.1962856958721,1719.4481115803815,1748.4971728443481,840600
2023-06-26 09:00:00+09:00,1748.4970703125,1750.6330305743038,1717.3120504901663,1733.1181564275134,733400
2023-06-27 09:00:00+09:00,1731.409423828125,1742.9436094790894,1721.5840064217477,1742.9436094790894,767600
2023-06-28 09:00:00+09:00,1750.205810546875,1750.205810546875,1723.292711678324,1725.428671905987,1187100
2023-06-29 09:00:00+09:00,1748.0294189453125,1760.216875053497,1734.536163968394,1741.065158312064,791300
2023-06-30 09:00:00+09:00,1727.5718994140625,1742.8062195147156,1712.3375793134094,1741.0651543603553,1258000
2023-07-03 09:00:00+09:00,1757.6053466796875,1769.7928032688485,1750.20581946484,1752.3821509986187,1011600
2023-07-04 09:00:00+09:00,1772.404541015625,1783.2861995434714,1751.5117566421598,1756.7349527355261,988000
2023-07-05 09:00:00+09:00,1760.65234375,1772.404534919654,1757.1702130330655,1766.7460725046353,415600
2023-07-06 09:00:00+09:00,1747.59423828125,1764.5696244065225,1744.9826404158234,1760.2169612974783,392800
2023-07-07 09:00:00+09:00,1739.32421875,1761.5228011214338,1739.32421875,1748.4648114911786,432800
2023-07-10 09:00:00+09:00,1759.346435546875,1768.9222944241712,1733.2304567906126,1738.453652541865,637100
2023-07-11 09:00:00+09:00,1765.8753662109375,1781.1096865997429,1763.2637684299996,1780.239154006097,536100
2023-07-12 09:00:00+09:00,1714.5140380859375,1751.076409042835,1714.078771765022,1745.8532131918496,1003900
2023-07-13 09:00:00+09:00,1693.1859130859375,1714.5139618625983,1689.7037826734215,1714.5139618625983,761100
2023-07-14 09:00:00+09:00,1682.3043212890625,1691.4449139791195,1673.1637285990055,1688.8333160676746,635700
2023-07-18 09:00:00+09:00,1674.4696044921875,1684.045463940804,1666.1995440592914,1676.6459361850548,559600
2023-07-19 09:00:00+09:00,1666.634765625,1680.9985544120527,1656.623640106751,1676.645891143249,858200
2023-07-20 09:00:00+09:00,1666.1995849609375,1688.398168773113,1664.8937859131624,1685.3513043283046,724200
2023-07-21 09:00:00+09:00,1670.9874267578125,1677.5164216526723,1660.9763012523606,1666.1994971682486,444500
2023-07-24 09:00:00+09:00,1675.775390625,1681.4338529829545,1670.5521946022727,1674.4695916193182,483100
2023-07-25 09:00:00+09:00,1663.152587890625,1672.7284468106966,1659.2351910596865,1668.3757836652096,600700
2023-07-26 09:00:00+09:00,1675.340087890625,1677.081153193707,1658.3647011855758,1663.5878970948218,488300
2023-07-27 09:00:00+09:00,1673.5989990234375,1674.0342653430796,1660.541009434178,1667.9405368680918,496400
2023-07-28 09:00:00+09:00,1667.5052490234375,1671.857912163671,1656.623591172854,1659.6704553710174,710300
2023-07-31 09:00:00+09:00,1671.422607421875,1689.2685258865356,1662.2820150375367,1685.7863954544066,590100
2023-08-01 09:00:00+09:00,1671.85791015625,1692.7506932042845,1669.6815785887466,1688.3980300692774,510500
2023-08-02 09:00:00+09:00,1663.152587890625,1668.8110499797583,1652.2709300269073,1658.364658430589,834400
2023-08-03 09:00:00+09:00,1636.601318359375,1654.0119706823473,1634.8602531270778,1654.0119706823473,719000
2023-08-04 09:00:00+09:00,1648.353515625,1649.2240482448178,1623.5433359601927,1630.507596918735,982100
2023-08-07 09:00:00+09:00,1683.610107421875,1684.045373737134,1639.6482095807144,1646.6124706248586,935600
2023-08-08 09:00:00+09:00,1692.3155517578125,1697.97401425083,1674.0343652419103,1684.4807575367115,944100
2023-08-09 09:00:00+09:00,1694.4918212890625,1699.279750915104,1656.6236506103703,1680.563298740578,1326100
2023-08-10 09:00:00+09:00,1578.2757568359375,1627.8961198473266,1559.1240377789102,1627.8961198473266,3797500
2023-08-14 09:00:00+09:00,1602.650634765625,1623.1081523739858,1586.1105141460994,1600.0390367730683,1558600
2023-08-15 09:00:00+09:00,1533.008056640625,1568.264630345307,1530.3964585884262,1558.2535044785454,2136600
2023-08-16 09:00:00+09:00,1495.1397705078125,1525.1731458105894,1492.963438964133,1517.3383522533434,1509900
2023-08-17 09:00:00+09:00,1491.657470703125,1503.8449259641952,1475.5526191081394,1491.657470703125,915400
2023-08-18 09:00:00+09:00,1489.91650390625,1496.4454982266104,1479.0348467056492,1482.5169770098414,813100
2023-08-21 09:00:00+09:00,1514.726806640625,1521.691067820582,1490.351892510776,1490.351892510776,1209000
2023-08-22 09:00:00+09:00,1522.1263427734375,1524.302674404512,1508.1978203345614,1513.42101624914,555400
2023-08-23 09:00:00+09:00,1517.33837890625,1527.7847704994083,1512.5504494260524,1523.4321073355923,662100
2023-08-24 09:00:00+09:00,1497.316162109375,1505.1509559808776,1491.6576998688454,1496.8808957831804,939000
2023-08-25 09:00:00+09:00,1468.588623046875,1494.2693369650035,1467.7180903716842,1492.9635379522172,1604100
2023-08-28 09:00:00+09:00,1457.2716064453125,1473.811726231729,1448.5662802419356,1453.3542096537929,1591300
2023-08-29 09:00:00+09:00,1488.61083984375,1500.7982970120613,1483.8229102419132,1485.9992418791117,1696200
2023-08-30 09:00:00+09:00,1479.905517578125,1499.9277686982996,1473.8117889763328,1490.7871757956111,1151600
2023-08-31 09:00:00+09:00,1470.32958984375,1481.2112475542574,1456.4010679743005,1475.5527855447936,1438600
2023-09-01 09:00:00+09:00,1495.5750732421875,1497.3161385195358,1461.1890340145587,1464.2358982499181,1437200
2023-09-04 09:00:00+09:00,1493.8338623046875,1509.5034482729186,1484.2580042129907,1506.8918506115467,944000
2023-09-05 09:00:00+09:00,1487.740234375,1495.5750278854593,1482.952305007497,1493.8339626609127,652900
2023-09-06 09:00:00+09:00,1491.657470703125,1496.4453995556883,1486.8695418505617,1495.5748670370403,507700
2023-09-07 09:00:00+09:00,1485.9991455078125,1489.9165422007154,1475.5527543267383,1488.1754770038697,1035600
2023-09-08 09:00:00+09:00,1464.6708984375,1483.822613008451,1457.706638593518,1478.1641518852155,1613300
2023-09-11 09:00:00+09:00,1456.8363037109375,1473.3764230838135,1455.0952385137928,1467.7179611930926,652500
2023-09-12 09:00:00+09:00,1459.88330078125,1469.8944265767086,1452.483773019389,1456.401170069786,1002700
2023-09-13 09:00:00+09:00,1465.1063232421875,1471.2000512651794,1459.0125952191956,1462.9299918054046,577600
2023-09-14 09:00:00+09:00,1468.1533203125,1469.4591192929142,1457.7069284691854,1465.9769886784761,734400
2023-09-15 09:00:00+09:00,1481.211181640625,1484.6933119530331,1466.4121278128903,1472.0705895705535,807000
2023-09-19 09:00:00+09:00,1474.2469482421875,1481.646475292709,1465.9768885974865,1479.034877510172,919200
2023-09-20 09:00:00+09:00,1475.552734375,1487.7401905881268,1471.2000714417404,1480.7759298949113,779200
2023-09-21 09:00:00+09:00,1460.7537841796875,1483.8228993648852,1459.8832515311894,1480.776035095142,693800
2023-09-22 09:00:00+09:00,1452.04833984375,1461.6241982000338,1448.5662095323742,1459.012600466502,759500
2023-09-25 09:00:00+09:00,1469.0238037109375,1476.4233310185186,1448.1310207248264,1452.0484175347221,629500
2023-09-26 09:00:00+09:00,1474.2469482421875,1482.0817415897986,1465.5416223003972,1472.0706167567398,662900
2023-09-27 09:00:00+09:00,1488.175537109375,1488.175537109375,1466.8474875866025,1474.6822812888454,709800
2023-09-28 09:00:00+09:00,1479.034912109375,1485.9991730257227,1467.2827218130378,1483.3875751820924,908300
2023-09-29 09:00:00+09:00,1469.894287109375,1492.528134586333,1465.106357835403,1486.8696727170936,812000
2023-10-02 09:00:00+09:00,1449.4368896484375,1481.2113319740638,1449.4368896484375,1479.9055329743805,992700
2023-10-03 09:00:00+09:00,1431.1556396484375,1471.200140514513,1428.1087754521056,1469.4590752594663,943900
2023-10-04 09:00:00+09:00,1449.8720703125,1457.2715975401532,1418.9681624793604,1418.9681624793604,1002400
2023-10-05 09:00:00+09:00,1450.307373046875,1463.8006289185596,1440.7315140411633,1448.1310414546679,628300
2023-10-06 09:00:00+09:00,1446.3900146484375,1457.7069392288947,1443.3431503383144,1455.5306075788067,492500
2023-10-10 09:00:00+09:00,1451.6131591796875,1454.6600233818638,1438.1199034271926,1446.3899634045283,544600
2023-10-11 09:00:00+09:00,1440.7313232421875,1454.224577326933,1438.119725677398,1452.0482460229418,522000
2023-10-12 09:00:00+09:00,1428.1087646484375,1438.119889789222,1425.4971667856241,1437.2493571682842,695000
2023-10-13 09:00:00+09:00,1404.1690673828125,1421.1444528843406,1396.334274074415,1420.7091865894297,918500
2023-10-16 09:00:00+09:00,1386.7584228515625,1418.9681288437205,1383.7115587712233,1409.8275366027026,806400
2023-10-17 09:00:00+09:00,1392.4169921875,1404.1691831187482,1385.0174645641216,1391.9817258567132,488500
2023-10-18 09:00:00+09:00,1404.1690673828125,1406.3453988573674,1391.1110785354833,1402.4280022031687,518400
2023-10-19 09:00:00+09:00,1406.345458984375,1413.3097200007012,1396.3343337734061,1399.3811979680488,451100
2023-10-20 09:00:00+09:00,1398.94580078125,1406.345327418861,1393.7226055076424,1406.345327418861,512600
2023-10-23 09:00:00+09:00,1398.5107421875,1413.3097976603835,1394.1580788131225,1397.2049431751868,690700
2023-10-24 09:00:00+09:00,1416.7918701171875,1419.8387343539987,1382.4058308731758,1383.2763635122647,802900
2023-10-25 09:00:00+09:00,1411.5684814453125,1426.367534288094,1410.262682665067,1420.7090729070305,608200
2023-10-26 09:00:00+09:00,1408.0865478515625,1425.4972006843484,1398.5106887935303,1412.0039447389395,574900
2023-10-27 09:00:00+09:00,1408.9571533203125,1408.9571533203125,1389.3701678710033,1402.4281581705427,653400
2023-10-30 09:00:00+09:00,1369.347900390625,1401.1223430888183,1364.9952370073108,1401.1223430888183,1127200
2023-10-31 09:00:00+09:00,1393.2874755859375,1395.0285408475258,1371.0888935006883,1373.7004913930705,634100
2023-11-01 09:00:00+09:00,1405.4749755859375,1411.1334378598976,1390.675920407888,1405.0397092571714,634200
2023-11-02 09:00:00+09:00,1420.2740478515625,1420.2740478515625,1404.169193493454,1413.7450528415186,728400
2023-11-06 09:00:00+09:00,1425.932373046875,1433.3319000132353,1413.744916866987,1427.6734382154302,938800
2023-11-07 09:00:00+09:00,1392.852294921875,1422.885672531128,1389.3701641845703,1421.5798735046387,1493000
2023-11-08 09:00:00+09:00,1390.6759033203125,1400.6870287589252,1378.4884462646103,1393.722767584238,1361500
2023-11-09 09:00:00+09:00,1405.4749755859375,1408.9571062160667,1354.5488151202965,1367.1715386545152,2034700
2023-11-10 09:00:00+09:00,1415.92138671875,1415.92138671875,1391.1112056419074,1408.5218590291654,679400
2023-11-13 09:00:00+09:00,1413.3095703125,1421.1443631260586,1402.4279136270018,1418.968031788959,904800
2023-11-14 09:00:00+09:00,1436.37890625,1442.907901278409,1419.8387855113635,1422.4503835227272,1087800
2023-11-15 09:00:00+09:00,1474.2469482421875,1474.2469482421875,1452.4836333877117,1460.7536930324125,1411600
2023-11-16 09:00:00+09:00,1445.0843505859375,1477.7293283853185,1443.7785514739621,1467.718201860175,1038600
2023-11-17 09:00:00+09:00,1441.6019287109375,1446.3898578219944,1434.2024019029404,1445.0840589735242,860100
2023-11-20 09:00:00+09:00,1425.0618896484375,1442.0372756277561,1425.0618896484375,1432.02615056303,1065000
2023-11-21 09:00:00+09:00,1404.1690673828125,1418.097588819964,1398.075339254059,1408.5217303319223,1402800
2023-11-22 09:00:00+09:00,1419.8387451171875,1422.8856093770955,1401.5575595577386,1408.521820723243,822100
2023-11-24 09:00:00+09:00,1440.7313232421875,1442.9076545461787,1425.0617378534507,1433.7670630694156,770200
2023-11-27 09:00:00+09:00,1435.072998046875,1449.0015197142998,1431.5908676300187,1445.9546555995507,729600
2023-11-28 09:00:00+09:00,1438.55517578125,1440.73150736337,1426.8029852378027,1437.684643148402,773000
2023-11-29 09:00:00+09:00,1452.04833984375,1455.965736444048,1432.0260905533387,1432.8966231311827,891800
2023-11-30 09:00:00+09:00,1444.2137451171875,1449.872207650799,1437.2494835373577,1449.4369413020597,967400
2023-12-01 09:00:00+09:00,1468.1533203125,1492.963500940372,1466.8475213320855,1479.0349784826192,1941600
2023-12-04 09:00:00+09:00,1484.258056640625,1506.4566375463937,1471.2000678725256,1484.258056640625,1911500
2023-12-05 09:00:00+09:00,1459.0126953125,1506.8919902064067,1457.2716300436307,1488.6108048832787,1793800
2023-12-06 09:00:00+09:00,1458.1422119140625,1467.7180712161846,1450.307417939599,1452.0484832672576,1233800
2023-12-07 09:00:00+09:00,1442.9078369140625,1457.2716253358315,1438.5551737559508,1452.9189621777198,1028400
2023-12-08 09:00:00+09:00,1427.2381591796875,1443.343011845027,1426.802892891435,1436.3787512329884,1149900
2023-12-11 09:00:00+09:00,1414.615478515625,1428.979266451322,1406.7806850961538,1427.2382012469952,1390400
2023-12-12 09:00:00+09:00,1404.1690673828125,1424.6265832436286,1398.075339254059,1424.6265832436286,1855600
2023-12-13 09:00:00+09:00,1403.298583984375,1413.3097091182585,1395.4637904013357,1405.910181845388,1464500
2023-12-14 09:00:00+09:00,1401.1221923828125,1412.8743822536842,1398.0753283422162,1406.3453878809778,1014500
2023-12-15 09:00:00+09:00,1397.204833984375,1397.640100287797,1378.9236492406542,1392.8521709501558,2093600
2023-12-18 09:00:00+09:00,1406.78076171875,1408.5218270179068,1391.9817066759167,1397.2049025733872,919100
2023-12-19 09:00:00+09:00,1421.14453125,1425.0619281202144,1407.2160090447933,1408.957074320444,825300
2023-12-20 09:00:00+09:00,1425.4971923828125,1438.1199156130726,1422.4503281548186,1426.802991337667,910700
2023-12-21 09:00:00+09:00,1415.92138671875,1428.544110424512,1413.7450550453427,1423.3209144083346,780700
2023-12-22 09:00:00+09:00,1431.1556396484375,1433.7672375310076,1415.9213186667782,1416.7918512943018,853500
2023-12-25 09:00:00+09:00,1414.615478515625,1449.0015163010817,1414.615478515625,1449.0015163010817,937500
2023-12-26 09:00:00+09:00,1414.18017578125,1423.320767868479,1403.2985185345492,1403.7337848244172,728200
2023-12-27 09:00:00+09:00,1425.4971923828125,1431.1556545205153,1415.9213333805462,1417.6623986536856,1393300
2023-12-28 09:00:00+09:00,1445.5494384765625,1445.5494384765625,1408.1184419192164,1414.802548447314,961000
2023-12-29 09:00:00+09:00,1447.3319091796875,1450.451158983954,1435.7461241924116,1443.7670522605256,602300
2024-01-04 09:00:00+09:00,1453.1248779296875,1455.798520759365,1436.1918066750638,1446.8863779937735,842500
2024-01-05 09:00:00+09:00,1442.8758544921875,1457.1352823315174,1437.9741761724179,1457.1352823315174,844100
2024-01-09 09:00:00+09:00,1464.264892578125,1464.264892578125,1443.3213594219558,1445.5493948641015,1204800
2024-01-10 09:00:00+09:00,1472.285888671875,1475.8507455451725,1460.700103833658,1465.601782034442,874100
2024-01-11 09:00:00+09:00,1472.7315673828125,1485.2085670459649,1459.808960588833,1485.2085670459649,1164000
2024-01-12 09:00:00+09:00,1484.762939453125,1486.0997608271823,1470.0579043384932,1481.1980824556385,906300
2024-01-15 09:00:00+09:00,1463.8193359375,1478.969977466229,1463.3737288337138,1474.0682993245814,195800
2024-01-16 09:00:00+09:00,1456.2440185546875,1478.9699809005533,1455.3528043450458,1474.0683027475234,1395500
2024-01-17 09:00:00+09:00,1445.1036376953125,1462.036705297046,1442.875602484558,1458.9174560019899,1286800
2024-01-18 09:00:00+09:00,1435.300537109375,1445.5495008950054,1435.300537109375,1442.430251047205,695000
2024-01-19 09:00:00+09:00,1395.6416015625,1430.398959455819,1395.6416015625,1430.398959455819,2316500
2024-01-22 09:00:00+09:00,1413.0201416015625,1424.6059264270564,1396.5326785806676,1396.5326785806676,1316800
2024-01-23 09:00:00+09:00,1421.4866943359375,1427.2795868206922,1416.5850160796067,1422.8235156785731,665400
2024-01-24 09:00:00+09:00,1424.1605224609375,1433.0726659056243,1420.1500579108285,1425.9429511498747,472700
2024-01-25 09:00:00+09:00,1444.658447265625,1445.1040544362806,1421.0412672208754,1424.160517415465,776200
2024-01-26 09:00:00+09:00,1440.2021484375,1461.145682155496,1432.181220630608,1457.1352182520498,963400
2024-01-29 09:00:00+09:00,1462.482666015625,1463.819487465365,1448.2232372183978,1452.6793087175313,853800
2024-01-30 09:00:00+09:00,1445.9949951171875,1474.9594557281634,1442.430138426606,1466.0473140017093,866700
2024-01-31 09:00:00+09:00,1440.6478271484375,1444.2126841286997,1432.181291820315,1441.539041393503,877200
2024-02-01 09:00:00+09:00,1443.321533203125,1453.1248903289259,1434.409390361488,1444.2127474872887,1025100
2024-02-02 09:00:00+09:00,1436.191650390625,1448.2230418149338,1433.963614941679,1445.1037921864092,583200
2024-02-05 09:00:00+09:00,1460.7001953125,1463.3738381349144,1429.5076957176632,1430.3989099918012,973800
2024-02-06 09:00:00+09:00,1451.7880859375,1460.2546217363988,1441.0935144020486,1459.8090145890883,777000
2024-02-07 09:00:00+09:00,1431.73583984375,1454.4618055555557,1427.7253753063726,1453.1249840430964,686000
2024-02-08 09:00:00+09:00,1413.911376953125,1431.7356615664642,1413.911376953125,1427.7251975284628,1243200
2024-02-09 09:00:00+09:00,1424.1605224609375,1424.1605224609375,1424.1605224609375,1424.1605224609375,139200
2024-02-13 09:00:00+09:00,1421.4866943359375,1425.0515512496327,1404.9992311100975,1422.3779085643614,932300
2024-02-14 09:00:00+09:00,1380.045166015625,1411.237662502901,1379.5995589229497,1410.7920554102257,1886500
2024-02-15 09:00:00+09:00,1404.999267578125,1409.9009459616832,1380.0452685345554,1385.8381611696698,1759200
2024-02-16 09:00:00+09:00,1347.5159912109375,1353.7544911702473,1277.1100630987257,1318.9971342540923,6196500
2024-02-19 09:00:00+09:00,1402.325439453125,1402.325439453125,1359.5471610332013,1364.4488387688175,1717400
2024-02-20 09:00:00+09:00,1421.932373046875,1425.0516230034177,1390.2942663447977,1407.2273375374589,1395400
2024-02-21 09:00:00+09:00,1422.3779296875,1430.8444649832588,1405.8904662168115,1420.1498940833528,1097200
2024-02-22 09:00:00+09:00,1368.905029296875,1425.9427388509116,1368.905029296875,1425.9427388509116,2057500
2024-02-26 09:00:00+09:00,1354.6456298828125,1372.0243073714407,1354.6456298828125,1368.4594504506963,1860500
2024-02-27 09:00:00+09:00,1366.2314453125,1370.6875165627039,1349.2983745617253,1351.9720173118476,815200
2024-02-28 09:00:00+09:00,1363.1123046875,1372.470055062929,1357.7650187586835,1369.350804937786,664600
2024-02-29 09:00:00+09:00,1359.9930419921875,1368.9051851245085,1351.0808988598665,1366.2315421848123,887500
2024-03-01 09:00:00+09:00,1351.97216796875,1364.8947760343708,1349.2985249206904,1354.6458110168094,1310000
2024-03-04 09:00:00+09:00,1355.09130859375,1368.905129891483,1352.8632729005674,1352.8632729005674,684200
2024-03-05 09:00:00+09:00,1360.8841552734375,1368.4594763735188,1338.6037990967277,1359.1017267793006,1028800
2024-03-06 09:00:00+09:00,1356.427978515625,1363.5576919375205,1343.059765849571,1347.9614438271242,755500
2024-03-07 09:00:00+09:00,1355.982421875,1364.8945639839385,1351.9719579259777,1363.1121355621508,722600
2024-03-08 09:00:00+09:00,1359.5472412109375,1367.5681688876982,1344.8422071368761,1350.1894922547167,923300
2024-03-11 09:00:00+09:00,1360.4384765625,1370.6874398644775,1348.8526919602643,1366.6769759637036,727300
2024-03-12 09:00:00+09:00,1379.5997314453125,1379.5997314453125,1355.5369454317315,1360.4386240641277,973800
2024-03-13 09:00:00+09:00,1366.6771240234375,1379.1541241775478,1357.764981056216,1372.4700169521316,844800
2024-03-14 09:00:00+09:00,1376.4803466796875,1376.4803466796875,1357.7648482787336,1372.4698827366258,529000
2024-03-15 09:00:00+09:00,1373.361083984375,1376.0347265878488,1365.3401561739536,1372.469869783217,795800
2024-03-18 09:00:00+09:00,1376.0347900390625,1382.2732897348355,1370.687504585543,1374.252361554556,760700
2024-03-19 09:00:00+09:00,1372.0244140625,1375.5892712604539,1366.6771282655693,1373.3612355117327,765700
2024-03-21 09:00:00+09:00,1376.0347900390625,1378.7084327658224,1371.1331117066695,1372.4699330700494,990300
2024-03-22 09:00:00+09:00,1378.262939453125,1393.8591899803992,1376.0349036635143,1384.9470468219567,852200
2024-03-25 09:00:00+09:00,1322.1163330078125,1378.7084375888683,1322.1163330078125,1378.7084375888683,2710700
2024-03-26 09:00:00+09:00,1302.0638427734375,1315.8776617761673,1294.042915610562,1312.758412323938,3045500
2024-03-27 09:00:00+09:00,1298.0537109375,1309.6394975782055,1297.6081037590113,1309.1938903997168,1835800
2024-03-28 09:00:00+09:00,1298.4991455078125,1318.1058587550135,1298.4991455078125,1308.7481092506675,2251800
2024-03-29 09:00:00+09:00,1295.3798828125,1304.2920251091116,1292.260633008686,1302.0639895349586,840000
2024-04-01 09:00:00+09:00,1314.541015625,1318.5514797404662,1306.0744802701272,1310.9761586334746,2024200
2024-04-02 09:00:00+09:00,1278.8924560546875,1311.4217763654863,1278.4468489271424,1310.0849549828506,2017600
2024-04-03 09:00:00+09:00,1280.2293701171875,1285.5766560348368,1266.4155481632604,1274.4364770397342,1406100
2024-04-04 09:00:00+09:00,1269.9803466796875,1281.120525159334,1266.4154895662007,1278.8924894634047,1616500
2024-04-05 09:00:00+09:00,1264.633056640625,1271.3171637053217,1255.720913887696,1270.4259494300288,1597100
2024-04-08 09:00:00+09:00,1273.99072265625,1274.8819368728687,1260.6225094069714,1261.0681165152807,1326200
2024-04-09 09:00:00+09:00,1278.001220703125,1281.56607766464,1269.9802925397164,1276.2187922223675,967200
2024-04-10 09:00:00+09:00,1285.1309814453125,1291.369481355241,1281.1205172175012,1285.576588581736,1233900
2024-04-11 09:00:00+09:00,1267.7523193359375,1276.2188550362478,1266.8611050516943,1275.3276407520045,1515400
2024-04-12 09:00:00+09:00,1275.32763671875,1280.6749224072983,1271.7627795930512,1271.7627795930512,1065000
2024-04-15 09:00:00+09:00,1256.612060546875,1271.7627024116246,1253.0472036375222,1270.8714881842864,1685100
2024-04-16 09:00:00+09:00,1255.720703125,1258.839952564984,1250.3734183707418,1253.9382748735807,1263700
2024-04-17 09:00:00+09:00,1246.8087158203125,1258.3945008851188,1246.8087158203125,1257.9488937672418,1384100
2024-04-18 09:00:00+09:00,1259.28564453125,1262.8505012744383,1248.1454672087868,1250.819109766178,988600
2024-04-19 09:00:00+09:00,1231.2125244140625,1265.524274099145,1231.2125244140625,1265.524274099145,1982100
2024-04-22 09:00:00+09:00,1263.296142578125,1267.3066065228174,1244.5806441695602,1247.699893904321,1466200
2024-04-23 09:00:00+09:00,1258.39453125,1264.6330310508145,1251.7104243205558,1263.7418167935552,1110900
2024-04-24 09:00:00+09:00,1255.720703125,1261.5135949421133,1251.2646324964514,1257.0575243135647,1284800
2024-04-25 09:00:00+09:00,1269.9803466796875,1276.2188466282894,1260.1769896175986,1265.969882427015,1565100
2024-04-26 09:00:00+09:00,1262.8507080078125,1262.8507080078125,1245.917635705661,1260.622672178582,1295200
2024-04-30 09:00:00+09:00,1281.12060546875,1282.9030341372284,1271.7628549592391,1276.2189266304347,967200
2024-05-01 09:00:00+09:00,1301.1728515625,1303.8464944081763,1273.5452088238442,1275.7732445285744,1154300
2024-05-02 09:00:00+09:00,1288.250244140625,1297.1623869572327,1283.7941727323212,1295.379958393911,872000
2024-05-07 09:00:00+09:00,1293.15185546875,1294.48867682175,1261.9593572320812,1265.5242141734147,1137100
2024-05-08 09:00:00+09:00,1300.281494140625,1307.8568147027877,1293.1517806703541,1296.7166374054896,1021200
2024-05-09 09:00:00+09:00,1315.4322509765625,1326.5724292538032,1303.4008584371427,1310.084965403487,1304500
2024-05-10 09:00:00+09:00,1315.4322509765625,1315.4322509765625,1300.2816085195154,1306.5201083547702,1235400
2024-05-13 09:00:00+09:00,1316.76904296875,1316.76904296875,1306.9656863036696,1315.43222160533,768800
2024-05-14 09:00:00+09:00,1336.8214111328125,1337.712625406901,1318.9971256510416,1321.6707684733074,1358600
2024-05-15 09:00:00+09:00,1337.7125244140625,1355.091201446757,1337.2669173106601,1343.9510238616963,1400800
2024-05-16 09:00:00+09:00,1370.6875,1374.2523569570872,1331.4740734720417,1336.8213589076724,1611600
2024-05-17 09:00:00+09:00,1371.578857421875,1377.8173577480304,1362.6667140987959,1368.9052144249513,1012100
2024-05-20 09:00:00+09:00,1359.9930419921875,1376.9261139435973,1357.3193990524912,1376.9261139435973,1107100
2024-05-21 09:00:00+09:00,1335.0389404296875,1363.1121891770406,1330.137262076975,1363.1121891770406,1038200
2024-05-22 09:00:00+09:00,1352.417724609375,1366.2315465081856,1328.8005452339887,1335.039045446355,1562400
2024-05-23 09:00:00+09:00,1360.4384765625,1362.6665120629298,1351.0807274606943,1354.6455842613823,716300
2024-05-24 09:00:00+09:00,1345.287841796875,1362.2209116836857,1344.8422346945906,1349.2983057174354,773300
2024-05-27 09:00:00+09:00,1346.17919921875,1359.5474137095023,1341.277520572141,1359.5474137095023,635600
2024-05-28 09:00:00+09:00,1343.5054931640625,1353.7544571251815,1339.9406361341082,1353.3088499964372,661100
2024-05-29 09:00:00+09:00,1334.147705078125,1350.6351683673336,1328.3548125711056,1341.277418932918,1764000
2024-05-30 09:00:00+09:00,1326.5723876953125,1342.1686367948544,1319.888280938366,1332.3652802179995,1715000
2024-05-31 09:00:00+09:00,1341.2774658203125,1348.8527870558426,1334.593358847786,1336.8213945052948,2404200
2024-06-03 09:00:00+09:00,1347.0704345703125,1353.308934763493,1335.4846484972632,1346.6248274136567,766400
2024-06-04 09:00:00+09:00,1362.2210693359375,1363.1122836436482,1347.070426104854,1351.9721047972635,592700
2024-06-05 09:00:00+09:00,1367.12255859375,1377.3715217122822,1359.9928451199887,1364.4489160410897,860000
2024-06-06 09:00:00+09:00,1346.17919921875,1359.1018065598105,1343.5055563205995,1354.645735062893,866100
2024-06-07 09:00:00+09:00,1350.6351318359375,1355.5368099785292,1345.7334536933458,1350.1895247320656,464300
2024-06-10 09:00:00+09:00,1349.7440185546875,1353.3088756522238,1335.930197301734,1350.1896256918794,615300
2024-06-11 09:00:00+09:00,1329.24609375,1346.1791650079617,1329.24609375,1344.8423435928594,1053000
2024-06-12 09:00:00+09:00,1333.256591796875,1345.7335919874874,1332.3653774975455,1336.821448994193,511000
2024-06-13 09:00:00+09:00,1333.256591796875,1339.940699041846,1331.0285560485513,1331.9197703478808,521400
2024-06-14 09:00:00+09:00,1342.168701171875,1348.4072011109208,1324.790022770247,1329.24609415528,972700
2024-06-17 09:00:00+09:00,1343.059814453125,1358.2104560229347,1340.3861718231587,1357.3192418129458,718900
2024-06-18 09:00:00+09:00,1345.7333984375,1352.8631118067053,1336.375649640418,1342.6141488384726,634300
2024-06-19 09:00:00+09:00,1337.7125244140625,1348.4070948957205,1332.3652391732335,1348.4070948957205,737700
2024-06-20 09:00:00+09:00,1348.4071044921875,1351.08074713163,1337.7125339344175,1341.7229978935811,583800
2024-06-21 09:00:00+09:00,1344.84228515625,1351.9719990603255,1343.9510709182405,1347.5159278702783,819800
2024-06-24 09:00:00+09:00,1363.5576171875,1372.469758476307,1351.08061938317,1351.9718335120506,1227000
2024-06-25 09:00:00+09:00,1377.8172607421875,1380.9365106856528,1368.9051180465717,1372.469975124818,1190900
2024-06-26 09:00:00+09:00,1372.91552734375,1382.2732767998418,1368.4594561741824,1372.4699202267932,2156200
2024-06-27 09:00:00+09:00,1357.838623046875,1367.8899183722556,1348.7010818419835,1352.3560983239402,1939200
2024-06-28 09:00:00+09:00,1329.0552978515625,1351.4422726177113,1326.7709126713432,1347.3303792933166,1918200
2024-07-01 09:00:00+09:00,1340.0203857421875,1345.9597873837313,1332.2534759032453,1334.0809841006435,941400
2024-07-02 09:00:00+09:00,1313.064697265625,1345.0460921189979,1310.3234348496217,1343.2185838416624,1183000
2024-07-03 09:00:00+09:00,1326.7708740234375,1328.1415050916435,1311.6939322731712,1319.460841659672,720000
2024-07-04 09:00:00+09:00,1322.2022705078125,1328.5985496325911,1317.6334997043991,1323.5729017488363,686200
2024-07-05 09:00:00+09:00,1322.6591796875,1323.116056778929,1314.8922691332039,1322.2023025960707,879600
2024-07-08 09:00:00+09:00,1315.805908203125,1326.3140803866918,1313.0646458943686,1323.1159410264759,726400
2024-07-09 09:00:00+09:00,1342.7615966796875,1342.7615966796875,1319.460868054079,1320.3746221178283,1021300
2024-07-10 09:00:00+09:00,1340.477294921875,1341.3910490424762,1319.9178272083493,1334.081016077667,753100
2024-07-11 09:00:00+09:00,1356.468017578125,1356.9248946470298,1341.391074304269,1346.8735991311257,842500
2024-07-12 09:00:00+09:00,1361.4935302734375,1364.2347924149276,1354.640374919712,1356.9247600376204,718800
2024-07-16 09:00:00+09:00,1382.052978515625,1385.707994657154,1359.2091276310694,1360.1228816664516,1231000
2024-07-17 09:00:00+09:00,1385.2513427734375,1398.0439013478624,1378.855063486225,1392.5613762445373,1119300
2024-07-18 09:00:00+09:00,1375.199951171875,1391.6475253387148,1369.717426449595,1384.7943694358648,1115900
2024-07-19 09:00:00+09:00,1366.0623779296875,1376.1136730181333,1355.0973287422921,1376.1136730181333,680100
2024-07-22 09:00:00+09:00,1379.7686767578125,1380.2255538030965,1362.8642260823028,1370.6311358521316,577400
2024-07-23 09:00:00+09:00,1367.43310546875,1377.4844012657138,1358.2955638351466,1372.0018762855516,570000
2024-07-24 09:00:00+09:00,1365.6055908203125,1380.225657366398,1358.7524346268349,1370.1743616159642,675400
2024-07-25 09:00:00+09:00,1361.4935302734375,1374.7429639573065,1358.7522681319472,1368.8035626507444,785800
2024-07-26 09:00:00+09:00,1363.7779541015625,1375.1998800153108,1357.3816755898633,1370.6311096498116,421400
2024-07-29 09:00:00+09:00,1384.3375244140625,1385.2512785555898,1370.1743352203873,1375.199982998788,620800
2024-07-30 09:00:00+09:00,1400.3282470703125,1402.612632465207,1375.2000077264734,1384.3375493060512,799600
2024-07-31 09:00:00+09:00,1396.6732177734375,1402.6126197463045,1371.5449786574613,1398.0438489979454,1178000
2024-08-01 09:00:00+09:00,1359.6661376953125,1371.088064255253,1354.183612946541,1369.2605560056625,1068300
2024-08-02 09:00:00+09:00,1338.19287109375,1357.8385841210738,1338.19287109375,1351.442305461015,1195900
2024-08-05 09:00:00+09:00,1264.6356201171875,1347.787239648014,1260.9806038740742,1324.9433881285563,1946800
2024-08-06 09:00:00+09:00,1324.9434814453125,1345.502949260843,1307.582153067753,1310.7802925057247,1388700
2024-08-07 09:00:00+09:00,1315.3489990234375,1336.3653428772334,1288.8501306860428,1299.3583026129406,1088500
2024-08-08 09:00:00+09:00,1218.4910888671875,1339.5635067711262,1176.9152774360236,1306.6683592651505,4860500
2024-08-09 09:00:00+09:00,1240.421142578125,1240.421142578125,1201.5865948362684,1228.9992167716966,1471400
2024-08-13 09:00:00+09:00,1250.472412109375,1250.472412109375,1216.663512403093,1222.6029137028452,1446200
2024-08-14 09:00:00+09:00,1255.041259765625,1269.661325405414,1249.5587351507043,1269.661325405414,1305000
2024-08-15 09:00:00+09:00,1418.6031494140625,1420.8875345177887,1340.020301845876,1343.2184409910928,4572300
2024-08-16 09:00:00+09:00,1407.1812744140625,1427.7407410856965,1381.596160333807,1418.603200342748,2541600
2024-08-19 09:00:00+09:00,1382.052978515625,1407.1812144886364,1377.0273313210228,1407.1812144886364,1339100
2024-08-20 09:00:00+09:00,1421.3446044921875,1421.3446044921875,1389.3632086984062,1396.673242022699,1030200
2024-08-21 09:00:00+09:00,1414.03466796875,1421.3447017934673,1406.267757029988,1421.3447017934673,651800
2024-08-22 09:00:00+09:00,1426.826904296875,1435.9644445101114,1409.008700881064,1412.2068399556968,855200
2024-08-23 09:00:00+09:00,1434.13720703125,1435.050961224962,1421.3446483192797,1428.197804772121,581800
2024-08-26 09:00:00+09:00,1435.964599609375,1447.843403169618,1425.4564272291602,1434.5939684293471,890800
2024-08-27 09:00:00+09:00,1455.1534423828125,1457.4378276926755,1430.025203974318,1435.964605779962,747900
2024-08-28 09:00:00+09:00,1447.386474609375,1449.2139827843869,1430.4820239905155,1444.6452123468573,535300
2024-08-29 09:00:00+09:00,1437.7919921875,1451.041425861932,1428.1975746991181,1444.6451475363442,1286400
2024-08-30 09:00:00+09:00,1441.4471435546875,1442.8177747529962,1430.9389710343205,1436.8783728936585,544000
2024-09-02 09:00:00+09:00,1439.6195068359375,1445.5589081653145,1429.1113352531934,1430.9388433545403,839700
2024-09-03 09:00:00+09:00,1463.8341064453125,1465.2047376311227,1440.076499224602,1443.731515720096,813000
2024-09-04 09:00:00+09:00,1430.4820556640625,1460.1790641655523,1423.1720228021575,1451.4984001420398,673200
2024-09-05 09:00:00+09:00,1446.4727783203125,1446.4727783203125,1422.7151710958476,1425.4564334679012,571700
2024-09-06 09:00:00+09:00,1444.1884765625,1464.291068453911,1437.3353202358826,1455.610403773529,693900
2024-09-09 09:00:00+09:00,1429.5682373046875,1440.9901631380583,1406.267508604611,1428.197606204683,863900
2024-09-10 09:00:00+09:00,1431.3958740234375,1436.8783989159626,1418.603315940879,1432.3096281721917,666700
2024-09-11 09:00:00+09:00,1403.069580078125,1431.8528375007631,1398.5008090586587,1431.8528375007631,701600
2024-09-12 09:00:00+09:00,1395.7593994140625,1419.9738832664177,1393.0181370911544,1414.0344815667834,916700
2024-09-13 09:00:00+09:00,1401.6988525390625,1415.8620417270388,1394.8456964803645,1394.8456964803645,827000
2024-09-17 09:00:00+09:00,1392.5611572265625,1416.3187622711102,1380.6823547042886,1416.3187622711102,801400
2024-09-18 09:00:00+09:00,1398.95751953125,1399.4143965787782,1385.251208105405,1394.8456261034964,625500
2024-09-19 09:00:00+09:00,1425.9130859375,1435.9643797185397,1406.724252355515,1409.0086373057513,991600
2024-09-20 09:00:00+09:00,1427.2838134765625,1435.9644768747876,1416.3187649735416,1429.1113215603993,2384700
2024-09-24 09:00:00+09:00,1442.3609619140625,1452.86913490235,1421.3446159374876,1427.7408951477496,905800
2024-09-25 09:00:00+09:00,1458.8084716796875,1466.1185047353952,1443.2746514363084,1443.73152850229,1109000
2024-09-26 09:00:00+09:00,1490.3330078125,1490.3330078125,1465.2047688702291,1466.5754000852621,1597400
2024-09-27 09:00:00+09:00,1581.2515869140625,1589.0184973380842,1497.1862035011218,1498.5568347524197,4530800
2024-09-30 09:00:00+09:00,1536.9344482421875,1557.4939161883524,1520.943750950726,1541.0463418314205,1569700
2024-10-01 09:00:00+09:00,1543.3306884765625,1558.4076312591933,1510.4355405871866,1523.6849751537407,1456200
2024-10-02 09:00:00+09:00,1589.0184326171875,1624.6548436994592,1546.9857426227134,1547.4426196878708,3473600
2024-10-03 09:00:00+09:00,1586.7340087890625,1612.7760008711173,1576.2258365454263,1606.3797221141215,1257000
2024-10-04 09:00:00+09:00,1580.3377685546875,1583.079030945936,1547.8994969249152,1553.382021707412,1120800
2024-10-07 09:00:00+09:00,1591.7596435546875,1594.0440288066316,1570.2864221864124,1583.5358566476884,1049700
2024-10-08 09:00:00+09:00,1527.7969970703125,1599.9835776735151,1525.9694887006112,1589.9322816401577,1688800
2024-10-09 09:00:00+09:00,1572.5709228515625,1578.5103249425185,1537.8482644736662,1548.3564374038192,976600
2024-10-10 09:00:00+09:00,1564.34716796875,1571.657201463931,1546.528961324246,1556.58025738012,949500
2024-10-11 09:00:00+09:00,1550.6407470703125,1562.9764277335119,1541.960082899913,1559.321411240712,724200
2024-10-15 09:00:00+09:00,1530.9949951171875,1550.6407082744656,1505.8667573578782,1550.6407082744656,2140800
2024-10-16 09:00:00+09:00,1517.2886962890625,1546.5288277441964,1512.7199257491977,1537.8481637184534,807000
2024-10-17 09:00:00+09:00,1525.9693603515625,1531.9087620535297,1515.4611881096207,1520.4868357035928,793700
2024-10-18 09:00:00+09:00,1509.9786376953125,1522.771194988949,1505.4098672332993,1514.0905311111242,742800
2024-10-21 09:00:00+09:00,1514.0904541015625,1518.659224331199,1504.039159596362,1513.1767000556351,587300
2024-10-22 09:00:00+09:00,1497.64306640625,1509.5218704717051,1477.540474910864,1509.5218704717051,892600
2024-10-23 09:00:00+09:00,1491.2467041015625,1499.013614018758,1484.3935482922723,1497.6429828569,506900
2024-10-24 09:00:00+09:00,1490.3330078125,1493.5311473142435,1478.454203948881,1484.3936058806905,502400
2024-10-25 09:00:00+09:00,1485.3072509765625,1507.6942258451727,1472.9715709469203,1506.780471768903,614200
2024-10-28 09:00:00+09:00,1488.96240234375,1492.160541900794,1478.4542295134627,1487.591771105017,554700
2024-10-29 09:00:00+09:00,1512.719970703125,1533.2794387434876,1490.332994392508,1497.6430274735258,1163900
2024-10-30 09:00:00+09:00,1509.521728515625,1520.9436544275168,1504.9529581508682,1517.2886381357114,663800
2024-10-31 09:00:00+09:00,1509.06494140625,1518.6593597439826,1506.3236790240405,1518.6593597439826,477100
2024-11-01 09:00:00+09:00,1459.72216796875,1509.5217661874021,1458.8084138729948,1506.7805039001369,870100
2024-11-05 09:00:00+09:00,1459.2652587890625,1464.2909062050549,1433.6801446712832,1462.9202750916024,1280500
2024-11-06 09:00:00+09:00,1462.9202880859375,1472.5147059653268,1448.3002227459156,1472.5147059653268,865100
2024-11-07 09:00:00+09:00,1449.2139892578125,1457.4377760821003,1427.7407681055056,1448.3002351662249,1761300
2024-11-08 09:00:00+09:00,1315.805908203125,1371.0880314297146,1306.6683671739368,1370.6311543782554,3917000
2024-11-11 09:00:00+09:00,1320.8316650390625,1336.365486073766,1310.7803690754308,1321.2885421283186,1600800
2024-11-12 09:00:00+09:00,1311.694091796875,1331.3398061637388,1311.2372147185758,1321.2885104411573,1062300
2024-11-13 09:00:00+09:00,1307.125244140625,1330.425973763544,1304.840858883476,1324.9434491463867,1054200
2024-11-14 09:00:00+09:00,1283.8245849609375,1311.6940866273492,1283.8245849609375,1308.4959470918593,1129800
2024-11-15 09:00:00+09:00,1292.04833984375,1300.2721270139011,1279.2557820235147,1285.6520609336324,983900
2024-11-18 09:00:00+09:00,1311.694091796875,1313.9784771883708,1297.0740252913022,1297.530902369601,891800
2024-11-19 09:00:00+09:00,1322.2022705078125,1332.2535662753216,1320.374762186447,1327.227918391567,933300
2024-11-20 09:00:00+09:00,1327.227783203125,1345.5028645553195,1322.2021358312716,1331.3396765073687,832400
2024-11-21 09:00:00+09:00,1332.2535400390625,1338.1929419665344,1324.0297527548707,1328.5985234683105,789000
2024-11-22 09:00:00+09:00,1339.5635986328125,1344.1323694330608,1331.3398111923655,1343.2186152730112,826200
2024-11-25 09:00:00+09:00,1347.787353515625,1372.4587152409958,1347.787353515625,1351.4423700675318,1187600
2024-11-26 09:00:00+09:00,1355.0972900390625,1365.148584840431,1343.2184870919905,1345.045995237694,1099300
2024-11-27 09:00:00+09:00,1332.2535400390625,1361.4936726050776,1323.5728756835267,1345.959852179382,1171300
2024-11-28 09:00:00+09:00,1346.416748046875,1348.244256357763,1332.2535586374916,1333.1673127929355,730500
2024-11-29 09:00:00+09:00,1343.218505859375,1348.2441533302774,1338.649735431282,1343.218505859375,473500
2024-12-02 09:00:00+09:00,1349.6148681640625,1357.3817783735376,1340.0204496700053,1343.2185891680244,724400
2024-12-03 09:00:00+09:00,1372.4586181640625,1378.854896677477,1359.6660611372336,1359.6660611372336,865100
2024-12-04 09:00:00+09:00,1359.6661376953125,1375.1999578168316,1350.0717193849625,1366.9761706936745,791600
2024-12-05 09:00:00+09:00,1372.001708984375,1376.5704792440633,1357.8385211793416,1363.3210454909674,821500
2024-12-06 09:00:00+09:00,1356.0111083984375,1376.1136989542094,1355.5542313403519,1372.001805431438,909100
2024-12-09 09:00:00+09:00,1368.8037109375,1378.3981294721086,1364.2349402067339,1370.1743421567298,926600
2024-12-10 09:00:00+09:00,1388.449462890625,1392.1044795747728,1376.5706586671447,1388.9063399761435,1231900
2024-12-11 09:00:00+09:00,1384.3375244140625,1396.216328253919,1380.6825078479526,1381.5962619894801,697400
2024-12-12 09:00:00+09:00,1384.7943115234375,1401.2418850024358,1372.4586314141886,1387.5355737699372,1611100
2024-12-13 09:00:00+09:00,1374.2862548828125,1398.9576171712672,1372.458746565149,1379.7687798358024,1085600
2024-12-16 09:00:00+09:00,1349.6148681640625,1384.3375255711271,1349.6148681640625,1384.3375255711271,1083800
2024-12-17 09:00:00+09:00,1351.4422607421875,1359.6660473187121,1340.4772119734882,1347.3303674539252,759000
2024-12-18 09:00:00+09:00,1345.0460205078125,1357.3817007230678,1343.2185123277748,1350.528545047926,815100
2024-12-19 09:00:00+09:00,1339.5635986328125,1349.6148943933588,1334.0810736725145,1334.0810736725145,778600
2024-12-20 09:00:00+09:00,1337.7359619140625,1352.3560270715932,1334.9946996970255,1352.3560270715932,856600
2024-12-23 09:00:00+09:00,1343.218505859375,1353.7266778439891,1335.908473174426,1340.9341206453284,728600
2024-12-24 09:00:00+09:00,1343.218505859375,1351.4422926299426,1342.7616288165657,1347.787276287468,597800
2024-12-25 09:00:00+09:00,1334.9947509765625,1345.046046158453,1330.8828574930617,1343.218537943564,762300
2024-12-26 09:00:00+09:00,1339.1065673828125,1343.675337657063,1333.1671660262868,1335.9084281908372,1465600
2024-12-27 09:00:00+09:00,1359.2752685546875,1360.68238580992,1338.637548811276,1340.5137051515862,1200400
2024-12-30 09:00:00+09:00,1365.8419189453125,1366.7799971863465,1355.992097414457,1362.558645101694,754500
2025-01-06 09:00:00+09:00,1341.9207763671875,1367.7179251613836,1341.451737298202,1365.841768885442,843800
2025-01-07 09:00:00+09:00,1341.9207763671875,1347.549245195012,1331.601916849509,1342.3898154361727,772200
2025-01-08 09:00:00+09:00,1328.7877197265625,1341.9208140267192,1325.5044461515233,1335.3542668766408,697600
2025-01-09 09:00:00+09:00,1321.2830810546875,1332.0709798350417,1321.2830810546875,1325.0353936739411,764200
2025-01-10 09:00:00+09:00,1323.1593017578125,1333.0091228627095,1313.3094806529157,1317.9998716552475,799400
2025-01-14 09:00:00+09:00,1313.778564453125,1327.380698822686,1304.3977821292897,1323.628385893152,1102500
2025-01-15 09:00:00+09:00,1309.088134765625,1321.2831514277198,1308.1500565608485,1314.2475648918958,701100
2025-01-16 09:00:00+09:00,1308.1500244140625,1314.7165716861302,1301.5834771419948,1305.3357898688905,788000
2025-01-17 09:00:00+09:00,1312.371337890625,1314.2474941992607,1299.2382437301756,1300.1763218844933,744800
2025-01-20 09:00:00+09:00,1315.6546630859375,1323.1592886151266,1313.7785067036402,1314.2475457992145,442400
2025-01-21 09:00:00+09:00,1342.389892578125,1344.266048961882,1321.7521723567982,1323.159289644616,688300
2025-01-22 09:00:00+09:00,1345.6732177734375,1353.646882709704,1341.9209048622533,1350.8326480263158,839200
2025-01-23 09:00:00+09:00,1344.2659912109375,1347.080225665671,1336.7613659983153,1341.4517567562043,575500
2025-01-24 09:00:00+09:00,1369.5941162109375,1370.0631552918317,1340.5136931954999,1341.4517713572882,1026600
2025-01-27 09:00:00+09:00,1384.6033935546875,1384.6033935546875,1365.8418299563855,1369.5941426760457,994700
2025-01-28 09:00:00+09:00,1393.5152587890625,1403.3650805442192,1381.7892805091142,1386.9487109522915,1102400
2025-01-29 09:00:00+09:00,1380.85107421875,1393.5151295869246,1377.0987615170686,1393.5151295869246,563100
2025-01-30 09:00:00+09:00,1390.700927734375,1392.1080450305649,1374.7535983775558,1377.0987938712058,578300
2025-01-31 09:00:00+09:00,1380.85107421875,1393.5151295869246,1380.3820351310399,1393.0460904992144,458400
2025-02-03 09:00:00+09:00,1351.7706298828125,1376.16066206668,1351.7706298828125,1376.16066206668,666200
2025-02-04 09:00:00+09:00,1343.3280029296875,1361.6205281092468,1340.04472917951,1360.6824498949104,475700
2025-02-05 09:00:00+09:00,1344.2659912109375,1349.4254210446152,1335.3542487709487,1343.7969521351486,466000
2025-02-06 09:00:00+09:00,1353.177734375,1364.9037112759966,1350.3634999187607,1353.6467734510397,476200
2025-02-07 09:00:00+09:00,1353.6468505859375,1361.6205153329788,1347.5493422499649,1353.1778114831704,427400
2025-02-10 09:00:00+09:00,1363.49658203125,1368.656011822218,1354.1158005931266,1355.9919568807513,445200
2025-02-12 09:00:00+09:00,1369.5941162109375,1373.3464288580908,1361.620451835737,1369.5941162109375,669100
2025-02-13 09:00:00+09:00,1392.1080322265625,1399.612657737218,1377.0987812052517,1387.8866803768187,819100
2025-02-14 09:00:00+09:00,1390.700927734375,1401.0197879064344,1380.8511066610454,1397.7365142153246,770000
2025-02-17 09:00:00+09:00,1511.712890625,1594.732804258455,1502.3321094234798,1557.2096794523736,3809300
2025-02-18 09:00:00+09:00,1540.3243408203125,1545.9528097879872,1484.0396511435654,1519.686621272172,1876600
2025-02-19 09:00:00+09:00,1561.43115234375,1564.2453869229216,1529.0674546832759,1538.448236613848,1208200
2025-02-20 09:00:00+09:00,1546.421875,1561.4311258340917,1531.8816632544738,1561.4311258340917,904600
2025-02-21 09:00:00+09:00,1567.0595703125,1574.0951565306045,1537.5101081964606,1545.9528116581862,1351300
2025-02-25 09:00:00+09:00,1544.07666015625,1570.3428487858823,1525.3150968493696,1567.9976533725223,1188200
2025-02-26 09:00:00+09:00,1523.907958984375,1537.979131274166,1510.3058257709104,1535.1648968162078,958200
2025-02-27 09:00:00+09:00,1501.3941650390625,1525.7841983355422,1491.0753047982441,1524.377081029976,1024900
2025-02-28 09:00:00+09:00,1485.915771484375,1499.517904493544,1467.6232477823894,1499.517904493544,701400
2025-03-03 09:00:00+09:00,1493.42041015625,1511.2438949508282,1459.6495968612594,1487.7919412737515,1231300
2025-03-04 09:00:00+09:00,1485.4468994140625,1514.9963641008594,1477.94227346186,1504.6775034165812,737900
2025-03-05 09:00:00+09:00,1520.15576171875,1528.1294266213167,1485.9159065489046,1493.4205323395556,946500
2025-03-06 09:00:00+09:00,1526.7222900390625,1536.1030721591183,1521.562859873032,1525.784211827057,429400
2025-03-07 09:00:00+09:00,1577.3785400390625,1581.5998920641448,1552.519467002467,1557.2098581414475,1768600
2025-03-10 09:00:00+09:00,1581.1307373046875,1591.4495970557118,1572.6880338720312,1585.3520890210157,1151200
2025-03-11 09:00:00+09:00,1574.09521484375,1582.068879519657,1553.9265336046913,1568.9357847593396,956600
2025-03-12 09:00:00+09:00,1580.6617431640625,1585.3521340933328,1545.483811194536,1545.952850287463,779700
2025-03-13 09:00:00+09:00,1575.971435546875,1595.2020393734888,1570.8120052519298,1578.3166311354864,1195100
2025-03-14 09:00:00+09:00,1663.6817626953125,1674.9387016027517,1577.3785644049437,1588.1664641912398,2844000
2025-03-17 09:00:00+09:00,1703.0809326171875,1772.0296787187372,1679.159939071752,1679.159939071752,3339100
2025-03-18 09:00:00+09:00,1738.7279052734375,1790.7912442228176,1724.1876934947818,1772.9677588167235,1961600
2025-03-19 09:00:00+09:00,1728.878173828125,1744.35646458676,1719.4973915501646,1738.7279952199835,1429400
2025-03-21 09:00:00+09:00,1684.3193359375,1733.099400247581,1674.469515259503,1725.1257358892021,1438600
2025-03-24 09:00:00+09:00,1678.69091796875,1685.2574652868732,1651.0176114138028,1677.283800686295,911500
2025-03-25 09:00:00+09:00,1662.274658203125,1681.036223194131,1651.4867583332966,1669.7792841995274,1011500
2025-03-26 09:00:00+09:00,1706.3642578125,1709.6475315356138,1676.3457552011753,1681.0361462341948,2210000
2025-03-27 09:00:00+09:00,1728.878173828125,1728.878173828125,1693.7002402857731,1704.9571790193256,1187500
2025-03-28 09:00:00+09:00,1720.435546875,1739.6661514065906,1708.2405293671618,1733.0996035177548,1243300
2025-03-31 09:00:00+09:00,1724.65673828125,1734.0375201049176,1688.5407282601307,1689.4788064424974,1697100
2025-04-01 09:00:00+09:00,1728.878173828125,1743.418386358964,1700.7358269942436,1716.6831568667765,1046800
2025-04-02 09:00:00+09:00,1697.921630859375,1740.135152068586,1690.8860439911732,1734.9757216985713,1145200
2025-04-03 09:00:00+09:00,1670.2481689453125,1674.938559759537,1635.0702378386295,1641.1677458971212,1219800
2025-04-04 09:00:00+09:00,1618.6539306640625,1643.5130029112938,1598.9542885058793,1636.9464555252328,1246900
2025-04-07 09:00:00+09:00,1518.2796630859375,1554.8647152084902,1492.48251094824,1506.0846457117532,1779700
2025-04-08 09:00:00+09:00,1561.900146484375,1578.316514390367,1541.262426831128,1555.8026384050065,1127300
2025-04-09 09:00:00+09:00,1569.873779296875,1579.2545607686222,1526.2531454532511,1560.492997825128,1219600
2025-04-10 09:00:00+09:00,1612.08740234375,1622.8753017484362,1577.3785086069338,1594.732955475342,1189500
2025-04-11 09:00:00+09:00,1604.11376953125,1608.3351215563323,1561.4312101665296,1590.0425961143092,1152500
2025-04-14 09:00:00+09:00,1660.867431640625,1674.0005262709376,1617.7158349981687,1622.875265031506,843500
2025-04-15 09:00:00+09:00,1647.2652587890625,1667.9029784322056,1645.3891024578677,1663.2125876042185,590200
2025-04-16 09:00:00+09:00,1613.4945068359375,1647.7343611961187,1601.299490214503,1642.5749310870503,1014400
2025-04-17 09:00:00+09:00,1633.194091796875,1640.6987171468893,1623.813310109357,1639.7606389781376,659000
2025-04-18 09:00:00+09:00,1625.6895751953125,1635.5393966260976,1621.937262269299,1629.9109272370777,456000
2025-04-21 09:00:00+09:00,1636.9464111328125,1636.9464111328125,1613.4944568185888,1633.6631375288212,829400
2025-04-22 09:00:00+09:00,1614.4326171875,1626.158594941622,1605.5208740943674,1622.875321170468,998900
2025-04-23 09:00:00+09:00,1596.609130859375,1625.6895556870134,1593.7948961986358,1619.592047255412,1070200
2025-04-24 09:00:00+09:00,1584.4140625,1609.7421736234458,1579.7236715512136,1597.0781180617228,824200
2025-04-25 09:00:00+09:00,1600.8304443359375,1609.7421872138698,1591.9187014580052,1597.5471706440676,611200
2025-04-28 09:00:00+09:00,1598.4852294921875,1602.2375422374744,1591.4496430947747,1595.6709949332223,479900
2025-04-30 09:00:00+09:00,1619.592041015625,1622.875314773838,1596.6091247081342,1604.5827895495086,822700
2025-05-01 09:00:00+09:00,1599.892333984375,1614.9015848455595,1590.0425131067227,1613.4944675773233,521200
2025-05-02 09:00:00+09:00,1607.865966796875,1621.468100121586,1592.3876771515143,1593.7947943920014,701000
2025-05-07 09:00:00+09:00,1586.290283203125,1607.8660824424342,1579.7237356085527,1604.11376953125,868100
2025-05-08 09:00:00+09:00,1594.7330322265625,1596.6091887350642,1572.6881932516658,1594.7330322265625,563000
2025-05-09 09:00:00+09:00,1604.11376953125,1612.0874344675165,1592.3877916837994,1602.706652189556,911400
2025-05-12 09:00:00+09:00,1594.7330322265625,1603.1757365148208,1586.2903279383042,1597.0782278621898,1180600
2025-05-13 09:00:00+09:00,1679.159912109375,1706.833217923468,1554.395516405159,1611.1492452781295,2207500
2025-05-14 09:00:00+09:00,1677.2838134765625,1738.2588961812473,1653.8318585901452,1716.6830976857436,1840900
2025-05-15 09:00:00+09:00,1717.152099609375,1744.356366688682,1684.3193634791767,1695.1072624933847,1512000
2025-05-16 09:00:00+09:00,1708.70947265625,1722.7806459144679,1697.921573158283,1716.6831375025733,903500
2025-05-19 09:00:00+09:00,1689.478759765625,1721.3734170849095,1675.407587418882,1689.0097206874002,716000
2025-05-20 09:00:00+09:00,1709.6475830078125,1718.5593262388545,1694.6383312502678,1712.9308568297752,985200
2025-05-21 09:00:00+09:00,1692.761962890625,1705.8950565345533,1679.1598301879849,1704.0189002997065,889700
2025-05-22 09:00:00+09:00,1692.2930908203125,1713.399850545067,1683.8503869304107,1691.8240517153179,723400
2025-05-23 09:00:00+09:00,1695.1072998046875,1695.1072998046875,1671.6553449097694,1675.4076576929563,783800
2025-05-26 09:00:00+09:00,1691.35498046875,1696.9834496217243,1676.8147684902333,1677.2838075863147,703100
2025-05-27 09:00:00+09:00,1684.7884521484375,1698.8596251897663,1675.8767092222627,1691.3549995677245,660000
2025-05-28 09:00:00+09:00,1732.161376953125,1734.9756115216924,1706.3642267412588,1713.399813162677,1823700
2025-05-29 09:00:00+09:00,1739.197021484375,1775.782072098124,1738.2589432635095,1769.2155245520664,2156200
2025-05-30 09:00:00+09:00,1748.5777587890625,1759.8346971503656,1730.7542730503328,1752.3300715761636,1884000
2025-06-02 09:00:00+09:00,1756.0823974609375,1767.808375008086,1741.0731462005876,1744.825459015675,1185200
2025-06-03 09:00:00+09:00,1730.2852783203125,1746.2326080744167,1716.6831441182824,1737.320864976535,1319700
2025-06-04 09:00:00+09:00,1709.1785888671875,1729.347271447124,1701.673962790932,1719.0284105922728,942900
2025-06-05 09:00:00+09:00,1700.266845703125,1710.585706559806,1689.947984846444,1700.735884832974,717300
2025-06-06 09:00:00+09:00,1696.514404296875,1719.497319920471,1693.7001697307203,1711.9926944107253,428800
2025-06-09 09:00:00+09:00,1680.567138671875,1704.4881333892251,1679.1600213355603,1704.4881333892251,861300
2025-06-10 09:00:00+09:00,1694.169189453125,1704.0190103220384,1684.7884076732073,1686.195524940195,458800
2025-06-11 09:00:00+09:00,1683.850341796875,1706.3642182331562,1683.850341796875,1695.1072800150157,502000
2025-06-12 09:00:00+09:00,1678.69091796875,1695.1072862640578,1673.531487933082,1683.8503480044183,661900
2025-06-13 09:00:00+09:00,1666.96484375,1680.0979376231007,1659.929257746553,1680.0979376231007,548800
2025-06-16 09:00:00+09:00,1671.186279296875,1671.186279296875,1653.8318329499807,1666.9649274827655,480400
2025-06-17 09:00:00+09:00,1680.0980224609375,1684.788413366747,1665.5578106529283,1674.4695533739662,587000
2025-06-18 09:00:00+09:00,1685.2574462890625,1697.921501688396,1665.5578045567663,1688.5407199111119,453000
2025-06-19 09:00:00+09:00,1665.0887451171875,1679.1599176111354,1665.0887451171875,1666.9649014497138,387700
2025-06-20 09:00:00+09:00,1655.239013671875,1669.3101869249656,1655.239013671875,1660.8674829731112,706100
2025-06-23 09:00:00+09:00,1670.71728515625,1671.186324259326,1656.1770729608982,1658.5222684762775,597000
2025-06-24 09:00:00+09:00,1689.0098876953125,1700.735865810387,1679.16006607865,1686.6646920722976,886600
2025-06-25 09:00:00+09:00,1681.505126953125,1700.2666904337734,1680.5670487790926,1683.3812833011898,956200
2025-06-26 09:00:00+09:00,1667.9029541015625,1704.488002026175,1664.15064149391,1698.8595331146962,1087600
2025-06-27 09:00:00+09:00,1689.949951171875,1692.8256459271306,1666.465110670621,1677.488607232434,585100
2025-06-30 09:00:00+09:00,1679.40576171875,1694.742800638556,1678.9264792525062,1685.1571513136773,674600
2025-07-01 09:00:00+09:00,1703.369873046875,1719.1861943216488,1684.1985745319973,1687.0742693092288,951800
2025-07-02 09:00:00+09:00,1669.3408203125,1708.6419823181345,1669.3408203125,1687.5535539248672,988800
2025-07-03 09:00:00+09:00,1689.949951171875,1711.9969442955012,1669.3408054258766,1677.488607232434,1243300
2025-07-04 09:00:00+09:00,1681.80224609375,1735.0026021257836,1672.2165963582484,1677.9679861995494,898700
2025-07-07 09:00:00+09:00,1643.4595947265625,1682.76075738844,1643.4595947265625,1672.216543015741,689400
2025-07-08 09:00:00+09:00,1647.2939453125,1652.086770291588,1634.353317868963,1636.2704478605979,846400
2025-07-09 09:00:00+09:00,1646.3353271484375,1657.3588242443368,1642.5010672889944,1643.459632253855,361900
2025-07-10 09:00:00+09:00,1627.1640625,1642.5011022643594,1620.933390095729,1640.5839722938144,730200
2025-07-11 09:00:00+09:00,1646.3353271484375,1647.7731745957287,1628.1225928160823,1637.2289599822598,561200
2025-07-14 09:00:00+09:00,1627.1640625,1645.856079712813,1626.6847800073638,1631.477604933726,499700
2025-07-15 09:00:00+09:00,1642.5009765625,1648.731648489933,1638.1874344588928,1639.1459993708054,552800
2025-07-16 09:00:00+09:00,1632.4361572265625,1639.1461120712988,1625.7262023818262,1635.311852160021,497800
2025-07-17 09:00:00+09:00,1634.83251953125,1639.1460617991424,1630.9982597375679,1634.3532370570397,422400
2025-07-18 09:00:00+09:00,1630.5189208984375,1645.3766770853429,1628.122508610227,1639.1460051359954,352900
2025-07-22 09:00:00+09:00,1582.5908203125,1633.8740479846495,1577.3187127948024,1629.5605054701696,968100
2025-07-23 09:00:00+09:00,1595.052001953125,1619.9746894836426,1594.0934370481052,1605.596215908344,1068300
2025-07-24 09:00:00+09:00,1592.6556396484375,1593.1349221159815,1580.6735779598396,1587.8628149729984,798900
2025-07-25 09:00:00+09:00,1587.8629150390625,1602.7206724692498,1586.4250675458186,1599.844977482762,463100
2025-07-28 09:00:00+09:00,1588.3421630859375,1591.6971404974045,1576.8393833894793,1587.3835981112325,427100
2025-07-29 09:00:00+09:00,1610.868408203125,1649.6902889125724,1589.7799791757707,1592.1763915652427,1211200
2025-07-30 09:00:00+09:00,1603.67919921875,1610.3891540271966,1578.756509930234,1610.3891540271966,1680300
2025-07-31 09:00:00+09:00,1600.803466796875,1615.1819410495416,1600.803466796875,1607.5134214481193,588800
2025-08-01 09:00:00+09:00,1620.933349609375,1622.3711970513702,1600.8034854214407,1600.8034854214407,426000
2025-08-04 09:00:00+09:00,1630.9981689453125,1641.0631003434469,1610.3890237015135,1610.3890237015135,842500
2025-08-05 09:00:00+09:00,1614.223388671875,1635.7911002188566,1614.223388671875,1629.560427994173,450600
2025-08-06 09:00:00+09:00,1606.5548095703125,1624.7675430916943,1606.5548095703125,1614.7026114088253,603300
2025-08-07 09:00:00+09:00,1629.0811767578125,1644.8974988622572,1567.7330182920873,1601.2827924530307,1475600
2025-08-08 09:00:00+09:00,1648.731689453125,1692.8256764966388,1629.0811082706896,1687.0742868822674,1254800
2025-08-12 09:00:00+09:00,1693.7843017578125,1696.6599966674185,1665.9859176316234,1677.4886972700465,1462200
2025-08-13 09:00:00+09:00,1695.7012939453125,1710.559049771289,1674.1335838753469,1698.0977061753088,1069000
2025-08-14 09:00:00+09:00,1700.4942626953125,1715.3520197819964,1684.6779406352941,1698.0978502619764,1092700
2025-08-15 09:00:00+09:00,1686.11572265625,1690.90854733691,1675.0922258907315,1687.074287592382,742800
2025-08-18 09:00:00+09:00,1665.02734375,1675.0922758797494,1653.5245641731433,1670.2994510560593,907700
2025-08-19 09:00:00+09:00,1705.766357421875,1714.3934421180238,1652.5660017956238,1664.0687813904888,894700
2025-08-20 09:00:00+09:00,1788.6822509765625,1803.0607256628691,1703.3699678378089,1703.8492503273524,2263900
2025-08-21 09:00:00+09:00,1760.8837890625,1809.2913183753233,1750.3395747567365,1793.474996916678,806500
2025-08-22 09:00:00+09:00,1775.2623291015625,1779.5758714778892,1741.7125550634662,1760.883854513807,571800
2025-08-25 09:00:00+09:00,1771.9072265625,1788.6821123968757,1758.96660034741,1786.764982587233,858600
2025-08-26 09:00:00+09:00,1726.854736328125,1767.5937462054192,1722.5411941058233,1766.1558987979852,706300
2025-08-27 09:00:00+09:00,1715.3519287109375,1735.0025096210097,1708.6419742538396,1734.0439446985672,476900
2025-08-28 09:00:00+09:00,1728.2926025390625,1730.689014910858,1709.600586039056,1715.831258205725,471100
2025-08-29 09:00:00+09:00,1725.8961181640625,1731.1682251620643,1718.2275988942415,1728.2925304358814,356200
2025-09-01 09:00:00+09:00,1769.0316162109375,1790.1200451226907,1764.2387914582664,1786.285785320554,599500
2025-09-02 09:00:00+09:00,1774.782958984375,1782.9307608484676,1767.59372204547,1775.2622414469688,442800
2025-09-03 09:00:00+09:00,1778.137939453125,1781.9721991608408,1752.735968889509,1767.593725256907,886900
2025-09-04 09:00:00+09:00,1778.6171875,1788.202836583805,1774.3036454122878,1782.9307295877122,442900
2025-09-05 09:00:00+09:00,1779.0965576171875,1781.013687528413,1760.8838234605462,1769.5109080610605,488100
2025-09-08 09:00:00+09:00,1788.6822509765625,1806.415703089674,1782.4515786124962,1792.516510892911,429500
2025-09-09 09:00:00+09:00,1771.4281005859375,1788.2029879020922,1769.0316881122012,1784.8480104388614,377000
2025-09-10 09:00:00+09:00,1765.6766357421875,1779.0965450257872,1756.5702687283163,1778.1379800769587,573500
2025-09-11 09:00:00+09:00,1754.173828125,1763.7594774590166,1738.357506723873,1758.9666527920083,547000
2025-09-12 09:00:00+09:00,1753.694580078125,1787.7236358817727,1752.7360151259095,1780.534398740157,468700
2025-09-16 09:00:00+09:00,1772.3865966796875,1772.3865966796875,1747.943190397734,1753.215297635018,430100
2025-09-17 09:00:00+09:00,1758.4874267578125,1771.4280537740187,1756.0910143474039,1764.238816542793,586300
2025-09-18 09:00:00+09:00,1761.8424072265625,1785.8065313727345,1754.653169982711,1781.9722715093471,442900
2025-09-19 09:00:00+09:00,1717.7484130859375,1763.2802488122668,1713.4348707539696,1762.800966330937,720100
2025-09-22 09:00:00+09:00,1711.5177001953125,1733.5646938130624,1706.7248754958018,1713.914112545068,641700
2025-09-24 09:00:00+09:00,1728.2926025390625,1735.9611221288087,1716.7898231544432,1720.144800474957,504300
2025-09-25 09:00:00+09:00,1710.079833984375,1730.688979965689,1707.6834216609666,1723.4997429954633,605500
2025-09-26 09:00:00+09:00,1717.7484130859375,1724.9376503058843,1710.079893384661,1711.9970233099802,485500
2025-09-29 09:00:00+09:00,1698.0977783203125,1724.4583139702186,1688.512128993074,1719.6654893065993,516500
2025-09-30 09:00:00+09:00,1700.973388671875,1706.245495540117,1693.3048695907958,1705.286930654982,437000
2025-10-01 09:00:00+09:00,1672.216552734375,1688.9914393338886,1666.944445517385,1683.240049642627,439400
2025-10-02 09:00:00+09:00,1657.3587646484375,1670.7786736739308,1648.25239780971,1667.9029788827538,412900
2025-10-03 09:00:00+09:00,1652.5660400390625,1669.3409273364427,1652.5660400390625,1657.358864981171,374200
2025-10-06 09:00:00+09:00,1668.861572265625,1688.032871200325,1663.110182585215,1674.612961946035,785600
2025-10-07 09:00:00+09:00,1666.9444580078125,1674.6129776536218,1653.524548627646,1665.0273280963602,598800
2025-10-08 09:00:00+09:00,1690.42919921875,1701.9319780056085,1668.3822065439379,1685.157092274773,768000
2025-10-09 09:00:00+09:00,1693.3050537109375,1693.3050537109375,1678.9265788704822,1682.2815563332551,552700
2025-10-10 09:00:00+09:00,1665.98583984375,1684.677855883424,1665.98583984375,1677.9679014076435,970300
2025-10-14 09:00:00+09:00,1658.3173828125,1677.0093995551842,1622.8504792494582,1639.1460835892342,932500
2025-10-15 09:00:00+09:00,1671.7371826171875,1679.4057018035048,1660.2344038377114,1665.9857932274494,513800
2025-10-16 09:00:00+09:00,1677.4886474609375,1686.115731933594,1664.06873828125,1669.3408454589844,493000
2025-10-17 09:00:00+09:00,1697.1392822265625,1704.3285195135995,1673.1751579364386,1679.8851127376734,693200
2025-10-20 09:00:00+09:00,1723.9791259765625,1739.316165740602,1713.4349111387853,1723.4998434839363,587800
2025-10-21 09:00:00+09:00,1718.227783203125,1728.2927158243986,1710.079980604951,1717.74850069735,402900
2025-10-22 09:00:00+09:00,1723.0205078125,1733.0854398470099,1717.7484005563283,1729.2511800243394,449600
2025-10-23 09:00:00+09:00,1723.9791259765625,1730.2097983807037,1718.707018557674,1723.02056099131,296900
2025-10-24 09:00:00+09:00,1706.724853515625,1728.2925643856624,1702.4113113416176,1722.0618923565405,435700
2025-10-27 09:00:00+09:00,1724.458251953125,1727.3339466478772,1710.0797784793635,1710.0797784793635,450900
2025-10-28 09:00:00+09:00,1699.53564453125,1717.2690959829297,1698.577079587916,1715.8312485679285,390700
2025-10-29 09:00:00+09:00,1654.4830322265625,1693.7841934787577,1654.0037497722674,1688.032804027217,553300
2025-10-30 09:00:00+09:00,1672.69580078125,1674.6129306388789,1644.8974178456303,1645.8559827744448,466500
2025-10-31 09:00:00+09:00,1671.7371826171875,1677.4885720069256,1661.1929687360011,1676.050724659491,347100
2025-11-04 09:00:00+09:00,1681.322998046875,1690.4293654821345,1663.1102631763558,1663.5895456729484,655400
2025-11-05 09:00:00+09:00,1667.9029541015625,1690.429229631095,1653.5244803593075,1687.0742524245688,766200
2025-11-06 09:00:00+09:00,1721.1033935546875,1721.1033935546875,1652.0867161189105,1659.275953351804,1980400
2025-11-07 09:00:00+09:00,1534.1832275390625,1610.868424791874,1516.44977567435,1581.6321933392396,6621600
2025-11-10 09:00:00+09:00,1579.2357177734375,1579.7150002371018,1543.768815462289,1543.768815462289,1515900
2025-11-11 09:00:00+09:00,1575.4014892578125,1581.1528789356628,1560.5437325900327,1564.8572748484203,1148300
2025-11-12 09:00:00+09:00,1592.6556396484375,1603.6791364019475,1580.6735779598396,1590.259227310718,1051500
2025-11-13 09:00:00+09:00,1600.803466796875,1607.5134214481193,1586.4249925442084,1603.6791616474084,849300
2025-11-14 09:00:00+09:00,1597.448486328125,1614.7026553973756,1586.4249894227703,1586.4249894227703,1402900
2025-11-17 09:00:00+09:00,1543.768798828125,1595.5313043461126,1528.9110426146287,1580.6735481326161,3061500
2025-11-18 09:00:00+09:00,1536.57958984375,1547.1238041221536,1529.3903528357473,1543.2895443845523,1648600
2025-11-19 09:00:00+09:00,1558.1473388671875,1573.484378191626,1545.2067119371925,1545.2067119371925,1439700
2025-11-20 09:00:00+09:00,1550.9581298828125,1567.2537344613093,1547.6031524695925,1559.5852146596637,974000
2025-11-21 09:00:00+09:00,1563.8988037109375,1572.5258887451994,1552.8753061671582,1562.9402387071307,1318200
2025-11-25 09:00:00+09:00,1503.5091552734375,1557.6680760722575,1503.5091552734375,1557.1887935873121,2918200
2025-11-26 09:00:00+09:00,1541.3724365234375,1549.9995210562179,1519.8047251914863,1520.7632901395732,1989200
2025-11-27 09:00:00+09:00,1541.3724365234375,1557.1887581668684,1537.0588942570473,1552.8752159004782,808500
2025-11-28 09:00:00+09:00,1550.478759765625,1555.2715843707738,1538.975980713268,1538.975980713268,1065800
2025-12-01 09:00:00+09:00,1540.8931884765625,1580.6736347109497,1540.8931884765625,1567.2537251379033,1105300
2025-12-02 09:00:00+09:00,1554.31298828125,1559.1058127902888,1544.7273392631728,1549.0408813213076,1012700
2025-12-03 09:00:00+09:00,1538.0174560546875,1551.916647773474,1536.5796086355028,1546.1652580967348,884200
2025-12-04 09:00:00+09:00,1556.70947265625,1561.981579860443,1535.1417613663696,1538.4967386781288,947300
2025-12-05 09:00:00+09:00,1546.64453125,1556.2301806534708,1544.7274013693059,1551.4373559517355,998700
2025-12-08 09:00:00+09:00,1548.5616455078125,1561.5022720719446,1546.1652331811213,1559.5851422105918,808900
2025-12-09 09:00:00+09:00,1538.0174560546875,1554.313060138782,1534.6624787432563,1548.0823879889813,981100
2025-12-10 09:00:00+09:00,1536.57958984375,1545.206674253353,1534.6624599749493,1538.4967197125507,987800
2025-12-11 09:00:00+09:00,1532.745361328125,1543.7688582982773,1525.556124173678,1538.0174685747195,1211700
2025-12-12 09:00:00+09:00,1531.7867431640625,1536.579567767204,1524.59750625935,1525.5560711799783,1025500
2025-12-15 09:00:00+09:00,1545.2066650390625,1549.0409247537998,1537.0588631452463,1538.0174280739304,950300
2025-12-16 09:00:00+09:00,1538.4967041015625,1542.8102462625948,1536.1002917898777,1541.372398875584,881100
2025-12-17 09:00:00+09:00,1538.97607421875,1542.3310516461966,1532.2661193638567,1541.372486666926,831900
2025-12-18 09:00:00+09:00,1546.64453125,1549.5202260710412,1533.7039045553147,1538.9760117272235,884700
2025-12-19 09:00:00+09:00,1543.28955078125,1548.561657942304,1539.4552910277562,1543.28955078125,921000
2025-12-22 09:00:00+09:00,1550.9581298828125,1556.2302372464437,1543.289610081167,1552.875259833224,979900
2025-12-23 09:00:00+09:00,1564.8572998046875,1564.8572998046875,1548.5616954575635,1550.9581078615524,816100
2025-12-24 09:00:00+09:00,1552.875244140625,1568.2122835889274,1550.9581142095872,1565.336588692371,968100
2025-12-25 09:00:00+09:00,1571.567138671875,1573.963550899188,1550.957993516983,1557.6679477534594,795000
2025-12-26 09:00:00+09:00,1569.1708984375,1576.3601359074335,1562.9402259635576,1573.0051584214646,1314500
2025-12-29 09:00:00+09:00,1581.9283447265625,1584.872380107567,1566.226822694537,1572.1148934565465,1573700
2025-12-30 09:00:00+09:00,1581.4376220703125,1592.2324181253998,1580.4562769743955,1585.853675001939,1490000
2026-01-05 09:00:00+09:00,1578.0029296875,1589.2883984010612,1563.2827531045941,1587.8163807427704,996300
2026-01-06 09:00:00+09:00,1600.5738525390625,1600.5738525390625,1579.4749329623673,1579.9656055106625,1141000
2026-01-07 09:00:00+09:00,1600.083251953125,1604.0086325160275,1590.2698005458687,1595.1765262494969,912200
2026-01-08 09:00:00+09:00,1593.7044677734375,1600.5738835828058,1583.4003440593851,1599.5925384671818,676800
2026-01-09 09:00:00+09:00,1589.2884521484375,1603.5179566598006,1583.8910538855068,1599.5925761049418,948400
2026-01-13 09:00:00+09:00,1589.2884521484375,1604.4993017985153,1588.3071070097228,1596.1578681194403,1583200
2026-01-14 09:00:00+09:00,1598.6112060546875,1610.8780200974645,1590.2697725055993,1602.045913986665,1196000
2026-01-15 09:00:00+09:00,1612.3499755859375,1616.7660284709873,1600.5738345591383,1607.4432501581045,931600
2026-01-16 09:00:00+09:00,1607.9339599609375,1620.691446368928,1602.5365618652493,1607.443287406784,578700
2026-01-19 09:00:00+09:00,1615.2940673828125,1618.2381027425624,1604.4992710637293,1614.3127222628957,1284900
2026-01-20 09:00:00+09:00,1638.355712890625,1638.355712890625,1613.3314117952607,1624.6168809166995,1596200
2026-01-21 09:00:00+09:00,1613.3314208984375,1623.6355449370224,1609.8967128855759,1616.7661289112991,1033100
2026-01-22 09:00:00+09:00,1607.443359375,1619.219501201923,1599.5925981570513,1609.896722255609,1095500
2026-01-23 09:00:00+09:00,1603.5179443359375,1622.6541743938021,1603.5179443359375,1619.2194664346982,785800
2026-01-26 09:00:00+09:00,1579.9656982421875,1603.5179819426921,1578.493680510906,1597.629911017566,880000
2026-01-27 09:00:00+09:00,1599.1019287109375,1599.1019287109375,1575.058972433909,1579.965698204731,1058300
2026-01-28 09:00:00+09:00,1569.1708984375,1588.7978014823718,1569.1708984375,1588.30712890625,1323800
2026-01-29 09:00:00+09:00,1565.2454833984375,1565.2454833984375,1550.5253064385774,1563.2827931371228,750400
2026-01-30 09:00:00+09:00,1579.9656982421875,1587.3257868985952,1566.2268660835598,1572.114937008686,723200
2026-02-02 09:00:00+09:00,1588.30712890625,1615.2941205929487,1587.8164563301282,1614.312775440705,732300
2026-02-03 09:00:00+09:00,1597.13916015625,1604.499248451901,1588.7977267545123,1589.779071860599,515000
2026-02-04 09:00:00+09:00,1601.55517578125,1616.2753520292395,1597.6297954484528,1605.9712286556469,810300
2026-02-05 09:00:00+09:00,1635.90234375,1642.7717597105577,1620.200821554439,1621.1821666916617,1165800
2026-02-06 09:00:00+09:00,1627.5609130859375,1638.3557096152986,1623.14485996029,1632.958311350618,1168800
2026-02-09 09:00:00+09:00,1620.69140625,1638.846290304269,1610.8779554098546,1638.846290304269,767800
2026-02-10 09:00:00+09:00,1628.051513671875,1629.5235313153396,1604.499231376441,1605.480576472084,599300
2026-02-12 09:00:00+09:00,1618.238037109375,1644.7343542724757,1618.238037109375,1642.771664112246,1207900
2026-02-13 09:00:00+09:00,1599.592529296875,1628.0515374868194,1566.717468111939,1625.5981747118242,1792700
2026-02-16 09:00:00+09:00,1604.499267578125,1639.337019259485,1588.7977456935685,1594.6858164002772,1386800
2026-02-17 09:00:00+09:00,1605.4805908203125,1608.9152986857594,1586.835033836458,1599.5925201938321,822700
2026-02-18 09:00:00+09:00,1611.36865234375,1622.6541209807494,1602.0458739044896,1619.2194131347062,794600
2026-02-19 09:00:00+09:00,1616.275390625,1616.7660631783165,1600.5738689188674,1614.3127004117334,645000
2026-02-20 09:00:00+09:00,1613.3314208984375,1619.710164350895,1589.779137381672,1605.4806597261825,1070400
2026-02-24 09:00:00+09:00,1673.1934814453125,1676.6281894717397,1619.710170748087,1636.8837108802236,2003900
2026-02-25 09:00:00+09:00,1651.6038818359375,1701.6524843158145,1651.6038818359375,1699.689794022486,1157500
2026-02-26 09:00:00+09:00,1672.7027587890625,1688.8949532859938,1661.9079624577748,1676.628139273167,930700
2026-02-27 09:00:00+09:00,1692.3297119140625,1695.2737473653483,1674.174826631134,1683.0069329849912,1185300
2026-03-02 09:00:00+09:00,1669.7586669921875,1692.3296040129458,1667.3053042725398,1674.1747198875532,788700
2026-03-03 09:00:00+09:00,1627.0701904296875,1651.113145595868,1620.6914472223334,1640.3183493988074,1035200
2026-03-04 09:00:00+09:00,1575.549560546875,1594.6857900272014,1552.9786232111053,1594.6857900272014,1531600
2026-03-05 09:00:00+09:00,1567.6988525390625,1604.008622519623,1567.6988525390625,1594.6858437408305,1039000
2026-03-06 09:00:00+09:00,1611.859375,1616.2754280821919,1570.64287956621,1596.6485254946729,1847600
2026-03-09 09:00:00+09:00,1594.1951904296875,1596.6485532958459,1570.1522343413358,1584.8724115382859,1052400
2026-03-10 09:00:00+09:00,1591.7418212890625,1604.4993081427974,1586.34442300479,1601.0646001437149,803600
2026-03-11 09:00:00+09:00,1589.2884521484375,1605.9713195065872,1586.3444167322934,1601.0645938130137,643200
2026-03-12 09:00:00+09:00,1557.3946533203125,1586.8350059350632,1551.0159102537832,1582.4189530428507,1181400
2026-03-13 09:00:00+09:00,1563.28271484375,1569.1707853328037,1546.1091759173435,1557.8853168954508,1201100
2026-03-16 09:00:00+09:00,1574.0775146484375,1576.0402048163282,1560.8293560151744,1564.2640638089833,936400
2026-03-17 09:00:00+09:00,1584.872314453125,1596.6484554893093,1578.0028988486843,1579.9655890213817,639600
2026-03-18 09:00:00+09:00,1612.3499755859375,1612.3499755859375,1583.8909681045059,1587.8163484467723,739700
2026-03-19 09:00:00+09:00,1575.0589599609375,1608.424694938303,1568.6802165093823,1589.779137156834,841900
2026-03-23 09:00:00+09:00,1552.4879150390625,1557.8853129737747,1537.7677388534835,1552.9785875785817,876200
2026-03-24 09:00:00+09:00,1570.642822265625,1572.1148399059864,1555.922645862011,1566.2267693445408,814600
2026-03-25 09:00:00+09:00,1583.400390625,1591.7418243531142,1581.9283729082738,1591.7418243531142,603700
2026-03-26 09:00:00+09:00,1585.363037109375,1597.1391785178012,1573.0962231422643,1592.232452930957,645200
2026-03-27 09:00:00+09:00,1602.53662109375,1612.350072539517,1588.3071164973878,1603.5179662383266,939000
2026-03-30 09:00:00+09:00,1588.30712890625,1593.7045272435898,1570.6429161658655,1582.9097305689104,954900
2026-03-31 09:00:00+09:00,1602.53662109375,1610.8780548226518,1588.7977890696761,1593.7045147925596,786400
2026-04-01 09:00:00+09:00,1616.76611328125,1616.76611328125,1584.872396327295,1586.3444140328622,897100
2026-04-02 09:00:00+09:00,1608.4246826171875,1634.4303287973921,1598.611231228431,1619.2194791448196,1013600
2026-04-03 09:00:00+09:00,1625.1075439453125,1633.4489775947902,1610.8780394844387,1610.8780394844387,635900
2026-04-06 09:00:00+09:00,1639.82763671875,1651.603777736479,1629.032840785832,1646.6970523124253,629600
2026-04-07 09:00:00+09:00,1660.4359130859375,1669.2680190066073,1648.6597718583778,1653.566497369861,761000
2026-04-08 09:00:00+09:00,1666.323974609375,1675.1560804818628,1657.0011961884156,1668.2866648032611,1131300
2026-04-09 09:00:00+09:00,1645.22509765625,1676.1374690109603,1645.22509765625,1668.2867080319863,770800
2026-04-10 09:00:00+09:00,1639.3370361328125,1657.0012484347524,1632.9582928015564,1648.6598148477253,589200
2026-04-13 09:00:00+09:00,1641.7904052734375,1655.5292371167297,1634.4303167859593,1634.4303167859593,653700
2026-04-14 09:00:00+09:00,1636.3929443359375,1648.169085464592,1628.0515110364738,1641.7903423532373,818800
2026-04-15 09:00:00+09:00,1646.2064208984375,1656.0198719917216,1641.7903679064596,1642.771713015788,562500
2026-04-16 09:00:00+09:00,1645.22509765625,1661.417292175384,1645.22509765625,1658.4732568082686,774000
2026-04-17 09:00:00+09:00,1661.417236328125,1677.1187577582784,1652.5851305236636,1655.038493247125,736000
2026-04-20 09:00:00+09:00,1667.3052978515625,1702.633720878435,1664.3612625993233,1697.726995458036,731200
2026-04-21 09:00:00+09:00,1658.4732666015625,1679.0815142930612,1658.4732666015625,1669.7587355754783,504100
2026-04-22 09:00:00+09:00,1647.187744140625,1664.3612833258862,1642.7716912072722,1652.0944696221281,582800
2026-04-23 09:00:00+09:00,1666.323974609375,1674.6654079333912,1639.3369844434399,1639.3369844434399,980500
2026-04-24 09:00:00+09:00,1661.907958984375,1687.422932077728,1651.603835235136,1684.9695692802904,971100
2026-04-27 09:00:00+09:00,1701.6524658203125,1716.8633154282795,1660.4359701084018,1667.796058628386,1759900
2026-04-28 09:00:00+09:00,1708.0311279296875,1720.7886140906103,1694.7829692241141,1716.8632337334034,1036600
2026-04-30 09:00:00+09:00,1655.5291748046875,1695.2736511411367,1655.5291748046875,1691.3482707622281,1565900
2026-05-01 09:00:00+09:00,1644.734375,1649.6411004624106,1618.7287300492244,1649.1504279161695,602800
2026-05-07 09:00:00+09:00,1689.3856201171875,1696.7457084999228,1654.5478684389068,1657.98257635085,1038900
2026-05-08 09:00:00+09:00,1711.95654296875,1723.2420117243478,1690.8576231213276,1702.6337644315167,1335000
2026-05-11 09:00:00+09:00,1721.77001953125,1745.8129750618943,1678.59083408846,1684.4789048306586,2164500
2026-05-12 09:00:00+09:00,1709.503173828125,1728.1487308331389,1696.2550149035098,1702.6337580894356,1076200
2026-05-13 09:00:00+09:00,1677.1187744140625,1714.9005607305876,1675.1560842158015,1701.6524018923255,778000
2026-05-14 09:00:00+09:00,1697.72705078125,1705.5778117097182,1679.5721661341672,1705.5778117097182,752800
2026-05-15 09:00:00+09:00,1820.3951416015625,1881.2385371699165,1767.4025067517057,1775.253267470203,3355000
2026-05-18 09:00:00+09:00,1844.4381103515625,1851.7981985812178,1799.2962358763448,1814.0164123356549,1500400
2026-05-19 09:00:00+09:00,1844.4381103515625,1855.723578970367,1814.9977574329423,1843.947437802919,1409900
2026-05-20 09:00:00+09:00,1802.73095703125,1866.518388826041,1788.501453015489,1823.3392042264902,1340800
2026-05-21 09:00:00+09:00,1806.6563720703125,1825.792601975457,1801.7496464536089,1823.3392391671052,615500
2026-05-22 09:00:00+09:00,1825.3018798828125,1841.0034014301916,1808.6190132387223,1825.3018798828125,1196800
2026-05-25 09:00:00+09:00,1788.9921875,1840.0221347024135,1784.5761343767142,1840.0221347024135,996800
2026-05-26 09:00:00+09:00,1773.2906494140625,1796.3522599626128,1771.3279591546113,1796.3522599626128,1419100
2026-05-27 09:00:00+09:00,1824.811279296875,1840.512801463452,1792.9175623960155,1798.3149606407762,1143900
2026-05-28 09:00:00+09:00,1842.4754638671875,1860.6303485977032,1825.3019242572404,1840.0221010657665,893900
2026-05-29 09:00:00+09:00,1832.17138671875,1853.270307347809,1832.17138671875,1835.115422155363,1199800
2026-06-01 09:00:00+09:00,1822.35791015625,1829.7179986463802,1785.5574677055988,1813.035131402085,1251100
2026-06-02 09:00:00+09:00,1828.2459716796875,1828.2459716796875,1777.2160250734912,1802.7309983765892,1110900
2026-06-03 09:00:00+09:00,1830.6993408203125,1847.872880602867,1803.7123497334412,1815.4884912986215,863600
2026-06-04 09:00:00+09:00,1821.8671875,1846.8914876784272,1810.0910462395636,1841.9847621532454,591500
2026-06-05 09:00:00+09:00,1856.2142333984375,1861.1209588369743,1799.2962183114116,1802.2402535745337,849100
2026-06-08 09:00:00+09:00,1892.0333251953125,1892.0333251953125,1859.6489373677994,1862.592972624846,1258900
2026-06-09 09:00:00+09:00,1879.7666015625,1900.8655219141544,1861.1210440424336,1876.822566164595,974300
2026-06-10 09:00:00+09:00,1946.98876953125,1953.8581855527816,1877.3132641700006,1897.9215122345956,1744700
2026-06-11 09:00:00+09:00,1926.3804931640625,1946.9887409258788,1907.2442630995188,1942.572687834061,801800
2026-06-12 09:00:00+09:00,1955.82080078125,2011.7574719526153,1944.5353320361498,1992.130569787224,1192100
2026-06-15 09:00:00+09:00,1943.0633544921875,1962.6902570628158,1941.1006642351247,1962.6902570628158,787500
2026-06-16 09:00:00+09:00,1944.044677734375,1957.2928368203993,1932.7592088833173,1956.8021642616577,677500
2026-06-17 09:00:00+09:00,1970.05029296875,1975.447691031678,1944.04464775646,1946.4980105123366,627200
2026-06-18 09:00:00+09:00,1923.4364013671875,1964.1622231308295,1914.113622891173,1957.78347996303,866000
2026-06-19 09:00:00+09:00,1927.8525390625,1937.1753179482694,1907.2442909992205,1923.436485906083,662400
2026-06-22 09:00:00+09:00,1917.54833984375,1934.721879223108,1914.6043045215742,1927.3617909176687,670900
2026-06-23 09:00:00+09:00,1905.772216796875,1930.7965172748977,1905.2815442384824,1917.5483581982974,620700
2026-06-24 09:00:00+09:00,1934.721923828125,1952.8768087334358,1908.2256053176714,1926.3804902229822,1203100
2026-06-25 09:00:00+09:00,1969.0689697265625,1986.242509208354,1938.6472712159602,1952.8767753580162,1249200
2026-06-26 09:00:00+09:00,1999.0,2019.1175748649976,1965.1435935198822,1970.5409916543936,1637100
2026-06-29 09:00:00+09:00,2025.0,2030.0,1991.0,2000.0,1249100
2026-06-30 09:00:00+09:00,2070.5,2082.0,2036.0,2048.0,1687000
2026-07-01 09:00:00+09:00,2059.5,2095.0,2052.0,2056.0,982900
2026-07-02 09:00:00+09:00,2101.5,2111.0,2082.0,2090.0,1060400
2026-07-03 09:00:00+09:00,2080.5,2130.5,2074.0,2113.0,1117500
2026-07-06 09:00:00+09:00,2106.0,2116.5,2085.0,2090.0,658900
2026-07-07 09:00:00+09:00,2087.5,2109.0,2065.5,2102.0,886800
2026-07-08 09:00:00+09:00,2092.0,2101.0,2040.5,2053.5,731700
2026-07-09 09:00:00+09:00,2073.5,2087.5,2059.0,2083.0,625900
2026-07-10 09:00:00+09:00,2060.5,2071.5,2045.5,2070.0,739200
2026-07-13 09:00:00+09:00,2040.0,2082.0,2027.0,2070.0,835100
2026-07-14 09:00:00+09:00,2036.0,2052.0,2034.0,2045.0,743300
2026-07-15 09:00:00+09:00,2035.0,2059.0,2024.5,2037.5,880600
2026-07-16 09:00:00+09:00,2016.5,2049.5,2015.0,2039.0,743300
2026-07-17 09:00:00+09:00,2029.5,2045.5,2015.0,2041.0,849700
2026-07-21 09:00:00+09:00,2028.5,2056.0,2022.0,2040.0,949100
2026-07-22 09:00:00+09:00,1994.0,2029.0,1987.5,2025.0,1003400
2026-07-23 09:00:00+09:00,1979.5,1986.0,1964.5,1979.0,1045900
2026-07-24 09:00:00+09:00,1945.5,1959.0,1938.5,1950.0,641600
2026-07-27 09:00:00+09:00,1975.5,1995.0,1944.5,1960.0,708300
2026-07-28 09:00:00+09:00,2002.5,2011.5,1966.0,1978.0,938400
2026-07-29 09:00:00+09:00,2102.5,2109.0,2001.0,2012.0,2131300
2026-07-30 09:00:00+09:00,2059.0,2100.0,2045.0,2088.0,1008600
2026-07-31 09:00:00+09:00,2020.5,2038.0,2002.0,2022.0,1107100
2026-08-03 09:00:00+09:00,1984.5,2033.0,1964.0,2030.0,1018100
2026-08-04 09:00:00+09:00,1974.0,1990.0,1956.0,1984.5,900100
2026-08-05 09:00:00+09:00,1982.0,1995.0,1963.0,1974.5,763800
2026-08-06 09:00:00+09:00,2032.5,2043.0,1980.0,1993.0,1050400
2026-08-07 09:00:00+09:00,2092.5,2096.0,1931.0,2009.5,2161700
2026-08-10 09:00:00+09:00,2082.0,2107.0,2046.5,2102.0,982800
2026-08-12 09:00:00+09:00,2082.0,2093.5,2059.0,2091.0,742600
2026-08-13 09:00:00+09:00,2103.5,2118.0,2089.0,2097.0,1519600
2026-08-14 09:00:00+09:00,2113.5,2122.5,2091.0,2114.0,887300
2026-08-17 09:00:00+09:00,2125.0,2149.0,2117.5,2129.0,1178900
2026-08-18 09:00:00+09:00,2115.0,2132.0,2096.5,2131.0,1069700
2026-08-19 09:00:00+09:00,2099.0,2138.0,2077.0,2130.0,986900
2026-08-20 09:00:00+09:00,2119.0,2131.5,2082.5,2108.0,1137200
2026-08-21 09:00:00+09:00,2155.5,2168.0,2116.0,2121.5,1044000
2026-08-24 09:00:00+09:00,2142.0,2197.5,2142.0,2194.0,816300
2026-08-25 09:00:00+09:00,2149.0,2175.0,2141.0,2169.0,800700
2026-08-26 09:00:00+09:00,2142.5,2163.0,2138.5,2149.0,734900
2026-08-27 09:00:00+09:00,2122.5,2169.0,2117.0,2150.0,554700
2026-08-28 09:00:00+09:00,2137.0,2146.0,2111.5,2117.5,1748900
2026-08-31 09:00:00+09:00,,,,,745100
