Date,Close,High,Low,Open,Volume
2019-08-13 09:00:00+09:00,931.4561157226562,967.2651477608407,919.2389165566875,949.99255583654,1677800
2019-08-14 09:00:00+09:00,976.1122436523438,986.2230308114531,928.5072874448708,933.9839638227218,1230800
2019-08-15 09:00:00+09:00,934.8264770507812,956.3118985602855,930.1923665291234,951.6777880386277,751600
2019-08-16 09:00:00+09:00,923.8731079101562,934.4051770837787,914.1836042704236,931.4561977151644,374000
2019-08-19 09:00:00+09:00,944.0948486328125,960.1035966239089,939.8820202141029,941.9884344234578,459800
2019-08-20 09:00:00+09:00,944.0948486328125,974.4272132475213,942.4097172653287,952.0992226283606,665800
2019-08-21 09:00:00+09:00,930.1922607421875,935.6689361903979,912.9196689439857,935.6689361903979,450200
2019-08-22 09:00:00+09:00,928.5071411132812,942.8307539979689,923.4517483304503,939.4604921427483,320200
2019-08-23 09:00:00+09:00,912.0772705078125,933.1414107042978,906.6005940567263,923.0306234099847,331800
2019-08-26 09:00:00+09:00,881.323486328125,898.5960785553971,879.2170726418724,891.0129892848873,472600
2019-08-27 09:00:00+09:00,907.8644409179688,911.2347033436503,885.9577351510386,891.8556943959813,492800
2019-08-28 09:00:00+09:00,906.1793212890625,917.1326743125471,902.8090588202979,902.8090588202979,384800
2019-08-29 09:00:00+09:00,915.026123046875,926.8220399185658,905.7579026476893,907.4430336293594,481000
2019-08-30 09:00:00+09:00,939.039306640625,946.6223966000379,925.979540599414,929.7710855791204,356600
2019-09-02 09:00:00+09:00,928.5071411132812,933.5625338961122,910.813266373373,930.6135547727941,253400
2019-09-03 09:00:00+09:00,930.1922607421875,946.2010043600332,929.3496952886167,935.2476534636124,313400
2019-09-04 09:00:00+09:00,929.3499145507812,936.0904397696446,914.6050156345177,921.76682367956,414800
2019-09-05 09:00:00+09:00,945.3585815429688,962.6311759472744,923.0305936544762,935.6690773649437,356600
2019-09-06 09:00:00+09:00,951.677734375,960.5246721447544,948.7287551184153,951.677734375,300600
2019-09-09 09:00:00+09:00,959.68212890625,966.8439358383862,949.1500598884027,961.3672599491056,314800
2019-09-10 09:00:00+09:00,971.8994140625,971.8994140625,952.9416881705137,960.5247785273082,355200
2019-09-11 09:00:00+09:00,971.8994140625,981.588918407293,960.1034957297085,973.163262455299,513800
2019-09-12 09:00:00+09:00,991.6997680664062,1000.5467073737107,982.0102631107872,987.4869398248327,308000
2019-09-13 09:00:00+09:00,988.7506103515625,1001.8103755500705,981.167520881461,1001.8103755500705,264400
2019-09-17 09:00:00+09:00,996.333740234375,1009.8147887280326,986.2229538641319,1009.8147887280326,313400
2019-09-18 09:00:00+09:00,995.0698852539062,996.333733541697,980.3249885630144,991.278340390534,608600
2019-09-19 09:00:00+09:00,1002.6530151367188,1011.0786707261029,992.5422284294577,993.8060767678653,465800
2019-09-20 09:00:00+09:00,1012.7637939453125,1016.1340561547811,992.1209379123173,992.1209379123173,510600
2019-09-24 09:00:00+09:00,992.1209106445312,1010.6573522871468,987.9080829984823,1003.4955452888635,651000
2019-09-25 09:00:00+09:00,1002.2317504882812,1009.3935578688196,968.9504103081324,976.9547832628517,645600
2019-09-26 09:00:00+09:00,1001.3892211914062,1017.3979676807935,992.1209995396557,1013.6064224596228,635000
2019-09-27 09:00:00+09:00,991.7583618164062,1020.8647789953081,978.489259867201,1017.4404946213197,484400
2019-09-30 09:00:00+09:00,1021.2929077148438,1040.5545090757691,1005.0275554545068,1010.1639824840869,1126400
2019-10-01 09:00:00+09:00,1029.425537109375,1037.1301773039565,1017.8685768175026,1025.5732170120841,679400
2019-10-02 09:00:00+09:00,1033.705810546875,1034.9899171438276,1008.0236786078223,1015.7283181895381,682600
2019-10-03 09:00:00+09:00,1020.8648071289062,1028.1414116241647,1011.0199892823802,1015.7283804263709,406000
2019-10-04 09:00:00+09:00,1020.0086669921875,1022.1488446400939,1007.5956366343304,1017.8684893442811,257800
2019-10-07 09:00:00+09:00,1016.5843505859375,1027.7132740028783,1010.5918533614309,1020.8647057462994,240800
2019-10-08 09:00:00+09:00,1024.71728515625,1033.7060332716558,1021.293000159905,1026.4294276544226,376000
2019-10-09 09:00:00+09:00,1021.2929077148438,1025.1452279870289,1006.7396977977002,1018.2966586142553,390600
2019-10-10 09:00:00+09:00,1020.8648071289062,1028.9974827412539,1014.0162381921924,1025.5731982728971,385000
2019-10-11 09:00:00+09:00,1028.569580078125,1029.8536869196707,1009.3079774549391,1019.580832187305,581800
2019-10-15 09:00:00+09:00,1048.687255859375,1060.6722530691964,1041.4106504105548,1044.4068997130103,1006000
2019-10-16 09:00:00+09:00,1058.9600830078125,1081.645969992216,1055.535798179978,1066.2366882669608,1008000
2019-10-17 09:00:00+09:00,1073.9410400390625,1086.7821046867994,1066.2364012504204,1066.2364012504204,630600
2019-10-18 09:00:00+09:00,1074.369384765625,1090.6347380011205,1073.9413491541645,1073.9413491541645,434400
2019-10-21 09:00:00+09:00,1077.79345703125,1088.0663096796814,1075.65327939616,1081.2177412473936,271000
2019-10-23 09:00:00+09:00,1096.198974609375,1098.3391522247778,1077.7934471169099,1082.5018378707962,458000
2019-10-24 09:00:00+09:00,1098.76708984375,1111.1801189070413,1097.0549479039857,1106.4717285726895,475400
2019-10-25 09:00:00+09:00,1110.752197265625,1111.608268323248,1096.6270248148483,1097.0550603436598,482000
2019-10-28 09:00:00+09:00,1108.183837890625,1110.7520507246704,1096.6268801374204,1109.039908835307,451200
2019-10-29 09:00:00+09:00,1136.4344482421875,1146.2792664378824,1122.7373098829596,1122.7373098829596,531400
2019-10-30 09:00:00+09:00,1142.4268798828125,1145.4231287247683,1124.8774223799294,1132.582062259244,650600
2019-10-31 09:00:00+09:00,1144.9951171875,1150.9876149970794,1135.5783349153037,1141.9988682827102,553600
2019-11-01 09:00:00+09:00,1125.7333984375,1141.1426768951997,1124.0212563866446,1134.2941086917776,259200
2019-11-05 09:00:00+09:00,1158.26416015625,1169.8211196256582,1139.8586321123776,1141.5707742559937,660800
2019-11-06 09:00:00+09:00,1170.2493896484375,1171.5334965134505,1153.9840360249407,1167.2531402967406,308000
2019-11-07 09:00:00+09:00,1167.6810302734375,1168.1090658417195,1158.2642477712322,1164.2567457271812,394800
2019-11-08 09:00:00+09:00,1177.9541015625,1183.9466006256814,1168.965352967728,1175.8139233256495,367800
2019-11-11 09:00:00+09:00,1166.3970947265625,1188.654947543363,1159.120488997993,1177.9540567660551,707600
2019-11-12 09:00:00+09:00,1162.544677734375,1180.522172750886,1150.9877166523322,1176.669852390205,820200
2019-11-13 09:00:00+09:00,1195.075439453125,1275.5461352329198,1178.810086050826,1220.7575764041233,1442800
2019-11-14 09:00:00+09:00,1176.669677734375,1205.776093916964,1172.389322413406,1202.351809660189,748600
2019-11-15 09:00:00+09:00,1181.3780517578125,1210.0564319997593,1176.6696609718213,1179.6659096538156,541600
2019-11-18 09:00:00+09:00,1177.9541015625,1179.6662441519804,1161.6887469624364,1170.2494599098384,383800
2019-11-19 09:00:00+09:00,1184.8023681640625,1220.7573533251107,1184.374332626431,1215.6209268735324,431000
2019-11-20 09:00:00+09:00,1177.5257568359375,1193.791107166641,1176.241650230882,1181.8061121861226,452400
2019-11-21 09:00:00+09:00,1162.1165771484375,1177.5258577294112,1147.991403282545,1167.2530040087622,347000
2019-11-22 09:00:00+09:00,1161.2603759765625,1174.101441689536,1160.404304929031,1173.6734061657703,240200
2019-11-25 09:00:00+09:00,1175.8138427734375,1181.8063414260869,1164.2568810861849,1168.9652728846952,217200
2019-11-26 09:00:00+09:00,1181.3780517578125,1197.2153662197832,1180.093945179815,1188.2266201737998,528600
2019-11-27 09:00:00+09:00,1222.04150390625,1223.3256105653459,1189.9388374288528,1190.7949085349167,507200
2019-11-28 09:00:00+09:00,1226.749755859375,1233.170288426678,1216.904939256177,1225.4656493459145,348600
2019-11-29 09:00:00+09:00,1206.63232421875,1228.034103647958,1203.2080395100768,1224.6098189392849,272400
2019-12-02 09:00:00+09:00,1205.3482666015625,1217.7612991766496,1203.2080885713751,1217.7612991766496,150400
2019-12-03 09:00:00+09:00,1200.2117919921875,1201.0678631704986,1186.5146531392095,1201.0678631704986,231600
2019-12-04 09:00:00+09:00,1198.49951171875,1200.6396894182478,1185.2304099818639,1187.3705876813615,194400
2019-12-05 09:00:00+09:00,1205.776123046875,1210.0564784712515,1193.7911278586207,1202.7798742498114,231600
2019-12-06 09:00:00+09:00,1229.74609375,1232.7423424991298,1202.3518194722417,1207.9162814349113,415400
2019-12-09 09:00:00+09:00,1254.5721435546875,1260.9926765309142,1240.4469710069889,1246.8675039832156,323600
2019-12-10 09:00:00+09:00,1274.2618408203125,1278.1141607959198,1258.8525609178835,1262.7048808934908,492800
2019-12-11 09:00:00+09:00,1261.8489990234375,1275.5461387686037,1253.7163222997451,1274.2620319174944,403200
2019-12-12 09:00:00+09:00,1251.575927734375,1268.2693139114067,1246.8675367613662,1268.2693139114067,400400
2019-12-13 09:00:00+09:00,1234.4547119140625,1269.9816679088153,1228.0341776981434,1268.6975610656316,403400
2019-12-16 09:00:00+09:00,1219.473388671875,1232.3144562956575,1216.0491039721996,1230.6023139458198,302800
2019-12-17 09:00:00+09:00,1239.591064453125,1240.8751712187877,1229.318210327823,1232.742495036257,331200
2019-12-18 09:00:00+09:00,1238.73486328125,1239.590934368521,1228.462010233997,1232.7423656703525,292600
2019-12-19 09:00:00+09:00,1222.4696044921875,1246.4395967371324,1222.041568916385,1246.0115611613298,195400
2019-12-20 09:00:00+09:00,1226.749755859375,1228.8899333818094,1219.0451167786114,1219.901187787585,202600
2019-12-23 09:00:00+09:00,1240.875244140625,1245.155600277709,1234.0266743212908,1240.4472085269167,348600
2019-12-24 09:00:00+09:00,1261.8489990234375,1261.8489990234375,1246.867752427162,1252.0041798315992,449600
2019-12-25 09:00:00+09:00,1237.8787841796875,1262.2768100089552,1233.1703932301796,1262.2768100089552,213600
2019-12-26 09:00:00+09:00,1249.4356689453125,1249.8637044605387,1242.1590651864667,1245.1553137930503,153400
2019-12-27 09:00:00+09:00,1269.5533447265625,1275.5458419707204,1248.1515688545705,1253.7160305812886,301200
2019-12-30 09:00:00+09:00,1251.14794921875,1272.121691781774,1250.2918780937287,1272.121691781774,172200
2020-01-06 09:00:00+09:00,1229.74609375,1231.4582358923599,1208.7723525060912,1229.74609375,379800
2020-01-07 09:00:00+09:00,1251.14794921875,1253.7161625938143,1233.5984911558116,1234.0265267183224,271600
2020-01-08 09:00:00+09:00,1233.1705322265625,1240.8751728305465,1205.776254523508,1223.7537492661374,322800
2020-01-09 09:00:00+09:00,1258.852783203125,1266.9854601432337,1252.4322487767236,1257.5686763178448,243400
2020-01-10 09:00:00+09:00,1264.4171142578125,1266.5572921763262,1248.5797976608121,1257.1405093348665,211800
2020-01-14 09:00:00+09:00,1265.27294921875,1273.4056237908596,1248.5795645707353,1273.4056237908596,427800
2020-01-15 09:00:00+09:00,1259.2806396484375,1269.1254577014333,1255.0002839732217,1259.2806396484375,310000
2020-01-16 09:00:00+09:00,1248.1517333984375,1258.4245871712642,1244.7274488074952,1258.4245871712642,223200
2020-01-17 09:00:00+09:00,1243.015380859375,1251.1480572492953,1238.7350248646803,1248.5798436524783,228400
2020-01-20 09:00:00+09:00,1245.58349609375,1248.5797450534255,1239.5909981743985,1240.4470693057344,113800
2020-01-21 09:00:00+09:00,1255.42822265625,1259.280542466651,1239.162872345668,1240.8750144836238,264400
2020-01-22 09:00:00+09:00,1259.2806396484375,1259.708675215959,1246.4395726227906,1252.860106135614,168400
2020-01-23 09:00:00+09:00,1244.7274169921875,1249.0077726214593,1235.7386701707171,1246.4395592438962,220200
2020-01-24 09:00:00+09:00,1252.43212890625,1257.9965915432224,1235.3107054078735,1235.3107054078735,328200
2020-01-27 09:00:00+09:00,1221.185302734375,1235.3104744799882,1216.9049476599469,1223.3254802715892,311400
2020-01-28 09:00:00+09:00,1194.647216796875,1203.6359633223979,1186.9425769178554,1202.3518566758946,451000
2020-01-29 09:00:00+09:00,1177.0975341796875,1192.0787755237927,1169.8209312411223,1186.9423499200996,392600
2020-01-30 09:00:00+09:00,1132.1541748046875,1175.8138064984787,1130.442032385323,1170.6773792403856,552600
2020-01-31 09:00:00+09:00,1154.4119873046875,1163.828770293454,1143.2830619543272,1153.5559161238905,268800
2020-02-03 09:00:00+09:00,1125.3052978515625,1137.7183270024545,1112.8922687006705,1112.8922687006705,235400
2020-02-04 09:00:00+09:00,1142.4268798828125,1143.710986529365,1125.3054579287802,1125.3054579287802,171200
2020-02-05 09:00:00+09:00,1146.707275390625,1157.8362000491381,1139.4306708062127,1139.4306708062127,222600
2020-02-06 09:00:00+09:00,1176.24169921875,1183.9463391699644,1161.260454869166,1163.8286681862378,230800
2020-02-07 09:00:00+09:00,1157.4080810546875,1179.2378932343433,1153.1277257253432,1179.2378932343433,176000
2020-02-10 09:00:00+09:00,1137.2904052734375,1145.4230803581931,1132.1539789041183,1142.8548671735334,243000
2020-02-12 09:00:00+09:00,1133.43798828125,1139.8585206922087,1121.0249589533964,1136.0062012456335,320400
2020-02-13 09:00:00+09:00,1108.612060546875,1127.0175889652207,1108.612060546875,1118.0288425283543,399400
2020-02-14 09:00:00+09:00,1014.8724365234375,1040.1265376431688,1001.6033325452737,1001.6033325452737,1702200
2020-02-17 09:00:00+09:00,979.3451538085938,1014.0160268236707,970.7844444221549,1014.0160268236707,655400
2020-02-18 09:00:00+09:00,970.3568725585938,985.3381211424273,962.2241947559412,982.7699070994844,340400
2020-02-19 09:00:00+09:00,974.6370239257812,982.7697000147535,969.0725613385897,973.780952758521,427800
2020-02-20 09:00:00+09:00,978.9172973632812,991.3303282437078,972.0687286016667,986.6219372200977,504400
2020-02-21 09:00:00+09:00,967.3603515625,981.4855248375277,967.3603515625,977.2051692996405,368200
2020-02-25 09:00:00+09:00,909.5755615234375,921.5605571576288,904.4391348230699,915.5680593405332,528600
2020-02-26 09:00:00+09:00,930.9774780273438,941.2503329573007,901.8710557257991,904.8673050803699,734200
2020-02-27 09:00:00+09:00,903.1551513671875,922.8447897382257,898.018723966047,915.9962198700384,393800
2020-02-28 09:00:00+09:00,895.87841796875,898.4466313026307,877.4728890759376,886.4616357445204,672400
2020-03-02 09:00:00+09:00,887.7457275390625,907.0073272204789,874.4766255363089,878.3289454725922,727800
2020-03-03 09:00:00+09:00,866.7719116210938,916.4240310028453,866.7719116210938,912.5717113956405,577800
2020-03-04 09:00:00+09:00,856.4990844726562,862.0635462908194,846.6542674097522,855.214977899234,546400
2020-03-05 09:00:00+09:00,845.3703002929688,869.7683292128164,843.2301223175435,869.7683292128164,420000
2020-03-06 09:00:00+09:00,810.6992797851562,832.9571269598279,805.990889036668,832.9571269598279,533200
2020-03-09 09:00:00+09:00,746.4939575195312,786.3012614468915,743.4977088368267,782.0209061858851,489000
2020-03-10 09:00:00+09:00,763.1873779296875,764.8995201123677,703.6904370815515,719.527752271343,501200
2020-03-11 09:00:00+09:00,744.7819213867188,776.4565548250044,744.7819213867188,753.3426331267959,541400
2020-03-12 09:00:00+09:00,705.4026489257812,732.796926553967,695.9858659910924,727.6604994986822,477000
2020-03-13 09:00:00+09:00,672.8719482421875,689.1373006806119,634.3487450985508,636.9169586414599,741000
2020-03-16 09:00:00+09:00,653.1822509765625,690.4213439221463,649.7579665677732,684.0008106556663,559800
2020-03-17 09:00:00+09:00,700.6941528320312,707.5427212164616,625.7879361273242,639.9131084202119,734800
2020-03-18 09:00:00+09:00,724.6641235351562,761.9032131675003,701.9782413453373,701.9782413453373,665200
2020-03-19 09:00:00+09:00,772.6043090820312,773.0323447103316,728.516639367101,741.7857438444101,656200
2020-03-23 09:00:00+09:00,721.239990234375,748.6342687952058,697.6980320961609,743.0698059625371,590000
2020-03-24 09:00:00+09:00,739.6455688476562,752.4866377512614,719.099858601888,746.0661032994587,465600
2020-03-25 09:00:00+09:00,778.5968017578125,780.3089442575548,751.2025217619356,779.024837382748,312800
2020-03-26 09:00:00+09:00,781.5929565429688,797.8583083220667,768.7518893489441,795.7181304563959,467600
2020-03-27 09:00:00+09:00,813.2675170898438,815.8357303017065,778.1686031943873,815.8357303017065,468000
2020-03-30 09:00:00+09:00,785.9767456054688,803.0062417602539,749.7344845581055,796.0197817993164,531600
2020-03-31 09:00:00+09:00,761.5241088867188,786.4133716198282,754.1009954400018,785.9767178876684,384400
2020-04-01 09:00:00+09:00,725.718505859375,758.03088217321,719.1686998498138,742.3113477502633,473800
2020-04-02 09:00:00+09:00,699.0827026367188,707.379124466886,685.1097816595951,704.3225480031401,624800
2020-04-03 09:00:00+09:00,690.7862548828125,710.8723280336401,679.8699107791018,702.1392527506716,384600
2020-04-06 09:00:00+09:00,718.7320556640625,724.4085542810934,675.9399891664452,676.8132966459884,376800
2020-04-07 09:00:00+09:00,734.4514770507812,738.3813601027772,712.1821397561381,733.1415160334493,463800
2020-04-08 09:00:00+09:00,726.591796875,731.8316415640024,705.1957643949069,722.6619133582482,418600
2020-04-09 09:00:00+09:00,732.268310546875,736.6348478786989,706.9423940222961,719.6053522845856,443400
2020-04-10 09:00:00+09:00,742.311279296875,748.4244310087316,729.2116684857536,731.3949369542739,376800
2020-04-13 09:00:00+09:00,723.9718627929688,734.0148982840653,719.6053256229267,728.7750536800149,261800
2020-04-14 09:00:00+09:00,735.3247680664062,740.5646120193735,705.1956653368445,711.7454702780535,309600
2020-04-15 09:00:00+09:00,712.6188354492188,731.3949444714714,711.7455280528349,721.7885631112491,387000
2020-04-16 09:00:00+09:00,706.9423217773438,711.7455123514949,699.9558627603965,703.0124385803109,358200
2020-04-17 09:00:00+09:00,727.0284423828125,731.8316332934497,703.0124878296265,709.1256398977102,397200
2020-04-20 09:00:00+09:00,722.6619873046875,726.5918712235649,713.4922581606401,723.5352948422158,275200
2020-04-21 09:00:00+09:00,718.2953491210938,718.7320028287661,701.2658545218702,709.5622749676457,392600
2020-04-22 09:00:00+09:00,703.0125732421875,712.1823024583899,697.7727279757861,712.1823024583899,453200
2020-04-23 09:00:00+09:00,721.3519287109375,721.3519287109375,698.2092820876447,700.8292043468855,535000
2020-04-24 09:00:00+09:00,735.7616577148438,736.198311517642,709.1257757441581,719.168813208515,509800
2020-04-27 09:00:00+09:00,761.5241088867188,765.8906462083169,734.4515774928102,742.3113446716868,342400
2020-04-28 09:00:00+09:00,760.6506958007812,764.5805788445281,749.7343540125955,763.7072715014732,264200
2020-04-30 09:00:00+09:00,787.28662109375,805.6260764936044,775.4969711938436,775.4969711938436,565200
2020-05-01 09:00:00+09:00,746.6779174804688,777.6803339372601,743.1846874571683,777.6803339372601,441600
2020-05-07 09:00:00+09:00,742.311279296875,756.2841974954044,734.8881665039063,756.2841974954044,432200
2020-05-08 09:00:00+09:00,771.567138671875,774.6237147730086,748.8611447777395,752.3543746076065,266600
2020-05-11 09:00:00+09:00,818.2890625,827.4587905216116,782.4834578441836,782.4834578441836,514200
2020-05-12 09:00:00+09:00,811.7391967773438,816.9790409738623,799.9495473351768,811.7391967773438,350200
2020-05-13 09:00:00+09:00,756.7208251953125,779.4268164879588,751.0443273721509,776.8068944157304,941000
2020-05-14 09:00:00+09:00,713.4921875,752.3543690712974,713.0555337744797,752.3543690712974,791400
2020-05-15 09:00:00+09:00,706.0691528320312,726.1552264438268,706.0691528320312,722.6619962504711,536600
2020-05-18 09:00:00+09:00,721.78857421875,722.661881628573,694.2793908093239,703.8857723173775,410600
2020-05-19 09:00:00+09:00,727.0284423828125,741.0013613955753,719.1686754381334,736.6348242040868,483000
2020-05-20 09:00:00+09:00,735.3247680664062,736.6347290546481,715.2386995800317,725.7183874859663,262200
2020-05-21 09:00:00+09:00,735.7616577148438,748.4246179959895,730.5218120812663,739.6915419400269,287600
2020-05-22 09:00:00+09:00,721.78857421875,739.254722415211,716.9853834647232,738.8180687102995,240400
2020-05-25 09:00:00+09:00,745.8045654296875,746.24121915652,729.2117238100575,732.7049536247164,394600
2020-05-26 09:00:00+09:00,793.8365478515625,796.0198166850377,757.15763144918,757.15763144918,794400
2020-05-27 09:00:00+09:00,792.0899047851562,806.4994785767275,776.3703697398058,792.0899047851562,642400
2020-05-28 09:00:00+09:00,834.0086059570312,836.191874559013,803.8794992496829,805.6261141312684,766400
2020-05-29 09:00:00+09:00,796.4563598632812,814.7958155180279,790.7798616844311,812.1758932816355,533400
2020-06-01 09:00:00+09:00,802.1328735351562,829.6420575486101,796.4563752466657,829.6420575486101,464200
2020-06-02 09:00:00+09:00,813.0492553710938,818.2891001962565,803.4428731916287,814.3592165773845,315200
2020-06-03 09:00:00+09:00,816.5424194335938,827.8954156396223,805.626076927797,826.1488008386949,441400
2020-06-04 09:00:00+09:00,820.9090576171875,833.1353627306349,809.9927137658951,829.2054789441697,312200
2020-06-05 09:00:00+09:00,834.8819580078125,837.5018804701801,822.2189994397024,826.1488831332538,655600
2020-06-08 09:00:00+09:00,868.94091796875,868.94091796875,850.6014614086056,859.7711896886777,461800
2020-06-09 09:00:00+09:00,858.0245361328125,874.1807233271708,847.981500849833,873.3074159112595,499800
2020-06-10 09:00:00+09:00,855.4046630859375,861.9544690820013,851.0381257552282,855.8413168190084,268400
2020-06-11 09:00:00+09:00,811.7391967773438,844.9248766886284,811.3025430943005,844.9248766886284,388000
2020-06-12 09:00:00+09:00,816.5424194335938,822.218917536608,789.033236318986,795.1463881222322,578200
2020-06-15 09:00:00+09:00,782.920166015625,819.162426907592,782.920166015625,814.3592357050421,232000
2020-06-16 09:00:00+09:00,817.8525390625,819.5991542019822,798.2031187433263,805.6262330861252,403600
2020-06-17 09:00:00+09:00,803.8795166015625,823.9655881733561,793.8364808156658,820.9090120646049,327200
2020-06-18 09:00:00+09:00,789.9066772460938,799.0764065010235,782.483563087341,799.0764065010235,321600
2020-06-19 09:00:00+09:00,775.0603637695312,796.0197426207636,775.0603637695312,789.9065904558208,540800
2020-06-22 09:00:00+09:00,780.7368774414062,784.6667610526885,767.2006116692119,771.1304952804941,208000
2020-06-23 09:00:00+09:00,779.4268798828125,788.1599541672138,771.5671130268514,782.0468021681329,326200
2020-06-24 09:00:00+09:00,768.0739135742188,785.1034090997415,767.2006061113715,785.1034090997415,207400
2020-06-25 09:00:00+09:00,750.171142578125,760.6508325792164,740.1281063270791,758.9042175790345,391400
2020-06-26 09:00:00+09:00,752.7909545898438,762.3973356808974,747.9877640443169,755.8475303915427,347800
2020-06-29 09:00:00+09:00,740.5648193359375,751.044510175597,737.071589056051,749.7345488206396,381200
2020-06-30 09:00:00+09:00,745.8045654296875,765.4539831371442,745.3679117028552,752.7910250590054,361200
2020-07-01 09:00:00+09:00,724.408447265625,746.6777847041704,719.6052568377035,742.3112479515145,373400
2020-07-02 09:00:00+09:00,720.9153442382812,727.028496763621,708.2523854357917,722.2253054937112,431000
2020-07-03 09:00:00+09:00,707.3790283203125,723.0985622829861,700.3925687813464,720.9152936770593,304200
2020-07-06 09:00:00+09:00,727.4651489257812,727.4651489257812,708.6890376389814,710.8723063932605,293200
2020-07-07 09:00:00+09:00,725.718505859375,725.718505859375,713.0555475742235,724.8451983914335,290800
2020-07-08 09:00:00+09:00,706.5056762695312,720.4785944652203,705.6323688823006,712.18217428653,291200
2020-07-09 09:00:00+09:00,702.5758056640625,714.8021093052022,702.5758056640625,711.308879693448,310200
2020-07-10 09:00:00+09:00,685.9830322265625,696.8993758329686,677.2499573414376,696.8993758329686,489800
2020-07-13 09:00:00+09:00,728.7750854492188,732.7049690735704,698.6459776625225,698.6459776625225,479600
2020-07-14 09:00:00+09:00,711.74560546875,720.0420266367906,696.0260706240414,712.6189129601227,486000
2020-07-15 09:00:00+09:00,723.9718627929688,730.0850148310276,712.6188661508594,720.4786330569351,330600
2020-07-16 09:00:00+09:00,736.1981811523438,748.8611391911445,728.3384140937778,730.5216827211573,474800
2020-07-17 09:00:00+09:00,716.1121215820312,742.7479992750215,712.1822379879835,742.7479992750215,338000
2020-07-20 09:00:00+09:00,711.74560546875,717.4221041626726,703.4491843007094,717.4221041626726,222400
2020-07-21 09:00:00+09:00,713.9288330078125,717.8587164922592,703.4491437159547,713.4921792873184,213400
2020-07-22 09:00:00+09:00,699.0827026367188,713.9289311749127,696.8994337340432,707.815778247421,320400
2020-07-27 09:00:00+09:00,705.1957397460938,706.5057008725571,678.1232097991849,692.5327821902816,312400
2020-07-28 09:00:00+09:00,694.2794189453125,708.2523380687402,691.6594966096698,703.885800842669,188200
2020-07-29 09:00:00+09:00,676.8133544921875,691.6595829133064,676.8133544921875,689.9129678049395,365200
2020-07-30 09:00:00+09:00,654.5439453125,683.3630916704886,653.6706378471064,677.6865931454303,454400
2020-07-31 09:00:00+09:00,627.9080810546875,651.4873831248913,627.4714273126466,651.4873831248913,359600
2020-08-03 09:00:00+09:00,601.7088012695312,640.5709807419465,598.2155716540333,640.1343270400093,959000
2020-08-04 09:00:00+09:00,633.1478881835938,634.0211956155712,599.9622057684537,602.1454743483971,747000
2020-08-05 09:00:00+09:00,634.8944702148438,637.0777386818824,615.6817077049035,622.2315131060195,390800
2020-08-06 09:00:00+09:00,635.7677612304688,644.5008348737445,628.3446486336844,633.5844928196498,358200
2020-08-07 09:00:00+09:00,627.0348510742188,634.8946194024471,621.7950055220665,634.8946194024471,482200
2020-08-11 09:00:00+09:00,666.3335571289062,674.1933238578187,630.9646068488005,630.9646068488005,592000
2020-08-12 09:00:00+09:00,695.5892944335938,696.0259481024158,638.3876638178996,648.8673518696298,919200
2020-08-13 09:00:00+09:00,709.9990234375,731.3950579691343,702.5759094163207,706.9424470758379,743400
2020-08-14 09:00:00+09:00,691.6595458984375,707.3790810324929,688.6029696223711,706.9424272787691,408400
2020-08-17 09:00:00+09:00,681.6165161132812,693.406167577124,679.8699010816008,685.5463999345621,344800
2020-08-18 09:00:00+09:00,666.7703247070312,682.4898608494367,660.220517981029,681.1798995042362,524400
2020-08-19 09:00:00+09:00,668.516845703125,668.516845703125,647.5574671311133,652.7973117741162,266200
2020-08-20 09:00:00+09:00,658.9105224609375,662.4037525336264,654.1073311109903,655.4172923882487,485800
2020-08-21 09:00:00+09:00,665.89697265625,672.8834326972336,661.5304351306353,661.5304351306353,204400
2020-08-24 09:00:00+09:00,651.924072265625,663.7137239408909,648.8674959053709,663.7137239408909,350600
2020-08-25 09:00:00+09:00,666.7703247070312,670.2635549608991,659.347210417562,663.7137482348969,347800
2020-08-26 09:00:00+09:00,658.9105224609375,663.7137138108848,655.8539461473348,659.3471762200237,259200
2020-08-27 09:00:00+09:00,651.924072265625,659.347186283385,649.740803436872,659.347186283385,268800
2020-08-28 09:00:00+09:00,651.924072265625,668.9535691298978,646.684227076618,656.2906099231309,481000
2020-08-31 09:00:00+09:00,653.23388671875,666.3334967465324,653.23388671875,659.7836917326412,343000
2020-09-01 09:00:00+09:00,651.05078125,656.7272803487592,642.754359490275,651.05078125,332400
2020-09-02 09:00:00+09:00,641.0076904296875,651.9240339315555,634.8945380686415,646.2475353105841,411000
2020-09-03 09:00:00+09:00,639.6976928710938,657.6004951971789,639.6976928710938,650.614035752853,426600
2020-09-04 09:00:00+09:00,634.8944702148438,637.9510460686979,626.5980500400968,633.1478554412128,554800
2020-09-07 09:00:00+09:00,658.4738159179688,660.2204308143029,633.1478999211238,634.4578610933744,571600
2020-09-08 09:00:00+09:00,659.34716796875,663.2770517513452,646.6842091137211,647.5575166209644,455200
2020-09-09 09:00:00+09:00,647.994140625,651.4873704935984,641.8809883549528,647.1208331578505,388000
2020-09-10 09:00:00+09:00,662.4036254882812,664.1502401896346,647.1207468514389,652.7972446308374,337000
2020-09-11 09:00:00+09:00,670.263427734375,675.9399258194218,658.4737778654315,665.8968907458774,443800
2020-09-14 09:00:00+09:00,713.0556030273438,716.9854869387009,685.5464156478444,685.5464156478444,717000
2020-09-15 09:00:00+09:00,696.0261840820312,702.5759913349989,683.7998772098249,692.0962997302506,548400
2020-09-16 09:00:00+09:00,672.4467163085938,696.0260167505834,672.4467163085938,694.2794019030285,451400
2020-09-17 09:00:00+09:00,672.0101318359375,689.4762821110756,672.0101318359375,683.7997832716558,259200
2020-09-18 09:00:00+09:00,676.8133544921875,682.9265073714718,674.1934318296371,675.940046938004,304000
2020-09-23 09:00:00+09:00,653.670654296875,662.840382914266,649.3041168600222,661.9670754268955,518400
2020-09-24 09:00:00+09:00,628.3446044921875,650.1772870666207,624.4147216287896,647.5573651576888,546200
2020-09-25 09:00:00+09:00,629.218017578125,640.1343607005768,625.2881340540423,630.9646324777173,650400
2020-09-28 09:00:00+09:00,641.881103515625,641.881103515625,617.4284900483631,620.0484129198554,587400
2020-09-29 09:00:00+09:00,642.54150390625,659.7170478763279,642.1011053429146,657.5150550596512,365000
2020-09-30 09:00:00+09:00,624.0447998046875,645.624330637736,623.604401216258,644.7435334608768,467600
2020-10-02 09:00:00+09:00,616.998291015625,637.2566217698853,610.8327120904154,628.8890503713866,673800
2020-10-05 09:00:00+09:00,637.2567749023438,639.4587679047706,618.7600336819578,628.8892014931215,421200
2020-10-06 09:00:00+09:00,648.7071533203125,649.147551930849,639.4587824990452,642.1011741622644,439800
2020-10-07 09:00:00+09:00,637.2567749023438,640.3395651057414,627.5680056916653,638.5779707037999,392400
2020-10-08 09:00:00+09:00,624.4852294921875,642.5415725169969,624.0448308818263,642.5415725169969,446800
2020-10-09 09:00:00+09:00,619.6408081054688,625.8063882856227,614.3560250939082,625.8063882856227,352000
2020-10-12 09:00:00+09:00,609.9519653320312,619.6407330123957,606.4287770846261,618.7599359505443,416600
2020-10-13 09:00:00+09:00,615.2368774414062,617.8792691841753,606.4289049655092,616.5580733127908,342000
2020-10-14 09:00:00+09:00,594.09765625,607.7500115826538,592.7764605726464,607.7500115826538,481800
2020-10-15 09:00:00+09:00,595.8592529296875,605.5480212700076,589.2532745158328,592.3360644422984,357000
2020-10-16 09:00:00+09:00,595.4189453125,602.9057219917252,592.7765535433616,600.2633302225869,369800
2020-10-19 09:00:00+09:00,611.713623046875,611.713623046875,597.1804700155237,597.1804700155237,439200
2020-10-20 09:00:00+09:00,578.2433471679688,602.0248709661945,576.4817528125446,601.1440737884824,924000
2020-10-21 09:00:00+09:00,600.2632446289062,600.703643194298,576.9221206631454,578.2433163593206,572600
2020-10-22 09:00:00+09:00,601.1439819335938,603.7863730629722,587.4916277651386,592.7764100238954,386600
2020-10-23 09:00:00+09:00,613.0347900390625,616.9983770436254,597.6208405768734,603.3460218056865,393000
2020-10-26 09:00:00+09:00,623.6043090820312,629.3294898857505,613.0347445213189,620.0811208951271,346000
2020-10-27 09:00:00+09:00,613.9155883789062,615.6771826066793,603.7864215692113,615.6771826066793,350000
2020-10-28 09:00:00+09:00,589.6936645507812,607.3096067330301,581.326092014213,603.7864182965803,539800
2020-10-29 09:00:00+09:00,591.0149536132812,595.8593384789639,577.3625962645393,584.4089742509867,248600
2020-10-30 09:00:00+09:00,578.2433471679688,591.0149062447937,574.7201584571205,591.0149062447937,249200
2020-11-02 09:00:00+09:00,586.1705322265625,589.6937210002759,576.0413645021366,576.0413645021366,479200
2020-11-04 09:00:00+09:00,587.0513305664062,602.024882883929,586.6109319688321,598.0612955057612,304600
2020-11-05 09:00:00+09:00,584.8494262695312,592.7766022280039,571.1970676743841,592.3362035636443,667600
2020-11-06 09:00:00+09:00,590.1340942382812,596.2996743273379,579.5645283713269,585.7301084603836,330600
2020-11-09 09:00:00+09:00,589.6936645507812,599.3824327510182,581.326092014213,598.5016356419058,284600
2020-11-10 09:00:00+09:00,633.2931518554688,634.1739490068671,614.7964116761018,616.1176074031994,790600
2020-11-11 09:00:00+09:00,663.6806030273438,674.6905665812147,655.3130307264018,667.6441899067373,1171400
2020-11-12 09:00:00+09:00,640.7799682617188,664.561492856999,636.8163808291721,649.5879403340448,650200
2020-11-13 09:00:00+09:00,612.154052734375,635.9355770852069,611.7136541352855,628.0084023015962,384800
2020-11-16 09:00:00+09:00,637.2567749023438,642.1011595076828,626.6872084906946,628.8892014931215,447400
2020-11-17 09:00:00+09:00,654.8727416992188,657.9555320098405,639.0183915303069,642.9819790725348,466200
2020-11-18 09:00:00+09:00,630.21044921875,651.3495837837395,628.8892533084381,651.3495837837395,471000
2020-11-19 09:00:00+09:00,626.6871948242188,642.1011455050674,623.1640060971677,629.3295863695071,471800
2020-11-20 09:00:00+09:00,626.6871948242188,634.6143694600838,622.2832089154049,624.4852018698118,269200
2020-11-24 09:00:00+09:00,625.806396484375,641.660745726766,625.806396484375,641.660745726766,317600
2020-11-25 09:00:00+09:00,625.806396484375,648.7071231678286,625.806396484375,638.5779555963011,385600
2020-11-26 09:00:00+09:00,620.0812377929688,626.6872168887745,614.3560559099371,621.842832218517,289800
2020-11-27 09:00:00+09:00,630.6507568359375,636.8163368608699,619.6407925057011,620.0811910789106,379400
2020-11-30 09:00:00+09:00,591.8958129882812,624.0449159258889,591.8958129882812,622.2833212443761,675800
2020-12-01 09:00:00+09:00,595.4189453125,598.501735709828,585.2897768641365,590.1341617742233,466600
2020-12-02 09:00:00+09:00,602.9056396484375,610.3924153051383,597.6208568319428,607.750023896891,360400
2020-12-03 09:00:00+09:00,606.4288940429688,610.8328802015959,598.9421175733024,602.0249078843415,224800
2020-12-04 09:00:00+09:00,620.0812377929688,620.9620350057429,603.3460907502608,605.107685175809,264200
2020-12-07 09:00:00+09:00,611.713623046875,625.365978924811,610.8328258934598,623.6043846179806,206000
2020-12-08 09:00:00+09:00,606.8692016601562,609.9519915089379,600.703621962593,605.5480060106785,166200
2020-12-09 09:00:00+09:00,621.4024047851562,622.28320195707,605.1076571047518,605.5480556907086,206000
2020-12-10 09:00:00+09:00,611.713623046875,623.6043846179806,611.2732244701674,616.9984059673664,285800
2020-12-11 09:00:00+09:00,609.5117797851562,611.7137732092356,602.0250021432865,607.7501850458929,217600
2020-12-14 09:00:00+09:00,610.8328857421875,621.8428512386221,608.6308926429006,609.071291262758,231400
2020-12-15 09:00:00+09:00,611.713623046875,614.7964130838283,604.6672458195532,608.1904344332141,274400
2020-12-16 09:00:00+09:00,613.0347900390625,618.7599712678756,609.0712030344996,612.1539929269375,265400
2020-12-17 09:00:00+09:00,594.9786376953125,615.6773763864152,594.9786376953125,613.0349842130829,396000
2020-12-18 09:00:00+09:00,602.02490234375,602.02490234375,591.0149370485095,594.5381259429864,299600
2020-12-21 09:00:00+09:00,597.620849609375,609.0712122400631,593.6572625449061,607.309617989188,249600
2020-12-22 09:00:00+09:00,586.6109619140625,594.5381370750633,580.8857798533397,591.8957453547298,395000
2020-12-23 09:00:00+09:00,572.95849609375,586.6108507278055,570.7565034108378,582.2068653619812,593600
2020-12-24 09:00:00+09:00,580.8857421875,587.4917210599887,576.4817562725076,579.124147821503,459200
2020-12-25 09:00:00+09:00,594.09765625,594.5380548091179,579.1241052399926,581.3260980355819,447600
2020-12-28 09:00:00+09:00,583.9685668945312,594.9785323337193,576.4817903958834,594.5381337161517,548200
2020-12-29 09:00:00+09:00,591.0149536132812,593.2169467340461,583.9685756268337,586.1705687475986,325800
2020-12-30 09:00:00+09:00,580.8857421875,587.4917210599887,578.2433506385046,587.4917210599887,302600
2021-01-04 09:00:00+09:00,576.9221801757812,583.9685579489205,569.4354037918207,583.9685579489205,411200
2021-01-05 09:00:00+09:00,570.3162231445312,577.8029998190154,570.3162231445312,576.0414053073721,335000
2021-01-06 09:00:00+09:00,586.6109619140625,587.9321577742293,572.5182060722832,572.5182060722832,455000
2021-01-07 09:00:00+09:00,588.3724365234375,600.7035953727311,587.0512409324417,594.5380159480843,346400
2021-01-08 09:00:00+09:00,596.7401733398438,596.7401733398438,584.4090110863267,589.2533962573513,383200
2021-01-12 09:00:00+09:00,605.988525390625,605.988525390625,592.7765662614689,596.7401540002157,337200
2021-01-13 09:00:00+09:00,602.9056396484375,611.713611009262,600.2632482401901,609.9520167370971,249400
2021-01-14 09:00:00+09:00,612.594482421875,613.9156782861925,596.7401320500652,601.5845168858959,326800
2021-01-15 09:00:00+09:00,602.02490234375,613.4752662508001,601.5845037319403,609.9520773563231,370800
2021-01-18 09:00:00+09:00,593.6572875976562,602.4652592237343,591.4552946911367,602.0248606424303,289000
2021-01-19 09:00:00+09:00,589.2533569335938,600.7037211191493,588.8129583110724,595.4189376488929,215000
2021-01-20 09:00:00+09:00,593.2169189453125,595.4189119629269,587.4917370995151,590.1341287206524,207800
2021-01-21 09:00:00+09:00,587.93212890625,604.2268770482209,587.4917303078183,594.9785064811564,311200
2021-01-22 09:00:00+09:00,586.6109619140625,588.8129550143406,580.0049826132284,585.7301646739513,256800
2021-01-25 09:00:00+09:00,582.2069702148438,588.8129494532875,581.7665715989475,588.3725508373913,243000
2021-01-26 09:00:00+09:00,593.6572875976562,593.6572875976562,581.766525902451,587.9321060407055,279200
2021-01-27 09:00:00+09:00,605.5480346679688,611.2732160866477,591.0148818359374,592.3360775479404,503400
2021-01-28 09:00:00+09:00,625.806396484375,632.4123753353713,591.4553064591947,592.3361036393276,761000
2021-01-29 09:00:00+09:00,619.2005004882812,632.4124599581593,612.1541221043464,626.6872775212121,421200
2021-02-01 09:00:00+09:00,629.7700805664062,634.1740671437938,614.3561275455502,615.2369248610277,378000
2021-02-02 09:00:00+09:00,636.8163452148438,641.660729583698,625.3659821611882,628.8891707930821,355400
2021-02-03 09:00:00+09:00,650.46875,654.4323375084631,636.8163930264049,639.899183310765,420200
2021-02-04 09:00:00+09:00,648.7071533203125,658.8363213626527,648.7071533203125,651.7899435940682,312200
2021-02-05 09:00:00+09:00,703.7569580078125,703.7569580078125,657.0747067256922,658.8363011136968,909200
2021-02-08 09:00:00+09:00,705.9591064453125,739.8698058815502,705.0783090573583,711.684289467015,759400
2021-02-09 09:00:00+09:00,691.4257202148438,717.4092345413889,687.0217347357683,709.0416621311455,566000
2021-02-10 09:00:00+09:00,702.435791015625,711.6841619318182,669.4058948863636,682.1774547230114,626800
2021-02-12 09:00:00+09:00,705.5184936523438,716.9688562209835,699.3529138076915,715.6476605399866,441200
2021-02-15 09:00:00+09:00,715.6477661132812,722.2537454927885,705.9589963566707,719.1709551156852,406400
2021-02-16 09:00:00+09:00,713.00537109375,723.1345394292388,700.6742096418507,721.8133435593924,567600
2021-02-17 09:00:00+09:00,738.5485229492188,739.8697188757826,712.1246044179408,713.4458003445047,532800
2021-02-18 09:00:00+09:00,762.3299560546875,772.0187249935686,734.1444464143062,741.6312224125326,857800
2021-02-19 09:00:00+09:00,733.7040405273438,765.412738557337,731.0616490248443,756.1643682985889,619000
2021-02-22 09:00:00+09:00,739.8696899414062,753.08164869036,733.2637105669294,744.7140748160226,401000
2021-02-24 09:00:00+09:00,769.8167724609375,787.8731155220922,742.9524571748293,750.4392335660398,639800
2021-02-25 09:00:00+09:00,762.7704467773438,783.0287842783587,761.889649494691,778.6247978650945,532200
2021-02-26 09:00:00+09:00,779.5055541992188,801.5254851088011,770.6975818353858,780.386351435602,1085600
2021-03-01 09:00:00+09:00,853.4925537109375,858.336938690721,794.9195353190104,805.048703913103,1994600
2021-03-02 09:00:00+09:00,866.2640991210938,874.1912744053742,845.5653636565836,857.8965252099088,1754600
2021-03-03 09:00:00+09:00,895.3304443359375,899.7344307812692,857.0157622615516,871.5489175311462,1339200
2021-03-04 09:00:00+09:00,907.2211303710938,945.9762077850046,889.1647874850671,915.5887039036427,1336200
2021-03-05 09:00:00+09:00,914.2675170898438,919.5523004256231,886.5224045770017,906.7807406974895,750000
2021-03-08 09:00:00+09:00,896.2111206054688,924.3966300495719,891.8071347548276,918.6714484437384,455000
2021-03-09 09:00:00+09:00,925.27734375,937.6085030193956,906.3402063005711,918.2309670246311,557200
2021-03-10 09:00:00+09:00,900.6151733398438,924.396698699429,894.0091940732924,923.0755028461186,519200
2021-03-11 09:00:00+09:00,908.542236328125,934.5257515696952,908.1018377647085,922.6349903574512,577200
2021-03-12 09:00:00+09:00,899.7343139648438,904.5786984257411,873.3103987235854,894.449530916592,744200
2021-03-15 09:00:00+09:00,915.588623046875,926.5985872489779,907.2210502532769,907.2210502532769,544000
2021-03-16 09:00:00+09:00,912.9463500976562,927.9199033554085,911.6251542219723,924.3967143535845,434000
2021-03-17 09:00:00+09:00,929.2410278320312,937.6086010684334,910.7442869936685,913.8270771333956,566600
2021-03-18 09:00:00+09:00,927.919921875,935.8470972873162,922.6351382667893,931.4431109471406,403600
2021-03-19 09:00:00+09:00,921.3138427734375,933.6450031929672,912.9462696316136,924.8370314647317,492400
2021-03-22 09:00:00+09:00,887.4031982421875,905.0191426241664,879.0356246607474,886.082002413539,711800
2021-03-23 09:00:00+09:00,861.860107421875,898.4131932246423,860.9793101736155,883.8800386283614,519000
2021-03-24 09:00:00+09:00,831.4725341796875,855.2540579327083,819.1413737151582,855.2540579327083,678800
2021-03-25 09:00:00+09:00,857.015625,870.6679807939363,840.2804791880782,840.2804791880782,451400
2021-03-26 09:00:00+09:00,882.118408203125,885.2011984464709,871.1084430483182,878.5952193535868,429800
2021-03-29 09:00:00+09:00,855.2540893554688,897.9727539628223,842.4825298336826,884.7607958368367,500600
2021-03-30 09:00:00+09:00,858.8232421875,865.069229403409,845.4389838676948,861.500093851461,378000
2021-03-31 09:00:00+09:00,837.408447265625,856.5925512786362,831.6086018663426,852.1311317407266,484200
2021-04-01 09:00:00+09:00,828.9317016601562,831.1624112986389,811.0860245522949,819.562721178529,459800
2021-04-02 09:00:00+09:00,825.3626708984375,839.6392143950592,817.3321151815878,835.6239365366343,348800
2021-04-05 09:00:00+09:00,855.2540283203125,861.0538730611389,833.3930750664288,836.5160683884121,555200
2021-04-06 09:00:00+09:00,841.869873046875,860.6078352450565,833.3931758619833,843.2082989181737,476200
2021-04-07 09:00:00+09:00,864.6231689453125,873.5460086661103,853.915761280355,855.7003292245146,569200
2021-04-08 09:00:00+09:00,848.5620727539062,856.5926286474763,838.3008068899001,856.5926286474763,278600
2021-04-09 09:00:00+09:00,866.4076538085938,870.422931297923,855.7002471703825,861.0539504894881,402800
2021-04-12 09:00:00+09:00,882.4686889648438,884.2532565866129,861.9461613144986,866.4075803689215,247800
2021-04-13 09:00:00+09:00,894.5145874023438,908.7911294456729,876.6689098481824,883.8071808698469,513800
2021-04-14 09:00:00+09:00,874.8843383789062,879.345757748508,861.500080270101,879.345757748508,340400
2021-04-15 09:00:00+09:00,868.6383666992188,884.699476715229,867.2999408645513,879.7919153214481,305000
2021-04-16 09:00:00+09:00,874.4381713867188,878.0073067801338,861.9461975097656,866.4076167515345,367800
2021-04-19 09:00:00+09:00,868.6383666992188,891.3916058885666,868.6383666992188,884.699476715229,288000
2021-04-20 09:00:00+09:00,854.8079833984375,861.5001127047927,848.1158540920824,861.5001127047927,342200
2021-04-21 09:00:00+09:00,828.485595703125,841.4237121680634,822.6857503912561,837.8545765915287,470200
2021-04-22 09:00:00+09:00,840.0852661132812,848.5619629035905,830.7162854503079,841.4236919222774,345800
2021-04-23 09:00:00+09:00,840.9774780273438,842.315903721817,819.5626669157721,826.7009372862959,253400
2021-04-26 09:00:00+09:00,848.1157836914062,859.2693316094942,845.8850741077887,850.7926351917473,198000
2021-04-27 09:00:00+09:00,851.6849975585938,858.823268884386,840.5314486120433,846.7774360221115,378000
2021-04-28 09:00:00+09:00,843.6544799804688,850.792751624936,836.9623503137808,844.5467639360272,335000
2021-04-30 09:00:00+09:00,859.2693481445312,865.9614770241616,850.3465096383576,856.5924965926791,347400
2021-05-06 09:00:00+09:00,878.8997192382812,885.1457070907361,856.5926197652285,857.4849037441505,305400
2021-05-07 09:00:00+09:00,883.361083984375,887.3763616388494,877.1150965218592,883.361083984375,226400
2021-05-10 09:00:00+09:00,940.0211791992188,987.7583724475891,936.4520432554153,968.1281247566704,852600
2021-05-11 09:00:00+09:00,917.267822265625,947.1593320378997,913.698686770428,927.0829448774167,366600
2021-05-12 09:00:00+09:00,967.235595703125,973.4815820222411,902.9911649922163,916.3754213903223,975200
2021-05-13 09:00:00+09:00,925.74462890625,951.6208643166416,922.6216349774096,932.436758753765,613000
2021-05-14 09:00:00+09:00,927.9752807617188,939.1288298093356,915.483305828388,923.9600031045767,577200
2021-05-17 09:00:00+09:00,937.3441162109375,955.635933804773,933.7749810706769,936.8979743184049,399200
2021-05-18 09:00:00+09:00,944.4824829101562,944.4824829101562,920.8369601920466,923.5138118205118,464800
2021-05-19 09:00:00+09:00,960.097412109375,961.4358378697505,941.8055933842428,952.512999467247,662600
2021-05-20 09:00:00+09:00,957.4204711914062,964.1125993684198,947.6053498651197,947.6053498651197,381800
2021-05-21 09:00:00+09:00,954.74365234375,956.0820780246057,938.6825441734813,942.6978212160485,305400
2021-05-24 09:00:00+09:00,963.666748046875,965.0051740858289,952.0670557092736,954.7439077871817,319200
2021-05-25 09:00:00+09:00,962.3280639648438,965.8971991116767,952.0668004176989,959.2050707113649,294200
2021-05-26 09:00:00+09:00,963.2203979492188,964.1126817824279,950.7284242842915,953.8514177005233,294600
2021-05-27 09:00:00+09:00,967.6818237304688,986.419784355955,951.6207146229092,953.4052823015269,1039600
2021-05-28 09:00:00+09:00,978.83544921875,983.7430107234931,968.1280422993106,978.83544921875,536000
2021-05-31 09:00:00+09:00,954.2975463867188,969.0202294305532,948.0515596408496,966.3433779680378,319600
2021-06-01 09:00:00+09:00,974.8201293945312,974.8201293945312,956.082168097245,967.2357164884868,311000
2021-06-02 09:00:00+09:00,989.0964965820312,992.2194895798094,977.942950161395,981.5120850159985,394800
2021-06-03 09:00:00+09:00,989.0964965820312,999.3577592890167,978.8352338750458,992.2194895798094,237200
2021-06-04 09:00:00+09:00,1033.7109375,1033.7109375,987.7583149007337,990.4351667026327,524800
2021-06-07 09:00:00+09:00,1030.587890625,1038.618445616883,1014.9729225852273,1029.695606737013,352200
2021-06-08 09:00:00+09:00,1057.802490234375,1063.1561932638194,1036.833820035718,1037.7261038739587,413000
2021-06-09 09:00:00+09:00,1046.20263671875,1065.8328780900188,1044.418069321362,1053.7870481576492,341000
2021-06-10 09:00:00+09:00,1037.726318359375,1040.8493124387026,1024.3420580194004,1037.2801763480425,273800
2021-06-11 09:00:00+09:00,1009.1731567382812,1033.7109655891236,1006.4963048636438,1033.2648236100174,274800
2021-06-14 09:00:00+09:00,1013.6345825195312,1024.7881320631,1010.511588647332,1018.0960023369588,168200
2021-06-15 09:00:00+09:00,1005.60400390625,1020.3266889678766,1000.2503002474767,1017.2036951669255,121800
2021-06-16 09:00:00+09:00,1022.5573120117188,1024.3418797464687,1007.8346282000317,1012.2960475369066,216600
2021-06-17 09:00:00+09:00,1001.142578125,1019.8805408171792,998.911868280693,1017.2036890040107,209000
2021-06-18 09:00:00+09:00,989.9891357421875,1006.0502483544988,989.5429937251789,1000.6965441503951,228000
2021-06-21 09:00:00+09:00,981.5125122070312,985.0816486150569,969.0205347789419,975.2665234929865,314400
2021-06-22 09:00:00+09:00,1015.4190673828125,1015.8652093280598,996.6811056824266,1006.9423704231141,245600
2021-06-23 09:00:00+09:00,1001.5887451171875,1018.5421403574785,999.804177197157,1013.1884365973866,229400
2021-06-24 09:00:00+09:00,1000.2501831054688,1024.3418467485085,993.1119123964199,999.8040411861532,247600
2021-06-25 09:00:00+09:00,998.4656982421875,1016.3113764949522,994.0042786789963,997.5734143295492,211400
2021-06-28 09:00:00+09:00,1014.9728393554688,1019.4342584295587,1003.8192916702437,1010.9575621887877,249400
2021-06-29 09:00:00+09:00,993.5581665039062,1005.6039996855881,985.9737530191436,999.3580121099012,306800
2021-06-30 09:00:00+09:00,989.0964965820312,997.5731918617149,981.958226872824,994.8963407207622,233800
2021-07-01 09:00:00+09:00,1008.2806396484375,1010.06520715224,986.4196877268563,995.7886671218197,272400
2021-07-02 09:00:00+09:00,1027.465087890625,1032.818792213112,1013.1885430306597,1015.4192531650293,341800
2021-07-05 09:00:00+09:00,1023.8958129882812,1039.5107818138106,1023.4496710218375,1035.0493621493736,176800
2021-07-06 09:00:00+09:00,1015.4190673828125,1025.6803321235,1012.2960737660815,1025.6803321235,141600
2021-07-07 09:00:00+09:00,1027.018798828125,1027.018798828125,994.8965774920586,998.465713196066,239600
2021-07-08 09:00:00+09:00,1029.24951171875,1038.6184929697658,1022.5573822537385,1022.5573822537385,256200
2021-07-09 09:00:00+09:00,1038.172119140625,1041.741254058169,1006.4960467474216,1008.7267560708866,285600
2021-07-12 09:00:00+09:00,1072.0789794921875,1073.4174051844375,1052.894877903272,1052.894877903272,368600
2021-07-13 09:00:00+09:00,1083.232666015625,1101.0783442036914,1081.4480981968184,1084.1249499250282,331800
2021-07-14 09:00:00+09:00,1067.1715087890625,1073.8636378157498,1059.140953957038,1071.186786205075,143800
2021-07-15 09:00:00+09:00,1042.187744140625,1066.7255548973606,1035.9417559480014,1066.7255548973606,223600
2021-07-16 09:00:00+09:00,1036.833984375,1051.1105280496988,1036.833984375,1041.7415462631777,181200
2021-07-19 09:00:00+09:00,1013.6345825195312,1035.0493976431833,1006.94245279339,1035.0493976431833,264400
2021-07-20 09:00:00+09:00,990.8812255859375,1007.8346189097851,988.2043740084879,998.0194964591365,215200
2021-07-21 09:00:00+09:00,1008.2806396484375,1026.1263146864628,993.1118158661158,1017.2034771674502,270000
2021-07-26 09:00:00+09:00,1018.9882202148438,1030.5879109878674,1010.9576650642889,1030.5879109878674,294000
2021-07-27 09:00:00+09:00,1039.9569091796875,1043.5260448611277,1021.2189468521256,1025.680366453926,204200
2021-07-28 09:00:00+09:00,1035.4954833984375,1042.6337547187197,1026.126502290567,1026.5726442480848,164600
2021-07-29 09:00:00+09:00,1031.0340576171875,1039.064612804167,1026.1264961140334,1037.7261869396702,95600
2021-07-30 09:00:00+09:00,1017.2036743164062,1033.7109269259267,1015.8652484291478,1031.03407515141,179200
2021-08-02 09:00:00+09:00,1037.726318359375,1043.9723065180299,1026.1266260647303,1026.5727680760629,126000
2021-08-03 09:00:00+09:00,1039.0645751953125,1039.5107171339966,1026.126458973473,1033.264729992419,141800
2021-08-04 09:00:00+09:00,1037.2801513671875,1052.8951213877688,1031.926447360131,1043.0799973748321,166600
2021-08-05 09:00:00+09:00,1026.1263427734375,1029.249335990574,1011.8498023522418,1014.9727955693784,221800
2021-08-06 09:00:00+09:00,1042.6339111328125,1048.4337574506244,1021.6652359838,1026.1266562282708,167400
2021-08-10 09:00:00+09:00,1056.9102783203125,1060.925555865641,1041.7414520379612,1048.4335812801748,412000
2021-08-11 09:00:00+09:00,978.3892211914062,984.1890660958696,931.5443200399709,951.6207062477289,1365000
2021-08-12 09:00:00+09:00,965.8973999023438,990.4352091377382,962.7744059996572,976.6048075686977,918800
2021-08-13 09:00:00+09:00,987.3121948242188,997.1273183154672,967.235805864847,967.235805864847,516800
2021-08-16 09:00:00+09:00,996.6810302734375,999.8040236538825,972.589367052862,993.1118949815004,515200
2021-08-17 09:00:00+09:00,997.1273193359375,1021.6651280891709,994.0043254946169,1014.0807144745352,447600
2021-08-18 09:00:00+09:00,980.1737670898438,999.3578690401685,968.1279356326631,994.8964499819534,263400
2021-08-19 09:00:00+09:00,963.2203979492188,979.2815069469825,963.2203979492188,977.0507973639598,392600
2021-08-20 09:00:00+09:00,932.8827514648438,961.8819761636553,932.4366095464005,953.4052797132334,336200
2021-08-23 09:00:00+09:00,946.2671508789062,957.4207005120852,940.4673050696531,945.3748669082519,330000
2021-08-24 09:00:00+09:00,973.0355224609375,981.512218896865,952.066852329959,952.066852329959,267400
2021-08-25 09:00:00+09:00,957.8668212890625,982.850771914208,957.8668212890625,966.7896607980431,141000
2021-08-26 09:00:00+09:00,956.9743041992188,967.2355671346883,948.0514668640279,962.7741484670928,130000
2021-08-27 09:00:00+09:00,952.0668334960938,954.7436849492225,946.7131305898364,948.0515563164008,144200
2021-08-30 09:00:00+09:00,969.4664306640625,969.4664306640625,958.3128822210798,958.3128822210798,148000
2021-08-31 09:00:00+09:00,974.8201293945312,982.4045423005756,958.7590197111431,960.5435874537417,327000
2021-09-01 09:00:00+09:00,1004.2655639648438,1008.7269836181749,981.958465698188,981.958465698188,233600
2021-09-02 09:00:00+09:00,993.5581665039062,1002.9271478674365,983.7430431706839,1000.250296049285,250400
2021-09-03 09:00:00+09:00,1014.9728393554688,1020.7726841517857,996.2348792442908,998.9117306887448,309600
2021-09-06 09:00:00+09:00,1008.726806640625,1028.3570496712255,1004.2653877700341,1026.12634023593,197400
2021-09-07 09:00:00+09:00,1027.9111328125,1035.0494045681423,1018.5421511332194,1023.8958549499512,273200
2021-09-08 09:00:00+09:00,1016.3114013671875,1020.3266790723256,1006.9424200551985,1017.2036853016626,264000
2021-09-09 09:00:00+09:00,1010.95751953125,1019.4342154143452,1002.4808236481548,1010.0652357540821,242200
2021-09-10 09:00:00+09:00,1016.3114013671875,1025.2342407119388,1004.2655682517731,1009.619271858624,312600
2021-09-13 09:00:00+09:00,1019.4344482421875,1019.4344482421875,998.4657746897224,1003.8194785754582,168200
2021-09-14 09:00:00+09:00,1023.449462890625,1025.2340303934857,1011.403632246315,1012.7420578734606,284400
2021-09-15 09:00:00+09:00,1003.373291015625,1009.6192785986481,995.3427355517383,1009.6192785986481,268000
2021-09-16 09:00:00+09:00,994.4502563476562,1002.0346683521022,988.2042699910537,998.019391408572,300800
2021-09-17 09:00:00+09:00,1007.8347778320312,1010.9577718315107,991.3275238347824,1001.5887898330722,263000
2021-09-21 09:00:00+09:00,983.2967529296875,995.7887261973967,979.2814758079238,988.2043138562875,159200
2021-09-22 09:00:00+09:00,973.0355224609375,988.2043476620709,973.0355224609375,985.9736380736689,181000
2021-09-24 09:00:00+09:00,1016.3114013671875,1016.3114013671875,996.2350128414968,1000.2502905466349,280400
2021-09-27 09:00:00+09:00,1035.04931640625,1041.2953036604256,1016.7574965904498,1017.2036385371767,290800
2021-09-28 09:00:00+09:00,1032.372314453125,1043.9720033795645,1018.9880579995408,1043.9720033795645,172400
2021-09-29 09:00:00+09:00,1021.0970458984375,1023.3521188796619,1008.0176226073356,1014.3318269547641,194000
2021-09-30 09:00:00+09:00,1020.6460571289062,1037.3335976122335,1019.2930133059338,1023.3521447748511,191800
2021-10-01 09:00:00+09:00,985.0159912109375,1009.3707822024168,981.4078740270147,1004.8606357225132,249600
2021-10-04 09:00:00+09:00,1002.1544799804688,1003.9585384502806,991.3301291615978,995.8402753361273,140600
2021-10-05 09:00:00+09:00,996.7423706054688,1011.174839320118,973.7406235914964,983.6629458328177,230200
2021-10-06 09:00:00+09:00,991.7811279296875,1019.2930191546584,987.2709818272333,1003.0564931858231,289600
2021-10-07 09:00:00+09:00,996.2913208007812,1005.311613429127,988.1730574352702,995.3892915379467,271200
2021-10-08 09:00:00+09:00,1015.2338256835938,1029.2152777476504,1011.1746944391903,1014.7828111008823,199200
2021-10-11 09:00:00+09:00,1030.5684814453125,1030.5684814453125,1002.1545583245007,1007.5667341570363,154600
2021-10-12 09:00:00+09:00,1028.7645263671875,1036.4317762348956,1019.744232405178,1022.9013352918813,104400
2021-10-13 09:00:00+09:00,1054.4722900390625,1056.7273633710538,1028.3134393879652,1033.725615384744,333200
2021-10-14 09:00:00+09:00,1063.9434814453125,1064.8455106792635,1039.588692128633,1050.8640575530217,227800
2021-10-15 09:00:00+09:00,1099.122802734375,1102.279905573579,1073.8659800207413,1073.8659800207413,370000
2021-10-18 09:00:00+09:00,1095.063720703125,1107.2411179267594,1080.6312499195583,1104.084014942854,131800
2021-10-19 09:00:00+09:00,1086.0433349609375,1095.0636284406794,1080.1801441991051,1095.0636284406794,127600
2021-10-20 09:00:00+09:00,1081.532958984375,1095.9654254929237,1079.7289006708063,1086.0431047682964,108000
2021-10-21 09:00:00+09:00,1076.1207275390625,1091.9062369539272,1076.1207275390625,1082.885945859719,98400
2021-10-22 09:00:00+09:00,1072.5128173828125,1079.7290516461114,1060.3354220634953,1068.904700251163,141800
2021-10-25 09:00:00+09:00,1072.0616455078125,1086.0430973423697,1054.9230916460974,1055.3741062214058,142000
2021-10-26 09:00:00+09:00,1084.690185546875,1088.7493172183601,1071.1597466419244,1078.3759807245647,104000
2021-10-27 09:00:00+09:00,1067.551513671875,1087.8471698253327,1064.8454261847473,1084.690067757017,122400
2021-10-28 09:00:00+09:00,1074.7679443359375,1077.0230176559876,1055.8253284475156,1061.237504415636,156600
2021-10-29 09:00:00+09:00,1082.88623046875,1085.1413038349906,1065.296658212073,1072.512892984043,224200
2021-11-01 09:00:00+09:00,1101.3775634765625,1112.6529275580178,1095.5143741542056,1100.9265489133043,196200
2021-11-02 09:00:00+09:00,1102.27978515625,1110.8490633550916,1097.7696387358071,1101.3777558721615,188600
2021-11-04 09:00:00+09:00,1117.1630859375,1124.379319031969,1100.9265614749445,1104.9856925905833,541800
2021-11-05 09:00:00+09:00,1131.1446533203125,1138.8119017678584,1103.6327618320593,1109.0449372067976,264000
2021-11-08 09:00:00+09:00,1120.3204345703125,1143.3221826230847,1118.516375899507,1134.3018892690563,236400
2021-11-09 09:00:00+09:00,1067.1005859375,1115.3591500521713,1063.9434836122412,1115.3591500521713,419200
2021-11-10 09:00:00+09:00,997.1932983398438,1003.507502852172,960.6611150899445,976.8976409787887,972000
2021-11-11 09:00:00+09:00,1043.6478271484375,1055.8252218472308,1003.9585407227406,1003.9585407227406,674400
2021-11-12 09:00:00+09:00,1063.0413818359375,1077.02283403658,1048.15790046106,1048.15790046106,294200
2021-11-15 09:00:00+09:00,1059.88427734375,1076.120802443484,1043.647752244016,1072.0616711685504,135200
2021-11-16 09:00:00+09:00,1065.296630859375,1072.51286544606,1059.8844549193611,1071.1598214610565,88800
2021-11-17 09:00:00+09:00,1076.57177734375,1078.3758356216617,1065.7474276762805,1066.1984422457583,166200
2021-11-18 09:00:00+09:00,1089.200439453125,1100.024791646448,1068.002749741201,1071.1598524642534,214000
2021-11-19 09:00:00+09:00,1095.5145263671875,1105.8878627634185,1080.6310437117254,1095.9655409931106,195600
2021-11-22 09:00:00+09:00,1100.475830078125,1104.9859769227076,1081.9842280153368,1095.5146685490843,129600
2021-11-24 09:00:00+09:00,1091.9063720703125,1117.1631902594647,1085.141152912504,1104.5347811648885,154600
2021-11-25 09:00:00+09:00,1058.9822998046875,1077.473898736541,1052.2170806832776,1069.3556357908492,205800
2021-11-26 09:00:00+09:00,1018.3909912109375,1053.5701308541852,1012.5278012703963,1040.4907071406699,280600
2021-11-29 09:00:00+09:00,972.3876342773438,1002.154602673589,972.3876342773438,988.1731478208071,431600
2021-11-30 09:00:00+09:00,991.3300170898438,1027.4111824070355,986.8198714251948,987.2708859916597,436200
2021-12-01 09:00:00+09:00,1006.2135620117188,1013.880810131037,979.6037008917316,980.9567446774936,230000
2021-12-02 09:00:00+09:00,998.997314453125,1006.2135478758112,980.9567308964093,985.4668767855883,214200
2021-12-03 09:00:00+09:00,1032.3724365234375,1032.8234511309183,1003.5075016446696,1010.7237353643615,217200
2021-12-06 09:00:00+09:00,1017.9398193359375,1040.0395318514275,1017.9398193359375,1037.3334446046329,194600
2021-12-07 09:00:00+09:00,1047.255859375,1051.766005194875,1026.058174021587,1036.4315094072997,160800
2021-12-08 09:00:00+09:00,1045.4520263671875,1066.1987016100222,1045.4520263671875,1059.8844961013333,147600
2021-12-09 09:00:00+09:00,1018.3909912109375,1039.5886779190482,1018.3909912109375,1039.5886779190482,189800
2021-12-10 09:00:00+09:00,1009.37060546875,1028.7642319366482,1008.9195908997292,1020.1949551252513,154800
2021-12-13 09:00:00+09:00,1010.7239379882812,1022.9013348315136,998.9975558429464,1017.9401731546412,154800
2021-12-14 09:00:00+09:00,991.3300170898438,1014.3317599795536,986.8198714251948,1005.7624832167205,135800
2021-12-15 09:00:00+09:00,995.3892822265625,1003.056530888933,986.8200043097956,988.6240628185886,79000
2021-12-16 09:00:00+09:00,1033.274658203125,1077.925112660615,1031.0195847456762,1063.0416278414516,643200
2021-12-17 09:00:00+09:00,1014.3318481445312,1045.4518559355374,1010.7237312991972,1031.9214177655347,394000
2021-12-20 09:00:00+09:00,997.6444702148438,998.9975142522056,973.2896775423294,996.2914261774818,460600
2021-12-21 09:00:00+09:00,992.683349609375,1019.7442314706029,989.5262467255651,1014.7830697960445,214000
2021-12-22 09:00:00+09:00,992.683349609375,998.9975553769949,981.8589968648839,992.683349609375,153000
2021-12-23 09:00:00+09:00,1019.2930297851562,1019.2930297851561,996.2912844227478,999.4483867273921,162200
2021-12-24 09:00:00+09:00,1028.7645263671875,1032.3726439519914,1012.0769825374699,1019.2932177070776,306600
2021-12-27 09:00:00+09:00,1038.2357177734375,1041.843834950756,1012.0768682378773,1023.352234416998,163000
2021-12-28 09:00:00+09:00,1034.1763916015625,1053.119003222699,1029.2152314150744,1045.4517556617627,193000
2021-12-29 09:00:00+09:00,1019.2930297851562,1031.9214390037334,1010.7237521011217,1028.764336699089,140800
2021-12-30 09:00:00+09:00,1011.6258544921875,1019.7441181483887,1010.723825197054,1019.293103500822,134000
2022-01-04 09:00:00+09:00,1040.03955078125,1047.7067981200537,1020.6459251595701,1028.313172498374,193200
2022-01-05 09:00:00+09:00,1050.8641357421875,1051.7661650432537,1038.23572552726,1040.0397841293925,144000
2022-01-06 09:00:00+09:00,1017.9398193359375,1057.629098955593,1017.488804794805,1040.9415609336925,173400
2022-01-07 09:00:00+09:00,995.3892822265625,1030.568423148027,991.7811652089765,1020.6461013496652,214600
2022-01-11 09:00:00+09:00,985.91796875,994.4872466119624,978.2507201366651,994.4872466119624,174800
2022-01-12 09:00:00+09:00,1009.37060546875,1012.0766928828754,985.9178478796638,985.9178478796638,140200
2022-01-13 09:00:00+09:00,1002.6056518554688,1012.5279749957389,999.4485490381102,1010.2729015547684,95200
2022-01-14 09:00:00+09:00,962.4651489257812,992.2321122946199,958.8570321538008,992.2321122946199,303800
2022-01-17 09:00:00+09:00,993.5850830078125,993.5850830078125,971.0343548414982,980.0546461080239,207600
2022-01-18 09:00:00+09:00,979.1527099609375,1007.5666301486569,976.8976369301661,993.5851773578744,164400
2022-01-19 09:00:00+09:00,948.4837036132812,984.113857006267,941.718484614613,962.91617081044,216800
2022-01-20 09:00:00+09:00,951.1898803710938,960.6611878570079,942.6206021695524,947.1307485914162,178800
2022-01-21 09:00:00+09:00,951.6409301757812,953.8960034700367,929.9922265509293,943.5226663164618,214400
2022-01-24 09:00:00+09:00,956.60205078125,960.2101678987652,944.4246555096357,953.4449483034241,119400
2022-01-25 09:00:00+09:00,952.091796875,952.5428114637613,933.1491841470275,947.1306363986263,212200
2022-01-26 09:00:00+09:00,939.4634399414062,957.9550390953178,937.2083668738561,953.4448929602174,136200
2022-01-27 09:00:00+09:00,931.7962646484375,950.2878652537551,921.8739423724135,939.4635136799106,368000
2022-01-28 09:00:00+09:00,952.9939575195312,954.798016123449,938.5614886881896,942.6206205470044,166400
2022-01-31 09:00:00+09:00,962.01416015625,965.1712624164909,944.8756050292283,947.1306780722574,146000
2022-02-01 09:00:00+09:00,962.9161376953125,977.3486043961321,962.0141085265113,965.6222252017162,144800
2022-02-02 09:00:00+09:00,997.6444702148438,997.6444702148438,976.4467802961739,976.8977949752945,202600
2022-02-03 09:00:00+09:00,994.4871215820312,1001.7033546638056,981.8587136889261,981.8587136889261,171600
2022-02-04 09:00:00+09:00,995.3892822265625,1002.1545016345365,969.6814484762617,985.9179750553991,218200
2022-02-07 09:00:00+09:00,993.5850830078125,1000.3503014577069,981.858704361329,990.8789956278548,156000
2022-02-08 09:00:00+09:00,1006.2135620117188,1009.8216787737509,990.8790657730821,1001.2524014639245,207000
2022-02-09 09:00:00+09:00,1014.7828979492188,1030.1173950737846,990.8791230197482,1008.0176786295573,324600
2022-02-10 09:00:00+09:00,1036.882568359375,1045.90286038512,1014.7828528963,1032.8234369477898,328000
2022-02-14 09:00:00+09:00,1044.5498046875,1049.9619798413212,1020.6460310914562,1020.6460310914562,276000
2022-02-15 09:00:00+09:00,1046.35400390625,1059.4334289550782,1040.9418280239763,1051.3151651316675,234600
2022-02-16 09:00:00+09:00,1072.9637451171875,1075.2188181418137,1053.5701171054016,1059.884321574355,179200
2022-02-17 09:00:00+09:00,1058.5313720703125,1077.4739871648812,1056.7273134898774,1073.4148553589023,165600
2022-02-18 09:00:00+09:00,1052.6680908203125,1060.7863537315231,1041.3927256658533,1043.1967840905668,113800
2022-02-21 09:00:00+09:00,1057.17822265625,1066.1985146584364,1039.5886532519864,1049.0599598542822,132600
2022-02-22 09:00:00+09:00,1042.2947998046875,1063.9435018343825,1033.2745072923146,1057.1782824501029,157600
2022-02-24 09:00:00+09:00,1042.745849609375,1053.570200989403,1031.4704835885125,1035.529615356023,152800
2022-02-25 09:00:00+09:00,1065.296630859375,1071.1598214610565,1043.64792709932,1050.4131470243371,229400
2022-02-28 09:00:00+09:00,1082.43505859375,1086.4941900634765,1062.1394012451171,1078.8269417317708,229400
2022-03-01 09:00:00+09:00,1053.1190185546875,1075.2187324344218,1050.4129311408426,1069.8065576067318,146400
2022-03-02 09:00:00+09:00,1015.6848754882812,1048.1579265696118,1015.6848754882812,1035.0785032174092,168800
2022-03-03 09:00:00+09:00,1023.8029174804688,1030.5681349968595,1017.9397289662634,1023.3519029793761,169000
2022-03-04 09:00:00+09:00,1006.2135620117188,1018.8419706788313,999.4483430829084,1015.6848685120532,185600
2022-03-07 09:00:00+09:00,950.7388916015625,998.5464449743166,941.7185985123637,994.0362984297171,261400
2022-03-08 09:00:00+09:00,920.520751953125,953.8958306618615,913.3045187188036,938.1103204617834,287400
2022-03-09 09:00:00+09:00,918.2657470703125,943.5225652608516,914.6576301859498,933.1492292183087,207400
2022-03-10 09:00:00+09:00,966.5244140625,971.4855753106043,947.1307837290015,949.8368716825129,179600
2022-03-11 09:00:00+09:00,948.0325927734375,969.2302768173727,941.2673744615433,949.3856364358163,204800
2022-03-14 09:00:00+09:00,952.9939575195312,968.7794703038112,952.9939575195312,952.9939575195312,144600
2022-03-15 09:00:00+09:00,984.114013671875,987.2711163738471,952.0919719804436,952.0919719804436,133000
2022-03-16 09:00:00+09:00,982.3099365234375,992.2322591145833,976.8977605646306,992.2322591145833,126800
2022-03-17 09:00:00+09:00,999.4483032226562,1014.7827988497187,995.3891720272575,1004.8604781498548,255800
2022-03-18 09:00:00+09:00,988.6239013671875,1000.3502797593165,979.6036102963191,983.6627412782099,284800
2022-03-22 09:00:00+09:00,1014.3318481445312,1027.8622863145338,988.6240156215263,1000.3503953688619,240800
2022-03-23 09:00:00+09:00,1048.1580810546875,1049.96213971399,1021.5482158299773,1036.431699769222,276200
2022-03-24 09:00:00+09:00,1045.90283203125,1045.90283203125,1024.254131756347,1043.196744496887,140400
2022-03-25 09:00:00+09:00,1035.0784912109375,1057.6292208669493,1028.7642869072542,1051.315016563266,103200
2022-03-28 09:00:00+09:00,1024.7054443359375,1038.6869006627044,1019.7442824135364,1038.6869006627044,108600
2022-03-29 09:00:00+09:00,1026.9603271484375,1032.8235174220124,1011.1748148734287,1024.7052539662934,143400
2022-03-30 09:00:00+09:00,1044.2890625,1050.2173410207424,1022.4000341157205,1039.2728268286025,218600
2022-03-31 09:00:00+09:00,1046.1131591796875,1060.7058449223857,1034.2566020137451,1040.6409020261756,166200
2022-04-01 09:00:00+09:00,1008.263427734375,1025.5922428650426,1004.6152561279187,1023.3121356110074,242200
2022-04-04 09:00:00+09:00,1027.416259765625,1047.4812022554995,1015.55970283979,1015.55970283979,187200
2022-04-05 09:00:00+09:00,1044.2890625,1046.5691696233623,1032.4325054585152,1043.8330410753274,175000
2022-04-06 09:00:00+09:00,1007.8075561523438,1043.8332561234004,1005.9834700778598,1037.4489548627068,111400
2022-04-07 09:00:00+09:00,985.00634765625,995.49484117296,978.166025797526,995.0388197157117,114000
2022-04-08 09:00:00+09:00,977.7099609375,986.8303896775886,964.0293178273671,985.0063039295709,124400
2022-04-11 09:00:00+09:00,968.5894165039062,977.7098441546021,961.7490957658844,973.1496303292543,145000
2022-04-12 09:00:00+09:00,943.5083618164062,968.1335196405174,942.1402974928445,945.7884690223425,192200
2022-04-13 09:00:00+09:00,955.8209838867188,964.029370198723,945.3324902658244,948.0686190364925,230200
2022-04-14 09:00:00+09:00,956.2770385742188,963.5733822161775,946.2445660665254,952.6288667532393,186800
2022-04-15 09:00:00+09:00,946.2445678710938,947.6126323065699,939.4042456937123,945.7885463926016,159200
2022-04-18 09:00:00+09:00,942.140380859375,946.7005956747641,930.2838223393636,939.4042519701417,206800
2022-04-19 09:00:00+09:00,976.3419189453125,976.3419189453125,945.332460520146,948.0685892047196,179000
2022-04-20 09:00:00+09:00,1002.3350830078125,1005.983254374538,989.1104618034328,991.8465903284769,196600
2022-04-21 09:00:00+09:00,1005.0711059570312,1008.7192769405414,990.4784220229909,998.6868067358887,129800
2022-04-22 09:00:00+09:00,990.0225219726562,1003.2471434084956,984.5502648267918,995.9508005473429,105000
2022-04-25 09:00:00+09:00,977.7099609375,979.9900681225222,964.941360701376,967.2214678863982,112800
2022-04-26 09:00:00+09:00,976.3419189453125,988.6544980258932,974.0618117081679,982.7262192093173,115600
2022-04-27 09:00:00+09:00,973.6057739257812,979.0780312031159,951.2607233766649,959.4691092926669,256000
2022-04-28 09:00:00+09:00,1016.9278564453125,1018.2959208261806,977.710010860426,977.710010860426,205600
2022-05-02 09:00:00+09:00,1013.7356567382812,1020.575978308715,1005.9832922917897,1017.8398496805414,104600
2022-05-06 09:00:00+09:00,1021.944091796875,1025.5922634766496,1010.5435552975791,1014.6477484373256,172000
2022-05-09 09:00:00+09:00,983.6381225585938,1008.2632772262638,979.0779087312475,1000.5109137197751,238600
2022-05-10 09:00:00+09:00,946.7005004882812,978.622000986441,941.6842646957133,974.517808065249,482600
2022-05-11 09:00:00+09:00,1026.5042724609375,1093.5394248606522,1018.7519078977051,1037.9048085833379,986000
2022-05-12 09:00:00+09:00,1039.2728271484375,1054.3215341672608,1006.4392845619138,1012.8235845092934,290600
2022-05-13 09:00:00+09:00,1084.875,1084.875,1021.031998738966,1021.031998738966,333600
2022-05-16 09:00:00+09:00,1051.5853271484375,1087.6110170203917,1040.640813769616,1084.8748886756864,235600
2022-05-17 09:00:00+09:00,1060.25,1064.8102150537634,1043.8332258064515,1049.3054838709677,110000
2022-05-18 09:00:00+09:00,1079.85888671875,1084.419101611988,1041.0970601262272,1071.6504999109216,385800
2022-05-19 09:00:00+09:00,1073.474365234375,1075.2984508167613,1047.0251242897727,1049.3052312677555,159600
2022-05-20 09:00:00+09:00,1137.7734375,1139.5975231713428,1067.090117735471,1067.090117735471,519400
2022-05-23 09:00:00+09:00,1120.4447021484375,1156.4703966823106,1115.428466200683,1141.4216888390472,307800
2022-05-24 09:00:00+09:00,1141.4217529296875,1158.7505689949405,1122.7248724382302,1124.548958339836,346600
2022-05-25 09:00:00+09:00,1182.4635009765625,1205.7205925885196,1143.7016816233006,1151.910066898109,577600
2022-05-26 09:00:00+09:00,1204.352783203125,1208.9129982095737,1170.607192155404,1187.0239661786197,451000
2022-05-27 09:00:00+09:00,1224.8736572265625,1228.9778504190565,1205.7207556615901,1214.385163512411,391400
2022-05-30 09:00:00+09:00,1200.2484130859375,1219.857334728299,1193.408091582788,1219.857334728299,505000
2022-05-31 09:00:00+09:00,1185.65576171875,1237.186185208834,1180.1835043569713,1217.5772629957933,703000
2022-06-01 09:00:00+09:00,1241.74658203125,1243.1146465725992,1191.5842155151142,1201.6166888183413,414000
2022-06-02 09:00:00+09:00,1238.0982666015625,1244.0265455944982,1221.2254725447456,1235.3621378355922,221000
2022-06-03 09:00:00+09:00,1242.6583251953125,1262.723266959934,1240.3782181766055,1251.3227318663992,292800
2022-06-06 09:00:00+09:00,1221.2254638671875,1230.801914480037,1215.7532063741307,1230.801914480037,372000
2022-06-07 09:00:00+09:00,1234.449951171875,1253.1468288955716,1221.2253303429188,1228.9776942771346,348000
2022-06-08 09:00:00+09:00,1255.88330078125,1257.2513653790509,1224.4178150318287,1235.8183533468364,231600
2022-06-09 09:00:00+09:00,1305.58935546875,1316.533869800308,1261.8112981425188,1262.2673195730003,507600
2022-06-10 09:00:00+09:00,1297.3809814453125,1305.133345833562,1280.5081883650043,1285.9804455802393,325600
2022-06-13 09:00:00+09:00,1290.99658203125,1294.1887318278657,1271.3876618520399,1271.3876618520399,190400
2022-06-14 09:00:00+09:00,1290.54052734375,1294.6447198335359,1266.3713937927894,1268.1954793438051,247400
2022-06-15 09:00:00+09:00,1264.0914306640625,1301.941210153643,1263.1793877847954,1285.9804597664704,228600
2022-06-16 09:00:00+09:00,1262.723388671875,1285.0684396090082,1256.3390884041228,1268.6516674919308,180600
2022-06-17 09:00:00+09:00,1226.6976318359375,1239.9222531456928,1215.7531176485536,1218.945267619874,182000
2022-06-20 09:00:00+09:00,1206.6324462890625,1240.3780249078798,1188.8476143142805,1236.2738329136994,151200
2022-06-21 09:00:00+09:00,1240.37841796875,1246.7627186494715,1229.4339025160846,1229.4339025160846,192400
2022-06-22 09:00:00+09:00,1254.0589599609375,1270.0197103604403,1248.586702681108,1252.2348742009945,225000
2022-06-23 09:00:00+09:00,1250.866943359375,1260.443394620967,1241.290492097783,1244.4826425183137,155600
2022-06-24 09:00:00+09:00,1252.6910400390625,1257.7072764571294,1231.2580298891405,1250.8669540688563,246400
2022-06-27 09:00:00+09:00,1283.7003173828125,1285.5244030913493,1268.6516102873834,1276.8599959757992,132800
2022-06-28 09:00:00+09:00,1301.941162109375,1301.941162109375,1261.811276902501,1263.1793411709173,210400
2022-06-29 09:00:00+09:00,1312.4296875,1317.9019447098678,1284.6123800165044,1289.6286157922168,325600
2022-06-30 09:00:00+09:00,1321.550048828125,1350.279397715693,1316.5338133080734,1325.198220115435,560800
2022-07-01 09:00:00+09:00,1308.7816162109375,1321.0941958756396,1291.9088218556049,1299.2051653606136,436000
2022-07-04 09:00:00+09:00,1317.90185546875,1341.1589470358456,1309.6934702097751,1313.7976628392626,372400
2022-07-05 09:00:00+09:00,1324.742431640625,1337.0550119002796,1317.9021092741502,1332.4947969892964,227000
2022-07-06 09:00:00+09:00,1275.947998046875,1308.7815419565873,1272.2998265013514,1304.2213275246827,249800
2022-07-07 09:00:00+09:00,1258.163330078125,1285.5246203299146,1250.866986010981,1284.6125773215215,313600
2022-07-08 09:00:00+09:00,1305.13330078125,1320.1820076036752,1278.2280370684289,1280.9641655815972,412800
2022-07-11 09:00:00+09:00,1313.797607421875,1335.6866338558389,1311.0614791176297,1322.4620137186525,169200
2022-07-12 09:00:00+09:00,1285.9805908203125,1310.1497295839567,1261.3554305705618,1310.1497295839567,391200
2022-07-13 09:00:00+09:00,1293.73291015625,1299.6611892651788,1285.524523697733,1299.2051677952613,204600
2022-07-14 09:00:00+09:00,1272.7557373046875,1286.8924008147,1263.1792878301628,1286.8924008147,179600
2022-07-15 09:00:00+09:00,1251.77880859375,1281.4202011469717,1239.0102087246698,1281.4202011469717,296200
2022-07-19 09:00:00+09:00,1286.4366455078125,1299.6612689462124,1260.4434201288882,1271.8439575757848,167800
2022-07-20 09:00:00+09:00,1338.4228515625,1340.2469372205069,1313.3416737649063,1322.4621020549405,355600
2022-07-21 09:00:00+09:00,1348.4554443359375,1348.9114657915804,1318.3580282635087,1326.1103930094373,192400
2022-07-22 09:00:00+09:00,1332.4947509765625,1341.1591590082376,1311.5177631104018,1329.3026006491032,274800
2022-07-25 09:00:00+09:00,1320.63818359375,1334.3188277608124,1311.5177541490418,1322.918290954927,160000
2022-07-26 09:00:00+09:00,1336.1427001953125,1344.8071067836097,1322.0060368144066,1322.0060368144066,166600
2022-07-27 09:00:00+09:00,1315.6217041015625,1329.7583671265706,1308.7813832830102,1329.7583671265706,139200
2022-07-28 09:00:00+09:00,1333.86279296875,1336.5989217748397,1305.1334405048078,1322.0062348090278,248200
2022-07-29 09:00:00+09:00,1331.5823974609375,1341.6148675787938,1317.4457350221398,1341.6148675787938,190600
2022-08-01 09:00:00+09:00,1337.5107421875,1346.1751486319467,1331.126442702118,1340.7028919301908,161000
2022-08-02 09:00:00+09:00,1323.830078125,1334.318569959955,1317.9018001313295,1334.318569959955,129000
2022-08-03 09:00:00+09:00,1328.390380859375,1334.3186592497534,1316.5338240786184,1323.8301667129301,160800
2022-08-04 09:00:00+09:00,1329.3026123046875,1339.791106329733,1321.5502471557409,1332.0387411807862,196000
2022-08-05 09:00:00+09:00,1327.478515625,1332.9507733328323,1320.6381934902097,1328.3905585763055,171200
2022-08-08 09:00:00+09:00,1374.9046630859375,1388.585306499728,1327.4784325847975,1327.4784325847975,575600
2022-08-09 09:00:00+09:00,1356.207763671875,1388.5852859384195,1347.5433563047716,1377.1847499290727,427400
2022-08-10 09:00:00+09:00,1290.54052734375,1390.8652326496247,1289.1724631804882,1379.4646979557751,583400
2022-08-12 09:00:00+09:00,1295.5570068359375,1312.8858228372628,1275.0360405185784,1308.7816295737912,329800
2022-08-15 09:00:00+09:00,1266.3714599609375,1323.8301578201663,1260.8992030219633,1301.0290872411072,427800
2022-08-16 09:00:00+09:00,1262.723388671875,1267.283603148841,1227.609737199237,1263.1794101195717,474600
2022-08-17 09:00:00+09:00,1282.3323974609375,1282.7884189394085,1250.4108939679554,1270.0198175422158,382800
2022-08-18 09:00:00+09:00,1263.1795654296875,1275.4921460313487,1259.0753718958003,1271.3879524974616,222400
2022-08-19 09:00:00+09:00,1263.1795654296875,1271.8439740012268,1247.2188127979045,1267.7397804673399,240600
2022-08-22 09:00:00+09:00,1312.8858642578125,1313.3418857459187,1264.0915650304469,1274.5800592568899,459200
2022-08-23 09:00:00+09:00,1291.90869140625,1307.8694412118336,1280.9641772538496,1301.0291198665834,274000
2022-08-24 09:00:00+09:00,1310.6055908203125,1317.9019337058814,1301.9411836436996,1314.7097836934452,241200
2022-08-25 09:00:00+09:00,1294.644775390625,1310.6055246469377,1292.364668354009,1310.6055246469377,141600
2022-08-26 09:00:00+09:00,1314.7100830078125,1322.4624490886772,1308.781803063622,1318.814276815329,190400
2022-08-29 09:00:00+09:00,1279.5960693359375,1288.260476077699,1273.6677910389428,1273.6677910389428,204400
2022-08-30 09:00:00+09:00,1304.6773681640625,1309.6936041129632,1283.2443600187598,1293.732853366461,141400
2022-08-31 09:00:00+09:00,1313.797607421875,1315.1656715739978,1281.876110539011,1281.876110539011,233200
2022-09-01 09:00:00+09:00,1295.5570068359375,1304.2214148366002,1288.260663256432,1293.7329209410611,164200
2022-09-02 09:00:00+09:00,1287.8045654296875,1304.677358956918,1275.0359649225943,1294.188865683234,209200
2022-09-05 09:00:00+09:00,1280.05224609375,1287.3485894986306,1270.9318168376492,1285.5245036474105,140000
2022-09-06 09:00:00+09:00,1276.8599853515625,1285.9804138183595,1271.3877282714843,1279.5961138916016,162400
2022-09-07 09:00:00+09:00,1273.2119140625,1280.508257409563,1256.7951415316081,1280.508257409563,133400
2022-09-08 09:00:00+09:00,1314.25390625,1314.25390625,1277.3161663449862,1286.4365959511624,296800
2022-09-09 09:00:00+09:00,1308.3255615234375,1316.533947758161,1298.74911091626,1310.149647353376,205800
2022-09-12 09:00:00+09:00,1351.6474609375,1354.839610811509,1314.7097266811109,1322.4620906608468,316000
2022-09-13 09:00:00+09:00,1357.5758056640625,1372.624512948884,1338.8789269162537,1365.32817002291,265800
2022-09-14 09:00:00+09:00,1307.413330078125,1335.6866563651301,1304.2211803360437,1320.18192904645,266400
2022-09-15 09:00:00+09:00,1311.0616455078125,1316.5339028108017,1297.8370236922556,1312.8857312754756,147800
2022-09-16 09:00:00+09:00,1333.86279296875,1341.159136451656,1312.4297839877138,1322.4622562767095,343200
2022-09-20 09:00:00+09:00,1377.184814453125,1390.8654583053083,1353.4716984426739,1354.3837413661527,292800
2022-09-21 09:00:00+09:00,1331.5823974609375,1358.4876582315524,1331.5823974609375,1347.543145375709,224400
2022-09-22 09:00:00+09:00,1333.40673828125,1334.7748026502115,1291.4527642997605,1317.9020087663516,193800
2022-09-26 09:00:00+09:00,1292.8206787109375,1321.550027126736,1285.9803576595568,1304.2212137965719,245800
2022-09-27 09:00:00+09:00,1310.149658203125,1316.9899801220413,1289.6286924463757,1313.3418084319526,168000
2022-09-28 09:00:00+09:00,1344.35107421875,1350.7353737571023,1295.100763494318,1309.693448153409,630400
2022-09-29 09:00:00+09:00,1397.23828125,1406.4762202995867,1367.2149793388428,1373.6815366735536,338000
2022-09-30 09:00:00+09:00,1392.6195068359375,1411.0953875236448,1365.829479838762,1382.9196694748912,520600
2022-10-03 09:00:00+09:00,1378.7626953125,1381.0721805642797,1326.5683286222782,1373.6818277585846,384600
2022-10-04 09:00:00+09:00,1415.71435546875,1420.3333256334115,1385.69104939845,1401.8574449747655,215800
2022-10-05 09:00:00+09:00,1406.476318359375,1429.571167593519,1406.476318359375,1427.2616826701046,175600
2022-10-06 09:00:00+09:00,1448.0469970703125,1457.2849364455617,1422.6426637883771,1424.9521486321894,307600
2022-10-07 09:00:00+09:00,1436.499755859375,1443.4282112734877,1424.952330169187,1427.2618153072247,106200
2022-10-11 09:00:00+09:00,1411.09521484375,1436.4995476805443,1404.1667604337154,1429.5710932705094,164200
2022-10-12 09:00:00+09:00,1399.5479736328125,1415.714369367845,1392.6195183177986,1411.0953991578358,182400
2022-10-13 09:00:00+09:00,1420.333251953125,1429.5711918032266,1397.238402327871,1401.8573722529218,182000
2022-10-14 09:00:00+09:00,1466.5230712890625,1475.7610118956077,1415.7143979530633,1431.8807940145177,247000
2022-10-17 09:00:00+09:00,1521.95068359375,1533.498109114188,1459.5945857833838,1459.5945857833838,604000
2022-10-18 09:00:00+09:00,1598.16357421875,1598.16357421875,1549.6643906080653,1554.2833604757495,755000
2022-10-19 09:00:00+09:00,1556.5928955078125,1595.8541406467334,1540.4265004506096,1584.3067156058744,742400
2022-10-20 09:00:00+09:00,1565.8306884765625,1575.0686276416159,1545.045325355192,1549.664294937719,301800
2022-10-21 09:00:00+09:00,1526.569580078125,1577.3782499143108,1501.1652451600323,1561.2118549664335,377400
2022-10-24 09:00:00+09:00,1521.95068359375,1556.5929601550645,1521.95068359375,1542.7360495305386,143800
2022-10-25 09:00:00+09:00,1517.33154296875,1533.4979368816591,1473.4513309194256,1478.0703006088281,256400
2022-10-26 09:00:00+09:00,1515.0220947265625,1542.7359135325362,1515.0220947265625,1533.497973930545,146200
2022-10-27 09:00:00+09:00,1496.5462646484375,1515.0221444589122,1489.6178097195095,1515.0221444589122,127000
2022-10-28 09:00:00+09:00,1468.832275390625,1505.784030746364,1459.5943365516903,1482.6891836490272,450400
2022-10-31 09:00:00+09:00,1454.9754638671875,1487.3082519531251,1441.1185546875001,1484.9987670898438,369600
2022-11-01 09:00:00+09:00,1535.8076171875,1545.0455577420112,1482.6894589990602,1482.6894589990602,464000
2022-11-02 09:00:00+09:00,1533.498046875,1540.4265019060617,1512.7126817818148,1519.6411368128765,297800
2022-11-04 09:00:00+09:00,1503.4747314453125,1551.9739163306451,1494.236791467154,1533.498036374328,363600
2022-11-07 09:00:00+09:00,1505.7841796875,1510.403149563842,1487.308300182132,1501.1652098111579,434400
2022-11-08 09:00:00+09:00,1498.8555908203125,1515.0219839416409,1475.7607435041289,1510.4030144784042,639400
2022-11-09 09:00:00+09:00,1505.7841796875,1618.9489416578797,1505.7841796875,1581.9971826471433,808200
2022-11-10 09:00:00+09:00,1464.21337890625,1515.0220450512618,1457.2849244319302,1501.1651361026222,572000
2022-11-11 09:00:00+09:00,1401.8572998046875,1478.0702996293246,1392.6193604320042,1478.0702996293246,767600
2022-11-14 09:00:00+09:00,1394.928955078125,1413.4048352778352,1388.0005000032336,1411.0953502528714,325600
2022-11-15 09:00:00+09:00,1366.291259765625,1382.4576539819186,1361.2103930119326,1382.4576539819186,373800
2022-11-16 09:00:00+09:00,1340.4251708984375,1363.0581251968604,1326.5682601034846,1361.6724341173651,646800
2022-11-17 09:00:00+09:00,1358.439208984375,1365.829561702413,1333.4967685609965,1337.1919449200154,542400
2022-11-18 09:00:00+09:00,1397.23828125,1413.4046745867768,1368.1387732438016,1381.5337848657025,571200
2022-11-21 09:00:00+09:00,1397.23828125,1441.1184917355372,1390.30982696281,1397.23828125,426600
2022-11-22 09:00:00+09:00,1415.71435546875,1443.428176456719,1411.0953853040885,1429.5712659627345,463400
2022-11-24 09:00:00+09:00,1471.141845703125,1475.760815391361,1445.7375124178277,1471.141845703125,475200
2022-11-25 09:00:00+09:00,1427.2615966796875,1471.1418075808429,1424.9521118954162,1471.1418075808429,268000
2022-11-28 09:00:00+09:00,1415.71435546875,1448.0471466213805,1411.0953853040885,1443.428176456719,192600
2022-11-29 09:00:00+09:00,1448.0469970703125,1452.665966757937,1415.7142092569402,1420.333178944565,297600
2022-11-30 09:00:00+09:00,1461.9039306640625,1496.5462039025474,1454.9754760163655,1468.8323853117595,438800
2022-12-01 09:00:00+09:00,1448.0469970703125,1489.6177242589338,1441.1185425388755,1489.6177242589338,292000
2022-12-02 09:00:00+09:00,1394.928955078125,1420.3332903527266,1381.533941933335,1420.3332903527266,379800
2022-12-05 09:00:00+09:00,1372.7579345703125,1388.0005361318267,1363.9818912470164,1381.072080876593,312800
2022-12-06 09:00:00+09:00,1385.69091796875,1390.3098876953125,1359.3627905273438,1367.2150390625,219400
2022-12-07 09:00:00+09:00,1404.1668701171875,1406.476355100933,1382.9196082667302,1382.9196082667302,199600
2022-12-08 09:00:00+09:00,1401.8572998046875,1411.0952391773708,1392.6193604320042,1404.1667846478583,235600
2022-12-09 09:00:00+09:00,1397.23828125,1415.7141593491735,1392.6193117252064,1394.9287964876032,154000
2022-12-12 09:00:00+09:00,1399.5479736328125,1406.4764289478264,1385.6910630027846,1388.0005481077892,124400
2022-12-13 09:00:00+09:00,1434.1903076171875,1448.0472188018946,1418.0239112350291,1422.6428816299315,339400
2022-12-14 09:00:00+09:00,1411.09521484375,1415.71418445044,1401.8572756303704,1413.404699647095,158000
2022-12-15 09:00:00+09:00,1431.8807373046875,1436.4997074250252,1397.2384614021546,1397.2384614021546,124400
2022-12-16 09:00:00+09:00,1408.785888671875,1429.5712542424437,1404.166918545082,1427.2617691790472,260200
2022-12-19 09:00:00+09:00,1397.23828125,1406.4762202995867,1390.30982696281,1401.8572507747933,88400
2022-12-20 09:00:00+09:00,1360.74853515625,1415.7142770719302,1345.5059344569438,1408.785822208609,229800
2022-12-21 09:00:00+09:00,1332.5726318359375,1348.7390242498916,1313.1729609391925,1348.7390242498916,266600
2022-12-22 09:00:00+09:00,1356.5914306640625,1363.9817823462638,1336.267963538009,1345.5059031407607,158200
2022-12-23 09:00:00+09:00,1339.501220703125,1357.0533056640625,1339.0393237304688,1355.6676147460937,79200
2022-12-26 09:00:00+09:00,1355.66748046875,1355.66748046875,1331.1869433427385,1349.2009234920677,81400
2022-12-27 09:00:00+09:00,1392.6195068359375,1399.547962093828,1362.5962007184132,1362.5962007184132,221000
2022-12-28 09:00:00+09:00,1422.6427001953125,1427.2616700011415,1388.0004266515955,1399.547851166168,286200
2022-12-29 09:00:00+09:00,1406.476318359375,1413.4047731296182,1371.8340445081587,1401.8573485125462,301600
2022-12-30 09:00:00+09:00,1434.1903076171875,1452.666189196797,1406.4764852477733,1418.0239112350291,490600
2023-01-04 09:00:00+09:00,1390.3099365234375,1422.642725744913,1390.3099365234375,1408.7858160785663,257600
2023-01-05 09:00:00+09:00,1384.3052978515625,1394.9289287660056,1357.5152720673148,1388.0004738218036,299000
2023-01-06 09:00:00+09:00,1401.8572998046875,1424.9521482363957,1390.3098755888334,1390.3098755888334,168800
2023-01-10 09:00:00+09:00,1371.833984375,1406.476256707702,1370.448293481692,1394.9288325968014,238600
2023-01-11 09:00:00+09:00,1390.3099365234375,1411.0953010229573,1380.610099756995,1390.3099365234375,208400
2023-01-12 09:00:00+09:00,1371.3721923828125,1408.7858493659744,1364.4437373859307,1376.453059380526,181800
2023-01-13 09:00:00+09:00,1342.734619140625,1357.5153235824894,1338.5775460163507,1351.9725594167903,249400
2023-01-16 09:00:00+09:00,1297.0068359375,1311.7875406205485,1286.8451014679042,1311.7875406205485,330800
2023-01-17 09:00:00+09:00,1318.7159423828125,1325.6443974216013,1309.016105328508,1310.4017963362658,134400
2023-01-18 09:00:00+09:00,1328.4156494140625,1340.886867263221,1303.935110673122,1324.7204737550526,188400
2023-01-19 09:00:00+09:00,1303.9351806640625,1319.6396780578202,1301.1637987710465,1315.0207082361267,217600
2023-01-20 09:00:00+09:00,1297.9305419921875,1306.7065848028108,1287.7688082114657,1302.5495118925155,298000
2023-01-23 09:00:00+09:00,1311.7874755859375,1320.563518556407,1294.6972866434446,1317.3302395672865,251200
2023-01-24 09:00:00+09:00,1316.406494140625,1326.5682284813597,1304.8590687534265,1325.182537434896,376000
2023-01-25 09:00:00+09:00,1328.8775634765625,1345.505854156144,1314.0968606502677,1315.4825515402329,185200
2023-01-26 09:00:00+09:00,1332.1109619140625,1338.5775199816064,1323.3349188223956,1329.339579885115,136200
2023-01-27 09:00:00+09:00,1323.7967529296875,1347.3534990564892,1323.7967529296875,1344.1202201763401,157200
2023-01-30 09:00:00+09:00,1334.8822021484375,1344.1201412636515,1325.6442630332233,1327.4918508562662,153400
2023-01-31 09:00:00+09:00,1348.7391357421875,1352.896208420845,1340.4249903848727,1343.6582691349397,174000
2023-02-01 09:00:00+09:00,1364.905517578125,1374.6053537436549,1358.900857094702,1360.2865479754919,160800
2023-02-02 09:00:00+09:00,1363.05810546875,1381.9958832810912,1359.3629293102445,1372.296045865014,210200
2023-02-03 09:00:00+09:00,1343.1962890625,1347.3533614839453,1318.253854533829,1339.9630105124872,352400
2023-02-06 09:00:00+09:00,1347.353515625,1359.3628373275196,1339.5012668195063,1350.1248975563508,160200
2023-02-07 09:00:00+09:00,1357.977294921875,1361.2105741954986,1352.8964274918953,1354.7440156482514,149000
2023-02-08 09:00:00+09:00,1355.205810546875,1362.1342656110207,1333.0347543416092,1357.9771925725333,422200
2023-02-09 09:00:00+09:00,1345.9678955078125,1351.0487626494,1330.2633970701784,1340.4251313533534,346200
2023-02-10 09:00:00+09:00,1313.173095703125,1341.8107080610546,1311.78740478258,1339.5012231934797,340000
2023-02-13 09:00:00+09:00,1311.325439453125,1316.4063058969377,1284.9973133351862,1314.0968211497502,361200
2023-02-14 09:00:00+09:00,1358.439208984375,1367.2152528370452,1332.5729744712417,1333.9586656058739,608000
2023-02-15 09:00:00+09:00,1303.4732666015625,1339.0393337625549,1292.8496361508764,1335.3441579536207,1018400
2023-02-16 09:00:00+09:00,1362.59619140625,1365.3675734904662,1299.7781974973518,1306.244755693856,619800
2023-02-17 09:00:00+09:00,1354.2818603515625,1408.7857005703497,1348.7390969394824,1382.4575743629694,500200
2023-02-20 09:00:00+09:00,1351.510498046875,1359.8246432843473,1340.886868021216,1353.3580858774244,234600
2023-02-21 09:00:00+09:00,1367.6768798828125,1394.9288001506566,1353.8199712720443,1353.8199712720443,276400
2023-02-22 09:00:00+09:00,1339.501220703125,1367.6769360351564,1333.4965600585938,1362.1341723632813,276800
2023-02-24 09:00:00+09:00,1338.115478515625,1353.819974984224,1331.1870241912432,1347.353417614801,181600
2023-02-27 09:00:00+09:00,1348.7391357421875,1362.5960446710458,1333.4965359204436,1333.4965359204436,141800
2023-02-28 09:00:00+09:00,1331.649169921875,1356.1297131080905,1327.9539935918804,1351.5107426955972,242600
2023-03-01 09:00:00+09:00,1326.106201171875,1340.4250072451346,1320.101540560508,1331.1870678430316,207400
2023-03-02 09:00:00+09:00,1328.4156494140625,1342.2725581353498,1326.1061646271812,1337.191691604211,157000
2023-03-03 09:00:00+09:00,1352.4344482421875,1364.9056675395027,1330.263391713627,1336.7299498677905,345600
2023-03-06 09:00:00+09:00,1352.4344482421875,1367.6770496055728,1345.5059930770124,1363.058079495456,216800
2023-03-07 09:00:00+09:00,1373.6815185546875,1383.3813544288128,1353.3580529136632,1353.3580529136632,247000
2023-03-08 09:00:00+09:00,1388.00048828125,1388.00048828125,1363.9818442244696,1363.9818442244696,155400
2023-03-09 09:00:00+09:00,1408.785888671875,1415.7143438620647,1390.3100081647028,1394.928978291496,260400
2023-03-10 09:00:00+09:00,1377.838623046875,1388.0003561032047,1371.8339626044985,1376.4529321755574,308000
2023-03-13 09:00:00+09:00,1351.972412109375,1362.5960422694418,1327.491873044873,1357.0532787076677,240600
2023-03-14 09:00:00+09:00,1289.154541015625,1333.0347564926885,1279.9166009151907,1333.0347564926885,395800
2023-03-15 09:00:00+09:00,1314.558837890625,1317.7921168313258,1300.2400311532358,1306.7065890346373,170200
2023-03-16 09:00:00+09:00,1284.0736083984375,1289.1544751942588,1258.6692744193317,1272.5261838624804,235600
2023-03-17 09:00:00+09:00,1287.306884765625,1300.7018972012918,1285.459296843464,1296.0829273958893,179000
2023-03-20 09:00:00+09:00,1258.6693115234375,1281.764161276161,1248.9694746272935,1270.2167363997992,290600
2023-03-22 09:00:00+09:00,1271.6024169921875,1294.235369564878,1258.207404245085,1294.235369564878,350000
2023-03-23 09:00:00+09:00,1277.14501953125,1278.0688133970955,1247.121718891275,1256.3596575497288,151200
2023-03-24 09:00:00+09:00,1300.2401123046875,1304.8590825082565,1272.5262910832732,1277.1452612868422,224400
2023-03-27 09:00:00+09:00,1323.3348388671875,1331.6489844516934,1314.5587963057646,1320.1015600287685,329600
2023-03-28 09:00:00+09:00,1324.2587890625,1337.191905942078,1324.2587890625,1337.191905942078,238000
2023-03-29 09:00:00+09:00,1352.896240234375,1353.8200341846887,1331.6489793771605,1332.5727733274741,291200
2023-03-30 09:00:00+09:00,1357.8089599609375,1362.955720319163,1341.9007915809677,1353.1300869080053,255800
2023-03-31 09:00:00+09:00,1354.533935546875,1371.377880859375,1349.8550618489583,1367.16689453125,185400
2023-04-03 09:00:00+09:00,1372.3135986328125,1372.7814859831817,1355.937541369891,1371.377823932074,258800
2023-04-04 09:00:00+09:00,1362.9559326171875,1369.9742432897785,1357.8091714572872,1369.9742432897785,179600
2023-04-05 09:00:00+09:00,1330.671630859375,1355.469660548386,1330.671630859375,1347.5155755537976,205000
2023-04-06 09:00:00+09:00,1306.341552734375,1332.0753583935407,1305.873665358754,1310.0846517393445,221400
2023-04-07 09:00:00+09:00,1319.4423828125,1325.5249186197916,1307.7451985677083,1307.7451985677083,150600
2023-04-10 09:00:00+09:00,1331.6075439453125,1338.1579675627524,1323.6534581241353,1337.6900801615068,111400
2023-04-11 09:00:00+09:00,1345.64404296875,1349.8550291950082,1339.5615073085992,1347.5155924026426,122600
2023-04-12 09:00:00+09:00,1334.882568359375,1351.7265124396195,1331.1394696748762,1346.1118644128712,198800
2023-04-13 09:00:00+09:00,1331.139404296875,1333.0109535472045,1315.6991229816565,1330.6715169842926,166200
2023-04-14 09:00:00+09:00,1336.2862548828125,1342.3687903567188,1323.1854092467065,1342.3687903567188,202400
2023-04-17 09:00:00+09:00,1334.4146728515625,1345.1760815035911,1328.8000248591998,1341.4329828420161,190200
2023-04-18 09:00:00+09:00,1338.15771484375,1342.368700659692,1332.5430670891608,1342.368700659692,130800
2023-04-19 09:00:00+09:00,1337.68994140625,1337.68994140625,1327.3964196465656,1333.4789552318337,129400
2023-04-20 09:00:00+09:00,1343.3048095703125,1349.8552335807565,1332.5433986960118,1335.8186107012339,172400
2023-04-21 09:00:00+09:00,1335.8184814453125,1345.1762291261903,1330.6717202208297,1345.1762291261903,133800
2023-04-24 09:00:00+09:00,1356.873291015625,1365.2952631667565,1336.2862479795258,1336.2862479795258,163000
2023-04-25 09:00:00+09:00,1350.3228759765625,1373.2493558528104,1349.8549886321493,1362.9558342757196,146400
2023-04-26 09:00:00+09:00,1339.5615234375,1344.7082844426736,1324.1212404219787,1337.2220866169664,183000
2023-04-27 09:00:00+09:00,1341.4329833984375,1343.7724200628923,1328.800025410381,1333.4788987392908,181600
2023-04-28 09:00:00+09:00,1388.2218017578125,1388.2218017578125,1364.3595463180927,1364.8274336796558,416800
2023-05-01 09:00:00+09:00,1401.79052734375,1401.79052734375,1383.542920345617,1390.093343370588,230400
2023-05-02 09:00:00+09:00,1398.0472412109375,1408.3407617285548,1389.157382582086,1408.3407617285548,211200
2023-05-08 09:00:00+09:00,1388.2218017578125,1397.111661627512,1380.7356039728024,1384.0108155037442,193200
2023-05-09 09:00:00+09:00,1417.6986083984375,1427.0563549885262,1403.1941011838,1406.0014251608268,441400
2023-05-10 09:00:00+09:00,1282.479248046875,1317.1029125326352,1270.3141767410673,1314.763475743057,2364000
2023-05-11 09:00:00+09:00,1264.231689453125,1286.2223961164473,1263.7638020773097,1282.9471844857399,847000
2023-05-12 09:00:00+09:00,1243.64453125,1254.873827243228,1233.8188972559255,1254.873827243228,987600
2023-05-15 09:00:00+09:00,1236.6263427734375,1246.9198651120737,1223.9933835396566,1244.5804282169292,844800
2023-05-16 09:00:00+09:00,1234.7547607421875,1245.5161701764696,1230.0758870751083,1239.9015217759745,460400
2023-05-17 09:00:00+09:00,1228.2041015625,1243.176494419643,1227.2683270089285,1231.9471997767857,451600
2023-05-18 09:00:00+09:00,1220.250244140625,1231.0116535022946,1216.975032595769,1229.6079914116422,612200
2023-05-19 09:00:00+09:00,1214.1676025390625,1226.8005602533417,1213.2318278935602,1223.9932363168352,643000
2023-05-22 09:00:00+09:00,1234.7547607421875,1238.4978596758508,1214.1677166070392,1221.186027107658,702200
2023-05-23 09:00:00+09:00,1223.0576171875,1250.1950853576893,1221.1860676585213,1243.6446620062643,640200
2023-05-24 09:00:00+09:00,1195.920166015625,1220.7181976270601,1195.920166015625,1220.7181976270601,696600
2023-05-25 09:00:00+09:00,1182.351318359375,1201.534699464533,1180.0118816392337,1191.70906523994,560400
2023-05-26 09:00:00+09:00,1162.7001953125,1184.6909032318913,1162.7001953125,1182.3514662191901,652800
2023-05-29 09:00:00+09:00,1215.103515625,1229.1401369067673,1193.5806963262899,1196.8559079587023,1047400
2023-05-30 09:00:00+09:00,1242.240966796875,1243.64462890625,1223.993359375,1234.7547688802083,818400
2023-05-31 09:00:00+09:00,1232.415283203125,1242.2409175794598,1223.9933108805524,1239.4335934719356,752600
2023-06-01 09:00:00+09:00,1229.1400146484375,1236.6262119207538,1216.9749440809235,1225.864803341799,609800
2023-06-02 09:00:00+09:00,1243.64453125,1243.64453125,1221.6538265965953,1223.5253759287998,562800
2023-06-05 09:00:00+09:00,1253.4703369140625,1274.0573823878285,1250.6630125312763,1266.5711840337317,784400
2023-06-06 09:00:00+09:00,1231.01171875,1239.9015791286583,1222.589745759692,1239.9015791286583,549600
2023-06-07 09:00:00+09:00,1238.497802734375,1256.7454091970271,1227.268506449666,1250.1949863642803,627400
2023-06-08 09:00:00+09:00,1207.6173095703125,1246.9198488976688,1203.8742105867548,1245.9840741517794,717600
2023-06-09 09:00:00+09:00,1209.02099609375,1214.6356446824207,1203.8742348874684,1208.0852213289716,466000
2023-06-12 09:00:00+09:00,1209.02099609375,1217.910856359145,1203.4063475050793,1216.5071942119775,468200
2023-06-13 09:00:00+09:00,1211.3603515625,1216.5071124227502,1204.8099286494544,1211.3603515625,499000
2023-06-14 09:00:00+09:00,1215.5714111328125,1220.2502849247016,1205.7457761698452,1216.5071858911904,410600
2023-06-15 09:00:00+09:00,1206.2135009765625,1216.5070219313664,1201.534627815288,1215.5712472991115,451800
2023-06-16 09:00:00+09:00,1198.2593994140625,1204.3419344364688,1188.433765916329,1201.0667232705578,780600
2023-06-19 09:00:00+09:00,1206.6815185546875,1218.846590087228,1198.7274333218727,1211.3603922210493,539000
2023-06-20 09:00:00+09:00,1216.039306640625,1216.039306640625,1196.3880365833313,1204.8100094650285,387400
2023-06-21 09:00:00+09:00,1217.91064453125,1219.3143064342826,1198.2593778887942,1206.6813493069894,416000
2023-06-22 09:00:00+09:00,1218.3787841796875,1229.1401943318122,1215.5714597921767,1221.1861085671983,452000
2023-06-23 09:00:00+09:00,1206.2135009765625,1228.2042048345527,1203.8740643959252,1221.1858950926407,342600
2023-06-26 09:00:00+09:00,1197.79150390625,1209.4886865615845,1189.8374197006226,1207.1492500305176,489800
2023-06-27 09:00:00+09:00,1199.1953125,1207.617285041943,1190.773339958057,1203.8741861344129,365000
2023-06-28 09:00:00+09:00,1212.2960205078125,1213.2317951280424,1197.3236265841344,1202.4703869953987,598000
2023-06-29 09:00:00+09:00,1212.2960205078125,1218.3785555393067,1209.4886966471229,1213.6996824381574,447000
2023-06-30 09:00:00+09:00,1215.5714111328125,1220.7181723038907,1206.2136635490342,1219.7823975455128,328200
2023-07-03 09:00:00+09:00,1226.80078125,1232.883317541476,1223.5255694007437,1225.39711902889,362800
2023-07-04 09:00:00+09:00,1234.286865234375,1244.1124998704333,1224.4612305983167,1231.947428416266,610400
2023-07-05 09:00:00+09:00,1239.9013671875,1244.1123529628537,1227.7362971698115,1235.2224941037737,420000
2023-07-06 09:00:00+09:00,1216.9749755859375,1232.4152578598075,1214.167651536143,1228.2042717851157,286400
2023-07-07 09:00:00+09:00,1227.2685546875,1244.1124997766156,1209.956722234798,1214.167708507077,525800
2023-07-10 09:00:00+09:00,1225.39697265625,1233.8189449769116,1217.4428876867364,1230.5437335188765,360800
2023-07-11 09:00:00+09:00,1211.8282470703125,1227.7364171090733,1208.085148237663,1225.8648676927485,412600
2023-07-12 09:00:00+09:00,1221.6539306640625,1224.4612549015135,1211.3604084600759,1220.7181559182457,252400
2023-07-13 09:00:00+09:00,1210.892578125,1221.1861008138524,1205.2779293856258,1221.1861008138524,188800
2023-07-14 09:00:00+09:00,1213.2318115234375,1218.8464593206922,1204.3419525111178,1216.0391354220649,205400
2023-07-18 09:00:00+09:00,1210.892578125,1214.1677898896348,1202.002717620991,1213.232015099739,210200
2023-07-19 09:00:00+09:00,1218.8465576171875,1222.5896564505608,1209.488810533754,1220.718107033874,215000
2023-07-20 09:00:00+09:00,1211.8282470703125,1226.8006424009109,1211.3603597162314,1223.5254309223426,298000
2023-07-21 09:00:00+09:00,1210.892578125,1218.3787764441654,1205.7458167805737,1216.507226864374,284600
2023-07-24 09:00:00+09:00,1223.0576171875,1228.204378392191,1212.7640947781179,1220.250292894032,329400
2023-07-25 09:00:00+09:00,1224.4610595703125,1224.4610595703125,1213.6996517101225,1223.0573976755052,389800
2023-07-26 09:00:00+09:00,1220.250244140625,1222.1217935948284,1204.8099611434468,1219.3144694135233,444600
2023-07-27 09:00:00+09:00,1220.250244140625,1222.5896809583792,1206.6815105976502,1216.5071452322181,337600
2023-07-28 09:00:00+09:00,1201.5345458984375,1209.0207424460914,1188.4337019400434,1209.0207424460914,782800
2023-07-31 09:00:00+09:00,1229.1400146484375,1231.947338625556,1207.1493101610083,1212.7639581152455,743400
2023-08-01 09:00:00+09:00,1224.4610595703125,1231.9472563426186,1221.6537357806976,1226.8004960616581,261200
2023-08-02 09:00:00+09:00,1211.8282470703125,1223.5254309223426,1209.9566976539877,1221.1859941519365,278600
2023-08-03 09:00:00+09:00,1186.0943603515625,1206.6814025036213,1186.0943603515625,1206.6814025036213,542000
2023-08-04 09:00:00+09:00,1177.6724853515625,1187.9660072735865,1173.4614991107344,1184.2229083928505,365800
2023-08-07 09:00:00+09:00,1188.90185546875,1190.7734050247811,1171.1221346864547,1174.8652337985168,441400
2023-08-08 09:00:00+09:00,1202.470458984375,1203.4062336606275,1181.8834161068216,1194.5163742362295,682400
2023-08-09 09:00:00+09:00,1291.8369140625,1314.7633931603132,1258.616913737097,1258.616913737097,3241600
2023-08-10 09:00:00+09:00,1280.607666015625,1296.0479484337893,1263.2958342134407,1280.13977866962,971600
2023-08-14 09:00:00+09:00,1263.763916015625,1296.9839226935626,1259.552929253633,1287.6261743335801,380600
2023-08-15 09:00:00+09:00,1255.3416748046875,1264.69942116924,1242.2408298943144,1257.6811113958256,542800
2023-08-16 09:00:00+09:00,1263.763916015625,1265.6354656876215,1243.1768696236636,1253.4703928196443,418600
2023-08-17 09:00:00+09:00,1237.5621337890625,1270.314250751344,1232.4153725521326,1267.9748138254668,377400
2023-08-18 09:00:00+09:00,1220.250244140625,1231.9474282293963,1216.0392578686674,1231.9474282293963,261400
2023-08-21 09:00:00+09:00,1252.0665283203125,1278.2682194959243,1218.846527008376,1220.7180763780625,593400
2023-08-22 09:00:00+09:00,1252.5345458984375,1260.488631546653,1229.6080637359335,1237.562149384149,246000
2023-08-23 09:00:00+09:00,1244.1123046875,1247.3875157190203,1238.4976572048938,1246.919628428803,179400
2023-08-24 09:00:00+09:00,1236.1583251953125,1243.1766351415388,1231.0115645680798,1239.9014238332998,192800
2023-08-25 09:00:00+09:00,1242.708984375,1246.4520837255272,1226.332924716444,1231.4796863234187,319400
2023-08-28 09:00:00+09:00,1253.9381103515625,1260.4885333160855,1245.5161379686042,1255.8096597699978,228000
2023-08-29 09:00:00+09:00,1250.6629638671875,1255.8097250353653,1243.1767658043834,1253.0024007618138,261200
2023-08-30 09:00:00+09:00,1251.5986328125,1251.5986328125,1241.3051113463785,1249.2591961156543,250800
2023-08-31 09:00:00+09:00,1258.616943359375,1260.0206053779914,1249.7270839081377,1253.0022952849095,269600
2023-09-01 09:00:00+09:00,1265.1673583984375,1267.9746824185524,1250.1949636244915,1258.616935684836,204800
2023-09-04 09:00:00+09:00,1279.2041015625,1281.5435384709904,1265.167480111558,1272.653678218727,282000
2023-09-05 09:00:00+09:00,1276.396728515625,1279.2040526985772,1270.314192785895,1279.2040526985772,151600
2023-09-06 09:00:00+09:00,1279.2041015625,1288.5618491964613,1278.2683267991038,1279.2041015625,175400
2023-09-07 09:00:00+09:00,1262.827880859375,1277.8002751489266,1262.3599935378265,1277.3323878273782,167000
2023-09-08 09:00:00+09:00,1239.43359375,1253.4702142907702,1234.7547202364099,1250.6628901826161,407000
2023-09-11 09:00:00+09:00,1233.8189697265625,1247.8555905425644,1226.8006593185617,1244.1124916582971,173200
2023-09-12 09:00:00+09:00,1264.231689453125,1283.8829592373704,1256.7454914400791,1277.3325359759554,406800
2023-09-13 09:00:00+09:00,1261.42431640625,1263.2958658371197,1249.7271324633136,1256.7454428290755,237200
2023-09-14 09:00:00+09:00,1274.5250244140625,1275.9286863352233,1258.6168559742393,1265.16727827299,238800
2023-09-15 09:00:00+09:00,1279.6719970703125,1285.7545330710125,1273.1215736849435,1276.8646727622972,346800
2023-09-19 09:00:00+09:00,1290.9012451171875,1290.9012451171875,1275.4609620114002,1279.6719483129787,243000
2023-09-20 09:00:00+09:00,1266.103271484375,1293.7086273667026,1266.103271484375,1290.9013030396861,297800
2023-09-21 09:00:00+09:00,1256.74560546875,1271.7180028533367,1250.1951816129933,1265.6354664158484,217200
2023-09-22 09:00:00+09:00,1255.8095703125,1261.4242181678464,1242.7087253166915,1249.2591478145957,278200
2023-09-25 09:00:00+09:00,1264.231689453125,1268.4426758354634,1251.5987303061102,1260.0207030707868,211800
2023-09-26 09:00:00+09:00,1265.6353759765625,1267.9748129007337,1254.8739661253755,1263.7638264372256,250000
2023-09-27 09:00:00+09:00,1280.607666015625,1280.607666015625,1254.8738619853511,1267.5068203274855,337600
2023-09-28 09:00:00+09:00,1278.9473876953125,1284.6400318541937,1266.1389383378298,1276.101065615872,315600
2023-09-29 09:00:00+09:00,1240.996337890625,1282.268005091116,1237.201242056097,1282.268005091116,371200
2023-10-02 09:00:00+09:00,1218.2257080078125,1256.17666464357,1216.3281601760248,1248.5864733164185,344600
2023-10-03 09:00:00+09:00,1188.3394775390625,1216.8026985579622,1183.1212203522643,1214.9051504900356,440400
2023-10-04 09:00:00+09:00,1146.5933837890625,1185.493117951538,1143.7470617771742,1183.5955699436124,494800
2023-10-05 09:00:00+09:00,1164.6199951171875,1168.8894777876783,1147.5420644352246,1148.9652253253882,405600
2023-10-06 09:00:00+09:00,1156.0811767578125,1164.145756160719,1143.2727271179024,1157.5043378289135,396600
2023-10-10 09:00:00+09:00,1183.5955810546875,1196.8784172348603,1169.8383578680798,1169.8383578680798,384800
2023-10-11 09:00:00+09:00,1178.851806640625,1190.7114827637702,1176.4798714159958,1190.7114827637702,259800
2023-10-12 09:00:00+09:00,1184.0699462890625,1184.0699462890625,1169.3639493599917,1181.2236243027908,257600
2023-10-13 09:00:00+09:00,1162.72265625,1180.2749770501835,1157.9787857634637,1179.3262029528764,329200
2023-10-16 09:00:00+09:00,1123.348388671875,1156.081090875574,1119.5532927641998,1156.081090875574,582000
2023-10-17 09:00:00+09:00,1118.1302490234375,1141.8496009331413,1112.4376045651086,1133.310634245648,423400
2023-10-18 09:00:00+09:00,1140.4263916015625,1140.9007786196996,1126.1947810574497,1129.5154901844094,247600
2023-10-19 09:00:00+09:00,1129.5155029296875,1138.5288563759975,1118.6046013894174,1124.2972456712976,280200
2023-10-20 09:00:00+09:00,1115.2838134765625,1120.5020703664998,1111.014330566614,1120.0276833765054,271600
2023-10-23 09:00:00+09:00,1119.078857421875,1129.5153707170346,1111.4886659344863,1113.8606007742953,265200
2023-10-24 09:00:00+09:00,1112.9119873046875,1118.6046317410287,1092.0389577047702,1117.655857668305,335600
2023-10-25 09:00:00+09:00,1127.1434326171875,1135.208011049213,1114.334984519265,1114.8093714858546,255000
2023-10-26 09:00:00+09:00,1110.0655517578125,1122.3996134440104,1102.9497469388523,1120.027678504357,310800
2023-10-27 09:00:00+09:00,1123.348388671875,1125.2459366257126,1113.3862619142276,1120.0276797526592,303000
2023-10-30 09:00:00+09:00,1090.141357421875,1117.1814172012687,1077.807295066362,1112.9119340782065,1025200
2023-10-31 09:00:00+09:00,1109.116943359375,1109.116943359375,1083.0256551280809,1095.8341057143525,429800
2023-11-01 09:00:00+09:00,1113.3863525390625,1129.0411244324537,1107.2193211871204,1123.8228671346565,315600
2023-11-02 09:00:00+09:00,1103.4241943359375,1119.0789657947018,1098.205937183016,1114.3350956556824,250800
2023-11-06 09:00:00+09:00,1114.3350830078125,1122.3996621526114,1104.8473428374607,1120.0277271100235,368000
2023-11-07 09:00:00+09:00,1105.796142578125,1117.1814310473978,1099.6291113239356,1114.3351089300797,320400
2023-11-08 09:00:00+09:00,1096.308349609375,1105.3217025486126,1086.8206096733354,1104.3729285550087,495000
2023-11-09 09:00:00+09:00,1120.027587890625,1122.8739095879328,1092.0387578670982,1095.8338534635086,286200
2023-11-10 09:00:00+09:00,1119.5533447265625,1120.5021187475172,1107.2192824541512,1109.591217506538,253400
2023-11-13 09:00:00+09:00,1089.1925048828125,1119.5532715694414,1089.1925048828125,1118.6044976104843,600200
2023-11-14 09:00:00+09:00,1118.6046142578125,1121.925323460444,1092.9877146946565,1094.8852628104457,592200
2023-11-15 09:00:00+09:00,1215.3795166015625,1219.174612672137,1124.2972109077684,1125.720371934234,2072600
2023-11-16 09:00:00+09:00,1209.2125244140625,1222.0209740645842,1187.8651083298596,1200.1991709562878,742600
2023-11-17 09:00:00+09:00,1193.08349609375,1206.366334221235,1182.172593346173,1201.1480763854374,604000
2023-11-20 09:00:00+09:00,1185.967529296875,1202.0966876953125,1182.172433203125,1195.45526953125,432800
2023-11-21 09:00:00+09:00,1178.3773193359375,1192.608929472845,1163.196935189903,1189.7626074454633,446600
2023-11-22 09:00:00+09:00,1201.1478271484375,1209.2124057667327,1176.4797043160052,1178.3772522261922,419600
2023-11-24 09:00:00+09:00,1198.77587890625,1217.751357796733,1193.5576222113673,1214.4306489908984,254200
2023-11-27 09:00:00+09:00,1190.71142578125,1205.4174234701818,1185.9675555590138,1200.6735532479456,236400
2023-11-28 09:00:00+09:00,1205.4173583984375,1208.7380673747418,1185.4931045406122,1189.2882005135314,246600
2023-11-29 09:00:00+09:00,1194.5064697265625,1211.5844017798413,1192.6089217206427,1202.571048751722,207000
2023-11-30 09:00:00+09:00,1188.3394775390625,1194.506508759824,1180.7492852673558,1191.1857996409526,508600
2023-12-01 09:00:00+09:00,1200.673583984375,1213.9564209466675,1198.301648812537,1203.9942932249483,336800
2023-12-04 09:00:00+09:00,1198.301513671875,1204.942931404023,1187.3906131119172,1195.9295787675362,315400
2023-12-05 09:00:00+09:00,1197.352783203125,1207.789297161314,1194.5064612145281,1195.9296222088265,208800
2023-12-06 09:00:00+09:00,1242.4195556640625,1242.4195556640625,1200.6734995745483,1202.0966605776,453000
2023-12-07 09:00:00+09:00,1203.04541015625,1237.675660527467,1202.5710231648634,1234.3549515877612,348400
2023-12-08 09:00:00+09:00,1157.978515625,1196.403857601905,1152.2858723691622,1193.5575359739862,437200
2023-12-11 09:00:00+09:00,1178.851806640625,1188.339547539141,1172.6847750565894,1181.6981289101798,298800
2023-12-12 09:00:00+09:00,1207.3148193359375,1227.7134587196094,1202.5709497118278,1209.6867541479924,578000
2023-12-13 09:00:00+09:00,1228.18798828125,1240.9964377534764,1209.6868945991455,1209.6868945991455,527600
2023-12-14 09:00:00+09:00,1212.05859375,1248.5863869863015,1207.3147244985323,1245.265678510274,437800
2023-12-15 09:00:00+09:00,1225.816162109375,1226.7649362286547,1212.0589373798193,1212.5333244394592,295800
2023-12-18 09:00:00+09:00,1244.3170166015625,1259.4973995719208,1235.3036642129123,1249.535273247623,696200
2023-12-19 09:00:00+09:00,1262.818115234375,1272.7802416130082,1243.3682494475195,1244.3170233883416,438200
2023-12-20 09:00:00+09:00,1246.214599609375,1283.2167841428852,1246.214599609375,1273.7290445189083,452000
2023-12-21 09:00:00+09:00,1216.802734375,1242.4196340460526,1215.3795732821638,1242.4196340460526,391800
2023-12-22 09:00:00+09:00,1226.7647705078125,1234.8293494322645,1218.2258045878045,1222.9696745433646,235200
2023-12-25 09:00:00+09:00,1220.12353515625,1240.522179017727,1217.75159982352,1237.6758566184512,190000
2023-12-26 09:00:00+09:00,1238.1500244140625,1239.0987983791306,1223.4440279555047,1223.4440279555047,197800
2023-12-27 09:00:00+09:00,1256.1767578125,1259.971853757553,1241.4707610254202,1242.4195350116834,251000
2023-12-28 09:00:00+09:00,1261.3948974609375,1265.6643800021743,1249.53522373528,1250.0096106843062,189800
2023-12-29 09:00:00+09:00,1277.99853515625,1278.4729221403466,1261.394990712869,1261.394990712869,260000
2024-01-04 09:00:00+09:00,1295.55078125,1295.55078125,1245.7401507002928,1269.459498581106,438200
2024-01-05 09:00:00+09:00,1280.3704833984375,1295.0764800584418,1277.0497744752106,1292.2301581242473,215400
2024-01-09 09:00:00+09:00,1272.3057861328125,1289.858103092885,1265.1899819598102,1285.1142336442167,497400
2024-01-10 09:00:00+09:00,1289.3839111328125,1295.0765553320743,1283.2168799169453,1293.1790072656536,318800
2024-01-11 09:00:00+09:00,1284.16552734375,1307.8848758355075,1284.16552734375,1304.5641670466614,304800
2024-01-12 09:00:00+09:00,1279.421630859375,1296.9739483757994,1276.5753090999547,1293.1788526965724,272800
2024-01-15 09:00:00+09:00,1269.93408203125,1276.1011134344649,1267.5621468761674,1276.1011134344649,34400
2024-01-16 09:00:00+09:00,1250.95849609375,1275.1522326507395,1250.95849609375,1275.1522326507395,287600
2024-01-17 09:00:00+09:00,1248.5865478515625,1279.8960889451048,1248.1121608652968,1257.5999005906126,459600
2024-01-18 09:00:00+09:00,1264.2413330078125,1267.087654958299,1248.586562280136,1251.9072712223704,307800
2024-01-19 09:00:00+09:00,1252.856201171875,1280.3706501184743,1250.9586529686612,1275.1523925596364,267200
2024-01-22 09:00:00+09:00,1268.5107421875,1269.9339030800065,1254.2791332624347,1261.3949377249673,228800
2024-01-23 09:00:00+09:00,1264.2413330078125,1274.6778468262635,1259.4974630903348,1271.357137884029,201800
2024-01-24 09:00:00+09:00,1260.9205322265625,1269.4594974560878,1254.7535017830164,1261.8693061409542,219400
2024-01-25 09:00:00+09:00,1246.6890869140625,1258.5487623984047,1239.0988946040834,1254.7536662434154,515000
2024-01-26 09:00:00+09:00,1229.611083984375,1251.9072726214374,1225.3416010538738,1246.2146287141022,351800
2024-01-29 09:00:00+09:00,1249.535400390625,1249.535400390625,1237.2013379721907,1239.098886036565,210400
2024-01-30 09:00:00+09:00,1248.1123046875,1259.9719807107563,1248.1123046875,1249.5354658102908,252400
2024-01-31 09:00:00+09:00,1257.12548828125,1257.12548828125,1241.470718049823,1251.4328445607312,250000
2024-02-01 09:00:00+09:00,1238.1500244140625,1247.1633770822107,1236.2524764839259,1243.3682812219379,213600
2024-02-02 09:00:00+09:00,1246.6890869140625,1251.4329571077994,1231.983089313478,1240.0476686428308,210800
2024-02-05 09:00:00+09:00,1260.9205322265625,1263.2924670125417,1248.5864713394706,1253.330340911429,218600
2024-02-06 09:00:00+09:00,1281.3194580078125,1288.909651020817,1264.7159107918653,1264.7159107918653,355200
2024-02-07 09:00:00+09:00,1275.15234375,1278.4730529785156,1265.6646030970983,1276.5755048479352,250800
2024-02-08 09:00:00+09:00,1263.7669677734375,1268.985224772502,1242.4195527772647,1268.985224772502,415000
2024-02-09 09:00:00+09:00,1270.8828125,1285.1144229423292,1257.125589072415,1261.3950722051138,351200
2024-02-13 09:00:00+09:00,1291.755859375,1291.755859375,1268.9852823459878,1276.101087667554,479200
2024-02-14 09:00:00+09:00,1306.936279296875,1309.3082144680127,1273.2547998667196,1280.8449924143604,757200
2024-02-15 09:00:00+09:00,1444.50830078125,1458.739909655942,1387.5818652824814,1401.8134741571737,1703000
2024-02-16 09:00:00+09:00,1453.9962158203125,1463.4839562171824,1425.532994629703,1456.36815091953,712000
2024-02-19 09:00:00+09:00,1487.203125,1496.69086423445,1437.392494019139,1453.9960376794259,466000
2024-02-20 09:00:00+09:00,1461.1119384765625,1499.0628979175121,1461.1119384765625,1489.5751580572746,302000
2024-02-21 09:00:00+09:00,1513.2945556640625,1518.0384257445141,1472.9716599802239,1472.9716599802239,522600
2024-02-22 09:00:00+09:00,1574.96484375,1582.0806487669429,1527.5261436370483,1539.3858186652863,632400
2024-02-26 09:00:00+09:00,1567.84912109375,1584.452667005484,1558.3613805727591,1579.7087967449886,435400
2024-02-27 09:00:00+09:00,1608.1719970703125,1620.0316725649313,1555.9894248939897,1567.8491003886086,474600
2024-02-28 09:00:00+09:00,1684.0738525390625,1695.9335275569433,1660.354502503301,1674.586112524758,861000
2024-02-29 09:00:00+09:00,1653.2386474609375,1691.1896063696533,1636.6351029383743,1681.7018666424744,533000
2024-03-01 09:00:00+09:00,1693.5615234375,1717.280872505252,1679.3299139968487,1686.4457187171745,537200
2024-03-04 09:00:00+09:00,1703.04931640625,1750.488016027594,1688.8177065198468,1717.2809262926532,673400
2024-03-05 09:00:00+09:00,1767.091552734375,1795.554772375734,1726.7686582424496,1769.4634877044882,676400
2024-03-06 09:00:00+09:00,1824.0179443359375,1835.8776188764832,1786.066985806191,1786.066985806191,832200
2024-03-07 09:00:00+09:00,1833.5057373046875,1847.737347167337,1814.5302574878212,1840.6215422360121,515600
2024-03-08 09:00:00+09:00,1873.8287353515625,1876.2006704596024,1821.6461629746836,1835.8777736229233,568400
2024-03-11 09:00:00+09:00,1842.9935302734375,1871.456750818201,1809.7864396378802,1845.3654653188346,509800
2024-03-12 09:00:00+09:00,1864.341064453125,1871.4568700426407,1762.3478510033995,1826.390101309041,658200
2024-03-13 09:00:00+09:00,1831.1337890625,1930.755057379372,1821.646049222798,1883.3163581808615,463600
2024-03-14 09:00:00+09:00,1828.7618408203125,1835.877645648407,1800.298621507934,1831.1337757630106,228200
2024-03-15 09:00:00+09:00,1814.5302734375,1833.50575342116,1807.4144684436274,1828.761883425245,283200
2024-03-18 09:00:00+09:00,1885.6883544921875,1895.176094640576,1840.6215887873427,1845.365458861537,316200
2024-03-19 09:00:00+09:00,1857.2252197265625,1861.969090019606,1833.5058682613446,1857.2252197265625,316200
2024-03-21 09:00:00+09:00,1897.5479736328125,1909.4076484680174,1861.9689491271972,1861.9689491271972,326800
2024-03-22 09:00:00+09:00,1916.5233154296875,1921.2671850223353,1883.3162282811534,1904.6636414480681,228400
2024-03-25 09:00:00+09:00,1857.2252197265625,1914.1516632430855,1833.5058682613446,1897.548117217433,422800
2024-03-26 09:00:00+09:00,1866.712890625,1878.5725659148666,1857.2251503931068,1866.712890625,243800
2024-03-27 09:00:00+09:00,1902.2919921875,1916.523603101621,1869.084900054551,1871.4568352069045,308400
2024-03-28 09:00:00+09:00,1949.0400390625,1949.0400390625,1891.503801747002,1891.503801747002,382200
2024-03-29 09:00:00+09:00,2008.9736328125,2028.1523787104713,1975.4108274910502,1977.8081707282965,367400
2024-04-01 09:00:00+09:00,1941.847900390625,1999.3841344762732,1934.655871129919,1999.3841344762732,341800
2024-04-02 09:00:00+09:00,1999.38427734375,2023.3577099258093,1920.2719498229542,1939.4506958886018,417000
2024-04-03 09:00:00+09:00,1987.3975830078125,2037.7417919862976,1975.4108665843637,1980.2055531537433,318400
2024-04-04 09:00:00+09:00,2011.3709716796875,2035.3444040000652,1987.3975393593098,1987.3975393593098,283200
2024-04-05 09:00:00+09:00,1985.0001220703125,2008.9735534962824,1953.8346612165515,1992.1921514981034,331200
2024-04-08 09:00:00+09:00,2008.9736328125,2018.5630057614858,1987.3975436772823,2013.768319286993,234800
2024-04-09 09:00:00+09:00,2004.178955078125,2011.3709848212284,1980.205522601114,1989.7948955919182,206400
2024-04-10 09:00:00+09:00,2008.9736328125,2023.3576922359787,1996.9869166262679,2006.5762895752537,186600
2024-04-11 09:00:00+09:00,2016.16552734375,2018.5628704202586,1977.808038119612,1992.1920965786637,123800
2024-04-12 09:00:00+09:00,2080.89404296875,2080.89404296875,2013.7684286794356,2028.1524888842887,322000
2024-04-15 09:00:00+09:00,2092.880615234375,2092.880615234375,2025.7550055819552,2059.3178104081653,248000
2024-04-16 09:00:00+09:00,1941.847900390625,2078.4964563440394,1934.655871129919,2068.9070839964315,515400
2024-04-17 09:00:00+09:00,1968.21875,1996.9868681485993,1941.8479750304507,1965.8214068209502,264600
2024-04-18 09:00:00+09:00,1973.013427734375,1989.794829914376,1934.6559370372304,1946.6426528800882,179200
2024-04-19 09:00:00+09:00,1927.4638671875,1982.6027589105254,1898.695749766791,1970.6160433185635,277800
2024-04-22 09:00:00+09:00,1946.6427001953125,1994.589564732143,1917.8745814732142,1961.0267595563616,300200
2024-04-23 09:00:00+09:00,1934.6558837890625,1973.0133734304814,1908.285109660587,1956.2319717123605,257000
2024-04-24 09:00:00+09:00,1932.2586669921875,1965.8214726223248,1915.4772641771187,1951.4374130665517,266600
2024-04-25 09:00:00+09:00,1898.69580078125,1937.0532917061237,1893.9011144156407,1922.669232609296,190200
2024-04-26 09:00:00+09:00,1937.0533447265625,1939.4506879749865,1874.7224202675395,1886.7091365096592,275800
2024-04-30 09:00:00+09:00,2001.78173828125,2001.78173828125,1917.8747193113772,1956.2322136976047,262000
2024-05-01 09:00:00+09:00,2008.9736328125,2028.1523787104713,1987.3975436772823,1999.3842598635144,254200
2024-05-02 09:00:00+09:00,2023.3577880859375,2025.7551314367502,1992.192324525372,2013.7684146826866,134200
2024-05-07 09:00:00+09:00,2004.178955078125,2049.728476784446,1999.3842685827228,2028.152387555136,126000
2024-05-08 09:00:00+09:00,1992.1920166015625,2006.5760744831623,1961.0265578580963,2004.1787315028957,161800
2024-05-09 09:00:00+09:00,1982.6029052734375,2020.960397999405,1982.6029052734375,1992.1922784549295,103000
2024-05-10 09:00:00+09:00,1994.5894775390625,2013.7682225153997,1980.2054188068096,1999.3841637831467,183800
2024-05-13 09:00:00+09:00,1987.3975830078125,1994.589612861882,1953.834777022156,1982.6028964384332,220200
2024-05-14 09:00:00+09:00,2028.1524658203125,2047.3312125420175,1951.437478933492,1970.6162256551972,389000
2024-05-15 09:00:00+09:00,1963.424072265625,2054.523113469647,1850.7489423553877,2032.947024763431,664400
2024-05-16 09:00:00+09:00,2049.728515625,2061.7152320906434,1989.7949332967837,2030.5497692799709,379600
2024-05-17 09:00:00+09:00,2056.92041015625,2080.8938415100524,2035.3443219378278,2035.3443219378278,318200
2024-05-20 09:00:00+09:00,2100.072509765625,2140.827341576145,2061.7150210027826,2071.304393193493,360400
2024-05-21 09:00:00+09:00,2071.30419921875,2126.4430841516564,2071.30419921875,2116.8537128589774,193400
2024-05-22 09:00:00+09:00,2044.933837890625,2052.125867801143,1989.7949419099868,2052.125867801143,233800
2024-05-23 09:00:00+09:00,2035.3443603515625,2054.523105796571,2016.1656149065536,2037.7417035321885,230600
2024-05-24 09:00:00+09:00,2107.2646484375,2160.006198227745,1996.9868625124432,2018.5629510629979,506000
2024-05-27 09:00:00+09:00,2138.43017578125,2155.211578505991,2083.2912811142446,2116.854086563726,260400
2024-05-28 09:00:00+09:00,2176.78759765625,2181.5822839947,2124.0460479333015,2124.0460479333015,401400
2024-05-29 09:00:00+09:00,2131.23828125,2210.3506133998876,2124.046251054556,2171.9931190241846,272400
2024-05-30 09:00:00+09:00,2174.390625,2176.787968577729,2080.894225468578,2107.2650048235946,245200
2024-05-31 09:00:00+09:00,2191.171630859375,2205.5556897052793,2160.0061700265833,2195.966317141343,241200
2024-06-03 09:00:00+09:00,2195.966552734375,2215.145299919828,2181.582492345285,2200.7612395307383,187600
2024-06-04 09:00:00+09:00,2198.36376953125,2229.529231912827,2176.787680190158,2217.5425156122205,198200
2024-06-05 09:00:00+09:00,2133.635498046875,2193.569079452686,2119.25143850948,2181.582363171524,222000
2024-06-06 09:00:00+09:00,2198.36376953125,2203.1584560514925,2145.622217808581,2150.416904328824,174800
2024-06-07 09:00:00+09:00,2219.93994140625,2267.886808391266,2207.953224659996,2212.7479113584977,281600
2024-06-10 09:00:00+09:00,2265.4892578125,2284.6680028521823,2239.1184833829366,2251.105199032738,210000
2024-06-11 09:00:00+09:00,2224.734619140625,2265.4894559136756,2219.939932461443,2255.9000825553107,228400
2024-06-12 09:00:00+09:00,2277.47607421875,2287.065447162829,2224.734523026316,2236.7212392064143,266000
2024-06-13 09:00:00+09:00,2251.105224609375,2332.6148919541233,2243.9131951377794,2320.628176168131,273800
2024-06-14 09:00:00+09:00,2356.58837890625,2358.9857221197863,2234.3238750158953,2248.7079342971133,422000
2024-06-17 09:00:00+09:00,2327.8203125,2378.1645211122554,2318.230939430999,2358.9857749742537,348400
2024-06-18 09:00:00+09:00,2339.806884765625,2370.972345320905,2325.4228260478035,2358.98562972272,138400
2024-06-19 09:00:00+09:00,2430.906005859375,2430.906005859375,2339.8069642196747,2339.8069642196747,263000
2024-06-20 09:00:00+09:00,2406.932373046875,2454.879233067729,2358.9855130260207,2454.879233067729,370000
2024-06-21 09:00:00+09:00,2354.19091796875,2406.9324660291495,2351.793574875095,2387.7537212799134,622800
2024-06-24 09:00:00+09:00,2277.47607421875,2373.3698036595397,2251.105298622533,2368.5751171875,439000
2024-06-25 09:00:00+09:00,2311.038818359375,2323.025534222235,2260.6946117353637,2277.4760139433674,244400
2024-06-26 09:00:00+09:00,2335.012451171875,2351.793854825061,2291.860270349397,2318.231047518689,239400
2024-06-27 09:00:00+09:00,2363.780517578125,2402.138010763977,2346.999114309315,2346.999114309315,230000
2024-06-28 09:00:00+09:00,2356.58837890625,2385.3564974686865,2337.409633197959,2363.780408546859,193200
2024-07-01 09:00:00+09:00,2325.422607421875,2373.3694653068624,2320.6279216333764,2363.780093729865,183200
2024-07-02 09:00:00+09:00,2332.61474609375,2361.382862181237,2325.422717071878,2337.409432108331,225200
2024-07-03 09:00:00+09:00,2402.137939453125,2402.137939453125,2332.614985117655,2332.614985117655,353400
2024-07-04 09:00:00+09:00,2411.727294921875,2421.3166678639104,2387.7538625667867,2406.9326084508575,231400
2024-07-05 09:00:00+09:00,2361.383056640625,2411.7272639395624,2356.5883702312026,2406.9325775301395,177200
2024-07-08 09:00:00+09:00,2303.8466796875,2361.3829131032126,2301.449336628512,2361.3829131032126,293400
2024-07-09 09:00:00+09:00,2366.177490234375,2378.1642049772036,2313.435945365929,2330.217346005889,187800
2024-07-10 09:00:00+09:00,2363.780517578125,2363.780517578125,2330.2177110405046,2358.9858309298934,177000
2024-07-11 09:00:00+09:00,2351.793701171875,2392.5485359526315,2342.204328282285,2390.151192730234,164400
2024-07-12 09:00:00+09:00,2358.98583984375,2363.780526510099,2332.61506317883,2339.8070931783536,145000
2024-07-16 09:00:00+09:00,2335.012451171875,2375.767288615327,2323.0257342767422,2361.3832283411675,207000
2024-07-17 09:00:00+09:00,2327.8203125,2368.5751480432546,2318.230939430999,2335.012342301751,173400
2024-07-18 09:00:00+09:00,2243.913330078125,2299.0522260095318,2243.913330078125,2294.257539406801,236000
2024-07-19 09:00:00+09:00,2301.449462890625,2301.449462890625,2224.734480794271,2241.515883127848,170000
2024-07-22 09:00:00+09:00,2263.092041015625,2311.03890629138,2263.092041015625,2301.449533236229,133400
2024-07-23 09:00:00+09:00,2294.257568359375,2313.4363150123268,2270.284135043185,2291.860225027756,92600
2024-07-24 09:00:00+09:00,2207.953125,2277.476078990228,2203.1584385179153,2263.092019543974,189000
2024-07-25 09:00:00+09:00,2116.85400390625,2179.1849258785746,2109.661974447905,2157.6088375035392,301000
2024-07-26 09:00:00+09:00,2076.099365234375,2112.059515902407,2071.3046784786375,2109.662172524538,334200
2024-07-29 09:00:00+09:00,2150.416748046875,2179.1848650776024,2107.2645725007837,2119.2512879302535,193800
2024-07-30 09:00:00+09:00,2150.416748046875,2152.814091132769,2100.072543243102,2119.2512879302535,152000
2024-07-31 09:00:00+09:00,2164.80078125,2176.7874965393135,2100.0725186877075,2116.8539200927466,186000
2024-08-01 09:00:00+09:00,2040.1390380859375,2138.430108075977,2023.357635892516,2131.2380785645105,315000
2024-08-02 09:00:00+09:00,1848.3516845703125,1932.2587000825833,1848.3516845703125,1908.2852670790774,622200
2024-08-05 09:00:00+09:00,1543.8890380859375,1769.2393014090403,1534.2996651785716,1747.6632123674665,808400
2024-08-06 09:00:00+09:00,1793.2127685546875,1819.5835445628447,1740.471216538373,1745.2659030853108,590400
2024-08-07 09:00:00+09:00,1750.060546875,1802.8020976027399,1730.881801155822,1759.649919734589,757000
2024-08-08 09:00:00+09:00,1759.6497802734375,1786.02055354729,1678.140117426984,1682.9348034767754,306000
2024-08-09 09:00:00+09:00,1764.4447021484375,1805.199539018714,1745.2659553859546,1788.4181356015413,258800
2024-08-13 09:00:00+09:00,1920.2718505859375,1929.8612231231957,1798.0073507358966,1798.0073507358966,658200
2024-08-14 09:00:00+09:00,2066.510009765625,2085.6887569560254,1927.4640926352233,1956.2322134208237,895200
2024-08-15 09:00:00+09:00,2040.1390380859375,2088.0859014957127,2028.1523222334936,2061.7151266203364,517600
2024-08-16 09:00:00+09:00,2032.947021484375,2114.456689798607,2032.947021484375,2092.8806011271927,316000
2024-08-19 09:00:00+09:00,2092.880615234375,2109.66201764748,2016.1656327744668,2025.7550055819552,335400
2024-08-20 09:00:00+09:00,2056.92041015625,2140.8274198945583,2049.728380750109,2109.6619591346152,297000
2024-08-21 09:00:00+09:00,2008.9736328125,2080.8939299298927,1996.9869166262679,2056.9204975574285,241200
2024-08-22 09:00:00+09:00,2006.576171875,2020.960230454749,1965.8213392323776,2013.7682011648747,196000
2024-08-23 09:00:00+09:00,1980.2054443359375,1999.3841895595301,1970.6160717241412,1999.3841895595301,203800
2024-08-26 09:00:00+09:00,1884.311767578125,1989.7948690710482,1884.311767578125,1965.8214369135655,303400
2024-08-27 09:00:00+09:00,1865.1329345703125,1886.7090225023599,1855.5435621560694,1862.7355914667519,326000
2024-08-28 09:00:00+09:00,1901.0931396484375,1908.285169180525,1850.7489329238256,1865.1329919880004,309800
2024-08-29 09:00:00+09:00,1893.901123046875,1893.901123046875,1857.9409751409216,1884.311750271954,186800
2024-08-30 09:00:00+09:00,1910.6824951171875,1925.0665540515704,1891.5037498713436,1896.2984361828046,189800
2024-09-02 09:00:00+09:00,1932.2586669921875,1961.0267861037337,1922.6692939550053,1941.8480400293695,200800
2024-09-03 09:00:00+09:00,1905.887939453125,1953.8348058544616,1901.0932528129915,1932.25871597386,171400
2024-09-04 09:00:00+09:00,1865.1329345703125,1896.2983949166032,1850.7488759489477,1857.9409052596302,175800
2024-09-05 09:00:00+09:00,1869.927734375,1898.6958533653847,1855.5436748798077,1855.5436748798077,229000
2024-09-06 09:00:00+09:00,1814.7886962890625,1889.1063311437003,1805.1993240497543,1889.1063311437003,289200
2024-09-09 09:00:00+09:00,1788.41796875,1790.8153118716489,1728.4843907087802,1745.2657925603219,301600
2024-09-10 09:00:00+09:00,1786.020751953125,1812.3915281564598,1781.2260653707006,1798.0074684091862,152200
2024-09-11 09:00:00+09:00,1747.6632080078125,1786.0206995415917,1730.881805461784,1764.444610553841,155600
2024-09-12 09:00:00+09:00,1759.6497802734375,1793.2125826219772,1750.0604081738547,1774.0338384228116,173800
2024-09-13 09:00:00+09:00,1766.8419189453125,1778.8286348133267,1750.0605167300923,1752.4578599036954,170000
2024-09-17 09:00:00+09:00,1781.2259521484375,1800.4046972590531,1740.471118788379,1783.6232952872645,161400
2024-09-18 09:00:00+09:00,1798.00732421875,1812.3913828125,1762.047177734375,1802.8020104166667,128600
2024-09-19 09:00:00+09:00,1817.18603515625,1831.570093482025,1793.2126046132917,1812.3913490476582,271200
2024-09-20 09:00:00+09:00,1872.324951171875,1891.5036958701785,1865.1329219100114,1874.722294259163,291800
2024-09-24 09:00:00+09:00,1884.311767578125,1929.861288677342,1884.311767578125,1891.50379722537,275600
2024-09-25 09:00:00+09:00,1893.901123046875,1913.0798685967168,1869.9276911095726,1869.9276911095726,242200
2024-09-26 09:00:00+09:00,1970.6160888671875,1970.6160888671875,1910.6825095220784,1927.463911738709,308600
2024-09-27 09:00:00+09:00,1977.8876953125,1992.4309871897979,1951.224993537454,1980.3115772920498,242400
2024-09-30 09:00:00+09:00,1885.7801513671875,1910.0189707935008,1876.084623596662,1876.084623596662,261800
2024-10-01 09:00:00+09:00,1922.1385498046875,1929.4101962730533,1895.4758460873463,1895.4758460873463,157400
2024-10-02 09:00:00+09:00,1851.8458251953125,1917.2906383893876,1846.9980612550107,1888.2040547475765,215200
2024-10-03 09:00:00+09:00,1873.6607666015625,1907.5951142502324,1871.2368846266575,1907.5951142502324,148000
2024-10-04 09:00:00+09:00,1900.323486328125,1907.5951323217275,1871.2369023537149,1883.3563123430524,142600
2024-10-07 09:00:00+09:00,1980.3115234375,1990.0070510920289,1934.2577670784883,1943.9532947330172,240200
2024-10-08 09:00:00+09:00,1951.22509765625,2019.0937967051632,1951.22509765625,1975.4639187451476,187000
2024-10-09 09:00:00+09:00,1943.9534912109375,1970.616194955726,1941.5296090523204,1958.4967841626403,123200
2024-10-10 09:00:00+09:00,1956.07275390625,1977.8876916821562,1936.6816981054446,1965.7682818066528,122800
2024-10-11 09:00:00+09:00,1965.768310546875,1987.5832486417232,1948.8011364731042,1948.8011364731042,131200
2024-10-15 09:00:00+09:00,1987.583251953125,1999.70266202601,1965.7683138219322,1987.583251953125,166800
2024-10-16 09:00:00+09:00,1934.2578125,1992.430979793233,1910.0189927944862,1963.3443961466164,266000
2024-10-17 09:00:00+09:00,1919.7144775390625,1958.4965881964172,1919.7144775390625,1936.681650951655,210600
2024-10-18 09:00:00+09:00,1900.323486328125,1936.6817162961377,1893.0518403345225,1922.1384243089326,174400
2024-10-21 09:00:00+09:00,1907.5950927734375,1917.2906205638997,1900.323446930591,1902.7473288782064,120000
2024-10-22 09:00:00+09:00,1873.6607666015625,1905.1712322753274,1861.5413567270375,1902.7473503004223,177000
2024-10-23 09:00:00+09:00,1856.693603515625,1885.7801873827107,1856.693603515625,1866.3891314713203,116200
2024-10-24 09:00:00+09:00,1844.57421875,1859.1175108820632,1827.6070445959265,1842.1503367279895,160600
2024-10-25 09:00:00+09:00,1834.878662109375,1837.3025440936674,1805.7920782978658,1810.6398422664506,113600
2024-10-28 09:00:00+09:00,1876.084716796875,1890.6280091751453,1832.454839662064,1839.726485851199,208000
2024-10-29 09:00:00+09:00,1863.9652099609375,1868.8129738359985,1842.1502725231633,1861.541328023407,194800
2024-10-30 09:00:00+09:00,1876.084716796875,1907.5951836164606,1876.084716796875,1885.780245049055,641800
2024-10-31 09:00:00+09:00,1893.0518798828125,1902.7474080768345,1851.8458850582188,1871.2369414462628,267000
2024-11-01 09:00:00+09:00,1815.4876708984375,1866.3891943815713,1815.4876708984375,1859.117548169695,233800
2024-11-05 09:00:00+09:00,1854.269775390625,1876.0847139246323,1815.4876624412786,1815.4876624412786,158600
2024-11-06 09:00:00+09:00,1859.1175537109375,1880.9324924115874,1846.9981433216876,1856.6936716330874,244600
2024-11-07 09:00:00+09:00,1900.323486328125,1917.2906603131976,1866.3891383579798,1893.0518403345225,249400
2024-11-08 09:00:00+09:00,1851.8458251953125,1917.2906383893876,1846.9980612550107,1917.2906383893876,183400
2024-11-11 09:00:00+09:00,1861.5413818359375,1861.5413818359375,1832.454797744751,1851.845853805542,169000
2024-11-12 09:00:00+09:00,1885.7801513671875,1910.0189707935008,1876.084623596662,1888.2040333098187,508200
2024-11-13 09:00:00+09:00,1965.768310546875,2060.299708957884,1914.8667883255625,1953.6489004941816,1148400
2024-11-14 09:00:00+09:00,2082.114501953125,2096.6577930028557,1929.4099459309516,1951.2248825055478,653000
2024-11-15 09:00:00+09:00,2036.0609130859375,2142.7117228190104,2031.2131490071615,2116.049020385742,511400
2024-11-18 09:00:00+09:00,2062.7236328125,2074.843043111046,2019.093755737735,2033.63704809599,292800
2024-11-19 09:00:00+09:00,2113.625,2135.4399369266052,2072.419008027523,2074.842889908257,471000
2024-11-20 09:00:00+09:00,2101.505615234375,2147.559371508254,2084.5384418703143,2140.2877257807995,191200
2024-11-21 09:00:00+09:00,2045.756591796875,2108.777529458864,2033.637180708031,2084.538707281176,336600
2024-11-22 09:00:00+09:00,2055.451904296875,2084.538487848246,2045.756376446418,2079.6907239230172,152600
2024-11-25 09:00:00+09:00,2036.0609130859375,2060.299733479818,2031.2131490071615,2060.299733479818,197200
2024-11-26 09:00:00+09:00,2026.3653564453125,2040.9086484772165,2006.9743004027735,2026.3653564453123,169200
2024-11-27 09:00:00+09:00,2002.1265869140625,2023.9415255123997,1992.4310586481347,2016.669879312954,200200
2024-11-28 09:00:00+09:00,1980.3115234375,2011.8219883147185,1963.3443500420747,2002.1264606601897,171000
2024-11-29 09:00:00+09:00,1997.27880859375,2009.3982188400712,1970.616106051843,1980.3116342489002,148800
2024-12-02 09:00:00+09:00,2031.213134765625,2048.1803089223786,1975.463848250578,1985.1593763401513,311800
2024-12-03 09:00:00+09:00,2091.810302734375,2108.7774778434605,2050.6043060408824,2050.6043060408824,268400
2024-12-04 09:00:00+09:00,2072.419189453125,2120.896831311678,2060.299778988487,2091.8102461965464,214400
2024-12-05 09:00:00+09:00,2079.690673828125,2116.048902391554,2067.571264306982,2086.9623195408108,193600
2024-12-06 09:00:00+09:00,2082.114501953125,2108.777202210965,2074.8428564282594,2108.777202210965,175800
2024-12-09 09:00:00+09:00,2086.96240234375,2096.657930345347,2074.842992341754,2082.1146383429514,141000
2024-12-10 09:00:00+09:00,2116.049072265625,2116.049072265625,2089.3863691786582,2094.234133376289,181800
2024-12-11 09:00:00+09:00,2297.840087890625,2324.502789332394,2169.3743445802843,2179.069872377291,1189000
2024-12-12 09:00:00+09:00,2324.502685546875,2356.0131494802527,2319.654921864817,2351.1653857981946,596600
2024-12-13 09:00:00+09:00,2297.840087890625,2353.5893727234143,2288.144560093618,2322.078907383142,384200
2024-12-16 09:00:00+09:00,2278.448974609375,2319.654966703374,2263.905683282081,2309.959439151845,265200
2024-12-17 09:00:00+09:00,2261.48193359375,2280.8729898303523,2239.6669953275723,2271.1774617120514,284200
2024-12-18 09:00:00+09:00,2307.535888671875,2348.741886683873,2263.9060084238777,2273.601537367877,402000
2024-12-19 09:00:00+09:00,2297.840087890625,2317.231143484639,2246.938566956339,2249.3624489055906,315200
2024-12-20 09:00:00+09:00,2285.720703125,2331.774460664104,2268.753529294804,2297.840113003712,281800
2024-12-23 09:00:00+09:00,2324.502685546875,2339.045976593049,2285.72057609041,2285.72057609041,260000
2024-12-24 09:00:00+09:00,2322.0791015625,2336.622394474165,2300.2641621950024,2324.5029837144443,282400
2024-12-25 09:00:00+09:00,2300.263916015625,2309.9594435857643,2268.753451412671,2309.9594435857643,235000
2024-12-26 09:00:00+09:00,2324.502685546875,2324.502685546875,2288.144457931439,2307.5355126596714,178200
2024-12-27 09:00:00+09:00,2351.16552734375,2351.16552734375,2307.5356515786084,2324.5028254872745,195400
2024-12-30 09:00:00+09:00,2372.98046875,2385.099878702758,2319.6550649578653,2356.013294816139,376400
2025-01-06 09:00:00+09:00,2387.52392578125,2406.9149830464785,2358.4373398834073,2372.980632832329,352000
2025-01-07 09:00:00+09:00,2346.31787109375,2421.4582161391077,2346.31787109375,2406.9149235496834,264200
2025-01-08 09:00:00+09:00,2278.448974609375,2341.4699036943152,2276.0250927214925,2326.9266123670213,233400
2025-01-09 09:00:00+09:00,2305.11181640625,2324.502872695682,2266.3297038273854,2266.3297038273854,211800
2025-01-10 09:00:00+09:00,2300.263916015625,2351.165435758858,2297.84003412309,2322.078853048439,206600
2025-01-14 09:00:00+09:00,2283.296875,2331.774515658174,2268.753582802548,2300.264049230361,186800
2025-01-15 09:00:00+09:00,2229.971435546875,2302.6878954016647,2198.4609696097996,2300.264013406505,388400
2025-01-16 09:00:00+09:00,2229.971435546875,2249.3624915081523,2220.2759075662366,2244.514727517833,249400
2025-01-17 09:00:00+09:00,2227.547607421875,2244.51478179832,2196.0371407227626,2229.971489475653,184800
2025-01-20 09:00:00+09:00,2319.6552734375,2324.5030378542974,2246.938807185541,2256.6343360191354,316600
2025-01-21 09:00:00+09:00,2402.067138671875,2409.3387849039796,2341.4700867376705,2375.404435820825,383200
2025-01-22 09:00:00+09:00,2452.96875,2477.207571640316,2419.034399703557,2433.577692687747,370200
2025-01-23 09:00:00+09:00,2472.35986328125,2496.598685470282,2448.121041092218,2457.816569967831,268800
2025-01-24 09:00:00+09:00,2448.120849609375,2482.055198019802,2433.5775574334775,2452.9686136680075,204200
2025-01-27 09:00:00+09:00,2477.207275390625,2482.0550391389434,2448.1206929007153,2448.1206929007153,168000
2025-01-28 09:00:00+09:00,2520.837158203125,2564.4670320951022,2448.1207017164966,2462.663993013822,304600
2025-01-29 09:00:00+09:00,2559.619384765625,2569.314912738222,2506.2939809163413,2545.0760928067293,191800
2025-01-30 09:00:00+09:00,2603.249267578125,2642.0313795718403,2559.6193915851954,2569.3149195836245,443400
2025-01-31 09:00:00+09:00,2588.705810546875,2612.9446289976886,2569.3147557862244,2603.249101617363,143400
2025-02-03 09:00:00+09:00,2564.46728515625,2588.706106377009,2525.6851712030366,2540.2284639354916,256000
2025-02-04 09:00:00+09:00,2535.380615234375,2598.4015483090343,2515.9895589037105,2588.706020143702,232600
2025-02-05 09:00:00+09:00,2511.141845703125,2579.0105442356416,2496.598553160443,2559.6194875120655,208200
2025-02-06 09:00:00+09:00,2530.532958984375,2540.228487562859,2515.9896661166486,2530.532958984375,180200
2025-02-07 09:00:00+09:00,2520.837158203125,2545.075977032001,2482.055048076923,2540.228213266226,148200
2025-02-10 09:00:00+09:00,2520.837158203125,2545.075977032001,2491.7505756084734,2545.075977032001,231800
2025-02-12 09:00:00+09:00,2559.619384765625,2559.619384765625,2496.598452943744,2520.837272875237,328000
2025-02-13 09:00:00+09:00,2554.771728515625,2598.4016062322107,2385.099981840014,2414.1865669844046,1030000
2025-02-14 09:00:00+09:00,2588.705810546875,2632.335683758339,2564.466992096062,2593.553574237038,344200
2025-02-17 09:00:00+09:00,2549.924072265625,2564.4673654534517,2506.2941927021448,2549.924072265625,206000
2025-02-18 09:00:00+09:00,2462.6640625,2549.923812746063,2452.968534694882,2549.923812746063,283400
2025-02-19 09:00:00+09:00,2438.42529296875,2472.3596409822317,2414.1864729591202,2448.120820972602,245400
2025-02-20 09:00:00+09:00,2356.01318359375,2428.729639877508,2331.7743648324977,2428.729639877508,368600
2025-02-21 09:00:00+09:00,2307.535888671875,2339.046357739873,2292.992595255876,2334.1985932678735,243800
2025-02-25 09:00:00+09:00,2283.296875,2305.1118132961783,2225.123706210191,2254.2102906050955,372600
2025-02-26 09:00:00+09:00,2261.48193359375,2295.416282007804,2229.971467209271,2283.2968718599277,253000
2025-02-27 09:00:00+09:00,2285.720703125,2295.4162310279694,2254.2102374403503,2266.3296473190617,153000
2025-02-28 09:00:00+09:00,2234.819091796875,2271.177319971445,2225.1235642836564,2271.177319971445,182600
2025-03-03 09:00:00+09:00,2213.00439453125,2256.6342730652723,2205.732748108913,2237.24321593904,209600
2025-03-04 09:00:00+09:00,2162.102783203125,2213.0043061260685,2159.6789011591754,2213.0043061260685,187000
2025-03-05 09:00:00+09:00,2200.884765625,2237.242994132021,2171.7981828193833,2171.7981828193833,203800
2025-03-06 09:00:00+09:00,2222.699951171875,2234.8193620288644,2205.7327759720897,2215.4283046576816,206800
2025-03-07 09:00:00+09:00,2147.559326171875,2188.7653177575658,2130.5921531660024,2188.7653177575658,314600
2025-03-10 09:00:00+09:00,2128.16845703125,2203.308801186112,2113.62516461418,2196.037154977577,297600
2025-03-11 09:00:00+09:00,2011.8221435546875,2019.0937898566924,1960.9206194406531,1992.4310867493411,583200
2025-03-12 09:00:00+09:00,2053.028076171875,2096.65795264306,2004.5504356483361,2006.974317674513,424200
2025-03-13 09:00:00+09:00,2069.9951171875,2116.0488727221164,2060.299589706528,2060.299589706528,355800
2025-03-14 09:00:00+09:00,2096.657958984375,2118.4728972859466,2060.2997284817557,2067.5713745822795,194400
2025-03-17 09:00:00+09:00,2096.657958984375,2123.3206613529624,2094.2340769508673,2103.929605084899,130200
2025-03-18 09:00:00+09:00,2108.77734375,2116.048989762931,2077.2668776939654,2108.77734375,172800
2025-03-19 09:00:00+09:00,2096.657958984375,2130.5923074534862,2089.386312883851,2094.2340769508673,237400
2025-03-21 09:00:00+09:00,2108.77734375,2137.863927801724,2096.6579337284484,2099.0818157327585,236600
2025-03-24 09:00:00+09:00,2094.23388671875,2123.3204684787324,2094.23388671875,2113.624941225405,148800
2025-03-25 09:00:00+09:00,2113.625,2128.1682912844035,2099.081708715596,2103.9294724770643,123800
2025-03-26 09:00:00+09:00,2128.16845703125,2152.407277726367,2113.62516461418,2133.016221170273,241400
2025-03-27 09:00:00+09:00,2096.657958984375,2101.5057230513908,2067.5713745822795,2094.2340769508673,356600
2025-03-28 09:00:00+09:00,2081.92724609375,2094.2027605164726,2059.8313201328497,2081.92724609375,288000
2025-03-31 09:00:00+09:00,2030.3701171875,2096.6578961041414,2027.9150142646615,2047.55583764737,353800
2025-04-01 09:00:00+09:00,2000.908935546875,2042.6456863496933,1993.5436265816718,2032.8252743960888,224800
2025-04-02 09:00:00+09:00,2018.0946044921875,2047.5558395942633,1995.9986781656307,2010.7292957166685,226800
2025-04-03 09:00:00+09:00,1892.8843994140625,1924.800738184987,1870.7884725726533,1892.8843994140625,308000
2025-04-04 09:00:00+09:00,1784.85986328125,1848.692540647567,1728.3924948418157,1829.0517168425465,372000
2025-04-07 09:00:00+09:00,1635.0985107421875,1667.0148480389569,1573.7209390176308,1573.7209390176308,412600
2025-04-08 09:00:00+09:00,1779.94970703125,1846.237489224138,1738.2129552801725,1738.2129552801725,332000
2025-04-09 09:00:00+09:00,1662.104736328125,1711.206796485529,1635.0986032415528,1711.206796485529,396000
2025-04-10 09:00:00+09:00,1777.49462890625,1833.9619997140453,1772.5844227490504,1833.9619997140453,675600
2025-04-11 09:00:00+09:00,1730.84765625,1738.212965425532,1642.463946143617,1674.3802859042555,321200
2025-04-14 09:00:00+09:00,1735.7578125,1762.7639453677511,1733.3027095120226,1748.0333274398868,128000
2025-04-15 09:00:00+09:00,1748.0333251953125,1760.3088401194368,1728.3925013167134,1752.9435311649622,219000
2025-04-16 09:00:00+09:00,1721.0272216796875,1762.76397313269,1694.0210883865682,1757.8537670793955,269000
2025-04-17 09:00:00+09:00,1723.4822998046875,1730.8476087782117,1698.9312698929398,1721.0271968135128,121000
2025-04-18 09:00:00+09:00,1755.3985595703125,1757.8536624508304,1730.8475307651333,1738.212839406687,105800
2025-04-21 09:00:00+09:00,1733.302734375,1767.6741766997168,1725.937425305418,1752.9435585605524,118600
2025-04-22 09:00:00+09:00,1743.1231689453125,1770.1293025486907,1723.4823445064922,1725.9374475613447,129600
2025-04-23 09:00:00+09:00,1819.2313232421875,1833.9619412441484,1782.404778237285,1806.9558082405533,297600
2025-04-24 09:00:00+09:00,1846.2374267578125,1873.2435593300677,1838.8721178744702,1841.3272208355843,250800
2025-04-25 09:00:00+09:00,1843.7823486328125,1858.5129665979214,1831.5068336618883,1851.147657615367,233800
2025-04-28 09:00:00+09:00,1846.2374267578125,1870.7884563689536,1846.2374267578125,1846.2374267578125,105000
2025-04-30 09:00:00+09:00,1851.147705078125,1873.24363259232,1836.4170867353282,1870.7885295351873,134000
2025-05-01 09:00:00+09:00,1863.4232177734375,1868.3334238808773,1829.0517750213583,1841.327290289958,126000
2025-05-02 09:00:00+09:00,1885.51904296875,1902.7047634124756,1841.32719039917,1875.698631286621,212600
2025-05-07 09:00:00+09:00,1853.602783203125,1887.9742255406663,1851.147680179015,1885.5191225165563,247400
2025-05-08 09:00:00+09:00,1873.2435302734375,1873.2435302734375,1829.051677658861,1853.6027068891813,126400
2025-05-09 09:00:00+09:00,1895.3394775390625,1910.0700952401432,1878.1537568878016,1895.3394775390625,171600
2025-05-12 09:00:00+09:00,1946.8966064453125,1954.261915170831,1912.5251657262277,1912.5251657262277,200400
2025-05-13 09:00:00+09:00,2000.908935546875,2042.6456863496933,1986.1783176164686,2018.0946564656824,385800
2025-05-14 09:00:00+09:00,2145.760009765625,2167.8559366396416,2064.7416112275637,2116.2987739336027,809200
2025-05-15 09:00:00+09:00,2104.023193359375,2133.484428272225,2084.3823700841417,2111.3885020875873,317400
2025-05-16 09:00:00+09:00,2067.19677734375,2106.4784263194033,2062.286571221793,2091.747807953533,246000
2025-05-19 09:00:00+09:00,2040.190673828125,2067.196807898052,2025.4600552445283,2052.4661893144553,270000
2025-05-20 09:00:00+09:00,2035.280517578125,2054.9213428382272,2023.0050017905608,2050.011136523202,156400
2025-05-21 09:00:00+09:00,2015.6395263671875,2052.466070697891,2015.6395263671875,2040.1905559209902,102000
2025-05-22 09:00:00+09:00,1976.35791015625,2008.2742490780279,1976.35791015625,1988.6334251261644,150600
2025-05-23 09:00:00+09:00,1991.0885009765625,2010.7293246606716,1978.8129861739944,1993.5436039370763,185600
2025-05-26 09:00:00+09:00,1988.633544921875,2018.0947826244212,1988.633544921875,2013.1845763406636,78000
2025-05-27 09:00:00+09:00,1986.1783447265625,2003.3640658799443,1968.9926235731805,1988.633447748474,102400
2025-05-28 09:00:00+09:00,1973.90283203125,2027.9150985793688,1973.90283203125,2015.6395834547964,228400
2025-05-29 09:00:00+09:00,2032.8253173828125,2037.7355234634474,1978.8130504958297,1993.5436687377342,271200
2025-05-30 09:00:00+09:00,2008.2742919921875,2025.460013317304,1988.6334676206257,1998.4538798064066,222000
2025-06-02 09:00:00+09:00,1946.8966064453125,1983.7231500729035,1939.5312977197943,1981.2680471643976,165200
2025-06-03 09:00:00+09:00,1929.7109375,1954.2619672391857,1924.800731552163,1944.4415553435115,166800
2025-06-04 09:00:00+09:00,1929.7109375,1954.2619672391857,1924.800731552163,1929.7109375,118400
2025-06-05 09:00:00+09:00,1919.890625,1929.711037404092,1914.980418797954,1914.980418797954,109400
2025-06-06 09:00:00+09:00,1910.0701904296875,1917.4354996472825,1892.8844689219652,1910.0701904296875,157000
2025-06-09 09:00:00+09:00,2010.7293701171875,2079.472254565638,1932.1660736046722,1944.4415886847528,625400
2025-06-10 09:00:00+09:00,1998.453857421875,2050.0110208197366,1995.998754402929,2032.825299687116,276000
2025-06-11 09:00:00+09:00,2047.5560302734375,2057.376442888658,1998.453967197336,1998.453967197336,194400
2025-06-12 09:00:00+09:00,2047.5560302734375,2089.292783888124,2037.7356176582173,2050.011133427243,226800
2025-06-13 09:00:00+09:00,1993.5435791015625,2025.459917190627,1951.806829292786,2020.549711330771,314600
2025-06-16 09:00:00+09:00,2064.74169921875,2086.8376270344083,2037.7355652218341,2045.1008744937203,344000
2025-06-17 09:00:00+09:00,2064.74169921875,2099.113142487552,2040.1906683124628,2081.927420853151,177800
2025-06-18 09:00:00+09:00,2062.286376953125,2077.0169939313614,2042.6455543154761,2047.5557599748884,116000
2025-06-19 09:00:00+09:00,2045.100830078125,2067.196757413903,2042.6457270408164,2052.466139190051,104000
2025-06-20 09:00:00+09:00,2069.65185546875,2084.3824736571396,2018.0946918093862,2037.7355160605723,516200
2025-06-23 09:00:00+09:00,2054.92138671875,2084.382625238015,1995.9989096802194,2045.1009738789949,221600
2025-06-24 09:00:00+09:00,2062.286376953125,2099.1129193987167,2057.3761712937126,2089.2925080798923,152200
2025-06-25 09:00:00+09:00,2084.38232421875,2106.478249917182,2047.55578138803,2086.837427074131,271000
2025-06-26 09:00:00+09:00,2094.202880859375,2108.9334990131338,2064.7416445518575,2089.2926748081222,226000
2025-06-27 09:00:00+09:00,2135.939697265625,2150.670315867457,2104.0233569616557,2116.2988724631823,347800
2025-06-30 09:00:00+09:00,2153.125244140625,2192.4068905559616,2150.6701412396665,2158.035449942542,267800
2025-07-01 09:00:00+09:00,2128.57421875,2155.580350706459,2128.57421875,2143.304836180796,152200
2025-07-02 09:00:00+09:00,2086.837646484375,2113.843780732996,2084.382543370864,2111.3886776194854,176000
2025-07-03 09:00:00+09:00,2108.933349609375,2145.7598923848586,2079.4721153889877,2086.8374239440845,266200
2025-07-04 09:00:00+09:00,2094.202880859375,2116.298808090013,2074.5620566543635,2111.3886020387604,187800
2025-07-07 09:00:00+09:00,2054.92138671875,2072.1071091883214,2050.011180298872,2064.741799558505,169800
2025-07-08 09:00:00+09:00,2062.286376953125,2074.5618911016554,2042.6455543154761,2054.9210684640066,172200
2025-07-09 09:00:00+09:00,2069.65185546875,2089.292679719936,2057.3763403117587,2074.5620615315465,219800
2025-07-10 09:00:00+09:00,2032.8253173828125,2050.0110386650344,2015.6395961005908,2040.1906265037649,266000
2025-07-11 09:00:00+09:00,2045.100830078125,2069.6518604512116,2025.4600057796556,2032.8253148915817,213000
2025-07-14 09:00:00+09:00,2052.466064453125,2064.7415791926774,2030.370137921931,2032.8252408698415,131800
2025-07-15 09:00:00+09:00,2074.562255859375,2089.292875427607,2054.9214297683984,2062.286739552515,199600
2025-07-16 09:00:00+09:00,2079.472412109375,2101.5683409275384,2052.4662768871754,2081.927515311393,197400
2025-07-17 09:00:00+09:00,2086.837646484375,2089.292749597886,2059.8315122357535,2074.5621309168196,105400
2025-07-18 09:00:00+09:00,2079.472412109375,2096.658134523502,2077.017308907357,2094.203031321484,100000
2025-07-22 09:00:00+09:00,2032.8253173828125,2089.292687310113,2032.8253173828125,2062.2865538666215,164400
2025-07-23 09:00:00+09:00,2113.843505859375,2118.7537114478987,2045.1006276200458,2067.1965527684015,294000
2025-07-24 09:00:00+09:00,2121.208984375,2162.945735224971,2111.388572410301,2121.208984375,191400
2025-07-25 09:00:00+09:00,2096.657958984375,2121.208988949063,2077.0171350126243,2121.208988949063,159600
2025-07-28 09:00:00+09:00,2096.657958984375,2121.208988949063,2091.747752991437,2104.0232679737815,134000
2025-07-29 09:00:00+09:00,2079.472412109375,2091.747928119466,2064.7417928972664,2091.747928119466,111400
2025-07-30 09:00:00+09:00,2072.10693359375,2091.747757608857,2057.37631558242,2079.472242599415,113800
2025-07-31 09:00:00+09:00,2079.472412109375,2096.658134523502,2064.7417928972664,2072.1071025033207,116800
2025-08-01 09:00:00+09:00,2099.113037109375,2116.2987578810307,2072.1069044682017,2074.562007435581,213400
2025-08-04 09:00:00+09:00,2086.837646484375,2089.292749597886,1998.453934397978,2000.9090375114888,198600
2025-08-05 09:00:00+09:00,2099.113037109375,2128.5742727179277,2079.47221337034,2091.747728207237,135400
2025-08-06 09:00:00+09:00,2126.119384765625,2131.0295911969542,2099.1132493933133,2101.568352608978,140200
2025-08-07 09:00:00+09:00,2126.119384765625,2148.215313706607,2113.8438686873014,2121.2091783342958,123400
2025-08-08 09:00:00+09:00,2128.57421875,2143.304836180796,2116.2987042243367,2123.6640129397347,248400
2025-08-12 09:00:00+09:00,2420.7314453125,2474.7437087981743,2334.802844312563,2406.0008279982253,1944400
2025-08-13 09:00:00+09:00,2636.780517578125,2666.2417524114,2543.4866072727536,2553.307018883845,1174600
2025-08-14 09:00:00+09:00,2715.343994140625,2779.1766739305494,2676.062345039133,2705.5235818652523,951800
2025-08-15 09:00:00+09:00,2749.715576171875,2774.266608101981,2705.523718697684,2739.8951633998327,472200
2025-08-18 09:00:00+09:00,2867.560302734375,2877.380714730041,2734.9847407928883,2749.715358786387,703000
2025-08-19 09:00:00+09:00,2823.368408203125,2921.572526749321,2808.6377904211954,2911.752114894701,548800
2025-08-20 09:00:00+09:00,2788.9970703125,2838.0991314095513,2769.3562458736797,2808.6378947513203,321600
2025-08-21 09:00:00+09:00,2872.470703125,2897.021734775641,2774.266576522436,2788.9971955128203,384400
2025-08-22 09:00:00+09:00,2931.39306640625,2946.123684830402,2808.63791287165,2838.099149719954,579400
2025-08-25 09:00:00+09:00,3093.429931640625,3127.801375325521,2965.76456938244,2970.67477562314,807000
2025-08-26 09:00:00+09:00,3054.148193359375,3113.070666543157,3034.507368964781,3063.968605556672,443400
2025-08-27 09:00:00+09:00,3014.866455078125,3034.5072788897087,2955.9439836433735,3019.776661031021,339600
2025-08-28 09:00:00+09:00,3147.44189453125,3171.9929233497464,3024.6867504387674,3029.596956202467,536600
2025-08-29 09:00:00+09:00,3176.9033203125,3260.3768233191654,3103.250229424266,3122.8910536611284,566600
2025-09-01 09:00:00+09:00,3206.364501953125,3211.274707928551,3127.80120634631,3142.531824272588,342800
2025-09-02 09:00:00+09:00,3196.544189453125,3265.287075247816,3171.993158812164,3196.544189453125,342000
2025-09-03 09:00:00+09:00,3171.9931640625,3196.544194744098,3142.5319272445818,3191.6339886077785,316200
2025-09-04 09:00:00+09:00,3235.825927734375,3255.4667527889083,3142.5320087253413,3181.813658834408,345600
2025-09-05 09:00:00+09:00,3338.940185546875,3353.670804012523,3221.095237821691,3265.287093218635,421000
2025-09-08 09:00:00+09:00,3388.0419921875,3407.682815330616,3334.029728543931,3378.221580615942,352400
2025-09-09 09:00:00+09:00,3363.4912109375,3407.683066263686,3309.478943316606,3388.0422416742704,284600
2025-09-10 09:00:00+09:00,3299.658447265625,3363.4911255609422,3289.8380352201916,3338.9400954473585,313200
2025-09-11 09:00:00+09:00,3319.29931640625,3383.1319955679087,3275.107461602025,3338.9401407636838,201200
2025-09-12 09:00:00+09:00,3309.478759765625,3358.5808185158567,3289.8379362655323,3304.568553890602,302000
2025-09-16 09:00:00+09:00,3270.197021484375,3324.2092846019846,3260.376610008446,3304.5684616501267,290400
2025-09-17 09:00:00+09:00,3206.364501953125,3265.286973658236,3196.544090002273,3226.0053258548287,231400
2025-09-18 09:00:00+09:00,3216.18505859375,3245.646295771708,3191.6340276121186,3211.2748523974237,263600
2025-09-19 09:00:00+09:00,3171.9931640625,3230.9156376983356,3127.801308835623,3181.8135763351393,491800
2025-09-22 09:00:00+09:00,3171.9931640625,3206.3646070167374,3152.352339517221,3196.544194744098,162000
2025-09-24 09:00:00+09:00,3162.172607421875,3167.0828133340206,3108.1603423882716,3132.7113719490003,266200
2025-09-25 09:00:00+09:00,3191.634033203125,3221.0952704326924,3147.4421773587737,3162.1727959735576,277000
2025-09-26 09:00:00+09:00,3196.544189453125,3245.646250735047,3171.993158812164,3191.6339833249326,219600
2025-09-29 09:00:00+09:00,3181.676513671875,3216.3676906122223,3151.941219151577,3171.7647488317757,261400
2025-09-30 09:00:00+09:00,3241.147216796875,3265.926629769328,3166.808977879515,3181.676625662987,261000
2025-10-01 09:00:00+09:00,3201.5,3201.5,3097.4264705882356,3112.294117647059,428800
2025-10-02 09:00:00+09:00,3275.83837890625,3295.6619091870743,3236.191318344601,3236.191318344601,269000
2025-10-03 09:00:00+09:00,3290.7060546875,3325.397232974868,3251.0589937876503,3251.0589937876503,203600
2025-10-06 09:00:00+09:00,3340.2646484375,3419.558764720883,3315.485237098943,3394.7793533823256,242600
2025-10-07 09:00:00+09:00,3379.911865234375,3424.514807737468,3355.132452732657,3365.0442177333443,190600
2025-10-08 09:00:00+09:00,3345.220703125,3389.823645833333,3280.794230324074,3384.867763310185,418400
2025-10-09 09:00:00+09:00,3394.779541015625,3404.6913060988823,3360.0883632242244,3365.044245765853,179600
2025-10-10 09:00:00+09:00,3389.823486328125,3414.602897777892,3340.2646634285907,3350.1764280084976,236000
2025-10-14 09:00:00+09:00,3236.191162109375,3379.9117497068814,3226.279397447478,3310.5293970736025,316600
2025-10-15 09:00:00+09:00,3315.4853515625,3345.2206461953474,3256.0147622968047,3280.7941744908444,385200
2025-10-16 09:00:00+09:00,3350.176513671875,3379.911808171921,3310.5294543384803,3365.0441609218983,141000
2025-10-17 09:00:00+09:00,3300.61767578125,3360.0882645340653,3275.83826380091,3340.2647349497934,141800
2025-10-20 09:00:00+09:00,3365.044189453125,3374.9559543705127,3305.573599948799,3350.1765420770435,256600
2025-10-21 09:00:00+09:00,3404.691162109375,3414.602926773449,3340.264691792895,3399.7352797773383,187000
2025-10-22 09:00:00+09:00,3533.544189453125,3553.3677192677287,3414.6030105655022,3454.2500701947097,396000
2025-10-23 09:00:00+09:00,3548.411865234375,3568.2353952077515,3469.1177453408695,3523.6324527676547,304800
2025-10-24 09:00:00+09:00,3498.85302734375,3563.279499518635,3498.85302734375,3548.4118520936613,179800
2025-10-27 09:00:00+09:00,3548.411865234375,3602.92657266116,3528.5883352609985,3568.2353952077515,203200
2025-10-28 09:00:00+09:00,3454.25,3553.3676470588234,3449.294117647059,3548.4117647058824,229400
2025-10-29 09:00:00+09:00,3419.558837890625,3483.985308749434,3414.60295551687,3454.2500145069066,188000
2025-10-30 09:00:00+09:00,3459.2060546875,3479.029585086855,3389.8236982897565,3389.8236982897565,714000
2025-10-31 09:00:00+09:00,3523.63232421875,3523.63232421875,3449.2940895305906,3483.9852657183983,234600
2025-11-04 09:00:00+09:00,3607.88232421875,3682.2205589210594,3583.1029126513135,3583.1029126513135,334800
2025-11-05 09:00:00+09:00,3508.7646484375,3573.1911179709573,3399.735238457804,3533.544059796522,463800
2025-11-06 09:00:00+09:00,3573.191162109375,3597.9705737744885,3518.676456446125,3568.2352797763524,205600
2025-11-07 09:00:00+09:00,3503.808837890625,3558.3235439964196,3474.0735436511004,3523.632367383641,360800
2025-11-10 09:00:00+09:00,3474.073486328125,3593.014661323667,3474.073486328125,3558.3234852833007,414800
2025-11-11 09:00:00+09:00,3518.676513671875,3523.632396085497,3449.2941598811617,3518.676513671875,358400
2025-11-12 09:00:00+09:00,3553.36767578125,3657.4412060342574,3449.2941455282426,3518.6764990302477,757600
2025-11-13 09:00:00+09:00,3508.7646484375,3617.7940584171965,3488.941119350283,3607.882293873588,369200
2025-11-14 09:00:00+09:00,3578.147216796875,3597.970747083838,3493.897213077281,3493.897213077281,350400
2025-11-17 09:00:00+09:00,3503.808837890625,3503.808837890625,3360.088249066257,3399.7353080522894,578400
2025-11-18 09:00:00+09:00,3340.2646484375,3479.02935193342,3315.485237098943,3454.249940594863,372800
2025-11-19 09:00:00+09:00,3379.911865234375,3409.6471602364372,3275.838332727158,3320.441275230251,299800
2025-11-20 09:00:00+09:00,3409.647216796875,3439.3825122921967,3394.7795690492144,3439.3825122921967,193000
2025-11-21 09:00:00+09:00,3449.294189453125,3454.250071909236,3374.9559526114626,3394.779482435906,304400
2025-11-25 09:00:00+09:00,3444.33837890625,3493.897204502023,3414.603083548786,3459.206026584982,242600
2025-11-26 09:00:00+09:00,3493.897216796875,3498.853099373892,3419.5589781416224,3469.117803911791,175200
2025-11-27 09:00:00+09:00,3632.661865234375,3642.5736302145506,3474.0736255515644,3508.7648029821794,173800
2025-11-28 09:00:00+09:00,3632.661865234375,3677.2648076451655,3612.838335274024,3647.5295127046384,153400
2025-12-01 09:00:00+09:00,3583.10302734375,3622.750087120721,3573.1912623995077,3602.9265572322356,115600
2025-12-02 09:00:00+09:00,3553.36767578125,3662.3970884272576,3548.41179338825,3578.1470877462516,180800
2025-12-03 09:00:00+09:00,3548.411865234375,3593.0148076744717,3523.6324527676547,3588.058925181128,163000
2025-12-04 09:00:00+09:00,3573.191162109375,3588.0588091084433,3528.5882211121707,3548.4117504442615,153800
2025-12-05 09:00:00+09:00,3573.191162109375,3602.926456107511,3528.5882211121707,3528.5882211121707,175600
2025-12-08 09:00:00+09:00,3801.161865234375,3806.1177477183833,3538.5000935819344,3612.838330842059,556200
2025-12-09 09:00:00+09:00,3667.35302734375,3786.2942066089527,3632.6618500580657,3786.2942066089527,339400
2025-12-10 09:00:00+09:00,3652.4853515625,3731.7794704566654,3647.529469131615,3672.3088812860415,210000
2025-12-11 09:00:00+09:00,3593.0146484375,3692.1322939116376,3573.191119342672,3667.3528825431035,162000
2025-12-12 09:00:00+09:00,3761.5146484375,3776.382295269269,3637.6175915060935,3642.57347378335,356200
2025-12-15 09:00:00+09:00,3687.176513671875,3751.6029850129157,3667.3529840284777,3707.0000433152723,148000
2025-12-16 09:00:00+09:00,3588.058837890625,3692.132367718944,3588.058837890625,3692.132367718944,135200
2025-12-17 09:00:00+09:00,3568.2353515625,3588.058881293403,3548.411821831597,3588.058881293403,91000
2025-12-18 09:00:00+09:00,3543.4560546875,3573.191350251311,3508.7648765297204,3543.4560546875,123000
2025-12-19 09:00:00+09:00,3736.7353515625,3776.382410995524,3627.7059381216845,3642.573585409068,405200
2025-12-22 09:00:00+09:00,3687.176513671875,3751.6029850129157,3687.176513671875,3736.735337780368,159400
2025-12-23 09:00:00+09:00,3731.779541015625,3741.6913060648035,3677.2648332451445,3687.176598294323,113000
2025-12-24 09:00:00+09:00,3697.08837890625,3746.6472043607573,3687.1766138153484,3716.9119090880527,88000
2025-12-25 09:00:00+09:00,3687.176513671875,3711.9559257261217,3667.3529840284777,3702.044160904423,50800
2025-12-26 09:00:00+09:00,3642.573486328125,3702.0440738600128,3617.794074856505,3687.1764269770406,94200
2025-12-29 09:00:00+09:00,3642.573486328125,3672.308780094069,3622.749957150829,3642.573486328125,122400
2025-12-30 09:00:00+09:00,3607.88232421875,3632.6617357861865,3593.0146772782878,3617.794088845724,88200
2026-01-05 09:00:00+09:00,3736.7353515625,3820.9853528576755,3642.573585409068,3642.573585409068,233000
2026-01-06 09:00:00+09:00,3573.191162109375,3731.779396766102,3513.7205741131024,3711.955867434011,551000
2026-01-07 09:00:00+09:00,3583.10302734375,3588.0589098158716,3528.5883201504153,3553.367732511022,255800
2026-01-08 09:00:00+09:00,3563.279541015625,3612.8383663426853,3548.4118934175067,3563.279541015625,200200
2026-01-09 09:00:00+09:00,3553.36767578125,3607.882382104254,3538.500028602249,3593.014734925253,156000
2026-01-13 09:00:00+09:00,3622.75,3667.3529411764707,3583.1029411764707,3612.8382352941176,242400
2026-01-14 09:00:00+09:00,3726.823486328125,3746.6470155107213,3642.57348730209,3657.4411341890373,172200
2026-01-15 09:00:00+09:00,3697.08837890625,3726.823674178954,3672.3089661789963,3697.08837890625,132200
2026-01-16 09:00:00+09:00,3756.558837890625,3766.4706026343997,3662.397072824765,3672.3088375685397,108400
2026-01-19 09:00:00+09:00,3766.470703125,3766.470703125,3667.3530530427633,3702.044230571546,174600
2026-01-20 09:00:00+09:00,3741.691162109375,3776.3823384468133,3716.911750439777,3716.911750439777,136600
2026-01-21 09:00:00+09:00,3721.86767578125,3761.514734910744,3667.352969478196,3667.352969478196,154000
2026-01-22 09:00:00+09:00,3761.5146484375,3791.2499421010375,3741.691119328475,3786.2940598237815,150200
2026-01-23 09:00:00+09:00,3716.911865234375,3771.426572591146,3707.0001002604167,3771.426572591146,93800
2026-01-26 09:00:00+09:00,3597.970703125,3672.308940792872,3563.27952554666,3607.882468147383,153800
2026-01-27 09:00:00+09:00,3588.058837890625,3622.7500145000645,3548.411778908408,3568.2353083995163,134800
2026-01-28 09:00:00+09:00,3607.88232421875,3632.6617357861865,3528.588207202953,3553.3676187703895,146000
2026-01-29 09:00:00+09:00,3588.058837890625,3632.6617792456186,3553.367661281185,3583.102955517848,238200
2026-01-30 09:00:00+09:00,3816.029541015625,3850.7207186612213,3721.867773120434,3766.47071580763,527800
2026-02-02 09:00:00+09:00,3855.676513671875,4009.308868329752,3835.8529840386004,3855.676513671875,469400
2026-02-03 09:00:00+09:00,3925.058837890625,3949.838249745995,3816.0294257269966,3895.3235436641808,348600
2026-02-04 09:00:00+09:00,3949.83837890625,3994.4413217044385,3890.3677885086654,3915.147201174326,253600
2026-02-05 09:00:00+09:00,3949.83837890625,3999.397204237571,3930.014848773722,3974.6177915719104,226600
2026-02-06 09:00:00+09:00,3915.147216796875,3969.661924878857,3895.3236865852455,3939.9266295614125,194200
2026-02-09 09:00:00+09:00,4153.029296875,4227.3675301126195,4133.205768011635,4212.499883465095,374800
2026-02-10 09:00:00+09:00,4242.2353515625,4242.2353515625,4172.8529976818045,4207.544174622152,367600
2026-02-12 09:00:00+09:00,4985.61767578125,4985.61767578125,4985.61767578125,4985.61767578125,119000
2026-02-13 09:00:00+09:00,5471.29443359375,6031.309171814849,5421.735607202502,6026.353289175724,1225400
2026-02-16 09:00:00+09:00,5164.029296875,5505.985171620082,5069.867534264035,5476.249878163988,717200
2026-02-17 09:00:00+09:00,5287.9267578125,5486.162062697692,5213.588518480553,5213.588518480553,557800
2026-02-18 09:00:00+09:00,5327.57373046875,5387.044320948401,5188.809019349564,5253.2354923691855,358600
2026-02-19 09:00:00+09:00,5610.05908203125,5659.617907844247,5436.603191685761,5451.47083942966,615400
2026-02-20 09:00:00+09:00,5684.39697265625,5877.676381491118,5565.4557979886395,5590.2352093777245,678600
2026-02-24 09:00:00+09:00,5917.32373046875,6036.264910980684,5724.044312136856,5753.77960726484,904200
2026-02-25 09:00:00+09:00,6571.5,6660.705882352941,5927.235294117647,5932.191176470588,1418400
2026-02-26 09:00:00+09:00,6214.6767578125,6437.691474001944,6110.60322359076,6437.691474001944,857000
2026-02-27 09:00:00+09:00,6566.54443359375,6616.103259507665,6130.426765551297,6279.103243293042,733800
2026-03-02 09:00:00+09:00,6967.970703125,7096.823646426031,6561.588343483286,6566.544225917941,827600
2026-03-03 09:00:00+09:00,6665.662109375,7067.08860072026,6616.103283282992,6967.9709485362455,446200
2026-03-04 09:00:00+09:00,6194.85302734375,6655.750092578125,6150.250085546875,6516.985384765625,702800
2026-03-05 09:00:00+09:00,6447.60302734375,6640.882441691488,6358.39714379864,6546.720675727205,427600
2026-03-06 09:00:00+09:00,6289.0146484375,6378.220529975621,6184.941119976359,6254.323472283787,337200
2026-03-09 09:00:00+09:00,5937.14697265625,6061.0440296816305,5823.161680192899,5877.676385284067,554800
2026-03-10 09:00:00+09:00,6189.89697265625,6244.4116777797235,6061.044033273493,6095.735209261159,362800
2026-03-11 09:00:00+09:00,6363.35302734375,6467.426558164792,6303.882438303154,6318.7500855633025,268400
2026-03-12 09:00:00+09:00,6110.60302734375,6308.838324256767,6051.132438269845,6224.588323068734,326200
2026-03-13 09:00:00+09:00,6254.32373046875,6333.617850664868,6080.867842539744,6080.867842539744,357800
2026-03-16 09:00:00+09:00,6125.470703125,6254.323646718244,6026.35305420712,6219.632469596986,329000
2026-03-17 09:00:00+09:00,6070.9560546875,6289.014884406887,6070.9560546875,6274.14723692602,196200
2026-03-18 09:00:00+09:00,6135.38232421875,6160.161735867453,5877.676443072244,5947.058795688611,486000
2026-03-19 09:00:00+09:00,5932.19140625,6075.912000052213,5932.19140625,5986.7061142439425,337400
2026-03-23 09:00:00+09:00,5555.54443359375,5694.309147367724,5515.897372515472,5565.4561988633195,591400
2026-03-24 09:00:00+09:00,5644.75,5857.852941176471,5600.14705882353,5808.294117647059,401600
2026-03-25 09:00:00+09:00,5847.94140625,5872.720818988348,5719.088460010594,5793.426698225636,261000
2026-03-26 09:00:00+09:00,5867.7646484375,6021.39699987463,5778.558766957875,5882.632295350771,307400
2026-03-27 09:00:00+09:00,5897.5,5907.411764705883,5709.176470588235,5788.470588235295,280000
2026-03-30 09:00:00+09:00,5690.0,5750.0,5520.0,5630.0,348200
2026-03-31 09:00:00+09:00,5470.0,5690.0,5470.0,5570.0,333600
2026-04-01 09:00:00+09:00,5740.0,5850.0,5550.0,5850.0,328600
2026-04-02 09:00:00+09:00,5660.0,5880.0,5600.0,5770.0,248800
2026-04-03 09:00:00+09:00,5880.0,5910.0,5720.0,5720.0,235800
2026-04-06 09:00:00+09:00,5940.0,6040.0,5810.0,5840.0,163600
2026-04-07 09:00:00+09:00,5920.0,6040.0,5870.0,5960.0,164200
2026-04-08 09:00:00+09:00,6350.0,6350.0,6110.0,6220.0,327300
2026-04-09 09:00:00+09:00,6300.0,6360.0,6230.0,6300.0,205800
2026-04-10 09:00:00+09:00,6300.0,6370.0,6270.0,6340.0,181300
2026-04-13 09:00:00+09:00,6300.0,6380.0,6190.0,6200.0,134400
2026-04-14 09:00:00+09:00,6580.0,6620.0,6480.0,6480.0,318100
2026-04-15 09:00:00+09:00,6410.0,6680.0,6380.0,6680.0,224300
2026-04-16 09:00:00+09:00,6620.0,6730.0,6440.0,6440.0,236400
2026-04-17 09:00:00+09:00,6530.0,6600.0,6500.0,6530.0,116900
2026-04-20 09:00:00+09:00,6430.0,6600.0,6420.0,6540.0,150700
2026-04-21 09:00:00+09:00,6370.0,6530.0,6370.0,6520.0,146600
2026-04-22 09:00:00+09:00,6340.0,6390.0,6220.0,6370.0,218700
2026-04-23 09:00:00+09:00,6080.0,6280.0,6010.0,6250.0,214200
2026-04-24 09:00:00+09:00,6060.0,6190.0,6040.0,6140.0,144400
2026-04-27 09:00:00+09:00,5900.0,6070.0,5860.0,6030.0,192800
2026-04-28 09:00:00+09:00,5900.0,5940.0,5780.0,5840.0,225600
2026-04-30 09:00:00+09:00,5830.0,5890.0,5720.0,5800.0,210300
2026-05-01 09:00:00+09:00,5800.0,5850.0,5740.0,5800.0,119100
2026-05-07 09:00:00+09:00,5980.0,6190.0,5860.0,5890.0,307100
2026-05-08 09:00:00+09:00,5960.0,5960.0,5790.0,5880.0,239400
2026-05-11 09:00:00+09:00,6090.0,6130.0,5970.0,5990.0,162800
2026-05-12 09:00:00+09:00,6400.0,6420.0,6220.0,6290.0,291600
2026-05-13 09:00:00+09:00,6500.0,6550.0,6300.0,6450.0,450200
2026-05-14 09:00:00+09:00,6240.0,6450.0,6070.0,6240.0,567900
2026-05-15 09:00:00+09:00,6500.0,6620.0,6200.0,6340.0,406300
2026-05-18 09:00:00+09:00,6390.0,6590.0,6330.0,6590.0,299800
2026-05-19 09:00:00+09:00,6240.0,6520.0,6080.0,6390.0,351900
2026-05-20 09:00:00+09:00,6050.0,6250.0,5960.0,6230.0,284200
2026-05-21 09:00:00+09:00,6090.0,6190.0,5990.0,6100.0,145100
2026-05-22 09:00:00+09:00,6290.0,6320.0,6150.0,6190.0,154100
2026-05-25 09:00:00+09:00,6740.0,6950.0,6490.0,6490.0,351400
2026-05-26 09:00:00+09:00,6660.0,6740.0,6490.0,6740.0,190100
2026-05-27 09:00:00+09:00,6680.0,6700.0,6550.0,6660.0,184000
2026-05-28 09:00:00+09:00,6910.0,6940.0,6460.0,6700.0,289900
2026-05-29 09:00:00+09:00,7070.0,7300.0,7040.0,7110.0,482300
2026-06-01 09:00:00+09:00,7420.0,7550.0,6890.0,7000.0,436100
2026-06-02 09:00:00+09:00,7240.0,7470.0,7020.0,7450.0,406100
2026-06-03 09:00:00+09:00,7180.0,7410.0,7100.0,7190.0,308700
2026-06-04 09:00:00+09:00,7000.0,7150.0,6760.0,7130.0,267900
2026-06-05 09:00:00+09:00,6750.0,7000.0,6710.0,6970.0,236800
2026-06-08 09:00:00+09:00,6770.0,6900.0,6500.0,6500.0,366800
2026-06-09 09:00:00+09:00,6950.0,6960.0,6790.0,6940.0,211600
2026-06-10 09:00:00+09:00,6710.0,6850.0,6540.0,6770.0,369100
2026-06-11 09:00:00+09:00,6820.0,6890.0,6560.0,6640.0,289000
2026-06-12 09:00:00+09:00,7000.0,7150.0,6910.0,7020.0,258200
2026-06-15 09:00:00+09:00,7380.0,7450.0,7240.0,7380.0,292900
2026-06-16 09:00:00+09:00,7250.0,7550.0,7140.0,7380.0,375800
2026-06-17 09:00:00+09:00,7780.0,7800.0,7230.0,7280.0,414500
2026-06-18 09:00:00+09:00,7570.0,7690.0,7490.0,7500.0,342200
2026-06-19 09:00:00+09:00,7540.0,7700.0,7370.0,7530.0,517100
2026-06-22 09:00:00+09:00,7790.0,7870.0,7580.0,7600.0,287600
2026-06-23 09:00:00+09:00,7490.0,7910.0,7490.0,7850.0,232600
2026-06-24 09:00:00+09:00,7600.0,7650.0,7310.0,7350.0,149500
2026-06-25 09:00:00+09:00,8140.0,8180.0,7710.0,7750.0,262700
2026-06-26 09:00:00+09:00,7860.0,8020.0,7720.0,7930.0,371600
2026-06-29 09:00:00+09:00,8120.0,8160.0,7760.0,7880.0,311400
2026-06-30 09:00:00+09:00,8060.0,8360.0,8000.0,8270.0,280900
2026-07-01 09:00:00+09:00,8050.0,8300.0,7850.0,8140.0,288600
2026-07-02 09:00:00+09:00,7840.0,8170.0,7780.0,8110.0,286400
2026-07-03 09:00:00+09:00,8060.0,8080.0,7760.0,7830.0,196200
2026-07-06 09:00:00+09:00,7850.0,8140.0,7820.0,7980.0,358000
2026-07-07 09:00:00+09:00,7270.0,8030.0,7190.0,7920.0,562700
2026-07-08 09:00:00+09:00,7370.0,7490.0,7060.0,7120.0,370200
2026-07-09 09:00:00+09:00,7410.0,7510.0,7320.0,7400.0,236400
2026-07-10 09:00:00+09:00,7510.0,7690.0,7410.0,7410.0,217400
2026-07-13 09:00:00+09:00,7270.0,7600.0,7210.0,7450.0,182100
2026-07-14 09:00:00+09:00,7380.0,7390.0,7120.0,7260.0,165200
2026-07-15 09:00:00+09:00,7720.0,7770.0,7310.0,7380.0,204000
2026-07-16 09:00:00+09:00,7740.0,7840.0,7450.0,7570.0,239200
2026-07-17 09:00:00+09:00,7420.0,7930.0,7150.0,7800.0,472700
2026-07-21 09:00:00+09:00,7670.0,7740.0,7320.0,7550.0,323900
2026-07-22 09:00:00+09:00,7760.0,7860.0,7710.0,7780.0,344900
2026-07-23 09:00:00+09:00,7560.0,7970.0,7530.0,7860.0,224100
2026-07-24 09:00:00+09:00,7320.0,7490.0,7170.0,7420.0,242300
2026-07-27 09:00:00+09:00,7760.0,7760.0,7360.0,7430.0,239800
2026-07-28 09:00:00+09:00,7450.0,7550.0,7330.0,7510.0,266300
2026-07-29 09:00:00+09:00,6910.0,7470.0,6740.0,7450.0,611200
2026-07-30 09:00:00+09:00,7260.0,7320.0,6930.0,7010.0,343600
2026-07-31 09:00:00+09:00,7940.0,8030.0,7470.0,7720.0,477200
2026-08-03 09:00:00+09:00,8520.0,8670.0,7990.0,7990.0,651400
2026-08-04 09:00:00+09:00,8900.0,8930.0,8510.0,8570.0,490500
2026-08-05 09:00:00+09:00,9420.0,9580.0,8950.0,8950.0,674400
2026-08-06 09:00:00+09:00,9300.0,9460.0,9060.0,9340.0,463100
2026-08-07 09:00:00+09:00,9170.0,9410.0,8790.0,9310.0,446800
2026-08-10 09:00:00+09:00,10670.0,10670.0,9110.0,9120.0,1089400
2026-08-12 09:00:00+09:00,11240.0,11770.0,11130.0,11410.0,1061900
