Date,Close,High,Low,Open,Volume
2019-09-26 09:00:00+09:00,352.5130920410156,357.17185537195417,350.96017093070276,353.28955259617203,1580300
2019-09-27 09:00:00+09:00,350.15252685546875,353.2999652991134,343.07079035726827,353.2999652991134,1147600
2019-09-30 09:00:00+09:00,346.21820068359375,350.1524984186346,344.6444815895774,348.57877932461827,937500
2019-10-01 09:00:00+09:00,350.93939208984375,351.7262517133636,345.431374725205,345.431374725205,1324700
2019-10-02 09:00:00+09:00,352.5130615234375,353.2999210357666,345.4313259124756,346.2181854248047,1234200
2019-10-03 09:00:00+09:00,341.4970397949219,347.0050565658077,339.92332071752594,343.8576184110158,1258000
2019-10-04 09:00:00+09:00,337.56280517578125,337.56280517578125,333.62850674715907,335.9890858043324,1456800
2019-10-07 09:00:00+09:00,342.2839050292969,343.85762413287983,337.56274771854794,337.56274771854794,1106100
2019-10-08 09:00:00+09:00,349.36566162109375,351.72624041583083,347.0050828263566,347.7919424246023,1040100
2019-10-09 09:00:00+09:00,354.87371826171875,355.6605779474432,346.21826171875,347.7919810901988,1607500
2019-10-10 09:00:00+09:00,348.57879638671875,352.51309431433407,344.6444984591034,352.51309431433407,1416800
2019-10-11 09:00:00+09:00,354.87371826171875,355.6605779474432,350.93941983309657,351.726279518821,1218700
2019-10-15 09:00:00+09:00,361.1686096191406,365.10290819886984,360.38174990319476,360.38174990319476,1582300
2019-10-16 09:00:00+09:00,362.7423095703125,369.037186959819,361.16859022293585,365.10288859137745,1605900
2019-10-17 09:00:00+09:00,352.5130615234375,363.5290946960449,352.5130615234375,363.5290946960449,1914900
2019-10-18 09:00:00+09:00,356.4474182128906,360.38171642716094,354.08683928432845,355.6605585700366,1127500
2019-10-21 09:00:00+09:00,361.1686096191406,362.7423290510323,358.8080304713031,360.38174990319476,728300
2019-10-23 09:00:00+09:00,364.3160095214844,365.10286915328027,358.80799209891336,360.3817113625051,1877400
2019-10-24 09:00:00+09:00,364.3160095214844,367.46344804866783,362.74229025789265,365.10286915328027,1168100
2019-10-25 09:00:00+09:00,368.250244140625,369.037103636652,361.9553681724092,362.74222766843616,1236600
2019-10-28 09:00:00+09:00,371.39776611328125,374.5452048091565,368.25032741740597,368.25032741740597,1082400
2019-10-29 09:00:00+09:00,376.11895751953125,380.0532562383548,373.7583782882371,373.7583782882371,1190100
2019-10-30 09:00:00+09:00,374.54522705078125,375.33208677147616,370.61092844730666,372.97150760939144,1460700
2019-10-31 09:00:00+09:00,369.8240051269531,371.39772429770613,364.3159880293177,370.61086471232966,1194600
2019-11-01 09:00:00+09:00,371.39776611328125,372.18462578725007,365.8897483954995,366.67660806946833,825900
2019-11-05 09:00:00+09:00,384.7743835449219,385.5612432249728,376.90578674441224,377.6926464244632,1455400
2019-11-06 09:00:00+09:00,385.5612487792969,387.92182785345585,383.9875293965242,385.5612487792969,1315300
2019-11-07 09:00:00+09:00,381.6269226074219,383.20064187590606,379.26634370469554,381.6269226074219,1172100
2019-11-08 09:00:00+09:00,381.6269226074219,388.7086593156008,380.8400629731797,387.9217996813587,1273200
2019-11-11 09:00:00+09:00,384.7743835449219,387.1349625850748,383.2006641848199,385.5612432249728,1256700
2019-11-12 09:00:00+09:00,387.1348876953125,387.9217472231485,383.2005900561325,386.3480281674765,993300
2019-11-13 09:00:00+09:00,383.20068359375,386.3481224733701,383.20068359375,386.3481224733701,628700
2019-11-14 09:00:00+09:00,378.4794616699219,383.9874787836213,376.1188829069078,380.84004043293595,960500
2019-11-15 09:00:00+09:00,386.34808349609375,387.9218027771369,380.8400660124427,381.6269256529643,1206300
2019-11-18 09:00:00+09:00,379.266357421875,387.1349540488849,377.69263809647305,384.7743750607819,1092400
2019-11-19 09:00:00+09:00,365.1028747558594,375.33205012617435,364.316015111989,373.7583308384336,1840900
2019-11-20 09:00:00+09:00,364.3160095214844,365.10286915328027,359.5948517307092,364.3160095214844,879400
2019-11-21 09:00:00+09:00,364.3160095214844,366.676588416872,357.23427283532163,362.74229025789265,1067000
2019-11-22 09:00:00+09:00,365.8897399902344,370.6108979255922,365.10288033434136,366.67659964612733,977600
2019-11-25 09:00:00+09:00,371.39776611328125,372.18462578725007,369.8240467653436,371.39776611328125,647800
2019-11-26 09:00:00+09:00,369.0372314453125,373.7583900565532,369.0372314453125,372.18467051947295,952200
2019-11-27 09:00:00+09:00,370.61090087890625,372.18462020323284,365.8897429059266,365.8897429059266,785400
2019-11-28 09:00:00+09:00,371.39776611328125,372.9714854612189,369.0371870913748,371.39776611328125,535600
2019-11-29 09:00:00+09:00,369.8240051269531,372.97144346845914,369.8240051269531,372.1845838830826,887500
2019-12-02 09:00:00+09:00,373.75830078125,375.3320199424342,370.61086245888157,371.3977220394737,519200
2019-12-03 09:00:00+09:00,365.1028747558594,368.2503133313409,364.316015111989,367.4634536874705,551500
2019-12-04 09:00:00+09:00,369.8240051269531,371.39772429770613,361.9554092731882,362.74226885856467,814400
2019-12-05 09:00:00+09:00,371.39776611328125,372.18462578725007,367.46346774343715,369.8240467653436,701800
2019-12-06 09:00:00+09:00,376.11895751953125,380.84011598211947,375.3320977757665,376.11895751953125,863000
2019-12-09 09:00:00+09:00,376.11895751953125,380.84011598211947,373.7583782882371,380.84011598211947,593900
2019-12-10 09:00:00+09:00,373.75830078125,378.47945826480264,373.75830078125,375.3320199424342,557400
2019-12-11 09:00:00+09:00,371.39776611328125,372.9714854612189,369.0371870913748,372.9714854612189,673000
2019-12-12 09:00:00+09:00,367.46343994140625,374.5451764713263,367.46343994140625,374.5451764713263,587300
2019-12-13 09:00:00+09:00,375.33203125,378.4794696671908,373.7583120414046,377.6926100628931,2411500
2019-12-16 09:00:00+09:00,380.840087890625,382.4138072620738,376.1189297762784,376.1189297762784,1119700
2019-12-17 09:00:00+09:00,392.6429138183594,392.6429138183594,383.2005992575972,385.5611778977878,1414300
2019-12-18 09:00:00+09:00,391.0692138671875,398.937809719646,389.4954946966958,393.42979262292505,1283100
2019-12-19 09:00:00+09:00,389.49554443359375,391.856123490767,384.7743863192471,388.7086847478693,612700
2019-12-20 09:00:00+09:00,389.49554443359375,391.856123490767,387.13496537642044,388.7086847478693,919000
2019-12-23 09:00:00+09:00,383.98748779296875,390.2823646420338,382.4137685807025,390.2823646420338,730800
2019-12-24 09:00:00+09:00,378.4794616699219,383.20061919594997,376.1188829069078,381.6269000206073,763500
2019-12-25 09:00:00+09:00,371.39776611328125,375.3320644831253,370.61090643931243,374.5452048091565,467200
2019-12-26 09:00:00+09:00,375.33203125,378.4794696671908,372.97145243710696,372.97145243710696,650200
2019-12-27 09:00:00+09:00,382.4137878417969,383.98750713332686,376.90577032144176,377.69262996720676,626000
2019-12-30 09:00:00+09:00,376.11895751953125,379.2663964945901,375.3320977757665,379.2663964945901,601700
2020-01-06 09:00:00+09:00,368.250244140625,369.037103636652,365.1028061565171,365.88966565254407,841800
2020-01-07 09:00:00+09:00,370.61090087890625,372.97147986539613,368.2503218924164,370.61090087890625,687400
2020-01-08 09:00:00+09:00,361.1686096191406,364.316048482924,358.0211707553573,364.316048482924,1017000
2020-01-09 09:00:00+09:00,366.67657470703125,372.1845919236605,365.8897151046557,369.8240131165337,524300
2020-01-10 09:00:00+09:00,362.7423095703125,365.88974826506575,360.38173054924755,360.38173054924755,536100
2020-01-14 09:00:00+09:00,351.72625732421875,362.74229222922787,350.9393976881467,360.3817133210116,1361300
2020-01-15 09:00:00+09:00,347.005126953125,354.08686423788265,344.6445478582058,351.72628514296343,1100000
2020-01-16 09:00:00+09:00,345.431396484375,349.3656948498007,344.64453681128987,346.21825615746013,584600
2020-01-17 09:00:00+09:00,350.15252685546875,350.9393864663799,345.43136919000176,350.15252685546875,596100
2020-01-20 09:00:00+09:00,350.15252685546875,354.87368452093574,350.15252685546875,351.7262460772911,404100
2020-01-21 09:00:00+09:00,347.79193115234375,349.36565029782946,345.4313524341151,348.5787907250866,656800
2020-01-22 09:00:00+09:00,349.36566162109375,350.15252121933946,344.6445040316195,345.4313636298652,751600
2020-01-23 09:00:00+09:00,341.4970397949219,346.21819702710974,340.7101802562239,345.43133748841177,749900
2020-01-24 09:00:00+09:00,334.41534423828125,339.1365020392923,332.84162497127755,339.1365020392923,893700
2020-01-27 09:00:00+09:00,327.3336181640625,329.6941971412072,325.75989884596606,328.1204778231107,895000
2020-01-28 09:00:00+09:00,327.3336181640625,328.1204778231107,323.39931986882135,324.97303918691784,891200
2020-01-29 09:00:00+09:00,330.4810485839844,332.0547678629557,326.54675038655597,327.33361002604164,577900
2020-01-30 09:00:00+09:00,330.4810485839844,331.26790822347004,326.54675038655597,330.4810485839844,731800
2020-01-31 09:00:00+09:00,332.8416442871094,335.98908300377235,332.8416442871094,335.2022233246066,582700
2020-02-03 09:00:00+09:00,333.6285095214844,335.2022289060197,326.5467722910755,326.5467722910755,707400
2020-02-04 09:00:00+09:00,338.3497009277344,339.9234204669332,332.8416825405387,334.4154020797375,854700
2020-02-05 09:00:00+09:00,339.1365051269531,343.07080333028205,339.1365051269531,342.28394368961625,841500
2020-02-06 09:00:00+09:00,347.79193115234375,350.9393694433152,345.4313524341151,347.79193115234375,1021600
2020-02-07 09:00:00+09:00,338.3497009277344,345.4314388541288,338.3497009277344,345.4314388541288,575100
2020-02-10 09:00:00+09:00,333.6285095214844,335.9890885982873,332.05479013694907,333.6285095214844,655900
2020-02-12 09:00:00+09:00,333.6285095214844,335.2022289060197,331.26793044468144,335.2022289060197,666500
2020-02-13 09:00:00+09:00,332.8416442871094,335.2022233246066,329.6942055704464,335.2022233246066,778200
2020-02-14 09:00:00+09:00,332.8416442871094,334.41536364544083,328.90734589128067,330.48106524961213,725500
2020-02-17 09:00:00+09:00,330.4810485839844,332.0547678629557,326.54675038655597,328.90732930501304,613800
2020-02-18 09:00:00+09:00,327.3336181640625,329.6941971412072,326.5467585050143,329.6941971412072,527900
2020-02-19 09:00:00+09:00,322.6124267578125,325.7598650676448,321.0387076028963,325.7598650676448,780200
2020-02-20 09:00:00+09:00,317.1045227050781,324.18626142553893,317.1045227050781,323.39940156770996,1210800
2020-02-21 09:00:00+09:00,315.5307922363281,319.46509139139454,315.5307922363281,316.3176520673414,716300
2020-02-25 09:00:00+09:00,305.3015441894531,310.80956173926285,304.5146845394803,310.80956173926285,1756400
2020-02-26 09:00:00+09:00,302.9410095214844,304.51472905146613,299.00671069653004,300.5804302265118,1074100
2020-02-27 09:00:00+09:00,298.2198181152344,302.15411650725594,297.43295843683006,300.5803971504473,947500
2020-02-28 09:00:00+09:00,290.3511657714844,293.4986038828284,287.2037276601404,291.92488482715635,1621200
2020-03-02 09:00:00+09:00,294.2854919433594,296.6460707557393,284.0563170897132,284.0563170897132,1535300
2020-03-03 09:00:00+09:00,292.7117614746094,299.00663806546123,292.7117614746094,299.00663806546123,1692500
2020-03-04 09:00:00+09:00,286.4169006347656,287.99061986902257,283.2694621662517,284.8431814005087,1314200
2020-03-05 09:00:00+09:00,286.4169006347656,291.13805833753645,284.05632178338016,287.2037602518941,995300
2020-03-06 09:00:00+09:00,276.97454833984375,281.69570541381836,276.18768882751465,281.69570541381836,1481600
2020-03-09 09:00:00+09:00,261.23736572265625,270.6796801463667,259.66364665203787,270.6796801463667,1706200
2020-03-10 09:00:00+09:00,265.9585266113281,268.3191052498902,249.43447614139353,258.0899311494545,1770900
2020-03-11 09:00:00+09:00,260.4505615234375,269.1060182508025,260.4505615234375,265.9585794408516,1663500
2020-03-12 09:00:00+09:00,246.28707885742188,257.3031143334727,244.71335950370033,257.3031143334727,2217900
2020-03-13 09:00:00+09:00,235.27099609375,242.35273176212374,228.18926042537623,233.6972770563336,3125600
2020-03-16 09:00:00+09:00,234.4841766357422,242.35277316714294,232.91045732946205,238.41847490144255,2050100
2020-03-17 09:00:00+09:00,251.0082244873047,253.3688034009784,222.68127752322013,225.8287160747851,3138200
2020-03-18 09:00:00+09:00,254.1556854248047,264.38486161837267,247.86080776722437,252.58196601040962,1908500
2020-03-19 09:00:00+09:00,264.38482666015625,272.2534226917085,262.0242478506906,265.17168626331147,2290000
2020-03-23 09:00:00+09:00,283.2695007324219,287.2037993537055,265.95858679877387,268.31916597154407,2099800
2020-03-24 09:00:00+09:00,288.7774658203125,293.4986232996637,282.4825891811776,289.5643254002044,1519800
2020-03-25 09:00:00+09:00,292.7117614746094,297.4329189177483,287.9906040314705,295.0723401961788,1941800
2020-03-26 09:00:00+09:00,302.9410095214844,306.08844858144784,287.9906739866579,291.13811304662136,2193400
2020-03-27 09:00:00+09:00,321.8255310058594,321.8255310058594,304.51462224759797,313.9569361157406,2369900
2020-03-30 09:00:00+09:00,321.82562255859375,323.43073788307555,307.3795846382579,311.3923729494623,2124300
2020-03-31 09:00:00+09:00,313.7999572753906,326.64087624318154,309.787170097956,318.6153018883122,1665000
2020-04-01 09:00:00+09:00,297.74884033203125,311.39231819091134,294.53861024758885,304.9718580220266,1206500
2020-04-02 09:00:00+09:00,280.09259033203125,293.7360689441932,276.88236007034607,292.13095381335063,1194100
2020-04-03 09:00:00+09:00,280.8952331542969,310.58987208775113,278.4875597272601,304.9719674246652,1250200
2020-04-06 09:00:00+09:00,293.736083984375,296.94631441043373,276.8823742475666,279.29004706711066,1140900
2020-04-07 09:00:00+09:00,296.9462890625,304.97186444256755,289.7232712204392,300.156519214527,1119600
2020-04-08 09:00:00+09:00,301.76165771484375,302.5642153151492,293.73608171178944,300.1565425142329,1321400
2020-04-09 09:00:00+09:00,295.34124755859375,299.3540362482486,288.1182279172151,299.3540362482486,965300
2020-04-10 09:00:00+09:00,304.97186279296875,305.77442032663447,292.13094225431746,296.94628745631167,1223500
2020-04-13 09:00:00+09:00,299.35400390625,308.1821380697051,299.35400390625,302.5642345111428,653400
2020-04-14 09:00:00+09:00,299.35400390625,299.35400390625,293.7361003476877,299.35400390625,1348700
2020-04-15 09:00:00+09:00,292.1309509277344,299.35396894517834,290.52583581274683,296.14373871520326,1290000
2020-04-16 09:00:00+09:00,291.3284606933594,291.3284606933594,281.69776777787644,283.30288326379025,1282100
2020-04-17 09:00:00+09:00,289.7232971191406,296.1437579971271,288.118181899644,294.5386427776305,1138700
2020-04-20 09:00:00+09:00,296.1437683105469,297.7488835859428,290.52586484666114,290.52586484666114,796400
2020-04-21 09:00:00+09:00,292.1309509277344,293.7360660427219,288.9207206977593,290.52583581274683,884100
2020-04-22 09:00:00+09:00,296.1437683105469,298.5514412236407,288.9207495712652,289.7233072089632,972600
2020-04-23 09:00:00+09:00,301.76165771484375,303.36677291545465,293.73608171178944,296.1437545127057,821000
2020-04-24 09:00:00+09:00,305.77447509765625,309.7872634847646,298.5514560008612,304.1693597428129,1200500
2020-04-27 09:00:00+09:00,311.3923645019531,313.80003742336,305.7744610186705,309.78724922101526,1291200
2020-04-28 09:00:00+09:00,311.3923645019531,313.80003742336,306.5770186591394,309.78724922101526,764900
2020-04-30 09:00:00+09:00,308.9847106933594,320.2205183549361,308.9847106933594,319.41796066482345,1395900
2020-05-01 09:00:00+09:00,303.3667297363281,308.18207465277777,302.5641722502532,307.37951716670284,868200
2020-05-07 09:00:00+09:00,284.907958984375,291.3284200319102,282.5002860915493,290.52586240096826,1861600
2020-05-08 09:00:00+09:00,291.3284606933594,294.538691665187,287.3156719785748,290.52590295040244,1156500
2020-05-11 09:00:00+09:00,288.1181945800781,294.53865574063695,286.5130792899384,291.32842516035754,1055700
2020-05-12 09:00:00+09:00,280.8952331542969,288.1182534354074,280.0926753452846,287.3156956263951,823400
2020-05-13 09:00:00+09:00,280.09259033203125,283.30282059371643,275.2772449395035,276.88236007034607,990800
2020-05-14 09:00:00+09:00,271.2644348144531,280.09256730841463,269.65931981555104,276.8823373106104,990300
2020-05-15 09:00:00+09:00,278.4874572753906,278.4874572753906,272.8695546790571,273.67211219281904,854400
2020-05-18 09:00:00+09:00,283.3028259277344,283.3028259277344,273.67213496135247,274.47469254188434,726300
2020-05-19 09:00:00+09:00,291.3284606933594,293.7361339222301,287.3156719785748,290.52590295040244,1521700
2020-05-20 09:00:00+09:00,294.53863525390625,297.74886561089704,289.72328971842006,290.52584730766773,1028200
2020-05-21 09:00:00+09:00,292.1309509277344,295.34118115770946,290.52583581274683,295.34118115770946,748100
2020-05-22 09:00:00+09:00,289.7232971191406,293.7360851678822,287.3156242898957,292.9335275581339,744100
2020-05-25 09:00:00+09:00,294.53863525390625,294.53863525390625,289.72328971842006,291.32840489691546,389800
2020-05-26 09:00:00+09:00,301.76165771484375,302.5642153151492,291.3284089108731,296.1437545127057,881500
2020-05-27 09:00:00+09:00,309.7872619628906,310.5898196363696,303.3668005750587,304.97191592201665,1045100
2020-05-28 09:00:00+09:00,325.0358581542969,325.0358581542969,315.4051660608362,317.0102814097463,1607200
2020-05-29 09:00:00+09:00,319.4179382324219,328.2460722036697,319.4179382324219,319.4179382324219,2297600
2020-06-01 09:00:00+09:00,317.01025390625,321.02304193037975,312.99746588212025,318.6153691159019,763300
2020-06-02 09:00:00+09:00,322.6281433105469,324.23325845139533,319.41791302884985,321.02302816969836,958800
2020-06-03 09:00:00+09:00,328.2460021972656,328.2460021972656,323.4306574217556,325.0357723469256,998100
2020-06-04 09:00:00+09:00,328.2460021972656,337.0741342857006,327.4434447346806,337.0741342857006,1012500
2020-06-05 09:00:00+09:00,337.0741882324219,339.4818610055106,332.2588426862444,333.8639578683036,1473300
2020-06-08 09:00:00+09:00,345.9023132324219,349.91510108894647,338.67929509067756,342.69208294720215,1211400
2020-06-09 09:00:00+09:00,341.8895568847656,349.9151333374597,338.679326303688,349.9151333374597,853700
2020-06-10 09:00:00+09:00,339.4818420410156,343.49462977199687,339.4818420410156,342.69207222580064,675900
2020-06-11 09:00:00+09:00,340.2843933105469,344.2971809675109,332.2588179966189,333.0613755280117,1391000
2020-06-12 09:00:00+09:00,331.456298828125,336.27164457381207,326.640953082438,330.6537412038438,1262600
2020-06-15 09:00:00+09:00,321.02301025390625,333.06137313842777,321.02301025390625,330.65370056152346,992300
2020-06-16 09:00:00+09:00,340.2843933105469,341.8895083733325,325.8383577454765,333.0613755280117,1049700
2020-06-17 09:00:00+09:00,335.4690856933594,338.6793161784633,332.25885520825545,337.07420093591134,719200
2020-06-18 09:00:00+09:00,333.06134033203125,334.66645522519764,327.4434382059488,333.86389777861444,838500
2020-06-19 09:00:00+09:00,330.65374755859375,333.06142047770976,329.0486322791831,331.4563051982991,1287100
2020-06-22 09:00:00+09:00,338.67926025390625,339.4818177426596,331.4562428551263,332.25880034387956,673100
2020-06-23 09:00:00+09:00,339.4818420410156,342.69207222580064,329.85115148666057,334.6664967638381,1478800
2020-06-24 09:00:00+09:00,330.65374755859375,335.4690933968257,327.44351699977244,335.4690933968257,1037800
2020-06-25 09:00:00+09:00,319.4179382324219,325.0358416686705,317.81282296492225,322.6281687674211,1342500
2020-06-26 09:00:00+09:00,326.64093017578125,327.44348774378074,321.8255847677845,323.4306999037834,967000
2020-06-29 09:00:00+09:00,325.8384094238281,328.2460823998663,320.22050581307246,321.8256211304313,658400
2020-06-30 09:00:00+09:00,328.2460021972656,335.46901936053064,328.2460021972656,332.25878951019064,1372400
2020-07-01 09:00:00+09:00,325.0358581542969,332.25887722439234,323.4307428053868,330.65376187548225,822600
2020-07-02 09:00:00+09:00,325.8384094238281,331.4563130345838,324.2332941064694,324.2332941064694,1216000
2020-07-03 09:00:00+09:00,329.04864501953125,329.8512026903106,323.4307413240758,324.23329899485515,712600
2020-07-06 09:00:00+09:00,334.66650390625,337.074176596223,325.83837070968224,327.4434858363309,727800
2020-07-07 09:00:00+09:00,329.04864501953125,333.8639910442073,325.83841433641385,332.2588757026486,616300
2020-07-08 09:00:00+09:00,321.82562255859375,330.65375684324346,321.82562255859375,325.83841086979817,956600
2020-07-09 09:00:00+09:00,324.2332763671875,327.44350682626856,319.4179306785659,321.02304590810644,672700
2020-07-10 09:00:00+09:00,314.6025390625,320.2204415457589,313.79998156489154,320.2204415457589,1065400
2020-07-13 09:00:00+09:00,327.44354248046875,328.2461001826267,321.8256385653626,323.4307539696787,696200
2020-07-14 09:00:00+09:00,327.44354248046875,334.6665617998908,326.6409847783107,328.2461001826267,1039400
2020-07-15 09:00:00+09:00,330.65374755859375,333.86397811741506,326.64095936006714,332.2588628380044,802000
2020-07-16 09:00:00+09:00,332.2588195800781,337.0741647913836,332.2588195800781,333.0613771152957,880000
2020-07-17 09:00:00+09:00,329.04864501953125,332.2588757026486,327.44352967797255,329.04864501953125,783700
2020-07-20 09:00:00+09:00,333.86395263671875,336.2716253720797,328.2460495875432,328.2460495875432,557400
2020-07-21 09:00:00+09:00,336.27166748046875,338.67934051732175,331.45632140676275,332.2588790857138,875800
2020-07-22 09:00:00+09:00,330.65374755859375,340.2844392350577,330.65374755859375,340.2844392350577,628100
2020-07-27 09:00:00+09:00,334.66650390625,334.66650390625,325.0358131463579,325.83837070968224,772900
2020-07-28 09:00:00+09:00,332.2588195800781,333.8639346505133,327.4434743687726,330.653704509643,810500
2020-07-29 09:00:00+09:00,331.456298828125,334.6665293252497,329.0486259552815,332.2588564524062,435700
2020-07-30 09:00:00+09:00,326.64093017578125,333.06139071977697,325.83837260778176,332.2588331517775,550600
2020-07-31 09:00:00+09:00,312.9974670410156,326.6409463735727,312.9974670410156,325.8383887657752,1154000
2020-08-03 09:00:00+09:00,317.81280517578125,322.6281507087476,316.2076899981258,319.4179203534367,710500
2020-08-04 09:00:00+09:00,329.04864501953125,329.8512026903106,322.6281836532965,323.4307413240758,1146000
2020-08-05 09:00:00+09:00,325.0358581542969,328.2460888521171,321.0230697820216,325.8384158287519,958700
2020-08-06 09:00:00+09:00,319.4179382324219,325.0358416686705,317.0102653311725,323.4307264011709,762900
2020-08-07 09:00:00+09:00,318.6153869628906,320.2205022624518,314.60259871398773,317.0102716633295,1043400
2020-08-11 09:00:00+09:00,335.4690856933594,335.4690856933594,321.0230485103918,321.0230485103918,1508800
2020-08-12 09:00:00+09:00,340.2843933105469,341.0869508419397,335.4690481221901,335.4690481221901,1505600
2020-08-13 09:00:00+09:00,345.9023132324219,345.9023132324219,339.4818526619825,341.08696780459235,1410800
2020-08-14 09:00:00+09:00,334.66650390625,344.29719466614205,334.66650390625,344.29719466614205,1019100
2020-08-17 09:00:00+09:00,333.06134033203125,337.87668501153047,333.06134033203125,337.87668501153047,496800
2020-08-18 09:00:00+09:00,331.456298828125,333.86397170096853,329.0486259552815,330.6537412038438,668200
2020-08-19 09:00:00+09:00,329.04864501953125,332.2588757026486,328.24608734875187,329.8512026903106,478400
2020-08-20 09:00:00+09:00,327.44354248046875,330.6537732891008,327.44354248046875,329.04865788478475,535600
2020-08-21 09:00:00+09:00,325.8384094238281,331.4563130345838,324.2332941064694,329.0486400585457,472500
2020-08-24 09:00:00+09:00,325.8384094238281,328.2460823998663,325.8384094238281,325.8384094238281,447800
2020-08-25 09:00:00+09:00,330.65374755859375,334.6665357571204,329.85118991888845,333.86397811741506,694800
2020-08-26 09:00:00+09:00,331.456298828125,332.2588564524062,329.0486259552815,330.6537412038438,438600
2020-08-27 09:00:00+09:00,327.44354248046875,329.04865788478475,325.8384270761527,329.04865788478475,490100
2020-08-28 09:00:00+09:00,326.64093017578125,333.8639482877764,325.03581503978234,330.65371801577857,1421800
2020-08-31 09:00:00+09:00,329.04864501953125,333.8639910442073,327.44352967797255,331.4563180318693,877500
2020-09-01 09:00:00+09:00,329.04864501953125,331.4563180318693,325.83841433641385,326.6409720071932,789300
2020-09-02 09:00:00+09:00,329.04864501953125,333.8639910442073,329.04864501953125,329.8512026903106,533400
2020-09-03 09:00:00+09:00,325.8384094238281,334.66654366930135,325.8384094238281,334.66654366930135,874200
2020-09-04 09:00:00+09:00,331.456298828125,332.2588564524062,324.23328020959445,324.23328020959445,853700
2020-09-07 09:00:00+09:00,333.86395263671875,338.6792981074407,331.4562799013578,332.25883747981146,1102600
2020-09-08 09:00:00+09:00,335.4690856933594,336.27164331463536,331.4562975869795,333.8639704508074,881700
2020-09-09 09:00:00+09:00,329.04864501953125,332.2588757026486,325.83841433641385,329.04864501953125,1209700
2020-09-10 09:00:00+09:00,333.06134033203125,334.66645522519764,327.4434382059488,328.245995652532,832900
2020-09-11 09:00:00+09:00,338.67926025390625,341.08693272016626,331.4562428551263,333.0613578326329,1444800
2020-09-14 09:00:00+09:00,341.8895568847656,344.2972298205738,338.679326303688,339.48188394895743,787100
2020-09-15 09:00:00+09:00,342.692138671875,343.4946963736827,335.469119355606,341.88958097006736,870300
2020-09-16 09:00:00+09:00,342.692138671875,343.4946963736827,336.2716770574137,338.67935016283667,1021800
2020-09-17 09:00:00+09:00,344.2972106933594,351.5202290995138,343.49465309267555,345.0997682940432,1067400
2020-09-18 09:00:00+09:00,353.1253356933594,355.5330084367232,343.4946447199041,345.09975988214666,1435800
2020-09-23 09:00:00+09:00,337.87677001953125,344.29723120755085,337.0742123710288,342.6921159105459,1146800
2020-09-24 09:00:00+09:00,335.4690856933594,337.8767585571873,333.06141282953143,337.07420093591134,870500
2020-09-25 09:00:00+09:00,346.7049255371094,348.3100409331145,338.6793485570837,339.4819062550863,1364500
2020-09-28 09:00:00+09:00,357.940673828125,358.743231392762,349.91509818175444,349.91509818175444,1780000
2020-09-29 09:00:00+09:00,351.43267822265625,359.56769392225476,348.99217351277673,359.56769392225476,950700
2020-09-30 09:00:00+09:00,335.9761047363281,349.8056296286225,335.9761047363281,349.8056296286225,1458600
2020-10-02 09:00:00+09:00,334.3491516113281,342.4841674656183,332.72214844047005,339.23016112390223,1219600
2020-10-05 09:00:00+09:00,340.85711669921875,342.48411964289045,338.41661228371123,339.23011375554705,867600
2020-10-06 09:00:00+09:00,344.1111755371094,345.73817873113825,339.2301659550227,343.2976739400949,663000
2020-10-07 09:00:00+09:00,341.670654296875,343.2976574125744,338.4166480654762,341.670654296875,848700
2020-10-08 09:00:00+09:00,344.1111755371094,347.3651819251671,341.67067074606604,343.2976739400949,819900
2020-10-09 09:00:00+09:00,338.4166259765625,343.2976350050706,337.60312447181116,343.2976350050706,714200
2020-10-12 09:00:00+09:00,337.6031188964844,338.4166203878012,331.90860845726655,335.9761159138507,593800
2020-10-13 09:00:00+09:00,337.6031188964844,338.4166203878012,332.7221099485834,336.7896174051675,720200
2020-10-14 09:00:00+09:00,331.90863037109375,333.5356334611481,330.28162728103933,333.5356334611481,746800
2020-10-15 09:00:00+09:00,332.72210693359375,335.16261138542944,331.09510396570334,332.72210693359375,732100
2020-10-16 09:00:00+09:00,331.90863037109375,334.3491350061753,331.0951288260665,334.3491350061753,736400
2020-10-19 09:00:00+09:00,332.72210693359375,336.78961435331985,332.72210693359375,333.535608417539,751200
2020-10-20 09:00:00+09:00,323.7736511230469,331.90866748292245,323.7736511230469,330.2816642109473,895800
2020-10-21 09:00:00+09:00,325.40057373046875,328.65457946777343,323.7735708618164,327.8410780334473,774800
2020-10-22 09:00:00+09:00,319.70611572265625,322.9601219895535,318.0791125892076,322.9601219895535,850300
2020-10-23 09:00:00+09:00,324.587158203125,326.2141615023888,319.7061483053336,322.9601549038612,1023700
2020-10-26 09:00:00+09:00,322.1466064453125,325.4006125710227,318.89260031960225,324.58711103959513,573000
2020-10-27 09:00:00+09:00,320.5196228027344,322.96012754488714,315.6386133184288,319.70612122201675,715500
2020-10-28 09:00:00+09:00,317.2655944824219,321.3331021039914,314.01158838516625,321.3331021039914,1014900
2020-10-29 09:00:00+09:00,314.82513427734375,318.89264247214146,312.3846293604651,313.1981309994246,795400
2020-10-30 09:00:00+09:00,312.3846435546875,316.45215193430585,312.3846435546875,315.6386502583822,987800
2020-11-02 09:00:00+09:00,322.96014404296875,325.4006489097922,316.4521310647729,316.4521310647729,1162500
2020-11-04 09:00:00+09:00,324.587158203125,329.46816810091633,324.587158203125,327.02766315202064,1114300
2020-11-05 09:00:00+09:00,318.0790710449219,321.33307688681367,314.82506520303014,321.33307688681367,913700
2020-11-06 09:00:00+09:00,325.40057373046875,327.02757659912106,316.45205795288086,320.5195651245117,1014400
2020-11-09 09:00:00+09:00,318.892578125,327.02759287308675,317.26557517538265,327.02759287308675,1392600
2020-11-10 09:00:00+09:00,324.587158203125,333.5356763490758,315.6386400571742,328.65466645128447,2397700
2020-11-11 09:00:00+09:00,327.027587890625,330.281593740283,322.96008057855255,330.281593740283,1689000
2020-11-12 09:00:00+09:00,322.1466064453125,324.58711103959513,318.89260031960225,323.77360950816757,934600
2020-11-13 09:00:00+09:00,320.5196228027344,322.96012754488714,318.07911806058155,320.5196228027344,842600
2020-11-16 09:00:00+09:00,325.40057373046875,328.65457946777343,322.9600694274902,323.7735708618164,1227200
2020-11-17 09:00:00+09:00,322.1466064453125,327.0276156338778,319.7061018510298,325.4006125710227,1074900
2020-11-18 09:00:00+09:00,322.1466064453125,323.77360950816757,318.89260031960225,319.7061018510298,936500
2020-11-19 09:00:00+09:00,322.1466064453125,324.58711103959513,320.5196033824574,321.33310491388494,886700
2020-11-20 09:00:00+09:00,323.7736511230469,324.58715275903444,319.7061429431091,320.5196445790967,825300
2020-11-24 09:00:00+09:00,322.96014404296875,332.72216351026253,322.96014404296875,331.90866188798805,1353800
2020-11-25 09:00:00+09:00,317.2655944824219,327.0276127741887,315.63859143379403,325.4006097255609,1606400
2020-11-26 09:00:00+09:00,319.70611572265625,322.1466204228292,314.8251063223104,317.2656110224833,1085400
2020-11-27 09:00:00+09:00,318.0790710449219,322.1465783472866,316.452068123976,319.7060739658678,1574400
2020-11-30 09:00:00+09:00,301.8090515136719,315.63857678518787,301.8090515136719,314.0115738120683,1726600
2020-12-01 09:00:00+09:00,305.0631103515625,307.503615234375,298.55509733072915,303.4361070963542,1498100
2020-12-02 09:00:00+09:00,307.5035705566406,312.38457961309524,305.0630660284133,308.3170720660497,1598600
2020-12-03 09:00:00+09:00,309.130615234375,311.57112009148847,305.87660875822365,309.9441168534128,1321000
2020-12-04 09:00:00+09:00,305.8765869140625,313.1981009625374,303.43608223123755,308.31709159688745,1018100
2020-12-07 09:00:00+09:00,302.62255859375,310.757573609711,301.80905709215386,308.3170691049227,1099400
2020-12-08 09:00:00+09:00,296.9280700683594,305.0630856866706,296.9280700683594,299.3685747538527,1546600
2020-12-09 09:00:00+09:00,296.9280700683594,300.18207631568384,295.30106694469714,296.9280700683594,1166500
2020-12-10 09:00:00+09:00,291.2335510253906,297.74156333880717,291.2335510253906,295.301058721276,1283300
2020-12-11 09:00:00+09:00,296.1145324707031,297.7415353963663,292.0470251565451,292.0470251565451,1385700
2020-12-14 09:00:00+09:00,295.3009948730469,299.36850168948,293.6739921464736,293.6739921464736,1594500
2020-12-15 09:00:00+09:00,287.1660461425781,292.0470554254548,286.352544595432,291.23355387830867,1907300
2020-12-16 09:00:00+09:00,285.5390625,291.23357371794873,285.5390625,290.4200721153846,1093500
2020-12-17 09:00:00+09:00,282.2850646972656,286.35257283411386,279.8445598151567,284.72556957937456,1387500
2020-12-18 09:00:00+09:00,281.4715576171875,285.5390656752393,280.6580560055771,283.91206245201863,2356400
2020-12-21 09:00:00+09:00,283.0985412597656,284.725544370454,278.2175319277007,280.6580365937332,1868500
2020-12-22 09:00:00+09:00,279.031005859375,281.471510283801,277.40400290975765,280.65800880899235,1537500
2020-12-23 09:00:00+09:00,273.3365478515625,276.5905543736049,269.26903969900945,276.5905543736049,1802400
2020-12-24 09:00:00+09:00,279.031005859375,281.471510283801,278.2175043845663,279.031005859375,1579600
2020-12-25 09:00:00+09:00,279.84454345703125,281.47154661666514,279.0310418772143,279.0310418772143,540300
2020-12-28 09:00:00+09:00,279.84454345703125,281.47154661666514,277.40403871758036,280.6580450368482,1013700
2020-12-29 09:00:00+09:00,283.91204833984375,284.7255499110181,281.47154362632074,283.0985467686694,1235600
2020-12-30 09:00:00+09:00,279.031005859375,283.91201470822705,278.2175043845663,281.471510283801,1289800
2021-01-04 09:00:00+09:00,274.9635314941406,280.6580425014157,271.70952520426914,280.6580425014157,1024900
2021-01-05 09:00:00+09:00,275.7770080566406,279.0310140514093,274.15000505925633,279.0310140514093,1113500
2021-01-06 09:00:00+09:00,282.2850646972656,284.72556957937456,275.7770516783085,275.7770516783085,1126100
2021-01-07 09:00:00+09:00,287.1660461425781,292.86055697260093,287.1660461425781,287.1660461425781,1580700
2021-01-08 09:00:00+09:00,292.0470886230469,292.86059026266537,286.35257714571725,287.1660787853358,1123200
2021-01-12 09:00:00+09:00,291.2335510253906,295.301058721276,288.79304640785944,289.6065479470365,1176900
2021-01-13 09:00:00+09:00,292.8605651855469,294.4875683254666,290.4200604756673,292.04706361558704,884300
2021-01-14 09:00:00+09:00,295.3009948730469,296.1144962363335,292.04698941990034,292.04698941990034,826100
2021-01-15 09:00:00+09:00,289.6065979003906,292.8606046183725,289.6065979003906,292.04710293887706,982800
2021-01-18 09:00:00+09:00,291.2335510253906,292.8605541037448,285.53904025115116,286.35254179032825,742500
2021-01-19 09:00:00+09:00,286.3525695800781,292.04708090695465,285.5390679619529,290.42007767070425,999900
2021-01-20 09:00:00+09:00,283.91204833984375,286.35255305336676,279.8445404839721,285.5390514821924,1108900
2021-01-21 09:00:00+09:00,279.031005859375,283.91201470822705,278.2175043845663,279.8445073341837,1336700
2021-01-22 09:00:00+09:00,278.2174987792969,278.2174987792969,272.5229885703639,275.7769944040399,1204500
2021-01-25 09:00:00+09:00,274.9635314941406,278.2175377840121,273.3365283492049,276.5905346390764,1077300
2021-01-26 09:00:00+09:00,275.7770080566406,280.65801704879357,274.15000505925633,280.65801704879357,1119300
2021-01-27 09:00:00+09:00,278.2174987792969,280.65800315455385,276.59049586245885,278.2174987792969,1050400
2021-01-28 09:00:00+09:00,275.7770080566406,280.65801704879357,274.9635065579485,274.9635065579485,2743900
2021-01-29 09:00:00+09:00,272.5230407714844,277.4040504569438,272.5230407714844,276.59054884270057,1170700
2021-02-01 09:00:00+09:00,279.84454345703125,283.91205135611597,274.96353397812953,275.7770355579465,1235600
2021-02-02 09:00:00+09:00,281.4715576171875,281.4715576171875,276.5905479475253,281.4715576171875,977000
2021-02-03 09:00:00+09:00,283.91204833984375,286.35255305336676,281.47154362632074,285.5390514821924,1196700
2021-02-04 09:00:00+09:00,286.3525695800781,287.1660711982033,283.0985631075772,283.91206472570246,923600
2021-02-05 09:00:00+09:00,290.4200134277344,292.86051774225314,287.9795091132156,288.79301055138853,999800
2021-02-08 09:00:00+09:00,300.9955749511719,301.80907650509397,290.42005475018476,290.42005475018476,1274200
2021-02-09 09:00:00+09:00,297.7415771484375,302.62258660988726,294.4875708408043,302.62258660988726,894800
2021-02-10 09:00:00+09:00,296.1145324707031,300.9955412476927,294.48752954503993,297.7415353963663,581800
2021-02-12 09:00:00+09:00,295.3009948730469,298.5550003261934,293.6739921464736,295.3009948730469,497500
2021-02-15 09:00:00+09:00,300.18206787109375,300.99556941003976,296.9280617153095,298.5550647932016,549100
2021-02-16 09:00:00+09:00,304.2496032714844,309.94411456266187,298.5550919803069,300.9955968193829,1123200
2021-02-17 09:00:00+09:00,304.2496032714844,307.5036097235858,301.8090984324083,305.8766064975351,678900
2021-02-18 09:00:00+09:00,296.1145324707031,302.62254417335595,294.48752954503993,302.62254417335595,942800
2021-02-19 09:00:00+09:00,292.0470886230469,296.11459682113946,289.60658370419134,295.3010951815209,828600
2021-02-22 09:00:00+09:00,297.7415771484375,300.9955834560707,295.3010724177126,297.7415771484375,576400
2021-02-24 09:00:00+09:00,296.1145324707031,300.1820397848611,293.6740280822083,299.3685383220295,831600
2021-02-25 09:00:00+09:00,296.9280700683594,300.99557787751496,295.30106694469714,300.99557787751496,741400
2021-02-26 09:00:00+09:00,285.5390625,296.9280849358974,285.5390625,296.1145833333333,1444600
2021-03-01 09:00:00+09:00,296.1145324707031,296.1145324707031,285.53901345389227,285.53901345389227,925500
2021-03-02 09:00:00+09:00,296.9280700683594,297.7415716301905,292.86056225920373,296.9280700683594,750000
2021-03-03 09:00:00+09:00,298.5550537109375,299.36855521968664,295.30104767594094,297.74155220218836,737100
2021-03-04 09:00:00+09:00,301.8090515136719,302.6225530002317,296.11454110775355,300.1820485405524,891100
2021-03-05 09:00:00+09:00,300.9955749511719,305.0630827207823,297.7415687354835,305.0630827207823,974900
2021-03-08 09:00:00+09:00,305.0631103515625,307.503615234375,301.8091038411458,305.0631103515625,987800
2021-03-09 09:00:00+09:00,313.1981201171875,315.63862494926946,307.5036088423295,308.31711045302353,1395000
2021-03-10 09:00:00+09:00,314.82513427734375,315.63863591630326,308.3171211656674,309.9441244435865,1348300
2021-03-11 09:00:00+09:00,322.1466064453125,322.96010797674006,316.45209572531957,318.0790987881747,1305600
2021-03-12 09:00:00+09:00,318.892578125,318.892578125,310.7575633769133,318.0790766501913,1807200
2021-03-15 09:00:00+09:00,329.4681091308594,329.4681091308594,322.1465955946181,322.9600970986449,1185600
2021-03-16 09:00:00+09:00,327.84112548828125,331.09513169660164,323.7736177278807,325.40062083204094,901700
2021-03-17 09:00:00+09:00,332.72210693359375,332.72210693359375,323.7735906101964,324.5870920941416,860400
2021-03-18 09:00:00+09:00,338.4166259765625,339.23012748131384,331.09511243380035,332.72211544330304,1945500
2021-03-19 09:00:00+09:00,351.43267822265625,360.38119549221466,339.2301546732585,340.85715781317816,3803500
2021-03-22 09:00:00+09:00,355.5001525878906,359.5676600545713,349.8056421345377,353.87314960121836,1637500
2021-03-23 09:00:00+09:00,344.9247131347656,356.3137366816683,344.11121145284403,354.68673331782503,1298900
2021-03-24 09:00:00+09:00,333.53564453125,341.6706602515244,332.72214295922254,337.6031523913872,1584200
2021-03-25 09:00:00+09:00,340.04364013671875,345.7381508567116,336.7896340110085,336.7896340110085,1424600
2021-03-26 09:00:00+09:00,345.7381896972656,348.992196188534,340.85717996036306,345.7381896972656,1174600
2021-03-29 09:00:00+09:00,344.1111755371094,349.80568671621046,339.2301659550227,349.80568671621046,1493600
2021-03-30 09:00:00+09:00,346.59869384765625,348.25706080386516,335.81930863229854,344.1111434133429,1199200
2021-03-31 09:00:00+09:00,334.16094970703125,340.79441769128994,334.16094970703125,339.9652341932576,1091100
2021-04-01 09:00:00+09:00,330.8442687988281,337.47773784742617,330.0150851677534,333.3318196920524,880100
2021-04-02 09:00:00+09:00,330.8442687988281,336.64855421635144,326.6983506434544,333.3318196920524,644900
2021-04-05 09:00:00+09:00,335.8193054199219,337.47767236026715,330.844204598886,331.67338806905866,1221500
2021-04-06 09:00:00+09:00,321.7231750488281,332.50255977984557,321.7231750488281,332.50255977984557,1088500
2021-04-07 09:00:00+09:00,320.0648498535156,325.03995114657545,319.2356663046723,321.72321695120223,715800
2021-04-08 09:00:00+09:00,309.28546142578125,320.89403102353174,305.9687272549954,319.2356639381388,1124900
2021-04-09 09:00:00+09:00,310.1146545410156,315.0897559507645,307.6271038361412,310.94383810930714,917100
2021-04-12 09:00:00+09:00,313.4313659667969,316.74809999819155,309.28544842755355,311.77299895109957,772600
2021-04-13 09:00:00+09:00,310.1146545410156,315.0897559507645,309.28547097272417,311.7730216775986,710800
2021-04-14 09:00:00+09:00,310.1146545410156,311.7730216775986,304.3103695629752,306.7979202678497,987700
2021-04-15 09:00:00+09:00,311.77301025390625,316.7481114813622,310.1146431780876,313.4313773297249,537100
2021-04-16 09:00:00+09:00,315.9189453125,317.57731247949476,310.94384381151576,311.7730273950131,707900
2021-04-19 09:00:00+09:00,310.94384765625,314.26058203124995,308.45629687499996,314.26058203124995,629400
2021-04-20 09:00:00+09:00,307.6270751953125,312.60217614186746,305.13952472203505,310.9438091596825,955000
2021-04-21 09:00:00+09:00,305.1395263671875,305.96870986275053,300.99360888937247,302.65197588049847,1185900
2021-04-22 09:00:00+09:00,308.4562683105469,312.602185895366,305.1395342426915,310.11463534447455,961100
2021-04-23 09:00:00+09:00,307.6270751953125,311.77299265077494,306.79789170422004,306.79789170422004,1007400
2021-04-26 09:00:00+09:00,304.3103332519531,310.1146175374127,304.3103332519531,309.28543406806136,775300
2021-04-27 09:00:00+09:00,309.28546142578125,310.1146449684777,304.31036016960246,304.31036016960246,908200
2021-04-28 09:00:00+09:00,306.79791259765625,312.6021974305849,305.1395455025338,310.94383033546245,933000
2021-04-30 09:00:00+09:00,309.28546142578125,311.7730120538706,307.6270943403883,309.28546142578125,952100
2021-05-06 09:00:00+09:00,327.5274963378906,330.01504694298853,317.57729391749905,319.2356609875643,2234000
2021-05-07 09:00:00+09:00,329.1858825683594,333.33180048483746,328.35669898506376,328.35669898506376,1472700
2021-05-10 09:00:00+09:00,331.6733703613281,334.16092063903807,327.52745323181153,329.1858200836181,1218100
2021-05-11 09:00:00+09:00,321.7231750488281,334.99011010238803,319.23562472628566,330.0150094573031,1561500
2021-05-12 09:00:00+09:00,317.5773010253906,324.2107694541194,313.43138325743513,320.894035239755,1499900
2021-05-13 09:00:00+09:00,310.1146545410156,319.235673792222,310.1146545410156,315.91893951905604,1319800
2021-05-14 09:00:00+09:00,318.4065246582031,319.23570831616723,314.2606063683828,315.9189736843109,1097300
2021-05-17 09:00:00+09:00,319.2356872558594,321.72323806564526,314.26058563628754,318.4065036525974,629100
2021-05-18 09:00:00+09:00,324.2107238769531,328.3566410620804,320.8939901288513,325.0399073139786,912600
2021-05-19 09:00:00+09:00,316.7480773925781,323.3815449819515,315.0897104952348,319.2356277385931,944600
2021-05-20 09:00:00+09:00,320.8940734863281,324.2108080960059,315.91897157181137,315.91897157181137,948000
2021-05-21 09:00:00+09:00,324.2107238769531,325.0399073139786,320.0648066918259,320.0648066918259,792300
2021-05-24 09:00:00+09:00,328.3566589355469,328.3566589355469,324.2107415247445,324.2107415247445,635800
2021-05-25 09:00:00+09:00,324.2107238769531,328.3566410620804,320.8939901288513,326.69827418802953,914000
2021-05-26 09:00:00+09:00,315.9189453125,321.72323039698165,315.9189453125,320.0648632299869,784000
2021-05-27 09:00:00+09:00,305.1395263671875,316.7480953050696,302.65197588049847,315.0897283139436,2356100
2021-05-28 09:00:00+09:00,315.9189453125,315.9189453125,310.11466022801835,311.7730273950131,1299300
2021-05-31 09:00:00+09:00,307.6270751953125,312.60217614186746,305.13952472203505,311.77299265077494,1426000
2021-06-01 09:00:00+09:00,307.6270751953125,309.2854421774975,302.6519742487576,307.6270751953125,1019200
2021-06-02 09:00:00+09:00,307.6270751953125,310.11462566858995,304.3103412309426,308.456258686405,1286900
2021-06-03 09:00:00+09:00,306.79791259765625,311.7730138830237,304.31036195497256,305.1395455025338,828900
2021-06-04 09:00:00+09:00,305.9687194824219,307.62708652568705,303.48116891752414,305.13953596078926,766000
2021-06-07 09:00:00+09:00,300.1644287109375,304.31034623456924,299.33524520621114,303.4811627298429,1175400
2021-06-08 09:00:00+09:00,303.4811706542969,303.4811706542969,298.5060694960297,300.9936200751633,987400
2021-06-09 09:00:00+09:00,299.3352355957031,304.3103364643298,298.5060521175987,302.6519695081209,641200
2021-06-10 09:00:00+09:00,300.1644287109375,301.8227957203902,297.6768781967585,298.50606170148484,1027000
2021-06-11 09:00:00+09:00,298.5060729980469,300.16444007025825,294.36015531751843,299.33525653415256,1678800
2021-06-14 09:00:00+09:00,296.8476867675781,301.82278766312413,296.8476867675781,300.99360418053317,593300
2021-06-15 09:00:00+09:00,300.1644287109375,300.99361221566386,297.6768781967585,297.6768781967585,559100
2021-06-16 09:00:00+09:00,300.9935607910156,302.6519275171369,300.164377427955,300.9935607910156,582900
2021-06-17 09:00:00+09:00,300.1644287109375,306.7978967487483,298.50606170148484,303.4811627298429,861600
2021-06-18 09:00:00+09:00,297.6769104003906,300.16446118368077,296.01854321153047,298.5060939948207,1084900
2021-06-21 09:00:00+09:00,293.5309753417969,296.0185259802867,292.70179179563365,295.18934243412343,1726700
2021-06-22 09:00:00+09:00,304.3103332519531,305.96870019065585,300.9935993745476,300.9935993745476,1607000
2021-06-23 09:00:00+09:00,300.9935607910156,305.13947760631885,300.164377427955,302.6519275171369,857800
2021-06-24 09:00:00+09:00,300.9935607910156,304.3102942432582,299.3351940648943,299.3351940648943,763700
2021-06-25 09:00:00+09:00,304.3103332519531,305.13951672130446,302.6519663132504,305.13951672130446,567100
2021-06-28 09:00:00+09:00,305.9687194824219,307.62708652568705,303.48116891752414,305.13953596078926,851000
2021-06-29 09:00:00+09:00,301.8227844238281,304.31033484490365,300.9936009501363,302.65196789751997,918100
2021-06-30 09:00:00+09:00,296.8476867675781,304.31033811089713,296.01850328498716,301.82278766312413,1397500
2021-07-01 09:00:00+09:00,295.18939208984375,300.16449420371754,295.18939208984375,299.3353105180719,1295000
2021-07-02 09:00:00+09:00,300.1644287109375,301.8227957203902,296.01851118730576,296.8476946920321,1250500
2021-07-05 09:00:00+09:00,296.01849365234375,298.5060440191702,296.01849365234375,296.84767710795256,742800
2021-07-06 09:00:00+09:00,298.5060729980469,302.6519906785753,296.8477059258355,302.6519906785753,687900
2021-07-07 09:00:00+09:00,292.7017822265625,296.0185163027842,292.7017822265625,294.36014926467334,1237400
2021-07-08 09:00:00+09:00,290.21429443359375,294.36021292550225,290.21429443359375,292.70184552873883,1204600
2021-07-09 09:00:00+09:00,291.87261962890625,291.87261962890625,285.23915100097656,286.0683345794678,1888500
2021-07-12 09:00:00+09:00,297.6769104003906,300.16446118368077,295.1893596171004,296.01854321153047,1561600
2021-07-13 09:00:00+09:00,302.6519775390625,302.6519775390625,299.3352435386344,300.9936105388485,1191900
2021-07-14 09:00:00+09:00,302.6519775390625,304.31034453927657,298.5060600385274,299.3352435386344,1179700
2021-07-15 09:00:00+09:00,296.8476867675781,304.31033811089713,296.01850328498716,303.4811546283061,952100
2021-07-16 09:00:00+09:00,294.36016845703125,298.5060863226232,294.36016845703125,297.67690274950485,896800
2021-07-19 09:00:00+09:00,291.87261962890625,292.70180320739746,287.7267017364502,292.70180320739746,1132500
2021-07-20 09:00:00+09:00,288.5558776855469,290.2142447986822,286.06832701584386,286.06832701584386,1083600
2021-07-21 09:00:00+09:00,291.0434265136719,295.1893442702769,290.2142429623509,292.70179361631386,1064600
2021-07-26 09:00:00+09:00,292.7017822265625,297.676883340895,291.8725987075071,297.676883340895,756700
2021-07-27 09:00:00+09:00,298.5060729980469,299.33525653415256,294.36015531751843,295.1893388536241,1131600
2021-07-28 09:00:00+09:00,298.5060729980469,299.33525653415256,294.36015531751843,294.36015531751843,1045800
2021-07-29 09:00:00+09:00,296.01849365234375,299.33522747477895,295.18931019673494,297.6768605635614,1146000
2021-07-30 09:00:00+09:00,293.5309753417969,298.5060766187765,293.5309753417969,296.84770952645,1185000
2021-08-02 09:00:00+09:00,304.3103332519531,305.13951672130446,295.18931508908804,298.5060489664935,1260300
2021-08-03 09:00:00+09:00,297.6769104003906,300.9936447781108,295.1893596171004,300.16446118368077,1121800
2021-08-04 09:00:00+09:00,296.8476867675781,298.50605373276017,295.18931980239614,296.8476867675781,933200
2021-08-05 09:00:00+09:00,300.1644287109375,300.99361221566386,294.3601441778531,294.3601441778531,606400
2021-08-06 09:00:00+09:00,300.1644287109375,300.99361221566386,296.8476946920321,298.50606170148484,645000
2021-08-10 09:00:00+09:00,300.1644287109375,304.31034623456924,299.33524520621114,300.99361221566386,1158300
2021-08-11 09:00:00+09:00,305.1395263671875,306.7978933583135,302.65197588049847,303.4811593760615,840500
2021-08-12 09:00:00+09:00,309.28546142578125,309.28546142578125,305.9687272549954,306.7979107976918,828700
2021-08-13 09:00:00+09:00,308.4562683105469,311.7730023784022,305.1395342426915,305.96871775965536,749900
2021-08-16 09:00:00+09:00,300.9935607910156,305.13947760631885,299.3351940648943,305.13947760631885,1162500
2021-08-17 09:00:00+09:00,302.6519775390625,304.31034453927657,299.3352435386344,303.48116103916954,600600
2021-08-18 09:00:00+09:00,306.79791259765625,311.7730138830237,303.48117840741133,304.31036195497256,1370800
2021-08-19 09:00:00+09:00,305.1395263671875,305.96870986275053,302.65197588049847,302.65197588049847,1032700
2021-08-20 09:00:00+09:00,307.6270751953125,308.456258686405,302.6519742487576,302.6519742487576,755900
2021-08-23 09:00:00+09:00,307.6270751953125,315.0897266151449,307.6270751953125,311.77299265077494,1346300
2021-08-24 09:00:00+09:00,308.4562683105469,310.9438188614384,306.7979012766192,307.62708479358304,768000
2021-08-25 09:00:00+09:00,308.4562683105469,312.602185895366,307.62708479358304,311.7730023784022,706200
2021-08-26 09:00:00+09:00,315.0897521972656,315.9189357556795,309.28546728836864,310.11465084678247,965500
2021-08-27 09:00:00+09:00,313.4313659667969,315.9189164903429,311.77299895109957,312.6021824589482,639200
2021-08-30 09:00:00+09:00,318.4065246582031,320.0648919741313,316.748157342275,319.23570831616723,790800
2021-08-31 09:00:00+09:00,314.2605895996094,317.5773240544865,310.11467153101296,311.7730387584515,1157300
2021-09-01 09:00:00+09:00,314.2605895996094,315.91895682704796,310.94385514473225,311.7730387584515,948100
2021-09-02 09:00:00+09:00,316.7480773925781,317.5772608412498,313.43134359789144,315.9188939439065,702000
2021-09-03 09:00:00+09:00,320.8940734863281,322.552440791167,316.74815522423086,317.5773388766503,1331900
2021-09-06 09:00:00+09:00,318.4065246582031,322.5524429480235,317.5773410002391,321.72325929005945,1121900
2021-09-07 09:00:00+09:00,320.8940734863281,324.2108080960059,317.5773388766503,321.72325713874756,1034200
2021-09-08 09:00:00+09:00,325.869140625,326.6983241889313,322.55240636927476,324.2107734971374,1012900
2021-09-09 09:00:00+09:00,321.7231750488281,325.03990881221813,319.23562472628566,322.5523584896756,753900
2021-09-10 09:00:00+09:00,329.1858825683594,329.1858825683594,322.55241390199444,323.38159748529006,1614300
2021-09-13 09:00:00+09:00,334.9901428222656,335.81932634410293,327.52749112573,330.8442252130792,1127300
2021-09-14 09:00:00+09:00,338.306884765625,338.306884765625,334.9901506012561,335.81933414234834,1503200
2021-09-15 09:00:00+09:00,331.6733703613281,333.3317372131348,330.8441869354248,332.5025537872314,1037100
2021-09-16 09:00:00+09:00,336.64849853515625,337.4776820290852,334.1609480533694,335.8193150412273,861200
2021-09-17 09:00:00+09:00,335.8193054199219,338.3068558304398,332.50257153923127,334.9901219497492,2128000
2021-09-21 09:00:00+09:00,329.1858825683594,332.50261690154184,327.52751540176814,329.1858825683594,1293800
2021-09-22 09:00:00+09:00,323.3815612792969,331.6733961838942,323.3815612792969,331.6733961838942,1454600
2021-09-24 09:00:00+09:00,336.64849853515625,339.96523251087206,333.33176455944044,333.33176455944044,1844500
2021-09-27 09:00:00+09:00,336.64849853515625,340.79441600480106,335.8193150412273,339.1360490169431,1325500
2021-09-28 09:00:00+09:00,340.79443359375,341.62361713047443,337.47769944685217,339.96525005702557,1747600
2021-09-29 09:00:00+09:00,335.74566650390625,335.74566650390625,329.8553916529605,335.74566650390625,1798600
2021-09-30 09:00:00+09:00,335.74566650390625,340.79447351900257,334.9041986680569,335.74566650390625,1038300
2021-10-01 09:00:00+09:00,327.3309631347656,334.90417307875765,324.80655982010165,334.062705307203,1672400
2021-10-04 09:00:00+09:00,330.6968078613281,333.2212109747734,327.3309370434011,332.3797432702916,887400
2021-10-05 09:00:00+09:00,329.0138854980469,333.2212241872802,327.33095002235353,329.0138854980469,1353300
2021-10-06 09:00:00+09:00,337.4285888671875,339.11152447251015,332.3797820512196,332.3797820512196,1823000
2021-10-07 09:00:00+09:00,340.7944030761719,341.6358707380884,335.74559710467304,337.428532428506,1091900
2021-10-08 09:00:00+09:00,339.9529113769531,342.4773141842077,338.26997617211674,341.63584658178956,775300
2021-10-11 09:00:00+09:00,342.47735595703125,343.3188236620854,340.794420546923,341.6358882519771,720400
2021-10-12 09:00:00+09:00,339.9529113769531,340.79437897937134,337.4285085696985,340.79437897937134,609700
2021-10-13 09:00:00+09:00,334.9041748046875,336.58711035646985,330.6968359252316,336.58711035646985,929600
2021-10-14 09:00:00+09:00,332.3797607421875,332.3797607421875,327.33095424990114,331.53829299347314,1048300
2021-10-15 09:00:00+09:00,333.22119140625,334.90412671638256,329.8553207859848,331.53825609611744,1032600
2021-10-18 09:00:00+09:00,334.0627136230469,338.27005258555374,330.69684245304137,337.4285847930524,787100
2021-10-19 09:00:00+09:00,329.8553161621094,333.2211867351921,329.8553161621094,330.69678380538005,834700
2021-10-20 09:00:00+09:00,332.3797607421875,337.4285672344739,331.53829299347314,332.3797607421875,1242700
2021-10-21 09:00:00+09:00,331.53826904296875,332.3797367308951,329.85533366711616,331.53826904296875,964200
2021-10-22 09:00:00+09:00,329.0138854980469,331.53828871158686,328.1724177602002,329.8553532358935,924400
2021-10-25 09:00:00+09:00,330.6968078613281,334.0626786792551,330.6968078613281,331.53827556580984,1452300
2021-10-26 09:00:00+09:00,326.48944091796875,329.85531144289627,325.6479732867368,329.01384381166434,1084700
2021-10-27 09:00:00+09:00,323.965087890625,327.3309589336445,323.1236201298701,326.48949117288964,795600
2021-10-28 09:00:00+09:00,322.28216552734375,323.96510111756487,317.23335875668045,318.9162943469015,1026500
2021-10-29 09:00:00+09:00,320.5992431640625,320.5992431640625,315.55043618510086,319.7577753342356,1173500
2021-11-01 09:00:00+09:00,324.8065490722656,326.4894845596867,321.4406780974235,323.9650813285551,1182600
2021-11-02 09:00:00+09:00,318.07476806640625,323.1235739087302,317.23330042601896,320.5991709875682,1199800
2021-11-04 09:00:00+09:00,322.28216552734375,323.12363332245434,319.7577621420121,321.4406977322332,2397700
2021-11-05 09:00:00+09:00,317.23333740234375,318.9162728792793,313.8674664484727,318.9162728792793,1330300
2021-11-08 09:00:00+09:00,315.5504150390625,318.074818359375,314.708947265625,317.2333505859375,659900
2021-11-09 09:00:00+09:00,308.81866455078125,317.2333420589769,308.81866455078125,315.5504065573378,1109600
2021-11-10 09:00:00+09:00,310.5016174316406,313.0260208253938,310.5016174316406,311.34308522955837,822300
2021-11-11 09:00:00+09:00,310.5016174316406,311.34308522955837,308.8186818358052,309.66014963372294,912600
2021-11-12 09:00:00+09:00,313.86749267578125,315.55042829334576,308.8186858230877,308.8186858230877,825400
2021-11-15 09:00:00+09:00,313.0260009765625,316.3918719548051,312.18453323200185,314.7089364656838,667800
2021-11-16 09:00:00+09:00,315.5504150390625,322.2821572265625,315.5504150390625,319.75775390625,1244600
2021-11-17 09:00:00+09:00,313.86749267578125,316.391896102128,313.02602486699897,313.86749267578125,1034300
2021-11-18 09:00:00+09:00,311.34307861328125,313.86748195338896,308.8186752731736,312.18454639331713,748800
2021-11-19 09:00:00+09:00,313.86749267578125,316.391896102128,311.34308924943446,316.391896102128,982500
2021-11-22 09:00:00+09:00,313.0260009765625,313.86746872112315,310.50159774288056,312.18453323200185,686000
2021-11-24 09:00:00+09:00,310.5016174316406,317.23335981498246,310.5016174316406,315.550424219147,1455500
2021-11-25 09:00:00+09:00,311.34307861328125,313.86748195338896,310.50161083324537,311.34307861328125,537200
2021-11-26 09:00:00+09:00,309.6601257324219,311.34306119835895,306.2942548005477,309.6601257324219,1067800
2021-11-29 09:00:00+09:00,301.2454528808594,307.97719484467746,301.2454528808594,306.2942593537229,2212800
2021-11-30 09:00:00+09:00,299.5625305175781,308.8186761234584,299.5625305175781,302.92840164698913,1844300
2021-12-01 09:00:00+09:00,302.92840576171875,303.7698735555013,295.3551956176758,295.3551956176758,1301900
2021-12-02 09:00:00+09:00,304.6112976074219,307.9771682992166,299.5624915697298,299.5624915697298,1333600
2021-12-03 09:00:00+09:00,310.5016174316406,310.5016174316406,305.4528106441343,308.8186818358052,943400
2021-12-06 09:00:00+09:00,310.5016174316406,313.86748862331154,309.66014963372294,311.34308522955837,792700
2021-12-07 09:00:00+09:00,317.23333740234375,318.0748051408115,313.025998710005,314.7089341869405,1018200
2021-12-08 09:00:00+09:00,315.5504150390625,320.5992216796875,314.708947265625,316.3918828125,904000
2021-12-09 09:00:00+09:00,313.86749267578125,317.23336391091027,313.86749267578125,314.7089604845635,553900
2021-12-10 09:00:00+09:00,315.5504150390625,317.2333505859375,314.708947265625,317.2333505859375,895600
2021-12-13 09:00:00+09:00,313.86749267578125,318.0748317196925,313.86749267578125,318.0748317196925,646600
2021-12-14 09:00:00+09:00,317.23333740234375,317.23333740234375,314.7089341869405,315.55040192540827,965200
2021-12-15 09:00:00+09:00,317.23333740234375,318.9162728792793,315.55040192540827,316.39186966387604,843300
2021-12-16 09:00:00+09:00,321.440673828125,322.2821415606594,316.39186743291884,317.23333516545324,975900
2021-12-17 09:00:00+09:00,319.75775146484375,324.8065580669202,318.91628369783103,323.12362253289473,1713100
2021-12-20 09:00:00+09:00,313.0260009765625,316.3918719548051,313.0260009765625,314.7089364656838,1352500
2021-12-21 09:00:00+09:00,320.5992431640625,323.96511448337026,315.55043618510086,317.23337184475474,1189500
2021-12-22 09:00:00+09:00,320.5992431640625,322.2821788237164,319.7577753342356,321.4407109938894,724200
2021-12-23 09:00:00+09:00,320.5992431640625,323.1236466535433,319.7577753342356,323.1236466535433,470500
2021-12-24 09:00:00+09:00,318.07476806640625,322.28210626834283,318.07476806640625,320.5991709875682,403600
2021-12-27 09:00:00+09:00,320.5992431640625,322.2821788237164,318.9163075044086,318.9163075044086,557400
2021-12-28 09:00:00+09:00,326.48944091796875,326.48944091796875,320.5991674993456,321.44063513057745,701400
2021-12-29 09:00:00+09:00,332.3797607421875,332.3797607421875,326.4894865011867,326.4894865011867,960300
2021-12-30 09:00:00+09:00,330.6968078613281,332.3797432702916,329.0138724523646,329.0138724523646,665800
2022-01-04 09:00:00+09:00,329.8553161621094,335.74558966500416,329.01384851883864,334.0626543784628,1719500
2022-01-05 09:00:00+09:00,335.74566650390625,335.74566650390625,330.69685948880993,334.0627308322075,1488000
2022-01-06 09:00:00+09:00,334.0627136230469,337.4285847930524,331.53831024554273,334.0627136230469,1330600
2022-01-07 09:00:00+09:00,342.47735595703125,345.84322677724776,334.9041466115441,334.9041466115441,2431800
2022-01-11 09:00:00+09:00,354.2579040527344,354.2579040527344,345.0017592912615,349.20909781920375,1610100
2022-01-12 09:00:00+09:00,353.41644287109375,357.623781476702,351.73350742885043,354.2579105922154,1129800
2022-01-13 09:00:00+09:00,354.2579040527344,355.9408394639113,350.0505655247922,352.5749686415575,1194200
2022-01-14 09:00:00+09:00,351.73345947265625,353.41639468544406,347.52612144068667,351.73345947265625,1068700
2022-01-17 09:00:00+09:00,354.2579040527344,356.78230716949975,351.73350093596906,352.5749686415575,723600
2022-01-18 09:00:00+09:00,345.84326171875,358.46527856979924,345.00179392868006,353.41647182937953,1195900
2022-01-19 09:00:00+09:00,337.4285888671875,344.16033128847806,334.06271765654225,339.11152447251015,1398000
2022-01-20 09:00:00+09:00,334.0627136230469,342.4773915480606,334.0627136230469,336.587117000551,1053400
2022-01-21 09:00:00+09:00,334.9041748046875,336.58711035646985,329.01390037344925,334.0627070287963,998900
2022-01-24 09:00:00+09:00,344.1603088378906,344.1603088378906,336.5870991079615,336.5870991079615,956200
2022-01-25 09:00:00+09:00,343.3188171386719,344.16028482773726,339.111478693345,339.111478693345,878400
2022-01-26 09:00:00+09:00,342.47735595703125,348.36762989241015,341.6358882519771,347.526162187356,811900
2022-01-27 09:00:00+09:00,343.3188171386719,347.52615558399873,339.9529463824104,346.6846878949334,1334600
2022-01-28 09:00:00+09:00,350.050537109375,350.89200474665716,346.6846665602464,346.6846665602464,1469500
2022-01-31 09:00:00+09:00,355.099365234375,357.62376830476154,344.1602852626999,347.5261560232153,1488500
2022-02-01 09:00:00+09:00,350.89202880859375,354.25789958853227,348.36762572363983,350.0505611136091,1244400
2022-02-02 09:00:00+09:00,360.1481628417969,360.1481628417969,350.0505507995035,350.8920184696946,923000
2022-02-03 09:00:00+09:00,358.46527099609375,362.67260985755024,357.62380322380244,360.9896743129676,793400
2022-02-04 09:00:00+09:00,366.0384521484375,368.56285526670257,360.9896459119073,360.9896459119073,1266500
2022-02-07 09:00:00+09:00,372.7702331542969,376.9775721289503,364.3555552049899,365.19702299992065,1307600
2022-02-08 09:00:00+09:00,373.6116638183594,376.13606695226724,368.5628575505437,371.92872839575415,1089200
2022-02-09 09:00:00+09:00,377.8190612792969,381.1849326492683,372.7702542243397,373.61172206683256,1298800
2022-02-10 09:00:00+09:00,378.6605224609375,380.3434581163194,374.45318332248263,378.6605224609375,1118200
2022-02-14 09:00:00+09:00,378.6605224609375,380.3434581163194,373.61171549479167,373.61171549479167,953200
2022-02-15 09:00:00+09:00,372.7702331542969,380.3434433086731,371.08729756443546,376.13610433401965,1119500
2022-02-16 09:00:00+09:00,382.0263671875,382.0263671875,377.8190283418227,378.66049611095815,906400
2022-02-17 09:00:00+09:00,377.8190612792969,380.3434648067755,376.1361255943111,379.5019969642826,606200
2022-02-18 09:00:00+09:00,371.0872497558594,376.1360558749867,369.40431438281695,373.61165281542304,1127400
2022-02-21 09:00:00+09:00,370.24578857421875,372.77019167813387,366.03845006769353,367.7213854703036,731800
2022-02-22 09:00:00+09:00,372.7702331542969,374.45316874415823,363.51408741005923,366.879958589782,2571700
2022-02-24 09:00:00+09:00,373.6116638183594,374.453131529662,367.7213898392411,369.40432526184634,1576800
2022-02-25 09:00:00+09:00,354.2579040527344,369.40432275332637,352.5749686415575,368.5628550477379,2279200
2022-02-28 09:00:00+09:00,367.721435546875,368.56290336277175,351.73354704483694,351.73354704483694,2231900
2022-03-01 09:00:00+09:00,360.98968505859375,369.40436303198754,360.98968505859375,369.40436303198754,1103700
2022-03-02 09:00:00+09:00,355.94085693359375,364.35553440247304,354.2579214398179,354.2579214398179,1416100
2022-03-03 09:00:00+09:00,360.1481628417969,364.35550119275246,359.3066951716058,362.6725658523702,1017200
2022-03-04 09:00:00+09:00,356.7823486328125,362.67262325646743,355.94088082943324,358.465284239571,1789100
2022-03-07 09:00:00+09:00,350.050537109375,353.4164076585036,346.6846665602464,352.57494002122144,897400
2022-03-08 09:00:00+09:00,340.7944030761719,347.5261443715037,339.11146775233897,347.5261443715037,1416700
2022-03-09 09:00:00+09:00,344.1603088378906,347.52617982897027,337.4285668557314,338.2700346035013,975700
2022-03-10 09:00:00+09:00,356.7823486328125,358.465284239571,351.7335418125368,352.5750096159161,1057400
2022-03-11 09:00:00+09:00,359.30670166015625,363.51404008709017,355.9408309186091,355.9408309186091,1614900
2022-03-14 09:00:00+09:00,362.672607421875,367.7214140217155,361.8311396552349,366.0384784884353,697800
2022-03-15 09:00:00+09:00,366.0384521484375,369.40432297279096,361.8311136179957,361.8311136179957,1071400
2022-03-16 09:00:00+09:00,363.5140380859375,366.038441128201,361.83110272442855,362.672570405183,1118500
2022-03-17 09:00:00+09:00,371.9287109375,373.61164628110856,367.7213725784785,370.2457755938914,1464600
2022-03-18 09:00:00+09:00,366.0384521484375,371.92872609105603,365.19698444234916,370.2457906788793,1573100
2022-03-22 09:00:00+09:00,371.9287109375,374.4531139529129,368.56284025028276,371.9287109375,1014000
2022-03-23 09:00:00+09:00,372.7702331542969,373.61170094922755,368.5628941796434,371.92876535936614,1142400
2022-03-24 09:00:00+09:00,364.35552978515625,366.038465257605,359.30672336781,364.35552978515625,1712700
2022-03-25 09:00:00+09:00,363.5140380859375,364.355505766692,360.98963504367407,360.98963504367407,1287500
2022-03-28 09:00:00+09:00,361.8311462402344,365.19701736805047,358.4652751124182,361.8311462402344,1082400
2022-03-29 09:00:00+09:00,357.62384033203125,359.30677605124083,355.09943675321693,359.30677605124083,1290700
2022-03-30 09:00:00+09:00,358.4855041503906,362.7942241521982,354.176784148583,361.93248015183667,1363600
2022-03-31 09:00:00+09:00,350.7298278808594,357.62378027163794,349.8680838320121,353.31506002740133,1116400
2022-04-01 09:00:00+09:00,354.1767883300781,354.1767883300781,346.4210922352589,348.14458025632985,972600
2022-04-04 09:00:00+09:00,356.7620544433594,356.7620544433594,352.45333397906757,353.31507807192594,769000
2022-04-05 09:00:00+09:00,352.45330810546875,361.070748401446,352.45330810546875,359.34726034225054,1216700
2022-04-06 09:00:00+09:00,351.5915832519531,356.7620477115407,349.86809509875724,355.0385595583448,1009000
2022-04-07 09:00:00+09:00,352.45330810546875,354.1767961646642,347.2828439278824,349.86807601667556,971300
2022-04-08 09:00:00+09:00,354.1767883300781,356.76202036168456,352.4533003090072,355.90027635114905,904300
2022-04-11 09:00:00+09:00,358.4855041503906,361.07073615147516,354.176784148583,354.176784148583,889400
2022-04-12 09:00:00+09:00,359.34722900390625,363.65594877613535,357.6237410950146,358.4854850494604,976700
2022-04-13 09:00:00+09:00,358.4855041503906,360.20899215111365,354.176784148583,356.7620161496676,913400
2022-04-14 09:00:00+09:00,358.4855041503906,362.7942241521982,358.4855041503906,358.4855041503906,619900
2022-04-15 09:00:00+09:00,359.34722900390625,360.20897295835204,356.7619971405688,356.7619971405688,484800
2022-04-18 09:00:00+09:00,360.20904541015625,360.20904541015625,354.1768365157278,356.76206889905427,686500
2022-04-19 09:00:00+09:00,364.5177307128906,365.3794747571292,360.20901049169805,362.7942426244136,728400
2022-04-20 09:00:00+09:00,367.1029968261719,368.8264850741821,364.5177644541566,367.964740950177,1821000
2022-04-21 09:00:00+09:00,367.1029968261719,373.99694981821267,366.2412527021668,370.5499733221923,846800
2022-04-22 09:00:00+09:00,362.79425048828125,366.2412267399514,358.4855301736936,364.51773861411635,851200
2022-04-25 09:00:00+09:00,361.0707092285156,361.0707092285156,356.7619895479844,359.3472213563031,829200
2022-04-26 09:00:00+09:00,360.20904541015625,363.65602192125823,360.20904541015625,361.0707895379318,1145200
2022-04-27 09:00:00+09:00,345.5594177246094,356.762092114684,344.6976735407575,354.1768595631283,3279300
2022-04-28 09:00:00+09:00,368.82647705078125,368.82647705078125,349.8681067350869,352.4533390508634,1633200
2022-05-02 09:00:00+09:00,391.2317810058594,398.1257330940683,375.72038880738916,380.02910886251976,3400300
2022-05-06 09:00:00+09:00,398.1257629394531,399.84925109070616,391.2318103344409,391.2318103344409,1477400
2022-05-09 09:00:00+09:00,390.3701171875,399.84930325607064,390.3701171875,398.12581487996687,1037200
2022-05-10 09:00:00+09:00,392.09356689453125,394.678799203726,387.7848463792067,388.6465904822717,1019700
2022-05-11 09:00:00+09:00,385.1995849609375,389.5083051506571,382.6143528471057,386.06132899888144,1472500
2022-05-12 09:00:00+09:00,382.6143493652344,391.2317896662532,382.6143493652344,385.19958145554006,1044900
2022-05-13 09:00:00+09:00,383.4761047363281,386.0613369030899,371.41168795810654,375.72040823604283,1428600
2022-05-16 09:00:00+09:00,375.7204284667969,385.1996135886656,370.5499638548685,383.4761253846895,1585300
2022-05-17 09:00:00+09:00,367.9647216796875,375.7204183895638,368.8264657585626,373.1351861529384,1088100
2022-05-18 09:00:00+09:00,374.8586730957031,377.44390532394937,370.54995271529276,370.54995271529276,1301400
2022-05-19 09:00:00+09:00,367.1029968261719,369.6882291981872,361.9325320821413,364.5177644541566,1153600
2022-05-20 09:00:00+09:00,368.82647705078125,370.54996526129895,363.65601241922826,363.65601241922826,1114400
2022-05-23 09:00:00+09:00,374.8586730957031,377.44390532394937,371.4116967913748,371.4116967913748,1179800
2022-05-24 09:00:00+09:00,368.82647705078125,377.4439181033696,368.82647705078125,373.99694168233424,1366900
2022-05-25 09:00:00+09:00,373.9969482421875,379.16741296442973,370.5499717606927,372.2734600014401,1485500
2022-05-26 09:00:00+09:00,377.44390869140625,381.75262911025794,373.9969323563249,373.9969323563249,1041600
2022-05-27 09:00:00+09:00,380.02911376953125,383.4760898581438,376.5821376809187,382.61434583599066,1025500
2022-05-30 09:00:00+09:00,390.3701171875,393.8170939397075,382.6144194950331,383.47616368308496,2994700
2022-05-31 09:00:00+09:00,386.923095703125,394.67879249895606,386.06135161469933,391.23181614525333,1529100
2022-06-01 09:00:00+09:00,398.1257629394531,398.98750701507964,392.95529848569396,393.8170425613205,1305100
2022-06-02 09:00:00+09:00,402.4345397949219,404.15802818804787,396.40233041898085,398.12581881210684,1007400
2022-06-03 09:00:00+09:00,401.5727233886719,404.15795551349163,398.9874912638521,400.7109793470653,1243300
2022-06-06 09:00:00+09:00,403.29620361328125,404.157947638096,399.84922751402246,399.84922751402246,797400
2022-06-07 09:00:00+09:00,407.6048889160156,413.63709657439216,404.15791311122905,404.15791311122905,1304300
2022-06-08 09:00:00+09:00,403.29620361328125,412.77538788624304,403.29620361328125,406.7431797125401,1354400
2022-06-09 09:00:00+09:00,403.29620361328125,406.7431797125401,398.98748348920776,398.98748348920776,1442700
2022-06-10 09:00:00+09:00,403.29620361328125,405.0196916629107,399.84922751402246,399.84922751402246,1478100
2022-06-13 09:00:00+09:00,406.7431640625,408.4666520458157,398.98746813757947,398.98746813757947,1209000
2022-06-14 09:00:00+09:00,405.01971435546875,410.19017879404925,402.43448213617853,408.4666906478557,1116200
2022-06-15 09:00:00+09:00,404.157958984375,411.05191137643254,404.157958984375,406.7431911313966,1170000
2022-06-16 09:00:00+09:00,411.0519104003906,411.0519104003906,401.57272588381977,402.4344699307807,1432900
2022-06-17 09:00:00+09:00,402.4345397949219,411.0519817605519,400.7110514017958,407.60500497429985,1995700
2022-06-20 09:00:00+09:00,404.157958984375,411.05191137643254,401.5727268373534,405.0197030333822,1324200
2022-06-21 09:00:00+09:00,411.0519104003906,412.7753984943126,405.0197020716637,405.0197020716637,2053300
2022-06-22 09:00:00+09:00,408.4666748046875,411.0519069237045,406.7431867253428,408.4666748046875,990400
2022-06-23 09:00:00+09:00,411.9136657714844,417.0841301953942,408.4666894888778,408.4666894888778,1038700
2022-06-24 09:00:00+09:00,407.6048889160156,411.0518647208022,405.01965706242567,411.0518647208022,883700
2022-06-27 09:00:00+09:00,409.32843017578125,415.36063862047695,405.8814539216694,414.498894556949,1116900
2022-06-28 09:00:00+09:00,420.53106689453125,423.1162988631451,407.6049070514616,410.19013902007555,2038800
2022-06-29 09:00:00+09:00,422.2546081542969,427.4250727439413,416.22239946637836,420.53111995774873,5083800
2022-06-30 09:00:00+09:00,430.8720703125,434.319046875,418.80765234375,420.53114062500003,2306500
2022-07-01 09:00:00+09:00,423.97808837890625,430.0102969534029,423.1163442968353,426.5633206251191,1605700
2022-07-04 09:00:00+09:00,429.1485595703125,430.01030366583524,423.97809499717624,429.1485595703125,1076300
2022-07-05 09:00:00+09:00,431.7337951660156,432.5955392681434,427.42507465537676,430.0103069617601,1254200
2022-07-06 09:00:00+09:00,424.83984375,433.45728479969574,424.83984375,428.2868201698783,1435000
2022-07-07 09:00:00+09:00,425.7015380859375,430.0102581070503,420.53107406060224,429.14851410282773,1640900
2022-07-08 09:00:00+09:00,428.2867736816406,430.87200571593627,423.1163096130494,424.83979763591316,1431800
2022-07-11 09:00:00+09:00,437.7659912109375,439.48947936531124,430.01029451625556,430.01029451625556,1445400
2022-07-12 09:00:00+09:00,431.7337951660156,436.04251567665455,431.7337951660156,436.04251567665455,979600
2022-07-13 09:00:00+09:00,431.7337951660156,436.9042597787823,430.87205106388785,436.04251567665455,741700
2022-07-14 09:00:00+09:00,425.7015380859375,430.0102581070503,422.2545620690473,429.14851410282773,1053500
2022-07-15 09:00:00+09:00,416.2223815917969,421.3928459593968,413.63714940799684,421.3928459593968,1598300
2022-07-19 09:00:00+09:00,419.66937255859375,423.1163489245781,417.9458843756016,423.1163489245781,1038000
2022-07-20 09:00:00+09:00,427.4250793457031,428.28682345728726,423.11635878778276,426.56333523411905,920500
2022-07-21 09:00:00+09:00,430.8720703125,432.59555859375,426.563349609375,427.42509375000003,822100
2022-07-22 09:00:00+09:00,426.5632629394531,431.7337267326586,423.1162870773161,428.2867508705216,926200
2022-07-25 09:00:00+09:00,429.1485595703125,430.872047761358,424.8398390926989,424.8398390926989,531700
2022-07-26 09:00:00+09:00,433.45721435546875,437.7659341800758,431.73372642562595,431.73372642562595,920800
2022-07-27 09:00:00+09:00,433.45721435546875,435.18070228531155,430.87198246070454,431.73372642562595,738800
2022-07-28 09:00:00+09:00,435.1807556152344,435.1807556152344,430.0102911920831,433.45726747418394,705600
2022-07-29 09:00:00+09:00,425.7015380859375,430.0102581070503,423.11630607326987,429.14851410282773,1136700
2022-08-01 09:00:00+09:00,424.83984375,428.2868201698783,420.5311232251521,427.4250760649087,1110400
2022-08-02 09:00:00+09:00,416.2223815917969,419.66935783686347,411.91366128546355,417.9458697143302,1251300
2022-08-03 09:00:00+09:00,412.7754211425781,417.08414161379505,411.91367704833476,415.36065342530827,1134300
2022-08-04 09:00:00+09:00,413.63714599609375,415.3606341044108,407.60493761698405,415.3606341044108,1181500
2022-08-05 09:00:00+09:00,412.7754211425781,417.08414161379505,410.19018885984804,410.19018885984804,650700
2022-08-08 09:00:00+09:00,414.4988708496094,417.08410289233046,411.051894792648,412.7753828211287,633500
2022-08-09 09:00:00+09:00,405.01971435546875,411.9136669402427,404.15797028237205,407.60494657475897,1033200
2022-08-10 09:00:00+09:00,405.8814392089844,409.3284153381477,399.8492309829485,406.7431832412752,1260300
2022-08-12 09:00:00+09:00,413.63714599609375,421.3928424835205,411.91365788777665,414.49889005025227,1227000
2022-08-15 09:00:00+09:00,412.7754211425781,415.36065342530827,411.91367704833476,413.63716523682155,502600
2022-08-16 09:00:00+09:00,416.2223815917969,417.0841256530635,413.63714940799684,417.0841256530635,463200
2022-08-17 09:00:00+09:00,422.2546081542969,425.70158454739317,419.66937585947466,420.53111995774873,1036000
2022-08-18 09:00:00+09:00,417.0841369628906,420.53111330142696,415.3606487936225,417.9458810475247,571300
2022-08-19 09:00:00+09:00,417.9458923339844,422.25461287351,413.63717179445877,422.25461287351,682900
2022-08-22 09:00:00+09:00,422.2546081542969,423.978096350845,415.3606553681043,416.22239946637836,922700
2022-08-23 09:00:00+09:00,417.0841369628906,421.392857386061,414.49890470898845,420.53111330142696,480800
2022-08-24 09:00:00+09:00,423.1163330078125,424.83982112597056,419.66935677149627,421.3928448896544,998600
2022-08-25 09:00:00+09:00,423.1163330078125,425.7015651850496,420.5311008305753,421.3928448896544,547700
2022-08-26 09:00:00+09:00,423.97808837890625,426.5633206251191,423.1163442968353,424.8398324609772,363600
2022-08-29 09:00:00+09:00,423.1163330078125,423.1163330078125,416.2223805351801,417.08412459425915,613200
2022-08-30 09:00:00+09:00,419.66937255859375,425.70158119906637,418.8076284670977,425.70158119906637,497600
2022-08-31 09:00:00+09:00,411.9136657714844,416.22238612474257,409.32843355952946,414.4988979834393,1606100
2022-09-01 09:00:00+09:00,408.4666748046875,411.9136509633768,406.7431867253428,410.1901628840322,968500
2022-09-02 09:00:00+09:00,407.6048889160156,409.3283768184089,405.01965706242567,407.6048889160156,649500
2022-09-05 09:00:00+09:00,405.8814392089844,409.3284153381477,405.0196951766935,407.60492727356603,511600
2022-09-06 09:00:00+09:00,406.7431640625,409.3283960374735,405.8814200708422,409.3283960374735,467600
2022-09-07 09:00:00+09:00,402.4345397949219,407.60500497429985,398.98756300866984,405.01977238461086,992100
2022-09-08 09:00:00+09:00,411.0519104003906,412.7753984943126,407.60493421254665,408.46667825950766,1226800
2022-09-09 09:00:00+09:00,415.3606872558594,415.3606872558594,410.1902222692719,410.1902222692719,1044600
2022-09-12 09:00:00+09:00,411.9136657714844,416.22238612474257,411.05192170083274,416.22238612474257,678600
2022-09-13 09:00:00+09:00,414.4988708496094,415.3606148638498,411.051894792648,412.7753828211287,424200
2022-09-14 09:00:00+09:00,411.0519104003906,412.7753984943126,408.46667825950766,409.32842230646867,717800
2022-09-15 09:00:00+09:00,411.9136657714844,411.9136657714844,408.4666894888778,410.1901776301811,593900
2022-09-16 09:00:00+09:00,427.4250793457031,428.28682345728726,411.91368533718975,412.7754294487738,1809600
2022-09-20 09:00:00+09:00,434.31903076171875,435.180774870373,430.0103102184478,430.872054327102,978900
2022-09-21 09:00:00+09:00,430.01031494140625,436.90426788635864,430.01031494140625,430.8720590595253,1029200
2022-09-22 09:00:00+09:00,425.7015380859375,428.2867700986052,423.11630607326987,427.42502609438264,788800
2022-09-26 09:00:00+09:00,415.3606872558594,420.5311522424468,414.4989430914281,419.6694080780156,1172100
2022-09-27 09:00:00+09:00,413.63714599609375,418.80761032104493,411.91365788777665,414.49889005025227,1172400
2022-09-28 09:00:00+09:00,411.0519104003906,411.9136544473516,406.7431901655857,409.32842230646867,1166700
2022-09-29 09:00:00+09:00,420.734130859375,425.13511549179526,417.2133431534388,421.6143277858591,1541700
2022-09-30 09:00:00+09:00,421.6142883300781,426.01527255064263,419.8538946418523,419.8538946418523,1237300
2022-10-03 09:00:00+09:00,409.29156494140625,418.9737309937836,407.53117111370125,418.0935340799311,1653800
2022-10-04 09:00:00+09:00,422.4945068359375,424.2549006144206,414.5727348327637,422.4945068359375,1339500
2022-10-05 09:00:00+09:00,419.85394287109375,426.8955184328731,417.2133520354265,423.37473065198344,1425800
2022-10-06 09:00:00+09:00,423.37469482421875,425.1350885656916,418.9737104705366,419.85390734127304,1065200
2022-10-07 09:00:00+09:00,419.85394287109375,421.6143367615386,415.45295814498166,416.33315509020406,703300
2022-10-11 09:00:00+09:00,418.093505859375,422.4944901315789,417.2133090049342,417.2133090049342,829000
2022-10-12 09:00:00+09:00,418.97369384765625,422.49448119091386,418.09349701184186,418.97369384765625,747200
2022-10-13 09:00:00+09:00,417.21331787109375,419.85390849053107,415.4529241248022,418.09351474423954,834300
2022-10-14 09:00:00+09:00,426.0152587890625,428.65584923610214,424.25486515770274,426.0152587890625,1589100
2022-10-17 09:00:00+09:00,420.734130859375,430.41629705069954,418.9737370064069,428.65590319773145,734600
2022-10-18 09:00:00+09:00,425.13507080078125,427.77566130264944,422.49448029891306,423.3746771328691,747800
2022-10-19 09:00:00+09:00,427.7756652832031,429.53605896749616,422.4944842303241,424.2548779146171,626000
2022-10-20 09:00:00+09:00,430.416259765625,430.416259765625,425.1350786642063,425.1350786642063,860700
2022-10-21 09:00:00+09:00,431.2964782714844,431.2964782714844,423.3747062216,426.89549379932635,1029500
2022-10-24 09:00:00+09:00,428.6558532714844,436.57762468717914,428.6558532714844,433.9370342152809,1447400
2022-10-25 09:00:00+09:00,433.93707275390625,436.57766346031946,430.4162851453553,434.81726965604395,1206600
2022-10-26 09:00:00+09:00,436.57763671875,443.6192115045363,433.05684932585683,433.05684932585683,1415900
2022-10-27 09:00:00+09:00,418.093505859375,433.9370492393092,416.3331121504934,433.0568523848684,1559200
2022-10-28 09:00:00+09:00,413.6925048828125,419.85388261510974,413.6925048828125,415.4528985206117,2190100
2022-10-31 09:00:00+09:00,417.21331787109375,420.73410536367686,413.6925303785107,418.09351474423954,1497800
2022-11-01 09:00:00+09:00,415.45294189453125,420.7341233592922,415.45294189453125,418.0935326269117,1276100
2022-11-02 09:00:00+09:00,420.734130859375,423.37472163882717,414.57275237398665,416.33314622695474,1682100
2022-11-04 09:00:00+09:00,416.3330993652344,426.0152644667515,416.3330993652344,421.61428032969826,1392600
2022-11-07 09:00:00+09:00,412.8123474121094,418.9737257316931,412.8123474121094,418.9737257316931,1295500
2022-11-08 09:00:00+09:00,415.45294189453125,418.0935326269117,412.8123511621507,412.8123511621507,1188900
2022-11-09 09:00:00+09:00,416.3330993652344,419.85388667487695,414.5727057104131,414.5727057104131,763000
2022-11-10 09:00:00+09:00,418.97369384765625,419.85389068347064,413.6925128327698,413.6925128327698,773700
2022-11-11 09:00:00+09:00,417.21331787109375,425.13508972940565,412.8123335053649,421.6143022368226,1457500
2022-11-14 09:00:00+09:00,413.6925048828125,417.2132921584109,409.29152078831453,413.6925048828125,1553600
2022-11-15 09:00:00+09:00,413.6925048828125,417.2132921584109,411.93211124501335,412.8123080639129,747600
2022-11-16 09:00:00+09:00,413.6925048828125,415.4528985206117,410.17171760721413,412.8123080639129,944100
2022-11-17 09:00:00+09:00,421.6142883300781,422.494485174191,415.45291042128787,415.45291042128787,991100
2022-11-18 09:00:00+09:00,433.05682373046875,436.5776109152693,424.25485576846734,425.1350525646675,2108600
2022-11-21 09:00:00+09:00,438.33807373046875,440.978664536074,433.0568921192583,436.57767986006525,1284700
2022-11-22 09:00:00+09:00,444.49945068359375,445.37964761564047,437.45787522722003,439.21826909131346,2761500
2022-11-24 09:00:00+09:00,467.384521484375,470.9053088401895,451.54097838320973,451.54097838320973,4902700
2022-11-25 09:00:00+09:00,472.6657409667969,472.6657409667969,459.46278730850645,464.7439687718226,2437000
2022-11-28 09:00:00+09:00,464.74395751953125,482.347895304362,460.3429730733236,480.5875015258789,2981100
2022-11-29 09:00:00+09:00,460.3429260253906,464.7439100218093,455.06174522968826,460.3429260253906,2019900
2022-11-30 09:00:00+09:00,456.8221435546875,463.8637180218118,455.941946746297,461.2231275966402,2881400
2022-12-01 09:00:00+09:00,436.57763671875,458.58255792433215,433.05684932585683,458.58255792433215,4472300
2022-12-02 09:00:00+09:00,429.5360412597656,432.17663167734617,421.61427000702406,431.296434871486,3314400
2022-12-05 09:00:00+09:00,420.734130859375,426.89550934476335,418.09354007992283,425.13511549179526,2104500
2022-12-06 09:00:00+09:00,427.7756652832031,431.2964526517892,422.4944842303241,422.4944842303241,1498700
2022-12-07 09:00:00+09:00,433.93707275390625,438.3380572645949,426.0153006346666,426.89549753680427,1699600
2022-12-08 09:00:00+09:00,433.05682373046875,434.817217322869,425.1350525646675,431.29643013806844,1651200
2022-12-09 09:00:00+09:00,433.05682373046875,436.5776109152693,428.65583974946804,428.65583974946804,1199300
2022-12-12 09:00:00+09:00,438.33807373046875,440.09846760087225,434.81728598966174,434.81728598966174,1418100
2022-12-13 09:00:00+09:00,442.739013671875,443.6192105181412,438.33802944054423,441.85881682560887,1145800
2022-12-14 09:00:00+09:00,439.21820068359375,441.85879106846505,436.57761029872245,439.21820068359375,596300
2022-12-15 09:00:00+09:00,442.739013671875,442.739013671875,437.4578325942781,438.33802944054423,690300
2022-12-16 09:00:00+09:00,441.85882568359375,448.90040059488604,440.09843195577065,444.4994162753284,1800500
2022-12-19 09:00:00+09:00,445.379638671875,448.0202294149889,440.9786541000185,440.9786541000185,1209500
2022-12-20 09:00:00+09:00,462.9835510253906,470.90532281099615,446.25981058911225,448.02020431924683,3363200
2022-12-21 09:00:00+09:00,457.702392578125,487.62908747746394,455.9419987605168,471.78554311899035,4160000
2022-12-22 09:00:00+09:00,468.2647399902344,468.2647399902344,456.8221805543828,461.2231649527872,2076900
2022-12-23 09:00:00+09:00,478.82708740234375,478.82708740234375,467.38452832839073,468.26472518023326,1668700
2022-12-26 09:00:00+09:00,475.3062438964844,478.82703088831016,470.9052601567021,478.82703088831016,1025900
2022-12-27 09:00:00+09:00,488.50927734375,489.38947423986485,476.1865207981419,477.06671769425674,1892600
2022-12-28 09:00:00+09:00,488.50927734375,492.9102618243243,482.3478990709459,489.38947423986485,1793500
2022-12-29 09:00:00+09:00,478.82708740234375,485.86866221708414,474.42610314313106,484.9884653652416,1360000
2022-12-30 09:00:00+09:00,483.2280578613281,484.10825468803364,474.426089594273,478.82707372780055,1161100
2023-01-04 09:00:00+09:00,484.10833740234375,486.74892833362924,470.025185768821,483.22814042524857,2734500
2023-01-05 09:00:00+09:00,474.4260559082031,483.22802355028483,472.6656623797868,479.7072364934521,1886100
2023-01-06 09:00:00+09:00,480.5874328613281,485.86861344222183,470.905268463023,472.66566198998754,2492300
2023-01-10 09:00:00+09:00,475.3062438964844,486.74880161991825,474.4260471485279,476.18644064444084,1675700
2023-01-11 09:00:00+09:00,482.3479309082031,484.1083248166272,476.18655222871877,477.94694613714285,1229900
2023-01-12 09:00:00+09:00,492.0300598144531,498.1914380232209,478.8271065099508,480.5875002838844,3516200
2023-01-13 09:00:00+09:00,517.5557861328125,521.9567707087717,492.9102725074404,492.9102725074404,4174300
2023-01-16 09:00:00+09:00,496.4310302734375,526.3577235877937,495.55083341125055,521.9567392768589,3739600
2023-01-17 09:00:00+09:00,477.9468994140625,494.67063990921383,476.1865056777308,494.67063990921383,3020600
2023-01-18 09:00:00+09:00,484.98846435546875,486.7488580554886,464.7439368052404,481.467676955429,3790500
2023-01-19 09:00:00+09:00,481.46771240234375,492.910272294904,479.7073185727191,484.9885000615931,1987000
2023-01-20 09:00:00+09:00,485.86871337890625,487.62910726796025,479.7073347672172,484.1083194898522,1408200
2023-01-23 09:00:00+09:00,487.6290283203125,495.55079953851254,484.9884379142458,490.2696187263792,2867700
2023-01-24 09:00:00+09:00,489.3894348144531,491.1498284648648,484.108253863218,487.62904116404144,1750000
2023-01-25 09:00:00+09:00,485.86871337890625,490.2696981015412,480.5875317117442,484.9885164343792,1959800
2023-01-26 09:00:00+09:00,483.2280578613281,488.5092388215612,481.4676642079171,488.5092388215612,1267500
2023-01-27 09:00:00+09:00,496.4310302734375,498.1914239978114,484.10827420282027,485.86866792719417,1980700
2023-01-30 09:00:00+09:00,503.4725646972656,506.9933518629808,491.14980961726263,492.0300064086914,2070700
2023-01-31 09:00:00+09:00,495.55084228515625,504.35281106464396,493.7904485292587,504.35281106464396,1582900
2023-02-01 09:00:00+09:00,494.6706237792969,504.35278901341127,490.26963958197217,495.55082061876186,1507200
2023-02-02 09:00:00+09:00,479.7073059082031,495.55084995654744,477.94691212505376,491.149865498674,1935800
2023-02-03 09:00:00+09:00,482.3479309082031,483.22812786241514,472.66576441187055,475.3063552745067,1534900
2023-02-06 09:00:00+09:00,477.0667419433594,484.10831747019864,468.26477253481033,484.10831747019864,2342100
2023-02-07 09:00:00+09:00,490.2696533203125,492.03004704857216,481.46768467901427,484.1082752714037,1978400
2023-02-08 09:00:00+09:00,498.1913757324219,500.8319660631591,491.1498015171226,491.1498015171226,1673500
2023-02-09 09:00:00+09:00,499.071533203125,504.3527134486607,498.1913364955357,498.1913364955357,1427000
2023-02-10 09:00:00+09:00,503.4725646972656,508.7537454458383,499.0715807401217,499.0715807401217,1774200
2023-02-13 09:00:00+09:00,509.634033203125,518.4360026884984,504.3528515119009,505.2330484604382,2437900
2023-02-14 09:00:00+09:00,518.4359741210938,518.4359741210938,510.51420202077145,511.39439892080725,2096200
2023-02-15 09:00:00+09:00,521.9566650390625,525.4774519870494,519.3160748280723,520.1962715650691,2293600
2023-02-16 09:00:00+09:00,517.5557861328125,527.2379521999229,515.7953923024288,522.8369676239636,2282600
2023-02-17 09:00:00+09:00,524.5973510742188,530.7587293586474,517.5557758920145,517.5557758920145,2094800
2023-02-20 09:00:00+09:00,531.6388549804688,533.3992485400067,528.9982646411618,530.7586582006998,1502500
2023-02-21 09:00:00+09:00,548.3626098632812,549.2428066688402,534.2794609743366,535.1596577798956,2559000
2023-02-22 09:00:00+09:00,547.4825439453125,554.5241200732265,543.0815588653662,548.3627409613017,2296900
2023-02-24 09:00:00+09:00,541.321044921875,556.2843908790651,539.5606512798527,548.3626194899645,2601100
2023-02-27 09:00:00+09:00,548.3626098632812,549.2428066688402,542.2012322243679,542.2012322243679,1528200
2023-02-28 09:00:00+09:00,542.2012329101562,550.1230041702072,538.6804456834669,547.4824137501903,1924200
2023-03-01 09:00:00+09:00,545.7220458984375,549.2428332913306,538.6804711126512,540.4408648090978,2055900
2023-03-02 09:00:00+09:00,541.321044921875,552.7636035950203,539.5606512798527,548.3626194899645,1823500
2023-03-03 09:00:00+09:00,540.4407958984375,545.7219763143831,539.5605991624466,542.2011893704193,1863100
2023-03-06 09:00:00+09:00,539.5607299804688,541.321123879263,533.3993513346885,540.4409269298659,1942700
2023-03-07 09:00:00+09:00,553.643798828125,554.5239956466116,537.8002560953646,542.201240187798,2006500
2023-03-08 09:00:00+09:00,562.44580078125,565.0863913952464,552.7636351965963,555.4042258105927,2539600
2023-03-09 09:00:00+09:00,578.289306640625,578.289306640625,562.4457639929366,563.3259608066971,2492200
2023-03-10 09:00:00+09:00,542.2012329101562,573.0081211436878,540.4408392968115,569.4873339169985,4459200
2023-03-13 09:00:00+09:00,521.0765380859375,528.9983097798115,514.0349632469383,528.1181129249367,3316700
2023-03-14 09:00:00+09:00,492.0300598144531,502.59242245805495,487.629075379619,498.1914380232209,4936200
2023-03-15 09:00:00+09:00,507.8736267089844,519.3161867561539,500.8320512953416,500.8320512953416,3365600
2023-03-16 09:00:00+09:00,490.2696533203125,498.19142509748093,479.7072909507546,490.26965332031256,4510600
2023-03-17 09:00:00+09:00,495.55084228515625,499.9518266749001,486.7488735056686,498.1914329190026,3760200
2023-03-20 09:00:00+09:00,482.3479309082031,495.55088522138385,482.3479309082031,486.74891567926335,2514500
2023-03-22 09:00:00+09:00,488.50927734375,497.31124630489865,488.50927734375,495.5508525126689,2359800
2023-03-23 09:00:00+09:00,488.50927734375,490.2696711359797,481.46770217483106,482.3478990709459,1892600
2023-03-24 09:00:00+09:00,493.7904052734375,497.3111924768132,480.5874532607788,481.4676500616227,2115700
2023-03-27 09:00:00+09:00,488.50927734375,495.5508525126689,487.62908044763515,495.5508525126689,1470800
2023-03-28 09:00:00+09:00,490.2696533203125,499.0716219616108,488.5092595920529,497.31122823335113,1606600
2023-03-29 09:00:00+09:00,502.5923767089844,504.35277032267607,493.79040864052575,493.79040864052575,1837500
2023-03-30 09:00:00+09:00,506.1759948730469,507.9677683062258,499.9047878569206,504.38422143986793,1285400
2023-03-31 09:00:00+09:00,515.1348266601562,518.7183732804008,507.071846764606,508.86362007472826,1555800
2023-04-03 09:00:00+09:00,524.9895629882812,532.1566559983602,518.7183566044622,520.510129856982,1350600
2023-04-04 09:00:00+09:00,525.8854370117188,525.8854370117188,516.9265709638189,524.0936638021387,1514800
2023-04-05 09:00:00+09:00,512.4471435546875,517.822463242324,509.7594837108692,516.926576627718,1625100
2023-04-06 09:00:00+09:00,501.696533203125,507.9677398681641,500.80064653669086,506.1759665352958,1376900
2023-04-07 09:00:00+09:00,507.9676513671875,510.6553108982308,503.4882188154486,503.4882188154486,879100
2023-04-10 09:00:00+09:00,510.6554260253906,514.2389728746916,508.8636526007401,508.8636526007401,897800
2023-04-11 09:00:00+09:00,511.5512390136719,516.9265585129399,505.2800329311925,516.0306719297286,1068700
2023-04-12 09:00:00+09:00,511.5512390136719,516.9265585129399,508.86357926403787,512.4471255968832,1009100
2023-04-13 09:00:00+09:00,508.8636474609375,509.7595341642138,504.384213944556,508.8636474609375,1124400
2023-04-14 09:00:00+09:00,510.6554260253906,513.3430861623664,507.0718791760897,510.6554260253906,1431500
2023-04-17 09:00:00+09:00,516.0307006835938,516.926587316725,509.7594942516751,509.7594942516751,1077200
2023-04-18 09:00:00+09:00,526.7813720703125,530.3649188190901,521.406051947146,522.3019386343404,1534000
2023-04-19 09:00:00+09:00,532.1566772460938,533.0525639081242,524.0936972878196,527.6772439359414,1348500
2023-04-20 09:00:00+09:00,539.3237915039062,542.9073382913076,530.3649245354028,533.0525846259538,2072700
2023-04-21 09:00:00+09:00,540.2197265625,546.4909340018658,533.9485191231344,534.8444059001866,1656900
2023-04-24 09:00:00+09:00,534.8443603515625,542.0114539576136,534.8443603515625,540.2196805561008,1089400
2023-04-25 09:00:00+09:00,540.2197265625,544.6991604477612,537.5320662313433,539.3238397854478,944200
2023-04-26 09:00:00+09:00,528.5730590820312,534.8442648677503,524.0936263779463,533.0524917861163,1336300
2023-04-27 09:00:00+09:00,535.7402954101562,537.5320689734009,530.3649747204222,534.8444086285339,1737700
2023-04-28 09:00:00+09:00,542.9073486328125,548.2826689163057,533.0525947797416,542.011461918897,2470800
2023-05-01 09:00:00+09:00,533.052490234375,536.6360363872111,520.5100786994485,533.9483767725841,2706700
2023-05-02 09:00:00+09:00,523.1978149414062,532.1566816356084,517.822494924885,532.1566816356084,1858200
2023-05-08 09:00:00+09:00,512.4471435546875,526.7813293883851,511.5512569400814,522.3018963153545,2008200
2023-05-09 09:00:00+09:00,528.5730590820312,529.4689456228483,511.5512148065082,515.1347609697763,2221200
2023-05-10 09:00:00+09:00,526.7813720703125,532.156692193479,522.3019386343404,530.3649188190901,838300
2023-05-11 09:00:00+09:00,523.1978149414062,524.9895882802467,521.4060416025659,523.1978149414062,789300
2023-05-12 09:00:00+09:00,521.406005859375,522.3018924673809,512.447139779317,519.6142326433634,1563200
2023-05-15 09:00:00+09:00,538.4279174804688,539.3238041984064,527.6772768652181,527.6772768652181,1439800
2023-05-16 09:00:00+09:00,542.0114135742188,546.4908467442536,538.4278670381908,542.0114135742188,1916700
2023-05-17 09:00:00+09:00,545.594970703125,547.3867440059267,536.6361041891164,542.0114240975216,926300
2023-05-18 09:00:00+09:00,545.594970703125,551.866177262931,543.8031974003233,551.866177262931,1484500
2023-05-19 09:00:00+09:00,534.8443603515625,546.4908874613956,533.9484736508061,545.5950007606391,994200
2023-05-22 09:00:00+09:00,528.5730590820312,537.5319244902013,527.6771725412143,535.7401514085673,1000400
2023-05-23 09:00:00+09:00,529.4690551757812,534.8443755328958,526.781394997224,533.94848880671,1268300
2023-05-24 09:00:00+09:00,531.2607421875,540.2196079916737,531.2607421875,533.0525153483347,1329000
2023-05-25 09:00:00+09:00,532.1566772460938,535.7402238942155,524.98958394985,528.573130597972,1220000
2023-05-26 09:00:00+09:00,523.1978149414062,535.7402283132893,522.3019282719861,535.7402283132893,1123800
2023-05-29 09:00:00+09:00,527.67724609375,530.3649060908319,524.0936994309741,525.885472762362,1805000
2023-05-30 09:00:00+09:00,528.5730590820312,531.2607187044823,526.7812860003972,529.4689456228483,839900
2023-05-31 09:00:00+09:00,525.8854370117188,529.4689834308787,523.1977771973488,523.1977771973488,2043300
2023-06-01 09:00:00+09:00,530.3649291992188,532.1567026086756,520.5101754472063,522.3019488566631,1139900
2023-06-02 09:00:00+09:00,541.115478515625,541.115478515625,531.260726423453,531.260726423453,1110100
2023-06-05 09:00:00+09:00,542.1010131835938,553.2100299900403,538.2487113602657,547.386766516461,1553000
2023-06-06 09:00:00+09:00,533.948486328125,534.8443730501521,524.9896191078544,533.3213546865888,1095500
2023-06-07 09:00:00+09:00,525.9750366210938,539.4133365315007,525.9750366210938,535.7402230948891,1951100
2023-06-08 09:00:00+09:00,529.5585327148438,545.3261692463037,526.3333629164377,542.3697544843353,1301200
2023-06-09 09:00:00+09:00,537.4424438476562,538.875840670473,528.5731437997989,530.3649171686119,1596900
2023-06-12 09:00:00+09:00,539.3237915039062,542.3698281454313,535.4714896435667,537.6215849076568,511400
2023-06-13 09:00:00+09:00,542.190673828125,546.4013525031594,538.4279385295711,539.2342584794712,1151900
2023-06-14 09:00:00+09:00,545.5054321289062,549.6264890662975,542.4593954843409,546.4013188266508,1056500
2023-06-15 09:00:00+09:00,552.1349487304688,559.3916636308184,541.8322519331854,543.8032135609562,1788900
2023-06-16 09:00:00+09:00,552.8516235351562,554.1954534948242,545.0574535135471,546.4908502649605,2603200
2023-06-19 09:00:00+09:00,551.239013671875,559.1228048104389,547.3867122305905,555.4496916251492,1168000
2023-06-20 09:00:00+09:00,542.190673828125,549.8952780313546,540.0405237487834,549.8952780313546,803800
2023-06-21 09:00:00+09:00,545.9533081054688,547.8346480663355,541.6530087424973,544.4302899711312,845900
2023-06-22 09:00:00+09:00,562.5272216796875,570.9485229662439,549.3576776377115,549.447244426064,1753900
2023-06-23 09:00:00+09:00,550.2536010742188,563.7814678556578,546.9388094746197,561.7209394604203,926900
2023-06-26 09:00:00+09:00,547.0283813476562,554.1059079454661,545.9533610831744,553.3892095422839,692100
2023-06-27 09:00:00+09:00,546.9388427734375,550.2536345748482,542.1906540917017,546.401332613462,662100
2023-06-28 09:00:00+09:00,561.4521484375,561.4521484375,551.0598309713959,551.6869625334108,889900
2023-06-29 09:00:00+09:00,559.2125244140625,561.6314295930357,555.2706008127292,559.9292228832354,852000
2023-06-30 09:00:00+09:00,559.3916625976562,572.3820194050211,554.9122292158063,567.9921528185748,1272000
2023-07-03 09:00:00+09:00,566.827392578125,568.260789088427,558.2268494745973,559.8394888994019,1018500
2023-07-04 09:00:00+09:00,581.430419921875,581.430419921875,567.9921205400135,568.8880071654709,1226000
2023-07-05 09:00:00+09:00,587.1641235351562,590.8372368732047,577.9364474331571,581.4304271883394,2319700
2023-07-06 09:00:00+09:00,579.3699340820312,589.5830095524242,578.4740473909134,585.7307077167343,1001000
2023-07-07 09:00:00+09:00,589.4934692382812,593.8833360942052,575.1592815364386,581.2513003736044,1297500
2023-07-10 09:00:00+09:00,588.4183349609375,600.1544827681464,585.6411082456534,594.331219600773,1385000
2023-07-11 09:00:00+09:00,586.2683715820312,595.3168068187011,586.2683715820312,590.8373726063708,1131700
2023-07-12 09:00:00+09:00,590.6580200195312,596.0333395792671,582.5950406799274,592.9873579704304,1425300
2023-07-13 09:00:00+09:00,588.1495971679688,593.6144839670603,585.9098804993931,590.568502106147,1107900
2023-07-14 09:00:00+09:00,591.912353515625,595.1375237627891,588.2391852379599,593.1665620870401,1260400
2023-07-18 09:00:00+09:00,600.0648193359375,608.844496869016,586.9848971622264,588.4182938155782,1278300
2023-07-19 09:00:00+09:00,601.8566284179688,610.0987963681629,597.1980069956347,606.5152498403029,1134000
2023-07-20 09:00:00+09:00,599.616943359375,605.9777715890577,599.1690000198445,604.7235083661391,559400
2023-07-21 09:00:00+09:00,595.94384765625,602.9317530256307,594.0624527656496,601.1399796139646,589800
2023-07-24 09:00:00+09:00,595.5853881835938,600.2440093414639,590.3892569492906,597.1084063075906,795300
2023-07-25 09:00:00+09:00,601.498291015625,605.529780755192,594.1520098874093,598.9897647665423,810100
2023-07-26 09:00:00+09:00,608.0382690429688,610.81549573436,599.258590971501,600.2440443960384,1082100
2023-07-27 09:00:00+09:00,612.6968994140625,612.6968994140625,603.46922321064,609.2029196204771,1078700
2023-07-28 09:00:00+09:00,632.4959716796875,634.2877449705647,612.2489553650065,616.3700120617917,2203300
2023-07-31 09:00:00+09:00,655.699462890625,666.181292981267,648.2635599298012,649.9657664419232,3551200
2023-08-01 09:00:00+09:00,655.7890014648438,662.9560943770279,650.5928700396262,653.9972282367977,2275800
2023-08-02 09:00:00+09:00,648.3532104492188,658.4767191407074,646.2030605144847,649.5178522136229,1499100
2023-08-03 09:00:00+09:00,634.5565795898438,648.8012009105653,633.3023709373238,647.9948809563402,1154400
2023-08-04 09:00:00+09:00,647.636474609375,648.7114948340408,635.452383484212,637.0649685017918,827600
2023-08-07 09:00:00+09:00,655.96826171875,659.1934320109756,634.8253024989399,648.6219797413634,1556700
2023-08-08 09:00:00+09:00,668.9585571289062,670.5711421257579,658.8350491525025,661.791464093494,1330200
2023-08-09 09:00:00+09:00,663.4935913085938,669.8544189502973,659.2829680506936,669.2272873968085,877900
2023-08-10 09:00:00+09:00,676.9319458007812,679.1716624751891,664.3895324240975,666.5396823037622,1558100
2023-08-14 09:00:00+09:00,680.6947021484375,689.5640023301437,678.7237404768823,684.4574372158457,1132900
2023-08-15 09:00:00+09:00,675.2298583984375,681.3218773982941,670.2128597604589,680.2468023558281,1350000
2023-08-16 09:00:00+09:00,667.61474609375,670.9295376526297,659.8205212608657,666.360482904796,1778600
2023-08-17 09:00:00+09:00,675.14013671875,675.14013671875,658.0287241044006,667.6147218994915,1205600
2023-08-18 09:00:00+09:00,665.285400390625,676.4839834478371,662.1497971346056,675.3193417460033,708500
2023-08-21 09:00:00+09:00,657.9392700195312,665.4646861278951,656.953761757798,662.5978375092182,917200
2023-08-22 09:00:00+09:00,674.8713989257812,674.8713989257812,658.2079291964855,662.0602308349161,985800
2023-08-23 09:00:00+09:00,673.2589111328125,673.2589111328125,663.0457800298196,666.4501935178768,738900
2023-08-24 09:00:00+09:00,684.2781982421875,684.9053298203889,670.8398987689294,672.3629169786814,810400
2023-08-25 09:00:00+09:00,680.6947021484375,683.5615505179193,675.6777585122829,683.5615505179193,473700
2023-08-28 09:00:00+09:00,698.8811645507812,703.271031075588,696.1039377652635,698.7915977566352,1618300
2023-08-29 09:00:00+09:00,693.8641967773438,697.8061198320426,687.2346138255087,696.8206117280776,1654700
2023-08-30 09:00:00+09:00,708.10888671875,712.6778871272813,692.4308690886716,692.520435888609,1923800
2023-08-31 09:00:00+09:00,703.539794921875,710.1693781889244,697.0893999259372,699.6874931555984,2217900
2023-09-01 09:00:00+09:00,711.5132446289062,718.5907169152072,701.4793024193576,703.2710758610418,1920700
2023-09-04 09:00:00+09:00,724.7722778320312,724.7722778320312,712.7673752144974,716.3509217056322,1714000
2023-09-05 09:00:00+09:00,725.3097534179688,738.9272403723785,716.171754044891,731.0434494031657,2259800
2023-09-06 09:00:00+09:00,733.4624633789062,740.360802009917,723.1597661722468,724.7723513206503,1878300
2023-09-07 09:00:00+09:00,740.2711791992188,744.7506127592777,730.1476702896027,730.1476702896027,1535300
2023-09-08 09:00:00+09:00,734.3583374023438,741.6149977850525,730.5956023340343,731.8498655836657,2899100
2023-09-11 09:00:00+09:00,788.7386474609375,788.9177810507712,751.7384841835162,751.7384841835162,2705000
2023-09-12 09:00:00+09:00,798.5934448242188,800.0268417053198,783.5425041697283,788.738690895038,2171500
2023-09-13 09:00:00+09:00,797.8766479492188,813.1067213682223,792.6805161894399,800.4747411693996,2584800
2023-09-14 09:00:00+09:00,802.4456787109375,808.0001868450038,794.741020757045,806.2084135553425,2360800
2023-09-15 09:00:00+09:00,803.6998901367188,827.1721312530095,798.9517018379142,808.0897565846328,3325900
2023-09-19 09:00:00+09:00,811.4940795898438,812.7483427148203,792.8596490566066,797.3390821021242,2171300
2023-09-20 09:00:00+09:00,794.6514892578125,811.494147992549,789.0969808770526,806.4772044309113,2440500
2023-09-21 09:00:00+09:00,803.6102905273438,812.3899683840573,799.1308574697777,799.6683675644539,1567400
2023-09-22 09:00:00+09:00,807.641845703125,813.375542353506,793.5764138268651,801.908149052744,2228600
2023-09-25 09:00:00+09:00,783.4528198242188,799.4892115933663,778.4358768124982,799.1308350865672,2075300
2023-09-26 09:00:00+09:00,788.8282470703125,794.9202657538185,778.4359831208367,782.6466069075785,1393500
2023-09-27 09:00:00+09:00,775.3003540039062,779.4214108557377,765.5351673289975,779.0630343118465,2475200
2023-09-28 09:00:00+09:00,773.5782470703125,786.0860037972914,769.7715240699737,779.5602008423997,1556400
2023-09-29 09:00:00+09:00,747.6563720703125,766.4179794616929,742.490109103485,765.8741855998471,1979800
2023-10-02 09:00:00+09:00,755.9948120117188,771.7654972664064,751.4630122626501,751.5536814495241,1722100
2023-10-03 09:00:00+09:00,749.2877807617188,762.4300000197536,746.2061348077683,752.2787575288935,1626800
2023-10-04 09:00:00+09:00,722.5501708984375,745.390452945629,722.0969909186116,741.4024469952321,1862900
2023-10-05 09:00:00+09:00,745.9342041015625,750.9191835943433,723.3658202699547,725.0879262226609,1651000
2023-10-06 09:00:00+09:00,746.8406982421875,753.5477848931678,735.9643773940004,747.0219813202897,1311300
2023-10-10 09:00:00+09:00,759.6203002929688,760.8892264316245,748.381469389864,754.2728094396622,1432000
2023-10-11 09:00:00+09:00,751.4630737304688,760.4360600955214,750.7379967752724,756.9919030684698,1775800
2023-10-12 09:00:00+09:00,753.1851196289062,755.9948133503756,750.5566536418637,754.091479580325,1361000
2023-10-13 09:00:00+09:00,730.8887329101562,748.8346500127192,726.538160613926,742.5807438267568,2193700
2023-10-16 09:00:00+09:00,734.6047973632812,736.0549512696277,717.8371369669571,720.1936508947266,1893300
2023-10-17 09:00:00+09:00,739.77099609375,747.0218756333705,734.15155338658,745.0278726960107,1568000
2023-10-18 09:00:00+09:00,755.8136596679688,762.7019738457153,745.3905192054308,747.7470331820739,1792200
2023-10-19 09:00:00+09:00,752.27880859375,764.4240548604224,746.5687515924853,750.9192685782191,1126000
2023-10-20 09:00:00+09:00,744.12158203125,761.0705255970232,740.6774249932436,752.2788222727619,1120100
2023-10-23 09:00:00+09:00,743.3057250976562,757.2636895585598,743.3057250976562,746.4779847187873,1230300
2023-10-24 09:00:00+09:00,745.9342041015625,750.9191835943433,726.5380799471789,741.4024045626709,1704600
2023-10-25 09:00:00+09:00,754.0914306640625,760.707846816262,741.0398260823343,743.2151119525615,1305400
2023-10-26 09:00:00+09:00,752.1881713867188,754.091505221488,740.1335393671033,749.378422249889,1722400
2023-10-27 09:00:00+09:00,768.955810546875,768.955810546875,750.1941483510482,752.7319451696546,1595500
2023-10-30 09:00:00+09:00,752.0068969726562,767.5962999103458,745.2998108990544,755.9042338771227,2459800
2023-10-31 09:00:00+09:00,773.4876098632812,778.8351004206718,748.6533248996968,765.6022671690174,2432000
2023-11-01 09:00:00+09:00,797.5062255859375,800.4065334735759,777.2943523300605,784.4546188122569,1505600
2023-11-02 09:00:00+09:00,805.57275390625,816.6303569286268,795.5121800720178,808.745013894319,1685500
2023-11-06 09:00:00+09:00,793.9713134765625,817.5366720957298,793.9713134765625,815.7239522019478,2033900
2023-11-07 09:00:00+09:00,781.2823486328125,797.8687261767133,781.0104516868128,790.5272320355883,1331300
2023-11-08 09:00:00+09:00,738.9552612304688,785.0890051292629,727.1725817997958,784.4545420959546,4011700
2023-11-09 09:00:00+09:00,745.8436279296875,749.0158877672208,712.127026592512,723.2752429575934,2559700
2023-11-10 09:00:00+09:00,754.0914306640625,757.7168702345627,739.6802862433967,740.6773153171749,1230800
2023-11-13 09:00:00+09:00,725.0879516601562,748.5626962230821,720.6467658283096,744.3027934431145,2130000
2023-11-14 09:00:00+09:00,725.0879516601562,740.2241737150262,719.9216889406135,740.2241737150262,1607400
2023-11-15 09:00:00+09:00,701.7039184570312,724.1816352454923,693.3653954478118,722.3689152573934,2569600
2023-11-16 09:00:00+09:00,694.9061889648438,708.1390221875776,692.4590060209624,701.4319917085868,1925900
2023-11-17 09:00:00+09:00,715.661865234375,717.8371514576318,690.011887174286,693.3654303852126,1559900
2023-11-20 09:00:00+09:00,714.57421875,727.5351551894546,708.8641067129157,709.6798528095912,1491000
2023-11-21 09:00:00+09:00,713.1240234375,718.1090033431407,706.1450405056385,710.7675096100355,1208000
2023-11-22 09:00:00+09:00,721.4625244140625,727.0819672008498,703.5166083632046,706.9607651293577,1159900
2023-11-24 09:00:00+09:00,735.2392578125,736.8706947812609,721.8251406073842,728.2602746085402,1170400
2023-11-27 09:00:00+09:00,738.1395874023438,738.1395874023438,726.4475215710257,735.0579413525912,1025500
2023-11-28 09:00:00+09:00,739.1365356445312,746.8405951822118,734.2421698103117,738.1395618322892,957000
2023-11-29 09:00:00+09:00,723.9097290039062,745.0279055297759,718.1996721787741,736.7800518178987,1224400
2023-11-30 09:00:00+09:00,726.0849609375,728.9853239497975,717.837107212358,723.9097301681444,1197800
2023-12-01 09:00:00+09:00,733.8797607421875,736.5988409558897,723.6379030012083,726.0850309376774,1064200
2023-12-04 09:00:00+09:00,734.6953735351562,740.133533384624,726.3569060218306,730.2542428499846,1117000
2023-12-05 09:00:00+09:00,725.6318359375,746.8406832949228,724.9974281565823,738.6834428220412,1039400
2023-12-06 09:00:00+09:00,741.4024658203125,746.2061626644746,728.2602460716639,728.2602460716639,1133600
2023-12-07 09:00:00+09:00,749.1972045898438,750.6474138799118,725.1786629638807,727.8071292697475,1031200
2023-12-08 09:00:00+09:00,760.0734252929688,770.3153368942297,746.9312061329365,753.3663949135344,2037000
2023-12-11 09:00:00+09:00,760.0734252929688,771.3123107025798,755.7229086349912,768.5932308763662,1343000
2023-12-12 09:00:00+09:00,753.2757568359375,762.2487427609335,748.381446138522,758.9858689626566,979900
2023-12-13 09:00:00+09:00,759.7109375,762.5206312775252,752.9132377287398,753.4570315825117,910500
2023-12-14 09:00:00+09:00,734.0609741210938,760.3454136911663,733.6984079990945,755.7229445748802,1146200
2023-12-15 09:00:00+09:00,723.819091796875,736.3269043624804,718.290317787889,726.9913518754335,1228100
2023-12-18 09:00:00+09:00,708.7734985351562,719.9217151335733,696.2657419779122,719.6498182057725,1260800
2023-12-19 09:00:00+09:00,706.5076293945312,717.5652326055306,699.7099293041413,711.1300433280664,1087000
2023-12-20 09:00:00+09:00,697.5345458984375,706.5981447553289,695.3593153646739,699.7098317520183,1123700
2023-12-21 09:00:00+09:00,683.4860229492188,690.8275718089608,677.0508893682921,690.8275718089608,1139600
2023-12-22 09:00:00+09:00,695.721923828125,697.7159269206248,683.576732846217,684.1205267260693,710300
2023-12-25 09:00:00+09:00,701.975830078125,710.0424563218656,697.7159269530016,709.3173240555957,684000
2023-12-26 09:00:00+09:00,700.9788208007812,700.9788208007812,700.9788208007812,700.9788208007812,575300
2023-12-27 09:00:00+09:00,710.0424194335938,710.6768271538836,697.7158907051202,703.2447196891561,772800
2023-12-28 09:00:00+09:00,708.8641967773438,708.8641967773438,700.9789083334553,702.0664961741094,646300
2023-12-29 09:00:00+09:00,712.126953125,715.9336756012788,705.8730479625553,705.8730479625553,842600
2024-01-04 09:00:00+09:00,694.9061889648438,708.7734852204092,688.1084892984076,708.6828713527854,1583900
2024-01-05 09:00:00+09:00,701.8851928710938,705.2386805518955,692.9122069126411,698.9848298619095,1450700
2024-01-09 09:00:00+09:00,693.3653564453125,701.79449285186,690.1930966445823,698.3503361321742,1397300
2024-01-10 09:00:00+09:00,694.9061889648438,704.8761484756168,689.0148492539324,690.1931061321504,1192500
2024-01-11 09:00:00+09:00,710.1329956054688,723.2752144137385,705.1480160575044,706.9607358931278,1134200
2024-01-12 09:00:00+09:00,704.0604248046875,714.2116676937409,701.3413448515388,709.6798677718263,747500
2024-01-15 09:00:00+09:00,715.29931640625,715.6618272109814,702.7915595866319,702.7915595866319,149200
2024-01-16 09:00:00+09:00,704.4229736328125,720.4655560265101,698.2597369542805,702.7915367649396,591000
2024-01-17 09:00:00+09:00,702.7008056640625,713.3958412109474,701.9757288222057,704.3322423881947,704100
2024-01-18 09:00:00+09:00,706.8702392578125,709.045470229413,695.9032492416155,701.5226927279498,592300
2024-01-19 09:00:00+09:00,704.7855224609375,711.4019947974285,701.2507516097555,711.4019947974285,677600
2024-01-22 09:00:00+09:00,711.9457397460938,712.7614858279006,701.2507034147634,708.2296860841317,982100
2024-01-23 09:00:00+09:00,708.0484008789062,719.2872310174096,705.7825010139071,713.5771744215759,705000
2024-01-24 09:00:00+09:00,734.876708984375,734.876708984375,703.2447767967852,704.151136836312,1199800
2024-01-25 09:00:00+09:00,731.4325561523438,744.3028798524471,727.5352190236758,737.7770764659329,1148700
2024-01-26 09:00:00+09:00,727.172607421875,738.1395964702799,719.1060367193106,724.1816305249731,957200
2024-01-29 09:00:00+09:00,725.0879516601562,730.8886774013657,720.7374350141595,727.1725684572151,879100
2024-01-30 09:00:00+09:00,715.4805908203125,725.4505506070064,714.574230839704,725.0879844868339,688200
2024-01-31 09:00:00+09:00,732.8826904296875,733.3358704399259,711.8551822104839,716.6588792550464,1115700
2024-02-01 09:00:00+09:00,727.8976440429688,727.9883132286565,715.1179910457448,724.2722042911525,1051400
2024-02-02 09:00:00+09:00,722.00634765625,726.7194306796395,715.208647714772,725.2692768200536,756200
2024-02-05 09:00:00+09:00,729.4385375976562,744.6653749649972,722.5502235304718,729.2572545285565,1372100
2024-02-06 09:00:00+09:00,720.918701171875,725.5411146274577,717.2932614985335,723.3658286955251,1044700
2024-02-07 09:00:00+09:00,719.4684448242188,721.5530614354166,711.0393092016611,716.4774683542552,1127600
2024-02-08 09:00:00+09:00,706.5982055664062,719.2872450580952,703.3353318250436,715.8430882600297,1070900
2024-02-09 09:00:00+09:00,695.5405883789062,700.9787476146449,676.5976449131565,700.4348984991811,1250200
2024-02-13 09:00:00+09:00,705.5106201171875,711.0393937854232,680.4950518475662,697.8971742699501,1265900
2024-02-14 09:00:00+09:00,708.5015869140625,717.3839033968949,704.1510702000039,708.8640977036715,992700
2024-02-15 09:00:00+09:00,710.1329956054688,724.1815743315501,705.5105821525568,716.4775150301507,985500
2024-02-16 09:00:00+09:00,745.2997436523438,759.438991453957,717.2025864150756,723.547105791233,3457900
2024-02-19 09:00:00+09:00,788.5330810546875,789.3488270595669,756.8104858398438,756.8104858398438,2101400
2024-02-20 09:00:00+09:00,794.2432861328125,802.4005264326768,785.360968870259,788.6238428622742,1735000
2024-02-21 09:00:00+09:00,805.1195068359375,808.5636634720971,788.5331313440439,796.1465768090866,1398800
2024-02-22 09:00:00+09:00,802.1286010742188,806.569787208096,797.3249041317504,804.8476810778601,769300
2024-02-26 09:00:00+09:00,793.8807983398438,810.1952794128138,790.3459719794357,806.6604530524057,1270700
2024-02-27 09:00:00+09:00,807.8386840820312,817.9899274871108,792.3399496891533,796.6904667713799,1873100
2024-02-28 09:00:00+09:00,826.69091796875,840.6488838281658,808.4731044471416,809.0168983087508,1632300
2024-02-29 09:00:00+09:00,831.404052734375,835.1201620862767,817.4461413252741,828.5036895455272,2533700
2024-03-01 09:00:00+09:00,859.0480346679688,859.9543947077788,832.5823104415509,835.6639567048356,1229400
2024-03-04 09:00:00+09:00,843.367919921875,858.3228588565455,841.3739169999549,858.3228588565455,1096900
2024-03-05 09:00:00+09:00,842.82421875,849.5312498177055,825.0595288705114,843.3680126431182,1275900
2024-03-06 09:00:00+09:00,854.8787231445312,858.322879919738,842.7334775837362,847.7184573509575,1219600
2024-03-07 09:00:00+09:00,899.8341674804688,901.0124243779343,856.1476058465589,859.2292518736127,2133700
2024-03-08 09:00:00+09:00,956.6629638671875,966.1797437067,894.9398710359927,906.3599847154784,4765700
2024-03-11 09:00:00+09:00,903.7315063476562,955.7565908910889,892.9458558680429,952.5843309877044,2434500
2024-03-12 09:00:00+09:00,885.151123046875,902.6439146935517,874.1841895567258,902.6439146935517,1594500
2024-03-13 09:00:00+09:00,876.268798828125,906.3599605834603,860.1356025937038,898.7465147866304,1862700
2024-03-14 09:00:00+09:00,883.972900390625,888.6859834730087,869.1086295244296,877.8096634305037,1072500
2024-03-15 09:00:00+09:00,885.8762817382812,907.719535502115,878.2628356480773,879.6223756413406,1913900
2024-03-18 09:00:00+09:00,905.4536743164062,945.3335158278395,893.761607745351,927.6594951579998,2581700
2024-03-19 09:00:00+09:00,902.2813720703125,919.5022119189674,890.0455121778472,900.0154720902264,2214200
2024-03-21 09:00:00+09:00,946.23974609375,954.8501652392391,900.9217505911757,908.1726298715876,1724600
2024-03-22 09:00:00+09:00,951.2247924804688,955.7565923493609,934.9103129524568,955.7565923493609,1344900
2024-03-25 09:00:00+09:00,926.753173828125,948.9589955971118,926.753173828125,948.9589955971118,1181900
2024-03-26 09:00:00+09:00,937.6293334960938,941.2547731616175,917.2362353775223,930.8316341232367,687300
2024-03-27 09:00:00+09:00,940.8015747070312,953.0374333376141,934.0038754678186,939.4420348591888,1576800
2024-03-28 09:00:00+09:00,935.7484741210938,952.2860023824385,929.776588915608,941.7203593265793,869600
2024-03-29 09:00:00+09:00,955.0422973632812,957.3391763853189,936.2078893825719,936.2078893825719,487900
2024-04-01 09:00:00+09:00,934.8297729492188,968.8235828746449,932.0735180904005,960.0954424883869,1061200
2024-04-02 09:00:00+09:00,924.26416015625,939.423562385453,909.5641337521745,934.370428309052,1167000
2024-04-03 09:00:00+09:00,933.4515991210938,950.9078790259173,910.115286712608,920.5890770859605,1198000
2024-04-04 09:00:00+09:00,935.7484741210938,944.4766140368034,927.4797099904213,936.2078499061311,1056600
2024-04-05 09:00:00+09:00,918.6597900390625,918.6597900390625,900.5603714612068,909.564126345151,1053200
2024-04-08 09:00:00+09:00,920.5891723632812,927.4798098809705,911.2178941239936,917.5573030707283,870400
2024-04-09 09:00:00+09:00,917.7410278320312,931.6141550477461,915.6278542170587,926.5610210706626,785300
2024-04-10 09:00:00+09:00,912.7797241210938,920.1297369977608,906.5322243911563,909.5640934875519,485700
2024-04-11 09:00:00+09:00,928.3984985351562,928.8578743384888,901.7547019418663,902.857215085094,909500
2024-04-12 09:00:00+09:00,941.7203979492188,943.0985253608518,925.6422448135004,927.9391238328888,1090100
2024-04-15 09:00:00+09:00,932.0735473632812,934.3704264844328,915.9953935152207,931.1547957148207,584000
2024-04-16 09:00:00+09:00,906.5321655273438,929.776568525246,902.214022027462,923.345307675763,1139500
2024-04-17 09:00:00+09:00,884.5740966796875,906.5322840236178,883.0122076254237,906.1647609251493,783500
2024-04-18 09:00:00+09:00,941.260986328125,962.3922725024021,891.1890256108162,893.9452803292002,2452900
2024-04-19 09:00:00+09:00,930.2359619140625,950.9078721788194,910.4828032166281,950.4484963951581,1511200
2024-04-22 09:00:00+09:00,949.52978515625,958.2579254165155,926.5609949976566,944.4766513213594,1282200
2024-04-23 09:00:00+09:00,954.1235961914062,965.6079919086836,949.5298379044954,956.4204753348617,958500
2024-04-24 09:00:00+09:00,950.9078979492188,974.3360635508661,946.7735157842221,950.9078979492188,1294300
2024-04-25 09:00:00+09:00,948.611083984375,961.4736071570444,938.0454399496822,940.8016949152542,938400
2024-04-26 09:00:00+09:00,965.6078491210938,971.5797340109958,951.8265762982428,955.5015823843363,1530800
2024-04-30 09:00:00+09:00,968.3642578125,969.7423853141306,937.5860769427478,955.9611102978237,1237500
2024-05-01 09:00:00+09:00,955.0422973632812,959.1766796029491,930.2360039252738,951.8266667324284,1052900
2024-05-02 09:00:00+09:00,964.2298583984375,974.3361265665011,956.4204693594792,959.1767243144056,1015400
2024-05-07 09:00:00+09:00,948.151611328125,964.2297636520032,946.3141082053961,964.2297636520032,810000
2024-05-08 09:00:00+09:00,954.5829467773438,960.0954565758655,941.7204239141264,946.3141820795612,793900
2024-05-09 09:00:00+09:00,963.7703857421875,973.8766528948702,956.8797490471767,964.6891373015224,982100
2024-05-10 09:00:00+09:00,974.7954711914062,978.929853491464,957.33919036894,963.7704517245854,1366100
2024-05-13 09:00:00+09:00,1006.951904296875,1017.5175492780921,964.2299485032576,973.8768417469776,2332700
2024-05-14 09:00:00+09:00,981.2267456054688,1001.898657380865,971.1204776263862,995.4673959396306,1380900
2024-05-15 09:00:00+09:00,970.2017211914062,983.9829956401478,958.7173258174549,972.0392244512384,1408300
2024-05-16 09:00:00+09:00,946.3140869140625,969.2828754313941,938.0453230478231,965.1484934982744,1059100
2024-05-17 09:00:00+09:00,955.5017700195312,960.0955285292405,935.7486084277813,938.9642393845778,803100
2024-05-20 09:00:00+09:00,962.8516845703125,967.9048184110918,946.3141556368529,947.2329072442674,1155300
2024-05-21 09:00:00+09:00,962.392333984375,970.661098667773,953.2048176694883,959.1767032741647,1039400
2024-05-22 09:00:00+09:00,964.689208984375,977.5517317708333,959.6360750325521,961.0142024739583,1075200
2024-05-23 09:00:00+09:00,959.6360473632812,970.201690776089,949.5297797510303,966.5266843716341,905900
2024-05-24 09:00:00+09:00,952.745361328125,963.3110041972411,947.2328520051079,949.5297308896984,747200
2024-05-27 09:00:00+09:00,966.9859619140625,968.3640891756978,953.6640650515885,961.9328286214,677300
2024-05-28 09:00:00+09:00,978.0110473632812,986.7391872880828,961.9328948702259,966.5266527253847,949100
2024-05-29 09:00:00+09:00,978.9297485351562,997.304779009772,973.4172393927714,982.1453788682139,1561700
2024-05-30 09:00:00+09:00,980.7674560546875,986.2799663463297,961.4736700339395,972.9580664748609,1193300
2024-05-31 09:00:00+09:00,998.2236938476562,1002.8174522178709,983.9830428999907,987.1986737591409,1575800
2024-06-03 09:00:00+09:00,990.8734741210938,1007.8703765515436,990.8734741210938,1007.8703765515436,1335300
2024-06-04 09:00:00+09:00,952.2860107421875,988.5766980787205,947.2328770624172,981.2266854535999,1917700
2024-06-05 09:00:00+09:00,935.7484741210938,945.8547413919155,923.8047037101225,932.5328436258322,1953000
2024-06-06 09:00:00+09:00,932.9923095703125,950.4485910886146,928.8579271054514,941.2610745000345,1520200
2024-06-07 09:00:00+09:00,929.3172607421875,950.4485479365229,925.1828784650348,935.2891462536301,991900
2024-06-10 09:00:00+09:00,941.7203979492188,948.1516592035061,932.5328818716654,932.5328818716654,882500
2024-06-11 09:00:00+09:00,936.2078857421875,953.6641662417965,935.2891341369449,949.0704082155836,987200
2024-06-12 09:00:00+09:00,934.370361328125,937.585991873502,923.8047181076005,927.939100237371,1036700
2024-06-13 09:00:00+09:00,921.9671630859375,940.3421937403657,917.0058823787845,935.289060310398,835800
2024-06-14 09:00:00+09:00,920.5891723632812,927.4798098809705,912.3204073420542,917.8329173562055,1702800
2024-06-17 09:00:00+09:00,914.0659790039062,935.2891182950744,907.083433276644,927.0203539879471,1091600
2024-06-18 09:00:00+09:00,923.8047485351562,927.9391308011018,914.6172323886108,927.9391308011018,871500
2024-06-19 09:00:00+09:00,934.370361328125,952.2860172237971,927.939100237371,927.939100237371,1248000
2024-06-20 09:00:00+09:00,924.26416015625,933.9110524839247,917.2816700447744,930.6954217080331,751800
2024-06-21 09:00:00+09:00,929.776611328125,938.504751454229,925.6422291631284,932.0734903086786,1350100
2024-06-24 09:00:00+09:00,922.885986328125,929.7766233589472,909.5640880685353,928.8578717548376,1436300
2024-06-25 09:00:00+09:00,945.854736328125,946.3141121107029,929.3172081553165,935.2890933288307,1092700
2024-06-26 09:00:00+09:00,955.9611206054688,956.4204964442989,934.3704561804534,940.801717924075,1027400
2024-06-27 09:00:00+09:00,956.8798217773438,964.6892106252625,953.6641910752595,955.9610701481768,879700
2024-06-28 09:00:00+09:00,964.2298583984375,971.1204957857536,959.1767243144056,960.0954759660478,763700
2024-07-01 09:00:00+09:00,969.282958984375,972.0392138440462,949.9891749666766,972.0392138440462,1009400
2024-07-02 09:00:00+09:00,979.38916015625,985.3610452791539,966.5266383530721,969.2828930251817,1105200
2024-07-03 09:00:00+09:00,965.6078491210938,983.0641280300383,960.0953399919533,978.929746183183,849600
2024-07-04 09:00:00+09:00,969.742431640625,974.3361901988468,960.0955386683592,966.5268006498698,817900
2024-07-05 09:00:00+09:00,964.689208984375,981.2267382812499,964.689208984375,974.7954768880207,873500
2024-07-08 09:00:00+09:00,961.4735717773438,967.4454573163334,954.1235588062794,960.5548201559607,1145900
2024-07-09 09:00:00+09:00,960.0953979492188,970.2016652960526,959.6360221607263,964.6891558341432,1017600
2024-07-10 09:00:00+09:00,964.689208984375,967.4454638671874,955.5016927083333,961.9329541015625,1063800
2024-07-11 09:00:00+09:00,960.0953979492188,972.9579200270073,957.7985190067565,969.2829137190677,875400
2024-07-12 09:00:00+09:00,961.9329223632812,966.0673045510891,952.2860305917297,956.8797885781829,993800
2024-07-16 09:00:00+09:00,963.7703857421875,977.0922833525419,956.4203732675093,957.339124826844,813600
2024-07-17 09:00:00+09:00,991.7922973632812,993.1704246870839,972.4985148300447,972.9578906046455,1004900
2024-07-18 09:00:00+09:00,984.9016723632812,991.3329332835639,967.9047685025344,984.442296583261,1165200
2024-07-19 09:00:00+09:00,981.6861572265625,985.3611638984448,971.1205130449009,983.0642847285184,611100
2024-07-22 09:00:00+09:00,972.9580078125,986.739282710694,972.0392561526204,983.0642760711756,681300
2024-07-23 09:00:00+09:00,986.7391967773438,987.6579483572109,972.0391714994689,972.9579230793362,802500
2024-07-24 09:00:00+09:00,972.9580078125,995.9267993094901,969.7423770029213,983.0642760711756,939600
2024-07-25 09:00:00+09:00,919.6703491210938,961.9329226071779,919.6703491210938,959.1766678146073,1102600
2024-07-26 09:00:00+09:00,909.9317016601562,923.3454539840907,907.3591520518153,918.7516955065579,1004800
2024-07-29 09:00:00+09:00,937.5859985351562,944.4766354670658,915.5359603530458,918.5678293878566,934800
2024-07-30 09:00:00+09:00,928.8578491210938,943.0984986377871,923.804715421622,934.8297344022877,1298100
2024-07-31 09:00:00+09:00,992.7109985351562,994.0891257890228,928.8577691060092,932.5327751163198,2191500
2024-08-01 09:00:00+09:00,1012.0049438476562,1039.5674933850414,995.9267899508483,997.7642932533406,2374400
2024-08-02 09:00:00+09:00,910.8504028320312,970.2017366391559,910.8504028320312,956.8798377932584,1869800
2024-08-05 09:00:00+09:00,773.0376586914062,800.6920608526439,773.0376586914062,800.6002081183475,2109600
2024-08-06 09:00:00+09:00,785.6244506835938,828.6220693273871,753.3762927768948,796.925139936164,3178400
2024-08-07 09:00:00+09:00,825.1307373046875,849.1101861926489,759.807525109637,759.9912866332356,2571700
2024-08-08 09:00:00+09:00,812.1763916015625,840.2901673419275,797.476366414204,797.5682191411665,2498800
2024-08-09 09:00:00+09:00,845.8026733398438,852.785218921067,812.9113783324173,838.3608080495336,2034200
2024-08-13 09:00:00+09:00,867.9447021484375,872.9978362652287,822.2827335505668,822.2827335505668,1617000
2024-08-14 09:00:00+09:00,886.9627685546875,916.6384323962357,875.018998407997,876.9483542320046,1104700
2024-08-15 09:00:00+09:00,907.910400390625,924.7235445304947,889.3516056686725,890.2703573274212,1369900
2024-08-16 09:00:00+09:00,946.7735595703125,959.1767066389192,936.6672915884849,943.5579288488219,1613300
2024-08-19 09:00:00+09:00,926.1016235351562,948.1516621907552,921.9672412872314,945.3954073588053,1018100
2024-08-20 09:00:00+09:00,901.9384765625,941.2610346829769,900.5603491325103,941.2610346829769,2020400
2024-08-21 09:00:00+09:00,895.9666137695312,898.2634928778022,880.2559270232684,882.0015775760144,1252800
2024-08-22 09:00:00+09:00,874.743408203125,891.6484606972945,873.1815752864193,891.6484606972945,1376700
2024-08-23 09:00:00+09:00,867.02587890625,882.6446557958836,865.3721372743415,878.3265121464616,1221800
2024-08-26 09:00:00+09:00,852.8770751953125,871.8952439982808,848.650840384051,868.2202377011331,1268300
2024-08-27 09:00:00+09:00,862.9833984375,863.902150071326,846.1702547537147,846.4458690286326,846100
2024-08-28 09:00:00+09:00,874.6514892578125,874.6514892578125,854.6227163702891,859.032712663923,832000
2024-08-29 09:00:00+09:00,849.5696411132812,863.4427682572356,847.732137858392,859.0327716607311,1751200
2024-08-30 09:00:00+09:00,843.5057983398438,849.8452066360194,834.3182825924273,839.8307920408771,1774200
2024-09-02 09:00:00+09:00,839.3713989257812,848.8345848111818,831.9295337544598,836.523291533336,1797200
2024-09-03 09:00:00+09:00,850.9478149414062,854.0715369993092,843.3221872331566,845.8946807150038,1461300
2024-09-04 09:00:00+09:00,811.5333251953125,833.7671264491876,810.614573540823,827.2440121327727,1920300
2024-09-05 09:00:00+09:00,802.621337890625,813.9220269044132,786.267571388689,798.5788646848779,1366100
2024-09-06 09:00:00+09:00,795.9144287109375,808.5931884422414,789.8506911234876,797.4763175065359,1664700
2024-09-09 09:00:00+09:00,767.1575927734375,773.6807067605728,752.273805506795,768.3519586487533,2222100
2024-09-10 09:00:00+09:00,783.6951904296875,793.1583216076876,778.7339088804453,778.7339088804453,1698300
2024-09-11 09:00:00+09:00,754.66259765625,772.3025837721212,749.0581791689768,769.913852007807,1697100
2024-09-12 09:00:00+09:00,766.3306884765625,771.6594926268472,759.5319602703005,763.2988194064627,1216700
2024-09-13 09:00:00+09:00,753.743896484375,770.7408024692572,753.3763733839708,763.9420176448435,1679600
2024-09-17 09:00:00+09:00,739.5032348632812,760.0832384377361,722.4144203115768,755.213865846414,2206100
2024-09-18 09:00:00+09:00,748.3231811523438,748.3231811523438,734.4500543680693,742.3512957287829,1644400
2024-09-19 09:00:00+09:00,762.83935546875,774.2318964429634,762.1043654876069,762.1043654876069,1449300
2024-09-20 09:00:00+09:00,770.3732299804688,784.7976415662331,770.3732299804688,776.6207297537509,2284100
2024-09-24 09:00:00+09:00,758.6132202148438,776.0695009112137,757.1431839841973,775.0588404883664,1460200
2024-09-25 09:00:00+09:00,756.5000610351562,764.768825119978,750.8956428430898,760.542534275382,1596000
2024-09-26 09:00:00+09:00,781.03076171875,784.5220628786557,757.970117542758,761.7369769085707,1611400
2024-09-27 09:00:00+09:00,767.5952758789062,784.7628032356934,764.1430917915468,782.7102055674796,1550100
2024-09-30 09:00:00+09:00,784.2030029296875,799.2245962688747,773.5665563157916,795.5858538619096,1937700
2024-10-01 09:00:00+09:00,794.0930786132812,808.5548845956303,784.7628812053141,788.1217864403857,1323100
2024-10-02 09:00:00+09:00,782.616943359375,796.6122394028081,777.85856548341,791.6672461901961,1075800
2024-10-03 09:00:00+09:00,779.5379638671875,796.798828417209,778.4183288312989,794.3729999619534,1149800
2024-10-04 09:00:00+09:00,791.3873291015625,802.9567393328306,786.9088458847166,786.9088458847166,2159100
2024-10-07 09:00:00+09:00,813.4998779296875,823.109969198911,800.6241608488814,808.4615489026762,1578100
2024-10-08 09:00:00+09:00,789.7078247070312,807.0619667626662,778.4182532003026,799.5045306619537,1243800
2024-10-09 09:00:00+09:00,786.069091796875,797.6385587754164,784.2030524098201,790.4542957458546,1369000
2024-10-10 09:00:00+09:00,795.8657836914062,799.1313525576664,785.6025672545886,790.1743864461534,921400
2024-10-11 09:00:00+09:00,791.7604370117188,803.0500087281921,788.2149737991813,802.676778096557,1390400
2024-10-15 09:00:00+09:00,803.703125,809.8610317251012,800.6241146904509,803.0499998753381,1155800
2024-10-16 09:00:00+09:00,799.2245483398438,810.5141194103709,791.2006027417797,792.7867474149773,740400
2024-10-17 09:00:00+09:00,799.3179321289062,813.1266113277458,798.4781916792001,803.5165204834385,839800
2024-10-18 09:00:00+09:00,812.66015625,818.7247842817163,803.2366800872111,809.1146927900894,1300600
2024-10-21 09:00:00+09:00,792.786865234375,812.660173824847,789.5212962235978,808.5548642896397,1118400
2024-10-22 09:00:00+09:00,785.2293701171875,794.3730088905473,780.9375022028789,788.4016599300272,1307200
2024-10-23 09:00:00+09:00,771.0474853515625,787.65522424507,770.1144656727474,783.7365302046464,850500
2024-10-24 09:00:00+09:00,766.4756469726562,769.461321259576,757.6119602456444,767.6885611353736,1079400
2024-10-25 09:00:00+09:00,773.5665893554688,779.2580435381662,761.1574390739178,766.4756626080115,1274800
2024-10-28 09:00:00+09:00,769.6478881835938,780.8441233452588,760.6908658860635,763.2100301868376,970300
2024-10-29 09:00:00+09:00,785.1361083984375,788.4016774767435,772.6336211484065,773.4733616902016,908100
2024-10-30 09:00:00+09:00,790.2676391601562,792.8800827762444,781.4972317200749,787.0020704032961,3855900
2024-10-31 09:00:00+09:00,790.0810546875,803.2366663612329,786.0690814475538,796.6121924562036,1095700
2024-11-01 09:00:00+09:00,789.3345947265625,798.6647908817228,783.2699672257082,786.1623052550087,789500
2024-11-05 09:00:00+09:00,788.7748413085938,793.2533242756439,776.6455857598745,785.6025516939746,1102800
2024-11-06 09:00:00+09:00,823.3898315429688,823.3898315429688,792.7867987685054,793.0666932708481,1408400
2024-11-07 09:00:00+09:00,855.9522094726562,869.1077631407544,838.7846259404597,859.8708462609426,2867000
2024-11-08 09:00:00+09:00,846.5287475585938,861.4570624965061,842.5167743084302,852.873270017806,1892400
2024-11-11 09:00:00+09:00,885.2490844726562,889.8209038047081,850.9139707274409,851.7537112405128,2722700
2024-11-12 09:00:00+09:00,897.5648803710938,906.521846003482,893.7395226826152,895.698841118763,2324800
2024-11-13 09:00:00+09:00,895.9788208007812,908.5745869515335,889.6342981290624,904.0961037095558,1946500
2024-11-14 09:00:00+09:00,907.4549560546875,913.2396897027431,899.8975191084725,901.5769432135197,1774800
2024-11-15 09:00:00+09:00,903.7228393554688,912.4932471271068,897.005143216429,912.2133526124804,1525000
2024-11-18 09:00:00+09:00,902.13671875,912.8664446820187,897.7515150231663,904.8424415559613,1745500
2024-11-19 09:00:00+09:00,924.7157592773438,926.9550292329523,901.2037094784566,901.3902678522569,2440000
2024-11-20 09:00:00+09:00,920.8904418945312,932.2732935991429,916.3186225956863,920.1440375255573,1249100
2024-11-21 09:00:00+09:00,928.6343994140625,940.0172499592967,922.8496664864521,923.6894069078945,1139600
2024-11-22 09:00:00+09:00,932.8330688476562,938.1512924368478,926.1153157322038,928.6344802688737,868300
2024-11-25 09:00:00+09:00,928.2612915039062,953.5461017560137,928.2612915039062,943.7493952311232,1925400
2024-11-26 09:00:00+09:00,925.4622192382812,934.4191851539169,916.225301868344,928.8210672198945,1422800
2024-11-27 09:00:00+09:00,920.8904418945312,931.1536585721806,915.2923237067225,921.6368462635052,938000
2024-11-28 09:00:00+09:00,929.4741821289062,932.0866257466039,910.627173902588,911.56019354798,872600
2024-11-29 09:00:00+09:00,956.8116455078125,961.0102339083832,929.380845178618,930.5938162741604,1261000
2024-12-02 09:00:00+09:00,974.0725708007812,977.8046496161099,949.8140585011449,957.2782161318022,1404300
2024-12-03 09:00:00+09:00,982.4697265625,998.797571021041,980.6036871958096,981.5367068791547,1810300
2024-12-04 09:00:00+09:00,962.8762817382812,987.6013025387313,962.8762817382812,980.6036551423774,1345800
2024-12-05 09:00:00+09:00,979.670654296875,984.3357526506696,961.0102608816965,978.2711247907366,1268500
2024-12-06 09:00:00+09:00,968.0078735351562,985.7352466408603,961.47673607516,979.6706189994352,1003300
2024-12-09 09:00:00+09:00,969.8739624023438,974.5390608265974,949.8140391780528,971.7400017720452,1267400
2024-12-10 09:00:00+09:00,963.8092651367188,978.7375790207337,963.3427553278433,973.1394613142281,737000
2024-12-11 09:00:00+09:00,968.9410400390625,969.8740598176269,959.144332364137,963.8094312569586,687300
2024-12-12 09:00:00+09:00,979.670654296875,987.6013214983259,972.2064969308036,975.0055559430804,1266300
2024-12-13 09:00:00+09:00,958.2112426757812,976.871636885631,954.0126539785651,966.6084200702137,1597300
2024-12-16 09:00:00+09:00,953.546142578125,966.6084185038528,950.2805735966931,961.94331995895,1209700
2024-12-17 09:00:00+09:00,943.2828369140625,968.0078568727397,942.8163271035214,960.5436999040825,838500
2024-12-18 09:00:00+09:00,942.349853515625,953.546089398979,935.3522060885288,941.4168338586788,985800
2024-12-19 09:00:00+09:00,940.9503173828125,945.6154156345865,923.7827330374841,926.1152821633711,1265300
2024-12-20 09:00:00+09:00,930.0339965820312,944.2159069693907,926.6751485455258,941.4168479566357,1547800
2024-12-23 09:00:00+09:00,940.9503173828125,943.2828665086995,922.756434200894,929.380850939613,1043300
2024-12-24 09:00:00+09:00,949.3475341796875,951.6800834037163,943.2829061972128,949.8140440244932,723400
2024-12-25 09:00:00+09:00,940.9503173828125,945.6154156345865,933.4861601799741,945.6154156345865,900300
2024-12-26 09:00:00+09:00,942.349853515625,947.0149518003559,937.2182454024212,945.1489124864635,1086500
2024-12-27 09:00:00+09:00,948.4144897460938,952.1465684071703,939.0842930934022,942.3498619218442,606300
2024-12-30 09:00:00+09:00,944.682373046875,958.6776674623843,940.017274908372,951.6800202546297,593600
2025-01-06 09:00:00+09:00,932.179931640625,950.7470458946999,921.3569262227833,949.8140262225755,1535600
2025-01-07 09:00:00+09:00,934.8857421875,939.5508407014097,921.077061975728,937.2182914444548,1042000
2025-01-08 09:00:00+09:00,943.7493896484375,945.6154289754735,928.5411805224946,931.9933646669114,1292700
2025-01-09 09:00:00+09:00,924.4359130859375,942.8164126789758,922.2899791520708,941.4168831203232,1370700
2025-01-10 09:00:00+09:00,914.079345703125,923.9693310326498,911.746796620973,921.3568874500394,877800
2025-01-14 09:00:00+09:00,902.8831787109375,914.3593096776957,896.165425454517,905.0291126401681,1538400
2025-01-15 09:00:00+09:00,914.5458984375,917.5315727921666,905.7754906982299,913.7994940855838,1072900
2025-01-16 09:00:00+09:00,932.6464233398438,937.6847522501372,916.7850892221797,918.1846187031501,1185400
2025-01-17 09:00:00+09:00,933.4862060546875,936.2852651433072,905.2157206490285,927.888087877448,1516500
2025-01-20 09:00:00+09:00,940.0172729492188,946.081900516633,934.4191551946824,945.615390703755,798600
2025-01-21 09:00:00+09:00,930.6871337890625,948.8810176074953,924.622505849585,942.3498798265194,710900
2025-01-22 09:00:00+09:00,923.7827758789062,934.88573301184,923.7827758789062,929.2876148500925,990600
2025-01-23 09:00:00+09:00,918.93115234375,922.4766159186569,914.172717565555,920.703855657701,909100
2025-01-24 09:00:00+09:00,920.5172119140625,925.5555410655999,907.828166791158,919.2110185041475,687700
2025-01-27 09:00:00+09:00,926.4885864257812,935.3522738085053,923.9694217802378,925.555566701284,1128500
2025-01-28 09:00:00+09:00,936.7517700195312,937.6847897107858,921.9167341497835,921.9167341497835,1024500
2025-01-29 09:00:00+09:00,936.2852172851562,941.8833351762484,925.5554913272297,933.4861583396101,1221400
2025-01-30 09:00:00+09:00,950.280517578125,951.6800470590942,937.6847522494016,941.4168308653196,1322800
2025-01-31 09:00:00+09:00,952.6131591796875,956.8117480301366,943.2829617342449,956.3452381578645,1135600
2025-02-03 09:00:00+09:00,914.2659912109375,940.4838209813188,909.7874512677115,940.4838209813188,1901900
2025-02-04 09:00:00+09:00,916.7850952148438,928.2612825914163,913.7061417259831,928.2612825914163,1358300
2025-02-05 09:00:00+09:00,912.9597778320312,930.1273631168207,909.6942088770878,919.0244058912118,1303900
2025-02-06 09:00:00+09:00,907.73486328125,923.6894769220114,907.73486328125,919.1176577422837,1055000
2025-02-07 09:00:00+09:00,904.3759765625,913.332999778817,897.7515595244657,909.694200199219,1041500
2025-02-10 09:00:00+09:00,888.8878784179688,896.7252097195266,881.5170000187984,896.7252097195266,1338500
2025-02-12 09:00:00+09:00,890.1007690429688,898.5912252980161,882.5433324619705,886.3686903467718,1658800
2025-02-13 09:00:00+09:00,894.4859619140625,906.1487076964327,889.914142788573,890.1007581104911,951800
2025-02-14 09:00:00+09:00,908.387939453125,911.840123665305,890.0074972786305,894.1127497104912,882800
2025-02-17 09:00:00+09:00,920.7037963867188,927.0483187355406,913.7061488813267,914.3592740378969,1158300
2025-02-18 09:00:00+09:00,937.6846923828125,938.6177119772232,917.2515404864181,926.4884572498834,1256800
2025-02-19 09:00:00+09:00,917.438232421875,952.6130854584685,915.478913888763,942.3498690627358,1047500
2025-02-20 09:00:00+09:00,911.9334716796875,927.4215758210364,900.0841101766781,917.438253705997,1092300
2025-02-21 09:00:00+09:00,939.0843505859375,940.9503900307183,905.4956405798831,909.6942293306399,2298500
2025-02-25 09:00:00+09:00,929.380859375,937.2182472879152,919.5841529573563,930.500494354988,1469300
2025-02-26 09:00:00+09:00,917.8114013671875,932.7397151210196,911.7467739046932,932.0865900048899,1391900
2025-02-27 09:00:00+09:00,918.8377685546875,923.8760976004442,908.2946575706434,920.8904232380329,3124400
2025-02-28 09:00:00+09:00,899.524169921875,917.4381575583991,898.0313613467466,913.7994153013999,1718800
2025-03-03 09:00:00+09:00,908.8544921875,915.3856302685637,895.2324269686549,911.0004831145961,1177000
2025-03-04 09:00:00+09:00,903.0697631835938,909.5075647513088,896.6319046688772,905.0290817157241,869600
2025-03-05 09:00:00+09:00,905.49560546875,912.7731476318032,895.9787932799871,896.631918449736,991200
2025-03-06 09:00:00+09:00,913.892822265625,916.2253715822806,903.4429899376074,905.1224140561984,1019300
2025-03-07 09:00:00+09:00,910.627197265625,912.6798519275503,896.0721132028848,905.0290792496478,1162700
2025-03-10 09:00:00+09:00,897.5648803710938,912.4931943897399,897.5648803710938,912.4931943897399,1113000
2025-03-11 09:00:00+09:00,881.3303833007812,885.7155872675417,863.0432200122949,884.4093938595086,1699400
2025-03-12 09:00:00+09:00,901.2969970703125,907.4549040851601,881.516968767982,886.3686824190444,1923500
2025-03-13 09:00:00+09:00,912.9597778320312,912.9597778320312,894.8591728458293,895.6989133559018,1326500
2025-03-14 09:00:00+09:00,939.0843505859375,941.4168998919134,913.3330290267643,914.8258378037871,2353600
2025-03-17 09:00:00+09:00,956.3451538085938,963.342801275486,944.6824080304402,947.0149571860709,1587600
2025-03-18 09:00:00+09:00,983.4027709960938,988.5343793836445,959.144258618581,971.2735148073374,1980800
2025-03-19 09:00:00+09:00,989.0007934570312,1001.1300484711269,976.8715384429356,978.7375776758734,1421900
2025-03-21 09:00:00+09:00,1031.4532470703125,1034.2523060854287,995.5319897096548,995.5319897096548,2332700
2025-03-24 09:00:00+09:00,1019.79052734375,1030.9867636915315,1016.5249584089804,1030.9867636915315,1270700
2025-03-25 09:00:00+09:00,1014.1923217773438,1034.2522435052306,1008.1276942782152,1030.5201650442284,1332400
2025-03-26 09:00:00+09:00,1003.9291381835938,1013.7258444576902,990.4003533288892,1013.7258444576902,1464800
2025-03-27 09:00:00+09:00,1040.783447265625,1091.1665097060945,991.7999143373908,993.6659536870378,6593800
2025-03-28 09:00:00+09:00,1038.388671875,1078.142481729993,1035.035940923374,1057.5471344557195,2226800
2025-03-31 09:00:00+09:00,1011.5667724609375,1024.4987340406938,981.871156981497,1005.8192339810458,1745400
2025-04-01 09:00:00+09:00,1004.8612060546875,1029.2882420455308,1002.9453600946214,1024.9775886353818,1364600
2025-04-02 09:00:00+09:00,1000.0717163085938,1004.861331808156,985.7028698099072,1002.466524058375,1253900
2025-04-03 09:00:00+09:00,927.5569458007812,951.1218896430895,915.8702720383669,938.7646580029899,2531100
2025-04-04 09:00:00+09:00,862.8970336914062,899.4897042810052,838.3742280796961,895.6580122499892,4239200
2025-04-07 09:00:00+09:00,786.3590698242188,805.9006653291464,750.4369547780457,776.684011758259,2708100
2025-04-08 09:00:00+09:00,876.8827514648438,885.1208660084329,836.6499848280969,842.3975229190606,2477700
2025-04-09 09:00:00+09:00,827.1665649414062,847.6661418774136,800.0573539505624,837.9910838604449,3253700
2025-04-10 09:00:00+09:00,888.2820434570312,919.6061392692881,881.193447880354,919.6061392692881,2349000
2025-04-11 09:00:00+09:00,859.6401977539062,867.3035824150795,838.8532551670767,852.5515435555269,1561400
2025-04-14 09:00:00+09:00,878.702880859375,886.2704970197088,857.0538413750347,865.4835532774774,778500
2025-04-15 09:00:00+09:00,892.8800659179688,899.2023932301207,883.7797967962058,887.9946816709738,1055200
2025-04-16 09:00:00+09:00,885.2166748046875,906.7699436168381,881.6724062624985,895.6580595271449,1103900
2025-04-17 09:00:00+09:00,919.127197265625,924.3957742171216,891.634793116237,899.5855430041893,1604000
2025-04-18 09:00:00+09:00,943.266845703125,943.266845703125,925.6410380716082,929.1853650750852,1000900
2025-04-21 09:00:00+09:00,928.9937744140625,943.266851433565,926.5989667575677,938.6688324264918,987900
2025-04-22 09:00:00+09:00,943.7457885742188,946.3321924697855,924.108366298481,925.3536545542776,810800
2025-04-23 09:00:00+09:00,955.7198486328125,973.7287904669902,949.8764828867604,972.2919058770242,1214300
2025-04-24 09:00:00+09:00,973.2498168945312,977.0815090870294,963.1916248892236,970.3760477501577,942000
2025-04-25 09:00:00+09:00,976.6025390625,987.1396925001533,970.8550008237801,977.0815005823933,914600
2025-04-28 09:00:00+09:00,998.6348266601562,1003.9034036833033,982.350134043156,982.350134043156,1213100
2025-04-30 09:00:00+09:00,1026.41455078125,1029.7672814650898,1005.8192051519483,1005.8192051519483,1456300
2025-05-01 09:00:00+09:00,998.1558837890625,1023.0618847281371,992.4083451108146,1020.6670769455337,951600
2025-05-02 09:00:00+09:00,962.712646484375,989.5344913615515,956.1987815647427,983.7869531735852,1659300
2025-05-07 09:00:00+09:00,986.1817626953125,988.0976087617435,954.8576678157707,969.418109614042,1160900
2025-05-08 09:00:00+09:00,981.8711547851562,985.2238855575933,972.2919240067645,980.4342701683975,821500
2025-05-09 09:00:00+09:00,1012.5247192382812,1017.3143347502883,986.1818339222426,991.4504109854504,1375100
2025-05-12 09:00:00+09:00,1105.4432373046875,1113.1066219653787,1024.9776983674312,1024.9776983674312,4483900
2025-05-13 09:00:00+09:00,1129.3912353515625,1147.5917726473044,1122.685774242605,1130.349158367128,1783000
2025-05-14 09:00:00+09:00,1128.433349609375,1161.960656261606,1103.5273503820033,1142.3232337938707,1655100
2025-05-15 09:00:00+09:00,1092.0323486328125,1117.896272679379,1088.2006561814694,1114.064580228036,1436600
2025-05-16 09:00:00+09:00,1069.042236328125,1110.2329318138861,1066.647428451046,1110.2329318138861,2030200
2025-05-19 09:00:00+09:00,1088.2005615234375,1099.2166763628034,1065.210408815196,1067.605216388971,1235600
2025-05-20 09:00:00+09:00,1087.24267578125,1101.132560185504,1076.7055220952643,1088.6795603747935,1013300
2025-05-21 09:00:00+09:00,1104.96435546875,1125.5597032299795,1101.6116244378522,1101.6116244378522,2160000
2025-05-22 09:00:00+09:00,1104.0062255859375,1105.4431100444008,1088.2004965428416,1091.5532269459227,1425600
2025-05-23 09:00:00+09:00,1104.96435546875,1125.5597032299795,1101.1326628620097,1114.0646254097585,1229600
2025-05-26 09:00:00+09:00,1093.9481201171875,1114.5434656360312,1085.8057742143887,1107.8380043043146,871700
2025-05-27 09:00:00+09:00,1096.343017578125,1097.779902266956,1076.7055934974335,1092.0323635116317,481100
2025-05-28 09:00:00+09:00,1092.990234375,1107.8380421162906,1091.0743882148336,1101.6115420957494,856900
2025-05-29 09:00:00+09:00,1104.96435546875,1113.1067022580733,1093.469277648529,1096.8220086794267,937700
2025-05-30 09:00:00+09:00,1124.6016845703125,1129.8702614571412,1094.9060693900062,1098.737761671336,1524200
2025-06-02 09:00:00+09:00,1150.944580078125,1161.0027724133895,1119.333118453008,1124.6016953905275,2271900
2025-06-03 09:00:00+09:00,1141.84423828125,1167.7081597859428,1141.84423828125,1154.2972375242502,1377300
2025-06-04 09:00:00+09:00,1157.1710205078125,1172.4977889913598,1143.7600980847087,1146.154905660263,1708900
2025-06-05 09:00:00+09:00,1141.3653564453125,1157.6500488998406,1131.7861255897076,1149.5077026725764,981800
2025-06-06 09:00:00+09:00,1134.659912109375,1151.4235663617296,1126.038604208164,1148.549797061326,917200
2025-06-09 09:00:00+09:00,1138.970458984375,1149.507612095248,1130.8281133987002,1148.5496890851687,846800
2025-06-10 09:00:00+09:00,1123.164794921875,1144.239102374567,1117.4172565256863,1140.8863716434569,1159400
2025-06-11 09:00:00+09:00,1108.3170166015625,1125.5596322444562,1105.4432473277468,1122.2069014250046,1124200
2025-06-12 09:00:00+09:00,1126.03857421875,1129.3913049799287,1108.795958875545,1108.795958875545,1210100
2025-06-13 09:00:00+09:00,1132.26513671875,1137.533713920064,1113.5856357322732,1136.5757907925522,2219000
2025-06-16 09:00:00+09:00,1141.84423828125,1155.7341220522887,1137.5335846971345,1142.8021612999423,1181900
2025-06-17 09:00:00+09:00,1142.80224609375,1148.5497846323606,1139.9284768244447,1141.8443230039816,1165500
2025-06-18 09:00:00+09:00,1129.3912353515625,1141.3652730461297,1122.685774242605,1136.09669646052,1351800
2025-06-19 09:00:00+09:00,1132.7440185546875,1139.4494799753072,1126.0385571340678,1134.1809031448204,1309000
2025-06-20 09:00:00+09:00,1122.2069091796875,1138.9705633927856,1120.7700245328506,1130.3492555117639,2688400
2025-06-23 09:00:00+09:00,1120.77001953125,1128.9123658269898,1114.543519422743,1120.77001953125,1391700
2025-06-24 09:00:00+09:00,1122.2069091796875,1139.4495249417314,1119.8121014349592,1133.2230248054377,1071500
2025-06-25 09:00:00+09:00,1119.333251953125,1129.3914454880055,1109.2750584182445,1127.4755991004092,1180500
2025-06-26 09:00:00+09:00,1122.685791015625,1124.1226755604403,1112.6275992019184,1112.6275992019184,1224300
2025-06-27 09:00:00+09:00,1119.8121337890625,1138.0126731748558,1115.9804412867902,1125.559672542471,1212200
2025-06-30 09:00:00+09:00,1121.7279052734375,1129.8702512980526,1119.8120591499987,1128.4333667054734,959000
2025-07-01 09:00:00+09:00,1130.3492431640625,1133.7019739700577,1104.485319803529,1114.0645506778005,1773900
2025-07-02 09:00:00+09:00,1139.928466796875,1141.365351418888,1126.0385821174173,1126.0385821174173,1379200
2025-07-03 09:00:00+09:00,1137.0546875,1139.9284567186185,1125.0806490890902,1136.0967644271273,1129700
2025-07-04 09:00:00+09:00,1157.1710205078125,1161.0027126286993,1136.575675358046,1149.5076362660388,1331500
2025-07-07 09:00:00+09:00,1150.4656982421875,1158.129083409496,1141.3654283560088,1150.4656982421875,1267000
2025-07-08 09:00:00+09:00,1140.4073486328125,1149.5076172695296,1135.1387720536604,1141.8442331543995,1510800
2025-07-09 09:00:00+09:00,1158.12890625,1161.002675248139,1138.4914847627172,1142.3231767602358,1562800
2025-07-10 09:00:00+09:00,1172.018798828125,1179.6821828825794,1158.6078767328297,1158.6078767328297,1668000
2025-07-11 09:00:00+09:00,1205.0672607421875,1215.604414850426,1180.1612601227146,1180.1612601227146,1830600
2025-07-14 09:00:00+09:00,1202.6724853515625,1209.8569088004965,1190.2194847067435,1206.0252162943984,1074800
2025-07-15 09:00:00+09:00,1210.814697265625,1231.8890037053748,1206.9830051856704,1210.814697265625,1300100
2025-07-16 09:00:00+09:00,1210.3358154296875,1220.8729693432026,1204.109315389883,1206.5041230975,1103000
2025-07-17 09:00:00+09:00,1236.19970703125,1237.1576300897786,1207.9409768046542,1210.335784450976,954000
2025-07-18 09:00:00+09:00,1238.115478515625,1249.6105545250546,1232.8469020113032,1242.905093519554,905900
2025-07-22 09:00:00+09:00,1239.073486328125,1251.5264861907192,1224.704640332824,1247.6947939253057,1333300
2025-07-23 09:00:00+09:00,1255.3582763671875,1264.9375077778489,1235.7208519753315,1259.189968931452,2634900
2025-07-24 09:00:00+09:00,1302.775390625,1308.5229291130515,1272.6008135627296,1276.9114674287684,1437200
2025-07-25 09:00:00+09:00,1302.775390625,1309.4808521943933,1292.7171982709099,1302.775390625,1176900
2025-07-28 09:00:00+09:00,1242.9052734375,1301.3385849440028,1238.594619309971,1296.070007677023,1547000
2025-07-29 09:00:00+09:00,1274.03759765625,1281.2220201994244,1241.9471769634047,1249.131599506579,1380600
2025-07-30 09:00:00+09:00,1281.2220458984375,1285.0537379983207,1259.6687778365947,1264.4583929614487,993400
2025-07-31 09:00:00+09:00,1310.438720703125,1316.186258951823,1285.532721625434,1291.7592213948567,1354400
2025-08-01 09:00:00+09:00,1317.6231689453125,1320.4969381251278,1287.448592557252,1288.8854771471597,1888100
2025-08-04 09:00:00+09:00,1262.063720703125,1263.0216438307934,1236.199796256078,1254.879297245612,3028200
2025-08-05 09:00:00+09:00,1282.658935546875,1292.238165834753,1263.979436485513,1274.0376282877849,1376100
2025-08-06 09:00:00+09:00,1304.691162109375,1308.5228542154232,1289.3643936851827,1298.943623950303,1139700
2025-08-07 09:00:00+09:00,1334.86572265625,1338.218453211899,1297.985686544111,1307.564916703108,1292900
2025-08-08 09:00:00+09:00,1343.966064453125,1354.5032182015102,1330.5551415006348,1350.67152592937,1510700
2025-08-12 09:00:00+09:00,1339.1763916015625,1368.3930439219114,1336.7815840343208,1366.9561593815663,1428800
2025-08-13 09:00:00+09:00,1345.8818359375,1356.8979506088747,1326.2444141320063,1337.2605288033808,1082300
2025-08-14 09:00:00+09:00,1350.1925048828125,1350.1925048828125,1328.1602752891235,1335.3446979827177,1019300
2025-08-15 09:00:00+09:00,1391.3831787109375,1397.1307167985558,1355.9400271706245,1357.3769116925291,1860800
2025-08-18 09:00:00+09:00,1375.5775146484375,1395.6938989155803,1372.224783937247,1388.9884374931994,1195200
2025-08-19 09:00:00+09:00,1331.5130615234375,1377.493368683959,1330.0761769246712,1375.5775225522707,1320800
2025-08-20 09:00:00+09:00,1354.0242919921875,1356.4190997247524,1325.286599201409,1331.5130993060777,1274500
2025-08-21 09:00:00+09:00,1354.982177734375,1365.998293000508,1350.6715239345838,1360.2507546007864,700300
2025-08-22 09:00:00+09:00,1380.3671875,1385.6357645515268,1360.2508023941707,1365.5193794456975,943600
2025-08-25 09:00:00+09:00,1383.240966796875,1401.441505833676,1375.5775819392745,1395.2150056368755,974900
2025-08-26 09:00:00+09:00,1355.940185546875,1388.9885334107869,1354.0243392938946,1383.2409946518458,1570100
2025-08-27 09:00:00+09:00,1359.2928466796875,1368.872077452624,1350.1925774453978,1361.6876543729215,858700
2025-08-28 09:00:00+09:00,1374.6195068359375,1378.4511988410552,1351.629354805232,1358.8137773148276,771800
2025-08-29 09:00:00+09:00,1385.15673828125,1388.9884305033281,1374.619584670535,1379.4091999481327,1123900
2025-09-01 09:00:00+09:00,1382.282958984375,1394.2569970906152,1369.8299593538852,1374.6195745963812,1142100
2025-09-02 09:00:00+09:00,1399.525634765625,1411.4996733929831,1377.9723652363803,1388.0305576833612,1026000
2025-09-03 09:00:00+09:00,1351.150390625,1398.5675790942928,1333.9077766361663,1398.5675790942928,1912000
2025-09-04 09:00:00+09:00,1376.535400390625,1376.535400390625,1354.0242090829147,1355.4610936344707,1004700
2025-09-05 09:00:00+09:00,1378.9302978515625,1387.0726441744096,1372.7037977223265,1377.4934132063543,1302400
2025-09-08 09:00:00+09:00,1389.9464111328125,1397.6097958943994,1368.8721030384488,1378.9302955380315,1069200
2025-09-09 09:00:00+09:00,1383.7198486328125,1399.5255789910273,1372.7037335346627,1395.2149252569689,940200
2025-09-10 09:00:00+09:00,1425.868408203125,1433.531792325144,1384.6777185472738,1388.030449100657,1326300
2025-09-11 09:00:00+09:00,1422.515869140625,1452.2114866109007,1414.3735224149043,1436.8847163036617,1111200
2025-09-12 09:00:00+09:00,1430.6580810546875,1451.2534267143299,1424.9105427310665,1451.2534267143299,1605400
2025-09-16 09:00:00+09:00,1423.4736328125,1439.758324439561,1415.3312869989695,1430.1790940707015,775800
2025-09-17 09:00:00+09:00,1401.44140625,1416.7681748761106,1392.8200988978126,1410.0627136021872,879200
2025-09-18 09:00:00+09:00,1406.7100830078125,1435.9267377791698,1397.1308519352363,1414.8524294195022,799800
2025-09-19 09:00:00+09:00,1422.0367431640625,1431.1370119818857,1403.3572440116884,1414.8523204131493,2489600
2025-09-22 09:00:00+09:00,1434.96875,1444.5479806408543,1421.5578271028037,1422.5157501668891,978800
2025-09-24 09:00:00+09:00,1436.4056396484375,1449.337601059077,1425.3895243727077,1448.3796779916222,1153700
2025-09-25 09:00:00+09:00,1442.6322021484375,1447.9007792479172,1432.0950479494782,1441.6742790394412,1107500
2025-09-26 09:00:00+09:00,1503.460205078125,1506.8129357042947,1443.5900153250936,1446.9427459512633,1723300
2025-09-29 09:00:00+09:00,1468.530029296875,1499.0940834249566,1465.1340232826437,1496.1832211270441,1301600
2025-09-30 09:00:00+09:00,1500.0643310546875,1513.6483547511723,1446.6985236756398,1468.5299903307048,1639600
2025-10-01 09:00:00+09:00,1445.7281494140625,1484.5396433580643,1436.995563276662,1470.9556204776636,1395100
2025-10-02 09:00:00+09:00,1432.1441650390625,1458.3419241556307,1423.411578666873,1445.7281882846905,1015000
2025-10-03 09:00:00+09:00,1437.9658203125,1452.0349865706182,1432.1440963436235,1432.1440963436235,967900
2025-10-06 09:00:00+09:00,1427.7779541015625,1448.6391338590777,1384.115019725368,1447.1837027132046,2067300
2025-10-07 09:00:00+09:00,1415.1641845703125,1439.4213697703522,1411.768178642307,1428.7482082823346,1214000
2025-10-08 09:00:00+09:00,1436.99560546875,1444.2727607969173,1421.4710074353266,1423.4115821895045,1239000
2025-10-09 09:00:00+09:00,1450.094482421875,1453.4904882355092,1428.2630164770826,1434.0847407290273,906300
2025-10-10 09:00:00+09:00,1410.3126220703125,1435.5400924341434,1408.8571910877838,1434.5698051124575,1171600
2025-10-14 09:00:00+09:00,1361.79833984375,1379.7486564002938,1345.7885980500757,1362.768627225185,1723100
2025-10-15 09:00:00+09:00,1387.99609375,1392.8475306383257,1367.1349151301993,1375.8675015291856,1065600
2025-10-16 09:00:00+09:00,1399.1544189453125,1402.0652811206494,1388.966401331633,1389.4515450275226,801800
2025-10-17 09:00:00+09:00,1374.412109375,1374.412109375,1352.5806427594423,1358.4023671902578,1178000
2025-10-20 09:00:00+09:00,1424.3819580078125,1424.8671017264799,1383.6298856397416,1401.095059511772,918500
2025-10-21 09:00:00+09:00,1413.2236328125,1433.5996687129891,1408.8573394052523,1426.322513034243,836900
2025-10-22 09:00:00+09:00,1420.500732421875,1433.1144684338178,1411.2830022593014,1413.7087207231364,1263400
2025-10-23 09:00:00+09:00,1420.500732421875,1427.7778878133804,1414.6790081086706,1420.0155887291078,821100
2025-10-24 09:00:00+09:00,1428.2630615234375,1430.688780038253,1414.193894137507,1420.5007622760274,745300
2025-10-27 09:00:00+09:00,1483.5694580078125,1488.9060387920133,1453.4905481332264,1472.896296439411,1364600
2025-10-28 09:00:00+09:00,1453.9757080078125,1481.6288996516048,1453.9757080078125,1475.8071750950169,1093600
2025-10-29 09:00:00+09:00,1450.094482421875,1475.3219541803016,1450.094482421875,1457.3716377368057,1179600
2025-10-30 09:00:00+09:00,1491.3316650390625,1492.3019523943253,1450.0944524403897,1460.28246967065,4572600
2025-10-31 09:00:00+09:00,1507.3414306640625,1518.0145917437565,1484.5396774483524,1501.5197064387748,1318600
2025-11-04 09:00:00+09:00,1531.1134033203125,1538.8757019429756,1490.3613355513307,1498.6087778379103,1354100
2025-11-05 09:00:00+09:00,1519.469970703125,1524.8065510600006,1455.9161500894247,1519.9551143719318,1568400
2025-11-06 09:00:00+09:00,1559.2518310546875,1559.2518310546875,1504.9157373776106,1516.5591860226987,1392500
2025-11-07 09:00:00+09:00,1512.677978515625,1550.5191851622635,1497.1533809170041,1539.8460243132115,1483600
2025-11-10 09:00:00+09:00,1510.2523193359375,1531.5986418707212,1491.3317152710158,1496.6682959047116,1879800
2025-11-11 09:00:00+09:00,1523.8363037109375,1534.994608386312,1509.2819932647967,1523.3511600293994,965000
2025-11-12 09:00:00+09:00,1509.7672119140625,1532.5689660785742,1501.5197689183879,1514.1335052647137,1677000
2025-11-13 09:00:00+09:00,1521.895751953125,1537.420349996638,1510.7374471093501,1525.7769014640032,1036400
2025-11-14 09:00:00+09:00,1520.9254150390625,1531.1134321732955,1499.5790934244792,1503.9453864820077,847600
2025-11-17 09:00:00+09:00,1523.3511962890625,1532.5689264576906,1506.8563107241491,1523.3511962890625,790900
2025-11-18 09:00:00+09:00,1473.866455078125,1513.1630919646716,1467.5595874296669,1499.5790693372232,1049000
2025-11-19 09:00:00+09:00,1483.5694580078125,1508.3117870981978,1467.5597156552103,1487.4506076690495,1259000
2025-11-20 09:00:00+09:00,1513.1632080078125,1516.5592139251112,1491.8168850990776,1508.7969146855712,924100
2025-11-21 09:00:00+09:00,1527.717529296875,1541.301553056898,1492.302038779672,1494.2426136025324,1125300
2025-11-25 09:00:00+09:00,1541.78662109375,1556.3409315508968,1525.7768795908885,1536.935184274701,710400
2025-11-26 09:00:00+09:00,1566.529052734375,1587.875376153487,1564.1033341640214,1580.598220442426,1134700
2025-11-27 09:00:00+09:00,1596.60791015625,1608.7365026065406,1578.1724496318084,1578.65759332982,1057800
2025-11-28 09:00:00+09:00,1623.77587890625,1635.9044707713997,1603.8849882474044,1610.6769996918883,1333200
2025-12-01 09:00:00+09:00,1645.6072998046875,1683.4485054016113,1638.3301448822021,1649.0033054351807,1355000
2025-12-02 09:00:00+09:00,1634.4490966796875,1673.260592000072,1630.0828034561443,1656.2805627974037,1284200
2025-12-03 09:00:00+09:00,1617.9541015625,1633.963842297601,1601.4592171687593,1632.0232676630435,986800
2025-12-04 09:00:00+09:00,1661.6171875,1661.6171875,1616.4988229927008,1623.2908348540147,1182300
2025-12-05 09:00:00+09:00,1659.19140625,1662.1022683662281,1640.7559461805556,1651.429107273392,867200
2025-12-08 09:00:00+09:00,1645.6072998046875,1677.626781463623,1631.0529899597168,1675.686206817627,989000
2025-12-09 09:00:00+09:00,1628.6273193359375,1648.033066364069,1628.1421756602342,1643.1816296070363,841700
2025-12-10 09:00:00+09:00,1616.98388671875,1637.8450649752474,1615.0433119972154,1637.8450649752474,721000
2025-12-11 09:00:00+09:00,1584.9644775390625,1633.9639915370562,1584.4793338361121,1630.5679856164031,1158500
2025-12-12 09:00:00+09:00,1622.8056640625,1636.3896875583894,1597.0930481595665,1612.617646440583,1314200
2025-12-15 09:00:00+09:00,1671.8050537109375,1673.2604846921136,1622.3204003509504,1623.7758313321265,1139100
2025-12-16 09:00:00+09:00,1630.56787109375,1669.379364603866,1627.6570090804912,1653.8547671998197,960300
2025-12-17 09:00:00+09:00,1625.2313232421875,1633.9639094566232,1599.0335645988807,1628.6273289922458,687900
2025-12-18 09:00:00+09:00,1600.00390625,1625.7165220872498,1588.3604575689812,1622.3205162219526,1197800
2025-12-19 09:00:00+09:00,1649.00341796875,1655.7954296932462,1597.5781863404218,1600.489048508063,1778600
2025-12-22 09:00:00+09:00,1643.181640625,1665.9833935359463,1635.9044854406554,1659.191382030558,920400
2025-12-23 09:00:00+09:00,1654.3399658203125,1673.260569534973,1636.3896494756348,1644.6370921204866,1200000
2025-12-24 09:00:00+09:00,1632.5084228515625,1662.102186237579,1622.8055496102456,1660.6467552513814,628300
2025-12-25 09:00:00+09:00,1634.4490966796875,1647.5479763503172,1622.8056480835721,1646.5776889673077,432100
2025-12-26 09:00:00+09:00,1626.686767578125,1646.5776585625279,1616.4987502446504,1646.0925148799815,742700
2025-12-29 09:00:00+09:00,1649.00341796875,1649.00341796875,1620.3799399869447,1627.6570954060478,1044200
2025-12-30 09:00:00+09:00,1647.0628662109375,1681.0229253080704,1643.1817165998366,1647.5480099123251,1141500
2026-01-05 09:00:00+09:00,1675.6864013671875,1687.3298505949851,1651.4292154759428,1668.894389317639,1289500
2026-01-06 09:00:00+09:00,1736.814453125,1736.814453125,1696.062382157821,1697.5178132637918,1362000
2026-01-07 09:00:00+09:00,1728.081787109375,1733.4183675861307,1702.8543157647127,1704.794890483533,1025500
2026-01-08 09:00:00+09:00,1708.676025390625,1730.5074907916978,1704.3097323104105,1717.408611551054,968500
2026-01-09 09:00:00+09:00,1744.091552734375,1752.3389954037725,1727.1115237091446,1730.0223858277554,1228100
2026-01-13 09:00:00+09:00,1773.685302734375,1804.734498405874,1767.863578545969,1802.308779994038,949200
2026-01-14 09:00:00+09:00,1786.299072265625,1796.9722334795968,1753.3093012406216,1795.03165871342,1396700
2026-01-15 09:00:00+09:00,1838.694580078125,1841.605442210175,1787.7544927672536,1793.091073342678,931600
2026-01-16 09:00:00+09:00,1869.7437744140625,1880.4169355549834,1833.8431414855102,1838.694578367747,899000
2026-01-19 09:00:00+09:00,1868.7734375,1885.7534661377206,1840.1499606535565,1883.3277477609033,1237600
2026-01-20 09:00:00+09:00,1841.1202392578125,1867.8031412760417,1832.8727968158146,1859.5556988340436,942600
2026-01-21 09:00:00+09:00,1828.021484375,1830.4472029052217,1792.1208501277204,1806.67516130905,1292200
2026-01-22 09:00:00+09:00,1861.9814453125,1870.2288878790223,1842.0905544167697,1853.248859065594,1342900
2026-01-23 09:00:00+09:00,1895.456298828125,1901.7631664720373,1861.4962422839815,1868.7733972577264,995600
2026-01-26 09:00:00+09:00,1828.99169921875,1853.2488835585214,1810.0710954337285,1818.3185381092508,1081400
2026-01-27 09:00:00+09:00,1850.8231201171875,1852.7636948171794,1804.734470992382,1820.2590685923167,809100
2026-01-28 09:00:00+09:00,1832.872802734375,1849.8528313462605,1811.526481050862,1837.724239480628,1925600
2026-01-29 09:00:00+09:00,1864.892333984375,1868.7734834827816,1826.080839000309,1840.1500059320329,784400
2026-01-30 09:00:00+09:00,1867.8031005859375,1885.2682724355723,1852.2785033862622,1880.9019794731637,871800
2026-02-02 09:00:00+09:00,1841.1202392578125,1908.5552098129735,1839.6648082386364,1904.1889167554452,1018500
2026-02-03 09:00:00+09:00,1931.8421630859375,1931.8421630859375,1877.020926413735,1894.971242846226,1194400
2026-02-04 09:00:00+09:00,1996.3663330078125,1996.3663330078125,1944.455956912591,1962.4062738800976,1507600
2026-02-05 09:00:00+09:00,2022.56396484375,2027.4154015548168,1990.544482550709,1999.762212301736,1404000
2026-02-06 09:00:00+09:00,2030.326416015625,2030.326416015625,1975.5051770646655,2019.1681107424208,1400600
2026-02-09 09:00:00+09:00,2069.622802734375,2114.741162006362,2041.9696147934796,2111.830300117847,1858200
2026-02-10 09:00:00+09:00,2076.4150390625,2103.0979426018544,2068.1675961503356,2086.1179130768105,1196000
2026-02-12 09:00:00+09:00,2115.2265625,2122.5037181049315,2062.3458984375,2071.563628870413,1648200
2026-02-13 09:00:00+09:00,2018.682861328125,2095.335563104103,2013.3462808247343,2080.296108958183,1813700
2026-02-16 09:00:00+09:00,1987.1485595703125,2019.6531868875027,1955.1290759444237,2018.1977558135986,1712400
2026-02-17 09:00:00+09:00,1952.2181396484375,2006.5542310104217,1951.7329959755625,1985.207909403928,1027300
2026-02-18 09:00:00+09:00,1975.0198974609375,1989.089064011261,1957.0695815174213,1989.089064011261,1480900
2026-02-19 09:00:00+09:00,2027.4154052734375,2027.4154052734375,1975.5050323698104,1980.3564690897756,1934700
2026-02-20 09:00:00+09:00,2029.356201171875,2041.4847942938682,1991.5149906312568,2003.64358375325,1611900
2026-02-24 09:00:00+09:00,1890.60498046875,2000.7325992951307,1869.7438015721227,1992.0000127802637,3349900
2026-02-25 09:00:00+09:00,1883.327880859375,1903.2187729550046,1852.2786834418066,1880.9021623111273,2630500
2026-02-26 09:00:00+09:00,1927.9610595703125,1939.6045083447682,1905.1593057203363,1922.1393351830845,1799100
2026-02-27 09:00:00+09:00,2017.7125244140625,2017.7125244140625,1933.2975257970759,1940.5746808502645,2263800
2026-03-02 09:00:00+09:00,1935.7232666015625,1940.0895596841226,1890.1197610726035,1920.683812650523,1703900
2026-03-03 09:00:00+09:00,1921.654052734375,1981.326723394897,1917.7729034231215,1939.6043682989223,1875100
2026-03-04 09:00:00+09:00,1795.0316162109375,1883.8129096613704,1770.774432208087,1861.981444058805,2623000
2026-03-05 09:00:00+09:00,1912.921630859375,1926.5056546138926,1874.595278123415,1879.4467151785998,2089300
2026-03-06 09:00:00+09:00,1902.2484130859375,1911.95128690938,1852.2786128952077,1857.130049806929,1196100
2026-03-09 09:00:00+09:00,1814.4373779296875,1823.6551079245176,1746.5172621783088,1746.5172621783088,1934700
2026-03-10 09:00:00+09:00,1910.9810791015625,1917.7730910607963,1859.5558456959352,1864.8924265210476,1642900
2026-03-11 09:00:00+09:00,1896.911865234375,1938.6342233955402,1896.911865234375,1920.1987628127,1182200
2026-03-12 09:00:00+09:00,1852.763671875,1892.0603090632364,1829.961919432443,1889.149447049293,1638300
2026-03-13 09:00:00+09:00,1884.7833251953125,1893.5159120301944,1833.843235325169,1839.6649598817569,2081000
2026-03-16 09:00:00+09:00,1868.288330078125,1887.6940774692248,1854.2191632195777,1873.1397669259,927000
2026-03-17 09:00:00+09:00,1896.4266357421875,1932.3272678846592,1881.8723254141585,1907.099796649409,775300
2026-03-18 09:00:00+09:00,1964.3468017578125,1964.3468017578125,1921.169013326979,1935.2381803437675,1114900
2026-03-19 09:00:00+09:00,1901.7633056640625,1926.5056343857123,1894.0010064572703,1915.832472976373,1644500
2026-03-23 09:00:00+09:00,1895.456298828125,1901.7631664720373,1830.447047729336,1847.4270760014076,1795400
2026-03-24 09:00:00+09:00,1970.1685791015625,1973.0794413213628,1939.6045257936585,1973.0794413213628,1560900
2026-03-25 09:00:00+09:00,2024.01953125,2039.5441297639022,2013.3463697716923,2023.0492438428812,1079200
2026-03-26 09:00:00+09:00,1991.0296630859375,2047.306329976281,1967.2576227615684,2046.8211862961916,1268000
2026-03-27 09:00:00+09:00,1997.82177734375,2016.742381840206,1967.742867631435,1975.0200232069951,1863700
2026-03-30 09:00:00+09:00,1930.534912109375,1946.8618347386957,1891.4492488452438,1891.4492488452438,1672100
2026-03-31 09:00:00+09:00,1906.7867431640625,1965.1678629599523,1897.8811486189268,1925.5874427593492,1670400
2026-04-01 09:00:00+09:00,2047.297119140625,2047.297119140625,1995.3478205640745,2013.653763872002,1452400
2026-04-02 09:00:00+09:00,2000.7901611328125,2092.8146344193365,1990.4003012456242,2075.992956506746,1121500
2026-04-03 09:00:00+09:00,2006.2325439453125,2037.8968800273099,1998.8112151760943,2036.4126142734663,777800
2026-04-06 09:00:00+09:00,2036.9073486328125,2048.286719295566,2004.7482576293799,2011.674831076273,747700
2026-04-07 09:00:00+09:00,2057.1923828125,2069.561264383042,2041.8549696650284,2048.2867880817103,678100
2026-04-08 09:00:00+09:00,2108.646728515625,2135.3635101533173,2095.783092912292,2128.4369371361377,1136300
2026-04-09 09:00:00+09:00,2090.3408203125,2124.47893075074,2087.867044193787,2105.6782322485205,987300
2026-04-10 09:00:00+09:00,2083.414306640625,2129.921298999737,2082.9195514027624,2100.730739965826,967800
2026-04-13 09:00:00+09:00,2067.08740234375,2100.2360035780803,2041.3601297439714,2060.160828951502,1222300
2026-04-14 09:00:00+09:00,2045.8128662109375,2075.9929350957905,2027.012167561357,2066.0978305433796,1576900
2026-04-15 09:00:00+09:00,2080.9404296875,2097.7621069602947,2052.7393824948736,2062.634486772988,1343700
2026-04-16 09:00:00+09:00,2102.215087890625,2106.173129948315,2079.9511013161186,2081.9301223449634,954200
2026-04-17 09:00:00+09:00,2081.929931640625,2095.288322361703,2063.1292335887374,2088.85650460711,937700
2026-04-20 09:00:00+09:00,2058.181884765625,2106.6679003202,2058.181884765625,2102.709858234112,986900
2026-04-21 09:00:00+09:00,2014.1485595703125,2072.529677239017,2005.2429653496624,2072.529677239017,1295300
2026-04-22 09:00:00+09:00,1990.89501953125,2024.5383747320761,1979.515649389794,2016.1275359318697,1743200
2026-04-23 09:00:00+09:00,2005.242919921875,2007.7166960382356,1960.7149498273848,1976.5471169720925,1606200
2026-04-24 09:00:00+09:00,2006.2325439453125,2026.0227539965608,1995.3479284171258,2010.6853412068433,932400
2026-04-27 09:00:00+09:00,2004.25341796875,2004.25341796875,1943.3985252483956,1970.115307418307,1064200
2026-04-28 09:00:00+09:00,2145.2587890625,2145.2587890625,2023.0542408848162,2037.4021433024388,1709000
2026-04-30 09:00:00+09:00,2099.24658203125,2127.942387300591,2066.097979392529,2127.942387300591,1250200
2026-05-01 09:00:00+09:00,2072.52978515625,2100.730834990078,2047.7920221441202,2081.9301351008594,967000
2026-05-07 09:00:00+09:00,2283.29541015625,2283.29541015625,2114.583874974607,2144.269189082814,3119400
2026-05-08 09:00:00+09:00,2178.4072265625,2221.4509305622587,2136.8477882179054,2204.6292531370655,2525200
2026-05-11 09:00:00+09:00,2271.42138671875,2277.358449807538,2185.828727188725,2197.7028533663006,1802400
2026-05-12 09:00:00+09:00,2313.97021484375,2325.8443403849624,2269.442244064204,2284.284900990719,1412900
2026-05-13 09:00:00+09:00,2332.276123046875,2336.728920057359,2289.7271738355826,2303.085564867035,1821500
2026-05-14 09:00:00+09:00,2300.61181640625,2332.2761510836694,2295.6642641129033,2330.2971301663306,1445200
2026-05-15 09:00:00+09:00,2362.950927734375,2377.793584315621,2310.012119261264,2315.454426674388,1960900
2026-05-18 09:00:00+09:00,2192.260498046875,2349.592666491674,2181.870637866558,2333.2657433511763,2370100
2026-05-19 09:00:00+09:00,2246.188720703125,2274.8845237429446,2206.6083027171667,2206.6083027171667,1422900
2026-05-20 09:00:00+09:00,2276.368896484375,2299.1276378967377,2236.7884766367874,2275.87414123628,1463800
2026-05-21 09:00:00+09:00,2325.349609375,2359.4877206615693,2310.506952293883,2316.938770362367,1384900
2026-05-22 09:00:00+09:00,2310.507080078125,2353.5507879939273,2293.685401122524,2345.139948516127,1241600
2026-05-25 09:00:00+09:00,2321.3916015625,2356.0244685934836,2300.6118813439098,2338.213279834692,1134000
2026-05-26 09:00:00+09:00,2296.65380859375,2320.8968151902804,2265.978983920589,2308.033179037019,697500
2026-05-27 09:00:00+09:00,2271.42138671875,2291.7063522721082,2233.325231899028,2275.874184035341,974000
2026-05-28 09:00:00+09:00,2267.9580078125,2274.8845811347896,2224.419546929538,2271.421294473645,1116600
2026-05-29 09:00:00+09:00,2299.127685546875,2323.3706932059663,2262.021041170715,2270.9266358209934,2196000
2026-06-01 09:00:00+09:00,2309.517333984375,2347.6134853804324,2269.4421617365742,2296.653698448044,1569300
2026-06-02 09:00:00+09:00,2290.221923828125,2295.1694760506957,2212.050598711503,2275.874022382669,1337600
2026-06-03 09:00:00+09:00,2287.25341796875,2326.3390809623756,2271.91600590796,2323.370549595771,1428400
2026-06-04 09:00:00+09:00,2318.917724609375,2351.5715692486365,2238.7673786766422,2259.547097992536,1304300
2026-06-05 09:00:00+09:00,2355.52978515625,2416.879437195606,2354.045519381104,2412.426639870169,1636900
2026-06-08 09:00:00+09:00,2328.81298828125,2333.265785581979,2289.7273230859623,2325.349701491794,1330700
2026-06-09 09:00:00+09:00,2409.952880859375,2421.827007145687,2336.234346831856,2353.056025737464,1467100
2026-06-10 09:00:00+09:00,2306.548828125,2444.5855340552607,2306.548828125,2426.2795909749034,1861500
2026-06-11 09:00:00+09:00,2280.326904296875,2329.8024283649347,2272.4108204459853,2306.548932052947,1406600
2026-06-12 09:00:00+09:00,2317.92822265625,2354.5401092040756,2311.991159972819,2329.8023480231122,1879700
2026-06-15 09:00:00+09:00,2355.034912109375,2439.143301827567,2355.034912109375,2434.1957494912026,1821400
2026-06-16 09:00:00+09:00,2321.3916015625,2335.7395036181933,2289.232510748015,2331.781461671795,1498000
2026-06-17 09:00:00+09:00,2263.010498046875,2371.8566523036116,2263.010498046875,2347.1188899725353,1905900
2026-06-18 09:00:00+09:00,2329.3076171875,2332.2761485602964,2265.978947901179,2301.6013243747348,1541000
2026-06-19 09:00:00+09:00,2322.381103515625,2329.802432137852,2282.80068419708,2304.5699148222798,4094500
2026-06-22 09:00:00+09:00,2381.257080078125,2387.194143232278,2295.6644196057555,2306.549035388369,1060700
2026-06-23 09:00:00+09:00,2367.40380859375,2402.036675177149,2362.4562562246933,2388.183528543789,1171800
2026-06-24 09:00:00+09:00,2329.802490234375,2387.194099677396,2320.402140411811,2364.9301132555347,988000
2026-06-25 09:00:00+09:00,2330.7919921875,2364.4353493237236,2304.0752085793224,2364.4353493237236,1071900
2026-06-26 09:00:00+09:00,2361.96142578125,2375.319816752363,2339.697440829395,2351.0768109158985,935600
2026-06-29 09:00:00+09:00,2363.44580078125,2398.0786678640816,2336.729017603065,2373.8356609060993,1238000
2026-06-30 09:00:00+09:00,2363.44580078125,2398.573423108122,2358.9930035848856,2370.867129441857,1503700
2026-07-01 09:00:00+09:00,2387.194091796875,2397.5839520927784,2364.9301054485104,2366.414371205068,1374600
2026-07-02 09:00:00+09:00,2442.11181640625,2464.870556996746,2403.0261532182244,2436.66950887374,1455700
2026-07-03 09:00:00+09:00,2502.966796875,2509.8933703393704,2453.986027376952,2472.786726780243,1176400
2026-07-06 09:00:00+09:00,2523.251708984375,2526.714995643765,2478.7237376493567,2501.977233790977,796600
2026-07-07 09:00:00+09:00,2527.209716796875,2612.307616422768,2522.262164493044,2572.72719799212,1162000
2026-07-08 09:00:00+09:00,2554.916015625,2581.6327981276627,2521.2726598809063,2523.2516808070295,1309300
2026-07-09 09:00:00+09:00,2552.4423828125,2552.937138071816,2517.809514660363,2537.1049697736967,818600
2026-07-10 09:00:00+09:00,2524.2412109375,2594.0016991268744,2524.2412109375,2580.6433077714623,1477300
2026-07-13 09:00:00+09:00,2538.094482421875,2585.5909873560854,2526.2203561883225,2551.947629694353,862800
2026-07-14 09:00:00+09:00,2562.83203125,2562.83203125,2509.8932228824806,2534.1362285834944,1479500
2026-07-15 09:00:00+09:00,2610.32861328125,2610.823368515003,2547.989453828362,2547.989453828362,1586300
2026-07-16 09:00:00+09:00,2574.21142578125,2625.171213760391,2569.2638735502655,2618.739395860111,1251700
2026-07-17 09:00:00+09:00,2430.732421875,2593.5068909970996,2387.1939620490284,2579.653744688836,1622800
2026-07-21 09:00:00+09:00,2551.452880859375,2551.452880859375,2435.680149790712,2478.229102234751,1521900
2026-07-22 09:00:00+09:00,2592.022705078125,2614.286690901472,2537.104873380535,2568.76920877374,1433700
2026-07-23 09:00:00+09:00,2624.676513671875,2632.5925974077372,2593.012178728425,2605.3810595657105,1283000
2026-07-24 09:00:00+09:00,2645.950927734375,2645.950927734375,2572.7271548651365,2582.6222593069256,1258800
2026-07-27 09:00:00+09:00,2671.18359375,2671.18359375,2622.6975792681515,2645.4563207596316,1535700
2026-07-28 09:00:00+09:00,2582.127685546875,2645.95111368168,2567.2850278411065,2632.0979664896295,1925100
2026-07-29 09:00:00+09:00,2505.4404296875,2580.148467776523,2452.0068660211787,2560.8530142303516,1707800
2026-07-30 09:00:00+09:00,2467.839111328125,2497.029670183049,2443.101349586664,2455.9649856922238,1548200
2026-07-31 09:00:00+09:00,2481.6923828125,2542.0525244997257,2450.522801449424,2541.5577692399943,2199600
2026-08-03 09:00:00+09:00,2466.35498046875,2503.9563803715837,2372.351480711666,2481.692393587011,1768400
2026-08-04 09:00:00+09:00,2462.396728515625,2499.9981252138746,2436.1747018707933,2455.9649106593456,1777900
2026-08-05 09:00:00+09:00,2552.93701171875,2552.93701171875,2455.9649856922238,2470.8076427371,1328500
2026-08-06 09:00:00+09:00,2527.70458984375,2607.3601856481823,2508.4091349594464,2541.557736940173,2501400
2026-08-07 09:00:00+09:00,2579.65380859375,2603.8968152337757,2509.8933200989823,2533.146816263905,2669100
2026-08-10 09:00:00+09:00,2507.914306640625,2557.389830543577,2495.5454256648873,2553.92654387037,1240400
2026-08-12 09:00:00+09:00,2576.685302734375,2576.685302734375,2525.2307575184814,2551.4527853688887,1425100
2026-08-13 09:00:00+09:00,2652.3828125,2652.3828125,2579.159037784462,2590.538408179444,1845500
2026-08-14 09:00:00+09:00,2669.69921875,2708.784881885888,2632.592576532385,2641.992925894181,1701700
2026-08-17 09:00:00+09:00,2692.952880859375,2707.300783402995,2667.7203625930097,2688.500083518252,1035900
2026-08-18 09:00:00+09:00,2701.363525390625,2750.344292609246,2691.963176126445,2720.6589791434153,1228700
2026-08-19 09:00:00+09:00,2529.188720703125,2667.7201842784134,2522.2621475243604,2667.7201842784134,1727700
2026-08-20 09:00:00+09:00,2535.125732421875,2563.3267797965914,2504.9456641787574,2533.146711553474,1149100
2026-08-21 09:00:00+09:00,2553.926513671875,2571.737702066332,2522.756933981575,2537.599590976956,1267000
2026-08-24 09:00:00+09:00,2549.4736328125,2591.5278262510915,2523.7463615324205,2591.5278262510915,810500
2026-08-25 09:00:00+09:00,2582.127685546875,2606.370693132964,2550.463349107902,2562.832230529376,801400
2026-08-26 09:00:00+09:00,2613.7919921875,2630.1189154777117,2583.6119218631698,2597.4650688972883,723700
2026-08-27 09:00:00+09:00,2635.56103515625,2662.2778168154273,2615.2760713039115,2615.7708265198225,748100
2026-08-28 09:00:00+09:00,2669.20458984375,2679.594450156395,2627.1503933401877,2635.066477387917,874600
2026-08-31 09:00:00+09:00,2688.99462890625,2688.99462890625,2633.0872888756326,2668.2149096028347,964300
2026-09-01 09:00:00+09:00,2707.30078125,2707.30078125,2644.4668632641174,2675.6364446271928,953800
2026-09-02 09:00:00+09:00,2699.384521484375,2723.132772406525,2672.667739196956,2677.1205362448595,1285500
2026-09-03 09:00:00+09:00,2716.206298828125,2755.2919632374915,2688.5000050695867,2716.206298828125,1457600
2026-09-04 09:00:00+09:00,2703.342529296875,2758.2603588634843,2658.8145593780027,2750.344275322351,1493900
2026-09-07 09:00:00+09:00,2730.059326171875,2733.0278575160273,2701.363523178405,2725.1117739316214,952900
2026-09-08 09:00:00+09:00,2698.39501953125,2762.2184440856195,2698.39501953125,2731.0488646520903,1545100
2026-09-09 09:00:00+09:00,2594.9912109375,2702.353097071616,2592.5174347592947,2676.6258248182794,1556800
2026-09-10 09:00:00+09:00,2690.9736328125,2704.826778927365,2599.443917410714,2599.443917410714,1248800
2026-09-11 09:00:00+09:00,2675.1416015625,2708.7849581199716,2585.590902490406,2620.718524778354,1643200
2026-09-14 09:00:00+09:00,2704.826904296875,2712.7429881579965,2647.930051545066,2656.8356458888275,810400
2026-09-15 09:00:00+09:00,2678.60498046875,2713.237848705324,2651.8881964005354,2699.3847014106946,732700
2026-09-16 09:00:00+09:00,2668.215087890625,2728.0804736934742,2657.825227544676,2686.521032309678,946000
2026-09-17 09:00:00+09:00,2694.931884765625,2727.585731726251,2666.7308351178112,2681.573492827187,1164300
2026-09-18 09:00:00+09:00,2668.709716796875,2696.4160097410027,2618.7394384512163,2694.9317440475675,2409100
2026-09-24 09:00:00+09:00,2694.43701171875,2711.2586897206666,2620.223726416177,2671.6782708926276,1650300
2026-09-25 09:00:00+09:00,2810.209716796875,2810.209716796875,2711.258670430788,2713.2376913581097,1617600
2026-09-28 09:00:00+09:00,2830.0,2861.16958041958,2815.1573426573427,2850.77972027972,1821900
