Date,Close,High,Low,Open,Volume
2019-09-24 09:00:00+09:00,241.87393188476562,247.63283502487909,239.9542975047278,240.9141146947467,3108900
2019-09-25 09:00:00+09:00,244.75340270996094,245.7132199754902,238.9944991167854,244.75340270996094,3608100
2019-09-26 09:00:00+09:00,249.55247497558594,254.35156103280875,244.75338891836313,244.75338891836313,4160600
2019-09-27 09:00:00+09:00,243.7935791015625,250.51229978546382,240.9141273798905,249.5524825449065,3624900
2019-09-30 09:00:00+09:00,243.7935791015625,244.75339634211983,239.95431013933316,243.7935791015625,2095100
2019-10-01 09:00:00+09:00,247.63282775878906,252.43191356806793,243.793559111366,248.59264492064483,4921200
2019-10-02 09:00:00+09:00,257.23101806640625,257.23101806640625,246.67302851890452,246.67302851890452,5312700
2019-10-03 09:00:00+09:00,262.9898986816406,264.90953297858687,255.3113614938555,256.2711786423286,5395600
2019-10-04 09:00:00+09:00,265.869384765625,268.7488365861913,257.231029303926,265.869384765625,4445200
2019-10-07 09:00:00+09:00,256.27117919921875,269.70861930704297,249.55245914530664,268.7488021564841,7019700
2019-10-08 09:00:00+09:00,264.9095764160156,265.8693937218707,255.31140335746431,256.27122066331947,5540800
2019-10-09 09:00:00+09:00,278.34698486328125,279.306802052465,262.9899098363416,263.94972702552536,11730400
2019-10-10 09:00:00+09:00,276.4273681640625,282.18627166748047,269.7086474100749,281.2264544169108,6003900
2019-10-11 09:00:00+09:00,266.8291931152344,280.2666344951383,265.86937587381266,275.4675482880298,5733700
2019-10-15 09:00:00+09:00,262.03009033203125,266.8291762355483,260.1104559706244,266.8291762355483,4160300
2019-10-16 09:00:00+09:00,272.58807373046875,277.3871595355826,263.94971928126375,264.90953644228654,6768600
2019-10-17 09:00:00+09:00,271.6282653808594,278.346985725969,269.70863099654235,276.42735134165196,2615000
2019-10-18 09:00:00+09:00,266.8291931152344,272.5880965637646,266.8291931152344,271.6282793223429,2660400
2019-10-21 09:00:00+09:00,277.3871765136719,277.3871765136719,265.869369876426,269.70863875550793,4246200
2019-10-23 09:00:00+09:00,270.66845703125,279.30681204288567,269.7086398077349,276.42736037234044,4750000
2019-10-24 09:00:00+09:00,291.784423828125,310.98076750102797,275.4675317061575,276.4273488898026,54599300
2019-10-25 09:00:00+09:00,284.10589599609375,299.46297145534203,281.2264443474847,297.54333702293604,9648500
2019-10-28 09:00:00+09:00,277.3871765136719,282.18626261252433,270.66845597527845,281.2264453927539,6336400
2019-10-29 09:00:00+09:00,286.0255126953125,289.8647813220952,276.4273411283557,279.30679259844277,5118300
2019-10-30 09:00:00+09:00,284.10589599609375,296.583519806733,282.1862615636877,288.90498207710885,7382000
2019-10-31 09:00:00+09:00,285.06573486328125,306.1817152235243,283.14610028507735,294.6639077543008,15747200
2019-11-01 09:00:00+09:00,288.90496826171875,294.66387128354705,281.22643089928107,287.94515109141406,5359800
2019-11-05 09:00:00+09:00,288.90496826171875,290.8246026023282,283.14606523989045,290.8246026023282,3322500
2019-11-06 09:00:00+09:00,281.2264404296875,287.94516084950936,281.2264404296875,286.025526443846,4293100
2019-11-07 09:00:00+09:00,270.66845703125,279.30681204288567,268.74882258421985,278.3469948193706,6375400
2019-11-08 09:00:00+09:00,266.8291931152344,271.6282793223429,263.9497413909693,270.6684620809212,4115000
2019-11-11 09:00:00+09:00,255.3114013671875,262.98993975417056,255.3114013671875,262.0301224557977,6371400
2019-11-12 09:00:00+09:00,265.869384765625,267.7890193126692,258.1908465774481,259.1506638509702,3897100
2019-11-13 09:00:00+09:00,263.9497375488281,267.7890064586293,262.03010309392755,267.7890064586293,2315200
2019-11-14 09:00:00+09:00,271.6282653808594,281.22643730244454,264.9095450357498,270.66844818870084,5153800
2019-11-15 09:00:00+09:00,276.4273681640625,277.3871854146322,270.66846466064453,270.66846466064453,2614200
2019-11-18 09:00:00+09:00,300.4227600097656,300.4227600097656,281.2264175171289,281.2264175171289,10091300
2019-11-19 09:00:00+09:00,306.18170166015625,316.73969137257546,296.58352919432065,299.4629809340713,11663400
2019-11-20 09:00:00+09:00,294.6639099121094,308.10135205793847,291.78445802371743,306.1817174656772,5630200
2019-11-21 09:00:00+09:00,287.9451599121094,302.34241790771483,286.0255255126953,292.74424591064457,6115700
2019-11-22 09:00:00+09:00,283.1460876464844,288.90499112404,283.1460876464844,286.0255393852622,3407300
2019-11-25 09:00:00+09:00,288.90496826171875,295.62368845385174,285.0656995804999,285.0656995804999,5031200
2019-11-26 09:00:00+09:00,282.186279296875,290.82463478555485,282.186279296875,288.90500023251485,4985700
2019-11-27 09:00:00+09:00,278.34698486328125,286.9853395659348,276.4273504849138,281.22643643083245,5111500
2019-11-28 09:00:00+09:00,274.5077209472656,279.30680697781224,274.5077209472656,276.4273553594843,2472500
2019-11-29 09:00:00+09:00,274.5077209472656,280.2666241839216,274.5077209472656,280.2666241839216,3381300
2019-12-02 09:00:00+09:00,277.3871765136719,281.2264453927539,275.4675420741309,275.4675420741309,2814800
2019-12-03 09:00:00+09:00,276.4273681640625,279.3068199157715,273.5479164123535,274.5077336629232,3450900
2019-12-04 09:00:00+09:00,278.34698486328125,280.2666192416487,274.50771610654635,276.4273504849138,3370600
2019-12-05 09:00:00+09:00,279.3067932128906,282.1862446893122,276.4273417364691,282.1862446893122,3685800
2019-12-06 09:00:00+09:00,291.784423828125,291.784423828125,277.38716607344776,278.3469832570929,7363600
2019-12-09 09:00:00+09:00,296.5835266113281,301.3826128024499,285.06571975263574,288.9049887055332,6628900
2019-12-10 09:00:00+09:00,302.3424072265625,304.2620415581597,290.82460123697916,293.704052734375,6923500
2019-12-11 09:00:00+09:00,315.7798767089844,320.5789629811574,300.4228006380307,301.38261789246536,11369300
2019-12-12 09:00:00+09:00,311.9405822753906,319.6191196852464,310.02094792292667,314.82003380408656,5044200
2019-12-13 09:00:00+09:00,329.2173156738281,330.1771329206906,310.98078798344113,311.9406052303036,8396100
2019-12-16 09:00:00+09:00,352.2528991699219,358.97161931757705,329.2172872351041,331.13692156300556,12346500
2019-12-17 09:00:00+09:00,344.5743713378906,365.6903495257279,338.81546819575317,362.8108979546592,9262300
2019-12-18 09:00:00+09:00,319.6191101074219,343.61453879416524,318.65929295995215,343.61453879416524,6972600
2019-12-19 09:00:00+09:00,338.81549072265625,340.7351252309999,322.49859740173514,324.41823191007876,5398600
2019-12-20 09:00:00+09:00,337.85565185546875,343.61455501209605,333.05656589161265,339.7752862410112,4194000
2019-12-23 09:00:00+09:00,324.4182434082031,339.7753200192423,324.4182434082031,339.7753200192423,3117400
2019-12-24 09:00:00+09:00,330.1770935058594,335.9359962995662,326.3378249767215,327.29764210900595,2611200
2019-12-25 09:00:00+09:00,330.1770935058594,339.7752648287041,326.3378249767215,339.7752648287041,2103600
2019-12-26 09:00:00+09:00,334.97625732421875,339.77534410536805,326.3379011181501,329.21735318683966,3785800
2019-12-27 09:00:00+09:00,337.85565185546875,339.7752862410112,331.1369315060702,332.09674869884145,2422800
2019-12-30 09:00:00+09:00,340.7350769042969,376.248310271787,340.7350769042969,359.93141926510236,20652400
2020-01-06 09:00:00+09:00,341.6949157714844,357.0519906376185,335.9360126966841,335.9360126966841,6772900
2020-01-07 09:00:00+09:00,354.17254638671875,355.13236358559874,340.7351056023988,345.5341915967988,5768200
2020-01-08 09:00:00+09:00,361.85107421875,363.7707085647381,349.37345096982756,354.1725368347977,9164500
2020-01-09 09:00:00+09:00,365.69036865234375,370.4894548551304,361.8510996901144,367.6100031334584,6723400
2020-01-10 09:00:00+09:00,371.44927978515625,385.8465386915576,369.5296452643027,372.409097045583,8817000
2020-01-14 09:00:00+09:00,372.4090881347656,378.16799155953004,371.44927089730487,374.3287226096871,3524400
2020-01-15 09:00:00+09:00,358.0118103027344,372.4090680897076,354.1725415595415,371.4492509039094,4669900
2020-01-16 09:00:00+09:00,355.13238525390625,363.77074057089317,354.1725679964633,358.0118370262352,2218500
2020-01-17 09:00:00+09:00,358.9716491699219,362.81091814500127,355.1323801948425,358.9716491699219,2289500
2020-01-20 09:00:00+09:00,367.6099853515625,381.0474260693742,362.8108993809155,366.6501681574331,8296800
2020-01-21 09:00:00+09:00,391.60540771484375,393.52504206638713,364.73052679323683,364.73052679323683,15395200
2020-01-22 09:00:00+09:00,382.967041015625,397.3642981966635,374.32868670700185,395.44466390585836,9749900
2020-01-23 09:00:00+09:00,376.2483825683594,382.00728638318117,375.2885652658891,377.2081998708297,2281100
2020-01-24 09:00:00+09:00,369.5296325683594,379.1278048428622,366.6501808860085,379.1278048428622,2830600
2020-01-27 09:00:00+09:00,358.9716491699219,370.48945609516,357.05201468238215,369.52963885139013,3569000
2020-01-28 09:00:00+09:00,340.7350769042969,367.6099562094245,331.13690572389413,356.09215079294125,8512400
2020-01-29 09:00:00+09:00,331.13690185546875,346.4939755647079,330.17708474864133,337.8556216032609,5178000
2020-01-30 09:00:00+09:00,303.3022155761719,332.09672971315024,301.3825813003733,330.1770954373517,9147200
2020-01-31 09:00:00+09:00,302.3424072265625,309.0611273871528,298.50313856336805,307.14149305555554,6077200
2020-02-03 09:00:00+09:00,300.4227600097656,305.22184563292484,295.62367438660647,296.58349151123826,5083000
2020-02-04 09:00:00+09:00,310.98077392578125,313.8602255362052,297.54333307713637,299.46296748408565,8186000
2020-02-05 09:00:00+09:00,312.900390625,319.61911066909505,311.94057347584356,313.86020777415644,3748100
2020-02-06 09:00:00+09:00,310.0209655761719,316.73968619237377,310.0209655761719,316.73968619237377,3242400
2020-02-07 09:00:00+09:00,315.7798767089844,317.69951121785357,308.10133867350754,310.02097318237674,2998800
2020-02-10 09:00:00+09:00,363.77069091796875,369.52959367656456,333.0565428721244,337.85562850428755,15102700
2020-02-12 09:00:00+09:00,364.7305603027344,372.4090984143709,346.49403228759763,359.93147398296156,6584300
2020-02-13 09:00:00+09:00,380.08758544921875,382.96703685413706,360.89124274976325,368.5697798295455,9114000
2020-02-14 09:00:00+09:00,370.48944091796875,389.6857850069827,367.6099893046167,382.9670645758278,8623700
2020-02-17 09:00:00+09:00,367.6099853515625,373.3688885163389,358.97163060439783,360.89126499265666,3501500
2020-02-18 09:00:00+09:00,380.08758544921875,382.0072197191643,367.6099626945727,371.4492312344638,5288600
2020-02-19 09:00:00+09:00,374.3287048339844,387.76614552033254,372.4090704502203,385.8465111365685,4741800
2020-02-20 09:00:00+09:00,387.76617431640625,393.52507789536276,374.32873263217436,379.12781894797143,7296000
2020-02-21 09:00:00+09:00,398.3241882324219,406.0027268007577,382.9671110957502,385.84656305887614,7978100
2020-02-25 09:00:00+09:00,374.3287048339844,384.8866939446865,366.6501672989283,379.1277907933944,6761900
2020-02-26 09:00:00+09:00,355.13238525390625,371.44927863043705,350.3332989666913,367.61000960066514,4972800
2020-02-27 09:00:00+09:00,334.0163879394531,358.97163531423985,327.29766749239514,358.97163531423985,6621900
2020-02-28 09:00:00+09:00,315.7798767089844,335.936039052111,313.8602422001152,319.61914572672276,5607400
2020-03-02 09:00:00+09:00,334.0163879394531,344.57437721340136,318.6593126318921,318.6593126318921,5576000
2020-03-03 09:00:00+09:00,331.13690185546875,353.21269531250005,327.297633428159,350.3332439920177,5033200
2020-03-04 09:00:00+09:00,331.13690185546875,334.9761702827785,323.4583650008492,325.3779992145041,2703500
2020-03-05 09:00:00+09:00,333.0565490722656,340.7350862266694,331.1369147836647,335.93600050516704,2213900
2020-03-06 09:00:00+09:00,314.820068359375,327.29769301996,314.820068359375,321.5387893304592,3910500
2020-03-09 09:00:00+09:00,288.90496826171875,306.1816773272036,285.0656995804999,302.34240864598473,4474300
2020-03-10 09:00:00+09:00,308.101318359375,321.5387590354848,271.6282650956484,278.34698543370325,5308400
2020-03-11 09:00:00+09:00,297.5433349609375,321.5387651997228,297.5433349609375,317.6994963615171,3661600
2020-03-12 09:00:00+09:00,280.2666320800781,297.5433422767953,279.3068148469272,286.9853527121348,5794700
2020-03-13 09:00:00+09:00,255.3114013671875,265.86939164928924,247.6328629802044,249.55249757695017,5890300
2020-03-16 09:00:00+09:00,260.1104736328125,275.4675495668531,256.2712046493024,268.74882884571036,4102500
2020-03-17 09:00:00+09:00,281.2264404296875,281.2264404296875,243.79356951925126,251.47210714190484,7300200
2020-03-18 09:00:00+09:00,284.10589599609375,302.3424231039511,283.14607877989073,288.90498207710885,6412300
2020-03-19 09:00:00+09:00,259.1506652832031,293.70408732096354,256.2712134467231,287.9451836480035,6586000
2020-03-23 09:00:00+09:00,267.78900146484375,270.668453093498,256.2711949502268,267.78900146484375,3694900
2020-03-24 09:00:00+09:00,263.9497375488281,277.3871787331321,260.110468639027,272.58809259588065,3881600
2020-03-25 09:00:00+09:00,273.54791259765625,277.38718154639525,265.8693747001782,273.54791259765625,4478000
2020-03-26 09:00:00+09:00,261.0702819824219,269.7086369009579,257.2310131297392,268.74881968778726,3647400
2020-03-27 09:00:00+09:00,259.1506652832031,262.98993439850983,255.31139616789642,262.98993439850983,2852300
2020-03-30 09:00:00+09:00,258.1907958984375,262.0300642389347,248.59262504719447,248.59262504719447,2687700
2020-03-31 09:00:00+09:00,255.3114013671875,259.15067056067903,252.43194947206885,258.1908532623062,2282100
2020-04-01 09:00:00+09:00,250.5122833251953,261.0702722775982,248.59264897021296,257.2310035676335,2721900
2020-04-02 09:00:00+09:00,244.75340270996094,254.35157536525352,244.75340270996094,248.59267177207798,2015300
2020-04-03 09:00:00+09:00,242.833740234375,261.07026618083006,239.95428876914525,257.23099756052375,1812600
2020-04-06 09:00:00+09:00,245.7132110595703,247.6328455209732,234.19540429115295,239.95430767536163,2304300
2020-04-07 09:00:00+09:00,248.59263610839844,256.2711731310517,241.87391621357685,249.5524532362301,2500400
2020-04-08 09:00:00+09:00,250.5122833251953,253.39173485766884,240.91411155028362,248.59264897021296,3169900
2020-04-09 09:00:00+09:00,248.59263610839844,256.2711731310517,244.75336759707181,247.63281898056678,2191500
2020-04-10 09:00:00+09:00,245.7132110595703,247.6328455209732,238.03467321395874,246.67302829027176,2570600
2020-04-13 09:00:00+09:00,236.1150360107422,243.7935737671891,236.1150360107422,241.87393932807737,3478800
2020-04-14 09:00:00+09:00,237.07484436035156,240.91411309493216,231.31594125848068,235.15520999306125,3333500
2020-04-15 09:00:00+09:00,231.31593322753906,237.0748361294695,230.35611607721734,236.11501897914775,2678300
2020-04-16 09:00:00+09:00,218.8383331298828,230.35614013671875,215.95888137817383,229.3963228861491,4967900
2020-04-17 09:00:00+09:00,219.79815673828125,222.67760857328057,212.1196185116164,216.91870490328193,3739900
2020-04-20 09:00:00+09:00,228.43649291992188,230.35612731420693,217.87850375135406,219.79813814563911,3047000
2020-04-21 09:00:00+09:00,219.79815673828125,227.4766949649461,215.95888762494883,225.55706040827988,3439100
2020-04-22 09:00:00+09:00,215.95887756347656,218.8383292643229,213.0794258626302,214.9990603298611,2329000
2020-04-23 09:00:00+09:00,225.5570526123047,225.5570526123047,216.918697405876,216.918697405876,2381800
2020-04-24 09:00:00+09:00,222.67759704589844,228.43650041777514,218.83832813131397,228.43650041777514,2727800
2020-04-27 09:00:00+09:00,228.43649291992188,228.43649291992188,222.6775897370667,222.6775897370667,2567900
2020-04-28 09:00:00+09:00,231.31593322753906,232.27575037786082,225.55703032560862,226.51684747593038,2245200
2020-04-30 09:00:00+09:00,230.35614013671875,238.9944953918457,227.47668838500977,233.23559188842773,3385700
2020-05-01 09:00:00+09:00,222.67759704589844,231.31595210371347,219.7981453599601,230.35613487506734,4549000
2020-05-07 09:00:00+09:00,227.4766845703125,229.3963190392603,220.75796392899525,220.75796392899525,2212500
2020-05-08 09:00:00+09:00,236.1150360107422,238.0346704498539,227.4766810347394,227.4766810347394,3826300
2020-05-11 09:00:00+09:00,247.63282775878906,250.5122792443564,235.15520465466403,235.15520465466403,4670800
2020-05-12 09:00:00+09:00,245.7132110595703,248.59266275167465,241.87394213676453,248.59266275167465,2683900
2020-05-13 09:00:00+09:00,245.7132110595703,246.67302829027176,238.9944904446602,240.91412490606308,2040300
2020-05-14 09:00:00+09:00,238.99447631835938,244.75337936217525,236.11502479645142,241.87392784026733,2752800
2020-05-15 09:00:00+09:00,234.19540405273438,239.9543074310803,231.31595236356142,239.9543074310803,2719000
2020-05-18 09:00:00+09:00,241.87393188476562,245.71320064484127,234.19539436461434,235.15521155463324,3908900
2020-05-19 09:00:00+09:00,246.67303466796875,254.35157271210787,243.79358290141658,249.55248643452092,5005600
2020-05-20 09:00:00+09:00,248.59263610839844,249.5524532362301,243.79355046924016,249.5524532362301,1438100
2020-05-21 09:00:00+09:00,245.7132110595703,251.472114443779,245.7132110595703,250.51229721307755,1674000
2020-05-22 09:00:00+09:00,246.67303466796875,248.59266917900354,242.8337656458992,245.71321741245137,1823900
2020-05-25 09:00:00+09:00,251.47210693359375,251.47210693359375,246.67302092341066,250.51228973155713,2167800
2020-05-26 09:00:00+09:00,259.1506652832031,265.86938623498986,252.43194433141636,252.43194433141636,4195700
2020-05-27 09:00:00+09:00,261.0702819824219,262.98991640876324,254.3515614902272,256.27119591656856,2391700
2020-05-28 09:00:00+09:00,270.66845703125,271.6282742547651,262.9899192431294,262.9899192431294,4463800
2020-05-29 09:00:00+09:00,257.23101806640625,272.5880937718633,256.2712008348152,267.789007613908,5953600
2020-06-01 09:00:00+09:00,262.9898986816406,264.90953297858687,256.2711786423286,259.150630087748,2694100
2020-06-02 09:00:00+09:00,261.0702819824219,264.90955083510454,259.15064755608057,263.9497336219339,2298800
2020-06-03 09:00:00+09:00,262.03009033203125,264.9095418741415,256.27118724781076,264.9095418741415,2549600
2020-06-04 09:00:00+09:00,226.516845703125,248.59263998775157,215.95885713221662,231.31593141717426,27094000
2020-06-05 09:00:00+09:00,246.67303466796875,259.1506589896948,240.91413113486442,249.55248643452092,26654600
2020-06-08 09:00:00+09:00,236.1150360107422,243.7935737671891,227.4766810347394,240.9141221085215,11925800
2020-06-09 09:00:00+09:00,238.03468322753906,246.67303866724814,233.23559687214512,234.19541414322393,6682100
2020-06-10 09:00:00+09:00,239.9542999267578,243.79356872558594,235.15521392822265,235.15521392822265,4375000
2020-06-11 09:00:00+09:00,230.35614013671875,240.91412989298504,230.35614013671875,237.0748608907064,4840700
2020-06-12 09:00:00+09:00,229.3963165283203,231.31595097625603,219.79814428864162,220.7579615126095,6725600
2020-06-15 09:00:00+09:00,220.75794982910156,236.11502459982168,220.75794982910156,228.4364872144616,4435000
2020-06-16 09:00:00+09:00,229.3963165283203,230.35613375228817,224.59723040848098,226.5168648564167,3768800
2020-06-17 09:00:00+09:00,234.19540405273438,235.1552212824587,227.47668344466413,230.3561351338371,2903800
2020-06-18 09:00:00+09:00,244.75340270996094,247.6328545065487,230.35614372702207,233.23559552360985,10901700
2020-06-19 09:00:00+09:00,248.59263610839844,249.5524532362301,239.95428195791354,243.79355046924016,4487800
2020-06-22 09:00:00+09:00,247.63282775878906,250.5122792443564,242.83374194951023,247.63282775878906,2847400
2020-06-23 09:00:00+09:00,253.39175415039062,254.3515714009603,247.63285064697266,249.552485148112,3567700
2020-06-24 09:00:00+09:00,238.99447631835938,257.23100262377636,238.03465914439005,254.3515511018684,7789300
2020-06-25 09:00:00+09:00,226.516845703125,238.03465141684322,224.5972114175053,238.03465141684322,6425200
2020-06-26 09:00:00+09:00,217.8784942626953,231.3159344374871,216.91867710735303,229.39630012680254,7846400
2020-06-29 09:00:00+09:00,201.56161499023438,216.91869041806174,200.60179777599515,216.91869041806174,8143100
2020-06-30 09:00:00+09:00,202.52142333984375,210.19996071765775,200.60178899539025,203.4812405120705,6872400
2020-07-01 09:00:00+09:00,191.96343994140625,203.48124633789064,182.36526794433595,203.48124633789064,13646500
2020-07-02 09:00:00+09:00,157.4100341796875,179.48583165610708,154.53058233493712,179.48583165610708,19994300
2020-07-03 09:00:00+09:00,167.96800231933594,173.7269052559989,158.36983075823105,161.2492822265625,19634900
2020-07-06 09:00:00+09:00,163.16893005371094,168.92783346737133,161.24929558249082,164.128747289321,7457100
2020-07-07 09:00:00+09:00,169.8876495361328,170.8474667651505,161.2492944749735,165.08856339104432,6478500
2020-07-08 09:00:00+09:00,178.5260009765625,185.24472144342238,167.00819446194555,167.00819446194555,10513400
2020-07-09 09:00:00+09:00,173.72691345214844,184.28490266747235,170.84746184796919,178.52599945911385,6017000
2020-07-10 09:00:00+09:00,165.0885467529297,176.6063523403434,164.12872962064523,175.6465352080589,6106700
2020-07-13 09:00:00+09:00,174.68673706054688,174.68673706054688,165.08856469458277,165.08856469458277,3832400
2020-07-14 09:00:00+09:00,175.64654541015625,180.44563135032445,170.84745946998805,171.8072766580217,3336400
2020-07-15 09:00:00+09:00,176.60635375976562,178.52598803976306,173.72690233976945,178.52598803976306,1922600
2020-07-16 09:00:00+09:00,174.68673706054688,175.6465542971433,168.9278336409684,172.76710258735406,4364700
2020-07-17 09:00:00+09:00,175.64654541015625,178.52599697425717,171.8072766580217,174.6867282221226,2730200
2020-07-20 09:00:00+09:00,174.68673706054688,177.5661887703361,170.84746811416122,177.5661887703361,2436400
2020-07-21 09:00:00+09:00,174.68673706054688,178.5260060069325,172.76710258735406,173.72691982395045,2092200
2020-07-22 09:00:00+09:00,175.64654541015625,178.52599697425717,174.6867282221226,175.64654541015625,1659400
2020-07-27 09:00:00+09:00,175.64654541015625,176.6063625981899,169.8876422819544,175.64654541015625,2339600
2020-07-28 09:00:00+09:00,169.8876495361328,175.646552910239,169.8876495361328,174.6867356812213,2765100
2020-07-29 09:00:00+09:00,163.16893005371094,169.8876507029814,162.2091128181009,168.92783346737133,2719500
2020-07-30 09:00:00+09:00,158.36984252929688,166.04838034889914,156.4502080743963,161.24929421164774,3825600
2020-07-31 09:00:00+09:00,147.8118438720703,153.57074688007305,143.9725752000685,153.57074688007305,4551100
2020-08-03 09:00:00+09:00,143.01275634765625,150.6912936012217,141.0931220342649,148.77165928783035,4805500
2020-08-04 09:00:00+09:00,160.2894744873047,169.887646612293,143.97258187482456,144.9323990873234,8163500
2020-08-05 09:00:00+09:00,158.36984252929688,159.32965975674716,152.61093916459518,159.32965975674716,2604900
2020-08-06 09:00:00+09:00,157.4100341796875,160.28948602443788,155.4903996165206,156.45021689810403,1821400
2020-08-07 09:00:00+09:00,156.4501953125,160.28946390912577,153.57074386503066,155.49037816334356,1960700
2020-08-11 09:00:00+09:00,165.0885467529297,167.9679981497831,157.4100096946539,157.4100096946539,4112500
2020-08-12 09:00:00+09:00,169.8876495361328,169.8876495361328,163.1689289330089,167.00819784907972,2620200
2020-08-13 09:00:00+09:00,167.00819396972656,173.72691441678452,165.08855955628144,170.84746279661684,2685900
2020-08-14 09:00:00+09:00,163.16893005371094,167.96801623176125,162.2091128181009,167.96801623176125,1543700
2020-08-17 09:00:00+09:00,158.36984252929688,163.16892866654828,157.4100253018466,161.24929421164774,2570500
2020-08-18 09:00:00+09:00,161.24929809570312,162.2091153462728,157.4100290934245,158.36984634399414,1021700
2020-08-19 09:00:00+09:00,166.0483856201172,166.0483856201172,161.24929933051843,162.20911658843818,1409200
2020-08-20 09:00:00+09:00,162.20912170410156,167.96802543324125,162.20912170410156,167.96802543324125,1355900
2020-08-21 09:00:00+09:00,167.96800231933594,170.84745378766743,162.209099382673,162.209099382673,2684000
2020-08-24 09:00:00+09:00,165.0885467529297,168.9278152820676,164.12872962064523,167.9679981497831,1747500
2020-08-25 09:00:00+09:00,168.92782592773438,174.68672908436167,165.0885571566495,169.8876431205056,3267300
2020-08-26 09:00:00+09:00,170.8474578857422,173.72690942314233,167.96800634834204,168.92782352747543,1853900
2020-08-27 09:00:00+09:00,173.72691345214844,178.52599945911385,170.84746184796919,172.76709625075534,2791300
2020-08-28 09:00:00+09:00,170.8474578857422,178.52599531880924,168.92782352747543,172.76709224400895,3753300
2020-08-31 09:00:00+09:00,175.64654541015625,179.4858141622908,174.6867282221226,175.64654541015625,1446400
2020-09-01 09:00:00+09:00,170.8474578857422,176.60636096054247,169.8876407066088,176.60636096054247,1952900
2020-09-02 09:00:00+09:00,167.96800231933594,173.7269052559989,166.04836800711496,172.7670880998884,2438500
2020-09-03 09:00:00+09:00,166.0483856201172,170.84747190971595,165.08856836219744,168.92783739387644,1307800
2020-09-04 09:00:00+09:00,168.92782592773438,168.92782592773438,163.16892277110708,163.16892277110708,1388700
2020-09-07 09:00:00+09:00,169.8876495361328,169.8876495361328,165.08856339104432,168.92783230711512,1131800
2020-09-08 09:00:00+09:00,171.80728149414062,172.76709870919169,167.96801263393638,169.8876470640385,1405200
2020-09-09 09:00:00+09:00,168.92782592773438,170.8474603132768,166.04837434942073,168.92782592773438,1749000
2020-09-10 09:00:00+09:00,158.36984252929688,166.04838034889914,157.4100253018466,164.12874589399857,5129200
2020-09-11 09:00:00+09:00,155.49038696289062,159.32965577678917,151.65111814899208,158.36983857331452,3279000
2020-09-14 09:00:00+09:00,161.24929809570312,163.16893259684247,156.45021184285483,156.45021184285483,2348700
2020-09-15 09:00:00+09:00,163.16893005371094,163.16893005371094,157.41002664005055,161.24929558249082,1292900
2020-09-16 09:00:00+09:00,166.0483856201172,167.00820287803694,161.24929933051843,162.20911658843818,2036000
2020-09-17 09:00:00+09:00,168.92782592773438,172.76709469881925,166.04837434942073,167.00819154219192,2771600
2020-09-18 09:00:00+09:00,169.8876495361328,171.80728399416822,167.9680150780974,169.8876495361328,2953200
2020-09-23 09:00:00+09:00,169.8876495361328,170.8474667651505,164.1287461620266,167.9680150780974,1979400
2020-09-24 09:00:00+09:00,167.96800231933594,170.84745378766743,167.00818516322545,167.96800231933594,989300
2020-09-25 09:00:00+09:00,169.8876495361328,172.7671012231859,167.00819784907972,170.8474667651505,2091500
2020-09-28 09:00:00+09:00,148.77166748046875,156.45020515688003,141.09312980405744,141.09312980405744,12336800
2020-09-29 09:00:00+09:00,150.69129943847656,153.5707510201035,147.81184785684962,147.81184785684962,3398300
2020-09-30 09:00:00+09:00,183.32510375976562,183.32510375976562,151.65113295310454,152.6109502502761,7100500
2020-10-02 09:00:00+09:00,197.7223358154297,233.23557088907484,188.12416417390398,231.3159365607697,47728900
2020-10-05 09:00:00+09:00,189.083984375,195.8027046319797,182.36526411802032,191.00361873413706,10803200
2020-10-06 09:00:00+09:00,170.8474578857422,191.9634358266766,170.8474578857422,191.00361864754322,12886200
2020-10-07 09:00:00+09:00,169.8876495361328,175.646552910239,168.92783230711512,170.8474667651505,6977800
2020-10-08 09:00:00+09:00,166.0483856201172,168.92783739387644,163.16893384635793,167.00820287803694,6272300
2020-10-09 09:00:00+09:00,161.24929809570312,170.84747060139975,159.3296635945638,166.04838434855145,6173500
2020-10-12 09:00:00+09:00,164.1287384033203,165.08855558696547,159.32965248509456,160.2894696687397,3703900
2020-10-13 09:00:00+09:00,162.20912170410156,165.08857356867142,161.2493044159116,165.08857356867142,1826800
2020-10-14 09:00:00+09:00,153.5707550048828,162.2091099739075,152.6109377861023,161.24929275512696,6019500
2020-10-15 09:00:00+09:00,151.65110778808594,154.53055920178377,150.69129065018666,153.5707420638845,2036000
2020-10-16 09:00:00+09:00,149.7314910888672,152.61094284057617,148.77167383829754,151.65112559000653,1997100
2020-10-19 09:00:00+09:00,158.36984252929688,161.24929421164774,148.77167025479403,148.77167025479403,4235100
2020-10-20 09:00:00+09:00,165.0885467529297,165.0885467529297,155.49037543008495,158.36982682693838,3651400
2020-10-21 09:00:00+09:00,171.80728149414062,174.68673313929384,162.20910934363,163.16892655868105,6430700
2020-10-22 09:00:00+09:00,170.8474578857422,171.80727506487557,166.04837199007525,169.8876407066088,3350800
2020-10-23 09:00:00+09:00,170.8474578857422,175.6465437814091,163.1689204526751,175.6465437814091,4466800
2020-10-26 09:00:00+09:00,170.8474578857422,174.6867266022757,167.96800634834204,170.8474578857422,2887900
2020-10-27 09:00:00+09:00,159.32965087890625,167.96800544463008,159.32965087890625,167.96800544463008,3365200
2020-10-28 09:00:00+09:00,163.16893005371094,164.128747289321,158.36984387566062,158.36984387566062,1511500
2020-10-29 09:00:00+09:00,160.2894744873047,162.20910891230236,159.32965727480587,161.2492916998035,1174800
2020-10-30 09:00:00+09:00,156.4501953125,162.20909820743864,154.5305610141871,162.20909820743864,1907900
2020-11-02 09:00:00+09:00,160.2894744873047,160.2894744873047,155.49038842481053,158.36984006230702,1785700
2020-11-04 09:00:00+09:00,159.32965087890625,160.28946805287558,153.57074783509037,157.41001653096762,2335700
2020-11-05 09:00:00+09:00,162.20912170410156,163.16893899229152,156.45021797496184,159.3296698395317,2210500
2020-11-06 09:00:00+09:00,162.20912170410156,166.04839085686135,161.2493044159116,164.12875628048147,1884900
2020-11-09 09:00:00+09:00,154.53057861328125,162.20911668102192,153.57076135481367,162.20911668102192,4062400
2020-11-10 09:00:00+09:00,162.20912170410156,163.16893899229152,153.57076611039201,156.45021797496184,4099900
2020-11-11 09:00:00+09:00,166.0483856201172,167.00820287803694,162.20911658843818,163.16893384635793,8020000
2020-11-12 09:00:00+09:00,161.24929809570312,165.08856709798178,159.3296635945638,165.08856709798178,2674200
2020-11-13 09:00:00+09:00,154.53057861328125,161.24929942255434,153.57076135481367,161.24929942255434,4061600
2020-11-16 09:00:00+09:00,161.24929809570312,161.24929809570312,155.49039459228516,156.45021184285483,3482900
2020-11-17 09:00:00+09:00,158.36984252929688,161.24929421164774,155.490390846946,161.24929421164774,2660400
2020-11-18 09:00:00+09:00,153.5707550048828,157.4100238800049,153.5707550048828,157.4100238800049,3787500
2020-11-19 09:00:00+09:00,149.7314910888672,153.57076009114584,149.7314910888672,153.57076009114584,3407800
2020-11-20 09:00:00+09:00,151.65110778808594,151.65110778808594,148.7716563743881,151.65110778808594,2239900
2020-11-24 09:00:00+09:00,154.53057861328125,156.4502131302164,152.61094409634606,155.49039587174883,2481500
2020-11-25 09:00:00+09:00,151.65110778808594,155.49037633968305,151.65110778808594,155.49037633968305,3100000
2020-11-26 09:00:00+09:00,155.49038696289062,155.49038696289062,151.65111814899208,151.65111814899208,2289600
2020-11-27 09:00:00+09:00,157.4100341796875,157.4100341796875,153.57076505335365,153.57076505335365,2746800
2020-11-30 09:00:00+09:00,148.77166748046875,155.49038794732863,148.77166748046875,154.53057073777723,4098700
2020-12-01 09:00:00+09:00,140.13331604003906,149.73148837154858,139.17349880688812,148.77167113839764,7321300
2020-12-02 09:00:00+09:00,139.17349243164062,142.05294399919183,135.33422367490573,142.05294399919183,3918600
2020-12-03 09:00:00+09:00,137.2538604736328,141.0931292980701,137.2538604736328,137.2538604736328,2673300
2020-12-04 09:00:00+09:00,133.4145965576172,137.25386552330403,130.53514483335206,136.2940482818823,5729400
2020-12-07 09:00:00+09:00,134.37440490722656,136.29403926304408,132.45477055140904,134.37440490722656,2555000
2020-12-08 09:00:00+09:00,133.4145965576172,135.3342310404606,131.49496207477378,132.4547793161955,1393000
2020-12-09 09:00:00+09:00,134.37440490722656,136.29403926304408,132.45477055140904,134.37440490722656,2020900
2020-12-10 09:00:00+09:00,133.4145965576172,135.3342310404606,132.4547793161955,134.3744137990389,1760700
2020-12-11 09:00:00+09:00,136.29403686523438,136.29403686523438,133.41458538216605,134.3744025431888,1833400
2020-12-14 09:00:00+09:00,135.334228515625,136.29404573914007,134.37441129210993,135.334228515625,994400
2020-12-15 09:00:00+09:00,130.53514099121094,136.29404427023496,130.53514099121094,136.29404427023496,2946200
2020-12-16 09:00:00+09:00,129.57533264160156,134.37441903573495,129.57533264160156,132.4547844780816,2022600
2020-12-17 09:00:00+09:00,123.81641387939453,130.53513401238493,122.85659671753876,130.53513401238493,4399900
2020-12-18 09:00:00+09:00,122.85660552978516,123.8164227604866,119.97715383768082,122.85660552978516,3707700
2020-12-21 09:00:00+09:00,120.93696594238281,124.77623470245845,118.05751437232608,123.81641751243954,4984100
2020-12-22 09:00:00+09:00,117.09770202636719,122.85660540471312,115.17806756691856,120.93697094526448,2897600
2020-12-23 09:00:00+09:00,115.17807006835938,119.01733907063803,114.21825281778972,117.0977045694987,4278700
2020-12-24 09:00:00+09:00,118.0575180053711,119.97715244448281,112.29861468803591,113.25843190759178,3412100
2020-12-25 09:00:00+09:00,116.13787841796875,119.01732994899277,115.17806124096074,118.05751277198476,2483100
2020-12-28 09:00:00+09:00,113.2584228515625,116.13787427999205,112.29860570875265,115.1780571371822,2603400
2020-12-29 09:00:00+09:00,115.17807006835938,120.93697357177734,113.25843556722006,113.25843556722006,5316800
2020-12-30 09:00:00+09:00,117.09770202636719,118.05751925609151,114.21825033719423,115.17806756691856,2354300
2021-01-04 09:00:00+09:00,117.09770202636719,119.97715371554015,114.21825033719423,119.97715371554015,2112100
2021-01-05 09:00:00+09:00,121.89678955078125,123.8164240318959,116.13788610743725,117.09770334799458,2987100
2021-01-06 09:00:00+09:00,129.57533264160156,131.49496719925492,120.93697713216146,121.89679441098814,5245600
2021-01-07 09:00:00+09:00,126.69587707519531,131.49496332804364,125.73605982462566,131.49496332804364,4119400
2021-01-08 09:00:00+09:00,131.4949493408203,132.45476648929343,123.81641215303517,126.69586359845461,4045600
2021-01-12 09:00:00+09:00,137.2538604736328,143.97258091639807,130.53514003086758,131.4949572369769,7894300
2021-01-13 09:00:00+09:00,156.4501953125,157.41001246165644,137.25385232937117,141.0931209259969,13001600
2021-01-14 09:00:00+09:00,142.05294799804688,152.61093737628008,141.09313078184385,152.61093737628008,6577300
2021-01-15 09:00:00+09:00,139.17349243164062,143.97257837755927,136.29404086408945,143.01276118837555,4061700
2021-01-18 09:00:00+09:00,136.29403686523438,138.2136711872799,132.45476822114327,137.25385402625716,3084400
2021-01-19 09:00:00+09:00,143.01275634765625,146.85202497443896,137.25385340748218,138.21367056417785,4788200
2021-01-20 09:00:00+09:00,146.85203552246094,147.81185274809792,139.17349771736494,143.97258384554993,2884200
2021-01-21 09:00:00+09:00,148.77166748046875,151.651119109123,143.97258143271168,143.97258143271168,3804700
2021-01-22 09:00:00+09:00,144.93240356445312,148.7716725330479,143.97258632230444,147.81185529089922,2104100
2021-01-25 09:00:00+09:00,143.01275634765625,147.81184213113465,143.01275634765625,147.81184213113465,1880300
2021-01-26 09:00:00+09:00,148.77166748046875,149.73148469002015,143.97258143271168,143.97258143271168,2467500
2021-01-27 09:00:00+09:00,149.7314910888672,151.65112559000653,144.9324048360189,144.9324048360189,2600600
2021-01-28 09:00:00+09:00,152.61094665527344,155.49039847895784,142.05295663509727,143.01277390965876,11793400
2021-01-29 09:00:00+09:00,148.77166748046875,152.6109363186744,144.9323986422631,151.651119109123,3932100
2021-02-01 09:00:00+09:00,152.61094665527344,154.53058120439638,147.81186028246609,147.81186028246609,2946600
2021-02-02 09:00:00+09:00,151.65110778808594,155.49037633968305,150.69129065018666,152.61092492598522,2840400
2021-02-03 09:00:00+09:00,152.61094665527344,155.49039847895784,149.73149483158903,154.53058120439638,3447100
2021-02-04 09:00:00+09:00,154.53057861328125,161.24929942255434,151.65112683787848,154.53057861328125,5674500
2021-02-05 09:00:00+09:00,159.32965087890625,160.28946805287558,154.53056500905967,155.490382183029,3492700
2021-02-08 09:00:00+09:00,156.4501953125,163.16891535659508,156.4501953125,162.20909820743864,4160900
2021-02-09 09:00:00+09:00,155.49038696289062,159.32965577678917,154.53056975941598,158.36983857331452,2431800
2021-02-10 09:00:00+09:00,161.24929809570312,162.2091153462728,154.5305773417155,155.49039459228516,3812700
2021-02-12 09:00:00+09:00,155.49038696289062,160.2894729802638,153.57075255594137,159.32965577678917,3440300
2021-02-15 09:00:00+09:00,131.4949493408203,136.294035083186,130.53513219234716,131.4949493408203,13003700
2021-02-16 09:00:00+09:00,124.77623748779297,132.45477517934947,123.81642027634841,132.45477517934947,6698400
2021-02-17 09:00:00+09:00,128.61550903320312,130.53514349638527,122.85660564365672,124.77624010683886,8023000
2021-02-18 09:00:00+09:00,125.73605346679688,131.49495667901658,124.77623626476026,128.61550507290673,4696000
2021-02-19 09:00:00+09:00,123.81641387939453,128.6154996886734,121.896779555683,126.69586536496185,4683200
2021-02-22 09:00:00+09:00,124.77623748779297,128.61550633357123,123.81642027634841,124.77623748779297,3832600
2021-02-24 09:00:00+09:00,130.53514099121094,134.37440984389363,126.69587213852827,126.69587213852827,5334600
2021-02-25 09:00:00+09:00,128.61550903320312,133.41459519115847,128.61550903320312,133.41459519115847,2855400
2021-02-26 09:00:00+09:00,128.61550903320312,131.49496072797632,125.73605733842993,128.61550903320312,3290400
2021-03-01 09:00:00+09:00,135.334228515625,135.334228515625,130.53514239804966,133.41459406859485,3632000
2021-03-02 09:00:00+09:00,134.37440490722656,138.2136736188616,132.45477055140904,136.29403926304408,3221900
2021-03-03 09:00:00+09:00,139.17349243164062,139.17349243164062,134.37440648572198,136.29404086408945,2272200
2021-03-04 09:00:00+09:00,136.29403686523438,139.1734883483027,133.41458538216605,139.1734883483027,2862000
2021-03-05 09:00:00+09:00,137.2538604736328,137.2538604736328,130.53514003086758,135.33422606141417,2826500
2021-03-08 09:00:00+09:00,134.37440490722656,141.0931251525879,133.41458772931782,137.25385644095286,3604500
2021-03-09 09:00:00+09:00,134.37440490722656,136.29403926304408,132.45477055140904,136.29403926304408,2751200
2021-03-10 09:00:00+09:00,136.29403686523438,136.29403686523438,131.49495106012048,134.3744025431888,3048000
2021-03-11 09:00:00+09:00,132.4547882080078,134.37442281971806,130.53515359629756,134.37442281971806,4266600
2021-03-12 09:00:00+09:00,134.37440490722656,134.37440490722656,130.53513619559152,132.45477055140904,2789400
2021-03-15 09:00:00+09:00,139.17349243164062,139.17349243164062,131.4949549181708,132.45477210735453,5113200
2021-03-16 09:00:00+09:00,143.01275634765625,143.97257350435194,138.21367056417785,139.17348772087354,4423400
2021-03-17 09:00:00+09:00,144.93240356445312,146.85203804875053,142.05295183800703,143.97258632230444,3833100
2021-03-18 09:00:00+09:00,143.9725799560547,146.85203155517578,143.01276275634766,145.89221435546875,2146000
2021-03-19 09:00:00+09:00,149.7314910888672,149.7314910888672,143.97258758544922,144.9324048360189,3956700
2021-03-22 09:00:00+09:00,149.7314910888672,152.61094284057617,145.89222208658856,147.81185658772787,2895100
2021-03-23 09:00:00+09:00,143.9725799560547,151.65111755371095,143.9725799560547,151.65111755371095,2810300
2021-03-24 09:00:00+09:00,141.0931396484375,143.97259147799744,137.25387054235756,142.05295692495747,3542100
2021-03-25 09:00:00+09:00,145.8922119140625,147.81184628135279,142.0529431794819,146.85202909770766,2365800
2021-03-26 09:00:00+09:00,152.61094665527344,152.61094665527344,145.89222573334317,145.89222573334317,3407100
2021-03-29 09:00:00+09:00,149.7314910888672,154.5305773417155,148.77167383829754,153.57076009114584,2894200
2021-03-30 09:00:00+09:00,155.49038696289062,158.36983857331452,151.65111814899208,154.53056975941598,5339700
2021-03-31 09:00:00+09:00,146.85203552246094,153.57075610191993,144.93240107118694,152.61093887628294,5620400
2021-04-01 09:00:00+09:00,146.85203552246094,150.69130442500892,145.89221829682393,149.73148719937194,3239500
2021-04-02 09:00:00+09:00,150.69129943847656,151.6511166323522,145.89221346909832,146.852030662974,2942800
2021-04-05 09:00:00+09:00,153.5707550048828,153.5707550048828,149.73148612976075,149.73148612976075,3345500
2021-04-06 09:00:00+09:00,150.69129943847656,153.5707510201035,148.77166505072526,153.5707510201035,1785400
2021-04-07 09:00:00+09:00,148.77166748046875,150.69130189957156,147.81185027091735,149.73148469002015,1939800
2021-04-08 09:00:00+09:00,146.85203552246094,148.77166997373493,143.97258384554993,148.77166997373493,2363300
2021-04-09 09:00:00+09:00,147.8118438720703,151.65111254407213,146.85202670406986,147.8118438720703,2360500
2021-04-12 09:00:00+09:00,152.61094665527344,158.36985030264225,148.77167755702757,149.73149483158903,10124000
2021-04-13 09:00:00+09:00,151.65110778808594,156.45019347758233,151.65110778808594,153.5707420638845,2759200
2021-04-14 09:00:00+09:00,145.8922119140625,150.69129783228823,143.97257754677221,150.69129783228823,4220000
2021-04-15 09:00:00+09:00,142.05294799804688,145.89221686285896,141.09313078184385,144.93239964665594,4190900
2021-04-16 09:00:00+09:00,142.05294799804688,143.97258243045292,139.1734963494378,143.97258243045292,2350300
2021-04-19 09:00:00+09:00,136.29403686523438,142.05293983137102,135.3342197042116,142.05293983137102,3409400
2021-04-20 09:00:00+09:00,136.29403686523438,140.13330550932548,135.3342197042116,137.25385402625716,2209200
2021-04-21 09:00:00+09:00,137.2538604736328,138.21367767974215,134.37440885530486,136.2940432675235,1746200
2021-04-22 09:00:00+09:00,141.0931396484375,141.0931396484375,137.25387054235756,137.25387054235756,1119100
2021-04-23 09:00:00+09:00,141.0931396484375,143.97259147799744,139.17350509539753,142.05295692495747,1297800
2021-04-26 09:00:00+09:00,144.93240356445312,145.89222080660184,141.09313459585834,141.09313459585834,2112400
2021-04-27 09:00:00+09:00,146.85203552246094,147.81185274809792,142.05294939427594,143.97258384554993,1818700
2021-04-28 09:00:00+09:00,146.85203552246094,148.77166997373493,143.97258384554993,145.89221829682393,2033500
2021-04-30 09:00:00+09:00,144.93240356445312,147.81185529089922,143.97258632230444,145.89222080660184,1733000
2021-05-06 09:00:00+09:00,143.9725799560547,146.85203155517578,143.01276275634766,145.89221435546875,1605000
2021-05-07 09:00:00+09:00,146.85203552246094,147.81185274809792,144.93240107118694,144.93240107118694,1266400
2021-05-10 09:00:00+09:00,146.85203552246094,149.73148719937194,145.89221829682393,146.85203552246094,1846900
2021-05-11 09:00:00+09:00,143.9725799560547,148.77166595458985,143.01276275634766,148.77166595458985,2071100
2021-05-12 09:00:00+09:00,140.13331604003906,143.97258497264286,139.17349880688812,143.01276773949192,1824600
2021-05-13 09:00:00+09:00,137.2538604736328,141.0931292980701,135.33422606141417,138.21367767974215,1900200
2021-05-14 09:00:00+09:00,138.21368408203125,140.1333185831706,137.2538668314616,139.17350133260092,1257200
2021-05-17 09:00:00+09:00,134.37440490722656,140.13330797467913,134.37440490722656,137.25385644095286,2348100
2021-05-18 09:00:00+09:00,143.01275634765625,143.97257350435194,135.33421909409083,135.33421909409083,2066000
2021-05-19 09:00:00+09:00,139.17349243164062,142.05294399919183,139.17349243164062,141.0931268100081,1061900
2021-05-20 09:00:00+09:00,138.21368408203125,142.0529530843099,137.2538668314616,142.0529530843099,1193900
2021-05-21 09:00:00+09:00,136.29403686523438,138.2136711872799,135.3342197042116,138.2136711872799,1012800
2021-05-24 09:00:00+09:00,139.17349243164062,140.13330962082435,134.37440648572198,136.29404086408945,1150800
2021-05-25 09:00:00+09:00,139.17349243164062,141.0931268100081,138.2136752424569,141.0931268100081,1206400
2021-05-26 09:00:00+09:00,136.29403686523438,139.1734883483027,136.29403686523438,138.2136711872799,1004900
2021-05-27 09:00:00+09:00,130.53514099121094,137.25386148340561,130.53514099121094,137.25386148340561,4540100
2021-05-28 09:00:00+09:00,132.4547882080078,133.41460551386294,129.5753362904424,130.53515359629756,1504900
2021-05-31 09:00:00+09:00,129.57533264160156,132.4547844780816,129.57533264160156,132.4547844780816,1420800
2021-06-01 09:00:00+09:00,132.4547882080078,133.41460551386294,129.5753362904424,132.4547882080078,1291400
2021-06-02 09:00:00+09:00,139.17349243164062,139.17349243164062,130.53513772898708,131.4949549181708,3013400
2021-06-03 09:00:00+09:00,139.17349243164062,142.05294399919183,138.2136752424569,139.17349243164062,2030600
2021-06-04 09:00:00+09:00,138.21368408203125,140.1333185831706,137.2538668314616,139.17350133260092,670000
2021-06-07 09:00:00+09:00,138.21368408203125,140.1333185831706,136.29404958089194,139.17350133260092,1154400
2021-06-08 09:00:00+09:00,143.01275634765625,144.9323906610476,138.21367056417785,139.17348772087354,2672700
2021-06-09 09:00:00+09:00,147.8118438720703,149.73147820807122,143.01275803206804,143.01275803206804,5501700
2021-06-10 09:00:00+09:00,146.85203552246094,150.69130442500892,145.89221829682393,150.69130442500892,2706300
2021-06-11 09:00:00+09:00,145.8922119140625,146.85202909770766,143.97257754677221,146.85202909770766,1600900
2021-06-14 09:00:00+09:00,146.85203552246094,146.85203552246094,143.97258384554993,146.85203552246094,763000
2021-06-15 09:00:00+09:00,144.93240356445312,146.85203804875053,143.97258632230444,145.89222080660184,871100
2021-06-16 09:00:00+09:00,144.93240356445312,146.85203804875053,142.05295183800703,144.93240356445312,1441700
2021-06-17 09:00:00+09:00,144.93240356445312,145.89222080660184,142.05295183800703,143.01276908015575,1034200
2021-06-18 09:00:00+09:00,143.01275634765625,144.9323906610476,140.13330487756923,144.9323906610476,2628100
2021-06-21 09:00:00+09:00,139.17349243164062,143.01276118837555,139.17349243164062,142.05294399919183,1256500
2021-06-22 09:00:00+09:00,145.8922119140625,145.8922119140625,142.0529431794819,143.01276036312706,1407000
2021-06-23 09:00:00+09:00,142.05294799804688,145.89221686285896,141.09313078184385,145.89221686285896,1389800
2021-06-24 09:00:00+09:00,138.21368408203125,142.0529530843099,138.21368408203125,141.09313583374023,1667100
2021-06-25 09:00:00+09:00,137.2538604736328,140.1333120919608,137.2538604736328,140.1333120919608,1146000
2021-06-28 09:00:00+09:00,138.21368408203125,139.17350133260092,136.29404958089194,139.17350133260092,696000
2021-06-29 09:00:00+09:00,135.334228515625,137.25386296265515,134.37441129210993,136.29404573914007,1190200
2021-06-30 09:00:00+09:00,133.4145965576172,134.3744137990389,133.4145965576172,134.3744137990389,1074700
2021-07-01 09:00:00+09:00,132.4547882080078,135.3342401255732,132.4547882080078,133.41460551386294,1483000
2021-07-02 09:00:00+09:00,135.334228515625,135.334228515625,132.45477684507978,132.45477684507978,1125000
2021-07-05 09:00:00+09:00,134.37440490722656,135.33422208513534,134.37440490722656,134.37440490722656,477500
2021-07-06 09:00:00+09:00,134.37440490722656,136.29403926304408,134.37440490722656,134.37440490722656,550300
2021-07-07 09:00:00+09:00,136.29403686523438,139.1734883483027,133.41458538216605,133.41458538216605,1181500
2021-07-08 09:00:00+09:00,141.0931396484375,143.97259147799744,135.3342359893176,138.21368781887753,2599700
2021-07-09 09:00:00+09:00,142.05294799804688,143.0127652142499,139.1734963494378,139.1734963494378,1429300
2021-07-12 09:00:00+09:00,144.93240356445312,144.93240356445312,143.01276908015575,143.97258632230444,1100000
2021-07-13 09:00:00+09:00,143.01275634765625,144.9323906610476,141.0931220342649,143.01275634765625,1585500
2021-07-14 09:00:00+09:00,142.05294799804688,143.97258243045292,141.09313078184385,141.09313078184385,1113100
2021-07-15 09:00:00+09:00,141.0931396484375,142.05295692495747,138.21368781887753,141.0931396484375,841000
2021-07-16 09:00:00+09:00,142.05294799804688,142.05294799804688,139.1734963494378,140.13331356564083,421300
2021-07-19 09:00:00+09:00,140.13331604003906,142.05295050634098,139.17349880688812,140.13331604003906,564300
2021-07-20 09:00:00+09:00,138.21368408203125,140.1333185831706,137.2538668314616,140.1333185831706,850200
2021-07-21 09:00:00+09:00,140.13331604003906,142.05295050634098,139.17349880688812,142.05295050634098,1084200
2021-07-26 09:00:00+09:00,142.05294799804688,143.0127652142499,140.13331356564083,140.13331356564083,863900
2021-07-27 09:00:00+09:00,143.9725799560547,143.9725799560547,141.0931283569336,142.05294555664062,746500
2021-07-28 09:00:00+09:00,143.9725799560547,143.9725799560547,141.0931283569336,142.05294555664062,629900
2021-07-29 09:00:00+09:00,143.9725799560547,143.9725799560547,141.0931283569336,142.05294555664062,1297600
2021-07-30 09:00:00+09:00,143.01275634765625,143.97257350435194,140.13330487756923,143.97257350435194,872600
2021-08-02 09:00:00+09:00,140.13331604003906,143.97258497264286,140.13331604003906,143.97258497264286,1823700
2021-08-03 09:00:00+09:00,141.0931396484375,142.05295692495747,139.17350509539753,140.1333223719175,528300
2021-08-04 09:00:00+09:00,141.0931396484375,142.05295692495747,139.17350509539753,140.1333223719175,803900
2021-08-05 09:00:00+09:00,143.9725799560547,143.9725799560547,140.13331115722656,140.13331115722656,1228100
2021-08-06 09:00:00+09:00,145.8922119140625,147.81184628135279,143.01276036312706,143.97257754677221,2642300
2021-08-10 09:00:00+09:00,145.8922119140625,147.81184628135279,143.97257754677221,145.8922119140625,1878000
2021-08-11 09:00:00+09:00,149.7314910888672,150.69130833943686,141.09313583374023,145.89222208658856,7090800
2021-08-12 09:00:00+09:00,157.4100341796875,158.36985146127097,146.85204408226943,147.8118613638529,5162600
2021-08-13 09:00:00+09:00,180.44564819335938,188.12418641435337,156.45021625275308,157.41003353037732,12736500
2021-08-16 09:00:00+09:00,182.3652801513672,187.16436647114,169.88765571995785,175.64655930368522,6795300
2021-08-17 09:00:00+09:00,179.48582458496094,193.88308324150861,178.52600734119108,180.44564182873077,7939400
2021-08-18 09:00:00+09:00,183.32510375976562,191.003642137138,170.8474788965355,177.56619997673633,6123400
2021-08-19 09:00:00+09:00,183.32510375976562,189.0840075427949,178.52601727390788,188.12419024562337,3623200
2021-08-20 09:00:00+09:00,197.7223358154297,201.56160447204,185.24471268144626,186.20452984559884,6612100
2021-08-23 09:00:00+09:00,207.3205108642578,211.15977958396627,194.84288752520524,200.60179060476796,4413900
2021-08-24 09:00:00+09:00,213.0794219970703,215.95887364567938,205.40088426744614,207.3205186998522,6230900
2021-08-25 09:00:00+09:00,223.63739013671875,232.2757442621714,214.9990360112661,215.95885313631638,7904400
2021-08-26 09:00:00+09:00,208.28033447265625,233.23558192099293,206.36070005355342,223.6374098254788,8602600
2021-08-27 09:00:00+09:00,213.0794219970703,218.83832529428844,203.4812498350401,205.40088426744614,3906200
2021-08-30 09:00:00+09:00,217.8784942626953,224.5972143500912,209.2401398646149,215.95885995201076,4154500
2021-08-31 09:00:00+09:00,229.3963165283203,237.07485432006325,216.91869261673804,220.7579615126095,6361500
2021-09-01 09:00:00+09:00,231.31593322753906,237.0748361294695,226.51684747593038,232.27575037786082,3783300
2021-09-02 09:00:00+09:00,227.4766845703125,234.19540521162975,216.9186949910997,234.19540521162975,4866900
2021-09-03 09:00:00+09:00,230.35614013671875,235.15522638956708,225.55705388387045,227.47668838500977,3455900
2021-09-06 09:00:00+09:00,233.235595703125,241.87395109953704,228.43650937178498,230.356143904321,5518400
2021-09-07 09:00:00+09:00,244.75340270996094,245.7132199754902,232.27577825808058,233.23559552360985,4806000
2021-09-08 09:00:00+09:00,243.7935791015625,254.35156874769314,241.87394462044782,247.6328480637918,5523000
2021-09-09 09:00:00+09:00,240.9141387939453,244.75340793807192,235.15523507775538,243.79359065204028,3329600
2021-09-10 09:00:00+09:00,244.75340270996094,248.59267177207798,238.9944991167854,240.91413364784393,3574500
2021-09-13 09:00:00+09:00,257.23101806640625,259.1506525295884,246.67302851890452,247.6328457504956,5133300
2021-09-14 09:00:00+09:00,253.39175415039062,262.0301094055176,244.75339889526367,259.1506576538086,4977700
2021-09-15 09:00:00+09:00,249.55247497558594,256.27119545569786,247.63284055269682,253.3917438213642,2299700
2021-09-16 09:00:00+09:00,248.59263610839844,256.2711731310517,247.63281898056678,249.5524532362301,2459500
2021-09-17 09:00:00+09:00,253.39175415039062,259.1506576538086,249.552485148112,251.4721196492513,4443700
2021-09-21 09:00:00+09:00,249.55247497558594,254.35156103280875,244.75338891836313,249.55247497558594,2329400
2021-09-22 09:00:00+09:00,246.67303466796875,255.31138996762525,245.71321741245137,254.35157271210787,2732500
2021-09-24 09:00:00+09:00,252.43191528320312,254.35154961995752,248.59264660969433,251.47209811482594,3569300
2021-09-27 09:00:00+09:00,249.55247497558594,260.1104643014761,248.5926577641414,253.3917438213642,2873600
2021-09-28 09:00:00+09:00,252.43191528320312,257.2310011250891,247.63282944131714,250.51228094644873,2650700
2021-09-29 09:00:00+09:00,248.59263610839844,254.35153887538837,247.63281898056678,249.5524532362301,2035500
2021-09-30 09:00:00+09:00,238.03468322753906,250.5123077515633,237.0748659564603,249.5524904804845,3134000
2021-10-01 09:00:00+09:00,234.19540405273438,237.07485574190736,226.51686621493982,230.3561351338371,1838000
2021-10-04 09:00:00+09:00,226.516845703125,238.03465141684322,220.75794284626588,232.2757485599841,2468600
2021-10-05 09:00:00+09:00,222.67759704589844,226.5168659604829,219.7981453599601,224.59723150319067,1319200
2021-10-06 09:00:00+09:00,218.8383331298828,227.47668838500977,215.95888137817383,223.63741938273114,1672800
2021-10-07 09:00:00+09:00,221.7177734375,230.35612824675323,221.7177734375,223.63740783955626,1478100
2021-10-08 09:00:00+09:00,228.43649291992188,238.9944820884897,227.47667572277933,229.39631011706442,1736700
2021-10-11 09:00:00+09:00,236.1150360107422,238.0346704498539,226.51686381518357,228.4364982542953,1361900
2021-10-12 09:00:00+09:00,239.9542999267578,242.8337515258789,236.11503112792968,238.03466552734375,1381200
2021-10-13 09:00:00+09:00,238.99447631835938,244.75337936217525,238.03465914439005,241.87392784026733,1282400
2021-10-14 09:00:00+09:00,237.07484436035156,242.83374746222245,233.23557562577096,240.91411309493216,1174200
2021-10-15 09:00:00+09:00,238.99447631835938,241.87392784026733,234.1953904485128,239.9542934923287,1208500
2021-10-18 09:00:00+09:00,239.9542999267578,242.8337515258789,236.11503112792968,238.03466552734375,1420500
2021-10-19 09:00:00+09:00,241.87393188476562,245.71320064484127,238.03466312468998,241.87393188476562,1565600
2021-10-20 09:00:00+09:00,226.516845703125,243.7935542737023,225.55702856031513,243.7935542737023,3769900
2021-10-21 09:00:00+09:00,214.03924560546875,223.6374180541445,214.03924560546875,222.67760080927692,2977600
2021-10-22 09:00:00+09:00,214.99905395507812,221.71777439117432,212.11960233960832,214.0392367499215,1509600
2021-10-25 09:00:00+09:00,215.95887756347656,221.71778096516925,212.11960862901475,219.79814649793835,1246500
2021-10-26 09:00:00+09:00,225.5570526123047,226.51686985746343,216.918697405876,218.8383318961935,1547100
2021-10-27 09:00:00+09:00,230.35614013671875,231.31595738728842,224.59723663330078,225.55705388387045,1139400
2021-10-28 09:00:00+09:00,229.3963165283203,234.19540264815964,226.5168648564167,227.47668208038456,4527600
2021-10-29 09:00:00+09:00,235.1552276611328,235.1552276611328,226.5168723592953,230.3561413823342,859800
2021-11-01 09:00:00+09:00,233.235595703125,238.99449930073303,232.275778436857,238.99449930073303,1090900
2021-11-02 09:00:00+09:00,224.5972442626953,232.2757825280866,220.75797512999966,230.35614796173877,1639100
2021-11-04 09:00:00+09:00,228.43649291992188,231.31594451134947,225.55704132849428,225.55704132849428,1063100
2021-11-05 09:00:00+09:00,231.31593322753906,233.23556752818254,226.51684747593038,230.35611607721734,1305800
2021-11-08 09:00:00+09:00,236.1150360107422,238.0346704498539,230.356132693407,233.2355843520746,1795200
2021-11-09 09:00:00+09:00,227.4766845703125,242.8337603218948,222.67759839794306,241.87394308742088,3562800
2021-11-10 09:00:00+09:00,227.4766845703125,233.23558797715586,226.5168673358386,229.3963190392603,986800
2021-11-11 09:00:00+09:00,223.63739013671875,230.35611001207081,221.71775588661816,226.51684151186964,1863100
2021-11-12 09:00:00+09:00,224.5972442626953,228.43651339539096,221.71779241317358,223.6374269795214,1527000
2021-11-15 09:00:00+09:00,224.5972442626953,231.3159652449127,216.91870599730402,227.47669611221704,2970900
2021-11-16 09:00:00+09:00,214.99905395507812,224.5972260066441,214.0392367499215,223.6374088014875,2763800
2021-11-17 09:00:00+09:00,214.99905395507812,216.91868836539132,212.11960233960832,216.91868836539132,1285200
2021-11-18 09:00:00+09:00,211.1597900390625,215.9588761763139,203.48125221946023,214.99905894886365,1956100
2021-11-19 09:00:00+09:00,207.3205108642578,213.07941394382053,204.44105932447644,213.07941394382053,1284900
2021-11-22 09:00:00+09:00,207.3205108642578,210.19996240403916,202.5214249646222,210.19996240403916,1024200
2021-11-24 09:00:00+09:00,195.80270385742188,203.48124126359528,194.8428866816502,202.52142408782362,3458100
2021-11-25 09:00:00+09:00,195.80270385742188,200.60178973628027,190.04380080279182,197.72233820896523,1990000
2021-11-26 09:00:00+09:00,191.96343994140625,196.7625259399414,191.00362274169922,193.88307434082031,1084800
2021-11-29 09:00:00+09:00,187.1643524169922,193.88307276016627,185.24471803322817,185.24471803322817,1692400
2021-11-30 09:00:00+09:00,187.1643524169922,192.92325556828425,186.20453522511016,188.12416960887418,1383800
2021-12-01 09:00:00+09:00,186.2045440673828,189.08399577976502,183.3250923550006,187.16436130484354,862400
2021-12-02 09:00:00+09:00,182.3652801513672,186.20454920718544,179.4858283595035,183.32509741532175,1226200
2021-12-03 09:00:00+09:00,189.083984375,190.04380155456855,180.44562975888326,180.44562975888326,1103000
2021-12-06 09:00:00+09:00,186.2045440673828,189.08399577976502,184.28490959246133,185.24472682992206,632800
2021-12-07 09:00:00+09:00,191.00364685058594,191.00364685058594,184.28492560458542,184.28492560458542,762000
2021-12-08 09:00:00+09:00,187.1643524169922,191.96343837640225,187.1643524169922,191.96343837640225,1073900
2021-12-09 09:00:00+09:00,183.32510375976562,188.12419024562337,182.36528646259407,187.1643729484518,853300
2021-12-10 09:00:00+09:00,180.44564819335938,183.32510002623212,179.4858309157351,182.36528274860788,781800
2021-12-13 09:00:00+09:00,180.44564819335938,184.2849173038564,180.44564819335938,184.2849173038564,619900
2021-12-14 09:00:00+09:00,181.4054412841797,182.36525843383143,178.52598983522446,180.44562413452795,547900
2021-12-15 09:00:00+09:00,181.4054412841797,183.32507558348317,180.44562413452795,181.4054412841797,628000
2021-12-16 09:00:00+09:00,179.48582458496094,184.28491080381016,179.48582458496094,183.3250935600403,821100
2021-12-17 09:00:00+09:00,176.60635375976562,180.44562231976053,176.60635375976562,180.44562231976053,1579200
2021-12-20 09:00:00+09:00,173.72691345214844,176.6063650563277,172.76709625075534,176.6063650563277,1140700
2021-12-21 09:00:00+09:00,174.68673706054688,179.48582324352893,172.76710258735406,172.76710258735406,805500
2021-12-22 09:00:00+09:00,174.68673706054688,180.44564048012535,173.72691982395045,175.6465542971433,884700
2021-12-23 09:00:00+09:00,177.56619262695312,179.4858271418391,174.68674085462416,174.68674085462416,493800
2021-12-24 09:00:00+09:00,176.60635375976562,179.4858051797618,175.6465366197669,177.56617089976436,876600
2021-12-27 09:00:00+09:00,173.72691345214844,176.6063650563277,172.76709625075534,174.6867306535415,746200
2021-12-28 09:00:00+09:00,174.68673706054688,176.6063715337397,172.76710258735406,172.76710258735406,627800
2021-12-29 09:00:00+09:00,177.56619262695312,178.5260098843961,174.68674085462416,174.68674085462416,544600
2021-12-30 09:00:00+09:00,176.60635375976562,178.52598803976306,175.6465366197669,178.52598803976306,588200
2022-01-04 09:00:00+09:00,177.56619262695312,179.4858271418391,174.68674085462416,177.56619262695312,851800
2022-01-05 09:00:00+09:00,177.56619262695312,178.5260098843961,175.64655811206714,176.60637536951012,752500
2022-01-06 09:00:00+09:00,172.76710510253906,176.60637410481772,172.76710510253906,175.64655685424805,1088600
2022-01-07 09:00:00+09:00,169.8876495361328,174.6867356812213,169.8876495361328,173.72691845220362,899100
2022-01-11 09:00:00+09:00,167.96800231933594,171.80727094377792,165.08855085100447,169.88763663155692,1168800
2022-01-12 09:00:00+09:00,172.76710510253906,173.72692235310873,169.88765335083008,169.88765335083008,931900
2022-01-13 09:00:00+09:00,171.80728149414062,172.76709870919169,168.92782984898744,168.92782984898744,551700
2022-01-14 09:00:00+09:00,168.92782592773438,173.72691189159048,166.04837434942073,173.72691189159048,1231900
2022-01-17 09:00:00+09:00,170.8474578857422,173.72690942314233,167.96800634834204,168.92782352747543,927200
2022-01-18 09:00:00+09:00,173.72691345214844,177.56618225772078,170.84746184796919,172.76709625075534,1752300
2022-01-19 09:00:00+09:00,166.0483856201172,171.8072891676357,166.0483856201172,171.8072891676357,1319000
2022-01-20 09:00:00+09:00,167.96800231933594,169.88763663155692,164.12873369489398,166.04836800711496,1262100
2022-01-21 09:00:00+09:00,171.80728149414062,172.76709870919169,165.08856098878317,167.00819541888532,812600
2022-01-24 09:00:00+09:00,170.8474578857422,170.8474578857422,167.96800634834204,170.8474578857422,669500
2022-01-25 09:00:00+09:00,165.0885467529297,172.76708381120548,164.12872962064523,172.76708381120548,1450400
2022-01-26 09:00:00+09:00,166.0483856201172,168.92783739387644,164.12875110427768,165.08856836219744,639000
2022-01-27 09:00:00+09:00,160.2894744873047,167.0081949747965,160.2894744873047,165.08856054979884,1330900
2022-01-28 09:00:00+09:00,163.16893005371094,163.16893005371094,160.28947834688074,163.16893005371094,731300
2022-01-31 09:00:00+09:00,161.24929809570312,164.1287498474121,158.36984634399414,160.28948084513348,748200
2022-02-01 09:00:00+09:00,160.2894744873047,162.20910891230236,159.32965727480587,162.20910891230236,876900
2022-02-02 09:00:00+09:00,165.0885467529297,165.0885467529297,160.28946109150732,161.2492782237918,539000
2022-02-03 09:00:00+09:00,165.0885467529297,167.9679981497831,163.16891248836075,164.12872962064523,746000
2022-02-04 09:00:00+09:00,168.92782592773438,169.8876431205056,163.16892277110708,164.12873996387827,998000
2022-02-07 09:00:00+09:00,195.80270385742188,202.52142408782362,178.52599469353171,178.52599469353171,6685800
2022-02-08 09:00:00+09:00,194.8428955078125,213.07942267356833,193.8830782885622,210.19997101581743,5263900
2022-02-09 09:00:00+09:00,191.00364685058594,197.72236809658645,188.12419488801427,195.802733454872,1854500
2022-02-10 09:00:00+09:00,191.96343994140625,193.88307434082031,187.1643539428711,191.00362274169922,1490700
2022-02-14 09:00:00+09:00,201.56161499023438,205.4008838471912,193.88307727632068,199.64198056175596,2936600
2022-02-15 09:00:00+09:00,192.92324829101562,201.56160269210588,191.00361397966225,199.6419683807525,1574100
2022-02-16 09:00:00+09:00,208.28033447265625,208.28033447265625,196.7625279580393,197.72234516759073,2684400
2022-02-17 09:00:00+09:00,222.67759704589844,228.43650041777514,209.24015584485284,211.15979030214507,5659600
2022-02-18 09:00:00+09:00,214.99905395507812,228.4364948272705,214.99905395507812,220.7579571860177,2453800
2022-02-21 09:00:00+09:00,206.36068725585938,213.07940730605014,203.4812358057776,213.07940730605014,1424500
2022-02-22 09:00:00+09:00,197.7223358154297,205.40087312865026,196.76251865127713,203.48123880034512,1397200
2022-02-24 09:00:00+09:00,191.96343994140625,201.56161193847657,190.04380554199219,197.72234313964844,1691800
2022-02-25 09:00:00+09:00,192.92324829101562,202.52141984778257,191.96343113533894,202.52141984778257,1596700
2022-02-28 09:00:00+09:00,195.80270385742188,199.64197256050858,192.92325233010686,198.68215538473692,1386500
2022-03-01 09:00:00+09:00,193.88308715820312,198.68217347400022,192.9232698950437,197.72235621084081,1074200
2022-03-02 09:00:00+09:00,191.96343994140625,192.92325714111328,189.08398834228515,191.96343994140625,1077700
2022-03-03 09:00:00+09:00,188.1241912841797,192.9232777965312,187.1643739817094,191.00364319159058,1242400
2022-03-04 09:00:00+09:00,184.28489685058594,190.04379987716675,183.32507967948914,188.12416553497314,1352100
2022-03-07 09:00:00+09:00,179.48582458496094,182.36527631627047,172.76710387857202,182.36527631627047,2038100
2022-03-08 09:00:00+09:00,166.0483856201172,176.60637545723446,165.08856836219744,169.8876546517962,2724200
2022-03-09 09:00:00+09:00,167.96800231933594,172.7670880998884,166.04836800711496,170.84745378766743,1395000
2022-03-10 09:00:00+09:00,177.56619262695312,178.5260098843961,171.80728908229517,172.76710633973818,1323100
2022-03-11 09:00:00+09:00,174.68673706054688,179.48582324352893,173.72691982395045,175.6465542971433,1229000
2022-03-14 09:00:00+09:00,178.5260009765625,184.28490423387098,176.60636655745967,179.4858181861139,1203200
2022-03-15 09:00:00+09:00,175.64654541015625,183.32508291442537,175.64654541015625,183.32508291442537,1171500
2022-03-16 09:00:00+09:00,174.68673706054688,179.48582324352893,173.72691982395045,179.48582324352893,1169100
2022-03-17 09:00:00+09:00,175.64654541015625,177.56617978622353,173.72691103408897,176.6063625981899,977300
2022-03-18 09:00:00+09:00,173.72691345214844,179.48581666050694,173.72691345214844,175.6465478549346,3823500
2022-03-22 09:00:00+09:00,180.44564819335938,180.44564819335938,176.60637908286236,178.52601363811087,1423800
2022-03-23 09:00:00+09:00,180.44564819335938,185.24473458148063,180.44564819335938,182.36528274860788,1186100
2022-03-24 09:00:00+09:00,181.4054412841797,183.32507558348317,176.60635553592095,183.32507558348317,965500
2022-03-25 09:00:00+09:00,180.44564819335938,186.20455185910487,179.4858309157351,186.20455185910487,950900
2022-03-28 09:00:00+09:00,178.5260009765625,180.4456353956653,177.56618376701107,180.4456353956653,616200
2022-03-29 09:00:00+09:00,180.44564819335938,183.32510002623212,178.52601363811087,178.52601363811087,1048100
2022-03-30 09:00:00+09:00,185.24472045898438,187.16435486788578,180.4456344367309,183.325086050083,1894600
2022-03-31 09:00:00+09:00,193.88308715820312,195.80272168452197,184.2849145266089,186.20454905292775,1601900
2022-04-01 09:00:00+09:00,194.8428955078125,196.7625299463131,191.00362663081125,195.80271272706278,1167800
2022-04-04 09:00:00+09:00,192.92324829101562,197.7223340693991,189.08397966830884,197.7223340693991,1223800
2022-04-05 09:00:00+09:00,191.96343994140625,196.7625259399414,191.00362274169922,192.92325714111328,878200
2022-04-06 09:00:00+09:00,190.04379272460938,192.92324412952772,188.12415845466384,190.04379272460938,910300
2022-04-07 09:00:00+09:00,201.56161499023438,204.44106663295202,189.08399120512462,193.88307727632068,5303800
2022-04-08 09:00:00+09:00,196.7625274658203,203.48124791587273,193.8830758443693,199.64197908727135,1882600
2022-04-11 09:00:00+09:00,193.88308715820312,201.5616252634785,191.96345263188428,200.60180800031907,925600
2022-04-12 09:00:00+09:00,191.96343994140625,198.68216033935548,191.96343994140625,194.84289154052735,842300
2022-04-13 09:00:00+09:00,189.083984375,194.8428874524112,185.2447156567259,194.8428874524112,1286000
2022-04-14 09:00:00+09:00,190.04379272460938,191.00360985958216,188.12415845466384,191.00360985958216,524400
2022-04-15 09:00:00+09:00,188.1241912841797,191.00364319159058,186.20455667923906,189.08400858665,607600
2022-04-18 09:00:00+09:00,188.1241912841797,189.08400858665,185.24473937676876,188.1241912841797,596900
2022-04-19 09:00:00+09:00,192.92324829101562,193.8830654466923,187.16434535695547,189.08397966830884,882800
2022-04-20 09:00:00+09:00,194.8428955078125,196.7625299463131,192.92326106931188,196.7625299463131,881000
2022-04-21 09:00:00+09:00,193.88308715820312,198.68217347400022,191.96345263188428,194.84290442136253,1280200
2022-04-22 09:00:00+09:00,189.083984375,192.92325309327413,188.12416719543148,189.083984375,1176200
2022-04-25 09:00:00+09:00,186.2045440673828,189.08399577976502,183.3250923550006,188.12417854230426,1200000
2022-04-26 09:00:00+09:00,187.1643524169922,189.0839868007562,183.32508364946415,184.28490084134614,775300
2022-04-27 09:00:00+09:00,186.2045440673828,188.12417854230426,183.3250923550006,183.3250923550006,1219600
2022-04-28 09:00:00+09:00,188.1241912841797,189.08400858665,185.24473937676876,188.1241912841797,652900
2022-05-02 09:00:00+09:00,187.1643524169922,188.12416960887418,185.24471803322817,187.1643524169922,535900
2022-05-06 09:00:00+09:00,188.1241912841797,190.04382588912028,184.28492207429846,186.20455667923906,897700
2022-05-09 09:00:00+09:00,181.4054412841797,189.08397848139364,181.4054412841797,187.16434418209016,1508800
2022-05-10 09:00:00+09:00,182.3652801513672,183.32509741532175,177.56619383159438,180.44564562345806,1080100
2022-05-11 09:00:00+09:00,182.3652801513672,190.0438182630037,181.40546288741263,182.3652801513672,1243900
2022-05-12 09:00:00+09:00,188.1241912841797,188.1241912841797,181.40547016688754,182.36528746935787,1391100
2022-05-13 09:00:00+09:00,195.80270385742188,215.95886454862708,179.4858118693034,191.0036179785635,6683700
2022-05-16 09:00:00+09:00,243.7935791015625,252.43193426657848,188.1241791492372,191.0036308709092,19015700
2022-05-17 09:00:00+09:00,284.10589599609375,306.1816919687632,237.07485240214578,242.8337556993639,25918100
2022-05-18 09:00:00+09:00,273.54791259765625,290.8246228669819,267.7890091745477,278.34699878358003,10784800
2022-05-19 09:00:00+09:00,292.7442626953125,297.54334896900616,262.0301105436732,267.78901407210554,9757700
2022-05-20 09:00:00+09:00,297.5433349609375,305.2218726373488,286.02552844632055,289.8647972845262,6702500
2022-05-23 09:00:00+09:00,310.0209655761719,316.73968619237377,293.7040726511102,304.262062190856,6870300
2022-05-24 09:00:00+09:00,278.34698486328125,309.0611349171606,276.4273504849138,309.0611349171606,7851000
2022-05-25 09:00:00+09:00,272.58807373046875,286.0255139847876,267.78898792535483,279.3067938576282,3384700
2022-05-26 09:00:00+09:00,281.2264404296875,295.62369847216297,271.6282684013705,274.5077200098656,4455500
2022-05-27 09:00:00+09:00,280.2666320800781,287.9451699452857,278.34699761377624,283.14608377953095,2385500
2022-05-30 09:00:00+09:00,286.0255126953125,286.9853298520082,280.26660975513846,283.1460612252255,2730200
2022-05-31 09:00:00+09:00,281.2264404296875,288.90497805234105,279.30680602402407,287.94516084950936,2362500
2022-06-01 09:00:00+09:00,284.10589599609375,289.8647992933119,282.1862615636877,284.10589599609375,2462100
2022-06-02 09:00:00+09:00,271.6282653808594,286.02552326323706,269.70863099654235,284.10588887892004,4206400
2022-06-03 09:00:00+09:00,277.3871765136719,277.3871765136719,267.78900431596696,273.54790763458993,2523100
2022-06-06 09:00:00+09:00,267.78900146484375,277.38717356035784,266.8291842552923,276.42735635080646,2238300
2022-06-07 09:00:00+09:00,263.9497375488281,270.66845814098014,262.03010309392755,268.74882368607956,1936700
2022-06-08 09:00:00+09:00,257.23101806640625,263.94973868754374,255.31138360322413,262.98992145595264,2765800
2022-06-09 09:00:00+09:00,250.5122833251953,259.15063792261583,250.5122833251953,257.2310035676335,2611100
2022-06-10 09:00:00+09:00,240.9141387939453,251.47212894029352,240.9141387939453,248.59267708219855,2691500
2022-06-13 09:00:00+09:00,234.19540405273438,241.87394189052895,230.3561351338371,238.994490201356,2038800
2022-06-14 09:00:00+09:00,235.1552276611328,236.11504491689254,229.39632412657446,230.3561413823342,1847700
2022-06-15 09:00:00+09:00,230.35614013671875,238.03467814127606,230.35614013671875,231.31595738728842,1479800
2022-06-16 09:00:00+09:00,233.235595703125,241.87395109953704,232.275778436857,232.275778436857,1699800
2022-06-17 09:00:00+09:00,229.3963165283203,234.19540264815964,227.47668208038456,229.3963165283203,1978700
2022-06-20 09:00:00+09:00,227.4766845703125,233.23558797715586,226.5168673358386,232.27577074268197,1385300
2022-06-21 09:00:00+09:00,234.19540405273438,238.03467297163166,230.3561351338371,230.3561351338371,1204300
2022-06-22 09:00:00+09:00,235.1552276611328,238.9944966841717,233.23559314961335,238.9944966841717,1214600
2022-06-23 09:00:00+09:00,233.235595703125,238.99449930073303,232.275778436857,233.235595703125,1069800
2022-06-24 09:00:00+09:00,238.99447631835938,240.914110666298,230.35612175263554,234.1953904485128,1726100
2022-06-27 09:00:00+09:00,249.55247497558594,254.35156103280875,239.95430286114032,244.75338891836313,2656800
2022-06-28 09:00:00+09:00,255.3114013671875,256.27121866556035,246.67304568183152,251.47213217369594,2206100
2022-06-29 09:00:00+09:00,259.1506652832031,263.9497516773365,255.31139616789642,255.31139616789642,2872900
2022-06-30 09:00:00+09:00,274.5077209472656,283.1460758022495,260.1104628556258,266.82918329839106,6426800
2022-07-01 09:00:00+09:00,231.31593322753906,271.6282535410521,227.4766646262521,271.6282535410521,9697200
2022-07-04 09:00:00+09:00,243.7935791015625,253.3917515071358,233.23558945543184,238.0346756582185,5693100
2022-07-05 09:00:00+09:00,243.7935791015625,255.3113859882505,241.87394462044782,246.67303082323448,3906200
2022-07-06 09:00:00+09:00,238.03468322753906,243.79358685401178,234.19541414322393,241.87395231185423,2763200
2022-07-07 09:00:00+09:00,239.9542999267578,242.8337515258789,234.19539672851562,239.9542999267578,2519800
2022-07-08 09:00:00+09:00,235.1552276611328,242.83376570721063,235.1552276611328,240.91413119569117,2776900
2022-07-11 09:00:00+09:00,238.03468322753906,244.75340412509058,237.0748659564603,238.99450049861787,2169200
2022-07-12 09:00:00+09:00,235.1552276611328,239.95431393993144,235.1552276611328,239.95431393993144,1418000
2022-07-13 09:00:00+09:00,238.03468322753906,238.99450049861787,237.0748659564603,237.0748659564603,886600
2022-07-14 09:00:00+09:00,242.833740234375,243.7935573894516,238.0346544589921,238.0346544589921,2423600
2022-07-15 09:00:00+09:00,240.9141387939453,250.51231165426185,238.03468693585035,244.75340793807192,2739900
2022-07-19 09:00:00+09:00,245.7132110595703,245.7132110595703,240.91412490606308,241.87394213676453,1853500
2022-07-20 09:00:00+09:00,246.67303466796875,251.4721209455557,245.71321741245137,250.51230369003832,2215100
2022-07-21 09:00:00+09:00,260.1104736328125,261.07029087869006,247.6328494364045,248.59266668228207,3906500
2022-07-22 09:00:00+09:00,255.3114013671875,260.11048785905194,254.35158406881462,258.1908532623062,2622500
2022-07-25 09:00:00+09:00,251.47210693359375,258.1908273478501,248.5926553274839,253.39174133766699,2126100
2022-07-26 09:00:00+09:00,259.1506652832031,262.03011711968315,253.39176161024304,256.2712134467231,3144700
2022-07-27 09:00:00+09:00,263.9497375488281,267.7890064586293,256.2711997292258,258.1908341841264,3617500
2022-07-28 09:00:00+09:00,267.78900146484375,268.7488186743951,258.1908293693296,268.7488186743951,4074300
2022-07-29 09:00:00+09:00,266.8291931152344,272.5880965637646,265.86937587381266,267.7890103566561,2968500
2022-08-01 09:00:00+09:00,262.9898986816406,267.78898442400634,261.0702643846943,266.82916727553317,2237800
2022-08-02 09:00:00+09:00,265.869384765625,267.7890193126692,261.0702983980144,262.9899329450587,2708600
2022-08-03 09:00:00+09:00,261.0702819824219,266.8291852614459,255.31137870339788,266.8291852614459,3633000
2022-08-04 09:00:00+09:00,262.03009033203125,262.98990751273465,254.35155288640397,259.150638789921,2061000
2022-08-05 09:00:00+09:00,267.78900146484375,271.62827030304936,256.2711949502268,261.07028099798384,6886100
2022-08-08 09:00:00+09:00,273.54791259765625,290.8246228669819,267.7890091745477,287.9451711554276,14772000
2022-08-09 09:00:00+09:00,290.8245849609375,299.46293896967825,270.66842560720914,270.66842560720914,14322600
2022-08-10 09:00:00+09:00,276.4273681640625,293.7040786743164,275.46755091349286,291.7844441731771,7968000
2022-08-12 09:00:00+09:00,275.467529296875,282.186249523628,272.58807777112366,280.26661517312715,4995000
2022-08-15 09:00:00+09:00,289.86480712890625,291.7844416132037,274.50773125452713,279.3068174652706,6365000
2022-08-16 09:00:00+09:00,311.9405822753906,316.73966815655047,289.86478722205527,292.7442387507512,13488000
2022-08-17 09:00:00+09:00,338.81549072265625,340.7351252309999,315.7798766225323,316.73969387670417,14274600
2022-08-18 09:00:00+09:00,324.4182434082031,348.41367561295186,323.45842612001314,331.13696442553277,12105700
2022-08-19 09:00:00+09:00,322.49859619140625,332.0967686971029,319.61914443969727,327.2976824442546,6195200
2022-08-22 09:00:00+09:00,327.2976989746094,336.8958719650671,320.57897788128895,327.2976989746094,7042100
2022-08-23 09:00:00+09:00,319.6191101074219,326.33783013971004,312.9003900751337,326.33783013971004,5539700
2022-08-24 09:00:00+09:00,316.73968505859375,326.33785733309657,313.8602333762429,322.4985884232955,4388200
2022-08-25 09:00:00+09:00,311.9405822753906,318.6593025090144,308.10131357046276,318.6593025090144,5386900
2022-08-26 09:00:00+09:00,323.4583740234375,324.4181911570382,310.0209341530276,311.94056842022906,4318900
2022-08-29 09:00:00+09:00,312.900390625,317.6994763707822,309.0611220283742,312.900390625,4592700
2022-08-30 09:00:00+09:00,321.53875732421875,325.3780260683885,314.8200370219216,314.8200370219216,4219800
2022-08-31 09:00:00+09:00,317.6994934082031,323.4583966119772,314.82004180631606,321.53876221071914,2529200
2022-09-01 09:00:00+09:00,309.0611572265625,315.77987803583557,304.26207093422454,314.820060777368,5061500
2022-09-02 09:00:00+09:00,301.3825988769531,311.94058800958527,300.42278168307746,311.94058800958527,3589400
2022-09-05 09:00:00+09:00,308.101318359375,309.0611355505257,300.4227808301694,302.3424152124708,2426400
2022-09-06 09:00:00+09:00,310.98077392578125,311.9405911292559,300.4227846875603,307.14150511188274,3642900
2022-09-07 09:00:00+09:00,311.9405822753906,318.6593025090144,307.1414963942308,311.9405822753906,4145600
2022-09-08 09:00:00+09:00,309.0611572265625,319.61914706970595,308.1013399680949,314.820060777368,3217700
2022-09-09 09:00:00+09:00,309.0611572265625,310.98079174349766,299.46298464188664,308.1013399680949,4681000
2022-09-12 09:00:00+09:00,330.1770935058594,330.1770935058594,310.0209337278854,310.0209337278854,7020600
2022-09-13 09:00:00+09:00,334.97625732421875,346.494065598977,333.05662261175905,335.9360746804486,8221400
2022-09-14 09:00:00+09:00,322.49859619140625,330.17713419596356,321.5387789408366,326.33786519368493,5162700
2022-09-15 09:00:00+09:00,324.4182434082031,325.37806069639305,317.6995223908735,322.4986088318232,3322300
2022-09-16 09:00:00+09:00,331.13690185546875,333.05653606912364,319.6190965735394,321.5387307871943,3453900
2022-09-20 09:00:00+09:00,331.13690185546875,337.8556216032609,325.3779992145041,334.9761702827785,3441500
2022-09-21 09:00:00+09:00,334.97625732421875,337.85570939290835,323.4584490494605,327.29771847437996,4308000
2022-09-22 09:00:00+09:00,336.8958740234375,340.7351432430778,321.53879714487624,328.25751827924677,5641000
2022-09-26 09:00:00+09:00,321.53875732421875,336.89583230089784,321.53875732421875,330.17711199860076,4775800
2022-09-27 09:00:00+09:00,314.820068359375,326.3378757383765,310.0209819514577,326.3378757383765,3839800
2022-09-28 09:00:00+09:00,301.3825988769531,318.65930836671475,298.5031472953262,316.7396739789635,4213900
2022-09-29 09:00:00+09:00,322.49859619140625,324.4182306925456,308.1013374328613,310.9807891845703,4110600
2022-09-30 09:00:00+09:00,318.6593017578125,324.4182048016284,313.8602158879659,314.82003306193525,2132200
2022-10-03 09:00:00+09:00,318.6593017578125,320.57893610575115,308.10131284415,313.8602158879659,2147600
2022-10-04 09:00:00+09:00,320.5789489746094,328.2574866746,319.61913176211056,326.33785224960235,2754200
2022-10-05 09:00:00+09:00,317.6994934082031,329.2172998157513,314.82004180631606,325.3780310132352,3274500
2022-10-06 09:00:00+09:00,326.3378601074219,329.21731181425207,319.61913945815144,321.5387739293716,3498500
2022-10-07 09:00:00+09:00,334.0163879394531,338.81547397306593,323.4583986655049,323.4583986655049,4844800
2022-10-11 09:00:00+09:00,351.2930908203125,369.52961739295165,334.01638143570693,334.01638143570693,8335700
2022-10-12 09:00:00+09:00,337.85565185546875,355.13236132535064,334.9762002771551,351.2930925542658,4207500
2022-10-13 09:00:00+09:00,333.0565490722656,338.81545193806846,329.2172804950637,335.93600050516704,2714700
2022-10-14 09:00:00+09:00,330.1770935058594,342.65471622555754,328.25745924129046,339.7752648287041,3202900
2022-10-17 09:00:00+09:00,329.2173156738281,332.0967674144156,322.49859494579084,331.1369501675531,2594000
2022-10-18 09:00:00+09:00,332.0967712402344,333.0565884981541,323.4584159189566,329.2173194664751,2641200
2022-10-19 09:00:00+09:00,339.7752990722656,342.65475075931874,329.21730955307095,332.096761240124,2900000
2022-10-20 09:00:00+09:00,262.9898986816406,343.61453915338444,262.9898986816406,333.0565505201799,14642300
2022-10-21 09:00:00+09:00,278.34698486328125,306.1816833496094,268.74881297144395,293.70405989022095,36495600
2022-10-24 09:00:00+09:00,274.5077209472656,287.94516183279615,262.9899144739538,286.0255274205775,19646600
2022-10-25 09:00:00+09:00,270.66845703125,274.5077259253103,263.9497364666445,274.5077259253103,10638300
2022-10-26 09:00:00+09:00,279.3067932128906,284.10587900692656,270.66843878362596,270.66843878362596,6225100
2022-10-27 09:00:00+09:00,275.467529296875,281.2264323483776,272.58807777112366,280.26661517312715,4001100
2022-10-28 09:00:00+09:00,273.54791259765625,278.34699878358003,269.7086436489172,272.58809536047147,5462600
2022-10-31 09:00:00+09:00,271.6282653808594,281.22643730244454,269.70863099654235,277.38716853381044,3595300
2022-11-01 09:00:00+09:00,274.5077209472656,274.5077209472656,269.70863491671906,274.5077209472656,1866200
2022-11-02 09:00:00+09:00,269.7086181640625,275.46752104301044,268.74880101757117,274.50770389651916,2840800
2022-11-04 09:00:00+09:00,274.5077209472656,276.4273553594843,268.7488177106097,269.70863491671906,2564000
2022-11-07 09:00:00+09:00,274.5077209472656,277.3871725655936,270.66845212282834,274.5077209472656,2857400
2022-11-08 09:00:00+09:00,294.6639099121094,319.6191596115063,283.1461023585416,309.06116935406914,22876800
2022-11-09 09:00:00+09:00,303.3022155761719,307.141484127769,291.78440992138053,292.7442270592798,7502000
2022-11-10 09:00:00+09:00,300.4227600097656,305.22184563292484,294.6638572619746,302.34239425902933,4787400
2022-11-11 09:00:00+09:00,299.4629821777344,305.22188568115234,292.74426142374676,305.22188568115234,6265100
2022-11-14 09:00:00+09:00,283.1460876464844,292.74426010907706,272.5880979376324,292.74426010907706,9418800
2022-11-15 09:00:00+09:00,276.4273681640625,284.1059061686198,264.90956115722656,280.2666371663412,11788700
2022-11-16 09:00:00+09:00,269.7086181640625,273.5478867500278,267.78898387107984,273.5478867500278,5474700
2022-11-17 09:00:00+09:00,276.4273681640625,278.34700266520184,268.74883015950525,268.74883015950525,5252800
2022-11-18 09:00:00+09:00,284.10589599609375,289.8647992933119,276.4273582664696,277.3871754826726,4887600
2022-11-21 09:00:00+09:00,290.8245849609375,292.7442191851021,279.3067796159499,283.1460480642791,3700300
2022-11-22 09:00:00+09:00,298.5031433105469,301.38259485373544,290.82460586204405,291.7844230431069,5252000
2022-11-24 09:00:00+09:00,299.4629821777344,303.30225118001306,295.62371317545575,300.4227994283041,4191300
2022-11-25 09:00:00+09:00,293.7040710449219,298.50315717310684,283.14608156291484,297.54333994746986,7595400
2022-11-28 09:00:00+09:00,290.8245849609375,294.6638534092667,288.9049507367729,292.7442191851021,2213400
2022-11-29 09:00:00+09:00,288.90496826171875,291.7844197726329,285.0656995804999,291.7844197726329,3571100
2022-11-30 09:00:00+09:00,293.7040710449219,293.7040710449219,286.9853504654629,288.90498491673685,4072200
2022-12-01 09:00:00+09:00,286.0255126953125,295.6236842622693,286.0255126953125,293.7040499488779,4234300
2022-12-02 09:00:00+09:00,284.10589599609375,286.9853476447028,282.1862615636877,286.0255304284998,3539500
2022-12-05 09:00:00+09:00,282.186279296875,286.02554840295494,279.30682746731503,283.14609657339497,2657600
2022-12-06 09:00:00+09:00,280.2666320800781,281.22644931322907,275.46754591432335,278.34699761377624,2121900
2022-12-07 09:00:00+09:00,282.186279296875,283.14609657339497,276.42737563775506,279.30682746731503,2508700
2022-12-08 09:00:00+09:00,275.467529296875,281.2264323483776,273.54789494637413,280.26661517312715,2768300
2022-12-09 09:00:00+09:00,282.186279296875,283.14609657339497,270.6684719786352,273.54792380819515,2761700
2022-12-12 09:00:00+09:00,277.3871765136719,281.2264453927539,277.3871765136719,280.26662817298336,1071400
2022-12-13 09:00:00+09:00,279.3067932128906,282.1862446893122,276.4273417364691,280.2666103716978,1473600
2022-12-14 09:00:00+09:00,282.186279296875,282.186279296875,278.34701019079506,278.34701019079506,940900
2022-12-15 09:00:00+09:00,277.3871765136719,279.30681095321285,276.4273592939014,279.30681095321285,1441800
2022-12-16 09:00:00+09:00,286.0255126953125,286.9853298520082,274.50770681496437,275.46752397166006,3727100
2022-12-19 09:00:00+09:00,281.2264404296875,288.90497805234105,281.2264404296875,285.0657092410143,2289000
2022-12-20 09:00:00+09:00,270.66845703125,283.1460809369459,265.86937091367463,278.3469948193706,5831400
2022-12-21 09:00:00+09:00,265.869384765625,272.5881056802798,265.869384765625,271.6282884067577,2810700
2022-12-22 09:00:00+09:00,273.54791259765625,274.50772983484103,264.9095574629934,267.7890091745477,1880400
2022-12-23 09:00:00+09:00,267.78900146484375,274.5077219317036,267.78900146484375,274.5077219317036,2247700
2022-12-26 09:00:00+09:00,265.869384765625,269.7086538597134,264.9095674921029,266.8292020391471,1914400
2022-12-27 09:00:00+09:00,271.6282653808594,274.50771695733494,267.78899661222533,267.78899661222533,2135500
2022-12-28 09:00:00+09:00,276.4273681640625,278.34700266520184,269.7086474100749,272.5880991617839,2373100
2022-12-29 09:00:00+09:00,279.3067932128906,279.3067932128906,273.54789026004755,273.54789026004755,2006600
2022-12-30 09:00:00+09:00,279.3067932128906,284.10587900692656,276.4273417364691,279.3067932128906,2186600
2023-01-04 09:00:00+09:00,278.34698486328125,280.2666192416487,272.5880817281789,277.38716767409755,1720100
2023-01-05 09:00:00+09:00,277.3871765136719,279.30681095321285,273.54790763458993,275.4675420741309,1731600
2023-01-06 09:00:00+09:00,277.3871765136719,279.30681095321285,273.54790763458993,274.5077248543604,1288200
2023-01-10 09:00:00+09:00,277.3871765136719,283.14607983229484,276.4273592939014,278.3469937334424,1310300
2023-01-11 09:00:00+09:00,297.5433349609375,299.4629693800403,280.2666251890121,280.2666251890121,6428900
2023-01-12 09:00:00+09:00,298.5031433105469,311.94058384542683,295.6236917673583,302.3424120347983,5597000
2023-01-13 09:00:00+09:00,294.6639099121094,298.503179096632,290.82464072758677,298.503179096632,3019800
2023-01-16 09:00:00+09:00,291.784423828125,294.6638753790604,288.90497227718953,290.82460664447984,1661500
2023-01-17 09:00:00+09:00,294.6639099121094,301.3826309850239,292.7442753198481,292.7442753198481,1962900
2023-01-18 09:00:00+09:00,301.3825988769531,306.18168484633134,294.6638785198236,297.5433301014505,2594600
2023-01-19 09:00:00+09:00,299.4629821777344,303.30225118001306,297.5433476765951,299.4629821777344,1483400
2023-01-20 09:00:00+09:00,301.3825988769531,301.3825988769531,297.5433301014505,299.46296448920185,1228400
2023-01-23 09:00:00+09:00,306.18170166015625,307.1415189067398,301.3826154272384,302.34243267382203,1618000
2023-01-24 09:00:00+09:00,299.4629821777344,306.18170293172204,294.6638959248861,304.2620684305827,5950200
2023-01-25 09:00:00+09:00,311.9405822753906,320.5789368614784,296.58350745567907,299.462958984375,6610700
2023-01-26 09:00:00+09:00,312.900390625,313.86020777415644,305.22185343174846,311.94057347584356,2115700
2023-01-27 09:00:00+09:00,308.101318359375,312.9004043151285,305.2218667859229,311.9405871239778,2663000
2023-01-30 09:00:00+09:00,305.2218933105469,310.0209796833542,305.2218933105469,308.1013451342313,1085300
2023-01-31 09:00:00+09:00,308.101318359375,310.0209527416764,303.30223240362153,308.101318359375,2028700
2023-02-01 09:00:00+09:00,307.1415100097656,317.69949941635133,306.1816927909851,310.0209616661072,2888900
2023-02-02 09:00:00+09:00,309.0611572265625,310.0209744850301,305.2218881926921,308.1013399680949,1363200
2023-02-03 09:00:00+09:00,305.2218933105469,310.0209796833542,303.30225876142396,309.06116240879277,1722900
2023-02-06 09:00:00+09:00,314.820068359375,316.73970292254194,306.18171282512384,308.1013473882908,2582700
2023-02-07 09:00:00+09:00,311.9405822753906,315.7798509803185,310.98076509915865,311.9405822753906,1341000
2023-02-08 09:00:00+09:00,316.73968505859375,316.73968505859375,311.9405989213423,312.9004161487926,1359400
2023-02-09 09:00:00+09:00,321.53875732421875,323.45839169630364,314.8200370219216,314.8200370219216,3045500
2023-02-10 09:00:00+09:00,317.6994934082031,322.4985794113482,313.86022460568705,319.61912780946113,3315700
2023-02-13 09:00:00+09:00,301.3825988769531,310.9807708157096,293.704061325948,310.9807708157096,5212700
2023-02-14 09:00:00+09:00,309.0611572265625,311.94060900196524,300.4228019003542,303.30225367575696,2927500
2023-02-15 09:00:00+09:00,303.3022155761719,308.10130126566827,301.3825813003733,307.141484127769,2381400
2023-02-16 09:00:00+09:00,308.101318359375,310.0209527416764,302.3424152124708,302.3424152124708,2542700
2023-02-17 09:00:00+09:00,309.0611572265625,312.9004262604328,306.18170545115976,306.18170545115976,2031100
2023-02-20 09:00:00+09:00,311.9405822753906,315.7798509803185,310.02094792292667,310.98076509915865,2145700
2023-02-21 09:00:00+09:00,314.820068359375,315.77988564095847,310.0209819514577,311.9406165146246,1766600
2023-02-22 09:00:00+09:00,308.101318359375,315.77985588858064,308.101318359375,311.9405871239778,1964000
2023-02-24 09:00:00+09:00,307.1415100097656,313.86023054122927,304.2620583534241,309.0611444473267,3059600
2023-02-27 09:00:00+09:00,307.1415100097656,310.9807788848877,306.1816927909851,308.10132722854615,1955900
2023-02-28 09:00:00+09:00,308.101318359375,310.9807699328271,305.2218667859229,307.1415011682243,2367100
2023-03-01 09:00:00+09:00,306.18170166015625,309.06115339990697,305.2218844135727,308.10133615332336,1680700
2023-03-02 09:00:00+09:00,307.1415100097656,312.90041332244874,306.1816927909851,307.1415100097656,2622500
2023-03-03 09:00:00+09:00,306.18170166015625,309.06115339990697,304.26206716698914,308.10133615332336,2606700
2023-03-06 09:00:00+09:00,316.73968505859375,323.45840565074576,307.1415127840909,307.1415127840909,5185200
2023-03-07 09:00:00+09:00,332.0967712402344,339.7753093035924,317.69951237143806,319.61914688727757,6231800
2023-03-08 09:00:00+09:00,323.4583740234375,333.05654535944456,321.5387397562361,332.09672822584383,3337300
2023-03-09 09:00:00+09:00,321.53875732421875,327.2976604404734,321.53875732421875,327.2976604404734,1341500
2023-03-10 09:00:00+09:00,321.53875732421875,325.3780260683885,316.7396713940065,317.699488580049,1903300
2023-03-13 09:00:00+09:00,318.6593017578125,320.57893610575115,312.9003987139966,315.7798502359046,2166600
2023-03-14 09:00:00+09:00,311.9405822753906,320.5789368614784,310.02094792292667,314.82003380408656,2531700
2023-03-15 09:00:00+09:00,319.6191101074219,321.5387444023613,315.77984151754293,316.73965866501266,1528100
2023-03-16 09:00:00+09:00,319.6191101074219,319.6191101074219,310.0209386327245,310.0209386327245,1763800
2023-03-17 09:00:00+09:00,319.6191101074219,323.4583786973008,319.6191101074219,319.6191101074219,1843500
2023-03-20 09:00:00+09:00,315.7798767089844,322.4985974900266,313.8602422001152,317.69951121785357,1758400
2023-03-22 09:00:00+09:00,319.6191101074219,324.41819584477054,316.73965866501266,318.65929295995215,2444700
2023-03-23 09:00:00+09:00,310.0209655761719,315.77986896148775,303.30224495997,315.77986896148775,4756900
2023-03-24 09:00:00+09:00,307.1415100097656,309.0611444473267,300.42278947830204,309.0611444473267,2985100
2023-03-27 09:00:00+09:00,317.6994934082031,319.61912780946113,306.18168700065496,308.10132140191297,2986500
2023-03-28 09:00:00+09:00,311.9405822753906,330.17710862379806,311.9405822753906,319.6191196852464,2547600
2023-03-29 09:00:00+09:00,317.6994934082031,317.6994934082031,312.90040740505805,313.86022460568705,1587400
2023-03-30 09:00:00+09:00,335.9360046386719,336.89582179478236,319.61911298479356,319.61911298479356,6155200
2023-03-31 09:00:00+09:00,342.65472412109375,352.25289566510196,333.05655257708554,335.93600404028797,5138000
2023-04-03 09:00:00+09:00,358.0118103027344,361.85107904592724,346.4940040731558,348.4136384447522,6443300
2023-04-04 09:00:00+09:00,366.65020751953125,368.5698421138743,356.0922172506442,365.69039022235967,4918900
2023-04-05 09:00:00+09:00,358.9716491699219,364.73055263254093,354.1725629510726,359.93146641369174,3456600
2023-04-06 09:00:00+09:00,343.61456298828125,356.0921867839451,343.61456298828125,354.172552353843,3186700
2023-04-07 09:00:00+09:00,349.37347412109375,350.33329135769014,341.69493622832243,345.5342051747081,1776800
2023-04-10 09:00:00+09:00,356.09222412109375,358.0118587524743,349.37350291126177,354.1725894897132,1300100
2023-04-11 09:00:00+09:00,360.89129638671875,362.81093094196723,355.1323927209732,358.9716618314702,1898600
2023-04-12 09:00:00+09:00,357.052001953125,361.85108800088204,357.052001953125,361.85108800088204,1804400
2023-04-13 09:00:00+09:00,355.13238525390625,358.0118370262352,352.25293348157726,357.0520197687922,1635700
2023-04-14 09:00:00+09:00,357.052001953125,360.8912707913306,354.17255032447076,358.0118191626764,1468300
2023-04-17 09:00:00+09:00,358.0118103027344,360.891261860129,355.13235874533973,359.9314446743308,1489700
2023-04-18 09:00:00+09:00,352.2528991699219,359.9314364815278,352.2528991699219,358.0118021536263,2706200
2023-04-19 09:00:00+09:00,346.4940185546875,352.25292191016706,340.73511519920794,352.25292191016706,3855200
2023-04-20 09:00:00+09:00,339.7752990722656,348.4136541334249,339.7752990722656,348.4136541334249,2054400
2023-04-21 09:00:00+09:00,340.7350769042969,342.65471114037746,334.97617419605524,341.69489402233717,1325000
2023-04-24 09:00:00+09:00,340.7350769042969,341.69489402233717,334.97617419605524,338.81544266821635,881500
2023-04-25 09:00:00+09:00,340.7350769042969,348.4136138486191,337.85562555017606,342.65471114037746,1816000
2023-04-26 09:00:00+09:00,334.0163879394531,337.8556567663434,332.096753526008,336.8958395596208,2459000
2023-04-27 09:00:00+09:00,334.97625732421875,335.9360746804486,329.21735318683966,332.0968052555292,1069000
2023-04-28 09:00:00+09:00,342.65472412109375,343.61454127549456,335.93600404028797,338.81545550349045,2460100
2023-05-01 09:00:00+09:00,349.37347412109375,351.2931085942866,344.57438793811167,345.5342051747081,1841300
2023-05-02 09:00:00+09:00,354.17254638671875,358.01181518223876,350.33327759119874,353.21272918783876,1953100
2023-05-08 09:00:00+09:00,364.7305603027344,376.2483674701891,356.0922049271433,356.0922049271433,4525500
2023-05-09 09:00:00+09:00,375.2884826660156,377.2081168484505,364.73049466262387,365.69031175384134,3627300
2023-05-10 09:00:00+09:00,371.44927978515625,378.16800060814353,366.65019348302246,376.24836608729004,2358100
2023-05-11 09:00:00+09:00,355.13238525390625,360.8912887985642,345.53421267947635,359.9314715411212,6413600
2023-05-12 09:00:00+09:00,331.13690185546875,357.0519637398098,330.17708474864133,355.13232952615493,6347500
2023-05-15 09:00:00+09:00,318.6593017578125,333.05655936735224,312.9003987139966,331.1369250194136,5177200
2023-05-16 09:00:00+09:00,319.6191101074219,323.4583786973008,313.86020722260344,320.5789272548916,4664300
2023-05-17 09:00:00+09:00,312.900390625,320.57892781825154,311.94057347584356,319.61911066909505,3010800
2023-05-18 09:00:00+09:00,308.101318359375,314.82003869742994,308.101318359375,313.86022150627923,3216200
2023-05-19 09:00:00+09:00,303.3022155761719,308.10130126566827,299.46294702457476,307.141484127769,4549500
2023-05-22 09:00:00+09:00,312.900390625,316.73965922162574,306.1816705809049,308.10130487921776,3022100
2023-05-23 09:00:00+09:00,305.2218933105469,311.9406142324772,305.2218933105469,311.9406142324772,3367700
2023-05-24 09:00:00+09:00,306.18170166015625,309.06115339990697,304.26206716698914,305.2218844135727,2117900
2023-05-25 09:00:00+09:00,307.1415100097656,309.0611444473267,304.2620583534241,307.1415100097656,1372400
2023-05-26 09:00:00+09:00,301.3825988769531,309.0611364279583,301.3825988769531,308.10131923408267,1868400
2023-05-29 09:00:00+09:00,303.3022155761719,308.10130126566827,301.3825813003733,305.22184985197043,1292100
2023-05-30 09:00:00+09:00,299.4629821777344,303.30225118001306,295.62371317545575,303.30225118001306,2029000
2023-05-31 09:00:00+09:00,294.6639099121094,297.5433618005013,291.78445802371743,297.5433618005013,2319900
2023-06-01 09:00:00+09:00,287.9451599121094,293.70406311035157,285.0657083129883,293.70406311035157,2668900
2023-06-02 09:00:00+09:00,295.6236877441406,296.5835049121411,286.9853332321365,288.9049675681374,1539500
2023-06-05 09:00:00+09:00,302.3424072265625,305.22185872395835,299.46295572916665,301.3825900607639,2105300
2023-06-06 09:00:00+09:00,307.1415100097656,308.10132722854615,296.5835206031799,301.3826066970825,2382400
2023-06-07 09:00:00+09:00,315.7798767089844,324.4182319988958,310.9807904368114,311.940607691246,6004300
2023-06-08 09:00:00+09:00,312.900390625,320.57892781825154,308.10130487921776,318.6592935199386,3764900
2023-06-09 09:00:00+09:00,309.0611572265625,313.8602435189004,304.26207093422454,310.0209744850301,3085500
2023-06-12 09:00:00+09:00,297.5433349609375,307.1415070564516,293.70406612273183,304.26205542779735,5523300
2023-06-13 09:00:00+09:00,293.7040710449219,295.62370549619584,289.8648021423739,292.7442538192849,2673400
2023-06-14 09:00:00+09:00,290.8245849609375,295.623670521349,286.9853165126083,295.623670521349,3998600
2023-06-15 09:00:00+09:00,282.186279296875,289.8648175090348,282.186279296875,289.8648175090348,5501300
2023-06-16 09:00:00+09:00,279.3067932128906,284.10587900692656,278.3469760540834,282.1862446893122,5238100
2023-06-19 09:00:00+09:00,273.54791259765625,280.26663325794954,271.62827812328675,280.26663325794954,5476400
2023-06-20 09:00:00+09:00,271.6282653808594,272.5880825730179,266.8291794200668,270.66844818870084,4823500
2023-06-21 09:00:00+09:00,270.66845703125,273.5479087017952,262.0301020196144,269.7086398077349,5579000
2023-06-22 09:00:00+09:00,278.34698486328125,281.22643643083245,271.62826453899515,272.5880817281789,4690200
2023-06-23 09:00:00+09:00,270.66845703125,279.30681204288567,269.7086398077349,274.5077259253103,4793800
2023-06-26 09:00:00+09:00,264.9095764160156,268.7488456394361,261.0703071925951,266.8292110277259,5077800
2023-06-27 09:00:00+09:00,261.0702819824219,263.9497336219339,255.31137870339788,262.98991640876324,5910000
2023-06-28 09:00:00+09:00,251.47210693359375,263.9497305600698,250.51228973155713,262.03009615599655,8838600
2023-06-29 09:00:00+09:00,263.9497375488281,278.3469959605824,256.2711997292258,256.2711997292258,9570200
2023-06-30 09:00:00+09:00,256.27117919921875,262.030082102572,252.43191059698327,261.07026495201313,8592200
2023-07-03 09:00:00+09:00,263.9497375488281,266.829189231179,259.1506514115767,259.1506514115767,4300100
2023-07-04 09:00:00+09:00,263.9497375488281,267.7890064586293,260.110468639027,267.7890064586293,4374000
2023-07-05 09:00:00+09:00,267.78900146484375,269.70863588394656,260.11046378843247,263.9497326266381,4244900
2023-07-06 09:00:00+09:00,288.90496826171875,294.66387128354705,281.22643089928107,290.8246026023282,24218200
2023-07-07 09:00:00+09:00,294.6639099121094,306.1817174656772,285.0657369508029,286.02555424693355,16831600
2023-07-10 09:00:00+09:00,286.9853820800781,293.7041033996786,286.02556474870664,288.9050167428211,10654300
2023-07-11 09:00:00+09:00,289.86480712890625,294.66389333964975,287.9451726446089,287.9451726446089,6675500
2023-07-12 09:00:00+09:00,286.9853820800781,290.8246514055641,284.1059300859636,289.86483407419263,6133700
2023-07-13 09:00:00+09:00,288.90496826171875,291.7844197726329,285.0656995804999,286.9853339211093,4334700
2023-07-14 09:00:00+09:00,290.8245849609375,292.7442191851021,286.9853165126083,288.9049507367729,4432000
2023-07-18 09:00:00+09:00,290.8245849609375,290.8245849609375,286.02549940052603,289.8647678488552,4750400
2023-07-19 09:00:00+09:00,292.7442626953125,295.6237144595287,290.824628185835,291.78444544057373,6418700
2023-07-20 09:00:00+09:00,293.7040710449219,296.5835227218329,292.7442538192849,294.66388827055886,3472400
2023-07-21 09:00:00+09:00,295.6236877441406,299.46295641614245,292.74423624013923,296.5835049121411,5044300
2023-07-24 09:00:00+09:00,292.7442626953125,297.54334896900616,291.78444544057373,295.6237144595287,4648800
2023-07-25 09:00:00+09:00,294.6639099121094,295.62372720824004,290.82464072758677,292.7442753198481,3981600
2023-07-26 09:00:00+09:00,295.6236877441406,295.6236877441406,289.8647847361379,292.74423624013923,4351800
2023-07-27 09:00:00+09:00,295.6236877441406,295.6236877441406,292.74423624013923,293.7040534081397,3241500
2023-07-28 09:00:00+09:00,290.8245849609375,293.7040362971844,285.0656822884437,291.7844020730198,6588400
2023-07-31 09:00:00+09:00,293.7040710449219,294.66388827055886,289.8648021423739,290.8246193680109,3293100
2023-08-01 09:00:00+09:00,291.784423828125,294.6638753790604,290.82460664447984,292.74424101177016,2827100
2023-08-02 09:00:00+09:00,293.7040710449219,296.5835227218329,290.8246193680109,290.8246193680109,3921400
2023-08-03 09:00:00+09:00,288.90496826171875,292.7442369429376,287.94515109141406,292.7442369429376,4186300
2023-08-04 09:00:00+09:00,288.90496826171875,290.8246026023282,284.1058824101952,288.90496826171875,4422200
2023-08-07 09:00:00+09:00,290.8245849609375,290.8245849609375,285.0656822884437,287.9451336246906,3519400
2023-08-08 09:00:00+09:00,287.9451599121094,289.86479431152344,285.0657083129883,289.86479431152344,4821400
2023-08-09 09:00:00+09:00,334.97625732421875,341.69497881782775,311.9406407747023,313.86027548716197,35883400
2023-08-10 09:00:00+09:00,326.3378601074219,340.73511864157285,322.49859116498163,336.8958496991326,14252800
2023-08-14 09:00:00+09:00,329.2173156738281,334.0164019081405,325.37804668637824,328.2574984269657,6112700
2023-08-15 09:00:00+09:00,335.9360046386719,342.65472473144536,329.21728454589845,332.0967360142299,8442300
2023-08-16 09:00:00+09:00,332.0967712402344,339.7753093035924,330.17713672439487,334.0164057560739,4371600
2023-08-17 09:00:00+09:00,328.2574768066406,331.13692835757604,322.49857370476974,328.2574768066406,4414700
2023-08-18 09:00:00+09:00,319.6191101074219,329.2172815821192,317.6994758124824,328.2574644346495,4228600
2023-08-21 09:00:00+09:00,322.49859619140625,326.33786519368493,321.5387789408366,323.45841344197595,2206200
2023-08-22 09:00:00+09:00,330.1770935058594,331.1369106381439,320.57892218301464,323.45837357986807,2883200
2023-08-23 09:00:00+09:00,333.0565490722656,335.93600050516704,329.2172804950637,331.1369147836647,3792000
2023-08-24 09:00:00+09:00,344.5743713378906,349.3734572896718,333.0565650536157,335.93601662468444,7832400
2023-08-25 09:00:00+09:00,337.85565185546875,341.6949206265536,335.9360174699263,341.6949206265536,5949300
2023-08-28 09:00:00+09:00,353.21270751953125,358.01179321952486,341.6949018395465,344.5743532595427,8965800
2023-08-29 09:00:00+09:00,353.21270751953125,355.1323417995287,344.5743532595427,350.33325609953505,5350900
2023-08-30 09:00:00+09:00,353.21270751953125,359.93142749952233,351.2930732395338,354.17252465953,5697500
2023-08-31 09:00:00+09:00,351.2930908203125,353.2127251963798,346.4940048801443,353.2127251963798,4696000
2023-09-01 09:00:00+09:00,344.5743713378906,352.25290886074055,342.6547369571781,352.25290886074055,5593600
2023-09-04 09:00:00+09:00,342.65472412109375,345.53417558429624,335.93600404028797,344.57435842989537,4825600
2023-09-05 09:00:00+09:00,342.65472412109375,343.61454127549456,337.85563834908965,339.77527265789126,2638500
2023-09-06 09:00:00+09:00,338.81549072265625,341.69494248517174,335.93603896014076,341.69494248517174,3788200
2023-09-07 09:00:00+09:00,334.97625732421875,339.77534410536805,333.05662261175905,335.9360746804486,4612100
2023-09-08 09:00:00+09:00,330.1770935058594,334.97617916728177,329.2172763735749,332.09672777042834,2806900
2023-09-11 09:00:00+09:00,321.53875732421875,329.2172948125583,319.61912295213386,329.2172948125583,4175900
2023-09-12 09:00:00+09:00,325.3780212402344,328.2574727556347,322.49856972483406,324.41820406843425,2370200
2023-09-13 09:00:00+09:00,322.49859619140625,327.2976824442546,321.5387789408366,326.33786519368493,1882600
2023-09-14 09:00:00+09:00,318.6593017578125,321.5387532797204,316.73966740987385,321.5387532797204,2808700
2023-09-15 09:00:00+09:00,326.3378601074219,330.1771290498622,322.49859116498163,323.4584084005917,4158600
2023-09-19 09:00:00+09:00,319.6191101074219,327.29764728717976,316.73965866501266,327.29764728717976,2798300
2023-09-20 09:00:00+09:00,310.98077392578125,321.5387631640022,310.98077392578125,321.5387631640022,3365700
2023-09-21 09:00:00+09:00,305.2218933105469,311.9406142324772,303.30225876142396,310.0209796833542,3892200
2023-09-22 09:00:00+09:00,311.9405822753906,315.7798509803185,300.422776160607,302.3424105130709,3684000
2023-09-25 09:00:00+09:00,314.820068359375,316.73970292254194,307.1415301067073,310.9807992330412,1975200
2023-09-26 09:00:00+09:00,311.9405822753906,315.7798509803185,310.98076509915865,315.7798509803185,1616500
2023-09-27 09:00:00+09:00,318.6593017578125,320.57893610575115,306.1816784962114,308.10131284415,4101300
2023-09-28 09:00:00+09:00,313.8602294921875,318.65931557004967,308.1013261987529,317.69949835447727,3500700
2023-09-29 09:00:00+09:00,314.820068359375,318.6593374857088,310.9807992330412,312.90043379620806,2717700
2023-10-02 09:00:00+09:00,315.7798767089844,323.4584147444612,315.7798767089844,318.65932847228817,3590700
2023-10-03 09:00:00+09:00,304.2620849609375,312.90044068538054,304.2620849609375,311.9406233826646,3248700
2023-10-04 09:00:00+09:00,314.820068359375,322.4986066120427,301.38262641720655,302.34244369879,6707700
2023-10-05 09:00:00+09:00,312.900390625,315.7798420724693,308.10130487921776,313.86020777415644,3411600
2023-10-06 09:00:00+09:00,325.3780212402344,328.2574727556347,315.77984952223335,316.7396666940335,5373700
2023-10-10 09:00:00+09:00,329.2173156738281,337.8556708955904,326.3378639332407,330.1771329206906,3734000
2023-10-11 09:00:00+09:00,328.2574768066406,332.0967455412212,325.37802525570515,330.17711117393094,2512500
2023-10-12 09:00:00+09:00,328.2574768066406,329.2172939902858,323.4583908884149,328.2574768066406,2521600
2023-10-13 09:00:00+09:00,319.6191101074219,329.2172815821192,315.77984151754293,325.37801299224026,3464900
2023-10-16 09:00:00+09:00,317.6994934082031,323.4583966119772,315.7798590069451,319.61912780946113,2294400
2023-10-17 09:00:00+09:00,323.4583740234375,324.4181911570382,318.659288355434,320.5789226226354,2202500
2023-10-18 09:00:00+09:00,323.4583740234375,326.3378254242396,320.5789226226354,323.4583740234375,1878900
2023-10-19 09:00:00+09:00,325.3780212402344,331.13692427103496,321.538752553034,321.538752553034,2959100
2023-10-20 09:00:00+09:00,318.6593017578125,322.49857045368975,315.7798502359046,322.49857045368975,3370600
2023-10-23 09:00:00+09:00,316.73968505859375,321.5387711958452,314.8200506036932,316.73968505859375,2384900
2023-10-24 09:00:00+09:00,318.6593017578125,321.5387532797204,312.9003987139966,317.6994845838432,2576700
2023-10-25 09:00:00+09:00,317.6994934082031,322.4985794113482,315.7798590069451,322.4985794113482,2452500
2023-10-26 09:00:00+09:00,307.1415100097656,313.86023054122927,306.1816927909851,313.86023054122927,4123800
2023-10-27 09:00:00+09:00,310.0209655761719,311.94060003794385,305.22187942174196,310.0209655761719,2214100
2023-10-30 09:00:00+09:00,306.18170166015625,312.9004223862412,304.26206716698914,309.06115339990697,5414700
2023-10-31 09:00:00+09:00,310.0209655761719,310.98078280705784,301.38261049819806,307.14151388351394,2433600
2023-11-01 09:00:00+09:00,312.900390625,314.8200249233129,309.0611220283742,312.900390625,2501300
2023-11-02 09:00:00+09:00,315.7798767089844,320.5789629811574,311.940607691246,314.8200594545498,2042200
2023-11-06 09:00:00+09:00,327.2976989746094,329.2173335727009,317.6995259841516,321.5387951803347,4940000
2023-11-07 09:00:00+09:00,331.13690185546875,335.935987389606,327.297633428159,329.21726764181386,5107400
2023-11-08 09:00:00+09:00,333.0565490722656,334.0163662165661,326.33782906216226,331.1369147836647,4259900
2023-11-09 09:00:00+09:00,336.8958740234375,340.7351432430778,330.1771528890669,330.1771528890669,5638800
2023-11-10 09:00:00+09:00,335.9360046386719,336.89582179478236,325.3780159214565,330.17710170200894,4313200
2023-11-13 09:00:00+09:00,379.1278076171875,379.1278076171875,336.89584930033624,353.2127422863924,26604400
2023-11-14 09:00:00+09:00,386.8063659667969,398.3241733901258,382.96709682568724,383.9269141109646,13728700
2023-11-15 09:00:00+09:00,405.0428466796875,408.8821153685945,391.60540626851304,392.56522344073977,10945100
2023-11-16 09:00:00+09:00,408.88214111328125,411.7615928112621,395.4446998560373,411.7615928112621,7074200
2023-11-17 09:00:00+09:00,425.198974609375,425.198974609375,406.00263264055445,408.8820839358776,7474700
2023-11-20 09:00:00+09:00,426.1588439941406,435.75701615617083,422.31957512932854,428.07847842654667,5567000
2023-11-21 09:00:00+09:00,425.198974609375,431.9176942984622,414.6409865265237,423.27934041249296,6830000
2023-11-22 09:00:00+09:00,420.3999328613281,424.23920165458225,414.6410296714469,423.2793844562687,5044900
2023-11-24 09:00:00+09:00,445.3551940917969,450.15428023502744,419.4401289183518,420.39994614699793,8146900
2023-11-27 09:00:00+09:00,457.832763671875,462.63184924495545,449.19440964033015,450.15422675494625,7791500
2023-11-28 09:00:00+09:00,464.551513671875,472.23005108793905,456.87297625581095,458.79261060982697,7030300
2023-11-29 09:00:00+09:00,454.953369140625,466.4711759543117,449.19446573378167,461.67208978194225,4907100
2023-11-30 09:00:00+09:00,453.03369140625,456.87295997748936,443.43551997815143,452.07387426344013,3946500
2023-12-01 09:00:00+09:00,447.2747802734375,454.95331727383984,446.3149631483872,452.07386589868895,2145300
2023-12-04 09:00:00+09:00,451.1141052246094,458.79264318587934,447.2748362439744,448.23465348913317,2751200
2023-12-05 09:00:00+09:00,450.154296875,463.5917385727612,450.154296875,454.953383195629,4006400
2023-12-06 09:00:00+09:00,443.435546875,447.2748156791125,440.5560952719156,443.435546875,2908100
2023-12-07 09:00:00+09:00,442.4757080078125,450.1542452400522,442.4757080078125,445.3551594699024,2452300
2023-12-08 09:00:00+09:00,426.1588439941406,439.59628502098286,426.1588439941406,435.75701615617083,3111500
2023-12-11 09:00:00+09:00,429.038330078125,433.8374165443233,424.2392436119267,433.8374165443233,2452800
2023-12-12 09:00:00+09:00,430.9579162597656,438.63645374323585,430.9579162597656,432.8775506306332,1725500
2023-12-13 09:00:00+09:00,428.0784912109375,437.67666365961327,428.0784912109375,431.9177601904078,1319200
2023-12-14 09:00:00+09:00,421.3597717285156,435.75703044361296,418.4803199854962,435.75703044361296,2082300
2023-12-15 09:00:00+09:00,413.68121337890625,427.11865418471757,413.68121337890625,421.359750982227,2190000
2023-12-18 09:00:00+09:00,407.9223327636719,409.841967270795,402.1634292423024,407.9223327636719,1611900
2023-12-19 09:00:00+09:00,409.84197998046875,413.68124911377527,402.1634417138558,410.8017972637954,2358400
2023-12-20 09:00:00+09:00,405.0428466796875,413.68120122972823,405.0428466796875,411.76156688527476,2369900
2023-12-21 09:00:00+09:00,399.2839660644531,404.0830521950355,397.3643316122202,402.16341774280255,1564800
2023-12-22 09:00:00+09:00,397.3643493652344,401.203618441227,393.52508028924177,398.32416663423254,1295500
2023-12-25 09:00:00+09:00,396.4045104980469,417.5204892654973,390.6456071978331,412.72140318198586,2922700
2023-12-26 09:00:00+09:00,404.0830383300781,405.0428555232612,394.4848663982473,394.4848663982473,2159900
2023-12-27 09:00:00+09:00,406.9625244140625,410.8017935123084,401.2036207666937,405.0428898649396,2803300
2023-12-28 09:00:00+09:00,407.9223327636719,408.88215001723347,401.2036119887408,405.04288100298714,1630500
2023-12-29 09:00:00+09:00,410.8017578125,413.6812093859521,406.00267185674653,408.8821234301986,1595400
2024-01-04 09:00:00+09:00,409.84197998046875,412.72143183044864,399.2839898638759,408.8821626971421,1921500
2024-01-05 09:00:00+09:00,406.0026550292969,413.68119224025287,406.0026550292969,411.7615579375139,1463700
2024-01-09 09:00:00+09:00,412.72137451171875,416.56064311182774,406.9624716115552,407.9222887615825,1927100
2024-01-10 09:00:00+09:00,406.9625244140625,413.6812453359928,406.002707139501,411.7616107868698,2584200
2024-01-11 09:00:00+09:00,404.0830383300781,407.92230710281046,399.2839523641627,407.92230710281046,3795100
2024-01-12 09:00:00+09:00,394.48486328125,404.0830351372415,392.5652289100517,404.0830351372415,3113500
2024-01-15 09:00:00+09:00,393.5250549316406,395.4446893459413,392.5652377244903,394.484872138791,265200
2024-01-16 09:00:00+09:00,392.56524658203125,393.52506381083816,386.8063432091897,393.52506381083816,1614200
2024-01-17 09:00:00+09:00,391.60540771484375,398.3241279452455,388.72595618752877,389.6857733633004,2058200
2024-01-18 09:00:00+09:00,391.60540771484375,394.4848592421588,387.76613901175705,390.6455905390721,1391600
2024-01-19 09:00:00+09:00,392.56524658203125,397.36433272606587,391.60542935322434,394.4848810396451,1577000
2024-01-22 09:00:00+09:00,397.3643493652344,401.203618441227,392.5652630202436,394.48489755823994,2365300
2024-01-23 09:00:00+09:00,391.60540771484375,405.04284817564724,389.6857733633004,400.2437622967889,3413800
2024-01-24 09:00:00+09:00,388.7259826660156,393.5250688717689,387.76616542486494,390.6456171483169,2352200
2024-01-25 09:00:00+09:00,389.685791015625,391.60542545412557,384.8867049193734,386.80633935787404,1965400
2024-01-26 09:00:00+09:00,388.7259826660156,391.6054343894676,385.8465309425636,387.76616542486494,1468300
2024-01-29 09:00:00+09:00,394.48486328125,396.4044976524483,388.7259601676551,388.7259601676551,2091800
2024-01-30 09:00:00+09:00,396.4045104980469,399.28396214815376,393.52505884794,395.4446932813446,1814100
2024-01-31 09:00:00+09:00,398.3241882324219,402.1634575165898,393.525101627212,394.48491894825395,2473300
2024-02-01 09:00:00+09:00,392.56524658203125,401.2036016412935,391.60542935322434,397.36433272606587,2598300
2024-02-02 09:00:00+09:00,389.685791015625,394.48487711187653,389.685791015625,393.5250598926262,2466600
2024-02-05 09:00:00+09:00,390.6455993652344,393.5250509576071,384.8866961804889,392.5652337601495,2488800
2024-02-06 09:00:00+09:00,381.04742431640625,390.64559621354493,381.04742431640625,390.64559621354493,3482200
2024-02-07 09:00:00+09:00,377.2082214355469,382.0073082222587,373.36895200617744,381.0474908649163,3017000
2024-02-08 09:00:00+09:00,378.16796875,382.96705464784264,368.5697969543147,376.24833439086296,3277000
2024-02-09 09:00:00+09:00,382.967041015625,385.8464924518327,371.4492352707942,374.32868670700185,3326600
2024-02-13 09:00:00+09:00,433.8373718261719,440.55609218631173,400.2437700254727,406.0026731913069,12042200
2024-02-14 09:00:00+09:00,413.68121337890625,440.5560949905289,413.68121337890625,438.63646058969874,5616700
2024-02-15 09:00:00+09:00,407.9223327636719,422.3195915670956,388.72598769244024,418.48032255284926,5695900
2024-02-16 09:00:00+09:00,406.0026550292969,417.52046084573084,404.0830207265579,413.68119224025287,2606500
2024-02-19 09:00:00+09:00,410.8017578125,410.8017578125,399.2839515186916,402.1634030921437,2473500
2024-02-20 09:00:00+09:00,406.0026550292969,416.5606436943614,405.0428378779274,416.5606436943614,2157500
2024-02-21 09:00:00+09:00,402.1634216308594,406.00269057244276,399.28396992467185,403.12323886625524,1413000
2024-02-22 09:00:00+09:00,406.9625244140625,407.922341688624,397.3643516684478,406.002707139501,1775500
2024-02-26 09:00:00+09:00,406.9625244140625,417.52051443423863,406.9625244140625,407.922341688624,2277100
2024-02-27 09:00:00+09:00,412.72137451171875,419.4400945619095,406.9624716115552,407.9222887615825,3381800
2024-02-28 09:00:00+09:00,437.6766662597656,438.6364835103353,414.64105224609375,417.52050399780273,4832600
2024-02-29 09:00:00+09:00,440.5561218261719,441.5159390850524,428.0784974607247,431.91776649624694,3791900
2024-03-01 09:00:00+09:00,438.636474609375,445.35519522702407,434.79720568500414,442.4757435337459,2193200
2024-03-04 09:00:00+09:00,430.9579162597656,445.3551740412723,430.9579162597656,440.5560881141034,2262000
2024-03-05 09:00:00+09:00,432.8775634765625,432.8775634765625,425.19902576522657,428.0784774069776,1285000
2024-03-06 09:00:00+09:00,484.7076721191406,484.7076721191406,429.9980932858911,430.9579104584043,9947300
2024-03-07 09:00:00+09:00,482.7880859375,514.4620557902584,477.98899959617296,492.3862586201541,8414400
2024-03-08 09:00:00+09:00,474.1496887207031,484.70767774079974,471.27023716976765,477.9889574552837,2821700
2024-03-11 09:00:00+09:00,460.7122802734375,474.1497217814128,454.95337677001953,468.3908182779948,2911800
2024-03-12 09:00:00+09:00,456.87298583984375,460.71225462841386,452.0738998541311,455.91316864270124,1653200
2024-03-13 09:00:00+09:00,453.9935607910156,466.47118508336916,453.0337435377577,460.71228156382136,1609400
2024-03-14 09:00:00+09:00,463.5917053222656,463.5917053222656,453.9935333694237,461.67207093169725,2070700
2024-03-15 09:00:00+09:00,471.2702941894531,472.23011148922797,458.79266929238,459.75248659215487,1369400
2024-03-18 09:00:00+09:00,477.0291748046875,484.70771282971265,471.2702712859186,481.8282610703282,2265200
2024-03-19 09:00:00+09:00,488.5469665527344,493.34605266818363,473.1898909832967,477.988977098746,3005600
2024-03-21 09:00:00+09:00,486.6273193359375,496.2254913149501,486.6273193359375,496.2254913149501,2337700
2024-03-22 09:00:00+09:00,485.66748046875,487.5871147789032,472.2300402976779,482.78802900352025,3082700
2024-03-25 09:00:00+09:00,477.0291748046875,483.7478955765845,477.0291748046875,480.86844381720005,2197900
2024-03-26 09:00:00+09:00,477.98895263671875,489.5067587243505,474.1496839408415,475.1095011148108,1737500
2024-03-27 09:00:00+09:00,484.7076721191406,490.4665751542195,476.0693175665223,478.9487690840617,2963900
2024-03-28 09:00:00+09:00,492.4630432128906,499.24895128865876,486.6465505765179,488.5853814553088,1655500
2024-03-29 09:00:00+09:00,499.2489318847656,509.91250130366353,494.40185487617566,497.3101010813296,2462600
2024-04-01 09:00:00+09:00,490.524169921875,506.0348156111042,487.6159238551445,506.0348156111042,3111700
2024-04-02 09:00:00+09:00,480.8300476074219,491.49361721161875,480.8300476074219,486.64654011880197,2037500
2024-04-03 09:00:00+09:00,480.8300476074219,483.73829386311195,468.22764716609834,471.13589342178835,1908800
2024-04-04 09:00:00+09:00,482.7688903808594,487.6159675935186,475.98298228313644,477.9218131682001,2063700
2024-04-05 09:00:00+09:00,474.0440979003906,483.73825123168695,471.1358519010017,475.01351323352026,1885600
2024-04-08 09:00:00+09:00,477.9217834472656,479.8606142117576,471.1358757715438,476.95236806501964,2463000
2024-04-09 09:00:00+09:00,489.5547790527344,493.43244066899365,478.8912096080213,479.86062501208613,1999600
2024-04-10 09:00:00+09:00,507.0042419433594,507.0042419433594,493.43242667145296,496.3406728011472,2266000
2024-04-11 09:00:00+09:00,489.5547790527344,505.0654255177715,488.58536364866956,498.27951768931774,3130100
2024-04-12 09:00:00+09:00,498.27947998046875,500.2183106418713,486.64649601205315,490.52415733485833,2069500
2024-04-15 09:00:00+09:00,497.3100891113281,500.21833524648207,487.61593532748157,489.55476608425084,1444500
2024-04-16 09:00:00+09:00,485.6770935058594,497.3100777814488,484.70767814956025,492.4630009999532,2749500
2024-04-17 09:00:00+09:00,475.0135192871094,487.6159187784,473.0746885961415,484.70767274194833,2718900
2024-04-18 09:00:00+09:00,478.8912048339844,480.83003562278594,465.31938931237346,472.1052970731789,1856500
2024-04-19 09:00:00+09:00,468.2276306152344,484.7076921482757,458.53347677226884,483.7382767639792,2617900
2024-04-22 09:00:00+09:00,479.8606262207031,488.58536487926136,476.9523800011837,479.8606262207031,2105600
2024-04-23 09:00:00+09:00,484.7076721191406,490.5241641845703,480.8300107421875,484.7076721191406,1416700
2024-04-24 09:00:00+09:00,488.5853576660156,489.5547730582101,481.7994499206543,486.6465268816267,1918800
2024-04-25 09:00:00+09:00,492.4630432128906,496.3407049704724,484.707719697727,487.61596601591333,2518700
2024-04-26 09:00:00+09:00,505.0654296875,506.03484509956814,486.64653685820537,491.4936139185461,2688900
2024-04-30 09:00:00+09:00,507.9736633300781,511.8513248822161,504.0960017779401,509.9124941061471,1942400
2024-05-01 09:00:00+09:00,506.0348205566406,516.698389572202,502.1571590964365,505.06540519158955,2532500
2024-05-02 09:00:00+09:00,500.2183532714844,512.8207536446032,499.24893785816755,507.973676578019,2520500
2024-05-07 09:00:00+09:00,509.91253662109375,519.6066913097077,504.09604380792535,505.0654592767868,2838700
2024-05-08 09:00:00+09:00,500.2183532714844,513.79016905792,500.2183532714844,510.88192281796955,1726400
2024-05-09 09:00:00+09:00,491.49359130859375,502.157160350792,487.6159298387035,501.1877449833195,2137200
2024-05-10 09:00:00+09:00,496.3406677246094,501.1877445578575,488.58534479141235,499.24891382455826,2202000
2024-05-13 09:00:00+09:00,551.5973510742188,561.2915048716567,479.860612973178,511.85132050472316,15675400
2024-05-14 09:00:00+09:00,535.1172485351562,556.4443852521371,527.3619260926178,556.4443852521371,4921900
2024-05-15 09:00:00+09:00,519.6066284179688,536.0866893939118,517.6677977149166,533.1784433393336,3335800
2024-05-16 09:00:00+09:00,515.7289428710938,523.4842653202832,507.97362042190434,523.4842653202832,2120900
2024-05-17 09:00:00+09:00,531.2396850585938,532.2091005422773,510.8819599012389,515.7290373196568,1980800
2024-05-20 09:00:00+09:00,534.1478881835938,542.8726268290608,530.2702265633861,531.239641968438,1990500
2024-05-21 09:00:00+09:00,527.3619995117188,535.1173230339499,526.3925840714398,528.3314149519977,1250500
2024-05-22 09:00:00+09:00,527.3619995117188,537.0561539145077,525.4231686311609,526.3925840714398,1188300
2024-05-23 09:00:00+09:00,518.6372680664062,528.3314226097035,513.7901907947576,527.3620071553738,1816700
2024-05-24 09:00:00+09:00,507.9736633300781,514.7595710463196,507.0042479420436,509.9124941061471,1343900
2024-05-27 09:00:00+09:00,507.9736633300781,511.8513248822161,502.1571710018711,508.94307871811264,1089300
2024-05-28 09:00:00+09:00,505.0654296875,521.5454916926584,503.1265988633637,512.8207529840452,2034200
2024-05-29 09:00:00+09:00,506.0348205566406,512.8207281119978,500.2183283663344,505.06540519158955,1261100
2024-05-30 09:00:00+09:00,501.187744140625,506.034820969838,497.3100826772546,500.21832877478244,1138700
2024-05-31 09:00:00+09:00,507.9736633300781,511.8513248822161,500.21834022580214,501.1877556138366,2300600
2024-06-03 09:00:00+09:00,510.8819274902344,515.7290046011474,507.00426580150395,507.9736812236865,1032000
2024-06-04 09:00:00+09:00,531.2396850585938,531.2396850585938,513.7902063522896,515.7290373196568,2385700
2024-06-05 09:00:00+09:00,514.7595825195312,529.3008136641507,514.7595825195312,525.4231520255855,1542100
2024-06-06 09:00:00+09:00,494.40185546875,515.7289943321078,488.58536305147055,513.790163526348,2853300
2024-06-07 09:00:00+09:00,496.3406677246094,498.27949845790863,490.5241755247116,492.46300625801086,1135100
2024-06-10 09:00:00+09:00,495.3712463378906,501.18773846710263,490.5241695635473,491.49358491841593,902300
2024-06-11 09:00:00+09:00,493.4324645996094,502.1572036593274,493.4324645996094,499.2489573060881,1142100
2024-06-12 09:00:00+09:00,482.7688903808594,494.4018756912415,482.7688903808594,490.5242139211141,1807800
2024-06-13 09:00:00+09:00,481.7994384765625,486.64651532240316,477.9217769998899,486.64651532240316,1272400
2024-06-14 09:00:00+09:00,512.8207397460938,513.7901551331374,482.76886274774046,484.70769352182776,3048400
2024-06-17 09:00:00+09:00,491.49359130859375,513.7901447604629,489.5547605736486,506.03482182068234,1391000
2024-06-18 09:00:00+09:00,487.6159362792969,493.4324285609585,484.7076901384661,489.55476703985073,1059500
2024-06-19 09:00:00+09:00,490.524169921875,493.43241598860544,486.6465084995677,487.6159238551445,824700
2024-06-20 09:00:00+09:00,480.8300476074219,486.64654011880197,476.9523859331685,485.6771247002386,1610800
2024-06-21 09:00:00+09:00,477.9217834472656,485.67710650523344,476.95236806501964,482.7688603584955,1502200
2024-06-24 09:00:00+09:00,486.6465148925781,487.6159302608901,475.98294584114717,481.7994380510186,1110000
2024-06-25 09:00:00+09:00,500.2183532714844,502.1571840981181,488.58536831168243,491.4936145516329,1429200
2024-06-26 09:00:00+09:00,502.15716552734375,508.94307316960516,500.21833477241194,502.15716552734375,1279900
2024-06-27 09:00:00+09:00,505.0654296875,507.0042605116363,498.27952180302304,498.27952180302304,870600
2024-06-28 09:00:00+09:00,498.27947998046875,507.00421795678045,498.27947998046875,503.1265566339752,1237200
2024-07-01 09:00:00+09:00,502.15716552734375,511.8513193020029,502.15716552734375,504.09599628227556,1516800
2024-07-02 09:00:00+09:00,518.6372680664062,522.5149298837251,505.06545170579,506.03486716011975,3048000
2024-07-03 09:00:00+09:00,513.7901000976562,521.5454223632812,508.9430236816406,515.7289306640624,1053200
2024-07-04 09:00:00+09:00,507.9736633300781,521.5454787625612,507.0042479420436,513.7901556582851,1595800
2024-07-05 09:00:00+09:00,501.187744140625,509.9124824332084,499.2489134089398,507.0042363356806,905100
2024-07-08 09:00:00+09:00,498.27947998046875,503.1265566339752,496.34064931906613,501.18772597257265,820600
2024-07-09 09:00:00+09:00,504.0959777832031,506.0348084669847,497.31007038996773,498.2794857318585,997200
2024-07-10 09:00:00+09:00,498.27947998046875,503.1265566339752,490.52415733485833,502.15714130327393,1602000
2024-07-11 09:00:00+09:00,505.0654296875,508.9430913357726,499.2489372150912,504.09601427543186,1183200
2024-07-12 09:00:00+09:00,513.7901000976562,524.4536682128906,501.1877014160156,504.095947265625,2596300
2024-07-16 09:00:00+09:00,511.8512878417969,521.5454410206188,510.8818725239147,512.820703159679,1054700
2024-07-17 09:00:00+09:00,520.5760498046875,525.4231266185114,512.8207269025693,516.6983883536284,1491700
2024-07-18 09:00:00+09:00,509.91253662109375,519.6066913097077,509.91253662109375,516.6984449031235,1189300
2024-07-19 09:00:00+09:00,509.91253662109375,510.8819520899551,504.09604380792535,508.9431211522324,866300
2024-07-22 09:00:00+09:00,505.0654296875,511.85133757197696,499.2489372150912,511.85133757197696,1246800
2024-07-23 09:00:00+09:00,513.7901000976562,514.7595153808594,503.12653198242185,505.0653625488281,1100900
2024-07-24 09:00:00+09:00,505.0654296875,517.6678300443858,505.0654296875,512.8207529840452,1093300
2024-07-25 09:00:00+09:00,490.524169921875,500.21832347764325,488.5853392107213,499.24890812206644,2193200
2024-07-26 09:00:00+09:00,495.3712463378906,502.1571538219713,491.49358491841593,491.49358491841593,1087000
2024-07-29 09:00:00+09:00,515.7289428710938,519.6066040956885,499.2488826665663,504.0959591973097,2185900
2024-07-30 09:00:00+09:00,527.3619995117188,531.2396612728344,511.85135246725645,511.85135246725645,3173000
2024-07-31 09:00:00+09:00,537.0560913085938,537.0560913085938,513.7901234540699,518.637200090429,2168500
2024-08-01 09:00:00+09:00,506.0348205566406,534.1478661431206,499.24891300128337,533.1784507780696,4193500
2024-08-02 09:00:00+09:00,465.3193664550781,491.49358081817627,465.3193664550781,489.5547501246134,5181800
2024-08-05 09:00:00+09:00,387.76617431640625,442.0534387207031,387.76617431640625,441.0840232849121,6499600
2024-08-06 09:00:00+09:00,418.7874755859375,429.45104556613495,407.15449015299475,409.09332105848523,4371500
2024-08-07 09:00:00+09:00,436.2369079589844,449.8087228732639,409.09327813042535,411.03210883246527,4031000
2024-08-08 09:00:00+09:00,445.93109130859375,451.74758380392325,429.45102923849356,430.4204446543818,2977700
2024-08-09 09:00:00+09:00,450.7781677246094,463.38056811260924,443.99225982337873,455.625244796917,3436100
2024-08-13 09:00:00+09:00,462.4111633300781,490.5242109958481,453.68642439932194,489.5547955590974,3899500
2024-08-14 09:00:00+09:00,461.4417419433594,475.9829733071207,457.56408024635635,464.3499882161116,2490800
2024-08-15 09:00:00+09:00,464.3499450683594,472.1052677417349,457.5640377291558,464.3499450683594,2147700
2024-08-16 09:00:00+09:00,476.9523620605469,480.8300235407139,468.227623730171,471.1358698402963,2301500
2024-08-19 09:00:00+09:00,473.0747375488281,491.49363101896694,472.10532210303137,477.921814777812,2884400
2024-08-20 09:00:00+09:00,490.524169921875,493.43241598860544,481.7994317216835,484.707677788414,2446800
2024-08-21 09:00:00+09:00,527.3619995117188,530.2702458325555,494.4018745422363,495.37128998251524,5744800
2024-08-22 09:00:00+09:00,535.1172485351562,552.5667240308678,526.3925107873005,532.2090026192043,4515900
2024-08-23 09:00:00+09:00,532.2090454101562,544.811445392546,522.5148915775486,542.8726146260245,2261000
2024-08-26 09:00:00+09:00,545.7808837890625,548.6891300614732,533.178483275283,535.1173141235569,1896500
2024-08-27 09:00:00+09:00,552.5668334960938,553.5362489934553,536.086770040947,546.7503405119244,2382500
2024-08-28 09:00:00+09:00,541.9031982421875,547.7196905310124,535.1172905718918,542.8726136236583,1917400
2024-08-29 09:00:00+09:00,577.7715454101562,577.7715454101562,538.9949316242397,539.9643469688876,5768000
2024-08-30 09:00:00+09:00,574.86328125,584.5574343908095,566.1385434232715,581.6491884485666,2354700
2024-09-02 09:00:00+09:00,561.29150390625,577.7715653335492,556.4444270158679,574.8633191993199,1599000
2024-09-03 09:00:00+09:00,590.3739624023438,595.2210392693581,565.1691626938693,570.9856549342865,3711700
2024-09-04 09:00:00+09:00,563.2303466796875,580.6798238573714,560.3221004834069,570.9856698697693,3184500
2024-09-05 09:00:00+09:00,565.1692504882812,576.8022367762047,552.5668486763642,555.475095248345,2206200
2024-09-06 09:00:00+09:00,566.1386108398438,571.9551034169655,560.322118262722,568.0774416988843,1811600
2024-09-09 09:00:00+09:00,568.077392578125,572.9244693066073,548.6890856641958,552.5667470469816,1923700
2024-09-10 09:00:00+09:00,577.7715454101562,582.6186221333958,564.1997305850855,572.9244686869166,2139500
2024-09-11 09:00:00+09:00,551.5973510742188,579.7103970867887,546.7502741754997,577.7715663273011,3271800
2024-09-12 09:00:00+09:00,570.0162353515625,582.6186351127365,566.1385738865858,570.0162353515625,2889200
2024-09-13 09:00:00+09:00,560.322021484375,572.924419891463,560.322021484375,568.0773435810446,1518700
2024-09-17 09:00:00+09:00,571.9551391601562,571.9551391601562,560.3221532789327,567.1080617096464,1606900
2024-09-18 09:00:00+09:00,572.9244995117188,577.7715764957435,567.1080071308892,573.8939149085237,1318000
2024-09-19 09:00:00+09:00,585.5269165039062,585.5269165039062,569.0468542844254,570.0162697091008,2976200
2024-09-20 09:00:00+09:00,576.8021240234375,590.373938706342,575.8327086889443,586.4962773683692,1935900
2024-09-24 09:00:00+09:00,585.5269165039062,593.282239901309,581.6492548052049,583.5880856545556,1956500
2024-09-25 09:00:00+09:00,593.2822265625,598.1293035768995,586.4963187423407,586.4963187423407,2588500
2024-09-26 09:00:00+09:00,602.976318359375,602.976318359375,591.3433347254321,596.1904112395749,2573000
2024-09-27 09:00:00+09:00,609.8172607421875,611.7718032445663,598.0900057279147,602.9763619838617,2313700
2024-09-30 09:00:00+09:00,584.408203125,600.0445430079432,576.5900331835285,590.2718305811037,3596700
2024-10-01 09:00:00+09:00,585.385498046875,590.2718544579508,580.4991416357992,587.3400406113053,1467300
2024-10-02 09:00:00+09:00,567.7946166992188,581.476414691971,566.8173454140222,576.5900582659881,1914300
2024-10-03 09:00:00+09:00,568.7718505859375,582.4536476790701,568.7718505859375,580.4991052371939,1314100
2024-10-04 09:00:00+09:00,571.7036743164062,591.2490990793603,569.7491318401109,572.680945554554,2067200
2024-10-07 09:00:00+09:00,567.7946166992188,578.5446008363813,567.7946166992188,575.6127869807915,1396200
2024-10-08 09:00:00+09:00,562.9082641601562,566.8173493279352,556.0673651165432,562.9082641601562,1823400
2024-10-09 09:00:00+09:00,556.0673828125,565.8400960429482,555.0901114894551,561.9310107507689,1090300
2024-10-10 09:00:00+09:00,551.1809692382812,556.0673253485497,546.2946131280129,552.1582404603349,1250200
2024-10-11 09:00:00+09:00,548.2492065429688,556.0673770462553,547.2719352300579,554.1128344204336,1138200
2024-10-15 09:00:00+09:00,546.2946166992188,556.0673289836412,545.3173454707764,556.0673289836412,949800
2024-10-16 09:00:00+09:00,547.2719116210938,557.0446243286133,538.4764701843261,539.4537414550781,1407400
2024-10-17 09:00:00+09:00,547.2719116210938,553.1355392456054,545.3173690795899,547.2719116210938,839100
2024-10-18 09:00:00+09:00,541.408203125,547.2718298736462,540.4309320002257,544.3400164993232,1061500
2024-10-21 09:00:00+09:00,547.2719116210938,547.2719116210938,534.5673851013183,542.385555267334,1156400
2024-10-22 09:00:00+09:00,541.408203125,550.2036432479694,540.4309320002257,545.3172876240975,1023800
2024-10-23 09:00:00+09:00,537.4992065429688,544.3401055353338,537.4992065429688,537.4992065429688,1114500
2024-10-24 09:00:00+09:00,529.6810302734375,535.5446579148409,526.7492164527358,532.6128440941392,1673300
2024-10-25 09:00:00+09:00,527.7264404296875,536.5218811035156,523.8173556857639,534.5673387315538,1419800
2024-10-28 09:00:00+09:00,539.4537963867188,544.3401532380477,532.6128967948582,533.5901681651239,1822800
2024-10-29 09:00:00+09:00,543.36279296875,551.1809626517536,540.4309793376236,541.408250547999,1468500
2024-10-30 09:00:00+09:00,538.4764404296875,543.3627965134415,535.5446267794351,541.4082540799399,4215200
2024-10-31 09:00:00+09:00,544.340087890625,548.2491729024068,535.5446466141158,535.5446466141158,1382900
2024-11-01 09:00:00+09:00,534.5673828125,548.249180544447,534.5673828125,541.4082816784735,1867000
2024-11-05 09:00:00+09:00,538.4764404296875,542.3855252966906,534.5673555626843,541.4082540799399,1207400
2024-11-06 09:00:00+09:00,549.2264404296875,553.1355254149522,538.4764567202096,539.4537279665258,1627800
2024-11-07 09:00:00+09:00,551.1809692382812,558.9991390147107,548.2491555721202,550.2036980162276,2049900
2024-11-08 09:00:00+09:00,567.7946166992188,567.7946166992188,552.1582761360733,556.0673612768596,3284500
2024-11-11 09:00:00+09:00,501.34014892578125,539.4537274990863,492.544707716557,511.11286138047484,8049700
2024-11-12 09:00:00+09:00,500.3628845214844,506.2265120744705,493.5219857096672,499.38561326265335,3137700
2024-11-13 09:00:00+09:00,489.6129150390625,498.40835662659055,486.6811011765531,496.45381405158435,3282600
2024-11-14 09:00:00+09:00,485.7038269042969,494.4992684377751,485.7038269042969,493.5219971562775,2069000
2024-11-15 09:00:00+09:00,485.7038269042969,493.5219971562775,479.84019921531143,482.7720130598041,2282800
2024-11-18 09:00:00+09:00,490.59014892578125,498.40831862977774,485.70379286078344,487.6583352867825,1738800
2024-11-19 09:00:00+09:00,504.27197265625,505.24924392108767,495.47653127271076,497.43107380238615,2086400
2024-11-20 09:00:00+09:00,503.294677734375,513.0673899233919,500.3628640776699,505.24922017217835,1356500
2024-11-21 09:00:00+09:00,514.0447387695312,515.9992815024953,504.27202510471125,504.27202510471125,2036000
2024-11-22 09:00:00+09:00,529.6810302734375,530.6583015470047,514.0446898963619,516.9765037170636,2373800
2024-11-25 09:00:00+09:00,541.408203125,542.3854742497743,529.6809496277076,536.5218475011281,2276600
2024-11-26 09:00:00+09:00,548.2492065429688,564.8628188624526,544.3401212913254,556.0673770462553,2961500
2024-11-27 09:00:00+09:00,544.340087890625,547.2719016494614,533.5901041082249,547.2719016494614,1863600
2024-11-28 09:00:00+09:00,545.3173828125,572.6809790826613,534.567398563508,542.3855689264113,6065500
2024-11-29 09:00:00+09:00,534.5673828125,540.4310104119058,527.7264839465265,535.5446540790676,2313400
2024-12-02 09:00:00+09:00,556.0673828125,556.0673828125,529.68105709029,529.68105709029,2089800
2024-12-03 09:00:00+09:00,575.61279296875,578.5446068548388,562.9082661290323,565.840080015121,4266300
2024-12-04 09:00:00+09:00,563.885498046875,576.5900239994043,561.9309555926397,575.6127527722866,2025700
2024-12-05 09:00:00+09:00,556.0673828125,568.7719100120826,543.3628556129174,565.8400960429482,2829300
2024-12-06 09:00:00+09:00,552.1582641601562,556.0673492161574,546.2946365761546,554.1128066881568,958900
2024-12-09 09:00:00+09:00,553.1355590820312,558.9991869168231,547.2719312472394,557.0446443052258,865700
2024-12-10 09:00:00+09:00,547.2719116210938,557.0446243286133,546.2946403503418,549.2264541625976,862900
2024-12-11 09:00:00+09:00,540.4310302734375,546.2946580883392,537.4992163659867,544.340115483372,894800
2024-12-12 09:00:00+09:00,538.4764404296875,544.3400677301922,533.5900843459335,542.3855252966906,1063000
2024-12-13 09:00:00+09:00,550.2036743164062,556.0673013961548,541.4082336967834,541.4082336967834,1698600
2024-12-16 09:00:00+09:00,556.0673828125,558.9991967816344,543.3628556129174,550.2037548742311,1420500
2024-12-17 09:00:00+09:00,557.044677734375,563.8855772854989,555.0901350054825,560.9537631921601,1570900
2024-12-18 09:00:00+09:00,560.9536743164062,566.817301574069,551.1809622203016,554.1127758491331,1220600
2024-12-19 09:00:00+09:00,562.9082641601562,567.7946206198799,550.203737364875,551.1810086568197,1248100
2024-12-20 09:00:00+09:00,567.7946166992188,579.5218721215778,562.9082602732358,562.9082602732358,2390800
2024-12-23 09:00:00+09:00,569.7490844726562,574.6354402571559,567.7945421588564,573.6581691002559,807300
2024-12-24 09:00:00+09:00,567.7946166992188,572.6809731252017,563.8855315584324,567.7946166992188,858700
2024-12-25 09:00:00+09:00,565.840087890625,567.7946305085546,559.9764600368362,566.8173591995899,917200
2024-12-26 09:00:00+09:00,566.8172607421875,567.7945318813981,560.9536339069235,563.8854473245555,1080400
2024-12-27 09:00:00+09:00,576.5900268554688,579.521840551344,567.7945857678429,569.7491282317598,1539500
2024-12-30 09:00:00+09:00,578.5446166992188,581.4764306351944,573.6582601392591,579.5218880112106,1093500
2025-01-06 09:00:00+09:00,557.044677734375,590.2719041255483,556.0674063699288,581.4764618455318,2558200
2025-01-07 09:00:00+09:00,555.090087890625,560.9537155796105,544.3401037941517,555.090087890625,1400600
2025-01-08 09:00:00+09:00,548.2492065429688,553.1355631075228,544.3401212913254,547.2719352300579,1359500
2025-01-09 09:00:00+09:00,545.3173828125,550.2037392893145,543.3628402217741,548.2491966985888,819500
2025-01-10 09:00:00+09:00,543.36279296875,545.3173353895008,538.4764369168728,543.36279296875,713800
2025-01-14 09:00:00+09:00,529.6810302734375,543.3628281033787,529.6810302734375,540.431014282677,1178600
2025-01-15 09:00:00+09:00,527.7264404296875,534.5673387315538,523.8173556857639,529.6809828016493,1052500
2025-01-16 09:00:00+09:00,524.7946166992188,531.6355148684822,521.8628031981058,528.7037013673694,809400
2025-01-17 09:00:00+09:00,525.7719116210938,527.726454043477,517.9537419315608,520.8855555651356,719200
2025-01-20 09:00:00+09:00,544.340087890625,545.3173591435705,529.681019096443,531.635561602334,862000
2025-01-21 09:00:00+09:00,542.3855590820312,547.2719154701576,541.408287804406,546.2946441925324,521500
2025-01-22 09:00:00+09:00,536.52197265625,541.4083294199681,533.5901585980191,539.4537867144809,1083000
2025-01-23 09:00:00+09:00,534.5673828125,535.5446540790676,529.6810264796618,534.5673828125,915200
2025-01-24 09:00:00+09:00,537.4992065429688,545.3173768199574,535.5446639737216,541.4082916814631,922000
2025-01-27 09:00:00+09:00,544.340087890625,544.340087890625,540.4310028788432,544.340087890625,667700
2025-01-28 09:00:00+09:00,547.2719116210938,554.1128105163574,544.3400978088379,547.2719116210938,727300
2025-01-29 09:00:00+09:00,546.2946166992188,547.271887927661,541.4082605570075,545.3173454707764,569200
2025-01-30 09:00:00+09:00,546.2946166992188,547.271887927661,539.453718100123,541.4082605570075,654100
2025-01-31 09:00:00+09:00,542.3855590820312,548.2491867477829,540.4310165267807,548.2491867477829,644400
2025-02-03 09:00:00+09:00,546.2946166992188,552.1582440698722,537.4991756432385,537.4991756432385,1369300
2025-02-04 09:00:00+09:00,546.2946166992188,549.2264303845456,542.3855317854498,547.271887927661,688600
2025-02-05 09:00:00+09:00,543.36279296875,546.2946065998764,538.4764369168728,546.2946065998764,922500
2025-02-06 09:00:00+09:00,550.2036743164062,551.1809454963643,541.4082336967834,541.4082336967834,994000
2025-02-07 09:00:00+09:00,541.408203125,550.2036432479694,541.408203125,550.2036432479694,892900
2025-02-10 09:00:00+09:00,539.4537963867188,543.3628818677819,537.4992536461872,541.4083391272503,1054200
2025-02-12 09:00:00+09:00,541.408203125,544.3400164993232,537.4991186259026,542.3854742497743,1253100
2025-02-13 09:00:00+09:00,547.2719116210938,549.2264541625976,543.3628265380859,546.2946403503418,1036700
2025-02-14 09:00:00+09:00,538.4764404296875,548.2491525971955,530.6582706956812,548.2491525971955,1824900
2025-02-17 09:00:00+09:00,580.4991455078125,593.2036722613504,558.0219058669376,577.5673316416114,6919700
2025-02-18 09:00:00+09:00,586.3627319335938,600.0445290120442,582.4536470540364,585.3854607137044,3740700
2025-02-19 09:00:00+09:00,584.408203125,590.2718305811037,579.5218469115803,586.3627456103679,1466700
2025-02-20 09:00:00+09:00,579.5218505859375,588.317291825859,577.5673080881771,579.5218505859375,1392500
2025-02-21 09:00:00+09:00,580.4991455078125,581.4764167965462,575.6127890641441,581.4764167965462,910000
2025-02-25 09:00:00+09:00,562.9082641601562,580.4991474151611,562.9082641601562,578.5446048312717,1530600
2025-02-26 09:00:00+09:00,557.044677734375,560.9537631921601,549.2265068188049,555.0901350054825,1128000
2025-02-27 09:00:00+09:00,553.1355590820312,561.931000834219,546.2946599414407,558.0219156110244,1205000
2025-02-28 09:00:00+09:00,549.2264404296875,558.9991528928492,546.2946266907389,555.0900679075845,1265300
2025-03-03 09:00:00+09:00,567.7946166992188,570.7264305548085,555.090089991663,558.9991751324494,1173000
2025-03-04 09:00:00+09:00,554.11279296875,572.680946525022,550.2037080095348,567.7945903260031,1188200
2025-03-05 09:00:00+09:00,555.090087890625,559.9764442981129,548.2491889201419,552.1582740461323,843300
2025-03-06 09:00:00+09:00,559.9764404296875,566.8173393529123,557.0446266054483,563.8855255286732,744300
2025-03-07 09:00:00+09:00,557.044677734375,558.0219490988213,549.2265068188049,553.1355922765899,754800
2025-03-10 09:00:00+09:00,549.2264404296875,556.0673391539007,549.2264404296875,555.0900679075845,836700
2025-03-11 09:00:00+09:00,545.3173828125,548.2491966985888,539.4537550403226,547.2719254032259,1361000
2025-03-12 09:00:00+09:00,547.2719116210938,553.1355392456054,543.3628265380859,544.3400978088379,741900
2025-03-13 09:00:00+09:00,542.3855590820312,548.2491867477829,541.408287804406,548.2491867477829,1136200
2025-03-14 09:00:00+09:00,541.408203125,546.2945587488719,541.408203125,541.408203125,661900
2025-03-17 09:00:00+09:00,545.3173828125,550.2037392893145,543.3628402217741,546.2946541078629,532300
2025-03-18 09:00:00+09:00,573.6582641601562,574.6355354789981,558.021923058687,558.9991943775287,2432500
2025-03-19 09:00:00+09:00,572.6809692382812,582.4536820239174,569.7491554025904,570.726426681154,1242700
2025-03-21 09:00:00+09:00,570.7264404296875,576.5900682423213,570.7264404296875,574.63552563811,1195300
2025-03-24 09:00:00+09:00,582.4536743164062,583.4309455820378,564.8627915350382,574.6355041913538,1384000
2025-03-25 09:00:00+09:00,582.4536743164062,586.3627593789324,576.5900467226169,578.5445892538801,867200
2025-03-26 09:00:00+09:00,582.4536743164062,582.4536743164062,570.7264191288276,579.5218605195116,1013800
2025-03-27 09:00:00+09:00,577.5673217773438,581.4764068655153,573.6582366891722,577.5673217773438,905200
2025-03-28 09:00:00+09:00,589.3945922851562,590.3802019712518,575.5960566798182,578.5528857381048,1494900
2025-03-31 09:00:00+09:00,575.5960693359375,582.4953372903067,573.6248499204034,581.5097275825397,1596800
2025-04-01 09:00:00+09:00,581.509765625,590.3802535752119,579.5385460805085,582.4953753972458,1487500
2025-04-02 09:00:00+09:00,568.69677734375,583.4809223353553,566.725558011536,582.4953126692483,1247200
2025-04-03 09:00:00+09:00,563.7687377929688,563.7687377929688,545.0421538453002,548.9845925711252,1345400
2025-04-04 09:00:00+09:00,544.0565795898438,555.883896537449,536.1717016247735,550.9558478092802,2113200
2025-04-07 09:00:00+09:00,499.7041320800781,521.3875460953873,488.86242507242355,488.86242507242355,2617200
2025-04-08 09:00:00+09:00,535.1860961914062,544.0565839735842,516.4595108734749,519.4163401342009,1517700
2025-04-09 09:00:00+09:00,515.4739379882812,528.286865701183,506.6034495716569,525.3300362289749,1580300
2025-04-10 09:00:00+09:00,544.0565795898438,548.9846283180126,535.1860918791398,547.013408826745,1590500
2025-04-11 09:00:00+09:00,541.0997924804688,541.0997924804688,526.3156451449369,537.1573531909936,823500
2025-04-14 09:00:00+09:00,551.9414672851562,557.8551258632115,547.0134184701102,548.9846379961286,791300
2025-04-15 09:00:00+09:00,550.955810546875,555.8838589417486,547.0133718309761,555.8838589417486,787500
2025-04-16 09:00:00+09:00,551.9414672851562,552.9270770481654,547.0134184701102,548.9846379961286,464200
2025-04-17 09:00:00+09:00,556.8695068359375,557.8551165825497,549.9702386096516,551.9414581028761,717900
2025-04-18 09:00:00+09:00,581.509765625,582.4953753972458,560.811960407839,562.7831799523306,1687100
2025-04-21 09:00:00+09:00,584.466552734375,584.466552734375,572.6392363215377,574.6104557236772,982800
2025-04-22 09:00:00+09:00,580.524169921875,587.4234384948005,577.5673405334784,579.5385601257428,1123200
2025-04-23 09:00:00+09:00,576.5816650390625,583.4809328258547,573.6248359875801,583.4809328258547,1351100
2025-04-24 09:00:00+09:00,567.7112426757812,576.5817308425903,565.740023083157,576.5817308425903,789800
2025-04-25 09:00:00+09:00,570.6680297851562,573.6248589550275,566.7255908919946,569.6824200618659,547300
2025-04-28 09:00:00+09:00,573.6248779296875,577.5673169532593,571.6536584179016,572.6392681737946,740700
2025-04-30 09:00:00+09:00,575.5960693359375,578.5528984592386,570.6680207971025,576.5816790437045,657700
2025-05-01 09:00:00+09:00,574.6104736328125,578.5529125599674,572.6392541692351,573.6248639010238,679800
2025-05-02 09:00:00+09:00,575.5960693359375,578.5528984592386,569.6824110893355,573.6248499204034,1210200
2025-05-07 09:00:00+09:00,582.495361328125,585.4521905734455,575.596093089044,575.596093089044,1682100
2025-05-08 09:00:00+09:00,591.3658447265625,594.3226739501953,586.4377960205078,588.4090155029297,1409400
2025-05-09 09:00:00+09:00,596.2938842773438,598.2651037295003,586.4377870165612,595.3082745512655,1722700
2025-05-12 09:00:00+09:00,544.0565795898438,555.883896537449,534.200482133506,547.013408826745,4258200
2025-05-13 09:00:00+09:00,541.0997924804688,547.0134514146815,539.1285728357312,546.0278415923127,2013500
2025-05-14 09:00:00+09:00,528.286865234375,546.0278420519472,527.3012554111765,543.071012582352,3617100
2025-05-15 09:00:00+09:00,524.3443603515625,528.2867991511984,518.4307021521088,520.4019215519266,2022200
2025-05-16 09:00:00+09:00,526.3156127929688,532.2292713636763,517.4451249369075,526.3156127929688,1795400
2025-05-19 09:00:00+09:00,532.229248046875,532.229248046875,518.4307119864005,522.3731508608217,1178800
2025-05-20 09:00:00+09:00,522.3731689453125,534.2004859780366,522.3731689453125,534.2004859780366,1538500
2025-05-21 09:00:00+09:00,620.9341430664062,620.9341430664062,559.8263385106646,561.7975580124628,19109900
2025-05-22 09:00:00+09:00,603.193115234375,646.5599405126634,597.2794572418811,618.9628698810253,12595100
2025-05-23 09:00:00+09:00,644.5887451171875,650.5024033292718,609.1067958446818,613.0492346527379,9288100
2025-05-26 09:00:00+09:00,642.6175537109375,647.5456024357146,629.804627026517,636.7038952412049,3782400
2025-05-27 09:00:00+09:00,667.2578125,668.243422267356,652.4736659896603,662.3297636632201,3873000
2025-05-28 09:00:00+09:00,627.8333740234375,664.3009326401835,572.6392312521464,609.1067898688923,18449000
2025-05-29 09:00:00+09:00,627.8333740234375,649.5167872550162,620.9341061770261,635.7182515621935,4256300
2025-05-30 09:00:00+09:00,641.6318969726562,644.5887259909634,618.962874498968,629.8045808994276,2914800
2025-06-02 09:00:00+09:00,645.5744018554688,670.2146462010974,641.6319627601682,643.6031823078184,3460500
2025-06-03 09:00:00+09:00,643.6031494140625,647.5455883078699,636.7038813498995,641.6319299671588,1105400
2025-06-04 09:00:00+09:00,634.732666015625,642.6175438543285,634.732666015625,635.718275745463,1036000
2025-06-05 09:00:00+09:00,629.8046264648438,637.6895044174553,627.8334069766909,636.7038946733788,1138500
2025-06-06 09:00:00+09:00,638.6751098632812,652.4736461874879,635.7182806509512,637.6895001258379,1246000
2025-06-09 09:00:00+09:00,652.4736328125,652.4736328125,636.7038773366692,637.6894870539087,1324100
2025-06-10 09:00:00+09:00,633.7470703125,647.5456068356337,631.7758508091952,644.5887775806765,2379500
2025-06-11 09:00:00+09:00,610.0924072265625,631.775820730576,608.1211878171067,627.8333819116644,2528600
2025-06-12 09:00:00+09:00,621.9197387695312,622.9053484981675,590.3802274531683,600.2363247395317,2475600
2025-06-13 09:00:00+09:00,605.1643676757812,624.8765620626145,597.2794899210479,623.8909523432728,2117700
2025-06-16 09:00:00+09:00,602.20751953125,616.0060551669906,598.2650807781813,614.0348357904562,1149700
2025-06-17 09:00:00+09:00,599.250732421875,604.1787812082391,599.250732421875,601.2219519364206,658400
2025-06-18 09:00:00+09:00,591.3658447265625,598.265112915039,589.3946252441406,597.2795031738281,1420400
2025-06-19 09:00:00+09:00,588.4089965820312,590.3802160010665,583.480948034443,588.4089965820312,962100
2025-06-20 09:00:00+09:00,583.48095703125,590.3802251042547,579.5385181323902,588.4090056548248,4402200
2025-06-23 09:00:00+09:00,579.5385131835938,587.4233909139828,577.5672937509964,582.4953423324896,1016200
2025-06-24 09:00:00+09:00,576.5816650390625,592.3514199803018,576.5816650390625,585.4521521935096,1045900
2025-06-25 09:00:00+09:00,571.6536254882812,580.5241127803408,570.6680157891635,577.5672836829876,1040100
2025-06-26 09:00:00+09:00,574.6104736328125,578.5529125599674,570.6680347056578,571.6536444374464,1086000
2025-06-27 09:00:00+09:00,600.236328125,602.2075475933908,579.5385237068965,583.4809626436781,2650500
2025-06-30 09:00:00+09:00,613.0492553710938,626.84779166562,606.1499872238306,609.1068164298006,2808400
2025-07-01 09:00:00+09:00,621.9197387695312,623.890958226804,608.1212025686225,612.0636414831679,1416800
2025-07-02 09:00:00+09:00,616.0060424804688,624.8765294921875,614.0348231445313,616.9916521484375,960600
2025-07-03 09:00:00+09:00,620.9341430664062,625.8621918209016,616.0060943119109,616.9917040628101,1227400
2025-07-04 09:00:00+09:00,634.732666015625,643.6031535841664,621.919739527732,622.9053492575699,1864400
2025-07-07 09:00:00+09:00,641.6318969726562,648.5311646820396,637.68945828158,639.6606776271182,2584500
2025-07-08 09:00:00+09:00,643.6031494140625,649.5168077547736,639.6607105202551,641.6319299671588,1790900
2025-07-09 09:00:00+09:00,666.272216796875,671.2002657376803,646.5600210336538,646.5600210336538,3115800
2025-07-10 09:00:00+09:00,665.2865600585938,675.142657244647,657.4016823097512,673.1714378074364,1866300
2025-07-11 09:00:00+09:00,675.1426391601562,682.0419070055885,669.2289810069286,674.1570294679517,2139600
2025-07-14 09:00:00+09:00,680.0707397460938,687.9556178880774,675.1426909073539,683.0275690493377,990900
2025-07-15 09:00:00+09:00,681.0562744140625,681.0562744140625,672.1857874824756,678.0994454368669,1534300
2025-07-16 09:00:00+09:00,677.1138916015625,687.95559874511,675.1426721209175,680.07072082253,884100
2025-07-17 09:00:00+09:00,675.1426391601562,681.0562973133839,673.171419775747,675.1426391601562,612900
2025-07-18 09:00:00+09:00,669.22900390625,682.0419303433358,664.3009552766016,678.099491439617,1146200
2025-07-22 09:00:00+09:00,668.243408203125,678.0995056692477,667.2577984565127,676.1282861760233,1061200
2025-07-23 09:00:00+09:00,676.1282958984375,682.0419544631468,669.2290275729432,672.1858568552979,1325600
2025-07-24 09:00:00+09:00,679.0851440429688,680.0707538311298,673.1714853140024,679.0851440429688,738700
2025-07-25 09:00:00+09:00,698.7973022460938,698.7973022460938,679.0851075423957,684.9987659535051,2594500
2025-07-28 09:00:00+09:00,697.8117065429688,703.7253650729939,693.869267522952,699.7829260529771,1162800
2025-07-29 09:00:00+09:00,692.8836669921875,699.7829353690656,688.9412279196857,697.8117158328147,977100
2025-07-30 09:00:00+09:00,697.8117065429688,701.7541455629855,683.0275602179058,687.9556089929268,1959300
2025-07-31 09:00:00+09:00,706.6821899414062,708.6534094391508,695.8404827038114,697.8117022015559,1292400
2025-08-01 09:00:00+09:00,714.5670166015625,719.4950649919181,709.6389682112068,712.5957972454203,1507300
2025-08-04 09:00:00+09:00,717.52392578125,717.52392578125,699.782949594351,701.7541691706731,1522700
2025-08-05 09:00:00+09:00,714.5670166015625,721.4662843480603,712.5957972454203,719.4950649919181,912300
2025-08-06 09:00:00+09:00,725.4088134765625,726.3944232774818,717.5239350692086,719.4951546710471,1714500
2025-08-07 09:00:00+09:00,734.2792358398438,738.2216746899906,722.4519192894033,726.3943581395501,2406900
2025-08-08 09:00:00+09:00,742.1641235351562,744.1353429867769,732.3080262770533,735.2648554544842,2166100
2025-08-12 09:00:00+09:00,726.3944091796875,736.2505069975937,702.7397744167126,722.451970052525,3984900
2025-08-13 09:00:00+09:00,734.2792358398438,737.2360649774539,718.5094804392565,728.3655775646235,1534400
2025-08-14 09:00:00+09:00,714.5670166015625,736.2504295191271,712.5957972454203,734.2792101629849,1459100
2025-08-15 09:00:00+09:00,716.5382690429688,721.4663176608708,710.6246107014862,717.5238787665492,1234600
2025-08-18 09:00:00+09:00,719.4951171875,722.4519464362157,707.667800192637,717.5238976883562,1471300
2025-08-19 09:00:00+09:00,722.451904296875,724.4231236810411,715.5526364522937,719.4950752206258,988600
2025-08-20 09:00:00+09:00,709.6390380859375,722.4519651624892,704.7109892103407,720.4807456122504,1108200
2025-08-21 09:00:00+09:00,705.6965942382812,707.6678137752597,699.782935627346,704.710984469792,951100
2025-08-22 09:00:00+09:00,695.8404541015625,710.6245997269499,694.8548443932034,709.6389900185907,1376200
2025-08-25 09:00:00+09:00,690.9124145507812,699.7829020414475,687.9555853872258,698.7972923202624,951200
2025-08-26 09:00:00+09:00,684.998779296875,689.926828068795,682.041950033723,689.926828068795,927300
2025-08-27 09:00:00+09:00,684.998779296875,692.8836573319469,680.070730524955,691.8980475775629,747700
2025-08-28 09:00:00+09:00,687.95556640625,690.9123954882252,681.0562985483076,687.95556640625,1679300
2025-08-29 09:00:00+09:00,685.984375,693.8692528735633,685.984375,688.9412042025863,788100
2025-09-01 09:00:00+09:00,704.7109985351562,705.6966083233173,684.013192983774,684.9988027719351,1337700
2025-09-02 09:00:00+09:00,715.5526733398438,719.4951123114132,705.6965759109203,707.6677953967051,1071700
2025-09-03 09:00:00+09:00,717.52392578125,724.4231942983774,710.6246572641226,722.4519747220553,964400
2025-09-04 09:00:00+09:00,708.6533813476562,717.5238687358744,695.8404551202299,714.5670396064684,1342300
2025-09-05 09:00:00+09:00,714.5670166015625,715.5526262796336,707.6677488550646,714.5670166015625,864600
2025-09-08 09:00:00+09:00,720.480712890625,731.3224199245468,716.5382739691988,721.4663226209815,1238700
2025-09-09 09:00:00+09:00,723.4375610351562,728.3656098160496,718.5095122542627,725.4087805475136,859000
2025-09-10 09:00:00+09:00,723.4375610351562,727.380000059871,718.5095122542627,719.4951220104415,893200
2025-09-11 09:00:00+09:00,716.5382690429688,723.4375371080317,711.6102204250666,723.4375371080317,1029500
2025-09-12 09:00:00+09:00,727.3799438476562,730.3367728876874,721.466285767594,724.4231148076251,1233200
2025-09-16 09:00:00+09:00,723.4375610351562,729.3512195722284,719.4951220104415,727.380000059871,782500
2025-09-17 09:00:00+09:00,716.5382690429688,725.4087565551926,714.5670495958078,720.4807079372904,657500
2025-09-18 09:00:00+09:00,716.5382690429688,719.49509821371,711.6102204250666,716.5382690429688,490700
2025-09-19 09:00:00+09:00,712.5958862304688,723.4375940431038,709.6390568270228,719.4951548385093,969100
2025-09-22 09:00:00+09:00,774.6892700195312,797.3582944603063,764.8331724365855,766.8043919531747,6951300
2025-09-24 09:00:00+09:00,735.2648315429688,770.7467805182326,732.3080024616968,769.7611708244754,2300100
2025-09-25 09:00:00+09:00,738.2217407226562,744.1353995268431,731.3224721177717,740.1929603240519,1357900
2025-09-26 09:00:00+09:00,710.6246337890625,738.2217069459193,703.7253654998483,737.2360971903173,2986600
2025-09-29 09:00:00+09:00,702.6846923828125,726.5045124635858,697.7222298659848,725.5120199602203,2421800
2025-09-30 09:00:00+09:00,708.6396484375,709.6321409423144,696.7297383797269,701.692200903799,1757500
2025-10-01 09:00:00+09:00,701.6921997070312,705.6621697195179,683.827334650841,693.7522596820578,2349400
2025-10-02 09:00:00+09:00,695.7372436523438,705.6621686687823,685.8123186359052,695.7372436523438,2609400
2025-10-03 09:00:00+09:00,685.8123168945312,692.7597643883977,682.8348393971598,689.7822868910264,1440000
2025-10-06 09:00:00+09:00,688.789794921875,696.7297349209745,686.8048099221002,694.7447499211995,1360400
2025-10-07 09:00:00+09:00,690.7747802734375,694.744750275009,682.8348402702945,686.804810271866,1532500
2025-10-08 09:00:00+09:00,684.81982421875,697.7222267040307,683.8273317198822,691.7672717108243,1839600
2025-10-09 09:00:00+09:00,679.8573608398438,680.8498533374202,671.9174208592324,674.8948983519617,1556700
2025-10-10 09:00:00+09:00,663.9774780273438,673.9024029604878,663.9774780273438,669.9324329872302,1676700
2025-10-14 09:00:00+09:00,656.0375366210938,659.0150140944119,648.0975966922454,653.0600591477756,2049000
2025-10-15 09:00:00+09:00,656.0375366210938,660.007506585518,650.0825816744575,660.007506585518,1692900
2025-10-16 09:00:00+09:00,647.1051025390625,657.0300274246309,643.1351325848351,652.0675649818468,1438600
2025-10-17 09:00:00+09:00,633.210205078125,646.1126073759551,629.2402351403312,645.1201148915067,1943200
2025-10-20 09:00:00+09:00,642.1426391601562,647.1051015957062,639.1651616988263,645.1201166214862,1593400
2025-10-21 09:00:00+09:00,639.1651611328125,646.11260853643,636.1876836741193,645.1201160501989,965800
2025-10-22 09:00:00+09:00,645.1201171875,650.0825796274039,636.1876847956731,639.1651622596154,2031000
2025-10-23 09:00:00+09:00,649.090087890625,652.0675653580132,641.1501479775899,648.0975954014956,1652800
2025-10-24 09:00:00+09:00,644.1276245117188,648.0975944624844,637.1801770978789,648.0975944624844,1548300
2025-10-27 09:00:00+09:00,643.1351318359375,648.0975942729432,639.165161886333,641.1501468611352,1365300
2025-10-28 09:00:00+09:00,629.240234375,642.1426366571372,624.2777719587933,641.1501441738959,2246400
2025-10-29 09:00:00+09:00,615.3453369140625,633.2102015341482,615.3453369140625,630.2327240974672,1739800
2025-10-30 09:00:00+09:00,619.3153076171875,620.3078000973433,603.4354279346956,612.3678602560973,2945900
2025-10-31 09:00:00+09:00,625.270263671875,626.2627561538939,614.3528463696676,618.3228162977431,1152300
2025-11-04 09:00:00+09:00,635.1951904296875,637.1801753997803,620.3078031539917,630.2327280044556,1847500
2025-11-05 09:00:00+09:00,638.1726684570312,638.1726684570312,624.2777736539233,633.2102060273498,1845300
2025-11-06 09:00:00+09:00,637.18017578125,643.1351306950935,635.1951908099688,638.1726682668906,1152900
2025-11-07 09:00:00+09:00,645.1201171875,645.1201171875,639.1651622596154,642.1426397235577,1214100
2025-11-10 09:00:00+09:00,654.0525512695312,657.0300287411679,644.1276263640756,651.0750737978946,2612900
2025-11-11 09:00:00+09:00,651.0750732421875,660.0075056494736,644.1276258142983,658.0225206700767,1744000
2025-11-12 09:00:00+09:00,656.0375366210938,658.0225216033058,652.0675666566696,655.0450441299877,1637800
2025-11-13 09:00:00+09:00,665.9624633789062,667.9474483666228,656.0375384403235,659.0150159218982,2441200
2025-11-14 09:00:00+09:00,659.0150146484375,668.9399395678416,654.0525521887354,668.9399395678416,2335100
2025-11-17 09:00:00+09:00,638.1726684570312,660.0075031476296,627.2552511117322,653.0600557460756,2752500
2025-11-18 09:00:00+09:00,644.1276245117188,646.1126094871015,631.2252221717305,635.1951921224961,2272500
2025-11-19 09:00:00+09:00,635.1951904296875,654.0525476455689,633.2102054595947,648.0975927352905,2411400
2025-11-20 09:00:00+09:00,650.0825805664062,654.0525505240637,642.1426406510914,654.0525505240637,1917400
2025-11-21 09:00:00+09:00,646.1126098632812,659.0150122107815,643.1351323984735,652.0675647928967,2993500
2025-11-25 09:00:00+09:00,635.1951904296875,648.0975927352905,633.2102054595947,645.1201152801514,1922200
2025-11-26 09:00:00+09:00,647.1051025390625,649.0900875161763,638.172670142051,640.1576551191646,1756000
2025-11-27 09:00:00+09:00,650.0825805664062,655.045043013478,646.1126106087488,648.0975955875775,1517600
2025-11-28 09:00:00+09:00,645.1201171875,649.0900871394231,640.1576547475962,643.1351322115385,1263400
2025-12-01 09:00:00+09:00,638.1726684570312,647.1051008304578,638.1726684570312,644.1276233726489,1136200
2025-12-02 09:00:00+09:00,637.18017578125,641.1501457238123,634.2026983243283,634.2026983243283,943400
2025-12-03 09:00:00+09:00,641.150146484375,643.1351314580108,632.2177141030137,636.1876840502854,1231900
2025-12-04 09:00:00+09:00,650.0825805664062,651.0750730558206,640.1576556722626,645.1201181193344,1396800
2025-12-05 09:00:00+09:00,635.1951904296875,649.090085220337,631.225220489502,645.1201152801514,1412300
2025-12-08 09:00:00+09:00,640.1576538085938,643.1351312681686,635.195191375969,635.195191375969,932700
2025-12-09 09:00:00+09:00,641.150146484375,650.0825788657362,635.1951915634675,650.0825788657362,859500
2025-12-10 09:00:00+09:00,643.1351318359375,647.105101785542,639.165161886333,639.165161886333,908700
2025-12-11 09:00:00+09:00,633.210205078125,647.1050998604036,631.2252201092281,645.1201148915067,1102600
2025-12-12 09:00:00+09:00,641.150146484375,642.1426389711929,635.1951915634675,635.1951915634675,763800
2025-12-15 09:00:00+09:00,648.0975952148438,650.0825801925308,640.1576553040953,646.1126102371567,1431000
2025-12-16 09:00:00+09:00,651.0750732421875,652.067565731886,645.1201183039968,651.0750732421875,1200100
2025-12-17 09:00:00+09:00,649.090087890625,655.0450428254014,640.1576554884605,655.0450428254014,1115100
2025-12-18 09:00:00+09:00,657.030029296875,659.015014279645,648.0975968744099,653.060059331335,1324100
2025-12-19 09:00:00+09:00,660.0075073242188,660.9999998164357,654.0525523709175,655.0450448631344,2442300
2025-12-22 09:00:00+09:00,660.0075073242188,670.9249247386043,653.0600598787007,669.9324322463874,1111400
2025-12-23 09:00:00+09:00,663.9774780273438,664.9699705206582,657.0300305741429,660.0075080540861,819100
2025-12-24 09:00:00+09:00,661.0,663.9774774774775,659.015015015015,663.9774774774775,626700
2025-12-25 09:00:00+09:00,659.0150146484375,664.9699696000799,652.0675672048545,664.9699696000799,864200
2025-12-26 09:00:00+09:00,657.030029296875,661.9924917538,654.0525518227199,656.0375368054899,606100
2025-12-29 09:00:00+09:00,658.0225219726562,659.0150144643194,653.0600595143405,657.0300294809931,712300
2025-12-30 09:00:00+09:00,653.06005859375,658.0225210450702,649.0900886326938,657.0300285548062,930400
2026-01-05 09:00:00+09:00,657.030029296875,659.015014279645,652.0675668399499,653.060059331335,1183400
2026-01-06 09:00:00+09:00,670.9249267578125,674.894896738628,658.0225243201622,659.0150168153662,1523100
2026-01-07 09:00:00+09:00,662.9849853515625,674.8948952680577,662.9849853515625,665.9624628306863,967400
2026-01-08 09:00:00+09:00,667.9474487304688,668.9399412248677,655.0450463032829,661.9924937640752,865400
2026-01-09 09:00:00+09:00,679.8573608398438,681.8423458349965,667.9474508689268,668.9399433665031,1601100
2026-01-13 09:00:00+09:00,673.9024047851562,687.79729972918,673.9024047851562,685.8123147371766,1065100
2026-01-14 09:00:00+09:00,679.8573608398438,680.8498533374202,670.924928361656,671.9174208592324,970800
2026-01-15 09:00:00+09:00,683.8273315429688,684.8198240415797,676.8798840526919,681.8423465457468,808100
2026-01-16 09:00:00+09:00,688.789794921875,689.7822874217624,678.8648699230007,678.8648699230007,906300
2026-01-19 09:00:00+09:00,676.8798828125,685.8123152836326,673.9024053221224,685.8123152836326,875800
2026-01-20 09:00:00+09:00,679.8573608398438,682.834838332573,669.9324358640796,672.9099133568088,772200
2026-01-21 09:00:00+09:00,676.8798828125,683.8273302900476,667.9474503413672,669.9324353349523,1198100
2026-01-22 09:00:00+09:00,681.8423461914062,686.8048086818823,675.887391202835,675.887391202835,935800
2026-01-23 09:00:00+09:00,682.8348388671875,690.7747788540153,681.842346368834,684.8198238638944,988400
2026-01-26 09:00:00+09:00,677.8723754882812,690.7747779499908,674.8948979971175,676.8798829912266,869400
2026-01-27 09:00:00+09:00,684.81982421875,694.7447492074275,677.8723767266757,684.81982421875,1477000
2026-01-28 09:00:00+09:00,679.8573608398438,684.8198233277258,675.8873908495381,678.8648683422673,1029800
2026-01-29 09:00:00+09:00,672.909912109375,677.8723745880577,662.9849871520096,675.8873895965846,1344500
2026-01-30 09:00:00+09:00,684.81982421875,687.7973017153532,670.9249292346014,674.8948992300725,1268300
2026-02-02 09:00:00+09:00,669.9324340820312,691.7672689706308,668.939941587095,687.7972989908855,1335300
2026-02-03 09:00:00+09:00,689.7822875976562,689.7822875976562,671.917422595127,674.8949000955486,1422300
2026-02-04 09:00:00+09:00,704.669677734375,715.5870952767386,684.8198276573504,689.7822901766066,2281400
2026-02-05 09:00:00+09:00,718.5645751953125,724.5195302383676,705.6621726020265,707.6471576163782,1742600
2026-02-06 09:00:00+09:00,711.6171264648438,718.5645740035521,708.6396489482544,716.5795889924925,825400
2026-02-09 09:00:00+09:00,702.6846923828125,723.5270349534892,698.7147223693503,723.5270349534892,1980300
2026-02-10 09:00:00+09:00,711.6171264648438,713.6021114759033,700.6997089040162,707.6471564427246,1104300
2026-02-12 09:00:00+09:00,720.549560546875,727.4970081003572,705.6621729322702,706.6546654399104,1947400
2026-02-13 09:00:00+09:00,718.5645751953125,727.4970077598952,708.639650123554,720.5495602096643,2162100
2026-02-16 09:00:00+09:00,692.759765625,699.707213131268,679.8573631133596,698.7147206303725,2665700
2026-02-17 09:00:00+09:00,704.669677734375,713.6021102690361,693.7522601920115,696.7297377035652,1813100
2026-02-18 09:00:00+09:00,706.6546630859375,712.6096181119426,703.677185572935,709.63214059894,798900
2026-02-19 09:00:00+09:00,713.6021118164062,713.6021118164062,698.7147242263561,706.6546642743829,1135100
2026-02-20 09:00:00+09:00,714.5946044921875,716.5795895046658,706.6546644422743,711.61712697347,1024000
2026-02-24 09:00:00+09:00,713.6021118164062,718.564574346423,707.6471567803862,717.5720818404196,993200
2026-02-25 09:00:00+09:00,734.4444580078125,734.4444580078125,708.6396527264569,717.5720853238493,2469600
2026-02-26 09:00:00+09:00,724.51953125,737.4219338613013,723.5270387414383,734.4444563356165,1070900
2026-02-27 09:00:00+09:00,738.4144287109375,739.4069212226458,726.5045185704386,729.4819961055633,1060900
2026-03-02 09:00:00+09:00,726.5045166015625,734.4444566737108,716.5795915113772,723.5270390745069,1420100
2026-03-03 09:00:00+09:00,716.57958984375,723.5270373907115,713.6021123236236,718.5645748571676,1306600
2026-03-04 09:00:00+09:00,692.759765625,709.6321381402221,685.8123181187322,706.6546606375358,1648300
2026-03-05 09:00:00+09:00,701.6921997070312,722.5345422725866,698.7147221976662,712.6096172413697,1094500
2026-03-06 09:00:00+09:00,705.6621704101562,705.6621704101562,689.7822903446676,696.7297378733189,1094200
2026-03-09 09:00:00+09:00,678.8648681640625,686.8048081425895,670.9249281855355,675.8873906721149,1381500
2026-03-10 09:00:00+09:00,675.8873901367188,690.7747775846641,673.9024051436594,688.7897925916047,1001300
2026-03-11 09:00:00+09:00,673.9024047851562,681.8423447531699,673.9024047851562,680.8498522571682,663100
2026-03-12 09:00:00+09:00,651.0750732421875,666.9549530773628,649.0900882627906,664.9699680979659,1575400
2026-03-13 09:00:00+09:00,647.1051025390625,657.0300274246309,641.1501476077215,646.1126100505056,1236000
2026-03-16 09:00:00+09:00,642.1426391601562,650.082579057036,639.1651616988263,646.1126091085962,733200
2026-03-17 09:00:00+09:00,655.0450439453125,657.030028926965,646.1126115278764,646.1126115278764,892400
2026-03-18 09:00:00+09:00,676.8798828125,679.8573603028775,659.0150178702346,659.0150178702346,1068200
2026-03-19 09:00:00+09:00,669.9324340820312,676.8798815465857,661.9924941225405,664.9699716073495,1526800
2026-03-23 09:00:00+09:00,645.1201171875,652.0675646033654,642.1426397235577,650.0825796274039,1431500
2026-03-24 09:00:00+09:00,662.9849853515625,667.9474478167688,658.0225228863561,661.00000036548,1063000
2026-03-25 09:00:00+09:00,666.9549560546875,674.8948960077195,666.9549560546875,672.9099110194614,782500
2026-03-26 09:00:00+09:00,665.9624633789062,670.9249258481976,661.0000009096149,669.9324333543393,639300
2026-03-27 09:00:00+09:00,661.0,664.96996996997,657.03003003003,664.96996996997,1051800
2026-03-30 09:00:00+09:00,645.0,647.0,635.0,641.0,1138000
2026-03-31 09:00:00+09:00,635.0,649.0,633.0,649.0,986300
2026-04-01 09:00:00+09:00,649.0,649.0,640.0,645.0,734500
2026-04-02 09:00:00+09:00,642.0,666.0,641.0,651.0,771800
2026-04-03 09:00:00+09:00,646.0,650.0,641.0,644.0,699200
2026-04-06 09:00:00+09:00,639.0,648.0,638.0,646.0,663700
2026-04-07 09:00:00+09:00,643.0,646.0,637.0,639.0,603900
2026-04-08 09:00:00+09:00,672.0,672.0,658.0,663.0,1516300
2026-04-09 09:00:00+09:00,670.0,686.0,670.0,674.0,1428300
2026-04-10 09:00:00+09:00,668.0,676.0,667.0,670.0,595600
2026-04-13 09:00:00+09:00,661.0,669.0,660.0,666.0,513100
2026-04-14 09:00:00+09:00,671.0,675.0,659.0,665.0,967500
2026-04-15 09:00:00+09:00,676.0,692.0,676.0,688.0,823700
2026-04-16 09:00:00+09:00,679.0,682.0,671.0,679.0,860100
2026-04-17 09:00:00+09:00,682.0,682.0,671.0,675.0,668600
2026-04-20 09:00:00+09:00,682.0,691.0,682.0,685.0,996100
2026-04-21 09:00:00+09:00,689.0,693.0,681.0,682.0,823400
2026-04-22 09:00:00+09:00,693.0,700.0,677.0,686.0,1100700
2026-04-23 09:00:00+09:00,694.0,698.0,682.0,690.0,872400
2026-04-24 09:00:00+09:00,673.0,692.0,673.0,690.0,1041300
2026-04-27 09:00:00+09:00,668.0,677.0,667.0,673.0,567200
2026-04-28 09:00:00+09:00,668.0,675.0,667.0,670.0,502700
2026-04-30 09:00:00+09:00,652.0,661.0,650.0,661.0,988000
2026-05-01 09:00:00+09:00,651.0,654.0,645.0,648.0,796700
2026-05-07 09:00:00+09:00,650.0,667.0,648.0,658.0,1059000
2026-05-08 09:00:00+09:00,644.0,652.0,640.0,652.0,900800
2026-05-11 09:00:00+09:00,648.0,650.0,639.0,641.0,726200
2026-05-12 09:00:00+09:00,644.0,654.0,644.0,651.0,602100
2026-05-13 09:00:00+09:00,637.0,648.0,635.0,642.0,986900
2026-05-14 09:00:00+09:00,636.0,639.0,627.0,636.0,1475100
2026-05-15 09:00:00+09:00,642.0,648.0,633.0,638.0,1295000
2026-05-18 09:00:00+09:00,623.0,633.0,605.0,612.0,3408100
2026-05-19 09:00:00+09:00,654.0,656.0,621.0,627.0,1842300
2026-05-20 09:00:00+09:00,629.0,648.0,628.0,647.0,1756500
2026-05-21 09:00:00+09:00,641.0,648.0,634.0,638.0,832700
2026-05-22 09:00:00+09:00,634.0,642.0,629.0,642.0,1069500
2026-05-25 09:00:00+09:00,641.0,644.0,626.0,634.0,1492300
2026-05-26 09:00:00+09:00,637.0,647.0,634.0,644.0,847300
2026-05-27 09:00:00+09:00,634.0,640.0,626.0,636.0,804500
2026-05-28 09:00:00+09:00,630.0,634.0,624.0,633.0,947300
2026-05-29 09:00:00+09:00,623.0,642.0,623.0,632.0,1911800
2026-06-01 09:00:00+09:00,616.0,622.0,608.0,622.0,1213500
2026-06-02 09:00:00+09:00,609.0,614.0,598.0,602.0,1376400
2026-06-03 09:00:00+09:00,620.0,621.0,603.0,606.0,1110300
2026-06-04 09:00:00+09:00,612.0,616.0,607.0,611.0,862600
2026-06-05 09:00:00+09:00,618.0,629.0,615.0,618.0,917200
2026-06-08 09:00:00+09:00,613.0,623.0,604.0,615.0,900000
2026-06-09 09:00:00+09:00,614.0,622.0,612.0,618.0,856500
2026-06-10 09:00:00+09:00,618.0,625.0,612.0,624.0,1099800
2026-06-11 09:00:00+09:00,612.0,620.0,606.0,616.0,859200
2026-06-12 09:00:00+09:00,618.0,623.0,612.0,617.0,976800
2026-06-15 09:00:00+09:00,623.0,634.0,622.0,630.0,1032900
2026-06-16 09:00:00+09:00,616.0,623.0,611.0,621.0,1272300
2026-06-17 09:00:00+09:00,613.0,626.0,609.0,625.0,946100
2026-06-18 09:00:00+09:00,613.0,614.0,605.0,611.0,736700
2026-06-19 09:00:00+09:00,618.0,618.0,608.0,608.0,987500
2026-06-22 09:00:00+09:00,618.0,620.0,604.0,610.0,1057700
2026-06-23 09:00:00+09:00,620.0,626.0,611.0,625.0,1209000
2026-06-24 09:00:00+09:00,623.0,629.0,619.0,625.0,989500
2026-06-25 09:00:00+09:00,634.0,642.0,626.0,633.0,1052800
2026-06-26 09:00:00+09:00,642.0,642.0,632.0,634.0,767000
2026-06-29 09:00:00+09:00,652.0,654.0,639.0,650.0,1436800
2026-06-30 09:00:00+09:00,652.0,659.0,650.0,652.0,1060200
2026-07-01 09:00:00+09:00,636.0,650.0,634.0,648.0,1075800
2026-07-02 09:00:00+09:00,647.0,654.0,644.0,644.0,753100
2026-07-03 09:00:00+09:00,648.0,656.0,646.0,650.0,790400
2026-07-06 09:00:00+09:00,659.0,661.0,647.0,648.0,785200
2026-07-07 09:00:00+09:00,662.0,665.0,653.0,660.0,776900
2026-07-08 09:00:00+09:00,675.0,678.0,659.0,660.0,1379400
2026-07-09 09:00:00+09:00,666.0,679.0,666.0,671.0,820200
2026-07-10 09:00:00+09:00,666.0,673.0,661.0,665.0,627100
2026-07-13 09:00:00+09:00,665.0,675.0,662.0,672.0,848400
2026-07-14 09:00:00+09:00,670.0,677.0,666.0,669.0,858900
2026-07-15 09:00:00+09:00,665.0,677.0,664.0,675.0,1063500
2026-07-16 09:00:00+09:00,669.0,675.0,666.0,667.0,762800
2026-07-17 09:00:00+09:00,661.0,669.0,659.0,663.0,992600
2026-07-21 09:00:00+09:00,675.0,679.0,662.0,663.0,1016900
2026-07-22 09:00:00+09:00,668.0,674.0,664.0,674.0,943400
2026-07-23 09:00:00+09:00,655.0,665.0,652.0,665.0,874000
2026-07-24 09:00:00+09:00,650.0,659.0,648.0,652.0,1731700
2026-07-27 09:00:00+09:00,664.0,665.0,651.0,658.0,1040400
2026-07-28 09:00:00+09:00,669.0,672.0,662.0,666.0,1115800
2026-07-29 09:00:00+09:00,696.0,702.0,667.0,671.0,1880200
2026-07-30 09:00:00+09:00,694.0,698.0,689.0,695.0,1102700
2026-07-31 09:00:00+09:00,677.0,691.0,677.0,686.0,1311000
2026-08-03 09:00:00+09:00,672.0,680.0,669.0,676.0,976800
2026-08-04 09:00:00+09:00,661.0,676.0,661.0,674.0,942600
2026-08-05 09:00:00+09:00,673.0,675.0,663.0,663.0,642000
2026-08-06 09:00:00+09:00,668.0,677.0,661.0,673.0,916500
2026-08-07 09:00:00+09:00,674.0,678.0,665.0,668.0,719600
2026-08-10 09:00:00+09:00,629.0,636.0,605.0,615.0,3451400
2026-08-12 09:00:00+09:00,619.0,639.0,618.0,638.0,1453700
2026-08-13 09:00:00+09:00,624.0,626.0,615.0,615.0,1036800
2026-08-14 09:00:00+09:00,620.0,628.0,619.0,627.0,911500
2026-08-17 09:00:00+09:00,622.0,632.0,621.0,625.0,874600
2026-08-18 09:00:00+09:00,625.0,628.0,618.0,625.0,1010600
2026-08-19 09:00:00+09:00,630.0,630.0,623.0,629.0,853100
2026-08-20 09:00:00+09:00,632.0,640.0,629.0,635.0,912500
2026-08-21 09:00:00+09:00,641.0,641.0,631.0,631.0,834600
2026-08-24 09:00:00+09:00,638.0,645.0,636.0,643.0,976200
2026-08-25 09:00:00+09:00,643.0,649.0,640.0,641.0,916100
2026-08-26 09:00:00+09:00,628.0,645.0,625.0,644.0,1444400
2026-08-27 09:00:00+09:00,632.0,635.0,622.0,627.0,1136400
2026-08-28 09:00:00+09:00,634.0,636.0,627.0,629.0,626600
2026-08-31 09:00:00+09:00,644.0,650.0,628.0,631.0,1458800
2026-09-01 09:00:00+09:00,654.0,659.0,641.0,647.0,989700
2026-09-02 09:00:00+09:00,649.0,658.0,645.0,648.0,1132700
2026-09-03 09:00:00+09:00,650.0,657.0,643.0,646.0,1039700
2026-09-04 09:00:00+09:00,653.0,658.0,645.0,645.0,919900
2026-09-07 09:00:00+09:00,639.0,656.0,639.0,653.0,910700
2026-09-08 09:00:00+09:00,650.0,656.0,635.0,639.0,935400
2026-09-09 09:00:00+09:00,653.0,660.0,643.0,645.0,849300
2026-09-10 09:00:00+09:00,655.0,662.0,650.0,650.0,978500
2026-09-11 09:00:00+09:00,657.0,662.0,651.0,655.0,1193600
2026-09-14 09:00:00+09:00,691.0,714.0,664.0,667.0,4453300
2026-09-15 09:00:00+09:00,791.0,791.0,791.0,791.0,506000
2026-09-16 09:00:00+09:00,941.0,941.0,941.0,941.0,758700
2026-09-17 09:00:00+09:00,1060.0,1060.0,1013.0,1015.0,37355200
2026-09-18 09:00:00+09:00,1040.0,1050.0,1030.0,1040.0,8345100
