Date,Close,High,Low,Open,Volume
2019-09-17 09:00:00+09:00,3827.676513671875,3836.7253943188534,3782.432110436983,3818.6276330248966,501200
2019-09-18 09:00:00+09:00,3791.47998046875,3841.2488107612994,3777.906663116237,3836.7243716437947,427800
2019-09-19 09:00:00+09:00,3854.822998046875,3863.87187832398,3805.0541565227954,3814.103036799901,465900
2019-09-20 09:00:00+09:00,3877.444580078125,3881.9690194947857,3859.3468224114827,3872.9201406614648,595200
2019-09-24 09:00:00+09:00,3913.639892578125,3927.2132101246384,3872.919939938584,3877.444379120755,422700
2019-09-25 09:00:00+09:00,3918.16455078125,3927.2134296514146,3886.493474735674,3891.0179141707563,383300
2019-09-26 09:00:00+09:00,3904.591064453125,3995.079849260845,3886.4933074915807,3949.835456856985,966900
2019-09-27 09:00:00+09:00,3854.532470703125,3890.9389167074046,3813.57521894831,3886.3881109568697,479100
2019-09-30 09:00:00+09:00,3790.8212890625,3822.6769301470586,3772.618065585609,3809.0245125393903,474900
2019-10-01 09:00:00+09:00,3840.880615234375,3868.1854537313015,3813.575776737448,3818.1265831536025,264500
2019-10-02 09:00:00+09:00,3868.184814453125,3872.7356201171874,3795.371923828125,3795.371923828125,322400
2019-10-03 09:00:00+09:00,3813.574951171875,3813.574951171875,3777.1685077239335,3795.3717294479043,278000
2019-10-04 09:00:00+09:00,3859.08349609375,3859.08349609375,3795.3722119601266,3799.923017969671,234000
2019-10-07 09:00:00+09:00,3849.981689453125,3877.286524130098,3831.7784663351435,3877.286524130098,231600
2019-10-08 09:00:00+09:00,3854.532470703125,3877.2864994558,3827.227636199915,3868.18488795473,280400
2019-10-09 09:00:00+09:00,3868.184814453125,3872.7356201171874,3831.778369140625,3836.3291748046877,264500
2019-10-10 09:00:00+09:00,3868.184814453125,3890.9388427734375,3836.3291748046877,3877.28642578125,167000
2019-10-11 09:00:00+09:00,3877.28662109375,3881.837426987053,3849.981785733935,3881.837426987053,225300
2019-10-15 09:00:00+09:00,3936.447265625,3959.2012960621387,3909.1424291004337,3913.6932351878613,423500
2019-10-16 09:00:00+09:00,3954.650146484375,3991.0565920216304,3940.9977294079044,3959.200952176532,386900
2019-10-17 09:00:00+09:00,3890.9384765625,3954.6497498629387,3877.2860608552633,3954.6497498629387,312200
2019-10-18 09:00:00+09:00,3877.28662109375,3927.345485920078,3872.7358152004476,3922.7946800267755,274900
2019-10-21 09:00:00+09:00,3900.040771484375,3927.3456076908,3890.939159415567,3909.1423835531837,136400
2019-10-23 09:00:00+09:00,3981.95458984375,3981.95458984375,3890.938484933036,3931.8957321428575,291800
2019-10-24 09:00:00+09:00,3927.345703125,4022.9126321697568,3922.7948969800113,4009.2602137347913,312900
2019-10-25 09:00:00+09:00,3963.751953125,3972.853564957664,3936.4471176270094,3954.6503412923366,199800
2019-10-28 09:00:00+09:00,3963.751953125,3986.5059827066593,3940.997923543341,3963.751953125,167300
2019-10-29 09:00:00+09:00,3963.751953125,4004.7092063719865,3954.6503412923366,3991.056788622991,317000
2019-10-30 09:00:00+09:00,4013.81103515625,4022.9126474808677,3963.7521673708547,3972.853779695472,502500
2019-10-31 09:00:00+09:00,3959.20068359375,4013.8103481950434,3945.548267443427,4009.2595428116024,319800
2019-11-01 09:00:00+09:00,4018.361572265625,4036.564795696047,3940.9978726863324,3945.5486785439375,310400
2019-11-05 09:00:00+09:00,4163.9873046875,4186.741333674863,4036.564742358265,4072.9711887380463,826600
2019-11-06 09:00:00+09:00,4159.4365234375,4173.088940910489,4104.826853545542,4173.088940910489,350200
2019-11-07 09:00:00+09:00,4191.2919921875,4214.046020375272,4145.783935811957,4177.639575274837,359800
2019-11-08 09:00:00+09:00,4177.638671875,4218.595913756128,4141.232234647331,4214.045109102669,421500
2019-11-11 09:00:00+09:00,4177.638671875,4200.392695142293,4159.435453261165,4191.291085835375,238200
2019-11-12 09:00:00+09:00,4209.49560546875,4209.49560546875,4154.8859327491555,4195.843187288851,407000
2019-11-13 09:00:00+09:00,4204.9443359375,4214.045947054247,4186.741113704004,4186.741113704004,205000
2019-11-14 09:00:00+09:00,4163.9873046875,4227.6985858521175,4136.682469902664,4186.741333674863,347000
2019-11-15 09:00:00+09:00,4218.59619140625,4223.1469963592235,4177.63894682949,4186.740556735437,352700
2019-11-18 09:00:00+09:00,4286.859375,4286.859375,4200.3940585191085,4204.944864649681,330700
2019-11-19 09:00:00+09:00,4295.96044921875,4305.062060339977,4255.003199173232,4273.206421415684,303900
2019-11-20 09:00:00+09:00,4323.26513671875,4323.26513671875,4259.553861019737,4264.10466642681,293300
2019-11-21 09:00:00+09:00,4350.5712890625,4350.5712890625,4264.105960095777,4291.41080082211,339600
2019-11-22 09:00:00+09:00,4327.81640625,4350.570435725552,4305.062376774448,4350.570435725552,409300
2019-11-25 09:00:00+09:00,4350.5712890625,4359.672902637944,4327.817255123889,4355.122095850222,283400
2019-11-26 09:00:00+09:00,4396.07861328125,4400.629419299139,4346.019747084466,4359.672165138134,652000
2019-11-27 09:00:00+09:00,4391.52734375,4423.382982512953,4382.42573267487,4414.2813714378235,319800
2019-11-28 09:00:00+09:00,4291.41015625,4350.570635604454,4277.757737937433,4350.570635604454,374000
2019-11-29 09:00:00+09:00,4277.7578125,4332.367486702127,4268.6562001329785,4305.062649601064,457300
2019-12-02 09:00:00+09:00,4318.71435546875,4350.569993496444,4305.061939171167,4314.163550036223,275500
2019-12-03 09:00:00+09:00,4273.2060546875,4295.960080537806,4255.002834007255,4264.1044443473775,296100
2019-12-04 09:00:00+09:00,4309.61328125,4318.714893248416,4264.10522125792,4264.10522125792,332700
2019-12-05 09:00:00+09:00,4318.71435546875,4336.917577198861,4282.307912008529,4309.612744603695,302500
2019-12-06 09:00:00+09:00,4282.30859375,4314.164236849097,4277.7577875929865,4286.859399907014,249900
2019-12-09 09:00:00+09:00,4323.26513671875,4327.815942125822,4295.960304276316,4323.26513671875,346400
2019-12-10 09:00:00+09:00,4327.81640625,4346.019629830442,4318.714794459779,4327.81640625,381100
2019-12-11 09:00:00+09:00,4300.51123046875,4332.366869212963,4300.51123046875,4323.265258143188,350300
2019-12-12 09:00:00+09:00,4346.01953125,4368.7735602094235,4314.163890706806,4336.91791966623,303400
2019-12-13 09:00:00+09:00,4364.22314453125,4405.180400319343,4341.469113537864,4391.527981723312,637800
2019-12-16 09:00:00+09:00,4318.71435546875,4386.976436956665,4318.71435546875,4368.773215226554,331600
2019-12-17 09:00:00+09:00,4386.9765625,4386.9765625,4327.816090184129,4373.324145811722,386700
2019-12-18 09:00:00+09:00,4364.22314453125,4386.977175524635,4359.6723383325725,4386.977175524635,330100
2019-12-19 09:00:00+09:00,4332.3671875,4377.875246192227,4327.816381630777,4364.222828584559,259500
2019-12-20 09:00:00+09:00,4305.06298828125,4355.121860238009,4295.961375198202,4355.121860238009,480600
2019-12-23 09:00:00+09:00,4291.41015625,4309.613380666755,4282.308544041623,4309.613380666755,189500
2019-12-24 09:00:00+09:00,4295.96044921875,4323.265282582429,4282.308032536911,4286.858838097523,196600
2019-12-25 09:00:00+09:00,4295.96044921875,4309.612865900589,4286.858838097523,4295.96044921875,122000
2019-12-26 09:00:00+09:00,4309.61328125,4318.714893248416,4282.308445254752,4314.164087249208,164200
2019-12-27 09:00:00+09:00,4300.51123046875,4336.9176747478505,4295.960424933862,4336.9176747478505,207100
2019-12-30 09:00:00+09:00,4259.5537109375,4286.858542417869,4227.698074210403,4241.350489950588,265800
2020-01-06 09:00:00+09:00,4214.04638671875,4236.800416884618,4182.190744486535,4186.741550519709,378000
2020-01-07 09:00:00+09:00,4300.51123046875,4300.51123046875,4227.698341910549,4232.249147445436,351400
2020-01-08 09:00:00+09:00,4255.0029296875,4286.858566594251,4218.5964875083555,4264.104540232286,278600
2020-01-09 09:00:00+09:00,4295.96044921875,4314.163671461202,4273.206421415684,4291.409643658137,346800
2020-01-10 09:00:00+09:00,4291.41015625,4318.714992875132,4277.757737937433,4300.511768458377,190600
2020-01-14 09:00:00+09:00,4282.30859375,4305.0626245350695,4245.90214449389,4305.0626245350695,299100
2020-01-15 09:00:00+09:00,4245.90087890625,4282.30731731059,4223.146854903537,4273.205707709505,361200
2020-01-16 09:00:00+09:00,4223.14794921875,4250.45278509732,4209.4955312794655,4236.8003671580345,337800
2020-01-17 09:00:00+09:00,4218.59619140625,4255.002631030036,4209.494581500303,4250.451826077063,282100
2020-01-20 09:00:00+09:00,4223.14794921875,4255.003591077081,4209.4955312794655,4209.4955312794655,205100
2020-01-21 09:00:00+09:00,4195.8427734375,4227.6984127152255,4186.741162215293,4218.596801493018,274400
2020-01-22 09:00:00+09:00,4177.638671875,4209.49430444921,4173.087867221541,4186.740281181917,368500
2020-01-23 09:00:00+09:00,4163.9873046875,4182.19052787739,4136.682469902664,4163.9873046875,332800
2020-01-24 09:00:00+09:00,4177.638671875,4186.740281181917,4141.232234647331,4163.986257914624,292000
2020-01-27 09:00:00+09:00,4095.724853515625,4123.029685872396,4072.970826551649,4095.7248535156245,371300
2020-01-28 09:00:00+09:00,4063.869140625,4082.0723618596026,4036.5643087730964,4041.1151140817474,405500
2020-01-29 09:00:00+09:00,4091.174072265625,4104.826488524576,4054.767628908423,4054.767628908423,349800
2020-01-30 09:00:00+09:00,4072.97119140625,4118.479249410789,4054.767968204434,4091.1744146080655,316300
2020-01-31 09:00:00+09:00,4068.420166015625,4132.131443783208,4054.7677493511433,4100.2758048994165,390500
2020-02-03 09:00:00+09:00,4032.013671875,4050.216893869921,3995.607227885158,3995.607227885158,333100
2020-02-04 09:00:00+09:00,4091.174072265625,4095.7248776852757,3995.6071584529686,3995.6071584529686,299900
2020-02-05 09:00:00+09:00,3936.447265625,3986.506132586705,3895.4900108381503,3963.7521021495663,740300
2020-02-06 09:00:00+09:00,4041.115234375,4050.2168452632322,3968.3023472691443,4000.1579853779563,562400
2020-02-07 09:00:00+09:00,3950.09912109375,4077.5216733870966,3945.548315654702,4072.9708679480486,340300
2020-02-10 09:00:00+09:00,3900.040771484375,3927.3456076908,3890.939159415567,3904.5915775187796,286500
2020-02-12 09:00:00+09:00,3854.532470703125,3913.6929454600795,3845.430859202055,3890.9389167074046,408900
2020-02-13 09:00:00+09:00,3827.228271484375,3859.083917025862,3795.3726259428877,3818.1266584725213,549600
2020-02-14 09:00:00+09:00,3754.41455078125,3822.6766335227276,3736.2113287168563,3799.922605942235,917400
2020-02-17 09:00:00+09:00,3695.25439453125,3718.0084240542255,3677.0511709128696,3690.703588626655,516500
2020-02-18 09:00:00+09:00,3677.051025390625,3704.355859737585,3654.296996768158,3699.8050540130916,440900
2020-02-19 09:00:00+09:00,3672.5,3695.2540272614624,3663.398389095415,3690.70322180917,338300
2020-02-20 09:00:00+09:00,3645.195068359375,3690.7031216472574,3636.0934577017983,3667.949095003316,404300
2020-02-21 09:00:00+09:00,3658.847412109375,3686.1522435430275,3645.194996392549,3654.296606870433,456100
2020-02-25 09:00:00+09:00,3485.9169921875,3549.6282688071146,3485.9169921875,3517.7726304973075,761100
2020-02-26 09:00:00+09:00,3440.4091796875,3454.0615970672125,3399.451927548363,3431.3075681010255,642400
2020-02-27 09:00:00+09:00,3349.39306640625,3440.4091823412023,3340.2914548127546,3431.3075707477074,556600
2020-02-28 09:00:00+09:00,3231.07177734375,3276.5798305457743,3194.6653347821302,3276.5798305457743,807700
2020-03-02 09:00:00+09:00,3276.580078125,3312.9865234375,3167.3607421875,3185.56396484375,653500
2020-03-03 09:00:00+09:00,3212.868896484375,3322.088235741634,3212.868896484375,3312.9866241368622,842800
2020-03-04 09:00:00+09:00,3226.521240234375,3258.3768801238543,3158.25915475692,3185.563988947902,514200
2020-03-05 09:00:00+09:00,3235.622802734375,3272.029247772174,3221.9703858452003,3258.3768308829995,419300
2020-03-06 09:00:00+09:00,3108.2001953125,3181.013084221724,3094.5477786420206,3176.462278664898,629100
2020-03-09 09:00:00+09:00,2958.02392578125,3039.9384344951923,2926.168283503606,3012.6335982572114,688500
2020-03-10 09:00:00+09:00,2994.43017578125,3021.735010210866,2803.296334773936,2917.0664782306703,959400
2020-03-11 09:00:00+09:00,2962.573974609375,3044.488462386593,2962.573974609375,2980.7771941154233,697400
2020-03-12 09:00:00+09:00,2862.45654296875,2921.6170120603138,2830.6009057656,2894.3121801719,919400
2020-03-13 09:00:00+09:00,2748.6865234375,2839.7026334850993,2611.252197265625,2716.83088492084,1397700
2020-03-16 09:00:00+09:00,2709.549560546875,2826.050179878417,2695.89714421896,2771.440514566757,1539000
2020-03-17 09:00:00+09:00,2912.515625,2930.71884765625,2654.02986328125,2703.178564453125,1780300
2020-03-18 09:00:00+09:00,3080.895263671875,3212.8686206090747,2962.5743229695577,2962.5743229695577,1355100
2020-03-19 09:00:00+09:00,3181.013427734375,3317.5376091822022,3149.1577853965487,3185.564233782636,1775500
2020-03-23 09:00:00+09:00,3344.842041015625,3376.6976795014884,3176.4622375903486,3244.7243200600556,1364000
2020-03-24 09:00:00+09:00,3158.25927734375,3476.815688603206,3130.9544420929396,3467.714076852936,1195900
2020-03-25 09:00:00+09:00,3367.596435546875,3376.6980475348396,3221.9706437394425,3285.6819276551946,1231600
2020-03-26 09:00:00+09:00,3408.5537109375,3426.7569350279537,3235.6230820781875,3308.435978440003,1325100
2020-03-27 09:00:00+09:00,3626.992431640625,3626.992431640625,3476.8158315852415,3513.2222800835166,1785400
2020-03-30 09:00:00+09:00,3494.185546875,3567.4581140440696,3347.6404125368613,3526.242295011468,1220400
2020-03-31 09:00:00+09:00,3329.322265625,3475.8673997377923,3320.1631947429505,3466.708328855743,978100
2020-04-01 09:00:00+09:00,3228.572509765625,3324.742754737367,3201.0952969165555,3288.1064709386083,773200
2020-04-02 09:00:00+09:00,3178.197998046875,3269.788718451684,3169.038926006394,3205.675214168318,691100
2020-04-03 09:00:00+09:00,3150.720458984375,3297.2655966115553,3118.6637101284296,3288.1065255098565,749100
2020-04-06 09:00:00+09:00,3210.25439453125,3223.9930010699,3072.8683291447487,3109.5046132478155,719800
2020-04-07 09:00:00+09:00,3274.36767578125,3324.7425631009614,3201.095112407124,3251.4699997268353,718700
2020-04-08 09:00:00+09:00,3448.39013671875,3507.92409658242,3315.583610869024,3338.481287739666,799100
2020-04-09 09:00:00+09:00,3324.742919921875,3420.9131696716813,3265.2089557910426,3407.1745625645663,558000
2020-04-10 09:00:00+09:00,3356.7998046875,3370.538412346521,3237.73187164265,3324.7430534831174,425100
2020-04-13 09:00:00+09:00,3288.1064453125,3347.6404060215004,3278.947374434192,3315.583657947423,370800
2020-04-14 09:00:00+09:00,3338.4814453125,3338.4814453125,3274.3679470486113,3301.845160590278,493500
2020-04-15 09:00:00+09:00,3425.492919921875,3425.492919921875,3297.265912224265,3315.5840561810664,624600
2020-04-16 09:00:00+09:00,3365.958251953125,3398.014997209821,3347.640111806441,3365.958251953125,517300
2020-04-17 09:00:00+09:00,3361.37890625,3420.912865080041,3333.901694482289,3420.912865080041,414700
2020-04-20 09:00:00+09:00,3347.640625,3379.6973751709984,3324.7429463064295,3324.7429463064295,318600
2020-04-21 09:00:00+09:00,3375.117431640625,3398.015107567631,3297.265333488806,3306.4244038596084,427100
2020-04-22 09:00:00+09:00,3388.856689453125,3411.754369787268,3352.2204009184966,3375.1180812526395,439200
2020-04-23 09:00:00+09:00,3398.014892578125,3398.014892578125,3361.3786134128623,3384.2762878911512,337700
2020-04-24 09:00:00+09:00,3398.014892578125,3407.1739623694407,3333.9014040389147,3388.8558227868093,663900
2020-04-27 09:00:00+09:00,3407.17431640625,3416.3333871492778,3365.958498062626,3402.5947810347366,302700
2020-04-28 09:00:00+09:00,3411.754150390625,3420.9132219352978,3361.3792568949243,3420.9132219352978,327300
2020-04-30 09:00:00+09:00,3388.856689453125,3475.8678747228673,3375.1180812526395,3462.129266522382,734700
2020-05-01 09:00:00+09:00,3365.958251953125,3475.8670928332267,3347.640111806441,3407.174067283163,489500
2020-05-07 09:00:00+09:00,3297.265625,3333.901909722222,3260.629340277778,3329.3223741319443,499400
2020-05-08 09:00:00+09:00,3439.231201171875,3439.231201171875,3338.481418980422,3352.220025642893,458800
2020-05-11 09:00:00+09:00,3585.776611328125,3590.3561472302044,3443.8109983636655,3457.5496060699033,535400
2020-05-12 09:00:00+09:00,3507.92431640625,3572.0378156617166,3489.606173761831,3572.0378156617166,426600
2020-05-13 09:00:00+09:00,3462.12890625,3462.12890625,3393.4358723958335,3416.333550347222,740500
2020-05-14 09:00:00+09:00,3420.913330078125,3471.28822516629,3407.174722326807,3462.129153332078,565200
2020-05-15 09:00:00+09:00,3393.43603515625,3471.288143925017,3370.538356106613,3462.129072305162,656000
2020-05-18 09:00:00+09:00,3333.902099609375,3420.913280780499,3315.5839562049277,3398.01560152494,534600
2020-05-19 09:00:00+09:00,3448.39013671875,3448.39013671875,3393.435712229208,3398.015247603337,492800
2020-05-20 09:00:00+09:00,3494.185546875,3503.344617771134,3425.4925151539974,3430.0720506020643,459900
2020-05-21 09:00:00+09:00,3471.2880859375,3498.7653003380606,3448.3904072703663,3494.185764604634,523400
2020-05-22 09:00:00+09:00,3485.026611328125,3526.2424319614406,3457.5493975725813,3503.344753831821,405000
2020-05-25 09:00:00+09:00,3626.992431640625,3626.992431640625,3517.0835700757575,3539.981249568438,496000
2020-05-26 09:00:00+09:00,3732.3212890625,3741.480359710506,3631.5715119344322,3654.4691885544476,534900
2020-05-27 09:00:00+09:00,3659.048583984375,3727.7416112181245,3585.7760216017095,3727.7416112181245,797300
2020-05-28 09:00:00+09:00,3723.16259765625,3727.742133446725,3663.6286323800737,3686.526311332449,642900
2020-05-29 09:00:00+09:00,3645.31005859375,3750.6393693320115,3631.5714528452813,3709.423552086605,1174100
2020-06-01 09:00:00+09:00,3640.73046875,3659.0486094732705,3594.9351169418237,3626.991863207547,459200
2020-06-02 09:00:00+09:00,3686.5263671875,3718.583118206522,3626.992401009317,3626.992401009317,513400
2020-06-03 09:00:00+09:00,3704.84423828125,3714.0033093276807,3663.6284185723116,3709.4237738044653,464100
2020-06-04 09:00:00+09:00,3663.62841796875,3709.4237731933595,3645.3102758789064,3709.4237731933595,544500
2020-06-05 09:00:00+09:00,3659.048583984375,3663.628119133292,3622.4123027930423,3649.889513686542,413100
2020-06-08 09:00:00+09:00,3686.5263671875,3686.5263671875,3613.253793429736,3686.5263671875,552800
2020-06-09 09:00:00+09:00,3626.992431640625,3695.685470118667,3604.0947521479443,3686.526398321595,519000
2020-06-10 09:00:00+09:00,3604.0947265625,3626.9924058926304,3581.1970472323696,3626.9924058926304,522100
2020-06-11 09:00:00+09:00,3549.14013671875,3608.674100302419,3539.9810653981854,3562.8787436995967,412600
2020-06-12 09:00:00+09:00,3498.764892578125,3530.8216389760923,3466.708146180158,3475.8672165795774,587400
2020-06-15 09:00:00+09:00,3416.333251953125,3507.9239557588385,3416.333251953125,3485.02627980741,380600
2020-06-16 09:00:00+09:00,3498.764892578125,3517.0830333769636,3430.0718645824813,3471.2876813798675,486500
2020-06-17 09:00:00+09:00,3466.70849609375,3507.9243170512714,3466.70849609375,3503.344781389325,295800
2020-06-18 09:00:00+09:00,3425.492919921875,3462.129207835478,3393.4361679974727,3452.9701358570774,330400
2020-06-19 09:00:00+09:00,3411.754150390625,3466.708579658662,3402.5950788459522,3448.390436569316,593400
2020-06-22 09:00:00+09:00,3352.219970703125,3430.07207384787,3347.6404352240224,3402.594860973254,335000
2020-06-23 09:00:00+09:00,3416.333251953125,3457.549068665696,3361.3788296696966,3361.3788296696966,395700
2020-06-24 09:00:00+09:00,3356.7998046875,3430.072378868946,3347.640732914819,3420.9133070962653,384800
2020-06-25 09:00:00+09:00,3329.322265625,3343.0608719480742,3306.4245884198763,3320.1631947429505,442400
2020-06-26 09:00:00+09:00,3398.014892578125,3416.3330321607564,3356.799078517204,3365.95814830852,428000
2020-06-29 09:00:00+09:00,3311.004638671875,3356.800000202606,3311.004638671875,3347.64092789646,363100
2020-06-30 09:00:00+09:00,3338.4814453125,3398.0154079861113,3338.4814453125,3393.4358723958335,436300
2020-07-01 09:00:00+09:00,3288.1064453125,3375.117618656424,3283.526909873346,3352.2199414606544,443700
2020-07-02 09:00:00+09:00,3324.742919921875,3352.2201341361056,3274.368027195786,3278.9475628981577,509500
2020-07-03 09:00:00+09:00,3269.787841796875,3343.0603984757963,3256.0492374195774,3338.480863683364,331500
2020-07-06 09:00:00+09:00,3338.4814453125,3338.4814453125,3265.2088758680557,3265.2088758680557,344000
2020-07-07 09:00:00+09:00,3283.526611328125,3324.7424265330806,3260.6289362142606,3324.7424265330806,328200
2020-07-08 09:00:00+09:00,3228.572509765625,3343.0608966367463,3228.572509765625,3269.7883290392288,499400
2020-07-09 09:00:00+09:00,3201.09521484375,3237.7314977031924,3169.0384673417384,3223.9928916309013,367000
2020-07-10 09:00:00+09:00,3127.82275390625,3205.674857590593,3123.243218395406,3205.674857590593,561000
2020-07-13 09:00:00+09:00,3196.515869140625,3201.095404769766,3150.720512849212,3187.356797882342,411100
2020-07-14 09:00:00+09:00,3159.879150390625,3201.0949653957205,3150.720080389493,3196.515430395154,415400
2020-07-15 09:00:00+09:00,3201.09521484375,3246.8905684180527,3173.6180026991688,3205.6747502011804,440700
2020-07-16 09:00:00+09:00,3191.936279296875,3246.890705913177,3187.3567437455163,3205.6748859509503,311000
2020-07-17 09:00:00+09:00,3187.35693359375,3205.675076890266,3164.4592544731054,3187.35693359375,238700
2020-07-20 09:00:00+09:00,3150.720458984375,3164.4590656369232,3114.08417457758,3164.4590656369232,317600
2020-07-21 09:00:00+09:00,3150.720458984375,3169.0386011877727,3123.243245679279,3141.561387882676,272700
2020-07-22 09:00:00+09:00,3091.186767578125,3146.1411990017364,3091.186767578125,3136.982127097801,401800
2020-07-27 09:00:00+09:00,3104.92529296875,3104.92529296875,3022.493648022677,3072.8685421563882,406200
2020-07-28 09:00:00+09:00,3040.811279296875,3109.5043051846055,3027.072674119329,3100.3452350662415,373900
2020-07-29 09:00:00+09:00,3008.7548828125,3040.8116319444443,3008.7548828125,3027.0730251736113,378100
2020-07-30 09:00:00+09:00,2875.94775390625,3031.6519316655053,2871.368219266272,3022.4928623855494,501000
2020-07-31 09:00:00+09:00,2761.45947265625,2885.1069117304105,2756.879937875726,2862.2092378277885,685700
2020-08-03 09:00:00+09:00,2756.880126953125,2825.573153372223,2744.973335707148,2793.516407709977,495500
2020-08-04 09:00:00+09:00,2972.118408203125,2981.277478798512,2788.9369962953824,2788.9369962953824,611200
2020-08-05 09:00:00+09:00,2908.004638671875,2958.379522176427,2871.3683597594736,2958.379522176427,539200
2020-08-06 09:00:00+09:00,2843.891357421875,2903.425314984652,2830.152751830465,2894.2662445903784,337300
2020-08-07 09:00:00+09:00,2898.845703125,2921.7433785051344,2839.311747136651,2843.8912822126777,459900
2020-08-11 09:00:00+09:00,3049.97119140625,3049.97119140625,2940.062319643863,2940.062319643863,521600
2020-08-12 09:00:00+09:00,3132.40234375,3150.7204861111113,3031.652560763889,3068.2888454861113,668500
2020-08-13 09:00:00+09:00,3187.35693359375,3223.993220186782,3136.982039528332,3187.35693359375,702800
2020-08-14 09:00:00+09:00,3178.197998046875,3201.0956781480772,3136.982173864711,3201.0956781480772,352000
2020-08-17 09:00:00+09:00,3086.60693359375,3146.1408952209295,3086.60693359375,3118.663682162231,355400
2020-08-18 09:00:00+09:00,3118.66357421875,3136.981715623853,3077.4477560572686,3100.345432813647,427900
2020-08-19 09:00:00+09:00,3123.243408203125,3141.5615513597413,3077.4480503115838,3100.3457292573544,288100
2020-08-20 09:00:00+09:00,3123.243408203125,3169.0387660946662,3100.3457292573544,3104.9252650465082,347700
2020-08-21 09:00:00+09:00,3109.50439453125,3159.879281629694,3104.9248593404823,3136.981605675856,307200
2020-08-24 09:00:00+09:00,3082.027587890625,3132.402481600576,3072.8685163069977,3109.5048026415075,230300
2020-08-25 09:00:00+09:00,3173.6181640625,3187.3567708333335,3132.40234375,3155.300021701389,401800
2020-08-26 09:00:00+09:00,3150.720458984375,3150.720458984375,3100.345567925032,3118.6637101284296,193400
2020-08-27 09:00:00+09:00,3091.186767578125,3141.5616630497684,3091.186767578125,3136.982127097801,253900
2020-08-28 09:00:00+09:00,3127.82275390625,3205.674857590593,3091.1864698195004,3127.82275390625,452400
2020-08-31 09:00:00+09:00,3155.300048828125,3228.572618902508,3155.300048828125,3178.1977269763697,473200
2020-09-01 09:00:00+09:00,3118.66357421875,3127.8226449213016,3082.0272914085444,3095.7658974623714,306500
2020-09-02 09:00:00+09:00,3127.82275390625,3127.82275390625,3072.8683277761256,3091.1864698195004,298800
2020-09-03 09:00:00+09:00,3132.40234375,3159.879557291667,3118.663736979167,3155.300021701389,253000
2020-09-04 09:00:00+09:00,3136.9814453125,3141.5609802691606,3082.027025832573,3104.924700615876,249400
2020-09-07 09:00:00+09:00,3155.300048828125,3164.459120087423,3132.4023706798803,3136.981906309529,245500
2020-09-08 09:00:00+09:00,3182.77734375,3191.936415242806,3150.72059352518,3159.8796650179856,261000
2020-09-09 09:00:00+09:00,3155.300048828125,3159.879584457774,3114.0842281612845,3132.4023706798803,439400
2020-09-10 09:00:00+09:00,3201.09521484375,3210.2542855586107,3146.140790554587,3155.299861269448,346200
2020-09-11 09:00:00+09:00,3256.050048828125,3274.3681925627416,3178.197937956004,3196.5160816906205,477700
2020-09-14 09:00:00+09:00,3333.902099609375,3352.2202430138223,3283.5272052471455,3297.265812800481,488800
2020-09-15 09:00:00+09:00,3260.62939453125,3283.5270728636324,3233.152180532391,3278.9475371971557,384200
2020-09-16 09:00:00+09:00,3242.31103515625,3269.788247318591,3223.992893714689,3269.788247318591,298800
2020-09-17 09:00:00+09:00,3155.300048828125,3214.8340120135613,3136.981906309529,3214.8340120135613,437400
2020-09-18 09:00:00+09:00,3196.515869140625,3214.83401165719,3159.8795841074943,3159.8795841074943,735800
2020-09-23 09:00:00+09:00,3256.050048828125,3256.050048828125,3191.936545756966,3196.5160816906205,453700
2020-09-24 09:00:00+09:00,3201.09521484375,3269.788245205204,3182.777073414029,3251.470103775483,420000
2020-09-25 09:00:00+09:00,3173.6181640625,3228.5725911458335,3155.300021701389,3214.833984375,530200
2020-09-28 09:00:00+09:00,3269.787841796875,3269.787841796875,3182.7766807406556,3196.515285117953,1011700
2020-09-29 09:00:00+09:00,3200.611083984375,3260.5648939149182,3159.104600186307,3260.5648939149182,546300
2020-09-30 09:00:00+09:00,3117.59814453125,3228.2821023252586,3117.59814453125,3191.387449727256,465700
2020-10-02 09:00:00+09:00,3057.64404296875,3149.8806656827396,3039.1967184259524,3112.986016597144,444300
2020-10-05 09:00:00+09:00,3191.387451171875,3228.282103786579,3117.5981459424675,3117.5981459424675,430700
2020-10-06 09:00:00+09:00,3209.834716796875,3214.4465482865257,3159.1045704107173,3191.387390838272,362800
2020-10-07 09:00:00+09:00,3191.387451171875,3195.999282748713,3145.2691354034955,3182.1637880181993,331900
2020-10-08 09:00:00+09:00,3186.775634765625,3219.0584559571726,3154.4928135740774,3205.222961160795,314900
2020-10-09 09:00:00+09:00,3108.37451171875,3191.3874808744436,3103.762680098989,3191.3874808744436,356100
2020-10-12 09:00:00+09:00,3112.986328125,3122.2099913194447,3089.927170138889,3103.7626649305557,217500
2020-10-13 09:00:00+09:00,3131.433349609375,3168.327998794758,3103.762362720338,3149.8806742020665,235500
2020-10-14 09:00:00+09:00,3071.47998046875,3103.7628030862893,3053.0326532587274,3103.7628030862893,300900
2020-10-15 09:00:00+09:00,3048.420654296875,3094.5389697930455,3043.808822747258,3066.867980495343,304700
2020-10-16 09:00:00+09:00,2988.466552734375,3053.032188132957,2988.466552734375,3043.8085259331597,311700
2020-10-19 09:00:00+09:00,3016.1376953125,3053.0323460196864,2979.243044605313,2979.243044605313,342700
2020-10-20 09:00:00+09:00,2887.0068359375,2993.0789720821685,2887.0068359375,2983.855308069589,517400
2020-10-21 09:00:00+09:00,2983.854736328125,2988.466567450734,2914.6772694889873,2914.6772694889873,328700
2020-10-22 09:00:00+09:00,2942.3486328125,2960.795959663989,2919.2894742481385,2960.795959663989,371900
2020-10-23 09:00:00+09:00,3006.9140625,3016.1377252684047,2970.0194114263804,2983.8549055789877,317500
2020-10-26 09:00:00+09:00,2988.466552734375,3020.749370433666,2974.6310594346787,2993.0783838342736,197500
2020-10-27 09:00:00+09:00,2956.184326171875,3002.302646392965,2928.513334039221,2997.690814370856,247300
2020-10-28 09:00:00+09:00,2960.7958984375,2965.407730055004,2900.8420874099493,2910.0657506449575,271200
2020-10-29 09:00:00+09:00,2974.63134765625,2988.466842296512,2900.842042908188,2900.842042908188,287000
2020-10-30 09:00:00+09:00,2933.12451171875,2965.4073286716293,2919.2890187389444,2960.795497678361,361100
2020-11-02 09:00:00+09:00,3043.808837890625,3053.0325010357483,2960.7958695845173,2965.407701157079,427600
2020-11-04 09:00:00+09:00,3062.255615234375,3094.5384304552194,3034.5846307593656,3089.9265997093844,460200
2020-11-05 09:00:00+09:00,3099.150634765625,3103.7624660673596,3039.1968278430754,3071.4796469552175,407700
2020-11-06 09:00:00+09:00,3099.150634765625,3112.9861286708287,3062.2559843517483,3094.5388034638904,451000
2020-11-09 09:00:00+09:00,3117.59814453125,3149.8809655545024,3066.867997208996,3145.269133979752,495100
2020-11-10 09:00:00+09:00,3352.80126953125,3357.413100713549,3219.058165244584,3265.1764770675723,1079100
2020-11-11 09:00:00+09:00,3421.978515625,3445.0376700429583,3334.353728836759,3366.6365450219005,799300
2020-11-12 09:00:00+09:00,3394.307861328125,3426.590680661409,3352.8013793281884,3394.307861328125,418300
2020-11-13 09:00:00+09:00,3292.847412109375,3352.8012165315345,3265.176425452994,3352.8012165315345,323900
2020-11-16 09:00:00+09:00,3380.472412109375,3412.7552318703106,3325.130435376343,3343.5777609540205,591100
2020-11-17 09:00:00+09:00,3412.755615234375,3435.8147747967696,3371.249128022065,3412.755615234375,497800
2020-11-18 09:00:00+09:00,3362.025146484375,3398.9197982976466,3334.3541576244215,3389.696135344329,441400
2020-11-19 09:00:00+09:00,3421.978515625,3440.4258391593667,3338.9655597203505,3352.8010523711255,539900
2020-11-20 09:00:00+09:00,3394.307861328125,3408.1433553281036,3375.86053599482,3380.472367328146,244800
2020-11-24 09:00:00+09:00,3472.708740234375,3504.9915572086657,3449.649585252739,3481.9324022270293,506200
2020-11-25 09:00:00+09:00,3435.814453125,3523.439251258389,3421.9789586828856,3504.99192533557,428200
2020-11-26 09:00:00+09:00,3408.1435546875,3435.8145443060725,3380.472565068928,3394.308059878214,251800
2020-11-27 09:00:00+09:00,3375.860595703125,3454.2617297563397,3366.636932873335,3435.81440409676,632200
2020-11-30 09:00:00+09:00,3145.269287109375,3334.35439087988,3145.269287109375,3320.5188954820383,1198300
2020-12-01 09:00:00+09:00,3182.16357421875,3232.8937181555707,3126.8215990149456,3209.834561820652,529400
2020-12-02 09:00:00+09:00,3242.117431640625,3265.1765883379267,3200.6109495854816,3214.446443603863,656400
2020-12-03 09:00:00+09:00,3269.787841796875,3311.2943165164406,3242.116858650498,3255.9523502236866,382800
2020-12-04 09:00:00+09:00,3223.670166015625,3269.7884802647754,3195.999177466135,3260.5648174149455,261000
2020-12-07 09:00:00+09:00,3205.222900390625,3274.4003730609265,3205.222900390625,3255.9530470155128,241600
2020-12-08 09:00:00+09:00,3163.716552734375,3223.670364958204,3159.10472102485,3200.611206410578,385300
2020-12-09 09:00:00+09:00,3177.552001953125,3191.387496881803,3154.492843738661,3154.492843738661,263000
2020-12-10 09:00:00+09:00,3172.93994140625,3214.4464231979014,3172.93994140625,3186.7754353368005,308700
2020-12-11 09:00:00+09:00,3223.670166015625,3223.670166015625,3163.716357491729,3177.5518517664746,447000
2020-12-14 09:00:00+09:00,3232.8935546875,3311.2946822619474,3228.281723653709,3228.281723653709,346100
2020-12-15 09:00:00+09:00,3191.387451171875,3200.611114325551,3168.328293287685,3186.775619595037,318100
2020-12-16 09:00:00+09:00,3177.552001953125,3265.1768031680876,3168.3283386673393,3219.05848673916,294300
2020-12-17 09:00:00+09:00,3140.656982421875,3172.9398001560207,3140.656982421875,3163.716137946265,288700
2020-12-18 09:00:00+09:00,3085.314697265625,3149.8803262069086,3066.8673747109724,3140.6566649295823,647400
2020-12-21 09:00:00+09:00,3053.03271484375,3112.986529485697,3043.8090510526813,3099.1510337990935,304500
2020-12-22 09:00:00+09:00,2997.6904296875,3034.585081129808,2983.8549353966346,3025.361418269231,389300
2020-12-23 09:00:00+09:00,3006.9140625,3025.36138803681,2983.8549055789877,3006.9140625,247500
2020-12-24 09:00:00+09:00,3025.361572265625,3076.0917205810547,3020.749740600586,3034.585235595703,218900
2020-12-25 09:00:00+09:00,3039.197021484375,3076.0916742489803,3039.197021484375,3039.197021484375,186900
2020-12-28 09:00:00+09:00,3094.5390625,3094.5390625,3039.197082246647,3066.8680723733232,245000
2020-12-29 09:00:00+09:00,3191.387451171875,3195.999282748713,3117.5981459424675,3117.5981459424675,299700
2020-12-30 09:00:00+09:00,3163.716552734375,3191.387542991527,3140.657394186748,3168.3283844439,219200
2021-01-04 09:00:00+09:00,3122.209716796875,3182.1635222892814,3099.1505608382568,3163.716197522387,247100
2021-01-05 09:00:00+09:00,3089.927001953125,3154.492640799907,3085.3151706069266,3126.8216527227146,351100
2021-01-06 09:00:00+09:00,3117.59814453125,3131.433639255501,3057.644334059495,3071.479828783746,221100
2021-01-07 09:00:00+09:00,3131.433349609375,3200.610816831968,3131.433349609375,3177.5516610911036,471500
2021-01-08 09:00:00+09:00,3122.209716796875,3126.8215479885985,3053.0322489210207,3117.597885605151,614400
2021-01-12 09:00:00+09:00,3112.986328125,3145.269149305556,3103.7626649305557,3122.2099913194447,363200
2021-01-13 09:00:00+09:00,3140.656982421875,3149.880644631631,3071.479515848706,3099.1505024779735,331700
2021-01-14 09:00:00+09:00,3205.222900390625,3223.670226436039,3112.986270163557,3122.2099331862637,407100
2021-01-15 09:00:00+09:00,3182.16357421875,3209.834561820652,3163.716249150815,3205.2227305536685,280800
2021-01-18 09:00:00+09:00,3145.269287109375,3195.9994369014616,3140.6574553100945,3168.328446105778,186300
2021-01-19 09:00:00+09:00,3182.16357421875,3200.610899286685,3131.4334302819293,3159.1044178838315,236400
2021-01-20 09:00:00+09:00,3117.59814453125,3168.3282918535037,3112.9863129564997,3168.3282918535037,359800
2021-01-21 09:00:00+09:00,3112.986328125,3177.5519704861113,3108.374496527778,3145.269149305556,417000
2021-01-22 09:00:00+09:00,3066.86767578125,3085.315000146851,3057.644013598449,3080.703169055451,343900
2021-01-25 09:00:00+09:00,3103.762451171875,3108.3742824514766,3043.8086445370545,3066.8678009350624,322200
2021-01-26 09:00:00+09:00,3089.927001953125,3117.5979900303173,3080.7033392607277,3108.37432733792,361500
2021-01-27 09:00:00+09:00,3094.5390625,3112.9863892511175,3080.7035674366616,3094.5390625,348500
2021-01-28 09:00:00+09:00,3126.822265625,3140.657762375553,3053.03294962205,3053.03294962205,667700
2021-01-29 09:00:00+09:00,3112.986328125,3163.7164756944444,3108.374496527778,3112.986328125,423600
2021-02-01 09:00:00+09:00,3085.314697265625,3140.6566649295823,3085.314697265625,3103.762019820277,385200
2021-02-02 09:00:00+09:00,3163.716552734375,3168.3283844439,3080.703581962919,3080.703581962919,376700
2021-02-03 09:00:00+09:00,3228.281982421875,3237.5056452287945,3154.4926799665177,3154.4926799665177,452700
2021-02-04 09:00:00+09:00,3237.505859375,3288.236008168625,3219.0585325409543,3223.670364249466,439000
2021-02-05 09:00:00+09:00,3366.636474609375,3380.4719669707833,3269.788028079516,3283.623520440925,696300
2021-02-08 09:00:00+09:00,3431.20263671875,3454.2617942235806,3380.4724902081234,3394.3079847110216,727900
2021-02-09 09:00:00+09:00,3352.80126953125,3421.9787372657324,3329.742113619756,3408.143243718836,648600
2021-02-10 09:00:00+09:00,3362.025146484375,3394.307966820988,3306.6831687644676,3343.577820577739,419800
2021-02-12 09:00:00+09:00,3362.025146484375,3385.08430386767,3338.96598910108,3366.636977961034,326000
2021-02-15 09:00:00+09:00,3408.1435546875,3431.202712702977,3375.8607334658323,3398.919891481309,330300
2021-02-16 09:00:00+09:00,3389.696044921875,3426.5906957509565,3366.636888153699,3412.755201690051,325400
2021-02-17 09:00:00+09:00,3403.531494140625,3435.8143131907395,3371.2486750905105,3371.2486750905105,315700
2021-02-18 09:00:00+09:00,3426.591064453125,3454.2620555523426,3408.1437370536464,3417.367400753386,377600
2021-02-19 09:00:00+09:00,3315.90673828125,3435.814353295593,3311.2949069345445,3417.367027908771,532000
2021-02-22 09:00:00+09:00,3343.577392578125,3408.1430249865302,3338.9655616918103,3408.1430249865302,263500
2021-02-24 09:00:00+09:00,3311.295166015625,3366.637146506137,3297.459670892997,3352.801651383509,790900
2021-02-25 09:00:00+09:00,3334.3544921875,3371.2491477027143,3297.4598366722857,3371.2491477027143,512700
2021-02-26 09:00:00+09:00,3260.565185546875,3325.130832785427,3251.341521655653,3325.130832785427,853200
2021-03-01 09:00:00+09:00,3265.176513671875,3292.847501075874,3223.6700325658767,3288.2356698418744,373800
2021-03-02 09:00:00+09:00,3251.3408203125,3274.3999750664893,3195.9988489029256,3274.3999750664893,441200
2021-03-03 09:00:00+09:00,3255.953125,3260.564956621813,3214.4466404036825,3260.564956621813,433600
2021-03-04 09:00:00+09:00,3251.3408203125,3255.952651263298,3219.058003656915,3246.728989361702,289500
2021-03-05 09:00:00+09:00,3274.400390625,3274.400390625,3223.670243727993,3251.3412329445423,463400
2021-03-08 09:00:00+09:00,3288.236083984375,3334.3544021328235,3260.5650930953057,3320.518906688289,419700
2021-03-09 09:00:00+09:00,3375.860595703125,3385.084258532915,3306.6831244797004,3334.3541129690702,496200
2021-03-10 09:00:00+09:00,3389.696044921875,3398.9197076291453,3338.9659000318875,3366.636888153699,442700
2021-03-11 09:00:00+09:00,3389.696044921875,3431.202527104592,3366.636888153699,3431.202527104592,501600
2021-03-12 09:00:00+09:00,3362.025146484375,3375.860640914352,3288.235842857832,3371.248809437693,668300
2021-03-15 09:00:00+09:00,3440.426025390625,3440.426025390625,3375.8603895253855,3389.69588292508,544300
2021-03-16 09:00:00+09:00,3454.261474609375,3454.261474609375,3398.919501718437,3412.754994941172,682300
2021-03-17 09:00:00+09:00,3528.051025390625,3528.051025390625,3440.4262286815765,3449.6498914930553,563500
2021-03-18 09:00:00+09:00,3523.43896484375,3569.557275901914,3491.156147103035,3523.43896484375,585400
2021-03-19 09:00:00+09:00,3495.768310546875,3528.051131356675,3458.8736581928183,3528.051131356675,901600
2021-03-22 09:00:00+09:00,3486.544921875,3500.380417596726,3440.426602802579,3454.262098524305,467200
2021-03-23 09:00:00+09:00,3412.755615234375,3491.156757746516,3412.755615234375,3481.9330939215583,443100
2021-03-24 09:00:00+09:00,3306.682861328125,3389.695820189919,3297.45919923237,3380.4721580941637,596000
2021-03-25 09:00:00+09:00,3338.9658203125,3380.47230150423,3325.1303265819233,3362.024976530128,507700
2021-03-26 09:00:00+09:00,3421.978515625,3435.814008275775,3352.8010523711255,3375.860206789084,553100
2021-03-29 09:00:00+09:00,3440.426025390625,3481.932505589708,3412.755038591237,3449.649687657088,1228100
2021-03-30 09:00:00+09:00,3375.4248046875,3435.783157453576,3356.8530038363997,3435.783157453576,580500
2021-03-31 09:00:00+09:00,3291.851318359375,3380.0673621517985,3291.851318359375,3352.209664112086,721000
2021-04-01 09:00:00+09:00,3273.27978515625,3333.6381358045214,3259.350935006649,3301.137485455452,498300
2021-04-02 09:00:00+09:00,3273.27978515625,3324.3522357047873,3268.636835106383,3291.851585355718,251800
2021-04-05 09:00:00+09:00,3291.851318359375,3319.709016399088,3273.279519666233,3291.851318359375,360600
2021-04-06 09:00:00+09:00,3217.564697265625,3301.137806285511,3208.278796263415,3301.137806285511,534500
2021-04-07 09:00:00+09:00,3231.49365234375,3273.2802081930226,3212.921849744073,3250.0654549434266,675600
2021-04-08 09:00:00+09:00,3171.13525390625,3226.8506610027,3171.13525390625,3222.2077104113287,441600
2021-04-09 09:00:00+09:00,3203.6357421875,3236.1363946444744,3171.135089730525,3171.135089730525,442800
2021-04-12 09:00:00+09:00,3231.49365234375,3254.7084055933456,3217.5648003939923,3222.2077510439117,420900
2021-04-13 09:00:00+09:00,3147.9208984375,3203.6363125691373,3147.9208984375,3189.707459036228,603400
2021-04-14 09:00:00+09:00,3129.3486328125,3157.2063357752227,3120.062731824926,3147.9204347876484,454000
2021-04-15 09:00:00+09:00,3161.84912109375,3194.349772852423,3147.9202703400333,3147.9202703400333,472900
2021-04-16 09:00:00+09:00,3161.84912109375,3175.777971847467,3124.705519083838,3152.563220591272,263600
2021-04-19 09:00:00+09:00,3082.918701171875,3175.7776981951242,3082.918701171875,3161.848848641637,443900
2021-04-20 09:00:00+09:00,3055.061279296875,3096.847831749264,3036.4894782069246,3068.990130114338,491900
2021-04-21 09:00:00+09:00,3036.489501953125,3045.7754025707186,2994.7029491739536,3036.489501953125,636200
2021-04-22 09:00:00+09:00,3101.490478515625,3106.133428333762,3031.8462312435677,3050.4180305161162,580500
2021-04-23 09:00:00+09:00,3157.205810546875,3157.205810546875,3059.703866397633,3073.6327155618105,480900
2021-04-26 09:00:00+09:00,3236.13623046875,3240.7791805842003,3147.9201782751975,3194.349679429699,558500
2021-04-27 09:00:00+09:00,3217.564697265625,3226.8505982678344,3180.4210932567867,3217.564697265625,477100
2021-04-28 09:00:00+09:00,3203.6357421875,3240.7793449954706,3171.135089730525,3198.9927918365033,549600
2021-04-30 09:00:00+09:00,3194.349853515625,3222.207555726517,3180.421002410179,3194.349853515625,501000
2021-05-06 09:00:00+09:00,3231.49365234375,3273.2802081930226,3222.2077510439117,3236.136602993669,568200
2021-05-07 09:00:00+09:00,3212.921875,3231.493677745665,3203.635973627168,3231.493677745665,308800
2021-05-10 09:00:00+09:00,3273.27978515625,3282.565685255984,3226.85028465758,3231.493234707447,361000
2021-05-11 09:00:00+09:00,3194.349853515625,3259.351158674373,3189.706903147143,3245.422307568927,442600
2021-05-12 09:00:00+09:00,3133.99169921875,3198.9930085358797,3115.419896556713,3175.7782552083336,535800
2021-05-13 09:00:00+09:00,3068.990234375,3138.6344908282904,3068.990234375,3096.847936956316,535800
2021-05-14 09:00:00+09:00,3115.419921875,3143.277626094449,3092.205168358793,3110.7769711717588,460500
2021-05-17 09:00:00+09:00,3185.064208984375,3194.3501104682946,3115.419947854979,3115.419947854979,434400
2021-05-18 09:00:00+09:00,3198.992919921875,3226.8506231432557,3185.0640683111847,3194.349969384978,406200
2021-05-19 09:00:00+09:00,3138.634521484375,3171.135174813355,3124.705670057669,3161.849273862218,449400
2021-05-20 09:00:00+09:00,3115.419921875,3152.5635275009313,3115.419921875,3133.991724687966,293900
2021-05-21 09:00:00+09:00,3096.84814453125,3129.348799721233,3073.633390824119,3115.4199474969546,417600
2021-05-24 09:00:00+09:00,3092.205322265625,3110.777126002956,3078.2764694626267,3096.848273199958,355400
2021-05-25 09:00:00+09:00,3092.205322265625,3124.705978805954,3078.2764694626267,3110.777126002956,435000
2021-05-26 09:00:00+09:00,3110.77685546875,3120.062756529851,3068.9903006937966,3073.633251224347,440600
2021-05-27 09:00:00+09:00,3078.27587890625,3133.99127942944,3064.3470287754526,3087.5617789934486,1260600
2021-05-28 09:00:00+09:00,3208.27880859375,3240.779462226393,3078.2761940631785,3087.5620951010765,630900
2021-05-31 09:00:00+09:00,3175.778076171875,3268.637084247076,3166.492175364355,3198.992828190675,448100
2021-06-01 09:00:00+09:00,3180.4208984375,3231.493350821168,3157.206147354015,3208.2785997376827,373300
2021-06-02 09:00:00+09:00,3342.924072265625,3352.209972466363,3189.7067189534505,3212.921469455295,792100
2021-06-03 09:00:00+09:00,3370.78173828125,3417.21123880854,3328.995187806689,3328.995187806689,588300
2021-06-04 09:00:00+09:00,3380.068359375,3393.9972125042923,3338.281799987122,3356.853604159512,418700
2021-06-07 09:00:00+09:00,3356.853515625,3370.7823683869296,3310.4240064185683,3347.5676137837136,461500
2021-06-08 09:00:00+09:00,3356.853515625,3370.7823683869296,3333.6387610217844,3342.9246628630704,369200
2021-06-09 09:00:00+09:00,3426.497314453125,3449.7120659060593,3361.4960103849085,3366.1389606754956,434600
2021-06-10 09:00:00+09:00,3421.854248046875,3449.7119488450858,3398.6394973816996,3435.78309844598,371200
2021-06-11 09:00:00+09:00,3370.78173828125,3417.21123880854,3352.209938070334,3417.21123880854,520100
2021-06-14 09:00:00+09:00,3356.853515625,3412.5689266727177,3347.5676137837136,3398.6400739107885,353200
2021-06-15 09:00:00+09:00,3440.42626953125,3468.2839721185474,3403.28266608152,3421.854467806385,614200
2021-06-16 09:00:00+09:00,3407.92529296875,3458.997742863377,3398.6393929879086,3440.4259429016943,360600
2021-06-17 09:00:00+09:00,3398.6396484375,3435.783251152664,3361.496045722336,3389.3537477587092,359700
2021-06-18 09:00:00+09:00,3296.494873046875,3398.6397846060736,3282.5660214706204,3398.6397846060736,1096300
2021-06-21 09:00:00+09:00,3203.6357421875,3250.0652456974635,3189.706891134511,3212.9216428894924,674900
2021-06-22 09:00:00+09:00,3328.9951171875,3342.9239670502093,3263.9938178281905,3268.636767782427,591000
2021-06-23 09:00:00+09:00,3277.923095703125,3338.281452989443,3277.923095703125,3338.281452989443,349700
2021-06-24 09:00:00+09:00,3217.564697265625,3245.4224002722535,3217.564697265625,3240.779449771149,355700
2021-06-25 09:00:00+09:00,3245.42236328125,3277.923016418544,3231.4935119366955,3263.9941650739897,395300
2021-06-28 09:00:00+09:00,3245.42236328125,3268.6371155221746,3240.779412833065,3254.70826417762,322400
2021-06-29 09:00:00+09:00,3222.207763671875,3231.4936650081054,3189.7071089950696,3208.27891166753,623100
2021-06-30 09:00:00+09:00,3180.4208984375,3268.6369525547448,3180.4208984375,3254.708101904653,454500
2021-07-01 09:00:00+09:00,3166.492431640625,3208.2789886564105,3161.849480861093,3194.350136317815,374700
2021-07-02 09:00:00+09:00,3189.706787109375,3240.7792393047216,3189.706787109375,3203.635637708106,495400
2021-07-05 09:00:00+09:00,3203.6357421875,3203.6357421875,3175.7780400815213,3175.7780400815213,403500
2021-07-06 09:00:00+09:00,3245.42236328125,3263.9941650739897,3203.6358092475857,3222.2076110403254,374900
2021-07-07 09:00:00+09:00,3259.351318359375,3296.494923127003,3194.3500100160254,3203.6359112079326,613400
2021-07-08 09:00:00+09:00,3226.8505859375,3254.70828883768,3208.278784004047,3208.278784004047,479000
2021-07-09 09:00:00+09:00,3226.8505859375,3245.4223878709536,3147.920427720324,3175.778130620504,756800
2021-07-12 09:00:00+09:00,3254.7080078125,3296.494558554743,3245.422107647557,3291.851608472272,443600
2021-07-13 09:00:00+09:00,3226.8505859375,3287.208942221223,3222.207635454137,3268.63714028777,316700
2021-07-14 09:00:00+09:00,3226.8505859375,3259.351239321043,3208.278784004047,3240.77943738759,394000
2021-07-15 09:00:00+09:00,3161.84912109375,3208.27862360614,3157.2061708425113,3208.27862360614,383700
2021-07-16 09:00:00+09:00,3133.99169921875,3189.707107204861,3133.99169921875,3152.563501880787,369400
2021-07-19 09:00:00+09:00,3092.205322265625,3129.348929740287,3078.2764694626267,3115.4200769372887,421700
2021-07-20 09:00:00+09:00,3064.347412109375,3101.4910171046404,3036.489708362926,3064.347412109375,549000
2021-07-21 09:00:00+09:00,3092.205322265625,3124.705978805954,3068.9905675939613,3096.848273199958,415100
2021-07-26 09:00:00+09:00,3129.3486328125,3152.5633852814353,3115.419781331139,3147.9204347876484,365600
2021-07-27 09:00:00+09:00,3194.349853515625,3194.349853515625,3147.9203498308048,3171.1351016732146,405600
2021-07-28 09:00:00+09:00,3161.84912109375,3175.777971847467,3152.563220591272,3157.2061708425113,282100
2021-07-29 09:00:00+09:00,3087.561767578125,3175.777818080357,3073.632917498825,3166.4919180274906,415200
2021-07-30 09:00:00+09:00,2994.703125,3064.3473837209303,2994.703125,3050.418531976744,931400
2021-08-02 09:00:00+09:00,3073.633544921875,3115.4201036896948,3027.204035179853,3064.3476429734706,638700
2021-08-03 09:00:00+09:00,3031.84619140625,3087.5615884918166,3017.9173421348582,3050.417990434772,614500
2021-08-04 09:00:00+09:00,2994.703125,3031.8467296511626,2994.703125,3017.9178779069766,383700
2021-08-05 09:00:00+09:00,3017.917724609375,3017.917724609375,2957.5593701171874,2966.845270808293,392000
2021-08-06 09:00:00+09:00,3036.489501953125,3050.4183528795156,3008.6318001003438,3022.5606510267344,291500
2021-08-10 09:00:00+09:00,3050.418701171875,3087.5623078832523,3036.4898486551083,3036.4898486551083,418600
2021-08-11 09:00:00+09:00,3110.77685546875,3124.705707060401,3092.2050533465485,3101.4909544076495,649000
2021-08-12 09:00:00+09:00,3073.633544921875,3143.277809534908,3073.633544921875,3138.634858560706,284300
2021-08-13 09:00:00+09:00,3059.704345703125,3068.9902466005547,3045.7754943569803,3059.704345703125,247100
2021-08-16 09:00:00+09:00,3031.84619140625,3045.7750406776418,3003.9884928634665,3031.84619140625,371300
2021-08-17 09:00:00+09:00,3022.560791015625,3059.704395206293,3017.9178404917916,3050.4184941586263,298100
2021-08-18 09:00:00+09:00,3017.917724609375,3050.4183770282452,3017.917724609375,3036.4895259915866,315400
2021-08-19 09:00:00+09:00,2994.703125,3017.9178779069766,2985.4172238372093,3003.9890261627907,336800
2021-08-20 09:00:00+09:00,3031.84619140625,3050.417990434772,2990.0596435920747,2990.0596435920747,389300
2021-08-23 09:00:00+09:00,3078.27587890625,3092.2047290370474,3041.1322785574566,3050.418178644655,369700
2021-08-24 09:00:00+09:00,3101.490478515625,3110.7763781518993,3078.275729424939,3087.5616290612134,566600
2021-08-25 09:00:00+09:00,3120.0625,3152.5631510416665,3110.7765997023807,3120.0625,347400
2021-08-26 09:00:00+09:00,3138.634521484375,3152.5633729110805,3124.705670057669,3138.634521484375,312900
2021-08-27 09:00:00+09:00,3110.77685546875,3133.991608121502,3096.848003877099,3120.062756529851,289900
2021-08-30 09:00:00+09:00,3096.84814453125,3152.563553428364,3096.84814453125,3152.563553428364,675300
2021-08-31 09:00:00+09:00,3059.704345703125,3082.9190979466994,3017.917791664691,3055.06139525441,892200
2021-09-01 09:00:00+09:00,3064.347412109375,3092.2051158558243,3041.1326589873343,3064.347412109375,444500
2021-09-02 09:00:00+09:00,3101.490478515625,3106.133428333762,3003.9885323347444,3059.7039301523905,1011900
2021-09-03 09:00:00+09:00,3143.27734375,3157.206194608567,3092.20489060192,3120.0625923190546,583300
2021-09-06 09:00:00+09:00,3138.634521484375,3175.7781252889235,3115.419769106532,3171.135174813355,361600
2021-09-07 09:00:00+09:00,3222.207763671875,3236.1366156762206,3161.849404986379,3189.7071089950696,581300
2021-09-08 09:00:00+09:00,3245.42236328125,3259.351214625805,3217.5646605921406,3231.4935119366955,487800
2021-09-09 09:00:00+09:00,3212.921875,3268.6372832369943,3208.278924313584,3226.8507270592486,401900
2021-09-10 09:00:00+09:00,3240.779296875,3263.9940482852794,3212.9215951826645,3212.9215951826645,610000
2021-09-13 09:00:00+09:00,3226.8505859375,3240.77943738759,3198.99288303732,3240.77943738759,355300
2021-09-14 09:00:00+09:00,3245.42236328125,3245.42236328125,3212.921710143956,3240.779412833065,458900
2021-09-15 09:00:00+09:00,3171.13525390625,3208.2788586372167,3161.8493527235087,3203.6359080458456,359300
2021-09-16 09:00:00+09:00,3194.349853515625,3194.349853515625,3161.849200936251,3194.349853515625,466900
2021-09-17 09:00:00+09:00,3245.42236328125,3259.351214625805,3180.421057006661,3212.921710143956,900000
2021-09-21 09:00:00+09:00,3268.636962890625,3277.922863353382,3208.2786098827014,3222.2074605768375,558500
2021-09-22 09:00:00+09:00,3226.8505859375,3268.63714028777,3217.5646849707737,3268.63714028777,393000
2021-09-24 09:00:00+09:00,3291.851318359375,3296.494268032661,3254.707720973092,3291.851318359375,576100
2021-09-27 09:00:00+09:00,3328.9951171875,3370.7816667756274,3315.0662673247907,3315.0662673247907,711300
2021-09-28 09:00:00+09:00,3277.923095703125,3338.281452989443,3273.280145142639,3333.638502428957,1063000
2021-09-29 09:00:00+09:00,3240.514404296875,3282.5990069500813,3203.1058686051365,3240.514404296875,909900
2021-09-30 09:00:00+09:00,3301.303466796875,3315.331668497145,3240.5145927623716,3254.5427944626417,693500
2021-10-01 09:00:00+09:00,3189.077880859375,3268.57102451716,3151.669342667476,3268.57102451716,712900
2021-10-04 09:00:00+09:00,3315.331298828125,3320.0073655401534,3263.8945649958127,3273.2466984198695,799200
2021-10-05 09:00:00+09:00,3245.1904296875,3320.0075001125724,3221.810095179665,3305.979299407871,616000
2021-10-06 09:00:00+09:00,3189.077880859375,3249.8667554212107,3179.7257463114,3245.190688147223,670800
2021-10-07 09:00:00+09:00,3132.96533203125,3193.754211607976,3132.96533203125,3193.754211607976,649200
2021-10-08 09:00:00+09:00,3179.7255859375,3235.8383903952204,3146.9931166704964,3146.9931166704964,777200
2021-10-11 09:00:00+09:00,3221.81005859375,3221.81005859375,3161.021189563679,3165.697256412146,429100
2021-10-12 09:00:00+09:00,3179.7255859375,3207.7819881663604,3151.6691837086396,3203.105921128217,513300
2021-10-13 09:00:00+09:00,3142.31689453125,3179.725428989955,3132.9647609165736,3165.697228567941,516900
2021-10-14 09:00:00+09:00,3179.7255859375,3179.7255859375,3109.584580365349,3137.6409825942096,473000
2021-10-15 09:00:00+09:00,3207.7822265625,3207.7822265625,3179.725822248542,3189.0779570198615,466500
2021-10-18 09:00:00+09:00,3175.0498046875,3217.1344118188513,3151.669467392305,3203.106209441734,467000
2021-10-19 09:00:00+09:00,3170.37353515625,3184.4017366392422,3146.9931993512632,3170.37353515625,299700
2021-10-20 09:00:00+09:00,3249.86669921875,3254.54276641187,3165.6974897425807,3175.049624128822,719100
2021-10-21 09:00:00+09:00,3245.1904296875,3273.246831096902,3217.134028278098,3240.5143627859334,462500
2021-10-22 09:00:00+09:00,3259.218505859375,3263.8945725822723,3198.429638461711,3203.105705184608,533600
2021-10-25 09:00:00+09:00,3263.89453125,3296.626997895774,3240.5141979315904,3254.542397922636,544900
2021-10-26 09:00:00+09:00,3277.923095703125,3301.3034316211215,3249.866692601529,3273.2470285195254,507700
2021-10-27 09:00:00+09:00,3287.275146484375,3301.3033476784763,3254.542677031472,3301.3033476784763,609300
2021-10-28 09:00:00+09:00,3291.950927734375,3310.6551943692293,3231.1620611710982,3259.2184611233797,2127600
2021-10-29 09:00:00+09:00,3296.626953125,3310.655152925532,3245.1902205230494,3268.5705535239363,524600
2021-11-01 09:00:00+09:00,3436.909423828125,3436.909423828125,3287.275272042411,3315.3316755022324,861500
2021-11-02 09:00:00+09:00,3446.260986328125,3446.260986328125,3399.5003216561017,3404.1763881233037,626100
2021-11-04 09:00:00+09:00,3516.40234375,3525.754477642952,3460.2895403922876,3469.6416742852393,738800
2021-11-05 09:00:00+09:00,3432.2333984375,3497.69834064203,3413.5291292362053,3497.69834064203,541200
2021-11-08 09:00:00+09:00,3432.2333984375,3511.7265425430005,3413.5291292362053,3493.0222733417063,505100
2021-11-09 09:00:00+09:00,3390.148681640625,3436.9093531115304,3385.472614493535,3432.23328596444,310900
2021-11-10 09:00:00+09:00,3338.7119140625,3408.8529206604517,3315.331578529849,3390.148652234331,376700
2021-11-11 09:00:00+09:00,3334.035888671875,3357.4162244970635,3310.6555528466865,3329.3598215068373,402300
2021-11-12 09:00:00+09:00,3362.092041015625,3394.824508730659,3320.007439667724,3334.0356401170247,505000
2021-11-15 09:00:00+09:00,3357.416259765625,3404.1769319072077,3343.38805812315,3385.4726630505747,309000
2021-11-16 09:00:00+09:00,3334.035888671875,3390.1486946523273,3324.6837543417996,3376.1204931572142,314200
2021-11-17 09:00:00+09:00,3305.979736328125,3324.684006406361,3287.2754662498896,3320.0079388868016,272800
2021-11-18 09:00:00+09:00,3315.331298828125,3329.35949896421,3277.922765131898,3296.6270319800115,351200
2021-11-19 09:00:00+09:00,3282.599365234375,3310.655770065438,3282.599365234375,3282.599365234375,392400
2021-11-22 09:00:00+09:00,3310.655517578125,3324.683718923795,3254.542712195445,3277.9230477715614,401400
2021-11-24 09:00:00+09:00,3301.303466796875,3352.740206364532,3268.5709961629113,3343.3880718976848,348500
2021-11-25 09:00:00+09:00,3352.739990234375,3357.4160571663615,3277.9229193225897,3301.3032539825226,234100
2021-11-26 09:00:00+09:00,3273.246826171875,3334.0356958007815,3273.246826171875,3334.0356958007815,437900
2021-11-29 09:00:00+09:00,3095.55615234375,3203.105686337566,3090.8800856483667,3193.7535529467996,776600
2021-11-30 09:00:00+09:00,3146.992919921875,3212.457854363043,3123.6125861928863,3132.9647196844817,2230500
2021-12-01 09:00:00+09:00,3128.28857421875,3175.0492405000464,3100.232174449972,3114.2603743343607,531500
2021-12-02 09:00:00+09:00,3081.5283203125,3114.260791089719,3062.824051296946,3095.5565220741655,683500
2021-12-03 09:00:00+09:00,3184.40185546875,3189.07792280424,3095.5565760944387,3109.584778100909,524100
2021-12-06 09:00:00+09:00,3170.37353515625,3221.8102739272217,3156.3453336732578,3203.106005283232,457700
2021-12-07 09:00:00+09:00,3277.923095703125,3287.2752300703237,3198.4299535819364,3217.1342223163338,556300
2021-12-08 09:00:00+09:00,3245.1904296875,3273.246831096902,3235.8382958843663,3268.570764195335,375000
2021-12-09 09:00:00+09:00,3198.429443359375,3245.190107735974,3198.429443359375,3221.8097755476742,446400
2021-12-10 09:00:00+09:00,3189.077880859375,3207.7821499553243,3175.0496790374127,3198.4300154073494,457300
2021-12-13 09:00:00+09:00,3179.7255859375,3221.8101892807904,3175.0495188993564,3198.4298540900736,386300
2021-12-14 09:00:00+09:00,3132.96533203125,3170.373873309235,3128.2892643715018,3142.3174673507465,498400
2021-12-15 09:00:00+09:00,3128.28857421875,3151.668907359398,3081.527907937453,3090.8800411937123,414000
2021-12-16 09:00:00+09:00,3231.162353515625,3231.162353515625,3184.4016826977436,3217.1341522702605,434900
2021-12-17 09:00:00+09:00,3165.697265625,3226.4861348319796,3161.021198762925,3221.810067969904,539300
2021-12-20 09:00:00+09:00,3123.613037109375,3142.317306792665,3100.2327000052633,3100.2327000052633,338000
2021-12-21 09:00:00+09:00,3156.34521484375,3189.0776837384255,3142.3170138888886,3170.373415798611,362000
2021-12-22 09:00:00+09:00,3132.96533203125,3184.4020762884793,3128.2892643715018,3175.0499409689833,321100
2021-12-23 09:00:00+09:00,3151.66943359375,3165.6976358204283,3137.641231367071,3161.0215684115356,351000
2021-12-24 09:00:00+09:00,3118.936767578125,3179.725640109633,3118.936767578125,3179.725640109633,243000
2021-12-27 09:00:00+09:00,3090.880126953125,3118.9365275003543,3090.880126953125,3109.5843939846113,302800
2021-12-28 09:00:00+09:00,3086.204345703125,3114.2607488458807,3072.176144131747,3109.5846816554213,470700
2021-12-29 09:00:00+09:00,3095.55615234375,3114.260419125283,3086.2040189529835,3100.2322190391333,413700
2021-12-30 09:00:00+09:00,3053.471435546875,3086.203901165295,3039.443235996124,3072.1757016145434,631900
2022-01-04 09:00:00+09:00,3067.499755859375,3086.204022663396,3034.767288952339,3081.5279559623905,488500
2022-01-05 09:00:00+09:00,3142.31689453125,3146.992961338588,3062.823758806501,3095.556226457868,736400
2022-01-06 09:00:00+09:00,3062.823974609375,3118.9367802510737,3062.823974609375,3104.908578840649,497100
2022-01-07 09:00:00+09:00,3030.091552734375,3081.5282920554832,3025.415485523365,3058.147956000434,597600
2022-01-11 09:00:00+09:00,3030.091552734375,3090.8804264775026,3002.035149468316,3081.5282920554832,622600
2022-01-12 09:00:00+09:00,3090.880126953125,3100.232260468868,3044.119459374409,3048.7955261322804,425900
2022-01-13 09:00:00+09:00,3020.739501953125,3067.5001753579722,3020.739501953125,3067.5001753579722,403600
2022-01-14 09:00:00+09:00,3034.767578125,3039.4436452715718,3006.71117524557,3030.0915109784282,424400
2022-01-17 09:00:00+09:00,3048.7958984375,3072.1762350819595,3039.4437637797164,3039.4437637797164,273600
2022-01-18 09:00:00+09:00,3048.7958984375,3086.204437068635,3044.119831108608,3058.148033095284,445400
2022-01-19 09:00:00+09:00,3025.41552734375,3058.1479982732803,3016.0633927924555,3016.0633927924555,535300
2022-01-20 09:00:00+09:00,3058.14794921875,3072.176150820671,3002.0351428110666,3006.7112100117065,450500
2022-01-21 09:00:00+09:00,3095.55615234375,3104.9082857345165,3030.0912186083838,3030.0912186083838,405700
2022-01-24 09:00:00+09:00,3104.908447265625,3123.612715020237,3081.5281125723595,3109.584514204278,507900
2022-01-25 09:00:00+09:00,3128.28857421875,3128.28857421875,3067.4997080530643,3114.2603743343607,631400
2022-01-26 09:00:00+09:00,3072.17626953125,3137.6412128698153,3072.17626953125,3118.936943344511,492700
2022-01-27 09:00:00+09:00,3053.471435546875,3086.203901165295,3020.7389699284554,3081.527834648378,666100
2022-01-28 09:00:00+09:00,3109.58447265625,3118.9366064086,3076.852004523026,3081.528071399201,529700
2022-01-31 09:00:00+09:00,3114.2607421875,3114.2607421875,3044.119734480574,3053.471868841498,795700
2022-02-01 09:00:00+09:00,3245.1904296875,3254.542563490634,3100.232355738923,3123.612690246758,1117100
2022-02-02 09:00:00+09:00,3207.7822265625,3245.190765647777,3184.401889634202,3235.8386308764575,719400
2022-02-03 09:00:00+09:00,3193.75390625,3240.514578376647,3165.697502974012,3179.7257046120058,657000
2022-02-04 09:00:00+09:00,3249.86669921875,3254.54276641187,3165.6974897425807,3189.0778257081834,557000
2022-02-07 09:00:00+09:00,3226.486572265625,3235.8387072576993,3189.0780322973283,3207.7823022814764,378000
2022-02-08 09:00:00+09:00,3320.007568359375,3324.6836353570643,3245.1904963963466,3245.1904963963466,633200
2022-02-09 09:00:00+09:00,3282.599365234375,3343.388242368345,3254.542960403312,3343.388242368345,508700
2022-02-10 09:00:00+09:00,3320.007568359375,3324.6836353570643,3291.951166373239,3305.979367366307,544200
2022-02-14 09:00:00+09:00,3324.68359375,3329.35966068917,3277.922924358298,3282.5989912974683,519700
2022-02-15 09:00:00+09:00,3315.331298828125,3343.3876991002953,3296.6270319800115,3334.0355656762385,540400
2022-02-16 09:00:00+09:00,3357.416259765625,3362.092326979783,3334.035923694834,3357.416259765625,524300
2022-02-17 09:00:00+09:00,3366.7685546875,3390.1488918728296,3315.331812879774,3348.064284939236,639400
2022-02-18 09:00:00+09:00,3334.035888671875,3376.1204931572142,3320.007687176762,3338.7119558369127,507700
2022-02-21 09:00:00+09:00,3282.599365234375,3287.275432706219,3249.866892931468,3277.923297762531,366200
2022-02-22 09:00:00+09:00,3217.134033203125,3249.866501564203,3203.1058324769488,3235.838300838027,434900
2022-02-24 09:00:00+09:00,3179.7255859375,3203.105921128217,3128.288848517923,3179.7255859375,620500
2022-02-25 09:00:00+09:00,3207.7822265625,3221.8104287194788,3184.401889634202,3193.754024405521,360700
2022-02-28 09:00:00+09:00,3212.4580078125,3245.1904765966156,3161.0212711517465,3231.1622756891375,1036500
2022-03-01 09:00:00+09:00,3231.162353515625,3259.218756006354,3198.429883943108,3249.866621842778,439600
2022-03-02 09:00:00+09:00,3179.7255859375,3203.105921128217,3151.6691837086396,3165.6973848230696,558400
2022-03-03 09:00:00+09:00,3249.86669921875,3277.923102377473,3193.753892901304,3217.134228866906,427400
2022-03-04 09:00:00+09:00,3226.486572265625,3249.866909745811,3207.7823022814764,3217.1344372735507,590800
2022-03-07 09:00:00+09:00,3151.66943359375,3203.1061750915705,3114.2608943226073,3189.077972864892,819400
2022-03-08 09:00:00+09:00,3151.66943359375,3198.4301076826778,3100.232692095929,3104.908759504822,682400
2022-03-09 09:00:00+09:00,3100.232421875,3193.753761901395,3090.8802878723604,3170.3734268947965,644400
2022-03-10 09:00:00+09:00,3198.429443359375,3198.429443359375,3146.992712545116,3165.6969782957553,608300
2022-03-11 09:00:00+09:00,3217.134033203125,3231.1622339293017,3179.725497933321,3184.401564842047,779400
2022-03-14 09:00:00+09:00,3291.950927734375,3310.6551943692293,3249.8663278059526,3259.2184611233797,572000
2022-03-15 09:00:00+09:00,3324.68359375,3334.0357276283403,3291.9511251758086,3301.303259054149,496100
2022-03-16 09:00:00+09:00,3348.063720703125,3380.796187246312,3343.387654054098,3352.739787352152,666400
2022-03-17 09:00:00+09:00,3362.092041015625,3418.204842812826,3329.3595733005914,3413.5287759963926,696000
2022-03-18 09:00:00+09:00,3334.035888671875,3352.740157332026,3315.331620011724,3329.3598215068373,814100
2022-03-22 09:00:00+09:00,3348.063720703125,3362.0919206502053,3301.303054212858,3362.0919206502053,623500
2022-03-23 09:00:00+09:00,3441.58544921875,3446.2615164051886,3362.092307049295,3366.7683742357335,588600
2022-03-24 09:00:00+09:00,3483.669921875,3483.669921875,3413.5289167365772,3413.5289167365772,548600
2022-03-25 09:00:00+09:00,3469.641845703125,3488.346114413115,3460.2897113481304,3488.346114413115,408800
2022-03-28 09:00:00+09:00,3474.31787109375,3493.022139578777,3446.2614683662096,3493.022139578777,483800
2022-03-29 09:00:00+09:00,3413.528564453125,3493.021695406143,3394.8242983465325,3493.021695406143,961800
2022-03-30 09:00:00+09:00,3389.9873046875,3418.237198893229,3352.320779079861,3380.57067328559,711300
2022-03-31 09:00:00+09:00,3338.19580078125,3399.403904321668,3333.487485124295,3333.487485124295,482400
2022-04-01 09:00:00+09:00,3309.94580078125,3309.94580078125,3262.8626457203504,3272.2792767325304,510700
2022-04-04 09:00:00+09:00,3295.821044921875,3319.3626238141737,3253.4462029157366,3305.2376764787946,376500
2022-04-05 09:00:00+09:00,3305.237548828125,3328.7791268112314,3286.40428644164,3309.9458644247466,547000
2022-04-06 09:00:00+09:00,3258.154541015625,3314.6543307442194,3253.446225204909,3286.4044358799224,479100
2022-04-07 09:00:00+09:00,3182.8212890625,3225.196128709782,3168.6963425134063,3215.7794976770524,489700
2022-04-08 09:00:00+09:00,3187.52978515625,3201.6547325055394,3163.9882062407682,3192.2381009393466,535200
2022-04-11 09:00:00+09:00,3182.8212890625,3187.5296045788646,3159.2797114806767,3159.2797114806767,347600
2022-04-12 09:00:00+09:00,3149.86328125,3192.238123598655,3140.4466496169657,3154.5715970665174,410100
2022-04-13 09:00:00+09:00,3211.071044921875,3211.071044921875,3145.154630509989,3145.154630509989,467300
2022-04-14 09:00:00+09:00,3305.237548828125,3314.6541800213677,3229.904499282185,3229.904499282185,418700
2022-04-15 09:00:00+09:00,3314.654296875,3328.77924416282,3291.1127180619674,3305.2376653497868,257100
2022-04-18 09:00:00+09:00,3305.237548828125,3309.9458644247466,3262.8627084585337,3276.9876552483975,283400
2022-04-19 09:00:00+09:00,3276.98779296875,3324.070950913703,3262.862845585264,3324.070950913703,346100
2022-04-20 09:00:00+09:00,3291.11279296875,3314.6543723175964,3258.1545818803647,3314.6543723175964,335200
2022-04-21 09:00:00+09:00,3281.696044921875,3314.6542548421808,3276.987729218974,3300.529307733478,309500
2022-04-22 09:00:00+09:00,3281.696044921875,3291.1126763276766,3225.196256487065,3248.7378350015692,439600
2022-04-25 09:00:00+09:00,3258.154541015625,3276.9878042584896,3225.1963303406114,3239.32127777276,368300
2022-04-26 09:00:00+09:00,3272.279541015625,3286.4044886746856,3258.154593356565,3276.9878569019784,328800
2022-04-27 09:00:00+09:00,3220.487548828125,3286.4039606462447,3215.7792336982593,3229.9041790878564,554400
2022-04-28 09:00:00+09:00,3234.61279296875,3248.7377396629367,3215.7795307098345,3244.029424098208,534000
2022-05-02 09:00:00+09:00,3272.279541015625,3281.6961727883318,3229.904698038444,3253.4462774702115,487600
2022-05-06 09:00:00+09:00,3357.029052734375,3371.153999660326,3258.1544242527175,3267.571055536685,594000
2022-05-09 09:00:00+09:00,3258.154541015625,3319.362646554936,3253.446225204909,3305.237699122787,380100
2022-05-10 09:00:00+09:00,3229.904541015625,3239.3211723305394,3201.6546470708818,3234.612856673082,506300
2022-05-11 09:00:00+09:00,3206.362548828125,3234.61243912617,3192.2376036791024,3220.4874939771476,493700
2022-05-12 09:00:00+09:00,3220.487548828125,3225.1958639579907,3178.112712659334,3201.654288308662,379400
2022-05-13 09:00:00+09:00,3286.404541015625,3295.8211729383056,3225.1964335181992,3229.9047494795395,654200
2022-05-16 09:00:00+09:00,3258.154541015625,3333.4875939870844,3239.32127777276,3333.4875939870844,458500
2022-05-17 09:00:00+09:00,3295.821044921875,3300.5293607003346,3258.154518694196,3258.154518694196,309000
2022-05-18 09:00:00+09:00,3281.696044921875,3295.8209920305776,3262.862782110272,3286.4043606247756,439200
2022-05-19 09:00:00+09:00,3267.571044921875,3276.987676175252,3211.071257401612,3215.7795730283005,372200
2022-05-20 09:00:00+09:00,3305.237548828125,3314.6541800213677,3272.2793396517764,3291.1126020382612,446900
2022-05-23 09:00:00+09:00,3338.19580078125,3352.3207477521155,3319.3625381534293,3347.6124320951603,431300
2022-05-24 09:00:00+09:00,3211.071044921875,3328.778927800243,3201.6544142916055,3328.778927800243,769400
2022-05-25 09:00:00+09:00,3211.071044921875,3239.320936812683,3201.6544142916055,3211.071044921875,466300
2022-05-26 09:00:00+09:00,3258.154541015625,3300.529383312071,3206.3630670977464,3206.3630670977464,560700
2022-05-27 09:00:00+09:00,3239.32080078125,3295.820582190225,3220.4875403115916,3295.820582190225,409500
2022-05-30 09:00:00+09:00,3244.029541015625,3281.696066890988,3244.029541015625,3272.2794354221473,492300
2022-05-31 09:00:00+09:00,3253.446044921875,3286.404253770577,3229.904467172802,3258.1543604716894,1974800
2022-06-01 09:00:00+09:00,3319.362548828125,3324.070864500222,3239.3211824024825,3244.029498074579,538700
2022-06-02 09:00:00+09:00,3295.821044921875,3314.654308035714,3276.9877818080354,3305.2376764787946,406700
2022-06-03 09:00:00+09:00,3295.821044921875,3342.904202706473,3281.6960975864954,3342.904202706473,384000
2022-06-06 09:00:00+09:00,3361.737548828125,3361.737548828125,3276.987862723214,3281.6961786179318,451100
2022-06-07 09:00:00+09:00,3333.48779296875,3357.0293734275688,3314.654528601695,3357.0293734275688,440000
2022-06-08 09:00:00+09:00,3441.77880859375,3493.5702817736833,3422.9455456192286,3437.0704928501195,956600
2022-06-09 09:00:00+09:00,3432.362060546875,3451.1953228818375,3404.1121670444318,3418.2371137956534,522400
2022-06-10 09:00:00+09:00,3404.1123046875,3441.778830880446,3389.9873573651453,3427.6538835580914,656200
2022-06-13 09:00:00+09:00,3380.57080078125,3404.1123801738768,3352.3209055100974,3357.029221388623,357600
2022-06-14 09:00:00+09:00,3338.19580078125,3361.7373790660263,3309.9459068395186,3314.654222496474,559500
2022-06-15 09:00:00+09:00,3300.529541015625,3352.321017408167,3300.529541015625,3328.7794372297385,481800
2022-06-16 09:00:00+09:00,3328.779296875,3371.154139409477,3305.2377176891796,3314.654349363508,448700
2022-06-17 09:00:00+09:00,3333.48779296875,3357.0293734275688,3258.1547355005296,3262.8630515922932,998700
2022-06-20 09:00:00+09:00,3328.779296875,3380.570771083805,3324.070981037836,3366.4458235723127,492100
2022-06-21 09:00:00+09:00,3432.362060546875,3441.7786917143562,3366.4456423745073,3371.1539579582477,666900
2022-06-22 09:00:00+09:00,3455.90380859375,3474.7370718558414,3422.94559788509,3437.0705453316586,519200
2022-06-23 09:00:00+09:00,3488.86181640625,3531.2366562816296,3470.028554239415,3484.1535008645415,523100
2022-06-24 09:00:00+09:00,3460.61181640625,3498.2783395780184,3437.0702394238947,3498.2783395780184,477300
2022-06-27 09:00:00+09:00,3413.528564453125,3484.153293372845,3394.6953034078665,3484.153293372845,495400
2022-06-28 09:00:00+09:00,3488.86181640625,3493.570131947959,3437.070345447453,3446.4869765308704,676000
2022-06-29 09:00:00+09:00,3493.5703125,3521.8202072102426,3465.3204177897574,3488.8619967149593,702500
2022-06-30 09:00:00+09:00,3484.153564453125,3512.403458218961,3455.9036706872885,3498.278511336043,539400
2022-07-01 09:00:00+09:00,3470.02880859375,3507.6953356883905,3455.90386093326,3488.8620721410703,523200
2022-07-04 09:00:00+09:00,3474.737060546875,3540.6534817496613,3446.487165745681,3507.695271148268,411400
2022-07-05 09:00:00+09:00,3451.1953125,3474.7368903478855,3422.9454190825377,3474.7368903478855,392700
2022-07-06 09:00:00+09:00,3385.27880859375,3451.195224894602,3361.7372313434457,3432.3619630943585,495900
2022-07-07 09:00:00+09:00,3380.57080078125,3418.2373278094533,3328.77932611747,3408.820696052402,569000
2022-07-08 09:00:00+09:00,3385.27880859375,3404.1120703939932,3352.320600443324,3375.862177693628,693500
2022-07-11 09:00:00+09:00,3474.737060546875,3484.153692147273,3404.11232354389,3427.653902544885,507200
2022-07-12 09:00:00+09:00,3422.945556640625,3465.3203984697384,3394.6956620878823,3465.3203984697384,393300
2022-07-13 09:00:00+09:00,3422.945556640625,3455.9037669521576,3413.5289251230442,3441.7788196757865,349500
2022-07-14 09:00:00+09:00,3427.65380859375,3437.0704399360407,3380.5706518822976,3422.945492922605,370600
2022-07-15 09:00:00+09:00,3474.737060546875,3479.445376347074,3418.2372709444867,3432.362218345084,463500
2022-07-19 09:00:00+09:00,3460.61181640625,3507.6949703709606,3427.6536086309525,3493.5700241815475,483500
2022-07-20 09:00:00+09:00,3498.278564453125,3512.403511550513,3474.736985957478,3498.278564453125,460900
2022-07-21 09:00:00+09:00,3502.98681640625,3512.4034476331485,3474.7369227255545,3474.7369227255545,431000
2022-07-22 09:00:00+09:00,3484.153564453125,3488.861880080764,3446.48703943201,3460.611986314928,396700
2022-07-25 09:00:00+09:00,3554.7783203125,3554.7783203125,3474.736954159768,3479.445269815811,504000
2022-07-26 09:00:00+09:00,3545.362060546875,3587.7369058920567,3535.9454282479455,3564.1953251447335,357200
2022-07-27 09:00:00+09:00,3587.73681640625,3606.5700805343668,3550.0702881500165,3550.0702881500165,388500
2022-07-28 09:00:00+09:00,3597.1533203125,3611.2782679053503,3568.9034251268,3606.569952041067,429400
2022-07-29 09:00:00+09:00,3620.6943359375,3620.6943359375,3578.319499756177,3583.027814887435,386300
2022-08-01 09:00:00+09:00,3714.861083984375,3714.861083984375,3601.8615072852303,3634.819717155814,566200
2022-08-02 09:00:00+09:00,3700.736328125,3728.9862237595416,3677.1947484295483,3719.5695918813612,570500
2022-08-03 09:00:00+09:00,3700.736328125,3780.7776990895354,3672.486432490458,3761.944435333174,690600
2022-08-04 09:00:00+09:00,3738.40283203125,3790.1943070342018,3724.2778843031724,3780.777675215483,758300
2022-08-05 09:00:00+09:00,3818.44384765625,3827.8604785999155,3719.5692227477653,3724.277538219598,846500
2022-08-08 09:00:00+09:00,3818.44384765625,3832.568794071748,3780.7773238815894,3799.6105857689195,547000
2022-08-09 09:00:00+09:00,3809.02734375,3851.402184409765,3790.194081234549,3823.1522906365885,569200
2022-08-10 09:00:00+09:00,3804.31884765625,3818.4437938727956,3752.5273781955834,3818.4437938727956,410900
2022-08-12 09:00:00+09:00,3889.06884765625,3907.902110841026,3794.90253173237,3823.152426509534,743000
2022-08-15 09:00:00+09:00,3856.11083984375,3884.360736106342,3827.8609435811586,3884.360736106342,393400
2022-08-16 09:00:00+09:00,3851.402587890625,3856.1109040127403,3813.7360589136993,3856.1109040127403,434600
2022-08-17 09:00:00+09:00,3898.4853515625,3922.0269297724185,3841.985563858696,3898.4853515625,565100
2022-08-18 09:00:00+09:00,3898.4853515625,3931.443561056386,3870.235457710598,3889.0687202785325,343800
2022-08-19 09:00:00+09:00,3912.610107421875,3912.610107421875,3884.3602149495146,3912.610107421875,307900
2022-08-22 09:00:00+09:00,3889.06884765625,3912.6104266372204,3865.52726867528,3893.7771634524443,279800
2022-08-23 09:00:00+09:00,3898.4853515625,3898.4853515625,3851.402195142663,3879.6520889945655,352300
2022-08-24 09:00:00+09:00,3860.81884765625,3889.068741663491,3823.152322313262,3884.3604259956173,461500
2022-08-25 09:00:00+09:00,3832.569091796875,3841.9857234720516,3780.7776175834038,3837.277407634463,444800
2022-08-26 09:00:00+09:00,3813.73583984375,3856.110682508681,3809.027523992091,3823.1524715470678,408900
2022-08-29 09:00:00+09:00,3804.31884765625,3818.4437938727956,3757.2356936010983,3766.652324412129,496300
2022-08-30 09:00:00+09:00,3893.777099609375,3936.1519410803353,3851.4022581384143,3860.8188895764056,2324800
2022-08-31 09:00:00+09:00,3940.85986328125,3964.401439525463,3874.943449797454,3874.943449797454,1159900
2022-09-01 09:00:00+09:00,3940.85986328125,3954.984809027778,3893.7767107928244,3907.901656539352,673000
2022-09-02 09:00:00+09:00,3926.735595703125,3954.9854920750895,3893.7773832691655,3954.9854920750895,574600
2022-09-05 09:00:00+09:00,3870.235595703125,3926.735385421419,3865.5272798932674,3926.735385421419,375400
2022-09-06 09:00:00+09:00,3851.402587890625,3893.777432989666,3823.152691157931,3851.402587890625,336500
2022-09-07 09:00:00+09:00,3907.90234375,3912.6106598268075,3827.8609704442774,3851.4025508283135,600600
2022-09-08 09:00:00+09:00,3964.40185546875,3969.110171211587,3912.6103822975433,3936.151961011728,695000
2022-09-09 09:00:00+09:00,3997.360107421875,4025.610002173973,3964.4018968777605,3973.818528461793,811300
2022-09-12 09:00:00+09:00,4049.15185546875,4077.401752134811,4006.7770104696588,4039.7352232467297,521100
2022-09-13 09:00:00+09:00,4086.818359375,4110.359939786146,4049.151830717166,4058.5684628816243,465200
2022-09-14 09:00:00+09:00,4063.276123046875,4077.401069013434,4025.6096004693836,4025.6096004693836,572300
2022-09-15 09:00:00+09:00,4105.65185546875,4133.901753556838,4058.568691988604,4086.8185900766916,483700
2022-09-16 09:00:00+09:00,4124.48388671875,4138.60883153628,4091.5256821445137,4096.23399708369,1180900
2022-09-20 09:00:00+09:00,4105.65185546875,4143.318386252867,4082.110273728677,4133.901753556838,1133400
2022-09-21 09:00:00+09:00,4049.15185546875,4082.1100682458214,4035.0269071357197,4082.1100682458214,1001800
2022-09-22 09:00:00+09:00,4100.9423828125,4119.775642894302,4016.1927124443887,4044.4426025670923,823800
2022-09-26 09:00:00+09:00,4072.693359375,4138.609783688584,4072.693359375,4119.776519598989,872600
2022-09-27 09:00:00+09:00,4077.4013671875,4096.234629853493,4002.0683165235278,4063.276420188005,840400
2022-09-28 09:00:00+09:00,4020.901611328125,4063.276452665307,3945.5685600620245,4039.7348741446503,1161700
2022-09-29 09:00:00+09:00,4162.982421875,4167.718465585893,4006.692979415529,4030.373197969994,981400
2022-09-30 09:00:00+09:00,4120.35791015625,4153.510215180496,4091.9416487068966,4115.621866581358,594000
2022-10-03 09:00:00+09:00,4068.26220703125,4115.6226518162475,4006.693628810754,4115.6226518162475,716300
2022-10-04 09:00:00+09:00,4177.19091796875,4205.607182716837,4125.094432597258,4167.718829719388,777000
2022-10-05 09:00:00+09:00,4158.2470703125,4205.6075153046695,4129.830803317198,4196.135426306236,681200
2022-10-06 09:00:00+09:00,4181.92626953125,4215.078572913718,4153.510009489135,4172.454182850545,721200
2022-10-07 09:00:00+09:00,4215.07958984375,4219.81563432672,4162.983100531074,4162.983100531074,604300
2022-10-11 09:00:00+09:00,4196.13525390625,4238.759652647961,4167.718988078443,4196.13525390625,688700
2022-10-12 09:00:00+09:00,4210.34326171875,4262.439747521794,4181.926996735271,4215.079305882663,781300
2022-10-13 09:00:00+09:00,4153.51123046875,4215.079811992232,4144.039141003599,4196.13563306193,605700
2022-10-14 09:00:00+09:00,4205.60693359375,4234.0231966585725,4167.718582840654,4205.60693359375,747200
2022-10-17 09:00:00+09:00,4238.759765625,4243.495810055866,4200.871410178072,4210.343499039805,474100
2022-10-18 09:00:00+09:00,4262.43994140625,4305.064340820312,4224.551586371528,4262.43994140625,639200
2022-10-19 09:00:00+09:00,4271.912109375,4295.592331710782,4243.495842572062,4271.912109375,423400
2022-10-20 09:00:00+09:00,4286.1201171875,4286.1201171875,4257.703851217197,4267.175939873964,482000
2022-10-21 09:00:00+09:00,4210.34326171875,4267.175791685707,4186.663040899184,4248.231615030055,432400
2022-10-24 09:00:00+09:00,4139.30322265625,4210.343895813966,4129.831132901888,4210.343895813966,412800
2022-10-25 09:00:00+09:00,4186.66357421875,4215.079842822045,4129.831037012161,4167.719395149887,468200
2022-10-26 09:00:00+09:00,4091.942138671875,4186.663021511502,4082.4700503879126,4172.454889085558,575600
2022-10-27 09:00:00+09:00,4091.942138671875,4144.03862423367,4068.2619179619687,4110.886315239801,464900
2022-10-28 09:00:00+09:00,4110.88671875,4172.455298639113,4101.414629536291,4110.88671875,2294100
2022-10-31 09:00:00+09:00,4181.92626953125,4181.92626953125,4110.885619425962,4110.885619425962,785300
2022-11-01 09:00:00+09:00,4158.2470703125,4191.3993818070185,4125.0947588179815,4167.719159310934,574300
2022-11-02 09:00:00+09:00,4063.525634765625,4153.510468169526,4049.317503175535,4153.510468169526,714200
2022-11-04 09:00:00+09:00,4016.16552734375,4082.4701468989533,4001.9573945819207,4068.262014137124,825500
2022-11-07 09:00:00+09:00,3992.4853515625,4020.90161740992,3987.7493072545967,4020.90161740992,414700
2022-11-08 09:00:00+09:00,3997.22119140625,4049.3176761283694,3997.22119140625,4025.6374558001335,390500
2022-11-09 09:00:00+09:00,3911.972412109375,3983.0130733462283,3907.236368026918,3983.0130733462283,525400
2022-11-10 09:00:00+09:00,3916.70849609375,3959.332893270103,3907.2364078323385,3907.2364078323385,426500
2022-11-11 09:00:00+09:00,3907.236572265625,3954.597015565814,3878.8203062855114,3945.124926905776,530600
2022-11-14 09:00:00+09:00,3874.084228515625,3926.180715696153,3874.084228515625,3907.2365385395974,597000
2022-11-15 09:00:00+09:00,3888.292236328125,3926.180589422674,3874.084103917669,3911.9724570122185,323300
2022-11-16 09:00:00+09:00,3831.459716796875,3888.292246588671,3788.8353194530287,3878.820158290038,582100
2022-11-17 09:00:00+09:00,3949.861083984375,3968.805261845211,3864.6122836106115,3864.6122836106115,373900
2022-11-18 09:00:00+09:00,3935.652587890625,3992.485116235616,3916.708411775628,3987.7490722068665,330800
2022-11-21 09:00:00+09:00,3940.388916015625,3987.749359717736,3911.9726497943584,3949.8610047560474,432100
2022-11-22 09:00:00+09:00,3992.4853515625,4016.165573102017,3968.8051300229836,3973.541174330887,415500
2022-11-24 09:00:00+09:00,4001.956787109375,4068.2613965999444,4001.956787109375,4058.789309529863,454700
2022-11-25 09:00:00+09:00,4020.901611328125,4044.581832831824,3997.221389824426,4006.6934784259056,376300
2022-11-28 09:00:00+09:00,4025.636962890625,4063.5253107766544,4001.956745461857,4054.053223805147,393800
2022-11-29 09:00:00+09:00,4049.317626953125,4049.317626953125,3992.4850988555377,4020.9013629043316,604800
2022-11-30 09:00:00+09:00,4063.525634765625,4068.261678628988,4020.901239995356,4049.317503175535,1052600
2022-12-01 09:00:00+09:00,3983.012939453125,4049.317554378623,3978.276895529875,4049.317554378623,398300
2022-12-02 09:00:00+09:00,3907.236572265625,3959.3330598958332,3888.292394945549,3959.3330598958332,570300
2022-12-05 09:00:00+09:00,3883.55615234375,3897.7642846084223,3850.4038437261815,3893.0282405201983,458600
2022-12-06 09:00:00+09:00,3883.55615234375,3911.9724168730945,3850.4038437261815,3883.55615234375,519200
2022-12-07 09:00:00+09:00,3930.916748046875,3949.860925145896,3859.876083925546,3874.0842167498117,414400
2022-12-08 09:00:00+09:00,3935.652587890625,3945.1246759481232,3888.2921476031324,3926.1804998331263,399600
2022-12-09 09:00:00+09:00,3926.1806640625,3987.7492390116104,3921.4446198356454,3954.596929423628,429400
2022-12-12 09:00:00+09:00,3902.50048828125,3926.1807096907237,3893.0283997174606,3926.1807096907237,290800
2022-12-13 09:00:00+09:00,3902.50048828125,3935.652798254513,3902.50048828125,3921.4446654088288,359400
2022-12-14 09:00:00+09:00,3907.236572265625,3930.9167939157196,3893.028439275568,3897.764483605587,356800
2022-12-15 09:00:00+09:00,3926.1806640625,3945.1248409699188,3902.500442928227,3902.500442928227,255000
2022-12-16 09:00:00+09:00,3902.50048828125,3935.652798254513,3883.556311153671,3935.652798254513,479400
2022-12-19 09:00:00+09:00,3845.668212890625,3883.5565696678727,3845.668212890625,3864.612391279249,270300
2022-12-20 09:00:00+09:00,3760.419189453125,3902.5005190294396,3736.7389678570726,3878.820297433387,646000
2022-12-21 09:00:00+09:00,3722.53076171875,3755.683071301487,3660.962186779381,3741.474938623171,566500
2022-12-22 09:00:00+09:00,3727.2666015625,3746.210777428129,3694.1142937976497,3722.530557596093,422700
2022-12-23 09:00:00+09:00,3717.79443359375,3741.4746529160034,3703.586302000398,3708.3223458648486,272300
2022-12-26 09:00:00+09:00,3722.53076171875,3746.210982849276,3713.0586732665392,3727.266805944855,185800
2022-12-27 09:00:00+09:00,3755.682861328125,3812.5153888639857,3746.2107734054816,3760.4189052894467,526900
2022-12-28 09:00:00+09:00,3750.947021484375,3769.8911983605585,3732.002844608191,3760.4191099224668,340900
2022-12-29 09:00:00+09:00,3727.2666015625,3769.8909972601655,3713.0584696632786,3750.9468213945365,296000
2022-12-30 09:00:00+09:00,3713.05859375,3736.7388143734056,3698.8504613759565,3698.8504613759565,256100
2023-01-04 09:00:00+09:00,3599.3935546875,3698.8504818564966,3599.3935546875,3694.114437705592,557800
2023-01-05 09:00:00+09:00,3561.505615234375,3594.657928142142,3542.5614364299367,3589.921883441032,466700
2023-01-06 09:00:00+09:00,3552.033203125,3570.977380208333,3523.6169375,3552.033203125,450100
2023-01-10 09:00:00+09:00,3542.56103515625,3599.393565132019,3537.8249909916026,3570.9773001441345,365900
2023-01-11 09:00:00+09:00,3556.769287109375,3594.6576416990883,3552.0332427856606,3589.9215973753744,444200
2023-01-12 09:00:00+09:00,3523.616943359375,3575.713430425172,3514.1448548019575,3561.5052975890458,460500
2023-01-13 09:00:00+09:00,3547.297119140625,3566.24129601187,3533.088986487191,3537.8250307050025,403600
2023-01-16 09:00:00+09:00,3552.033203125,3570.977380208333,3537.8250703125,3552.033203125,308200
2023-01-17 09:00:00+09:00,3518.881103515625,3566.241549054193,3518.881103515625,3556.7694599464794,435200
2023-01-18 09:00:00+09:00,3599.3935546875,3613.601687140214,3523.6168482730263,3533.0889365748358,430900
2023-01-19 09:00:00+09:00,3589.921630859375,3627.8099858024816,3585.1855864914864,3599.3937195951517,329700
2023-01-20 09:00:00+09:00,3623.073974609375,3627.810019020629,3585.1856193193425,3599.3937525531046,296200
2023-01-23 09:00:00+09:00,3623.073974609375,3656.2262854881537,3599.3937525531046,3651.4902410768996,336500
2023-01-24 09:00:00+09:00,3679.90625,3679.90625,3632.5458092020594,3637.2818532818533,361100
2023-01-25 09:00:00+09:00,3689.37841796875,3717.794683062219,3670.4342412397705,3679.90632960426,306200
2023-01-26 09:00:00+09:00,3684.642333984375,3703.586510508716,3670.434201591119,3689.3783781154602,310600
2023-01-27 09:00:00+09:00,3660.962158203125,3689.3784233379483,3660.962158203125,3689.3784233379483,259600
2023-01-30 09:00:00+09:00,3679.90625,3689.3783381595886,3665.698117760618,3665.698117760618,341900
2023-01-31 09:00:00+09:00,3651.490234375,3703.5867228031775,3642.0181455698767,3694.1146339980546,683200
2023-02-01 09:00:00+09:00,3618.337890625,3684.6425116573955,3618.337890625,3684.6425116573955,600400
2023-02-02 09:00:00+09:00,3651.490234375,3821.987832867218,3646.7541899724383,3812.5157440620947,1208500
2023-02-03 09:00:00+09:00,3651.490234375,3656.2262787775617,3589.921657141699,3608.8658347519454,501300
2023-02-06 09:00:00+09:00,3679.90625,3684.6422940797943,3651.4899855212357,3679.90625,318600
2023-02-07 09:00:00+09:00,3651.490234375,3717.7948560108625,3646.7541899724383,3717.7948560108625,298200
2023-02-08 09:00:00+09:00,3698.850341796875,3698.850341796875,3646.753858109595,3646.753858109595,290700
2023-02-09 09:00:00+09:00,3679.90625,3694.1143822393824,3670.434161840412,3679.90625,242900
2023-02-10 09:00:00+09:00,3670.434326171875,3684.642459047379,3646.7541047127015,3665.69828188004,295700
2023-02-13 09:00:00+09:00,3651.490234375,3689.378589595493,3642.0181455698767,3684.6425451929313,270400
2023-02-14 09:00:00+09:00,3665.6982421875,3670.4342864280525,3651.490109465843,3651.490109465843,213100
2023-02-15 09:00:00+09:00,3637.281982421875,3660.9622036616006,3623.0738496780396,3656.2261594136558,278800
2023-02-16 09:00:00+09:00,3656.22607421875,3679.906294906695,3646.753985943572,3651.490030081161,294200
2023-02-17 09:00:00+09:00,3618.337890625,3656.2262455006544,3613.6018462655434,3646.7541567817407,277100
2023-02-20 09:00:00+09:00,3637.281982421875,3642.0180266698203,3608.865716934204,3623.0738496780396,314700
2023-02-21 09:00:00+09:00,3585.18505859375,3623.073407958017,3580.4490149232165,3618.3373642874835,358600
2023-02-22 09:00:00+09:00,3561.505615234375,3594.657928142142,3523.617257625499,3580.4497940388133,470600
2023-02-24 09:00:00+09:00,3618.337890625,3618.337890625,3570.977447030432,3585.1855801088022,474500
2023-02-27 09:00:00+09:00,3651.490234375,3660.9623231801233,3613.601879154507,3613.601879154507,395000
2023-02-28 09:00:00+09:00,3670.434326171875,3679.906414755544,3646.7541047127015,3651.4901490045363,1222300
2023-03-01 09:00:00+09:00,3660.962158203125,3675.1702907705367,3637.2819372574386,3646.754025635713,385600
2023-03-02 09:00:00+09:00,3689.37841796875,3689.37841796875,3651.490064510791,3665.6981970575257,389200
2023-03-03 09:00:00+09:00,3703.586669921875,3727.2668915965673,3694.114581251998,3694.114581251998,612200
2023-03-06 09:00:00+09:00,3736.73876953125,3760.418989870485,3722.5306373277094,3741.474813599097,699100
2023-03-07 09:00:00+09:00,3784.09912109375,3788.8351650500626,3736.7386815306245,3741.4747254869367,504800
2023-03-08 09:00:00+09:00,3831.459716796875,3831.459716796875,3779.363231154396,3779.363231154396,463300
2023-03-09 09:00:00+09:00,3836.196044921875,3874.0844009211037,3821.9879114221644,3845.668133921682,478200
2023-03-10 09:00:00+09:00,3722.53076171875,3750.947027075382,3698.850540588224,3732.0028501709608,1003200
2023-03-13 09:00:00+09:00,3679.90625,3717.794602638353,3642.0178973616476,3708.322514478765,425300
2023-03-14 09:00:00+09:00,3689.37841796875,3703.5865505154843,3623.073799417322,3627.8098435995666,734100
2023-03-15 09:00:00+09:00,3660.962158203125,3698.850511716223,3651.4900698248503,3689.3784233379483,508700
2023-03-16 09:00:00+09:00,3642.017578125,3646.753621789662,3599.393185143043,3613.601316137029,488100
2023-03-17 09:00:00+09:00,3722.53076171875,3722.53076171875,3660.962186779381,3665.698231005487,570500
2023-03-20 09:00:00+09:00,3642.017578125,3703.5861457656047,3642.017578125,3694.114058436281,365200
2023-03-22 09:00:00+09:00,3694.11474609375,3732.0031024639425,3684.642657001202,3694.11474609375,427300
2023-03-23 09:00:00+09:00,3660.962158203125,3684.6423791488114,3651.4900698248503,3675.1702907705367,334700
2023-03-24 09:00:00+09:00,3651.490234375,3656.2262787775617,3613.601879154507,3637.282101167315,379300
2023-03-27 09:00:00+09:00,3708.322509765625,3722.530641986949,3675.170201249202,3675.170201249202,460300
2023-03-28 09:00:00+09:00,3684.642333984375,3741.4748635573987,3665.6981574600336,3732.002775295228,427400
2023-03-29 09:00:00+09:00,3750.947021484375,3750.947021484375,3703.5865792939157,3713.0586677320075,848100
2023-03-30 09:00:00+09:00,3736.648681640625,3750.9470822081275,3712.818014028121,3731.8825481181243,480800
2023-03-31 09:00:00+09:00,3741.41455078125,3760.479083524084,3717.583884852707,3760.479083524084,549000
2023-04-03 09:00:00+09:00,3798.608642578125,3803.374776383116,3750.947304528211,3770.0118397481765,542700
2023-04-04 09:00:00+09:00,3860.568603515625,3860.568603515625,3798.6088604962383,3812.9072627314813,572400
2023-04-05 09:00:00+09:00,3774.777587890625,3851.035720979324,3770.011454572581,3851.035720979324,433900
2023-04-06 09:00:00+09:00,3770.01171875,3784.3101197060682,3722.3503822297725,3755.7133177939318,516500
2023-04-07 09:00:00+09:00,3760.4794921875,3779.5440270021386,3755.7133584838402,3774.777893298479,264100
2023-04-10 09:00:00+09:00,3793.84228515625,3822.439086300644,3774.777751059987,3784.3100181081186,305300
2023-04-11 09:00:00+09:00,3812.90673828125,3822.439005126953,3784.3099377441404,3812.90673828125,387500
2023-04-12 09:00:00+09:00,3846.26953125,3851.035664498141,3822.4388650092937,3831.971131505576,407500
2023-04-13 09:00:00+09:00,3884.398681640625,3889.1648149923312,3836.737348123562,3851.035748178681,534800
2023-04-14 09:00:00+09:00,3922.528076171875,3927.29420992178,3884.399006172634,3908.2296749221596,676100
2023-04-17 09:00:00+09:00,3912.99560546875,3936.8262729807398,3898.697204961556,3917.7617389711477,458400
2023-04-18 09:00:00+09:00,3955.890869140625,3970.189269872458,3912.995666945124,3932.0602012542354,501000
2023-04-19 09:00:00+09:00,3965.42333984375,3965.42333984375,3908.2297339806187,3908.2297339806187,533700
2023-04-20 09:00:00+09:00,3974.955810546875,4003.5526149392986,3974.955810546875,3979.721944612279,438500
2023-04-21 09:00:00+09:00,3979.721435546875,3994.019835914109,3955.890768268151,3974.9553020911303,332700
2023-04-24 09:00:00+09:00,4013.084716796875,4036.915386136524,3998.786315193086,4003.5524490610155,376800
2023-04-25 09:00:00+09:00,4041.681396484375,4079.8104662625296,4027.382995317567,4041.681396484375,504500
2023-04-26 09:00:00+09:00,4013.084716796875,4046.4476538723834,3994.020181325156,4017.850850664805,380900
2023-04-27 09:00:00+09:00,3974.955810546875,3989.254212743087,3936.8267380236434,3984.488078677683,490200
2023-04-28 09:00:00+09:00,4036.915283203125,4036.915283203125,3979.721678246292,4036.915283203125,610400
2023-05-01 09:00:00+09:00,4108.40673828125,4122.705137602415,4051.2131409965923,4051.2131409965923,560000
2023-05-02 09:00:00+09:00,4098.875,4137.004069767441,4065.512063953488,4132.237936046511,398000
2023-05-08 09:00:00+09:00,4132.23779296875,4175.132994971886,4098.874858077422,4108.40712518923,426900
2023-05-09 09:00:00+09:00,4175.13232421875,4184.6645897991575,4132.237129106913,4137.003261897117,477800
2023-05-10 09:00:00+09:00,4137.00390625,4175.1329745103685,4113.173238587269,4175.1329745103685,437700
2023-05-11 09:00:00+09:00,4137.00390625,4146.536173315092,4108.407105054724,4113.173238587269,297900
2023-05-12 09:00:00+09:00,4208.49560546875,4208.49560546875,4132.237474452329,4156.06814039496,491800
2023-05-15 09:00:00+09:00,4241.85888671875,4270.455688202247,4222.794352396419,4251.391153879916,518000
2023-05-16 09:00:00+09:00,4289.52001953125,4289.52001953125,4227.560285915799,4260.923219401042,622200
2023-05-17 09:00:00+09:00,4332.41552734375,4332.41552734375,4260.923521942038,4284.754190409275,621800
2023-05-18 09:00:00+09:00,4341.9482421875,4356.246644741356,4303.819168710552,4346.714376372119,511300
2023-05-19 09:00:00+09:00,4251.39111328125,4327.649249842349,4232.326579140975,4318.1169827722115,721400
2023-05-22 09:00:00+09:00,4365.77880859375,4365.77880859375,4265.689993112889,4275.2222612539235,728900
2023-05-23 09:00:00+09:00,4313.3505859375,4361.011918378798,4279.987653228592,4361.011918378798,627500
2023-05-24 09:00:00+09:00,4213.26220703125,4303.818747680111,4203.729939594527,4303.818747680111,562400
2023-05-25 09:00:00+09:00,4189.43115234375,4227.560218576685,4146.535952831698,4165.600485948165,538300
2023-05-26 09:00:00+09:00,4246.62548828125,4270.456158810325,4170.367342588208,4184.665744905654,558700
2023-05-29 09:00:00+09:00,4270.455078125,4294.285742623465,4237.092147827148,4284.753476824079,509300
2023-05-30 09:00:00+09:00,4260.92333984375,4279.987873802783,4222.794271925685,4270.455606823266,457200
2023-05-31 09:00:00+09:00,4227.560546875,4251.391215121195,4165.600809434893,4203.729878628805,2215100
2023-06-01 09:00:00+09:00,4218.0283203125,4265.689657265183,4184.665384445621,4218.0283203125,576600
2023-06-02 09:00:00+09:00,4265.68994140625,4270.456075418994,4218.028601278806,4227.560869304295,474200
2023-06-05 09:00:00+09:00,4294.28564453125,4333.367933415996,4280.940472716947,4318.116308485363,603600
2023-06-06 09:00:00+09:00,4323.8369140625,4323.8369140625,4241.859406432567,4265.690077255223,428400
2023-06-07 09:00:00+09:00,4306.67822265625,4381.029905119107,4292.379822182624,4338.134703698228,763700
2023-06-08 09:00:00+09:00,4357.19921875,4396.28151320827,4310.491110738897,4314.304017515314,694800
2023-06-09 09:00:00+09:00,4400.0947265625,4417.252808251868,4353.386615296997,4385.796325154693,806800
2023-06-12 09:00:00+09:00,4420.1123046875,4428.691345175356,4372.450968643857,4375.310648806475,449300
2023-06-13 09:00:00+09:00,4449.6630859375,4479.213119284557,4409.627556886649,4422.019506354769,690900
2023-06-14 09:00:00+09:00,4494.4638671875,4512.575174393558,4466.820293030885,4480.165466761665,622100
2023-06-15 09:00:00+09:00,4493.5107421875,4536.40594443579,4493.5107421875,4499.230102487272,536800
2023-06-16 09:00:00+09:00,4376.263671875,4477.305699585466,4371.497538492431,4477.305699585466,1754300
2023-06-19 09:00:00+09:00,4381.0302734375,4469.680363826901,4349.573789750938,4442.9900140322425,792200
2023-06-20 09:00:00+09:00,4357.19921875,4379.123432714395,4329.55564462098,4363.871805608729,656100
2023-06-21 09:00:00+09:00,4456.3349609375,4468.72690842246,4340.041299924799,4346.713887032086,550200
2023-06-22 09:00:00+09:00,4536.4052734375,4563.095617555225,4463.960053689391,4470.632639718822,676500
2023-06-23 09:00:00+09:00,4514.4814453125,4593.5992578042515,4494.46368552543,4575.487951330237,546200
2023-06-26 09:00:00+09:00,4494.4638671875,4526.873574819393,4445.849305739661,4526.873574819393,395000
2023-06-27 09:00:00+09:00,4544.9853515625,4552.611165910759,4497.324011885879,4526.874042485384,449100
2023-06-28 09:00:00+09:00,4666.044921875,4666.998148621042,4528.78027044497,4528.78027044497,697200
2023-06-29 09:00:00+09:00,4594.55224609375,4678.4361875162085,4579.300620380576,4665.091015017181,466600
2023-06-30 09:00:00+09:00,4532.59326171875,4585.020733726012,4507.809365860771,4556.42393081296,514700
2023-07-03 09:00:00+09:00,4528.7802734375,4562.1432095710115,4519.248005970782,4551.657715357622,304900
2023-07-04 09:00:00+09:00,4451.568359375,4518.2942234341535,4426.784467010171,4489.697424551659,594800
2023-07-05 09:00:00+09:00,4397.23486328125,4433.457478673552,4388.655822793599,4429.6445717901515,400600
2023-07-06 09:00:00+09:00,4381.9833984375,4418.206015174638,4358.152729531488,4382.936625193741,419700
2023-07-07 09:00:00+09:00,4388.65576171875,4425.831603314543,4340.994426339528,4366.731547444308,484200
2023-07-10 09:00:00+09:00,4369.59130859375,4409.6268310546875,4356.246134440104,4387.702616373697,442100
2023-07-11 09:00:00+09:00,4400.0947265625,4408.673767407185,4367.685016704804,4402.954406844062,316300
2023-07-12 09:00:00+09:00,4400.0947265625,4422.018942054471,4370.544696986365,4406.767313886144,314900
2023-07-13 09:00:00+09:00,4375.310546875,4400.094441040304,4331.462118736384,4381.983133765659,328100
2023-07-14 09:00:00+09:00,4289.52001953125,4385.795913302952,4289.52001953125,4365.778153211806,416900
2023-07-18 09:00:00+09:00,4278.0810546875,4320.976252428351,4262.829428824087,4287.613320852133,351600
2023-07-19 09:00:00+09:00,4347.6669921875,4347.6669921875,4313.350830881043,4321.929871207658,340300
2023-07-20 09:00:00+09:00,4348.6201171875,4369.5911041621,4328.602356893563,4349.573343868164,246100
2023-07-21 09:00:00+09:00,4381.0302734375,4393.422221556449,4340.994748745512,4355.293150421222,255800
2023-07-24 09:00:00+09:00,4399.14111328125,4424.878233553968,4381.983033099438,4402.000793311552,304300
2023-07-25 09:00:00+09:00,4401.04736328125,4417.252216037537,4375.3102441977335,4417.252216037537,275800
2023-07-26 09:00:00+09:00,4416.29931640625,4421.065449922769,4367.6847545377595,4396.281555636871,235200
2023-07-27 09:00:00+09:00,4483.978515625,4483.978515625,4410.580057779947,4434.410725911458,423200
2023-07-28 09:00:00+09:00,4487.79150390625,4503.996358529531,4410.580137760029,4432.504352838586,521500
2023-07-31 09:00:00+09:00,4500.18359375,4566.909467836528,4486.838418932694,4532.593304020599,565700
2023-08-01 09:00:00+09:00,4566.9091796875,4567.8624064000205,4497.323629673476,4527.826884474144,403900
2023-08-02 09:00:00+09:00,4589.78662109375,4663.185077962747,4551.657552590375,4594.552754656672,752300
2023-08-03 09:00:00+09:00,4535.4521484375,4599.318330435254,4524.013429273723,4578.347345301663,525700
2023-08-04 09:00:00+09:00,4487.79150390625,4506.856038757169,4442.036620264045,4479.212463223336,367000
2023-08-07 09:00:00+09:00,4536.4052734375,4540.218179740033,4444.895522176731,4449.661655054896,282500
2023-08-08 09:00:00+09:00,4583.11376953125,4595.505716079483,4546.891156544106,4566.908916352791,310300
2023-08-09 09:00:00+09:00,4632.681640625,4666.997800925926,4572.62836009838,4594.552573623971,338300
2023-08-10 09:00:00+09:00,4733.724609375,4741.350424291431,4649.840645294251,4659.372913939791,488700
2023-08-14 09:00:00+09:00,4743.25634765625,4842.391930485079,4740.396667382342,4770.899923637366,441100
2023-08-15 09:00:00+09:00,4802.35595703125,4813.794677055937,4732.770410214402,4765.180116951016,374900
2023-08-16 09:00:00+09:00,4800.44970703125,4811.888427540459,4729.910930557797,4748.0222380307105,288900
2023-08-17 09:00:00+09:00,4762.3203125,4814.747777909828,4722.284793459768,4792.823565102081,285000
2023-08-18 09:00:00+09:00,4701.314453125,4729.911256367853,4678.437010530718,4718.472535070712,264300
2023-08-21 09:00:00+09:00,4704.17333984375,4737.536271332004,4673.670088197347,4737.536271332004,352200
2023-08-22 09:00:00+09:00,4745.16259765625,4745.16259765625,4697.501261801928,4709.893209124052,323900
2023-08-23 09:00:00+09:00,4809.98193359375,4816.654520501233,4728.957664002892,4728.957664002892,330600
2023-08-24 09:00:00+09:00,4816.65478515625,4839.532227238924,4776.6192615115715,4788.0579825529085,285400
2023-08-25 09:00:00+09:00,4820.466796875,4845.250687861504,4794.729679312092,4816.653890569384,337700
2023-08-28 09:00:00+09:00,4874.80078125,4878.613687609992,4806.16846677014,4860.502382400029,340800
2023-08-29 09:00:00+09:00,4905.30419921875,4930.08809140291,4878.613853789655,4882.426760279525,404100
2023-08-30 09:00:00+09:00,4873.84814453125,4921.5094797995,4859.549743950775,4909.117532629755,444500
2023-08-31 09:00:00+09:00,4985.3759765625,5004.440511845722,4889.10007338223,4891.959753674713,1987200
2023-09-01 09:00:00+09:00,5022.55126953125,5029.223856148581,4911.023750355855,4931.9947368674675,517300
2023-09-04 09:00:00+09:00,5041.6162109375,5046.382344621502,4978.703246308672,5042.5694376743,562400
2023-09-05 09:00:00+09:00,5106.435546875,5106.435546875,5030.177409157995,5051.148397030171,462200
2023-09-06 09:00:00+09:00,5128.35986328125,5151.237305050534,5095.950154108097,5119.7808226177685,485900
2023-09-07 09:00:00+09:00,5197.94482421875,5213.1964503305235,5115.967333867969,5128.359280083784,492100
2023-09-08 09:00:00+09:00,5132.1728515625,5195.085817424893,5118.827676985628,5159.816427471733,635500
2023-09-11 09:00:00+09:00,5118.8271484375,5195.085281002676,5091.1835753826235,5166.488481290736,379500
2023-09-12 09:00:00+09:00,5204.6181640625,5205.571390832474,5126.453568924565,5128.360022464514,385500
2023-09-13 09:00:00+09:00,5330.44384765625,5347.6019287109375,5211.290506998697,5241.793762207031,601500
2023-09-14 09:00:00+09:00,5380.96435546875,5423.859554050875,5315.191717642825,5399.075661536758,975700
2023-09-15 09:00:00+09:00,5200.8046875,5335.209647349248,5148.377220892137,5314.2386607061035,2006800
2023-09-19 09:00:00+09:00,5084.5107421875,5167.441457330041,5050.194584197483,5156.955964610869,1026200
2023-09-20 09:00:00+09:00,5099.76318359375,5125.500306202541,5042.5695777964365,5109.295451226635,625900
2023-09-21 09:00:00+09:00,5043.5224609375,5094.99670264807,5013.97243328884,5071.1660351894725,409100
2023-09-22 09:00:00+09:00,4987.28271484375,5043.523097140344,4981.563353932232,5011.113385308408,528100
2023-09-25 09:00:00+09:00,5003.4873046875,5040.6631486354545,4978.703408722197,5020.645386509633,488600
2023-09-26 09:00:00+09:00,5009.20654296875,5049.242066242716,4971.077473184021,5008.253316224132,490800
2023-09-27 09:00:00+09:00,5001.58056640625,5020.645100678811,4942.480510161313,4998.720886265366,876200
2023-09-28 09:00:00+09:00,4923.04150390625,4979.5511242818275,4847.376080013528,4961.35311094054,635600
2023-09-29 09:00:00+09:00,4885.6875,4995.8333660066655,4855.99600568516,4942.197118212115,613100
2023-10-02 09:00:00+09:00,4836.84033203125,4956.564102626083,4828.220220548422,4884.729840269183,491800
2023-10-03 09:00:00+09:00,4700.833984375,4826.304492107911,4683.593761938417,4789.908466964013,573700
2023-10-04 09:00:00+09:00,4616.54833984375,4696.044919139815,4610.801599171746,4648.1554135397755,603800
2023-10-05 09:00:00+09:00,4667.31103515625,4682.635676355204,4584.941088711876,4618.463741334586,522200
2023-10-06 09:00:00+09:00,4644.32470703125,4704.665489985048,4631.873434358244,4688.383056489579,460600
2023-10-10 09:00:00+09:00,4629.9580078125,4693.172163483916,4624.211266387826,4693.172163483916,467000
2023-10-11 09:00:00+09:00,4583.02587890625,4621.33748499951,4574.405767535266,4617.506324390184,694700
2023-10-12 09:00:00+09:00,4537.05224609375,4587.815127462331,4523.643183090729,4583.026176389823,712500
2023-10-13 09:00:00+09:00,4475.75390625,4498.74087259924,4447.977988578001,4497.7830823346885,606700
2023-10-16 09:00:00+09:00,4365.60791015625,4429.779856180925,4341.663154176894,4424.990904985054,490400
2023-10-17 09:00:00+09:00,4369.43896484375,4422.11742671714,4344.536419230875,4405.834993047183,466800
2023-10-18 09:00:00+09:00,4430.7373046875,4446.061947332333,4341.662819314405,4367.523153777562,449900
2023-10-19 09:00:00+09:00,4453.72509765625,4495.867872773857,4393.384306010585,4405.835580477151,510700
2023-10-20 09:00:00+09:00,4441.27294921875,4479.584555422924,4432.652837822811,4468.091073561672,477800
2023-10-23 09:00:00+09:00,4405.8349609375,4469.049114724864,4405.8349609375,4443.1887790845785,333400
2023-10-24 09:00:00+09:00,4436.48486328125,4455.640670117525,4321.550022263601,4402.962201317769,581200
2023-10-25 09:00:00+09:00,4405.8349609375,4467.133534307065,4400.088219684103,4443.1887790845785,356000
2023-10-26 09:00:00+09:00,4402.00439453125,4419.244620619493,4362.734990663586,4405.835555884192,325800
2023-10-27 09:00:00+09:00,4467.13330078125,4470.964461416568,4388.594507757223,4405.834730616156,296800
2023-10-30 09:00:00+09:00,4418.28662109375,4435.526846365739,4390.510702599989,4410.624298750643,424100
2023-10-31 09:00:00+09:00,4527.474609375,4542.799253705442,4431.695582309737,4449.893597452136,639000
2023-11-01 09:00:00+09:00,4467.13330078125,4608.886244288031,4451.8086582399765,4545.672093805277,805000
2023-11-02 09:00:00+09:00,4573.44873046875,4575.3643110888415,4473.838538223986,4487.2476025646265,613200
2023-11-06 09:00:00+09:00,4702.75,4719.990224032586,4639.535845213849,4672.100712830957,1148500
2023-11-07 09:00:00+09:00,4530.34765625,4676.889557181554,4528.432075845666,4661.5649139468815,812400
2023-11-08 09:00:00+09:00,4372.3115234375,4520.768979326396,4356.986882829614,4520.768979326396,734300
2023-11-09 09:00:00+09:00,4430.7373046875,4442.230786671125,4320.591435677758,4357.94525212454,473600
2023-11-10 09:00:00+09:00,4476.71142578125,4481.500376814392,4408.708321110632,4429.779705656457,351800
2023-11-13 09:00:00+09:00,4427.86474609375,4477.669843821822,4394.342084161394,4470.9653114353505,500800
2023-11-14 09:00:00+09:00,4424.99072265625,4461.386750245198,4402.003757863231,4440.315365851597,493000
2023-11-15 09:00:00+09:00,4427.86474609375,4476.712053480897,4367.523954615509,4434.569278480221,432300
2023-11-16 09:00:00+09:00,4387.63720703125,4423.075446861016,4376.143723843218,4405.8352220789675,490400
2023-11-17 09:00:00+09:00,4483.416015625,4496.825078692454,4379.016881742683,4388.594783933721,611900
2023-11-20 09:00:00+09:00,4398.171875,4495.866459331446,4396.25629491507,4450.850327335584,465300
2023-11-21 09:00:00+09:00,4406.79248046875,4409.665850918957,4338.789379813831,4377.100985816603,605500
2023-11-22 09:00:00+09:00,4410.62451171875,4456.598447997252,4395.299866292583,4403.919979344802,225400
2023-11-24 09:00:00+09:00,4343.57861328125,4442.231005159523,4339.7474524316085,4440.315424734702,432600
2023-11-27 09:00:00+09:00,4325.38037109375,4361.776397245558,4300.4778268846185,4353.15628578855,484200
2023-11-28 09:00:00+09:00,4325.38037109375,4337.831643198316,4275.575282675487,4336.873853036426,382600
2023-11-29 09:00:00+09:00,4313.88720703125,4356.987767492264,4312.929416798783,4341.6631237727925,383500
2023-11-30 09:00:00+09:00,4282.27978515625,4308.1401193542415,4216.19226442805,4286.110945778175,1754200
2023-12-01 09:00:00+09:00,4326.33837890625,4340.705232057367,4284.195609662975,4339.747441847292,502200
2023-12-04 09:00:00+09:00,4265.99755859375,4290.900103839246,4231.517111330756,4264.08197819025,458600
2023-12-05 09:00:00+09:00,4286.111328125,4308.140503666201,4260.250991620112,4262.166572101955,488300
2023-12-06 09:00:00+09:00,4360.81884765625,4377.101281306625,4261.208665324546,4271.7443576865535,494300
2023-12-07 09:00:00+09:00,4351.24072265625,4403.919181768311,4330.169339011426,4357.945253815967,427800
2023-12-08 09:00:00+09:00,4300.47802734375,4353.156488703195,4270.786530941154,4300.47802734375,643900
2023-12-11 09:00:00+09:00,4348.36767578125,4352.198836729075,4305.26711511822,4325.3807100943,319700
2023-12-12 09:00:00+09:00,4351.24072265625,4375.185476798096,4320.5914373546875,4356.987463650293,302300
2023-12-13 09:00:00+09:00,4384.763671875,4387.637042564302,4332.0852092377945,4373.270189117791,429000
2023-12-14 09:00:00+09:00,4338.78955078125,4388.594640547392,4311.971425522558,4384.763479796151,430500
2023-12-15 09:00:00+09:00,4317.71826171875,4352.198709239131,4288.984555451766,4346.451967985734,642500
2023-12-18 09:00:00+09:00,4237.263671875,4284.195389759691,4204.69880640399,4271.744117667834,511500
2023-12-19 09:00:00+09:00,4244.92626953125,4261.208703326834,4151.0628276508205,4246.841849977789,667000
2023-12-20 09:00:00+09:00,4265.99755859375,4290.900103839246,4202.783405278261,4202.783405278261,502900
2023-12-21 09:00:00+09:00,4274.61767578125,4287.068948419645,4217.150263604043,4250.672920707414,429900
2023-12-22 09:00:00+09:00,4288.984375,4318.675870226663,4277.490892976775,4300.477857023225,396900
2023-12-25 09:00:00+09:00,4278.44921875,4337.832216637285,4259.293412979909,4332.085474906257,207300
2023-12-26 09:00:00+09:00,4241.09521484375,4277.491244239428,4230.559522123948,4276.533453992173,359200
2023-12-27 09:00:00+09:00,4288.02685546875,4301.435918675487,4235.348392870854,4247.799665848538,413300
2023-12-28 09:00:00+09:00,4280.3642578125,4283.2376283144995,4245.883811788502,4262.1662446331675,184800
2023-12-29 09:00:00+09:00,4299.52001953125,4308.14013095379,4267.912944315271,4273.65968526363,300100
2024-01-04 09:00:00+09:00,4325.38037109375,4325.38037109375,4250.672738466355,4300.4778268846185,379900
2024-01-05 09:00:00+09:00,4351.24072265625,4367.523155472705,4324.422598017382,4367.523155472705,342000
2024-01-09 09:00:00+09:00,4381.89013671875,4419.243954277664,4354.114221098019,4358.903172067111,356800
2024-01-10 09:00:00+09:00,4465.2177734375,4478.626835820195,4375.185497439404,4377.101077779788,370300
2024-01-11 09:00:00+09:00,4500.65625,4535.136697967652,4492.036138008087,4500.65625,519700
2024-01-12 09:00:00+09:00,4497.78271484375,4557.165706394072,4491.078183539681,4531.305371364093,550800
2024-01-15 09:00:00+09:00,4480.54248046875,4519.811878010268,4478.626900100871,4519.811878010268,39700
2024-01-16 09:00:00+09:00,4485.33154296875,4552.376857512379,4474.795850683323,4519.81199044833,266600
2024-01-17 09:00:00+09:00,4498.74072265625,4553.334765916076,4470.007015677394,4478.62712777105,284000
2024-01-18 09:00:00+09:00,4433.61083984375,4513.107426516256,4433.61083984375,4497.782783302279,427400
2024-01-19 09:00:00+09:00,4405.8349609375,4487.2471286939535,4383.8057861328125,4487.2471286939535,378500
2024-01-22 09:00:00+09:00,4460.4287109375,4476.7111434232065,4400.087931725762,4415.412574065251,320700
2024-01-23 09:00:00+09:00,4418.28662109375,4509.276698918139,4412.53987933642,4482.458570717266,376300
2024-01-24 09:00:00+09:00,4319.63427734375,4382.8484375,4303.351842151988,4379.017276278409,521700
2024-01-25 09:00:00+09:00,4323.46484375,4340.705066875277,4295.6889287148315,4298.562299235711,359200
2024-01-26 09:00:00+09:00,4284.1962890625,4334.959178246563,4284.1962890625,4329.212436074782,357800
2024-01-29 09:00:00+09:00,4353.15673828125,4353.15673828125,4295.689322594369,4299.520483640161,381900
2024-01-30 09:00:00+09:00,4300.47802734375,4360.818810355478,4298.5624469306795,4341.6630062247705,309600
2024-01-31 09:00:00+09:00,4337.83154296875,4340.704913388027,4259.2927515085075,4269.828443045857,410600
2024-02-01 09:00:00+09:00,4316.76025390625,4350.282909527887,4289.94212940894,4335.916057118614,367200
2024-02-02 09:00:00+09:00,4342.62060546875,4365.607569414769,4327.29596283807,4346.45176612642,358300
2024-02-05 09:00:00+09:00,4378.05908203125,4418.286271146391,4346.452004869353,4377.101291814223,461000
2024-02-06 09:00:00+09:00,4369.43896484375,4416.370685421862,4363.692223548472,4364.650013764351,510000
2024-02-07 09:00:00+09:00,4367.5234375,4398.172724780701,4331.127408854167,4378.059130002741,626900
2024-02-08 09:00:00+09:00,4171.17626953125,4187.458702730339,4108.919907299441,4166.387318590341,1760300
2024-02-09 09:00:00+09:00,4112.7509765625,4184.5852390781465,4106.046445394373,4142.442471735634,918700
2024-02-13 09:00:00+09:00,4165.4296875,4174.049799522879,4091.679840193148,4137.653770981835,780600
2024-02-14 09:00:00+09:00,4099.341796875,4154.8936249634935,4087.8483152015187,4147.231303847839,767900
2024-02-15 09:00:00+09:00,4096.46875,4127.118036883329,4083.0596869885435,4123.286876022913,598500
2024-02-16 09:00:00+09:00,4145.31591796875,4179.796364606198,4098.3841989344455,4106.046520409434,610600
2024-02-19 09:00:00+09:00,4193.2060546875,4197.037215998315,4130.949683386749,4145.316538302307,354400
2024-02-20 09:00:00+09:00,4124.2451171875,4220.981939490319,4124.2451171875,4203.7417137333805,587900
2024-02-21 09:00:00+09:00,4114.6669921875,4140.527329428902,4086.891074409698,4124.244894869501,562700
2024-02-22 09:00:00+09:00,4095.5107421875,4124.244447113979,4095.5107421875,4113.7087553076035,571700
2024-02-26 09:00:00+09:00,4104.13037109375,4138.610812951247,4084.01678001021,4095.5102606293754,557200
2024-02-27 09:00:00+09:00,4052.41015625,4087.8483920763415,4029.423192470752,4087.8483920763415,660500
2024-02-28 09:00:00+09:00,4045.705810546875,4073.4817263863306,4005.478622089733,4027.507796721025,782300
2024-02-29 09:00:00+09:00,4134.7802734375,4141.484804805131,4008.351967647889,4042.8324146814193,2905300
2024-03-01 09:00:00+09:00,4176.92333984375,4176.92333984375,4095.5111674322116,4111.793601914519,583200
2024-03-04 09:00:00+09:00,4227.6865234375,4231.517684763678,4129.991909619959,4176.923635865641,620200
2024-03-05 09:00:00+09:00,4222.89697265625,4238.221615786779,4160.6406099384785,4214.276860895327,485500
2024-03-06 09:00:00+09:00,4214.27685546875,4235.348239746094,4170.218506525213,4184.585359441584,550200
2024-03-07 09:00:00+09:00,4321.54931640625,4321.54931640625,4216.19239601514,4232.474829166494,673000
2024-03-08 09:00:00+09:00,4283.23779296875,4289.942324397815,4227.685961127921,4259.293037864944,667400
2024-03-11 09:00:00+09:00,4161.59814453125,4264.081689172181,4112.750847552862,4251.630417393376,655000
2024-03-12 09:00:00+09:00,4110.8349609375,4141.484243032094,4062.945457664696,4137.65308277027,590600
2024-03-13 09:00:00+09:00,4107.0048828125,4154.894398703504,4072.5244313709773,4110.8360440837805,465300
2024-03-14 09:00:00+09:00,4141.4853515625,4154.894416068021,4089.76467418406,4091.680254827706,472900
2024-03-15 09:00:00+09:00,4184.58544921875,4224.812638247633,4140.527099329974,4151.062791694681,686800
2024-03-18 09:00:00+09:00,4240.13720703125,4254.504060002894,4187.458746135221,4197.036648116317,419900
2024-03-19 09:00:00+09:00,4316.76025390625,4320.591414548723,4232.474719771848,4260.250634429775,474900
2024-03-21 09:00:00+09:00,4321.54931640625,4355.07197289433,4297.604561771906,4331.127218259987,516700
2024-03-22 09:00:00+09:00,4331.12744140625,4343.578714457617,4293.773622252149,4319.633958589604,471400
2024-03-25 09:00:00+09:00,4325.38037109375,4373.269879188233,4314.844679312963,4357.945236597999,475500
2024-03-26 09:00:00+09:00,4267.9130859375,4325.380497328041,4242.052750811757,4311.9714346702485,479700
2024-03-27 09:00:00+09:00,4291.85791015625,4325.380567343366,4282.280008102788,4321.549406521982,828500
2024-03-28 09:00:00+09:00,4177.1123046875,4294.750278180546,4174.219567634393,4290.893295443069,699700
2024-03-29 09:00:00+09:00,4221.46826171875,4269.68055342408,4206.040328373044,4206.040328373044,227300
2024-04-01 09:00:00+09:00,4211.8251953125,4265.822954226763,4210.860949617602,4242.681057549222,301300
2024-04-02 09:00:00+09:00,4161.68505859375,4227.253775920992,4151.078354320226,4217.611317490515,528900
2024-04-03 09:00:00+09:00,4126.00732421875,4149.149220872466,4107.686656034558,4126.971569912655,633600
2024-04-04 09:00:00+09:00,4126.00732421875,4167.469889056657,4109.615147422368,4135.649781157798,459000
2024-04-05 09:00:00+09:00,4175.18408203125,4178.076819270533,4109.615371274177,4109.615371274177,323700
2024-04-08 09:00:00+09:00,4188.68310546875,4211.825001079074,4160.719981606275,4170.3624381105765,312100
2024-04-09 09:00:00+09:00,4182.89794921875,4208.932583757456,4156.863314680044,4194.46889790262,254100
2024-04-10 09:00:00+09:00,4192.54052734375,4212.789688124389,4178.076841071865,4197.361756101045,189200
2024-04-11 09:00:00+09:00,4142.39990234375,4148.1853770676935,4111.544037149383,4144.3283939183975,355600
2024-04-12 09:00:00+09:00,4153.970703125,4173.255618181291,4129.864559304637,4136.614279574338,309700
2024-04-15 09:00:00+09:00,4131.79248046875,4142.39918228559,4101.900866257657,4130.8282348490375,389000
2024-04-16 09:00:00+09:00,4059.474853515625,4103.830160703682,4037.297199921597,4099.008931661502,546900
2024-04-17 09:00:00+09:00,3985.227783203125,4064.295936656465,3985.227783203125,4059.474707787359,486800
2024-04-18 09:00:00+09:00,3996.798828125,4037.297151594542,3991.977599140531,4005.477040297045,334100
2024-04-19 09:00:00+09:00,3946.65771484375,3991.013017771386,3905.1951490635693,3984.2632977606586,476600
2024-04-22 09:00:00+09:00,4079.7236328125,4088.401844274403,4013.190678271242,4014.1549239892315,395900
2024-04-23 09:00:00+09:00,4059.474853515625,4098.044685853066,4053.689378665009,4095.151948427758,357700
2024-04-24 09:00:00+09:00,4017.047607421875,4044.0464871645086,3996.7984476148995,4001.61967614037,408400
2024-04-25 09:00:00+09:00,3931.230224609375,4017.048102948898,3931.230224609375,3993.9062031719477,499900
2024-04-26 09:00:00+09:00,3928.337158203125,3951.4790560423185,3902.302523134032,3931.229895433024,639100
2024-04-30 09:00:00+09:00,3986.192138671875,4010.298283680776,3954.3720272601254,3972.6926974668904,551800
2024-05-01 09:00:00+09:00,3965.942626953125,3996.798489842135,3958.228661230872,3982.3348041129116,265800
2024-05-02 09:00:00+09:00,3957.2646484375,3996.7987250909937,3952.443419577318,3983.2992842824838,301900
2024-05-07 09:00:00+09:00,3936.05126953125,3958.2289224462966,3913.873616616204,3953.407693551721,460800
2024-05-08 09:00:00+09:00,3879.16064453125,3961.1215331181643,3879.16064453125,3936.0511436680495,442000
2024-05-09 09:00:00+09:00,3892.66015625,3919.6590376904264,3866.6255205753037,3899.409876610107,287300
2024-05-10 09:00:00+09:00,3905.195556640625,3937.979914400077,3887.8391319444445,3893.624606843171,302300
2024-05-13 09:00:00+09:00,3911.94482421875,3935.0867211330337,3894.5884015330366,3898.445384352084,371100
2024-05-14 09:00:00+09:00,3946.65771484375,3964.978383444295,3912.9091147901145,3912.9091147901145,689700
2024-05-15 09:00:00+09:00,3910.980712890625,4014.155006845087,3901.338255511703,3908.0879756769486,761200
2024-05-16 09:00:00+09:00,3847.34033203125,3948.5861302425988,3830.948155177984,3948.5861302425988,646900
2024-05-17 09:00:00+09:00,3864.69677734375,3883.9816914023518,3836.733651958778,3847.340354691009,465500
2024-05-20 09:00:00+09:00,3888.80322265625,3937.01551155603,3876.268027542307,3876.268027542307,351000
2024-05-21 09:00:00+09:00,3894.588623046875,3916.766275517803,3882.0534281720024,3905.195326402536,314700
2024-05-22 09:00:00+09:00,3933.158447265625,3959.1930827341644,3869.5182272314178,3892.660125425675,496300
2024-05-23 09:00:00+09:00,3926.40869140625,3987.1561736161207,3915.8019881632567,3968.835504378223,483600
2024-05-24 09:00:00+09:00,3913.873779296875,3939.9084164097144,3885.9106505460472,3901.338583649952,373800
2024-05-27 09:00:00+09:00,3961.12158203125,3961.12158203125,3916.7662770717957,3931.229963471618,342100
2024-05-28 09:00:00+09:00,3947.6220703125,3987.1561457601824,3939.9081043714887,3948.5863160551266,373200
2024-05-29 09:00:00+09:00,3905.195556640625,3966.907288893711,3903.2670650077157,3933.1586853178046,420800
2024-05-30 09:00:00+09:00,3934.122802734375,3948.5864895091336,3866.6255977855008,3886.874759270163,462800
2024-05-31 09:00:00+09:00,3975.585205078125,4015.119280607643,3929.30140933625,3933.1583923147396,2113700
2024-06-03 09:00:00+09:00,3991.01318359375,4037.2969798760646,3985.2277090584607,4001.619886908447,445600
2024-06-04 09:00:00+09:00,3986.192138671875,4003.5485630782837,3959.193256261906,3960.1575020622618,390800
2024-06-05 09:00:00+09:00,3980.406494140625,4020.904816028684,3957.264595918877,3964.9785619927934,399100
2024-06-06 09:00:00+09:00,3977.513916015625,3990.049111387311,3934.1228551136364,3953.407771070076,434500
2024-06-07 09:00:00+09:00,3959.193115234375,3988.1204882146553,3936.051216850151,3976.5495390225433,312200
2024-06-10 09:00:00+09:00,4031.51171875,4057.546355536953,3964.0145122653075,3964.0145122653075,441000
2024-06-11 09:00:00+09:00,4029.582763671875,4066.224100120674,4018.0118153196227,4044.04644911219,365800
2024-06-12 09:00:00+09:00,3987.156005859375,4051.760468348511,3982.3347773154096,4020.9046056671327,552700
2024-06-13 09:00:00+09:00,3937.015380859375,3993.905879872528,3934.1226436214183,3987.1561596506285,451100
2024-06-14 09:00:00+09:00,3947.6220703125,3977.5136883339187,3915.8019608058285,3915.8019608058285,672800
2024-06-17 09:00:00+09:00,3810.69921875,3934.122675227733,3810.69921875,3934.122675227733,684600
2024-06-18 09:00:00+09:00,3806.84228515625,3847.3406073387637,3801.056810558748,3836.73390391001,533900
2024-06-19 09:00:00+09:00,4003.548583984375,4012.226796232896,3849.2692551217788,3876.2681376727332,789500
2024-06-20 09:00:00+09:00,3931.230224609375,4025.726315365254,3905.1955873603065,4025.726315365254,509000
2024-06-21 09:00:00+09:00,3973.65673828125,4019.9405343107333,3973.65673828125,3977.513721283707,753900
2024-06-24 09:00:00+09:00,4008.36962890625,4026.6902983672117,3973.6567815065328,3973.6567815065328,459900
2024-06-25 09:00:00+09:00,4058.5107421875,4078.75990483562,4033.4403503374465,4038.26157953938,409000
2024-06-26 09:00:00+09:00,4065.26025390625,4078.7596949770964,4034.404388601459,4056.582041789278,496500
2024-06-27 09:00:00+09:00,4087.437744140625,4104.794167682623,4057.546125818294,4057.546125818294,490400
2024-06-28 09:00:00+09:00,4121.185546875,4134.684984791765,4086.4727065176066,4112.507336785652,417100
2024-07-01 09:00:00+09:00,4099.97314453125,4173.255825383643,4057.5463293009175,4154.935155170545,411800
2024-07-02 09:00:00+09:00,4131.79248046875,4158.791357820704,4080.6874626239787,4086.472936342255,557900
2024-07-03 09:00:00+09:00,4099.97314453125,4134.685993356068,4091.2949323250455,4131.7932559539995,426500
2024-07-04 09:00:00+09:00,4122.150390625,4155.898990314327,4100.936985105994,4126.007373446638,255700
2024-07-05 09:00:00+09:00,4110.57958984375,4145.29243648564,4096.1159037429625,4122.15053872438,318300
2024-07-08 09:00:00+09:00,4116.365234375,4132.757412633227,4099.008810336876,4110.579759695625,326800
2024-07-09 09:00:00+09:00,4126.00732421875,4145.292238096847,4085.509005074747,4132.757044076084,372500
2024-07-10 09:00:00+09:00,4144.32861328125,4155.899563341598,4102.866042231671,4146.257104957975,501600
2024-07-11 09:00:00+09:00,4146.2568359375,4166.5059972292875,4136.614378179506,4144.328344385901,486700
2024-07-12 09:00:00+09:00,4172.291015625,4200.254140065288,4135.6496801515195,4147.220628195777,419700
2024-07-16 09:00:00+09:00,4072.97412109375,4173.255680893407,4072.97412109375,4172.291435126102,409600
2024-07-17 09:00:00+09:00,4117.32958984375,4127.936293705175,4078.7597576203893,4083.5809866483096,352700
2024-07-18 09:00:00+09:00,4078.75927734375,4137.5782645583995,4073.9380488835327,4075.8665402676197,404400
2024-07-19 09:00:00+09:00,4100.9375,4103.830237479427,4052.7252086762287,4078.759845991065,442100
2024-07-22 09:00:00+09:00,4126.00732421875,4147.220729484656,4105.758164646749,4107.686656034558,405400
2024-07-23 09:00:00+09:00,4116.365234375,4150.113836671351,4088.402106758023,4117.3294801548955,362000
2024-07-24 09:00:00+09:00,4011.262451171875,4093.2233426020694,4008.36971382728,4093.2233426020694,348300
2024-07-25 09:00:00+09:00,4009.333740234375,4037.2968663687657,3981.370614099984,4006.4410030480585,530700
2024-07-26 09:00:00+09:00,4009.333740234375,4036.3326206399934,3972.6924025410353,4019.9404432508677,418000
2024-07-29 09:00:00+09:00,4083.5810546875,4101.901725298849,4034.404517783353,4045.9754676431526,404900
2024-07-30 09:00:00+09:00,4053.68896484375,4063.331421943759,4027.654330673726,4049.8319820037464,417900
2024-07-31 09:00:00+09:00,4151.078125,4161.684828687573,4065.26024970964,4067.188741289199,526100
2024-08-01 09:00:00+09:00,4034.404052734375,4122.150412389927,4006.4409271298587,4099.972761048413,519000
2024-08-02 09:00:00+09:00,3854.09033203125,4027.6545701512464,3854.09033203125,4009.333900571913,728100
2024-08-05 09:00:00+09:00,3655.45556640625,3845.4119754228764,3617.849982895344,3704.632098689742,824500
2024-08-06 09:00:00+09:00,3904.231201171875,3958.228965376771,3805.878130655814,3837.6982417051277,756800
2024-08-07 09:00:00+09:00,4006.44091796875,4066.224151883085,3837.6979190169977,3837.6979190169977,711800
2024-08-08 09:00:00+09:00,3988.120361328125,4072.0097403019035,3940.8723202969168,3953.407514856217,570700
2024-08-09 09:00:00+09:00,3966.906982421875,4033.4399386170885,3946.6578218407226,4020.9047439716137,660600
2024-08-13 09:00:00+09:00,3985.227783203125,4009.3339275486555,3927.3730367738513,3981.37080010784,410000
2024-08-14 09:00:00+09:00,3989.084716796875,4040.189742175225,3954.371869370071,3985.2277337494525,507000
2024-08-15 09:00:00+09:00,3997.762939453125,4048.86796496953,3992.9417106308224,4012.226625920032,388700
2024-08-16 09:00:00+09:00,4027.654296875,4086.4732846914653,4003.5481543272685,4065.2598792494614,424900
2024-08-19 09:00:00+09:00,4021.868896484375,4049.832022353003,3985.2275591392768,3991.9772791765317,285600
2024-08-20 09:00:00+09:00,4088.402099609375,4088.402099609375,4045.9752853681453,4048.868022702775,390000
2024-08-21 09:00:00+09:00,4105.7587890625,4107.6872807436,4045.9755469483916,4064.296217918844,310900
2024-08-22 09:00:00+09:00,4153.970703125,4153.970703125,4106.722661237088,4116.365118765233,330300
2024-08-23 09:00:00+09:00,4194.46875,4194.46875,4139.506745689655,4150.1134482758625,442900
2024-08-26 09:00:00+09:00,4243.6455078125,4249.430982260778,4179.041043140053,4197.361712226269,340100
2024-08-27 09:00:00+09:00,4244.60986328125,4279.322710868284,4234.003159851878,4247.502600580169,325500
2024-08-28 09:00:00+09:00,4273.537109375,4289.929286915472,4240.752754294055,4244.609737244754,373600
2024-08-29 09:00:00+09:00,4322.7138671875,4322.7138671875,4251.359678882375,4271.608840428424,381000
2024-08-30 09:00:00+09:00,4311.142578125,4319.820789532543,4283.179452478473,4287.036435326269,664800
2024-09-02 09:00:00+09:00,4301.50048828125,4313.071437812605,4247.502723801593,4309.214454635487,297600
2024-09-03 09:00:00+09:00,4339.10595703125,4339.10595703125,4272.572999023438,4286.072439778645,288200
2024-09-04 09:00:00+09:00,4341.99853515625,4382.496855937187,4246.538207601183,4284.143791183482,574400
2024-09-05 09:00:00+09:00,4375.7470703125,4404.67444186591,4317.89232720568,4339.1057330115145,437900
2024-09-06 09:00:00+09:00,4367.06884765625,4422.030853466894,4345.855441904773,4375.747059100036,424800
2024-09-09 09:00:00+09:00,4348.74853515625,4368.033451054947,4291.858033255093,4299.571999614572,374800
2024-09-10 09:00:00+09:00,4374.783203125,4423.959739020828,4341.034600059235,4348.748566474267,521200
2024-09-11 09:00:00+09:00,4211.8251953125,4368.032997885904,4191.576035719651,4358.390540936928,747500
2024-09-12 09:00:00+09:00,4306.32177734375,4345.855855460878,4214.718425608941,4227.253621109494,564800
2024-09-13 09:00:00+09:00,4299.57177734375,4319.820937990581,4255.21647306974,4293.786302873226,718900
2024-09-17 09:00:00+09:00,4339.10595703125,4358.390872395833,4263.894787109375,4329.463499348958,768700
2024-09-18 09:00:00+09:00,4248.46630859375,4314.035012403186,4207.0037458907245,4309.213784181904,802100
2024-09-19 09:00:00+09:00,4284.14404296875,4314.9999082343365,4243.645719807668,4289.929517706048,540900
2024-09-20 09:00:00+09:00,4240.75244140625,4327.534551394099,4227.253002074806,4285.107742066706,709100
2024-09-24 09:00:00+09:00,4287.03662109375,4311.142764937057,4247.502545190727,4260.037739989246,716700
2024-09-25 09:00:00+09:00,4288.0009765625,4300.5361716817515,4234.967458750281,4280.287010335268,406900
2024-09-26 09:00:00+09:00,4309.2138671875,4320.78481514146,4252.323373080527,4303.428393210519,1127500
2024-09-27 09:00:00+09:00,4358.72314453125,4360.664669317232,4284.945202663906,4327.658747955526,571600
2024-09-30 09:00:00+09:00,4292.71142578125,4334.45420988541,4224.7580563093625,4227.670343572443,574300
2024-10-01 09:00:00+09:00,4241.2607421875,4292.711147162537,4195.63491136058,4292.711147162537,426400
2024-10-02 09:00:00+09:00,4195.63525390625,4227.670414336353,4171.366192974354,4227.670414336353,411300
2024-10-03 09:00:00+09:00,4261.64697265625,4279.120696006549,4233.494862814102,4261.64697265625,494700
2024-10-04 09:00:00+09:00,4261.64697265625,4300.477468990248,4261.64697265625,4271.3545967397495,471500
2024-10-07 09:00:00+09:00,4281.06201171875,4301.4480212983635,4256.792952695401,4276.20819991408,442000
2024-10-08 09:00:00+09:00,4259.705078125,4271.354226014129,4222.816109809423,4222.816109809423,366600
2024-10-09 09:00:00+09:00,4231.5537109375,4297.565560523128,4228.6414234557815,4279.121073138908,197400
2024-10-10 09:00:00+09:00,4219.904296875,4248.056407436163,4199.518285778985,4231.553446072722,225500
2024-10-11 09:00:00+09:00,4158.74609375,4219.904124540441,4154.863044176004,4186.898203161473,347200
2024-10-15 09:00:00+09:00,4179.13232421875,4196.606048222452,4143.214113766696,4158.746312881098,392400
2024-10-16 09:00:00+09:00,4124.76904296875,4203.400789845773,4124.76904296875,4177.190207553432,331300
2024-10-17 09:00:00+09:00,4124.76904296875,4140.3012398827295,4100.499985290657,4117.00294451176,286700
2024-10-18 09:00:00+09:00,4114.0908203125,4145.15521536913,4107.295483893862,4129.623017840815,239300
2024-10-21 09:00:00+09:00,4073.318603515625,4113.1198577444475,4073.318603515625,4092.7338494809046,203900
2024-10-22 09:00:00+09:00,4013.1318359375,4062.6407192545807,4008.2780238475902,4051.962332656779,243600
2024-10-23 09:00:00+09:00,3984.9794921875,4043.225233851629,3983.0379674653623,4029.6345607966655,243200
2024-10-24 09:00:00+09:00,3941.29541015625,3984.979718889509,3939.353885323661,3980.125906808036,410900
2024-10-25 09:00:00+09:00,3928.67529296875,3974.3011241448144,3912.1723327561313,3969.4473123175735,371900
2024-10-28 09:00:00+09:00,3956.827392578125,3977.2134022062264,3916.0553733219226,3928.6752840440804,299400
2024-10-29 09:00:00+09:00,3997.599365234375,3999.5408899382287,3953.915059397671,3976.2425934919866,305000
2024-10-30 09:00:00+09:00,4002.453369140625,4029.634716299475,3980.125833974427,3997.5995571479734,950300
2024-10-31 09:00:00+09:00,4036.429931640625,4046.1375553338444,4001.482486345035,4028.6638326860493,552200
2024-11-01 09:00:00+09:00,3810.2421875,3914.1137579617834,3807.329900477707,3862.6633539012737,990200
2024-11-05 09:00:00+09:00,3851.985107421875,3851.985107421875,3799.563939125307,3822.862236146004,536700
2024-11-06 09:00:00+09:00,3817.037841796875,3881.1081616235774,3817.037841796875,3851.0145265534593,548600
2024-11-07 09:00:00+09:00,3848.10205078125,3886.9325457437244,3820.9207043075176,3821.8914666815795,639900
2024-11-08 09:00:00+09:00,3865.575927734375,3913.1432859611414,3848.1022043041344,3872.3712646239132,527500
2024-11-11 09:00:00+09:00,3873.341796875,3886.932469846491,3837.423589736059,3846.1604509320177,401800
2024-11-12 09:00:00+09:00,3899.55224609375,3915.0844432402528,3870.429376444058,3892.7569098421554,557600
2024-11-13 09:00:00+09:00,3910.23095703125,3942.266116311794,3893.7279961897575,3898.5818082019614,531200
2024-11-14 09:00:00+09:00,3861.692626953125,3943.236664324684,3860.7218646034635,3913.14303148518,660500
2024-11-15 09:00:00+09:00,3819.9501953125,3912.1726269655337,3811.2133333664233,3911.201864527081,512800
2024-11-18 09:00:00+09:00,3865.575927734375,3887.9034632285716,3824.8039063971464,3846.160679478552,382200
2024-11-19 09:00:00+09:00,3882.07861328125,3905.3769095350012,3869.4587028104684,3884.020137969063,555500
2024-11-20 09:00:00+09:00,3868.48828125,3894.6988668444164,3863.6344691028858,3866.5467563911543,392100
2024-11-21 09:00:00+09:00,3849.072998046875,3901.4941687642854,3832.570036895098,3878.1958706676587,501600
2024-11-22 09:00:00+09:00,3870.429443359375,3884.0201160975316,3844.218860221501,3844.218860221501,475900
2024-11-25 09:00:00+09:00,3935.470703125,3970.4181489346943,3898.5817325481007,3902.464782082511,2012800
2024-11-26 09:00:00+09:00,3995.658203125,4002.4535402051447,3920.90949524341,3937.412456723761,533200
2024-11-27 09:00:00+09:00,3949.0615234375,4019.9271800773568,3930.6170374627427,4010.219555880116,492900
2024-11-28 09:00:00+09:00,3975.272216796875,3976.2429792429793,3945.1785809676435,3959.7400176592073,317800
2024-11-29 09:00:00+09:00,3985.9501953125,4010.219253978553,3965.5641860330156,3974.301047152795,470100
2024-12-02 09:00:00+09:00,4028.6640625,4032.547112198795,3949.0615436746984,3973.3306042921686,461500
2024-12-03 09:00:00+09:00,4094.67578125,4100.500355618777,4034.488512772641,4044.196136720602,665100
2024-12-04 09:00:00+09:00,4083.997314453125,4090.7926510828306,4050.9913936802686,4090.7926510828306,385300
2024-12-05 09:00:00+09:00,4083.997314453125,4091.763413458503,4033.5176709181683,4086.9096015801415,488800
2024-12-06 09:00:00+09:00,4027.69287109375,4095.6462335850883,4027.69287109375,4092.733946621174,405900
2024-12-09 09:00:00+09:00,4021.868408203125,4038.371368120927,4001.4823988928993,4038.371368120927,371200
2024-12-10 09:00:00+09:00,4013.1318359375,4057.786907164671,3992.745825159878,4056.816144746689,386200
2024-12-11 09:00:00+09:00,4005.36572265625,4016.0441092168944,3988.862761607981,4010.21953472927,385500
2024-12-12 09:00:00+09:00,4065.552734375,4081.0849320230423,4024.78071554889,4037.400626137924,475400
2024-12-13 09:00:00+09:00,4036.429931640625,4065.552802720283,4012.1608724075763,4017.985446623508,521800
2024-12-16 09:00:00+09:00,4004.39501953125,4040.313229403409,3990.8043455255684,4036.4301796875,262100
2024-12-17 09:00:00+09:00,3989.83349609375,4029.6347548139065,3982.0673968312803,3993.716545724985,370900
2024-12-18 09:00:00+09:00,3957.79833984375,3992.745786553187,3942.2661413062224,3989.8334993274007,261000
2024-12-19 09:00:00+09:00,3950.031982421875,3960.7103682185425,3905.376914544901,3912.172250960962,381700
2024-12-20 09:00:00+09:00,3946.149169921875,3970.4182300074954,3929.646209063653,3970.4182300074954,611800
2024-12-23 09:00:00+09:00,3946.149169921875,3958.7690811663974,3919.9385850294047,3958.7690811663974,357100
2024-12-24 09:00:00+09:00,3930.616943359375,3954.886003271448,3926.733893773443,3942.26609211717,265300
2024-12-25 09:00:00+09:00,3924.792236328125,3930.61681051016,3881.10792996286,3917.0261374187444,404000
2024-12-26 09:00:00+09:00,3960.710693359375,3960.710693359375,3913.1433345420687,3921.8801963656556,433700
2024-12-27 09:00:00+09:00,4013.1318359375,4013.1318359375,3951.973803604635,3955.856853276563,466000
2024-12-30 09:00:00+09:00,3996.62890625,4037.400928125759,3971.3890831840536,4026.722541444012,448200
2025-01-06 09:00:00+09:00,3993.71630859375,4013.1315555971228,3967.5057251391972,4004.394694445605,499800
2025-01-07 09:00:00+09:00,3988.862548828125,4019.926944438371,3978.184162837103,4013.1316078986297,344100
2025-01-08 09:00:00+09:00,3945.178466796875,3983.0382010993058,3945.178466796875,3980.125913845273,332400
2025-01-09 09:00:00+09:00,3878.19580078125,3937.412307376408,3878.19580078125,3931.587732957212,310800
2025-01-10 09:00:00+09:00,3847.13134765625,3900.5232790519335,3847.13134765625,3872.3711697705735,389300
2025-01-14 09:00:00+09:00,3781.119384765625,3858.7803734129293,3753.9380387390684,3847.131225115834,623400
2025-01-15 09:00:00+09:00,3782.09033203125,3813.1547290089193,3766.5581335424154,3796.6517681145324,365600
2025-01-16 09:00:00+09:00,3753.93798828125,3807.3299172586144,3753.93798828125,3781.1193339424535,499800
2025-01-17 09:00:00+09:00,3723.84423828125,3751.025583086223,3710.2535658787638,3747.14253382837,387100
2025-01-20 09:00:00+09:00,3713.166259765625,3743.2598948120917,3713.166259765625,3725.786171236724,244700
2025-01-21 09:00:00+09:00,3730.639892578125,3741.3182789477214,3716.0784566195844,3737.435229358777,255700
2025-01-22 09:00:00+09:00,3744.230712890625,3756.850624549318,3726.756989055512,3736.4646134083528,346800
2025-01-23 09:00:00+09:00,3746.171875,3756.8502607540813,3722.873578809277,3736.4642515871988,416200
2025-01-24 09:00:00+09:00,3732.581298828125,3796.6516150108705,3732.581298828125,3777.236367682766,425900
2025-01-27 09:00:00+09:00,3801.50537109375,3811.21299461544,3763.6456393591598,3779.1778369938634,448900
2025-01-28 09:00:00+09:00,3856.839111328125,3879.166647084618,3816.06708951192,3819.950139208702,465000
2025-01-29 09:00:00+09:00,3861.692626953125,3875.283299848385,3828.6867070646367,3851.9850034565106,427600
2025-01-30 09:00:00+09:00,3887.9033203125,3899.552468837781,3838.3944390800566,3853.926637113764,571500
2025-01-31 09:00:00+09:00,3838.39453125,3860.7220664595975,3814.125471239567,3859.7513040591803,608500
2025-02-03 09:00:00+09:00,3781.119384765625,3824.8036908797335,3780.148622407534,3812.183780224547,522300
2025-02-04 09:00:00+09:00,3754.908935546875,3808.300867153669,3754.908935546875,3781.1195201538467,680300
2025-02-05 09:00:00+09:00,3634.5341796875,3727.7273637820513,3631.6218926845454,3718.019740438869,1398700
2025-02-06 09:00:00+09:00,3622.885009765625,3685.013798786257,3622.885009765625,3644.2417809914673,856000
2025-02-07 09:00:00+09:00,3614.148193359375,3637.4464895292986,3591.820659529865,3637.4464895292986,501200
2025-02-10 09:00:00+09:00,3645.212890625,3674.3357632531624,3623.8561173643475,3635.5052664156124,480800
2025-02-12 09:00:00+09:00,3554.931884765625,3645.212787355249,3531.6335873231415,3645.212787355249,1121100
2025-02-13 09:00:00+09:00,3565.6103515625,3591.8209367768172,3557.8442522397395,3585.9963622847467,818800
2025-02-14 09:00:00+09:00,3555.902587890625,3588.9085087173466,3538.428865100008,3572.405548303986,722500
2025-02-17 09:00:00+09:00,3551.049072265625,3585.996520762498,3542.312210141407,3585.996520762498,536100
2025-02-18 09:00:00+09:00,3572.40576171875,3597.6455850352413,3543.28288866126,3545.2244135317596,527400
2025-02-19 09:00:00+09:00,3531.633544921875,3589.8792878287777,3531.633544921875,3572.4055649567067,753300
2025-02-20 09:00:00+09:00,3528.721435546875,3550.0782090219864,3507.364662071763,3519.9845736706925,704700
2025-02-21 09:00:00+09:00,3542.31201171875,3580.171745469649,3534.545912487796,3536.4874372955346,613900
2025-02-25 09:00:00+09:00,3676.27734375,3685.014205670716,3547.165939810536,3554.9320392956165,1004500
2025-02-26 09:00:00+09:00,3751.99658203125,3764.616492915184,3676.2771167276437,3678.2186414790185,1051700
2025-02-27 09:00:00+09:00,3810.2421875,3826.745147292994,3743.2595859872613,3765.5871198248406,826700
2025-02-28 09:00:00+09:00,3813.15478515625,3849.072994690563,3787.9149622402465,3841.3068953317925,1563200
2025-03-03 09:00:00+09:00,3815.09619140625,3841.3067759273617,3750.055111298306,3814.1254290165793,631900
2025-03-04 09:00:00+09:00,3808.301025390625,3867.5175338150016,3791.7980640264545,3815.0963624229307,689400
2025-03-05 09:00:00+09:00,3851.985107421875,3866.5465430598106,3821.8914737701416,3834.511384656352,656600
2025-03-06 09:00:00+09:00,3836.453125,3849.073036595395,3805.3887272267207,3834.5116001391702,413200
2025-03-07 09:00:00+09:00,3806.359375,3853.9267326574854,3791.7979389824027,3795.6809885870953,566100
2025-03-10 09:00:00+09:00,3876.254150390625,3878.1956751341218,3819.9499328292286,3836.4528931489485,581100
2025-03-11 09:00:00+09:00,3825.774658203125,3860.722104966716,3811.2132220516287,3844.21914399502,699400
2025-03-12 09:00:00+09:00,3843.248291015625,3872.3711626323134,3785.9733101694715,3785.9733101694715,1053100
2025-03-13 09:00:00+09:00,3878.19580078125,3896.640286442037,3840.3360670564766,3843.248354266075,668900
2025-03-14 09:00:00+09:00,3858.780517578125,3906.3478749017295,3853.9267056063286,3853.9267056063286,633100
2025-03-17 09:00:00+09:00,3911.20166015625,3929.646145523083,3888.8741252385053,3894.6986995648736,630300
2025-03-18 09:00:00+09:00,3913.14306640625,3956.8273725308545,3913.14306640625,3936.441363006039,535900
2025-03-19 09:00:00+09:00,3941.29541015625,3953.9153215680803,3904.4064383370537,3913.1433000837055,373300
2025-03-21 09:00:00+09:00,3943.23681640625,3965.5643513095843,3908.2893704705966,3908.2893704705966,654500
2025-03-24 09:00:00+09:00,3874.312744140625,3940.3245874384356,3867.517407330556,3940.3245874384356,527600
2025-03-25 09:00:00+09:00,3864.60498046875,3885.9617525286126,3849.072782607032,3878.1956535977533,477000
2025-03-26 09:00:00+09:00,3866.546630859375,3899.552552388177,3854.8974820845037,3883.049591623776,573800
2025-03-27 09:00:00+09:00,3906.347900390625,3919.938574000334,3858.7805427566436,3861.6928299587244,1047700
2025-03-28 09:00:00+09:00,4047.187744140625,4049.143852281824,3961.118985927871,4025.6705545874365,1441600
2025-03-31 09:00:00+09:00,3936.66748046875,4005.131262737772,3916.1283457880436,4000.240992575699,801700
2025-04-01 09:00:00+09:00,3945.469970703125,4004.1532127066416,3920.040565834934,4004.1532127066416,541500
2025-04-02 09:00:00+09:00,3867.225830078125,3953.2945890682304,3845.708640330599,3953.2945890682304,531000
2025-04-03 09:00:00+09:00,3938.623779296875,3954.2726445734456,3787.025396930097,3808.5425866853816,700700
2025-04-04 09:00:00+09:00,3958.184814453125,3999.2630853221717,3911.238219174215,3938.6237330869126,816400
2025-04-07 09:00:00+09:00,3788.00341796875,3877.006338452911,3712.693254482152,3752.7934714035873,781500
2025-04-08 09:00:00+09:00,3874.072265625,3891.677239313778,3776.2668562429,3853.5331296547593,783300
2025-04-09 09:00:00+09:00,3842.7744140625,3870.159927830316,3775.2886837060955,3828.1036031154554,597000
2025-04-10 09:00:00+09:00,4012.955810546875,4012.955810546875,3878.9624042478445,3940.579810064187,578200
2025-04-11 09:00:00+09:00,4006.109375,4009.0435371398926,3945.4700241088867,3970.899429321289,491800
2025-04-14 09:00:00+09:00,4035.451171875,4058.9244700148447,3989.4826296844703,4006.1095492001937,418300
2025-04-15 09:00:00+09:00,4008.065673828125,4065.7708653254062,3995.3509706168597,4054.0342162073152,355400
2025-04-16 09:00:00+09:00,4028.604736328125,4028.604736328125,3954.272626602236,4000.2411681432463,381900
2025-04-17 09:00:00+09:00,4024.6923828125,4043.2754096104195,4010.021572182564,4028.604598980483,202100
2025-04-18 09:00:00+09:00,4057.946044921875,4063.814368920316,4023.71415493097,4041.3191269262925,248200
2025-04-21 09:00:00+09:00,4104.89306640625,4105.871120508325,4043.275657975563,4051.100090792158,311500
2025-04-22 09:00:00+09:00,4152.81787109375,4167.488683167798,4107.827380733337,4107.827380733337,420400
2025-04-23 09:00:00+09:00,4164.55419921875,4187.049442662158,4132.278415147774,4171.400577658048,634200
2025-04-24 09:00:00+09:00,4052.077880859375,4157.707717000531,4042.2973404759346,4131.300257965242,495500
2025-04-25 09:00:00+09:00,4011.977783203125,4048.1657836854542,3980.680053056245,4029.5827564107444,509900
2025-04-28 09:00:00+09:00,4009.043701171875,4043.2755942045696,3986.548457178961,3997.3070521320938,476100
2025-04-30 09:00:00+09:00,3978.72412109375,4019.802393730411,3938.6239025674854,4012.956014957634,929100
2025-05-01 09:00:00+09:00,4048.165771484375,4057.9463121257963,3973.833662609571,3978.723932930282,441700
2025-05-02 09:00:00+09:00,4034.47314453125,4066.7489296875,4013.9340085227273,4045.2317395833334,374800
2025-05-07 09:00:00+09:00,4060.880615234375,4124.454131609672,4059.9025611362936,4100.980833255717,639000
2025-05-08 09:00:00+09:00,4060.880615234375,4081.4197512940864,4019.8023431149522,4058.924507038212,295100
2025-05-09 09:00:00+09:00,4057.946044921875,4081.4193409156387,4019.8019389320093,4043.275234925773,406200
2025-05-12 09:00:00+09:00,4048.165771484375,4070.6610149596445,4015.8899873676837,4059.902420254081,304200
2025-05-13 09:00:00+09:00,4004.1533203125,4043.2754826995297,3996.328887835094,4029.5827258640693,431500
2025-05-14 09:00:00+09:00,3943.513916015625,4009.0435371398926,3935.689483642578,3998.284942626953,580100
2025-05-15 09:00:00+09:00,3903.413818359375,3940.5798732573094,3864.2916553089176,3897.5454939018064,626400
2025-05-16 09:00:00+09:00,3903.413818359375,3928.843224342172,3849.620844164996,3912.2163050457275,642200
2025-05-19 09:00:00+09:00,3957.206787109375,3975.7898145327754,3921.9968404124056,3929.821273011732,492200
2025-05-20 09:00:00+09:00,3851.576904296875,3973.8336623052824,3850.5988502328078,3973.8336623052824,611600
2025-05-21 09:00:00+09:00,3845.708740234375,3875.0503633796015,3845.708740234375,3863.313714121511,511600
2025-05-22 09:00:00+09:00,3798.761962890625,3877.984341622381,3788.0033682480407,3832.0158008767944,550900
2025-05-23 09:00:00+09:00,3814.410888671875,3838.8622405223355,3797.783969413562,3826.147537560096,334600
2025-05-26 09:00:00+09:00,3874.072265625,3875.0503197188214,3817.345128183382,3817.345128183382,329300
2025-05-27 09:00:00+09:00,3867.225830078125,3877.006370872455,3843.752532171733,3849.620856648331,385900
2025-05-28 09:00:00+09:00,3850.5986328125,3903.413549289989,3850.5986328125,3903.413549289989,392400
2025-05-29 09:00:00+09:00,3837.884033203125,3872.115924426904,3830.0596009234037,3843.7523574129154,417400
2025-05-30 09:00:00+09:00,3799.739990234375,3888.7429089245497,3799.739990234375,3819.3010712651826,2155100
2025-06-02 09:00:00+09:00,3799.739990234375,3868.203773842202,3796.805828079754,3837.88409824445,630700
2025-06-03 09:00:00+09:00,3779.200927734375,3816.366982406711,3774.3106573827517,3814.410874266062,522700
2025-06-04 09:00:00+09:00,3768.4423828125,3814.410924725863,3757.6837878966066,3792.893734894076,454100
2025-06-05 09:00:00+09:00,3755.7275390625,3773.3325119018555,3750.8372688293457,3750.8372688293457,319200
2025-06-06 09:00:00+09:00,3801.6962890625,3812.454884169186,3756.7058004345413,3756.7058004345413,366000
2025-06-09 09:00:00+09:00,3787.025390625,3834.950040454707,3782.1351202342134,3819.3011752041903,356200
2025-06-10 09:00:00+09:00,3774.310546875,3799.7399519588944,3760.617790291364,3781.1569251668175,419700
2025-06-11 09:00:00+09:00,3768.4423828125,3781.1570858949194,3753.7715715635545,3759.6398960631327,455500
2025-06-12 09:00:00+09:00,3764.530029296875,3775.2886238207166,3728.342029534863,3768.442245487363,494300
2025-06-13 09:00:00+09:00,3745.947021484375,3759.6397782208714,3731.2762106952714,3755.7275620104438,440100
2025-06-16 09:00:00+09:00,3749.859375,3775.2887812989047,3741.0568882042253,3762.5740781494524,356600
2025-06-17 09:00:00+09:00,3743.990966796875,3755.727615595611,3730.298209865016,3741.056804597191,353300
2025-06-18 09:00:00+09:00,3757.68359375,3757.68359375,3719.5394864735163,3729.32002680082,411200
2025-06-19 09:00:00+09:00,3807.564453125,3818.323047778063,3772.3545069877023,3774.310615106441,372400
2025-06-20 09:00:00+09:00,3829.08154296875,3858.4231639876675,3809.520462289471,3809.520462289471,1377800
2025-06-23 09:00:00+09:00,3826.1474609375,3846.6865960805694,3817.3449744476134,3829.0816231007957,339600
2025-06-24 09:00:00+09:00,3805.6083984375,3848.642777653961,3798.7620199257904,3848.642777653961,369100
2025-06-25 09:00:00+09:00,3801.6962890625,3816.367100571617,3783.113261150952,3799.7401808612844,512900
2025-06-26 09:00:00+09:00,3808.54248046875,3811.476642626276,3780.1789129459985,3794.8497237336287,579500
2025-06-27 09:00:00+09:00,3811.476806640625,3833.972050816333,3802.674319789261,3809.520698451433,547600
2025-06-30 09:00:00+09:00,3833.971923828125,3854.511059134347,3805.6083560242946,3814.410842584104,704700
2025-07-01 09:00:00+09:00,3766.486328125,3877.0064411029603,3766.486328125,3857.445359159958,659800
2025-07-02 09:00:00+09:00,3750.83740234375,3825.169512533613,3750.83740234375,3761.5959972396513,730300
2025-07-03 09:00:00+09:00,3753.771484375,3756.7056465566375,3732.254295042991,3749.8592681328164,540300
2025-07-04 09:00:00+09:00,3755.7275390625,3775.288619995117,3744.9689445495605,3763.551971435547,345900
2025-07-07 09:00:00+09:00,3793.871826171875,3803.6523671003924,3767.464365664878,3775.288798407692,377800
2025-07-08 09:00:00+09:00,3774.310546875,3816.366870667595,3774.310546875,3797.783843875518,876600
2025-07-09 09:00:00+09:00,3797.783935546875,3821.2572331139945,3779.2009083062385,3784.091178632722,580200
2025-07-10 09:00:00+09:00,3743.0126953125,3788.0031797609913,3731.2760471955025,3788.0031797609913,983900
2025-07-11 09:00:00+09:00,3751.815185546875,3784.090967904291,3747.902969503552,3765.5079416985063,635600
2025-07-14 09:00:00+09:00,3732.25439453125,3772.3546120825554,3732.25439453125,3753.771584436828,617700
2025-07-15 09:00:00+09:00,3680.41748046875,3743.012941204865,3680.41748046875,3742.034887130863,763800
2025-07-16 09:00:00+09:00,3671.614990234375,3704.8688287181176,3660.8563954308115,3690.1980176223487,677900
2025-07-17 09:00:00+09:00,3684.32958984375,3688.241806026223,3646.1854820646404,3653.031860383968,683900
2025-07-18 09:00:00+09:00,3696.066162109375,3728.3419449486473,3679.4392436770227,3693.1320000330775,526500
2025-07-22 09:00:00+09:00,3684.32958984375,3722.4736976228596,3673.57099534195,3696.0662383911686,510700
2025-07-23 09:00:00+09:00,3742.034912109375,3775.288750847409,3688.241937680202,3699.000532566037,842600
2025-07-24 09:00:00+09:00,3788.00341796875,3788.00341796875,3737.144606263515,3755.727633617351,767500
2025-07-25 09:00:00+09:00,3795.827880859375,3806.586475729113,3776.266799278033,3794.849826780308,450800
2025-07-28 09:00:00+09:00,3813.432861328125,3827.125618460362,3786.04734706365,3810.4986990855023,483900
2025-07-29 09:00:00+09:00,3795.827880859375,3801.6962053337775,3771.3765288826976,3799.7400971756433,467900
2025-07-30 09:00:00+09:00,3819.30126953125,3826.147648247439,3797.7840792803695,3803.652403894246,468500
2025-07-31 09:00:00+09:00,3849.620849609375,3860.379444463466,3825.1694976682584,3830.0597680564815,580500
2025-08-01 09:00:00+09:00,4068.704833984375,4074.57315826416,3907.325916290283,3909.282024383545,1271100
2025-08-04 09:00:00+09:00,4039.36328125,4062.8365787681596,3990.460578087167,4049.1438218825665,866900
2025-08-05 09:00:00+09:00,4117.60791015625,4123.476234968824,4011.978063529914,4019.802496613346,584500
2025-08-06 09:00:00+09:00,4184.115234375,4207.588531622546,4117.607558840287,4133.2564236719845,826900
2025-08-07 09:00:00+09:00,4247.68896484375,4247.68896484375,4173.356853094239,4184.115448215879,825800
2025-08-08 09:00:00+09:00,4269.2060546875,4342.560110609966,4254.535243503006,4290.723244424757,915900
2025-08-12 09:00:00+09:00,4282.89892578125,4312.240548931156,4255.513410841338,4281.920871676253,727100
2025-08-13 09:00:00+09:00,4264.31591796875,4281.920891942016,4255.513430982118,4269.20618851688,500100
2025-08-14 09:00:00+09:00,4253.55712890625,4260.403507361606,4222.259398824622,4254.535182971301,439100
2025-08-15 09:00:00+09:00,4282.89892578125,4288.767250411231,4230.08400411142,4275.074492941275,531500
2025-08-18 09:00:00+09:00,4335.71337890625,4361.142782888105,4289.744840939051,4290.722894938353,469800
2025-08-19 09:00:00+09:00,4380.7041015625,4396.3529664039825,4324.955020564719,4343.5380475639795,467800
2025-08-20 09:00:00+09:00,4419.82666015625,4468.729367172806,4391.463090086649,4404.1777939109525,575300
2025-08-21 09:00:00+09:00,4377.76953125,4419.825851590426,4354.296236176274,4419.825851590426,443200
2025-08-22 09:00:00+09:00,4356.2529296875,4374.83595745222,4342.5601723871805,4370.9237410807,325400
2025-08-25 09:00:00+09:00,4349.40673828125,4367.989766845978,4329.845655581536,4362.121442036064,380500
2025-08-26 09:00:00+09:00,4230.083984375,4334.735773121387,4230.083984375,4322.999123916185,1466200
2025-08-27 09:00:00+09:00,4235.9521484375,4247.68879719789,4192.9177696494025,4214.434959043451,596800
2025-08-28 09:00:00+09:00,4269.2060546875,4282.898811793027,4205.632539554696,4235.952216002649,551700
2025-08-29 09:00:00+09:00,4267.24951171875,4278.0081054911325,4227.149298567141,4244.754270194677,498600
2025-09-01 09:00:00+09:00,4335.71337890625,4356.252512891595,4269.205706953707,4277.030138948124,478600
2025-09-02 09:00:00+09:00,4346.47216796875,4364.077140746302,4305.393898154464,4332.779411363988,357200
2025-09-03 09:00:00+09:00,4352.34033203125,4364.076980117627,4323.976765822507,4346.472007988062,523800
2025-09-04 09:00:00+09:00,4374.8359375,4376.792045676839,4308.328259487481,4337.669882140062,456600
2025-09-05 09:00:00+09:00,4319.08642578125,4392.4404751321545,4304.415615911069,4376.791611270628,667500
2025-09-08 09:00:00+09:00,4319.08642578125,4362.120801400447,4289.744806040888,4326.910857712013,1086100
2025-09-09 09:00:00+09:00,4355.27490234375,4370.923767925942,4308.328305597175,4321.043008882706,589600
2025-09-10 09:00:00+09:00,4340.60400390625,4364.077301809303,4322.99903047896,4354.296761016364,465000
2025-09-11 09:00:00+09:00,4335.71337890625,4359.186674889501,4300.503434931375,4330.82310890974,409200
2025-09-12 09:00:00+09:00,4314.19677734375,4373.858079410848,4314.19677734375,4349.40672610466,616500
2025-09-16 09:00:00+09:00,4340.60400390625,4346.472328382013,4304.416002972376,4314.196543765315,488400
2025-09-17 09:00:00+09:00,4350.384765625,4367.0116858173615,4294.63568027414,4320.065087627164,489400
2025-09-18 09:00:00+09:00,4315.1748046875,4375.814160510397,4303.43815517339,4350.384753229828,463100
2025-09-19 09:00:00+09:00,4293.6572265625,4339.625766345743,4268.227821576025,4315.1744153972095,1206700
2025-09-22 09:00:00+09:00,4302.4599609375,4321.042988729683,4264.315851258809,4274.096392202063,508300
2025-09-24 09:00:00+09:00,4319.08642578125,4366.0330173658285,4299.525345954342,4351.362207495647,590400
2025-09-25 09:00:00+09:00,4353.318359375,4383.638033412435,4322.998685337565,4350.384197371377,794200
2025-09-26 09:00:00+09:00,4386.572265625,4428.628588350056,4342.559834866221,4343.537888883083,1503200
2025-09-29 09:00:00+09:00,4316.34765625,4394.485022162867,4302.500528113543,4391.51778041934,731100
2025-09-30 09:00:00+09:00,4316.34765625,4342.063751360563,4272.828110678277,4332.1729455488085,848900
2025-10-01 09:00:00+09:00,4317.3369140625,4328.216800902062,4272.828286082475,4274.806447326031,795500
2025-10-02 09:00:00+09:00,4303.48974609375,4317.336874672309,4215.4615715586215,4300.522504255487,773900
2025-10-03 09:00:00+09:00,4349.9765625,4354.9219655951565,4279.751838548772,4296.566209072305,581500
2025-10-06 09:00:00+09:00,4366.791015625,4428.114015164921,4335.140435217299,4419.212289425254,769700
2025-10-07 09:00:00+09:00,4386.572265625,4386.572265625,4319.314787820603,4349.9762850549605,591000
2025-10-08 09:00:00+09:00,4309.42431640625,4418.223185996493,4309.42431640625,4395.474331445806,551800
2025-10-09 09:00:00+09:00,4257.0029296875,4325.249491524962,4231.286833922659,4290.631670303061,595500
2025-10-10 09:00:00+09:00,4203.5927734375,4257.003128676471,4203.5927734375,4213.483579963236,644100
2025-10-14 09:00:00+09:00,4195.68017578125,4230.297999013768,4170.953159186594,4188.756611134746,771100
2025-10-15 09:00:00+09:00,4191.7236328125,4257.992033803164,4182.821907306291,4229.308696060936,506000
2025-10-16 09:00:00+09:00,4435.03759765625,4486.469791027821,4257.9921627810345,4260.959404706317,1597800
2025-10-17 09:00:00+09:00,4446.90625,4526.032695729537,4403.386704848755,4500.316600867437,1105400
2025-10-20 09:00:00+09:00,4500.31689453125,4549.770926339285,4446.906540178571,4549.770926339285,1414900
2025-10-21 09:00:00+09:00,4427.125,4511.196855451296,4419.212354781054,4500.316968275246,889000
2025-10-22 09:00:00+09:00,4422.17919921875,4445.917132741732,4388.550460061193,4420.201038091835,558000
2025-10-23 09:00:00+09:00,4433.05908203125,4462.731498912316,4395.474020648567,4419.211954153419,478700
2025-10-24 09:00:00+09:00,4415.255859375,4438.993794102823,4393.496085874496,4411.299536920363,467700
2025-10-27 09:00:00+09:00,4428.11376953125,4443.93905885725,4401.408593793625,4415.255721953875,513100
2025-10-28 09:00:00+09:00,4395.47412109375,4452.8407950414185,4395.47412109375,4440.971828017762,545200
2025-10-29 09:00:00+09:00,4242.16650390625,4390.52858727905,4225.352134457333,4368.768815051039,613100
2025-10-30 09:00:00+09:00,4196.6689453125,4244.144813654475,4174.909172322428,4242.166652473559,965100
2025-10-31 09:00:00+09:00,4090.83740234375,4237.221332601699,4010.721872945819,4058.197742218667,1290400
2025-11-04 09:00:00+09:00,3944.453369140625,4063.1430392250973,3944.453369140625,4056.2194751368365,1597000
2025-11-05 09:00:00+09:00,3953.355224609375,4011.7109809896483,3953.355224609375,3976.1040787915153,1096200
2025-11-06 09:00:00+09:00,3884.11962890625,3966.2133210883785,3874.2288226192463,3952.3661922865736,893300
2025-11-07 09:00:00+09:00,3906.868408203125,3934.562665273932,3886.0977154000198,3886.0977154000198,958200
2025-11-10 09:00:00+09:00,3957.3115234375,3973.136813208807,3924.671863284179,3958.3006040482064,780400
2025-11-11 09:00:00+09:00,3915.77001953125,3965.2240485730695,3884.119440944486,3954.3441621838692,803500
2025-11-12 09:00:00+09:00,3970.169677734375,4012.7001451341202,3931.595532883443,3939.5081779810703,1136300
2025-11-13 09:00:00+09:00,3911.813720703125,4000.830973513057,3911.813720703125,4000.830973513057,803500
2025-11-14 09:00:00+09:00,3929.6171875,3940.4970739994965,3879.1740773659703,3923.6827039548198,1357400
2025-11-17 09:00:00+09:00,3851.47998046875,3900.934012061826,3818.84031961732,3887.086883215765,1050200
2025-11-18 09:00:00+09:00,3834.66552734375,3892.032202759261,3834.66552734375,3857.414381387832,1034300
2025-11-19 09:00:00+09:00,3865.326904296875,3880.1631129878815,3833.676325756061,3857.4142596616716,734800
2025-11-20 09:00:00+09:00,3811.916748046875,3855.436295767182,3798.0696192267774,3818.840312456924,1050800
2025-11-21 09:00:00+09:00,3900.933837890625,3900.933837890625,3814.8838267606848,3814.8838267606848,2218200
2025-11-25 09:00:00+09:00,3918.7373046875,3921.7045464628814,3860.3815497716587,3905.879256994179,909100
2025-11-26 09:00:00+09:00,3900.933837890625,3933.5734972847404,3899.9447573029242,3921.7045302323345,896400
2025-11-27 09:00:00+09:00,3883.13037109375,3905.879224515848,3858.403356504513,3894.9993380965834,919300
2025-11-28 09:00:00+09:00,3878.18505859375,3892.032187086561,3864.3379301009386,3884.119542233526,669900
2025-12-01 09:00:00+09:00,3842.578125,3872.250542953668,3841.5890444015445,3868.2942205598456,853300
2025-12-02 09:00:00+09:00,3872.25048828125,3886.0976164641206,3823.7855396412037,3840.5999095775464,737000
2025-12-03 09:00:00+09:00,3800.047607421875,3848.512556084986,3793.124043327145,3846.5343949150633,925400
2025-12-04 09:00:00+09:00,3827.741943359375,3831.698265781452,3788.1787191386065,3803.0149282213947,843200
2025-12-05 09:00:00+09:00,3800.047607421875,3815.8728967812585,3774.3315122128774,3798.0694462519523,862200
2025-12-08 09:00:00+09:00,3849.501708984375,3861.3706762268757,3792.1350339789556,3816.8620490674984,817300
2025-12-09 09:00:00+09:00,3841.589111328125,3863.348884873238,3815.8730153202646,3860.3816430261772,665900
2025-12-10 09:00:00+09:00,3853.4580078125,3853.4580078125,3815.872945107963,3845.5453630325974,802200
2025-12-11 09:00:00+09:00,3817.85107421875,3880.163151336828,3817.85107421875,3871.2614260342452,542300
2025-12-12 09:00:00+09:00,3857.414306640625,3857.414306640625,3834.66545303736,3847.5235007261617,669200
2025-12-15 09:00:00+09:00,3915.77001953125,3934.5625505671414,3858.40334584274,3877.195876878631,1028400
2025-12-16 09:00:00+09:00,3917.748291015625,3954.3442735371036,3907.8574849287384,3925.6609358851338,888000
2025-12-17 09:00:00+09:00,3858.403564453125,3902.9121931125433,3843.5673548999853,3894.9995480175353,840300
2025-12-18 09:00:00+09:00,3911.813720703125,3916.75912363701,3862.3596913642737,3894.9993507279155,702400
2025-12-19 09:00:00+09:00,3890.053955078125,3922.693614502884,3890.053955078125,3902.912002730303,1091800
2025-12-22 09:00:00+09:00,3818.84033203125,3893.0213796620046,3817.851251396173,3892.032299026928,1030900
2025-12-23 09:00:00+09:00,3829.72021484375,3851.4799887917256,3820.8184891377596,3840.6001018177376,1055700
2025-12-24 09:00:00+09:00,3829.72021484375,3850.4909081577266,3803.0150377257796,3809.938602163772,1064900
2025-12-25 09:00:00+09:00,3901.923095703125,3917.748385825115,3881.1524024180135,3898.955853805252,989800
2025-12-26 09:00:00+09:00,3926.64990234375,3939.507949882911,3902.911968425299,3908.8464519049116,585700
2025-12-29 09:00:00+09:00,3929.6171875,3954.344202271583,3910.8246562735967,3932.58442927259,596700
2025-12-30 09:00:00+09:00,3899.94482421875,3945.4425320336272,3899.94482421875,3934.5626453822438,899600
2026-01-05 09:00:00+09:00,3976.10400390625,3976.10400390625,3896.9775560673197,3913.7919262330925,1181000
2026-01-06 09:00:00+09:00,4028.525390625,4028.525390625,3973.136875556255,3976.1041174349375,1092200
2026-01-07 09:00:00+09:00,4021.601806640625,4053.252386525647,3970.1696143274644,3996.8747911054515,836300
2026-01-08 09:00:00+09:00,4009.732666015625,4036.4378416402974,4000.830940807401,4017.6453106451577,796300
2026-01-09 09:00:00+09:00,4036.43798828125,4059.186842417606,4012.7000535302695,4040.3943107397467,821200
2026-01-13 09:00:00+09:00,4044.3505859375,4077.979326441749,4021.6017320669785,4069.077601014154,1319000
2026-01-14 09:00:00+09:00,4065.121337890625,4065.121337890625,4025.5581131909594,4037.427080600859,979100
2026-01-15 09:00:00+09:00,4073.033935546875,4079.9574997889413,4029.5143888824596,4055.230484638705,1235300
2026-01-16 09:00:00+09:00,4085.89208984375,4114.575428165093,4052.2633483635545,4073.034041630734,1186400
2026-01-19 09:00:00+09:00,4118.53173828125,4119.520818910039,4056.2196586674845,4085.892077531182,808200
2026-01-20 09:00:00+09:00,4193.70166015625,4193.70166015625,4122.487858380012,4138.313147663621,1316600
2026-01-21 09:00:00+09:00,4174.9091796875,4175.898260279702,4114.575263563137,4154.1384872512435,1162500
2026-01-22 09:00:00+09:00,4151.17138671875,4193.7018536305695,4147.215064215325,4191.723692378857,881000
2026-01-23 09:00:00+09:00,4188.75634765625,4200.62531487511,4153.1494459996675,4168.974735624815,787000
2026-01-26 09:00:00+09:00,4226.34130859375,4236.232114370941,4171.941876819199,4206.559697039368,1216900
2026-01-27 09:00:00+09:00,4217.43994140625,4226.341667361376,4140.29164979516,4203.592812142721,1083100
2026-01-28 09:00:00+09:00,4186.7783203125,4196.669126644445,4163.040385115831,4178.865675246943,863500
2026-01-29 09:00:00+09:00,4206.56005859375,4227.330752511095,4155.127864131752,4179.854880700021,819200
2026-01-30 09:00:00+09:00,4268.8720703125,4268.8720703125,4202.6036669967125,4234.25424768485,987900
2026-02-02 09:00:00+09:00,4177.87646484375,4267.882799668745,4124.466112310236,4262.937396656383,1455100
2026-02-03 09:00:00+09:00,4188.75634765625,4240.1885389379795,4163.040252015385,4171.941977429531,1261400
2026-02-04 09:00:00+09:00,4212.494140625,4249.090121654144,4180.8435624376325,4211.505060056645,893200
2026-02-05 09:00:00+09:00,4307.4462890625,4332.173305647245,4267.883062526908,4302.500885745551,895100
2026-02-06 09:00:00+09:00,4391.51806640625,4391.51806640625,4317.337017987225,4326.2387437975085,810100
2026-02-09 09:00:00+09:00,4465.69873046875,4469.655052710583,4395.474010676218,4415.255621885382,1309700
2026-02-10 09:00:00+09:00,4455.80810546875,4504.2730548956015,4428.1138486534055,4468.6661532758735,1091100
2026-02-12 09:00:00+09:00,4602.19189453125,4602.19189453125,4461.74245352041,4473.6114203663965,1921700
2026-02-13 09:00:00+09:00,4571.53076171875,4658.569858869604,4571.53076171875,4621.973874840268,932800
2026-02-16 09:00:00+09:00,4481.5244140625,4571.53075298982,4449.873833340805,4569.5525916947145,774600
2026-02-17 09:00:00+09:00,4508.2294921875,4517.1312178192875,4455.808219022529,4483.502476543646,617000
2026-02-18 09:00:00+09:00,4623.95166015625,4631.86430470839,4495.371186183991,4508.229233581217,908500
2026-02-19 09:00:00+09:00,4682.3076171875,4682.3076171875,4587.355878435916,4595.268523331882,1043400
2026-02-20 09:00:00+09:00,4507.240234375,4655.602322405777,4507.240234375,4628.897146560237,1057200
2026-02-24 09:00:00+09:00,4486.4697265625,4571.530660531718,4479.546162169657,4539.880080450149,799200
2026-02-25 09:00:00+09:00,4486.4697265625,4503.284097230834,4436.026614557498,4468.666275266617,788700
2026-02-26 09:00:00+09:00,4450.86279296875,4499.327743381076,4435.037503038195,4486.4696953125,795400
2026-02-27 09:00:00+09:00,4505.26220703125,4505.26220703125,4442.950128207327,4474.600707927415,1281000
2026-03-02 09:00:00+09:00,4485.48046875,4521.087369935226,4441.960922856946,4450.862648153253,719500
2026-03-03 09:00:00+09:00,4353.9326171875,4480.534928636842,4353.9326171875,4455.807914681892,1019800
2026-03-04 09:00:00+09:00,4256.013671875,4332.172875392169,4230.2975771808915,4311.40218352385,1034500
2026-03-05 09:00:00+09:00,4265.90478515625,4367.78009071412,4265.90478515625,4325.2496233453,856000
2026-03-06 09:00:00+09:00,4166.00732421875,4246.122849684495,4166.00732421875,4233.264802387524,1409200
2026-03-09 09:00:00+09:00,4119.5205078125,4129.4113133534665,4042.372224592962,4065.121077337185,1015400
2026-03-10 09:00:00+09:00,4113.58642578125,4150.18240985288,4094.793893420143,4130.400796841188,978400
2026-03-11 09:00:00+09:00,4133.36767578125,4178.865381712319,4127.433192398937,4134.356756344969,1011900
2026-03-12 09:00:00+09:00,4104.6845703125,4124.466182699548,4071.055829254518,4120.509860222139,1259500
2026-03-13 09:00:00+09:00,4099.7392578125,4159.084096285057,4070.0668385762215,4070.0668385762215,1041200
2026-03-16 09:00:00+09:00,4128.42236328125,4149.193055573753,4096.771784549817,4111.607993330176,895800
2026-03-17 09:00:00+09:00,4146.22607421875,4188.756542060211,4135.346187096516,4135.346187096516,715700
2026-03-18 09:00:00+09:00,4177.87646484375,4192.7126738808365,4164.029336409135,4164.029336409135,1025500
2026-03-19 09:00:00+09:00,4104.6845703125,4191.723664815512,4104.6845703125,4170.952971809112,1533100
2026-03-23 09:00:00+09:00,4128.42236328125,4153.1493779151815,4059.186722306241,4092.815462208388,1460200
2026-03-24 09:00:00+09:00,4266.8935546875,4305.467696697888,4176.887223329929,4210.5159625184715,1552400
2026-03-25 09:00:00+09:00,4395.47412109375,4442.949989188372,4343.052850072605,4361.845381193392,1599900
2026-03-26 09:00:00+09:00,4439.98291015625,4454.819119479561,4394.485201564762,4415.255894617398,1545500
2026-03-27 09:00:00+09:00,4529.0,4559.6614981437,4459.764359030356,4463.720681371478,2826800
2026-03-30 09:00:00+09:00,4616.0,4624.0,4384.0,4468.0,2224400
2026-03-31 09:00:00+09:00,4552.0,4653.0,4537.0,4601.0,1636600
2026-04-01 09:00:00+09:00,4614.0,4621.0,4540.0,4578.0,1072700
2026-04-02 09:00:00+09:00,4702.0,4748.0,4638.0,4650.0,1002500
2026-04-03 09:00:00+09:00,4797.0,4797.0,4707.0,4720.0,899300
2026-04-06 09:00:00+09:00,4775.0,4818.0,4752.0,4812.0,627200
2026-04-07 09:00:00+09:00,4822.0,4871.0,4801.0,4805.0,781500
2026-04-08 09:00:00+09:00,4805.0,4900.0,4779.0,4900.0,1106900
2026-04-09 09:00:00+09:00,4818.0,4897.0,4799.0,4818.0,995700
2026-04-10 09:00:00+09:00,4760.0,4858.0,4744.0,4822.0,931800
2026-04-13 09:00:00+09:00,4796.0,4850.0,4776.0,4802.0,1025800
2026-04-14 09:00:00+09:00,4794.0,4883.0,4794.0,4825.0,1104500
2026-04-15 09:00:00+09:00,4791.0,4854.0,4786.0,4818.0,1045800
2026-04-16 09:00:00+09:00,4784.0,4815.0,4764.0,4775.0,1050700
2026-04-17 09:00:00+09:00,4811.0,4831.0,4785.0,4785.0,1003500
2026-04-20 09:00:00+09:00,4712.0,4855.0,4712.0,4822.0,1227800
2026-04-21 09:00:00+09:00,4720.0,4788.0,4704.0,4723.0,1031000
2026-04-22 09:00:00+09:00,4527.0,4697.0,4520.0,4653.0,1729100
2026-04-23 09:00:00+09:00,4466.0,4529.0,4444.0,4500.0,1528300
2026-04-24 09:00:00+09:00,4459.0,4562.0,4456.0,4457.0,1088600
2026-04-27 09:00:00+09:00,4535.0,4582.0,4475.0,4503.0,1113900
2026-04-28 09:00:00+09:00,4539.0,4570.0,4511.0,4535.0,1256200
2026-04-30 09:00:00+09:00,4518.0,4541.0,4464.0,4492.0,1652600
2026-05-01 09:00:00+09:00,4427.0,4520.0,4414.0,4502.0,1032500
2026-05-07 09:00:00+09:00,4465.0,4480.0,4343.0,4381.0,1450300
2026-05-08 09:00:00+09:00,4500.0,4521.0,4452.0,4452.0,1220800
2026-05-11 09:00:00+09:00,4544.0,4560.0,4462.0,4481.0,815700
2026-05-12 09:00:00+09:00,4504.0,4548.0,4468.0,4532.0,958200
2026-05-13 09:00:00+09:00,4595.0,4625.0,4535.0,4551.0,1041600
2026-05-14 09:00:00+09:00,4577.0,4634.0,4569.0,4595.0,1021000
2026-05-15 09:00:00+09:00,4787.0,4826.0,4550.0,4569.0,2188300
2026-05-18 09:00:00+09:00,4918.0,5030.0,4850.0,4857.0,2321000
2026-05-19 09:00:00+09:00,4945.0,4992.0,4852.0,4940.0,1500700
2026-05-20 09:00:00+09:00,4820.0,4916.0,4805.0,4891.0,1120600
2026-05-21 09:00:00+09:00,4808.0,4889.0,4808.0,4860.0,895200
2026-05-22 09:00:00+09:00,4704.0,4833.0,4704.0,4800.0,1396100
2026-05-25 09:00:00+09:00,4645.0,4711.0,4635.0,4704.0,1000300
2026-05-26 09:00:00+09:00,4533.0,4611.0,4481.0,4611.0,1334600
2026-05-27 09:00:00+09:00,4521.0,4565.0,4480.0,4538.0,1383300
2026-05-28 09:00:00+09:00,4553.0,4593.0,4526.0,4561.0,1446900
2026-05-29 09:00:00+09:00,4683.0,4731.0,4542.0,4554.0,3067100
2026-06-01 09:00:00+09:00,4548.0,4683.0,4548.0,4683.0,1167900
2026-06-02 09:00:00+09:00,4524.0,4579.0,4440.0,4533.0,1216900
2026-06-03 09:00:00+09:00,4481.0,4528.0,4471.0,4524.0,1267300
2026-06-04 09:00:00+09:00,4416.0,4482.0,4413.0,4479.0,1568900
2026-06-05 09:00:00+09:00,4438.0,4519.0,4436.0,4465.0,1215500
2026-06-08 09:00:00+09:00,4503.0,4589.0,4473.0,4481.0,1652200
2026-06-09 09:00:00+09:00,4548.0,4570.0,4503.0,4508.0,1141800
2026-06-10 09:00:00+09:00,4632.0,4663.0,4557.0,4580.0,1277600
2026-06-11 09:00:00+09:00,4718.0,4787.0,4693.0,4740.0,1400600
2026-06-12 09:00:00+09:00,4639.0,4738.0,4634.0,4731.0,1365800
2026-06-15 09:00:00+09:00,4530.0,4649.0,4530.0,4630.0,1103400
2026-06-16 09:00:00+09:00,4507.0,4547.0,4434.0,4520.0,1146300
2026-06-17 09:00:00+09:00,4395.0,4564.0,4395.0,4545.0,1291000
2026-06-18 09:00:00+09:00,4347.0,4394.0,4300.0,4383.0,1563300
2026-06-19 09:00:00+09:00,4329.0,4352.0,4290.0,4323.0,1315600
2026-06-22 09:00:00+09:00,4236.0,4322.0,4236.0,4315.0,1588100
2026-06-23 09:00:00+09:00,4241.0,4304.0,4218.0,4235.0,1570100
2026-06-24 09:00:00+09:00,4253.0,4298.0,4238.0,4239.0,1155600
2026-06-25 09:00:00+09:00,4129.0,4269.0,4102.0,4258.0,1375100
2026-06-26 09:00:00+09:00,4139.0,4163.0,4084.0,4138.0,1012700
2026-06-29 09:00:00+09:00,4265.0,4267.0,4139.0,4139.0,1067200
2026-06-30 09:00:00+09:00,4272.0,4322.0,4256.0,4270.0,1245900
2026-07-01 09:00:00+09:00,4198.0,4270.0,4176.0,4269.0,1053900
2026-07-02 09:00:00+09:00,4386.0,4386.0,4230.0,4260.0,1175300
2026-07-03 09:00:00+09:00,4449.0,4518.0,4434.0,4446.0,1118200
2026-07-06 09:00:00+09:00,4566.0,4566.0,4433.0,4449.0,1152200
2026-07-07 09:00:00+09:00,4662.0,4680.0,4531.0,4566.0,1504300
2026-07-08 09:00:00+09:00,4734.0,4770.0,4664.0,4680.0,1670100
2026-07-09 09:00:00+09:00,4690.0,4714.0,4650.0,4687.0,1265500
2026-07-10 09:00:00+09:00,4602.0,4711.0,4569.0,4711.0,1099400
2026-07-13 09:00:00+09:00,4681.0,4712.0,4638.0,4672.0,901500
2026-07-14 09:00:00+09:00,4727.0,4764.0,4683.0,4716.0,896500
2026-07-15 09:00:00+09:00,4699.0,4777.0,4669.0,4743.0,1095300
2026-07-16 09:00:00+09:00,4703.0,4758.0,4681.0,4713.0,1088200
2026-07-17 09:00:00+09:00,4679.0,4752.0,4610.0,4720.0,1381900
2026-07-21 09:00:00+09:00,4729.0,4754.0,4679.0,4713.0,1304200
2026-07-22 09:00:00+09:00,4680.0,4725.0,4615.0,4725.0,1101800
2026-07-23 09:00:00+09:00,4610.0,4656.0,4606.0,4650.0,723700
2026-07-24 09:00:00+09:00,4719.0,4736.0,4580.0,4596.0,968500
2026-07-27 09:00:00+09:00,4902.0,4921.0,4700.0,4719.0,1598700
2026-07-28 09:00:00+09:00,4963.0,4979.0,4894.0,4921.0,1211100
2026-07-29 09:00:00+09:00,5111.0,5183.0,4962.0,4979.0,1920400
2026-07-30 09:00:00+09:00,5009.0,5128.0,4933.0,5122.0,948600
2026-07-31 09:00:00+09:00,4715.0,4917.0,4669.0,4839.0,1773900
2026-08-03 09:00:00+09:00,4630.0,4740.0,4571.0,4695.0,1236200
2026-08-04 09:00:00+09:00,4509.0,4646.0,4492.0,4631.0,1304900
2026-08-05 09:00:00+09:00,4457.0,4545.0,4428.0,4500.0,919800
2026-08-06 09:00:00+09:00,4555.0,4571.0,4456.0,4499.0,960500
2026-08-07 09:00:00+09:00,4605.0,4656.0,4547.0,4568.0,723600
2026-08-10 09:00:00+09:00,4546.0,4605.0,4523.0,4600.0,829400
2026-08-12 09:00:00+09:00,4625.0,4640.0,4563.0,4564.0,792900
2026-08-13 09:00:00+09:00,4644.0,4695.0,4633.0,4695.0,687300
2026-08-14 09:00:00+09:00,4647.0,4689.0,4614.0,4620.0,681300
2026-08-17 09:00:00+09:00,4635.0,4674.0,4620.0,4649.0,623300
2026-08-18 09:00:00+09:00,4653.0,4681.0,4589.0,4620.0,560700
2026-08-19 09:00:00+09:00,4637.0,4693.0,4602.0,4684.0,649100
2026-08-20 09:00:00+09:00,4683.0,4729.0,4641.0,4658.0,582100
2026-08-21 09:00:00+09:00,4720.0,4772.0,4683.0,4703.0,781100
2026-08-24 09:00:00+09:00,4752.0,4772.0,4690.0,4713.0,491100
2026-08-25 09:00:00+09:00,4770.0,4812.0,4759.0,4776.0,500600
2026-08-26 09:00:00+09:00,4736.0,4792.0,4735.0,4760.0,575200
2026-08-27 09:00:00+09:00,4765.0,4802.0,4680.0,4700.0,658600
2026-08-28 09:00:00+09:00,4753.0,4764.0,4701.0,4710.0,579000
2026-08-31 09:00:00+09:00,4701.0,4784.0,4685.0,4740.0,1638400
2026-09-01 09:00:00+09:00,4684.0,4760.0,4673.0,4673.0,1013500
2026-09-02 09:00:00+09:00,4648.0,4695.0,4635.0,4646.0,990800
2026-09-03 09:00:00+09:00,4684.0,4718.0,4647.0,4647.0,687600
2026-09-04 09:00:00+09:00,4705.0,4729.0,4645.0,4656.0,680300
2026-09-07 09:00:00+09:00,4662.0,4709.0,4647.0,4672.0,464700
2026-09-08 09:00:00+09:00,4709.0,4717.0,4624.0,4642.0,478200
2026-09-09 09:00:00+09:00,4689.0,4717.0,4651.0,4700.0,625300
2026-09-10 09:00:00+09:00,4648.0,4700.0,4637.0,4688.0,623700
2026-09-11 09:00:00+09:00,4617.0,4671.0,4616.0,4629.0,759800
2026-09-14 09:00:00+09:00,4684.0,4725.0,4665.0,4670.0,537800
2026-09-15 09:00:00+09:00,4666.0,4730.0,4655.0,4703.0,500300
2026-09-16 09:00:00+09:00,4616.0,4696.0,4616.0,4685.0,594200
2026-09-17 09:00:00+09:00,4677.0,4695.0,4612.0,4616.0,804600
