Date,Close,High,Low,Open,Volume
2019-08-30 09:00:00+09:00,1444.2005615234375,1444.2005615234375,1411.178710140027,1411.178710140027,24800
2019-09-02 09:00:00+09:00,1462.396240234375,1475.2006312779017,1428.0265590122767,1428.0265590122767,40100
2019-09-03 09:00:00+09:00,1458.3526611328125,1482.6136111331734,1456.330915299449,1457.0048305772368,30500
2019-09-04 09:00:00+09:00,1482.6136474609375,1488.004969815341,1452.9613745117188,1454.3092051003198,48500
2019-09-05 09:00:00+09:00,1545.28759765625,1549.33108897153,1488.6787192423271,1488.6787192423271,54900
2019-09-06 09:00:00+09:00,1510.91796875,1546.6354764858386,1507.5483925485057,1546.6354764858386,24500
2019-09-09 09:00:00+09:00,1531.809326171875,1535.1789023403128,1515.6353605633728,1517.6571062644357,13400
2019-09-10 09:00:00+09:00,1569.548583984375,1569.548583984375,1534.5049917271026,1534.5049917271026,27400
2019-09-11 09:00:00+09:00,1555.396484375,1583.700926465013,1550.6790773599978,1569.5487054200066,50000
2019-09-12 09:00:00+09:00,1572.2445068359375,1579.657575663711,1556.070538484432,1556.070538484432,34700
2019-09-13 09:00:00+09:00,1568.874755859375,1574.266078044459,1557.4181962160721,1574.266078044459,43800
2019-09-17 09:00:00+09:00,1555.396484375,1560.7878066778596,1531.1355340121318,1541.2442633299936,40200
2019-09-18 09:00:00+09:00,1525.0704345703125,1550.0053024797696,1517.6573657323656,1547.3096410841526,23400
2019-09-19 09:00:00+09:00,1552.70068359375,1562.8094120025635,1529.7875658671062,1535.1788876851401,28700
2019-09-20 09:00:00+09:00,1569.548583984375,1581.0051429915602,1536.526737434253,1556.7441945057562,55500
2019-09-24 09:00:00+09:00,1554.048583984375,1574.9399569694208,1545.9616008933895,1564.8312281056888,26000
2019-09-25 09:00:00+09:00,1561.4617919921875,1563.4835379464284,1540.5704171316963,1563.4835379464284,19600
2019-09-26 09:00:00+09:00,1607.2882080078125,1618.7447696581828,1568.8750307095127,1568.8750307095127,60600
2019-09-27 09:00:00+09:00,1585.3079833984375,1634.0761232690134,1568.8229783717638,1611.4092413573371,49200
2019-09-30 09:00:00+09:00,1541.3480224609375,1590.1161639915642,1539.2873967624603,1566.0755308426637,25000
2019-10-01 09:00:00+09:00,1553.711669921875,1566.0754232634283,1542.0347917659635,1555.7722954788005,16500
2019-10-02 09:00:00+09:00,1537.226806640625,1544.0955591278484,1520.7418006712885,1538.6005571380697,22400
2019-10-03 09:00:00+09:00,1499.448486328125,1512.4991144729872,1480.9028568591102,1511.1253641419491,29800
2019-10-04 09:00:00+09:00,1492.57958984375,1500.822091030186,1485.0239637561838,1499.4483408324465,20300
2019-10-07 09:00:00+09:00,1511.12548828125,1521.4286166104403,1493.2667325106534,1519.367990944602,21100
2019-10-08 09:00:00+09:00,1548.903564453125,1548.903564453125,1524.1760574374655,1524.1760574374655,14200
2019-10-09 09:00:00+09:00,1559.2066650390625,1559.2066650390625,1526.236656262906,1530.3579073599258,16300
2019-10-10 09:00:00+09:00,1587.36865234375,1589.4292780283156,1550.277390021568,1560.5805184443964,30100
2019-10-11 09:00:00+09:00,1611.4090576171875,1611.4090576171875,1577.7521761921055,1603.166556043698,25000
2019-10-15 09:00:00+09:00,1644.3792724609375,1668.4199050992552,1631.3286433144222,1638.1973954967987,47700
2019-10-16 09:00:00+09:00,1662.9246826171875,1696.5815638432273,1641.6315536782645,1662.2378074901255,40300
2019-10-17 09:00:00+09:00,1662.23828125,1674.6020370609504,1648.5007747933885,1662.9251565728305,25200
2019-10-18 09:00:00+09:00,1658.1168212890625,1667.7330746022549,1644.3793165559302,1662.2380727090022,24500
2019-10-21 09:00:00+09:00,1640.9449462890625,1658.1168272673908,1636.8236948542635,1658.1168272673908,11500
2019-10-23 09:00:00+09:00,1658.1168212890625,1661.5511974723454,1621.0255585096054,1632.7024375327678,20600
2019-10-24 09:00:00+09:00,1678.0360107421875,1685.5916374790536,1645.066003163135,1658.1166311631766,36000
2019-10-25 09:00:00+09:00,1673.9149169921875,1695.8949241090318,1666.359289545772,1693.1474232194264,20800
2019-10-28 09:00:00+09:00,1697.2686767578125,1697.2686767578125,1669.7936678260794,1674.6017943891327,20300
2019-10-29 09:00:00+09:00,1702.0767822265625,1721.309288240422,1702.0767822265625,1716.501161736957,20900
2019-10-30 09:00:00+09:00,1729.5517578125,1729.5517578125,1671.1673656702988,1694.5211225271792,32400
2019-10-31 09:00:00+09:00,1693.1470947265625,1724.056473737798,1690.3995943700081,1724.056473737798,29900
2019-11-01 09:00:00+09:00,1643.0057373046875,1657.43011877768,1607.2882212763245,1639.5713607634987,39400
2019-11-05 09:00:00+09:00,1650.5611572265625,1669.106788206636,1643.6924050117204,1651.934907669531,37700
2019-11-06 09:00:00+09:00,1671.1673583984375,1678.0361103852788,1650.5611024379143,1650.5611024379143,28000
2019-11-07 09:00:00+09:00,1645.0660400390625,1655.3691676384722,1633.3891620930651,1655.3691676384722,20300
2019-11-08 09:00:00+09:00,1625.833740234375,1663.6118795300617,1624.4599897145317,1653.9956258911598,28700
2019-11-11 09:00:00+09:00,1593.5504150390625,1627.8941739838697,1582.560412176724,1618.96479665822,39600
2019-11-12 09:00:00+09:00,1609.3487548828125,1614.1568817646648,1581.1868688605355,1601.1062516567802,28500
2019-11-13 09:00:00+09:00,1590.1163330078125,1619.6519711587134,1583.9344552552982,1610.0357168770247,20800
2019-11-14 09:00:00+09:00,1583.9339599609375,1610.0352134208315,1579.8127094146384,1592.8633361445854,27700
2019-11-15 09:00:00+09:00,1605.9140625,1632.7021927127887,1591.4896846931138,1594.2371852277588,33200
2019-11-18 09:00:00+09:00,1599.04541015625,1614.1566640322972,1583.247281104019,1614.1566640322972,15100
2019-11-19 09:00:00+09:00,1612.7830810546875,1612.7830810546875,1587.3686968983743,1599.045576105329,22900
2019-11-20 09:00:00+09:00,1564.7017822265625,1605.9142962448213,1552.3380280210847,1605.9142962448213,23500
2019-11-21 09:00:00+09:00,1564.7017822265625,1568.1361583947507,1539.9742738156071,1568.1361583947507,22100
2019-11-22 09:00:00+09:00,1570.1966552734375,1577.7522822235721,1564.7016538551577,1570.8835304507224,14900
2019-11-25 09:00:00+09:00,1588.055419921875,1588.742295103502,1572.9441659260788,1583.2472936504853,18800
2019-11-26 09:00:00+09:00,1570.8836669921875,1607.288054552566,1570.8836669921875,1600.4193021826834,23600
2019-11-27 09:00:00+09:00,1599.04541015625,1602.4797860371698,1575.0047789898117,1584.621031456387,21300
2019-11-28 09:00:00+09:00,1583.247314453125,1607.287946125949,1583.247314453125,1602.4798197913842,9300
2019-11-29 09:00:00+09:00,1587.36865234375,1592.8636541692583,1576.3786486927331,1592.8636541692583,8000
2019-12-02 09:00:00+09:00,1592.8636474609375,1596.2980235874165,1580.4998934056134,1580.4998934056134,11200
2019-12-03 09:00:00+09:00,1573.630859375,1581.8733606026299,1563.3277328404629,1576.37835978421,16700
2019-12-04 09:00:00+09:00,1570.1966552734375,1574.3179063371472,1548.9035247776035,1564.7016538551577,16300
2019-12-05 09:00:00+09:00,1571.5704345703125,1585.9948135589386,1557.1460555816866,1570.883559380378,28700
2019-12-06 09:00:00+09:00,1560.5804443359375,1579.8129498119085,1553.7116923802334,1577.065449029627,26400
2019-12-09 09:00:00+09:00,1577.065185546875,1584.6208114358192,1560.5801836073606,1572.9439350619964,15300
2019-12-10 09:00:00+09:00,1574.3177490234375,1579.1258747839804,1565.388372611001,1575.6914992407355,27700
2019-12-11 09:00:00+09:00,1575.6915283203125,1583.9340297762164,1557.8327751658537,1574.3177780776618,13500
2019-12-12 09:00:00+09:00,1565.388916015625,1583.2476750399367,1558.520162544736,1575.6920462219587,17600
2019-12-13 09:00:00+09:00,1571.5704345703125,1590.116064698546,1570.1966841904434,1582.5604376092658,33200
2019-12-16 09:00:00+09:00,1564.014892578125,1577.0655218969587,1561.2673916688968,1573.6311457604236,21000
2019-12-17 09:00:00+09:00,1585.9947509765625,1585.9947509765625,1565.3884960916353,1567.449121580128,30100
2019-12-18 09:00:00+09:00,1583.247314453125,1583.247314453125,1563.3279339242138,1582.560439262473,34300
2019-12-19 09:00:00+09:00,1568.1361083984375,1579.812986997988,1564.014857128008,1571.570484457129,20200
2019-12-20 09:00:00+09:00,1581.1866455078125,1583.9341461950546,1565.3885165561705,1572.2572682742757,38900
2019-12-23 09:00:00+09:00,1565.388916015625,1579.1264229574033,1563.3282899743583,1575.0051708748697,18300
2019-12-24 09:00:00+09:00,1558.52001953125,1569.5100240762038,1553.025017258773,1563.3281465196671,15900
2019-12-25 09:00:00+09:00,1534.4793701171875,1568.1362587186836,1530.3581184516984,1568.1362587186836,26200
2019-12-26 09:00:00+09:00,1551.6512451171875,1552.3381203916972,1532.4187374309188,1546.1562429211108,26600
2019-12-27 09:00:00+09:00,1552.3377685546875,1559.2065197429824,1545.4690173663923,1558.519644624153,21700
2019-12-30 09:00:00+09:00,1544.095458984375,1556.4592126595169,1532.4185805134077,1552.3379614344697,18900
2020-01-06 09:00:00+09:00,1500.1356201171875,1517.3075022155986,1490.5193661420774,1511.812499944107,39500
2020-01-07 09:00:00+09:00,1513.8729248046875,1522.1154271175988,1495.3272946006373,1500.1354209498354,31200
2020-01-08 09:00:00+09:00,1483.650634765625,1501.5093924063224,1473.3475053575303,1501.5093924063224,34400
2020-01-09 09:00:00+09:00,1494.6405029296875,1511.812383707832,1491.8930020051844,1498.7617543164422,32800
2020-01-10 09:00:00+09:00,1496.0142822265625,1504.2567851589404,1483.650527827996,1497.3880327152922,18000
2020-01-14 09:00:00+09:00,1465.7916259765625,1496.0141337286566,1462.3572500956427,1496.0141337286566,43800
2020-01-15 09:00:00+09:00,1463.0439453125,1474.0339467796362,1452.0539438453638,1469.91269622946,29700
2020-01-16 09:00:00+09:00,1464.41796875,1466.478594409592,1455.4885908917684,1464.41796875,14600
2020-01-17 09:00:00+09:00,1486.39794921875,1486.39794921875,1469.2260690290695,1471.9735698594184,24000
2020-01-20 09:00:00+09:00,1489.1455078125,1496.0142601548087,1483.6505059386532,1490.5192582809618,24200
2020-01-21 09:00:00+09:00,1488.45849609375,1502.195999518704,1485.7109954087593,1490.5191216074932,18200
2020-01-22 09:00:00+09:00,1472.6605224609375,1483.6505263598997,1472.6605224609375,1483.6505263598997,19700
2020-01-23 09:00:00+09:00,1445.185302734375,1469.9128079142408,1445.185302734375,1469.9128079142408,42100
2020-01-24 09:00:00+09:00,1412.9022216796875,1445.1853546009056,1412.215346511151,1445.1853546009056,41900
2020-01-27 09:00:00+09:00,1412.2154541015625,1417.7104558684948,1381.3060691625692,1392.9829479173,36400
2020-01-28 09:00:00+09:00,1397.1041259765625,1401.225377085638,1383.3666222796444,1387.48787338872,22300
2020-01-29 09:00:00+09:00,1410.8419189453125,1412.2156695966712,1396.417537106047,1401.225664385802,19400
2020-01-30 09:00:00+09:00,1389.548583984375,1414.962967379047,1385.4273326230768,1406.7204646564508,17300
2020-01-31 09:00:00+09:00,1386.1141357421875,1406.033516285559,1384.0535101687353,1384.0535101687353,28500
2020-02-03 09:00:00+09:00,1353.8309326171875,1366.1946854264768,1344.9015555882563,1351.7703071489725,45100
2020-02-04 09:00:00+09:00,1351.7703857421875,1362.0735136822957,1346.2753841741298,1349.0228849581588,31200
2020-02-05 09:00:00+09:00,1360.69970703125,1380.619086891879,1357.2653311932104,1357.2653311932104,53800
2020-02-06 09:00:00+09:00,1377.87158203125,1393.6697108381886,1377.87158203125,1384.0534585209216,43300
2020-02-07 09:00:00+09:00,1377.1846923828125,1379.2453178576993,1357.9521879505337,1373.750316591334,28200
2020-02-10 09:00:00+09:00,1350.3966064453125,1371.6897370657625,1342.8409794509591,1367.5684859779335,66600
2020-02-12 09:00:00+09:00,1353.8309326171875,1362.7603096461187,1349.7096816807577,1353.1440574611158,39800
2020-02-13 09:00:00+09:00,1366.194580078125,1371.689580902974,1351.0833278097898,1359.3258290470635,32600
2020-02-14 09:00:00+09:00,1349.7099609375,1357.9524645157442,1333.9118290791985,1351.770586832061,41200
2020-02-17 09:00:00+09:00,1311.9315185546875,1335.9721484758468,1304.3758920080375,1335.9721484758468,53600
2020-02-18 09:00:00+09:00,1273.466552734375,1318.8003135113267,1265.9109259382162,1316.0528128581782,94300
2020-02-19 09:00:00+09:00,1277.588134765625,1285.8306388608871,1265.2243786227318,1274.8406334005376,40800
2020-02-20 09:00:00+09:00,1266.597900390625,1287.8910321217038,1264.5372747392303,1283.7697808189143,49700
2020-02-21 09:00:00+09:00,1268.658447265625,1278.9615748828335,1267.2846969166637,1267.9715720911443,39500
2020-02-25 09:00:00+09:00,1211.6478271484375,1256.294714203227,1210.274076777521,1256.294714203227,79000
2020-02-26 09:00:00+09:00,1224.011474609375,1225.3852248614617,1177.9908411644658,1211.6477223405934,79300
2020-02-27 09:00:00+09:00,1191.0416259765625,1215.7691337823042,1187.6072498924316,1215.7691337823042,75000
2020-02-28 09:00:00+09:00,1174.556640625,1187.6072699652777,1152.5766333150584,1164.253512198465,74600
2020-03-02 09:00:00+09:00,1182.112060546875,1206.8395644281577,1147.7683051562046,1158.7583068812191,57100
2020-03-03 09:00:00+09:00,1142.9600830078125,1204.0919624475332,1140.2125828082744,1188.980711350074,89000
2020-03-04 09:00:00+09:00,1123.7276611328125,1142.273288792095,1105.868908572022,1132.6570374132077,62300
2020-03-05 09:00:00+09:00,1121.6669921875,1132.6569933356934,1113.4244913263549,1126.4751176898346,74700
2020-03-06 09:00:00+09:00,1052.29296875,1104.4954920039165,1050.9192181380547,1104.4954920039165,79600
2020-03-09 09:00:00+09:00,985.6658325195312,1048.8583458239193,979.483956218015,1041.3027192331772,84100
2020-03-10 09:00:00+09:00,992.5346069335938,998.7164833781629,925.9077163643491,956.1302234266869,73500
2020-03-11 09:00:00+09:00,962.3121337890625,1011.7671470887146,962.3121337890625,984.292139700019,72800
2020-03-12 09:00:00+09:00,923.8471069335938,959.5646159005431,908.0489779674431,941.7058614170685,97600
2020-03-13 09:00:00+09:00,845.54345703125,873.0184678202428,831.8059516367537,841.4222054129011,120000
2020-03-16 09:00:00+09:00,869.583984375,912.8571210382108,851.7252295616114,851.7252295616114,108100
2020-03-17 09:00:00+09:00,934.150390625,942.3928940716912,824.2503446691177,837.3009751263787,116400
2020-03-18 09:00:00+09:00,890.190185546875,951.3220732889057,890.1901855468749,938.9583207118658,67300
2020-03-19 09:00:00+09:00,903.927734375,917.6652379369301,887.4427301006839,909.422735799772,62400
2020-03-23 09:00:00+09:00,909.4227905273438,926.5946710131319,870.9577782391782,924.5340453548374,89500
2020-03-24 09:00:00+09:00,980.1708374023438,980.1708374023436,917.665198857415,924.5339503458687,80700
2020-03-25 09:00:00+09:00,1040.6158447265625,1046.1108458868348,1002.8377117496906,1030.999592696086,72500
2020-03-26 09:00:00+09:00,1016.5752563476562,1022.0702577333193,962.312117664234,1013.8277556548247,85200
2020-03-27 09:00:00+09:00,1046.1109619140625,1050.919088462584,1006.2721990834547,1050.919088462584,84600
2020-03-30 09:00:00+09:00,1015.1775512695312,1016.5836143599322,986.3532579163104,1014.4745197243307,84700
2020-03-31 09:00:00+09:00,975.1046752929688,1021.5047535693466,958.9349510451402,1015.1774701680223,50700
2020-04-01 09:00:00+09:00,956.8261108398438,991.2746629567815,949.0927624054292,950.4988257571409,36900
2020-04-02 09:00:00+09:00,941.359130859375,965.2622006496802,930.8136588930638,965.2622006496802,37600
2020-04-03 09:00:00+09:00,948.3892822265625,956.122627003799,932.9225926720893,937.1407807324001,34200
2020-04-06 09:00:00+09:00,986.3531494140625,993.3834640927087,920.2681914347882,940.6561040028622,36200
2020-04-07 09:00:00+09:00,1003.2260131835938,1022.2078648696182,970.1835306190325,1017.2866440621303,34300
2020-04-08 09:00:00+09:00,1013.0682983398438,1024.3168013054492,983.5409780551294,991.2743238439831,28300
2020-04-09 09:00:00+09:00,1003.9288330078125,1015.1773353384323,990.5712364902016,1009.5530841731224,23200
2020-04-10 09:00:00+09:00,1017.2865600585938,1025.7229378890727,985.6501431942975,1017.989591544467,23400
2020-04-13 09:00:00+09:00,974.40185546875,1010.9595008398719,973.6988238269977,1007.4443426311102,30600
2020-04-14 09:00:00+09:00,987.7593994140625,996.8988102271463,959.6381353738044,977.9169569999722,22300
2020-04-15 09:00:00+09:00,996.8986206054688,1012.3653128856665,969.480393381482,1008.8501555492579,48800
2020-04-16 09:00:00+09:00,1000.413818359375,1015.8805112644392,972.2925585319857,981.4319679758872,35400
2020-04-17 09:00:00+09:00,962.4503173828125,1025.0201334873198,959.6381908163178,1021.5049752792013,65500
2020-04-20 09:00:00+09:00,948.3892822265625,961.7468777508802,936.437749389015,961.7468777508802,64800
2020-04-21 09:00:00+09:00,933.625732421875,936.4378581219408,906.2075068462325,927.2984495967266,115700
2020-04-22 09:00:00+09:00,938.5470581054688,994.0865469371781,918.159144483702,918.159144483702,146200
2020-04-23 09:00:00+09:00,968.77734375,970.8864381123004,923.0802992334906,946.2803372187954,74100
2020-04-24 09:00:00+09:00,961.747314453125,980.0261376810353,942.0624278999909,980.0261376810353,42100
2020-04-27 09:00:00+09:00,1002.52294921875,1002.5229492187501,958.9349949048914,974.4016883710993,49100
2020-04-28 09:00:00+09:00,1001.820068359375,1001.820068359375,972.292740028783,994.0867204632676,80300
2020-04-30 09:00:00+09:00,1016.5834350585938,1039.0804405370689,1010.2561522677726,1012.3652465313796,66600
2020-05-01 09:00:00+09:00,976.5107421875,1004.632001861726,967.3713327933765,1004.632001861726,44800
2020-05-07 09:00:00+09:00,968.77734375,972.2925010205007,951.2015573974963,958.2318719384978,54000
2020-05-08 09:00:00+09:00,1025.722900390625,1026.4259318507968,977.2137296387723,980.7288869396313,53400
2020-05-11 09:00:00+09:00,1051.7352294921875,1055.9534189152846,1018.6927456779276,1040.486724363929,33100
2020-05-12 09:00:00+09:00,993.3834838867188,1039.0805302084716,992.6804524048456,1035.565372799106,57500
2020-05-13 09:00:00+09:00,970.18359375,980.7290675951086,949.0926460597825,980.7290675951086,65200
2020-05-14 09:00:00+09:00,932.2196655273438,963.8560795158284,931.5166341053774,958.2318281400977,46200
2020-05-15 09:00:00+09:00,939.9530029296875,945.5772542561178,928.0014688610228,935.0317830190609,43000
2020-05-18 09:00:00+09:00,946.9834594726562,949.0925540371834,930.1107029564397,949.0925540371834,40300
2020-05-19 09:00:00+09:00,958.9349975585938,989.1653530534761,954.0137768966362,968.0744073593721,78300
2020-05-20 09:00:00+09:00,941.359130859375,956.1227916122106,932.2197218219053,945.5773196458994,78900
2020-05-21 09:00:00+09:00,958.9349975585938,968.0744073593721,946.9834616652682,950.4986192809522,49000
2020-05-22 09:00:00+09:00,942.062255859375,962.4501703518539,935.0319405171408,958.9350126807369,24500
2020-05-25 09:00:00+09:00,982.1350708007812,982.1350708007814,948.3895565570895,958.9350297582432,35300
2020-05-26 09:00:00+09:00,1007.4441528320312,1014.4744679250672,993.3835226459597,994.7895856645669,49400
2020-05-27 09:00:00+09:00,1011.662353515625,1023.6138893111536,995.4926286157922,1007.4441644113208,53600
2020-05-28 09:00:00+09:00,1040.486572265625,1051.0320442818306,1017.2865338299725,1032.7532261204076,62400
2020-05-29 09:00:00+09:00,998.3048095703125,1034.8624504841548,998.3048095703125,1023.613945587588,69900
2020-06-01 09:00:00+09:00,1014.474365234375,1016.5834595487917,996.1955478427647,998.3046421571812,34200
2020-06-02 09:00:00+09:00,1023.6138916015625,1029.9411752721767,1010.9593242603345,1024.3169231205197,38900
2020-06-03 09:00:00+09:00,1058.765380859375,1063.686601089133,1042.5956572473128,1052.438097706829,67200
2020-06-04 09:00:00+09:00,1057.3594970703125,1079.1534760657778,1048.923118104326,1073.5292234217868,64000
2020-06-05 09:00:00+09:00,1112.898681640625,1115.7108071785672,1051.0319198058967,1051.0319198058967,64500
2020-06-08 09:00:00+09:00,1158.595947265625,1158.595947265625,1126.256497281269,1126.256497281269,72300
2020-06-09 09:00:00+09:00,1138.910888671875,1171.9533650716146,1131.880574544271,1171.9533650716146,58000
2020-06-10 09:00:00+09:00,1123.444580078125,1134.6930865119484,1107.2748520795037,1134.6930865119484,39900
2020-06-11 09:00:00+09:00,1058.765380859375,1097.4321112360453,1058.062349397981,1097.4321112360453,57700
2020-06-12 09:00:00+09:00,1065.795654296875,1071.4199057707372,1003.9288880843915,1013.0682967294175,82700
2020-06-15 09:00:00+09:00,1028.53515625,1074.935238486842,1028.53515625,1065.0927968002393,55600
2020-06-16 09:00:00+09:00,1112.898681640625,1115.0077757940817,1065.7955788800932,1065.7955788800932,70300
2020-06-17 09:00:00+09:00,1107.2747802734375,1112.89903312562,1087.5898952907987,1106.5717486669148,44500
2020-06-18 09:00:00+09:00,1123.444580078125,1126.9597383386947,1087.5899658203125,1111.4930419921875,43100
2020-06-19 09:00:00+09:00,1081.9654541015625,1131.1776579918221,1081.9654541015625,1128.3655320552357,80400
2020-06-22 09:00:00+09:00,1080.5594482421875,1110.0867721368993,1067.9048808587397,1110.0867721368993,79500
2020-06-23 09:00:00+09:00,1067.9049072265625,1089.6988849250638,1058.7654972239652,1084.7776641544344,45700
2020-06-24 09:00:00+09:00,1054.5472412109375,1065.0927136230468,1048.219957763672,1058.0623986816406,33800
2020-06-25 09:00:00+09:00,1060.1715087890625,1065.0927293205768,1020.0987130324468,1046.813910203524,67900
2020-06-26 09:00:00+09:00,1070.013916015625,1084.074545661034,1053.1411604411342,1053.1411604411342,33200
2020-06-29 09:00:00+09:00,1051.7352294921875,1064.3897977614786,1043.2988506459935,1060.1716083383815,28600
2020-06-30 09:00:00+09:00,1045.4075927734375,1074.934908776453,1045.4075927734375,1061.5773134417555,38000
2020-07-01 09:00:00+09:00,1026.426025390625,1042.5957504481487,1020.8017731967038,1041.8927189239084,42000
2020-07-02 09:00:00+09:00,1022.9108276367188,1043.2987410397873,1015.1774811734857,1029.2381111066366,34700
2020-07-03 09:00:00+09:00,1013.771484375,1034.8624306518723,995.4926642683772,1026.4260521411234,30100
2020-07-06 09:00:00+09:00,1056.6563720703125,1059.4684981436865,1013.7714494513577,1026.4260167815412,40300
2020-07-07 09:00:00+09:00,1054.5472412109375,1078.4503120117188,1036.971453857422,1078.4503120117188,33000
2020-07-08 09:00:00+09:00,1042.595703125,1065.0927108795515,1039.783577155681,1050.3290495406272,31500
2020-07-09 09:00:00+09:00,1024.3170166015625,1045.4079640950745,1019.395795519743,1045.4079640950745,31900
2020-07-10 09:00:00+09:00,986.3531494140625,1013.7713766607827,986.3531494140625,1013.7713766607827,34500
2020-07-13 09:00:00+09:00,1040.486572265625,1041.8926352011192,1001.1168100717906,1001.1168100717906,45300
2020-07-14 09:00:00+09:00,1049.6260986328125,1052.4382248180311,1023.6139314195412,1039.080625438243,22900
2020-07-15 09:00:00+09:00,1067.9049072265625,1093.2140426183705,1046.8139610667226,1070.0140018425466,61300
2020-07-16 09:00:00+09:00,1041.8927001953125,1074.2321497290402,1038.3775426372986,1054.5472674041625,32300
2020-07-17 09:00:00+09:00,1048.219970703125,1052.438159720039,1034.862372149564,1052.438159720039,24300
2020-07-20 09:00:00+09:00,1064.3897705078125,1064.3897705078125,1027.832129777029,1046.8139816949358,31800
2020-07-21 09:00:00+09:00,1087.589599609375,1087.589599609375,1048.2198403474972,1058.0622801629665,49200
2020-07-22 09:00:00+09:00,1054.5472412109375,1091.1048789062502,1053.844209716797,1091.1048789062502,27100
2020-07-27 09:00:00+09:00,1091.1048583984375,1092.5109213602911,1032.7532454815107,1038.3774973289255,51300
2020-07-28 09:00:00+09:00,1062.9833984375,1097.4319344979747,1062.9833984375,1094.6198091052827,35100
2020-07-29 09:00:00+09:00,1054.5472412109375,1072.8260600585938,1044.0017687988282,1049.626020751953,21500
2020-07-30 09:00:00+09:00,1036.971435546875,1070.7169466697565,1034.862341101695,1062.280568889036,23900
2020-07-31 09:00:00+09:00,1005.3351440429688,1035.565501521184,1003.2260493351863,1032.7533752441407,35100
2020-08-03 09:00:00+09:00,942.062255859375,1005.3350939394822,935.7349720513643,977.2138325705456,79000
2020-08-04 09:00:00+09:00,992.6803588867188,996.8985473805717,956.825756688969,959.6378823515377,41700
2020-08-05 09:00:00+09:00,968.074462890625,982.1350941599151,952.6077684944058,975.10477852527,32100
2020-08-06 09:00:00+09:00,975.8077392578125,977.9168337951133,958.231951446973,970.8865186707775,17300
2020-08-07 09:00:00+09:00,998.3048095703125,1000.4139042384188,972.9956735530369,977.2138628892495,28700
2020-08-11 09:00:00+09:00,1023.6138916015625,1025.722986158434,996.8986938811921,996.8986938811921,28700
2020-08-12 09:00:00+09:00,1020.0986328125,1033.456230347605,1009.5531610742592,1029.2380416523088,32300
2020-08-13 09:00:00+09:00,1022.2078857421875,1031.347295999855,1005.335128343417,1027.1291066501624,22900
2020-08-14 09:00:00+09:00,1007.4441528320312,1022.2078145274065,1000.4138377389955,1022.2078145274065,24300
2020-08-17 09:00:00+09:00,1010.9592895507812,1017.2865730041589,1001.1168486233049,1001.1168486233049,13700
2020-08-18 09:00:00+09:00,969.4805297851562,1002.523013396398,967.3714350865664,1002.523013396398,55500
2020-08-19 09:00:00+09:00,972.99560546875,972.99560546875,961.044069852443,970.1834794413836,17700
2020-08-20 09:00:00+09:00,963.1533813476562,971.5897613302635,952.6079063693973,971.5897613302635,41300
2020-08-21 09:00:00+09:00,963.8563232421875,973.6987656385337,957.5290388445364,958.2320704442755,17400
2020-08-24 09:00:00+09:00,961.747314453125,980.7291693436472,951.904871176558,980.7291693436472,36000
2020-08-25 09:00:00+09:00,987.7593994140625,990.5715258180883,970.1836093889011,978.6199886009786,38300
2020-08-26 09:00:00+09:00,992.6803588867188,998.304610211856,975.104573495665,987.7591389772238,20200
2020-08-27 09:00:00+09:00,981.4320678710938,991.2745098124944,970.8865943624502,991.2745098124944,18600
2020-08-28 09:00:00+09:00,974.40185546875,1001.1170578553391,961.7472859172078,977.2139820357594,38900
2020-08-31 09:00:00+09:00,965.2621459960938,991.9773401314554,954.7166746268721,978.6197430637746,36800
2020-09-01 09:00:00+09:00,984.2442016601562,984.2442016601562,958.2320334734235,967.3714439174107,26300
2020-09-02 09:00:00+09:00,983.5411376953125,984.9472007942335,974.4017275523253,984.2441692447729,14100
2020-09-03 09:00:00+09:00,965.9652099609375,992.6804049962473,964.5591470643423,984.2440276166758,29400
2020-09-04 09:00:00+09:00,984.2442016601562,984.2442016601562,958.2320334734235,965.2623491995676,33400
2020-09-07 09:00:00+09:00,1001.1168823242188,1010.9593235830242,982.1350313250938,986.3532204360105,32100
2020-09-08 09:00:00+09:00,1029.941162109375,1029.941162109375,999.7108071805674,1011.6623428500959,33100
2020-09-09 09:00:00+09:00,1030.6441650390625,1039.7835744152617,1009.553220324757,1017.2865667200024,38000
2020-09-10 09:00:00+09:00,1060.1715087890625,1064.3896978160747,1033.4563116179854,1040.4866266630056,47400
2020-09-11 09:00:00+09:00,1048.219970703125,1070.013947290514,1042.5957186805729,1070.013947290514,58900
2020-09-14 09:00:00+09:00,1047.516845703125,1069.3108203452705,1027.831965381187,1069.3108203452705,36300
2020-09-15 09:00:00+09:00,1031.34716796875,1048.2199232729422,1027.83201061371,1047.5168918019342,17800
2020-09-16 09:00:00+09:00,1016.5834350585938,1046.8137861702946,1015.8804036373914,1046.8137861702946,24200
2020-09-17 09:00:00+09:00,1016.5834350585938,1027.8319377978312,1015.177372216189,1018.6925293222007,12600
2020-09-18 09:00:00+09:00,1015.8804931640625,1025.7229339282817,1010.9592727819528,1016.583524647221,38700
2020-09-23 09:00:00+09:00,1015.1775512695312,1018.6927089955337,994.7896364587165,1018.6927089955337,26400
2020-09-24 09:00:00+09:00,1012.3653564453125,1039.7835848490397,1004.6320099724663,1017.9896084255641,70300
2020-09-25 09:00:00+09:00,1053.141357421875,1070.7171477660318,1020.0988715748601,1027.129187712523,114500
2020-09-28 09:00:00+09:00,1049.6260986328125,1055.2503510032495,1026.4260576047598,1055.2503510032495,69500
2020-09-29 09:00:00+09:00,1063.97509765625,1071.8670235323245,1049.6261415179324,1053.2133805525118,44700
2020-09-30 09:00:00+09:00,1033.8421630859375,1054.6481469370772,1028.102581333899,1054.6481469370772,46100
2020-10-02 09:00:00+09:00,1023.7979736328125,1061.105257885725,1020.2107347623402,1041.7341679851743,67800
2020-10-05 09:00:00+09:00,1064.6923828125,1071.1494120883171,1041.7340564984838,1047.473638076988,63300
2020-10-06 09:00:00+09:00,1096.2603759765625,1110.609333777303,1072.584595605341,1072.584595605341,65400
2020-10-07 09:00:00+09:00,1066.12744140625,1081.1938453561363,1058.235515527738,1081.1938453561363,48500
2020-10-08 09:00:00+09:00,1079.7587890625,1094.1077430699752,1072.5843120587624,1076.1715505606312,62400
2020-10-09 09:00:00+09:00,1084.0634765625,1086.9332673674305,1071.1494179403126,1086.9332673674305,36900
2020-10-12 09:00:00+09:00,1085.4984130859375,1087.6507562711706,1074.0192494313603,1086.9333085427595,17300
2020-10-13 09:00:00+09:00,1102.7171630859375,1102.7171630859375,1081.9111788767689,1090.5205516529766,23400
2020-10-14 09:00:00+09:00,1064.6923828125,1091.2379476130811,1058.952801233996,1091.2379476130811,52300
2020-10-15 09:00:00+09:00,1052.495849609375,1066.8448046142744,1048.9086108581503,1061.1052226123147,18300
2020-10-16 09:00:00+09:00,1053.9306640625,1068.9970656590367,1046.7561871117682,1058.235350232939,23000
2020-10-19 09:00:00+09:00,1061.1051025390625,1068.2795792296579,1046.0387014888122,1052.495730510348,26900
2020-10-20 09:00:00+09:00,1058.9527587890625,1060.387654126175,1035.2769857267053,1048.1910437607185,59700
2020-10-21 09:00:00+09:00,1084.7808837890625,1086.2157791379898,1056.8004244849794,1061.822558206225,38200
2020-10-22 09:00:00+09:00,1079.7587890625,1082.6285798639951,1067.5621781561463,1082.6285798639951,17100
2020-10-23 09:00:00+09:00,1086.933349609375,1092.672931653517,1071.8669467435025,1090.5205883869637,23100
2020-10-26 09:00:00+09:00,1082.628662109375,1096.9776172069148,1074.019289050851,1096.9776172069148,14000
2020-10-27 09:00:00+09:00,1079.7587890625,1080.4762367628737,1058.9528057516611,1074.7366551598836,21000
2020-10-28 09:00:00+09:00,1051.7784423828125,1066.127397940559,1033.8422479356295,1066.127397940559,43700
2020-10-29 09:00:00+09:00,1051.7784423828125,1056.8005768280238,1028.102665712531,1030.255009046193,34400
2020-10-30 09:00:00+09:00,1013.0361938476562,1054.6481621501805,1005.8617165541177,1041.7341030218108,41900
2020-11-02 09:00:00+09:00,1019.493408203125,1036.7121568286527,1012.318929609155,1031.6900218128737,40100
2020-11-04 09:00:00+09:00,1013.0361938476562,1031.6898348108568,1007.2966120128254,1028.1025961640876,30900
2020-11-05 09:00:00+09:00,1051.7784423828125,1055.365681272249,996.5349634854888,1015.9060534884464,83200
2020-11-06 09:00:00+09:00,1037.4293212890625,1051.0608268938288,1025.9501586745223,1045.3212455865587,26900
2020-11-09 09:00:00+09:00,1032.4073486328125,1042.4516174867802,1027.3852142058288,1038.8643786103632,30900
2020-11-10 09:00:00+09:00,1033.8421630859375,1063.9749672841397,1028.820029052904,1061.8226241271254,61400
2020-11-11 09:00:00+09:00,1036.7120361328125,1050.3435438743513,1032.4073494775898,1043.886513891517,59200
2020-11-12 09:00:00+09:00,1005.8617553710938,1030.2549791104784,998.6872778006865,1030.2549791104784,39000
2020-11-13 09:00:00+09:00,974.2940063476562,1003.7093629457814,972.8591109038454,1003.7093629457814,53600
2020-11-16 09:00:00+09:00,985.773193359375,997.9698049220457,981.4685069254913,995.8174617051037,57600
2020-11-17 09:00:00+09:00,982.9037475585938,993.665467422374,970.7071317129762,990.7956754586993,68600
2020-11-18 09:00:00+09:00,962.81494140625,977.1638973139437,960.662598020096,977.1638973139437,32000
2020-11-19 09:00:00+09:00,961.3800659179688,967.1196484010611,956.3579312452629,967.1196484010611,33400
2020-11-20 09:00:00+09:00,960.6624755859375,972.1416388491003,940.5739398754026,954.9228939543561,65900
2020-11-24 09:00:00+09:00,981.4686889648438,997.9699900220012,967.8371793958876,975.0116581163908,61200
2020-11-25 09:00:00+09:00,991.5128173828125,1013.0362504663757,988.643026305004,1000.1221906162377,76600
2020-11-26 09:00:00+09:00,991.5128173828125,1002.9919816940462,978.5987575326745,998.6872950773335,52800
2020-11-27 09:00:00+09:00,992.9476928710938,996.534931645917,981.4685287916591,990.0779018512351,68000
2020-11-30 09:00:00+09:00,950.6182861328125,1001.5570773142688,950.6182861328125,1001.5570773142688,83100
2020-12-01 09:00:00+09:00,987.9256591796875,995.1001374598596,959.9451938870167,963.5324330271027,77300
2020-12-02 09:00:00+09:00,982.1861572265625,997.25256285239,981.4687093396184,987.9257403221159,62600
2020-12-03 09:00:00+09:00,1008.0142822265625,1016.6236568790314,986.4908455953903,986.4908455953903,52900
2020-12-04 09:00:00+09:00,1016.6234130859375,1020.2106516642224,1006.5791450667398,1016.6234130859375,34200
2020-12-07 09:00:00+09:00,1001.55712890625,1033.842279909675,1000.1222333060978,1013.7537415075439,53500
2020-12-08 09:00:00+09:00,1003.7095336914062,1009.4491164430369,993.6652638760527,1001.5571901595448,33200
2020-12-09 09:00:00+09:00,996.5349731445312,1001.5571076384202,988.6430475112772,997.9698687142138,39300
2020-12-10 09:00:00+09:00,995.8175048828125,1008.0141169743166,990.7953704921931,996.534952652901,32500
2020-12-11 09:00:00+09:00,985.0557250976562,998.6872318542881,977.8812478573238,998.6872318542881,42200
2020-12-14 09:00:00+09:00,1013.753662109375,1021.6455872921089,990.0778865611729,990.0778865611729,53800
2020-12-15 09:00:00+09:00,1002.991943359375,1017.3408981999955,1000.8396001332819,1011.6013162637473,25100
2020-12-16 09:00:00+09:00,1000.1221923828125,1018.0583866507969,998.6872968413737,1005.1443267778482,32300
2020-12-17 09:00:00+09:00,996.5349731445312,1009.4490332716742,990.7953908658011,1009.4490332716742,54200
2020-12-18 09:00:00+09:00,1016.6234130859375,1018.0583085172514,994.3825339005712,997.252324763199,51300
2020-12-21 09:00:00+09:00,999.4046020507812,1023.7978227756388,989.360334693487,1023.7978227756388,57200
2020-12-22 09:00:00+09:00,973.5765380859375,995.0999692890164,968.5544041385524,987.9254922213233,68200
2020-12-23 09:00:00+09:00,973.5765380859375,973.5765380859374,957.7926885370129,969.989299552091,39500
2020-12-24 09:00:00+09:00,975.7291259765625,987.9257400512695,970.7069907693301,972.1418865428251,40700
2020-12-25 09:00:00+09:00,1004.4269409179688,1008.7316278076173,982.9035064697266,982.9035064697266,48500
2020-12-28 09:00:00+09:00,988.6430053710938,1010.883885753172,972.1417070231001,1010.883885753172,55500
2020-12-29 09:00:00+09:00,1005.144287109375,1005.144287109375,985.7731980644405,991.5127800036804,34700
2020-12-30 09:00:00+09:00,1000.8397827148438,1009.4491571898101,988.643168875308,997.2525433502744,31700
2021-01-04 09:00:00+09:00,987.2080688476562,1002.2744710611743,974.294009807498,1002.2744710611743,32200
2021-01-05 09:00:00+09:00,984.3382568359375,993.6650770537707,975.0114366181043,976.4463320362324,23500
2021-01-06 09:00:00+09:00,1008.0142822265625,1013.7538653282083,986.4908455953903,986.4908455953903,47700
2021-01-07 09:00:00+09:00,1018.7759399414062,1031.6900011519313,1013.036357181173,1013.036357181173,75500
2021-01-08 09:00:00+09:00,1019.493408203125,1024.515543218904,1011.601481749758,1020.2108560625219,48100
2021-01-12 09:00:00+09:00,1061.1051025390625,1061.1051025390625,1020.2105854026686,1023.7978237479664,109600
2021-01-13 09:00:00+09:00,1073.3018798828125,1077.6065665668345,1058.952924269406,1066.1274020761093,73000
2021-01-14 09:00:00+09:00,1100.56494140625,1118.5011366703675,1074.019372415356,1081.193850521003,126800
2021-01-15 09:00:00+09:00,1080.476318359375,1112.0440195597816,1073.301840813828,1103.4346465051253,78500
2021-01-18 09:00:00+09:00,1066.8446044921875,1070.431842570507,1051.778204563246,1069.714394954843,77200
2021-01-19 09:00:00+09:00,1062.5401611328125,1070.4320867050346,1056.0831311191762,1070.4320867050346,47500
2021-01-20 09:00:00+09:00,1061.8226318359375,1071.1494522507126,1039.5817523853198,1062.5400795601508,61400
2021-01-21 09:00:00+09:00,1053.2132568359375,1072.5843453472253,1049.626018222736,1058.2353908944197,32700
2021-01-22 09:00:00+09:00,1065.4097900390625,1070.4319237294824,1047.4735982875632,1054.648074988163,73000
2021-01-25 09:00:00+09:00,1046.75634765625,1077.6066032760023,1045.321452046029,1065.4099905891235,53400
2021-01-26 09:00:00+09:00,1045.321533203125,1051.7785639504332,1036.7121588733808,1046.7564289247491,59000
2021-01-27 09:00:00+09:00,1038.1468505859375,1043.1689846247084,1022.3630007498002,1038.8642983057618,77600
2021-01-28 09:00:00+09:00,1027.38525390625,1043.1691055724075,1011.6014022400925,1023.7980148912142,132400
2021-01-29 09:00:00+09:00,1015.1885986328125,1035.9945840464886,1011.6013597683856,1035.9945840464886,82000
2021-02-01 09:00:00+09:00,1031.6898193359375,1047.4736691449714,1010.8838354967567,1015.1885218083113,42700
2021-02-02 09:00:00+09:00,1044.6038818359375,1052.4958067673904,1029.537479694073,1037.4294046255259,54400
2021-02-03 09:00:00+09:00,1051.7784423828125,1054.6482334943619,1041.73417349239,1044.6039646039394,45700
2021-02-04 09:00:00+09:00,1068.9970703125,1080.476233483641,1042.4515054792366,1049.6259824611996,104300
2021-02-05 09:00:00+09:00,1069.714599609375,1089.8031366912412,1065.409913091832,1078.3239726444604,58400
2021-02-08 09:00:00+09:00,1123.5233154296875,1123.5233154296875,1076.1717580744132,1076.1717580744132,98000
2021-02-09 09:00:00+09:00,1112.0440673828125,1157.9607256489417,1102.7172461725052,1146.4815610824094,88900
2021-02-10 09:00:00+09:00,1127.827880859375,1149.3513137002028,1101.2823136890208,1112.0440301094347,98100
2021-02-12 09:00:00+09:00,1099.1300048828125,1139.3070807793122,1094.10787039575,1139.3070807793122,51700
2021-02-15 09:00:00+09:00,1114.9139404296875,1134.2850320587747,1101.9998793436293,1123.5233144870595,44400
2021-02-16 09:00:00+09:00,1109.1741943359375,1132.8499695061096,1108.456746603508,1118.5010148575204,49500
2021-02-17 09:00:00+09:00,1131.4150390625,1139.306963875238,1109.1741600447845,1109.1741600447845,66200
2021-02-18 09:00:00+09:00,1118.5010986328125,1150.7862490102832,1109.1742774126544,1140.7419800039588,70700
2021-02-19 09:00:00+09:00,1101.282470703125,1119.218667294381,1089.803304884721,1109.1743972032777,55600
2021-02-22 09:00:00+09:00,1152.9384765625,1159.3955059894213,1111.3265091445628,1111.3265091445628,82700
2021-02-24 09:00:00+09:00,1137.15478515625,1165.1352499014195,1135.0024417143138,1155.0909805057177,89300
2021-02-25 09:00:00+09:00,1143.6116943359375,1152.221067191666,1122.8057099345936,1147.9163807638017,131700
2021-02-26 09:00:00+09:00,1113.4788818359375,1135.7197615633306,1107.021852237662,1132.132522897622,90000
2021-03-01 09:00:00+09:00,1145.76416015625,1145.76416015625,1103.4347390859814,1122.80583008424,83100
2021-03-02 09:00:00+09:00,1124.24072265625,1149.35139610422,1101.9998404594767,1149.35139610422,76400
2021-03-03 09:00:00+09:00,1169.4398193359375,1169.4398193359375,1129.9801935301236,1130.6976412720476,103800
2021-03-04 09:00:00+09:00,1222.5311279296875,1246.2069068156497,1176.6144658478213,1177.3319136928505,182300
2021-03-05 09:00:00+09:00,1201.724853515625,1213.2040162954756,1166.5699175023321,1205.3120918843283,121500
2021-03-08 09:00:00+09:00,1214.63916015625,1236.880042592661,1204.5948906688386,1219.6612948999557,99100
2021-03-09 09:00:00+09:00,1212.486572265625,1234.0100025425297,1206.7469908584505,1234.0100025425297,92300
2021-03-10 09:00:00+09:00,1222.5311279296875,1226.8358149998626,1193.1157662834921,1226.8358149998626,64700
2021-03-11 09:00:00+09:00,1287.8187255859375,1310.7770538415084,1234.0101437369428,1234.0101437369428,177200
2021-03-12 09:00:00+09:00,1292.12353515625,1300.0154612454885,1269.882652541123,1289.2537438510722,90000
2021-03-15 09:00:00+09:00,1421.9813232421875,1428.4383524597354,1320.1037511431005,1320.1037511431005,198600
2021-03-16 09:00:00+09:00,1479.37744140625,1495.1612938363846,1431.3084362781128,1433.4607797913131,255100
2021-03-17 09:00:00+09:00,1451.396728515625,1485.1167711454987,1422.698819894456,1485.1167711454987,183900
2021-03-18 09:00:00+09:00,1450.6795654296875,1467.180866124486,1409.0675897645433,1457.1365961363479,180900
2021-03-19 09:00:00+09:00,1456.4190673828125,1481.5297409583782,1431.3083938072468,1438.482871971694,169300
2021-03-22 09:00:00+09:00,1518.8369140625,1522.4241528770076,1459.2887497416746,1465.0283318448867,182300
2021-03-23 09:00:00+09:00,1423.4163818359375,1559.014010952365,1420.5465907435264,1551.1220854482342,260800
2021-03-24 09:00:00+09:00,1352.38916015625,1412.654777903266,1329.4308295859582,1380.3696255387931,273100
2021-03-25 09:00:00+09:00,1422.6990966796875,1436.3306059267445,1348.0845197484282,1348.0845197484282,188200
2021-03-26 09:00:00+09:00,1420.54638671875,1470.7677236229483,1400.4578519570707,1439.2000261403093,152300
2021-03-29 09:00:00+09:00,1391.8486328125,1439.9176319869523,1362.4332751087306,1427.7210202561212,180900
2021-03-30 09:00:00+09:00,1436.0341796875,1443.3984575320515,1369.7556790865385,1393.3213681891027,115200
2021-03-31 09:00:00+09:00,1388.1666259765625,1430.8794452373797,1382.2752026302428,1423.5151660544802,103600
2021-04-01 09:00:00+09:00,1361.6551513671875,1411.732247253055,1355.027300441117,1405.8408242076587,129000
2021-04-02 09:00:00+09:00,1384.484375,1388.9029421542552,1347.6629820478722,1369.755817819149,84700
2021-04-05 09:00:00+09:00,1440.452880859375,1441.1893087125752,1384.4843640161682,1405.840771758971,127200
2021-04-06 09:00:00+09:00,1417.62353515625,1444.8713641436689,1400.6856955154221,1438.9799416599026,108300
2021-04-07 09:00:00+09:00,1436.0341796875,1450.0263075921475,1410.9956350160257,1417.6234850761218,117900
2021-04-08 09:00:00+09:00,1410.25927734375,1436.7706789021704,1398.4764322066742,1430.8792563336324,129100
2021-04-09 09:00:00+09:00,1429.40625,1439.716238408037,1406.5769899536322,1421.3055448222565,90800
2021-04-12 09:00:00+09:00,1400.685791015625,1446.3443183778588,1400.685791015625,1436.034328328322,75700
2021-04-13 09:00:00+09:00,1397.003662109375,1422.042209558884,1394.794378510889,1405.1043686371574,84400
2021-04-14 09:00:00+09:00,1377.1201171875,1388.90296310996,1364.6008433948864,1388.90296310996,75600
2021-04-15 09:00:00+09:00,1409.5228271484375,1419.0963886703441,1371.9650088701876,1371.9650088701876,83100
2021-04-16 09:00:00+09:00,1414.6778564453125,1421.305706891959,1388.902882486132,1421.305706891959,75400
2021-04-19 09:00:00+09:00,1422.0423583984375,1438.2437731497403,1418.3602186822322,1424.2516422281606,43900
2021-04-20 09:00:00+09:00,1422.7786865234375,1430.1429654391902,1406.5772729087814,1419.096547065561,51700
2021-04-21 09:00:00+09:00,1388.1666259765625,1402.8951843423615,1377.8566351205031,1394.794477241172,96500
2021-04-22 09:00:00+09:00,1463.2818603515625,1488.3204025015139,1404.367643528148,1430.8790410986844,225800
2021-04-23 09:00:00+09:00,1544.2891845703125,1550.180607305917,1469.1735446913558,1477.274250952812,323900
2021-04-26 09:00:00+09:00,1586.2657470703125,1588.4750308406053,1531.7700807364206,1546.49863920504,269900
2021-04-27 09:00:00+09:00,1650.3348388671875,1667.2726796944723,1569.3277740410426,1581.1106198339364,290100
2021-04-28 09:00:00+09:00,1558.2813720703125,1639.2884377261416,1551.6535212439267,1620.141313116582,282000
2021-04-30 09:00:00+09:00,1682.73779296875,1692.3113559046774,1591.420731118367,1593.630014872812,546800
2021-05-06 09:00:00+09:00,1792.46533203125,1821.1860173020875,1715.1404101482256,1715.1404101482256,592800
2021-05-07 09:00:00+09:00,1796.1474609375,1818.9767234586407,1754.9075028347938,1768.8996314767835,338200
2021-05-10 09:00:00+09:00,1756.38037109375,1807.9303190923085,1743.8610980083856,1779.209633778826,235700
2021-05-11 09:00:00+09:00,1722.504638671875,1796.8838470967828,1709.2489381605053,1738.7060504079934,253900
2021-05-12 09:00:00+09:00,1645.916259765625,1726.9233240046492,1616.459145496889,1723.2411847210572,231400
2021-05-13 09:00:00+09:00,1634.1331787109375,1670.218138493198,1610.5674906898694,1615.722484944478,193400
2021-05-14 09:00:00+09:00,1620.141357421875,1674.637021262429,1618.6685016424008,1670.954881813743,144800
2021-05-17 09:00:00+09:00,1608.3585205078125,1654.0170499361477,1600.257813673753,1642.2342036320613,105600
2021-05-18 09:00:00+09:00,1620.8775634765625,1630.4511247328983,1578.1647517175254,1605.4125799086353,116200
2021-05-19 09:00:00+09:00,1603.2034912109375,1620.8777602918115,1587.0020778868031,1598.784923940719,83600
2021-05-20 09:00:00+09:00,1595.8392333984375,1616.459214263761,1575.955680421161,1584.0563871896811,110300
2021-05-21 09:00:00+09:00,1633.39697265625,1633.39697265625,1594.366296573842,1606.885570034237,120000
2021-05-24 09:00:00+09:00,1718.086181640625,1721.768320906893,1658.4355255270843,1658.4355255270843,186200
2021-05-25 09:00:00+09:00,1688.629150390625,1741.6519584273128,1682.0012993860391,1734.2876795333284,175200
2021-05-26 09:00:00+09:00,1659.9083251953125,1685.6832991890287,1636.3426346867723,1675.3733095915422,98300
2021-05-27 09:00:00+09:00,1607.621826171875,1675.3731811914868,1599.5211206803997,1651.8074924890132,150000
2021-05-28 09:00:00+09:00,1605.412841796875,1645.1799488872564,1594.3664231606579,1620.1413999784977,110200
2021-05-31 09:00:00+09:00,1555.3355712890625,1570.0641278353603,1525.8784581964665,1568.5912721807306,160300
2021-06-01 09:00:00+09:00,1578.1649169921875,1578.9013448582593,1539.8706679564461,1566.3820711350363,94800
2021-06-02 09:00:00+09:00,1614.249755859375,1625.2961729843253,1547.2348253013445,1566.3819483179245,118300
2021-06-03 09:00:00+09:00,1590.6844482421875,1627.505847507053,1580.374456448025,1614.2501437717015,90500
2021-06-04 09:00:00+09:00,1616.459228515625,1622.350651671946,1592.1571079958,1595.8392474685008,79600
2021-06-07 09:00:00+09:00,1606.885498046875,1638.5518942045358,1592.8933695120948,1628.9783325754756,76100
2021-06-08 09:00:00+09:00,1665.0634765625,1667.272760255418,1590.6842589009289,1603.2035331607974,121000
2021-06-09 09:00:00+09:00,1623.0870361328125,1682.737693994318,1616.459185259312,1665.7998528731498,91000
2021-06-10 09:00:00+09:00,1665.7998046875,1671.6912275157495,1620.1412777685678,1621.61413347563,122600
2021-06-11 09:00:00+09:00,1691.5748291015625,1710.721953854127,1662.117714097617,1671.6912764738993,179400
2021-06-14 09:00:00+09:00,1726.1866455078125,1737.2330617546627,1705.5666685136919,1726.9230732576025,116200
2021-06-15 09:00:00+09:00,1729.8690185546875,1743.1247198462943,1692.3111982284681,1737.9697248995583,128300
2021-06-16 09:00:00+09:00,1752.697998046875,1774.7908299550288,1715.876611533285,1729.1323106781774,103300
2021-06-17 09:00:00+09:00,1743.1248779296875,1790.256264574174,1722.5048962727244,1769.6362829172112,143800
2021-06-18 09:00:00+09:00,1676.8460693359375,1730.60529773362,1658.4353746791967,1730.60529773362,176900
2021-06-21 09:00:00+09:00,1634.1331787109375,1649.5981614747634,1599.5210744299939,1607.6217796872359,125000
2021-06-22 09:00:00+09:00,1759.3262939453125,1760.799149779507,1690.1020697381716,1729.8691772614227,204100
2021-06-23 09:00:00+09:00,1753.4345703125,1814.558076963461,1725.4503142554338,1804.2480878898048,147500
2021-06-24 09:00:00+09:00,1768.1630859375,1782.155213647959,1732.8145527742347,1743.1245416135203,108300
2021-06-25 09:00:00+09:00,1743.861083984375,1779.9460472931735,1740.1789448712325,1778.4731916479163,66900
2021-06-28 09:00:00+09:00,1809.4033203125,1828.550445395172,1744.5976661865334,1767.4269307081806,156400
2021-06-29 09:00:00+09:00,1805.720947265625,1815.2945085684198,1772.581696602104,1776.2638355647175,145000
2021-06-30 09:00:00+09:00,1783.62841796875,1810.8762509434998,1764.4812920946015,1806.4576834340808,113600
2021-07-01 09:00:00+09:00,1694.5203857421875,1756.3803215971827,1692.3111023187948,1756.3803215971827,188900
2021-07-02 09:00:00+09:00,1690.838134765625,1734.2873725492364,1673.1638685485627,1734.2873725492364,177800
2021-07-05 09:00:00+09:00,1650.3348388671875,1684.2105205217572,1649.5984110051315,1673.1641025909191,102500
2021-07-06 09:00:00+09:00,1672.427490234375,1698.2024625629542,1668.0089235494756,1680.528195823357,117200
2021-07-07 09:00:00+09:00,1660.644775390625,1681.2647548633247,1648.125502139343,1670.218337288664,125000
2021-07-08 09:00:00+09:00,1663.5908203125,1700.4122196111389,1658.4358244106907,1679.0558080179283,118900
2021-07-09 09:00:00+09:00,1657.6990966796875,1664.326947354995,1603.9398634244155,1637.079116800953,147400
2021-07-12 09:00:00+09:00,1677.5826416015625,1702.6211884911381,1665.0633681567747,1679.0554973009494,122000
2021-07-13 09:00:00+09:00,1745.333740234375,1760.0622950042855,1685.683093416238,1685.683093416238,181200
2021-07-14 09:00:00+09:00,1697.4661865234375,1749.7525636354394,1697.4661865234375,1730.6054396225936,138100
2021-07-15 09:00:00+09:00,1651.807861328125,1679.0556949746433,1627.5057394271762,1676.8464111654662,117500
2021-07-16 09:00:00+09:00,1682.73779296875,1691.574927986529,1651.0713924883753,1665.0635229331922,91600
2021-07-19 09:00:00+09:00,1672.427490234375,1672.427490234375,1645.9160901249793,1662.1175013029433,78700
2021-07-20 09:00:00+09:00,1639.2884521484375,1666.5362835633036,1620.8777552465008,1639.2884521484375,124500
2021-07-21 09:00:00+09:00,1668.7454833984375,1695.993313445102,1664.326916363843,1667.2726277202394,96200
2021-07-26 09:00:00+09:00,1720.29541015625,1724.7139771343911,1693.7840082874036,1700.4118587546152,88400
2021-07-27 09:00:00+09:00,1723.240966796875,1736.4966665414663,1713.6674058702256,1727.6595333784055,83500
2021-07-28 09:00:00+09:00,1731.341796875,1743.86106975755,1711.4582458262441,1717.3496683592089,101500
2021-07-29 09:00:00+09:00,2013.3935546875,2025.176399191889,1694.520325287468,1732.8145699267327,1301300
2021-07-30 09:00:00+09:00,2022.230712890625,2076.7263693924115,1962.5800618548856,2028.1221352151424,921300
2021-08-02 09:00:00+09:00,2268.197509765625,2293.972481467507,2039.9049032632406,2070.834869305499,763300
2021-08-03 09:00:00+09:00,2271.8798828125,2316.065553142727,2178.3535472801864,2246.104908453201,516400
2021-08-04 09:00:00+09:00,2137.113525390625,2301.3369286167135,2106.9199848871735,2231.3762859867657,719800
2021-08-05 09:00:00+09:00,2220.32958984375,2227.6938670903296,2069.3619062888683,2168.043221393035,517200
2021-08-06 09:00:00+09:00,2176.144287109375,2220.3299579136265,2139.322894772499,2198.2371225115007,263000
2021-08-10 09:00:00+09:00,2163.624755859375,2179.8261665567566,2132.6947899825564,2170.9890334490938,176600
2021-08-11 09:00:00+09:00,2290.290771484375,2334.4764455323048,2162.1523167453774,2163.625172546975,300600
2021-08-12 09:00:00+09:00,2382.34423828125,2415.4834935278204,2301.3371699007434,2341.840704090997,409900
2021-08-13 09:00:00+09:00,2437.576171875,2467.0332857345165,2360.2512479937686,2433.8940326425604,317400
2021-08-16 09:00:00+09:00,2448.622802734375,2485.444198264215,2400.7549885455824,2467.033500499295,234000
2021-08-17 09:00:00+09:00,2629.047607421875,2684.2797000147716,2426.5299345812546,2430.2120740874475,778900
2021-08-18 09:00:00+09:00,2470.715087890625,2743.193353917311,2367.615203448095,2680.596995505775,1095000
2021-08-19 09:00:00+09:00,2426.529541015625,2533.3115693759487,2400.7545686527883,2496.490180286182,527200
2021-08-20 09:00:00+09:00,2246.10498046875,2437.5762247054304,2235.058562532018,2356.5691598360654,547700
2021-08-23 09:00:00+09:00,2349.204833984375,2389.7083656047953,2212.9656821702342,2224.0120998848943,488100
2021-08-24 09:00:00+09:00,2452.3046875,2492.8082183746246,2397.0725999436936,2408.119017454955,332900
2021-08-25 09:00:00+09:00,2474.3974609375,2522.2652689615884,2422.8475138346353,2463.351043701172,291000
2021-08-26 09:00:00+09:00,2437.576171875,2489.126121129154,2430.211893410121,2452.3047288047583,185700
2021-08-27 09:00:00+09:00,2548.04052734375,2573.815503776418,2452.30490059384,2474.3977375361274,434500
2021-08-30 09:00:00+09:00,2647.4580078125,2691.6436769275906,2581.1795041398645,2669.5508423700453,418700
2021-08-31 09:00:00+09:00,2691.643798828125,2695.3259380878076,2544.358228440813,2595.908178076372,389300
2021-09-01 09:00:00+09:00,2636.41162109375,2710.0544038058656,2581.1795340596627,2691.643708127837,333400
2021-09-02 09:00:00+09:00,2636.41162109375,2651.140177636173,2562.768838381634,2584.861673195269,297300
2021-09-03 09:00:00+09:00,2621.683349609375,2654.822605433089,2562.7691170338835,2636.411907753248,238800
2021-09-06 09:00:00+09:00,2831.565185546875,2831.565185546875,2658.5046345446603,2658.5046345446603,462400
2021-09-07 09:00:00+09:00,2794.743408203125,2872.0683246356225,2739.5113250370555,2868.3861857578845,479400
2021-09-08 09:00:00+09:00,2757.922119140625,2798.42564826018,2710.054311999332,2732.1471460645444,262700
2021-09-09 09:00:00+09:00,2746.8759765625,2798.4259278652817,2710.054582774799,2724.7831402898796,300400
2021-09-10 09:00:00+09:00,2772.65087890625,2791.0615753133297,2735.82948609209,2768.968739624834,220500
2021-09-13 09:00:00+09:00,2842.611328125,2853.6577452032056,2768.9685476036266,2824.2006329946566,250900
2021-09-14 09:00:00+09:00,3126.135986328125,3129.818125299065,2861.0219804204394,2879.43267527514,752300
2021-09-15 09:00:00+09:00,3512.7607421875,3520.125020473008,3111.4075756272928,3144.5468279120805,1730900
2021-09-16 09:00:00+09:00,3711.595947265625,4028.2598872109065,3424.3891180129276,3792.603001670232,4488400
2021-09-17 09:00:00+09:00,3888.33837890625,3888.33837890625,3645.3172302246094,3726.3242797851562,1378600
2021-09-21 09:00:00+09:00,3704.231689453125,3814.695855142582,3648.9996066083963,3667.4103008899724,1205000
2021-09-22 09:00:00+09:00,3663.728271484375,3785.2388573728017,3571.674797326476,3689.5032442485867,922300
2021-09-24 09:00:00+09:00,3903.067626953125,3976.7104123673353,3829.424841538915,3844.1533986217573,1289700
2021-09-27 09:00:00+09:00,3674.774658203125,4013.53144032205,3612.178296289845,3954.617217344846,1101300
2021-09-28 09:00:00+09:00,3383.886474609375,3597.450582908987,3306.561538845722,3590.0863033124488,1240800
2021-09-29 09:00:00+09:00,3500.44189453125,3613.2380887696363,3316.208110608553,3331.247603173671,1056300
2021-09-30 09:00:00+09:00,3094.37548828125,3564.359614690917,3049.2570121459216,3534.2806306006983,1245200
2021-10-01 09:00:00+09:00,2985.339599609375,3184.6128978200763,2910.142128586469,3004.1389673651015,1207800
2021-10-04 09:00:00+09:00,2801.10546875,3011.658363045302,2748.4672451761744,2932.7010276845635,1322200
2021-10-05 09:00:00+09:00,2831.1845703125,2921.4215287288343,2699.5890059553453,2797.3457109063743,1439700
2021-10-06 09:00:00+09:00,2861.26318359375,2910.1415296998193,2740.947254717272,2857.50331081636,1064500
2021-10-07 09:00:00+09:00,2943.98095703125,3015.418553689735,2823.665004764328,2838.7044987976933,976800
2021-10-08 09:00:00+09:00,2767.266845703125,3034.2178593511167,2763.5069722714634,2959.0203907178798,1056000
2021-10-11 09:00:00+09:00,2917.66162109375,2936.4609872090446,2819.904917294217,2819.904917294217,659900
2021-10-12 09:00:00+09:00,2910.141845703125,2977.8195630450577,2876.3029870321584,2876.3029870321584,433300
2021-10-13 09:00:00+09:00,2748.46728515625,2842.46411433396,2725.9080461535996,2838.7042411668517,500600
2021-10-14 09:00:00+09:00,2688.3095703125,2763.5070408107517,2620.6318468640734,2714.6286849868884,518200
2021-10-15 09:00:00+09:00,2755.98681640625,2767.2664350272853,2620.6313929538283,2703.348596174753,566400
2021-10-18 09:00:00+09:00,2767.266845703125,2797.34583315642,2699.589123933212,2740.9477316814923,345700
2021-10-19 09:00:00+09:00,2887.582275390625,2928.9408756891885,2763.506474494934,2782.3058382670083,476900
2021-10-20 09:00:00+09:00,2846.223876953125,2974.0595596696458,2819.904765805606,2940.2207024799786,463400
2021-10-21 09:00:00+09:00,2801.10546875,2906.3819158976507,2797.3455956375838,2842.464072986577,329700
2021-10-22 09:00:00+09:00,2725.907958984375,2804.86529296875,2707.10859375,2771.0264355468753,454400
2021-10-25 09:00:00+09:00,2801.10546875,2834.944326761745,2695.829021602349,2699.588894714765,400200
2021-10-26 09:00:00+09:00,2951.500732421875,2951.500732421875,2842.4643996317677,2895.102629254578,423500
2021-10-27 09:00:00+09:00,2887.582275390625,2928.9408756891885,2827.424311319987,2913.9013846715293,321600
2021-10-28 09:00:00+09:00,2816.14501953125,2876.3029905759763,2778.5462876282963,2842.464131863318,509800
2021-10-29 09:00:00+09:00,2688.3095703125,3045.497555179196,2586.7929851398603,2804.8656495847904,1776800
2021-11-01 09:00:00+09:00,2808.625244140625,2812.385117292085,2616.8717134161643,2695.8290495968245,847000
2021-11-02 09:00:00+09:00,2970.300048828125,2985.339542746242,2733.4280196177806,2744.7076400563687,786000
2021-11-04 09:00:00+09:00,2748.46728515625,2977.819548349863,2733.427792487816,2932.701070344562,835300
2021-11-05 09:00:00+09:00,2500.315673828125,2740.9475582266214,2489.0360542469457,2722.1481922579887,618900
2021-11-08 09:00:00+09:00,2504.075439453125,2579.272900097363,2440.157597905523,2473.99645519543,435300
2021-11-09 09:00:00+09:00,2492.796142578125,2545.4343718331684,2473.996774987038,2515.3553836874294,235900
2021-11-10 09:00:00+09:00,2492.796142578125,2534.1547512785164,2458.9572809141687,2496.5560160963423,139900
2021-11-11 09:00:00+09:00,2500.315673828125,2560.4736449277493,2485.2761810532193,2489.0360542469457,171500
2021-11-12 09:00:00+09:00,2534.15478515625,2549.1942794301744,2500.31592303992,2522.8751644508066,152700
2021-11-15 09:00:00+09:00,2477.75634765625,2552.9538088901268,2421.358251730842,2537.9143166433514,221400
2021-11-16 09:00:00+09:00,2421.358154296875,2515.354977056847,2398.7989168344816,2492.7957395944536,222600
2021-11-17 09:00:00+09:00,2425.1181640625,2455.19714904312,2398.7990522044574,2410.07867157219,207200
2021-11-18 09:00:00+09:00,2346.16064453125,2391.2791184645434,2301.042170597957,2376.239627153446,267900
2021-11-19 09:00:00+09:00,2357.4404296875,2391.2792875299047,2349.920683500299,2387.519414436304,125400
2021-11-22 09:00:00+09:00,2477.75634765625,2489.0359668413316,2368.720028867128,2372.479901928822,240800
2021-11-24 09:00:00+09:00,2458.95703125,2526.634747706422,2432.6379192947247,2473.996523795872,163500
2021-11-25 09:00:00+09:00,2500.315673828125,2519.1150397967576,2436.3978295347747,2477.756434665766,113900
2021-11-26 09:00:00+09:00,2477.75634765625,2485.2760937796374,2436.3977439776177,2481.5162207179437,108100
2021-11-29 09:00:00+09:00,2455.197265625,2522.8749850449844,2395.0392928072356,2398.799166108346,217700
2021-11-30 09:00:00+09:00,2428.8779296875,2522.874753591815,2413.8384378628098,2470.236532205399,174800
2021-12-01 09:00:00+09:00,2473.99658203125,2504.075567831022,2413.838610431706,2443.917596231478,196500
2021-12-02 09:00:00+09:00,2534.15478515625,2560.4739001356174,2443.9178195127038,2443.9178195127038,240100
2021-12-03 09:00:00+09:00,2695.8291015625,2718.388340906119,2507.835440365673,2586.7927780683403,526200
2021-12-06 09:00:00+09:00,2635.671142578125,2778.5463257706624,2631.9112693362163,2748.4673398353916,430900
2021-12-07 09:00:00+09:00,2718.38818359375,2718.38818359375,2650.710469479383,2673.269707517505,250800
2021-12-08 09:00:00+09:00,2669.51025390625,2767.2669674295776,2628.1516443386886,2718.388610667914,283500
2021-12-09 09:00:00+09:00,2635.671142578125,2688.3093679648496,2594.3125369171275,2616.871776368581,173100
2021-12-10 09:00:00+09:00,2605.592041015625,2635.671025616094,2579.2729294902147,2624.391406390918,141500
2021-12-13 09:00:00+09:00,2635.671142578125,2695.829114448667,2616.871776368581,2658.2303820295783,112900
2021-12-14 09:00:00+09:00,2571.75341796875,2616.8718989857457,2564.2336711325843,2616.8718989857457,112800
2021-12-15 09:00:00+09:00,2541.67431640625,2579.273048897467,2496.55583741679,2571.7533023992237,146000
2021-12-16 09:00:00+09:00,2598.072509765625,2646.9508637843705,2549.1941557468795,2564.233649291109,155900
2021-12-17 09:00:00+09:00,2583.032958984375,2631.911311920033,2560.4737191679174,2564.2335924706604,173200
2021-12-20 09:00:00+09:00,2515.355224609375,2583.032943657161,2511.5953513289423,2552.9539574137007,153200
2021-12-21 09:00:00+09:00,2609.35205078125,2609.35205078125,2530.3947120688495,2549.1940784289445,138000
2021-12-22 09:00:00+09:00,2620.631591796875,2639.4309575916877,2575.513113889325,2620.631591796875,130700
2021-12-23 09:00:00+09:00,2650.7109375,2688.3096742021276,2616.872074468085,2639.431316489362,186200
2021-12-24 09:00:00+09:00,2590.552734375,2665.7502012654213,2583.0329876859582,2654.470581231858,128200
2021-12-27 09:00:00+09:00,2605.592041015625,2628.1512794659766,2598.0722948655075,2598.0722948655075,109700
2021-12-28 09:00:00+09:00,2571.75341796875,2616.8718989857457,2552.9540508783352,2601.832405313414,136200
2021-12-29 09:00:00+09:00,2605.592041015625,2605.592041015625,2564.23343718998,2575.513056415156,88300
2021-12-30 09:00:00+09:00,2628.1513671875,2646.950733190272,2575.513142379739,2594.3125083825107,111600
2022-01-04 09:00:00+09:00,2628.1513671875,2673.2698455941522,2605.5921279841737,2616.871747585837,286400
2022-01-05 09:00:00+09:00,2673.27001953125,2774.786602551424,2654.470652305292,2680.7897664216334,487400
2022-01-06 09:00:00+09:00,2643.19091796875,2699.5890172141717,2616.8718049875533,2673.269904232975,273100
2022-01-07 09:00:00+09:00,2661.990478515625,2729.668202545683,2624.3917429433704,2677.0299727445267,188800
2022-01-11 09:00:00+09:00,2590.552734375,2680.7896946435053,2586.7928610304793,2680.7896946435053,185400
2022-01-12 09:00:00+09:00,2722.14794921875,2737.1874406508978,2594.3122720454935,2616.871509193715,341800
2022-01-13 09:00:00+09:00,2646.951171875,2737.188143643466,2646.951171875,2699.5894054066052,239500
2022-01-14 09:00:00+09:00,2661.990478515625,2669.5102256300756,2605.592375157243,2646.950984286723,160800
2022-01-17 09:00:00+09:00,2598.072509765625,2692.069344417059,2594.3126363795677,2680.789724258887,175000
2022-01-18 09:00:00+09:00,2530.39453125,2620.6314833302376,2530.39453125,2609.351864320208,194000
2022-01-19 09:00:00+09:00,2312.322265625,2500.3159457571137,2304.8025184197154,2458.9573361280486,511000
2022-01-20 09:00:00+09:00,2286.003173828125,2323.6019102397718,2203.285953722502,2278.4834265457957,447600
2022-01-21 09:00:00+09:00,2227.348876953125,2243.140344345433,2171.7027537611834,2225.844927677667,265100
2022-01-24 09:00:00+09:00,2304.80224609375,2342.400977677661,2190.5021020786603,2195.765924500408,266500
2022-01-25 09:00:00+09:00,2180.726806640625,2323.6020112136316,2169.4471852269667,2301.042768386315,265000
2022-01-26 09:00:00+09:00,2207.045654296875,2253.6680837913914,2185.2383888881495,2224.341071690002,171400
2022-01-27 09:00:00+09:00,2127.336181640625,2259.6837136196814,2113.048663983795,2223.588932170848,232400
2022-01-28 09:00:00+09:00,2168.695068359375,2176.2148154757388,2121.3206615262816,2171.7029672059207,218000
2022-01-31 09:00:00+09:00,2274.723388671875,2368.7202229145146,2161.9271875807076,2199.5259212777637,931100
2022-02-01 09:00:00+09:00,2481.516357421875,2526.6348366477273,2304.802313787287,2334.881299937855,867300
2022-02-02 09:00:00+09:00,2605.592041015625,2613.111787165742,2428.8780064878697,2492.795848763866,594400
2022-02-03 09:00:00+09:00,2613.112060546875,2718.3885176624326,2541.6744646470324,2590.5528197363983,761600
2022-02-04 09:00:00+09:00,2680.789794921875,2707.108909318022,2601.8324517334327,2601.8324517334327,446900
2022-02-07 09:00:00+09:00,2673.27001953125,2703.3490070927833,2635.6712850793338,2703.3490070927833,313200
2022-02-08 09:00:00+09:00,2913.901611328125,2913.901611328125,2673.269736328125,2695.828974609375,647800
2022-02-09 09:00:00+09:00,2910.141845703125,2932.7010848171026,2827.42463561854,2895.102352960473,459900
2022-02-10 09:00:00+09:00,2917.66162109375,2959.0202265473986,2880.0628888631604,2955.2603533243396,314800
2022-02-14 09:00:00+09:00,2951.500732421875,2981.579720777767,2819.905158364849,2846.224273176254,344700
2022-02-15 09:00:00+09:00,2921.421630859375,3004.1388456327422,2887.5827702702704,2951.5006180496903,335900
2022-02-16 09:00:00+09:00,3090.61572265625,3131.974327217343,2992.859020966393,3004.1386403921456,459000
2022-02-17 09:00:00+09:00,3094.37548828125,3248.530281743621,3049.2570121459216,3131.974218394023,568000
2022-02-18 09:00:00+09:00,3131.974853515625,3169.573591252907,3037.9780091724188,3041.7378829461472,396100
2022-02-21 09:00:00+09:00,3116.935302734375,3135.734671267152,3011.6588389508256,3094.376060495043,338900
2022-02-22 09:00:00+09:00,2981.579345703125,3079.336045562244,2940.2207419165748,3045.497187918703,446600
2022-02-24 09:00:00+09:00,3011.658447265625,3053.017052658786,2932.7011096968636,2947.740602567104,411700
2022-02-25 09:00:00+09:00,3037.97802734375,3094.3761342870125,3011.658910770227,3049.2576487324022,311600
2022-02-28 09:00:00+09:00,3139.494140625,3154.5336335142215,2966.539972398952,3079.336169068114,442100
2022-03-01 09:00:00+09:00,3162.053466796875,3289.889159865952,3143.2541001690693,3184.612706750241,439900
2022-03-02 09:00:00+09:00,3225.970947265625,3241.010438861269,3128.2142518939395,3131.9741247928505,318900
2022-03-03 09:00:00+09:00,3395.16552734375,3398.925400574474,3271.089710729859,3304.9285698063745,454000
2022-03-04 09:00:00+09:00,3406.4453125,3613.2383502345474,3342.527464472958,3432.764426393488,952000
2022-03-07 09:00:00+09:00,3417.724609375,3511.721435815457,3323.7277829345435,3474.122705239274,650100
2022-03-08 09:00:00+09:00,3071.816162109375,3346.286884060396,3034.2174330749885,3312.4480279294485,604600
2022-03-09 09:00:00+09:00,3037.97802734375,3113.1755032681,2936.461434845877,3071.8168915097076,384600
2022-03-10 09:00:00+09:00,3225.970947265625,3225.970947265625,3086.8556500059185,3131.9741247928505,339800
2022-03-11 09:00:00+09:00,3218.450927734375,3297.4082518960827,3158.292966468312,3184.6120745222147,340200
2022-03-14 09:00:00+09:00,3244.7705078125,3297.4087315777083,3222.211269055982,3271.0896196951044,219800
2022-03-15 09:00:00+09:00,3094.37548828125,3256.0500277661754,3086.855742258695,3218.451297653402,354000
2022-03-16 09:00:00+09:00,3083.095947265625,3131.9742976491048,3026.6978506693026,3083.095947265625,373800
2022-03-17 09:00:00+09:00,3184.6123046875,3195.891923240112,3068.0562463105075,3124.4543390735685,345000
2022-03-18 09:00:00+09:00,3214.69140625,3222.211152229532,3139.4939464546787,3165.8130573830413,245600
2022-03-22 09:00:00+09:00,3252.290283203125,3259.81002952267,3147.013834729498,3222.211297924946,308300
2022-03-23 09:00:00+09:00,3165.81298828125,3248.5301922505937,3131.9741321119727,3225.970954804409,305000
2022-03-24 09:00:00+09:00,3041.737548828125,3147.0140029284807,2962.7802082528588,3116.9350160426648,426800
2022-03-25 09:00:00+09:00,3139.494140625,3169.5731264034434,2970.2998456212576,3011.6584510666166,467300
2022-03-28 09:00:00+09:00,3113.17529296875,3147.0141548488455,3045.49756920856,3139.4944077643795,302300
2022-03-29 09:00:00+09:00,3188.3720703125,3207.1714339346254,3120.694361272848,3131.9739794461234,460600
2022-03-30 09:00:00+09:00,3156.88232421875,3204.117471214542,3007.3043587320763,3133.2647507208544,421000
2022-03-31 09:00:00+09:00,3314.332763671875,3353.695385568216,3113.5833920005384,3129.3284407590745,388900
2022-04-01 09:00:00+09:00,3145.073486328125,3274.970138454318,3117.5196510286296,3267.0976140830335,318100
2022-04-04 09:00:00+09:00,3133.264892578125,3137.201155005987,3026.985807025852,3089.9660058716436,237100
2022-04-05 09:00:00+09:00,2960.069580078125,3105.711301438352,2948.260791859728,3089.9662504804896,380000
2022-04-06 09:00:00+09:00,2802.618896484375,2912.83424634612,2782.9375840090634,2912.83424634612,349800
2022-04-07 09:00:00+09:00,2790.810302734375,2826.236667649198,2731.7663612096703,2755.383937819552,318400
2022-04-08 09:00:00+09:00,2857.726318359375,2857.726318359375,2759.319764696862,2806.554910454868,214900
2022-04-11 09:00:00+09:00,2885.2802734375,2932.5154211608974,2841.9813880243864,2857.7264372655186,175500
2022-04-12 09:00:00+09:00,2845.91748046875,2877.407577071447,2806.554859715379,2841.9812183934127,192100
2022-04-13 09:00:00+09:00,2967.94189453125,2967.94189453125,2861.662808122306,2861.662808122306,148100
2022-04-14 09:00:00+09:00,3019.113037109375,3026.9855613260875,2952.1965812673157,2967.9416297007415,151800
2022-04-15 09:00:00+09:00,3038.79443359375,3054.539482472474,2979.7505002985345,3007.3043358363016,119200
2022-04-18 09:00:00+09:00,3062.411865234375,3070.284389309528,2999.431672633154,3042.7305550464935,105500
2022-04-19 09:00:00+09:00,3204.11767578125,3208.05393828221,3066.348488247658,3101.7748507562965,234700
2022-04-20 09:00:00+09:00,3152.946044921875,3259.225125087781,3137.2009960084074,3239.5438139459466,199300
2022-04-21 09:00:00+09:00,3160.81884765625,3188.3726856806506,3121.4562219071063,3152.9463225064214,134100
2022-04-22 09:00:00+09:00,3089.9658203125,3184.436112908041,3062.4119849721337,3156.882277567675,170600
2022-04-25 09:00:00+09:00,2960.069580078125,3050.6036230858335,2944.324529120263,3019.113521170109,168200
2022-04-26 09:00:00+09:00,2920.706787109375,3007.3045624684128,2893.1529494951355,2991.5595124031333,151200
2022-04-27 09:00:00+09:00,2956.133056640625,2960.069319032956,2838.0451848706934,2897.089120755659,224800
2022-04-28 09:00:00+09:00,2830.172607421875,2971.878050908923,2708.1484755302504,2956.133001632584,560400
2022-05-02 09:00:00+09:00,3078.156982421875,3109.6470794287484,2849.853779122043,2849.853779122043,502800
2022-05-06 09:00:00+09:00,3117.519775390625,3176.563710530599,3066.348364935981,3101.7747260199653,279800
2022-05-09 09:00:00+09:00,3078.156982421875,3137.2009143097625,3038.794361163283,3137.2009143097625,217300
2022-05-10 09:00:00+09:00,3015.177001953125,3062.4121508087874,2944.324278669631,3038.794576380956,213800
2022-05-11 09:00:00+09:00,2999.431640625,3026.985474593996,2928.578924704724,3011.2404266117123,162500
2022-05-12 09:00:00+09:00,2912.833984375,3011.2405379011825,2904.961460092906,3011.2405379011825,132000
2022-05-13 09:00:00+09:00,2999.431640625,3019.112950602854,2873.471256766732,2897.0888287401576,138800
2022-05-16 09:00:00+09:00,2991.559326171875,3105.71093203896,2971.8780148154815,3054.5395225123357,152900
2022-05-17 09:00:00+09:00,3101.7744140625,3125.391985743179,3019.1129131801235,3042.7304848608023,141800
2022-05-18 09:00:00+09:00,3038.79443359375,3097.838366888965,3019.1131224953447,3089.9658424496033,191100
2022-05-19 09:00:00+09:00,2956.133056640625,3003.3682053485977,2904.961645540321,2967.941843817618,166900
2022-05-20 09:00:00+09:00,3164.755126953125,3164.755126953125,2956.1332093803444,2979.7507849546214,253600
2022-05-23 09:00:00+09:00,3385.185546875,3385.185546875,3184.436171420785,3211.990007267442,350100
2022-05-24 09:00:00+09:00,3314.332763671875,3396.9942696541902,3298.587714913339,3369.440434326752,277000
2022-05-25 09:00:00+09:00,3373.376708984375,3436.3569042512945,3322.205300330003,3357.6316601676454,258800
2022-05-26 09:00:00+09:00,3330.07763671875,3365.503994556184,3286.7787549174427,3345.8226846464986,211100
2022-05-27 09:00:00+09:00,3530.8271484375,3554.4447213367475,3400.930497491639,3420.6118082410117,392000
2022-05-30 09:00:00+09:00,3396.994384765625,3585.9349762705497,3389.121860119586,3585.9349762705497,349500
2022-05-31 09:00:00+09:00,3306.460205078125,3452.101904587518,3302.5239429292224,3389.1217102050778,425000
2022-06-01 09:00:00+09:00,3554.44482421875,3562.3173487463664,3357.631711028343,3361.5679732921512,395200
2022-06-02 09:00:00+09:00,3625.297607421875,3660.7239684064534,3515.082262136519,3578.0624594424366,368400
2022-06-03 09:00:00+09:00,3542.635986328125,3648.9150659179686,3511.1458886718747,3641.042541503906,246800
2022-06-06 09:00:00+09:00,3463.9111328125,3613.4891135475855,3448.166082208807,3578.0627496892757,201000
2022-06-07 09:00:00+09:00,3440.29345703125,3487.528607471038,3404.8670942014087,3463.911032251144,131800
2022-06-08 09:00:00+09:00,3341.886474609375,3440.2930256873897,3330.0776884800134,3432.4205016011483,167100
2022-06-09 09:00:00+09:00,3156.88232421875,3255.288880459983,3145.073537469802,3243.480093711035,375600
2022-06-10 09:00:00+09:00,3109.647216796875,3172.627413592761,3089.9659052981606,3109.647216796875,219300
2022-06-13 09:00:00+09:00,2999.431640625,3101.7744525098424,2983.6865926427163,3062.411832554134,239800
2022-06-14 09:00:00+09:00,3038.79443359375,3050.603220252793,2932.5153536623625,2991.5592869575776,219900
2022-06-15 09:00:00+09:00,3086.02978515625,3109.64736004265,3038.79463538345,3070.284735231983,178800
2022-06-16 09:00:00+09:00,3034.858154296875,3129.328447037634,3011.2405811116855,3078.157038469723,171200
2022-06-17 09:00:00+09:00,2987.622802734375,3011.2403742974925,2940.38765960814,2956.132707316885,165100
2022-06-20 09:00:00+09:00,2916.770751953125,2975.8146943003544,2877.4081237216387,2975.8146943003544,161900
2022-06-21 09:00:00+09:00,2956.133056640625,2991.5594181716046,2924.6429575019765,2936.4517446789696,115500
2022-06-22 09:00:00+09:00,2889.216796875,3003.368414190225,2865.5992208787466,2999.4321515241827,146400
2022-06-23 09:00:00+09:00,2802.618896484375,2885.280408880684,2771.128796523876,2861.66283391031,206200
2022-06-24 09:00:00+09:00,2857.726318359375,2861.6625805058757,2759.319764696862,2782.937337575865,122700
2022-06-27 09:00:00+09:00,2948.2607421875,2948.2607421875,2897.089327436582,2912.8343781291724,139800
2022-06-28 09:00:00+09:00,3015.177001953125,3023.049526762402,2936.451753860354,2944.324278669631,160500
2022-06-29 09:00:00+09:00,2967.94189453125,2987.6232068292024,2936.451794854526,2964.0056320716594,138200
2022-06-30 09:00:00+09:00,2901.025390625,2960.069326662144,2877.4078162101423,2952.196801857191,106800
2022-07-01 09:00:00+09:00,2853.7900390625,2932.5152815193965,2834.108728448276,2904.9614466594826,116600
2022-07-04 09:00:00+09:00,2889.216796875,2889.216796875,2810.4915435541557,2869.535483544789,90700
2022-07-05 09:00:00+09:00,2885.2802734375,2928.579158850614,2881.344011127217,2889.2165357477834,116900
2022-07-06 09:00:00+09:00,2873.4716796875,2873.4716796875,2818.3640036386987,2838.045316513271,136000
2022-07-07 09:00:00+09:00,2853.7900390625,2865.5988254310346,2794.7461072198275,2861.6625633081894,110100
2022-07-08 09:00:00+09:00,2912.833984375,2983.6867029138516,2889.2164115287164,2901.0251979518584,168500
2022-07-11 09:00:00+09:00,2940.387939453125,2967.941775565805,2924.6428902458792,2967.941775565805,99100
2022-07-12 09:00:00+09:00,2853.7900390625,2948.2603300107758,2849.8537769396553,2936.451543642241,98100
2022-07-13 09:00:00+09:00,2897.08935546875,2908.898143602454,2873.4717792013416,2877.4080419125767,60800
2022-07-14 09:00:00+09:00,2960.069580078125,2987.6234192543843,2877.4080625493475,2881.3443252888133,117700
2022-07-15 09:00:00+09:00,2960.069580078125,3011.240995691178,2916.7706899440036,2979.7508937754533,104600
2022-07-19 09:00:00+09:00,3066.348388671875,3093.902225283817,3007.3044530748552,3015.1769778211246,151600
2022-07-20 09:00:00+09:00,3121.455810546875,3133.2645967154003,3082.093189985124,3121.455810546875,121100
2022-07-21 09:00:00+09:00,3149.009521484375,3164.754569091797,3105.710640563965,3117.5194262695313,116400
2022-07-22 09:00:00+09:00,3211.989990234375,3282.842710607192,3184.436154533835,3263.1613993925207,229400
2022-07-25 09:00:00+09:00,3133.264892578125,3223.7989284189503,3129.328630150263,3208.0538787075025,136200
2022-07-26 09:00:00+09:00,3117.519775390625,3149.0098741319443,3105.7109883626304,3149.0098741319443,91300
2022-07-27 09:00:00+09:00,3145.073486328125,3152.9460106994097,3109.6471266573453,3117.5196510286296,85600
2022-07-28 09:00:00+09:00,3149.009521484375,3164.754569091797,3121.455688171387,3152.9457833862307,131300
2022-07-29 09:00:00+09:00,3133.264892578125,3219.8626659910883,3074.220956160196,3164.754992001021,547200
2022-08-01 09:00:00+09:00,3684.341552734375,3684.341552734375,3349.759253607856,3353.695515950521,1024700
2022-08-02 09:00:00+09:00,3924.453369140625,3991.3698257859514,3664.6600668705332,3692.2139019597857,2098500
2022-08-03 09:00:00+09:00,4109.45703125,4164.564692588602,3865.408816750479,3889.026385895594,1353300
2022-08-04 09:00:00+09:00,4085.840576171875,4203.928454095918,4046.477950197194,4117.330676951619,638900
2022-08-05 09:00:00+09:00,4125.20263671875,4125.20263671875,3991.3697267488665,4070.0949679076216,591800
2022-08-08 09:00:00+09:00,4093.712890625,4117.330464993991,4038.605217097356,4117.330464993991,312800
2022-08-09 09:00:00+09:00,4125.20263671875,4203.927877877504,4054.3499196758703,4085.8400161393724,340200
2022-08-10 09:00:00+09:00,4140.94775390625,4196.055423635041,4070.0950356835197,4156.69280240019,221700
2022-08-12 09:00:00+09:00,4148.8203125,4196.055458372865,4133.075263875711,4164.565361124289,162400
2022-08-15 09:00:00+09:00,4007.115234375,4093.7130095776033,3952.007559246071,4093.7130095776033,280900
2022-08-16 09:00:00+09:00,3767.0029296875,3896.899582435345,3759.13040527854,3896.899582435345,622000
2022-08-17 09:00:00+09:00,3774.875,3837.855187695516,3731.5761209593325,3786.683785192909,386000
2022-08-18 09:00:00+09:00,3861.47314453125,3873.2819309059632,3727.6402322844992,3743.385280784117,290300
2022-08-19 09:00:00+09:00,3928.3896484375,3967.7522701653306,3877.21824019132,3881.154502364103,238700
2022-08-22 09:00:00+09:00,3975.62451171875,3999.242083075495,3861.4729168278154,3873.281702506188,199900
2022-08-23 09:00:00+09:00,4070.094970703125,4070.094970703125,3999.2422536115814,4007.114777732864,184600
2022-08-24 09:00:00+09:00,4054.35009765625,4101.58524442506,4030.7325242718443,4038.605048733313,125100
2022-08-25 09:00:00+09:00,4054.35009765625,4054.35009765625,3999.2424264259707,4038.605048733313,129900
2022-08-26 09:00:00+09:00,4062.222900390625,4070.095425391382,4030.7328003875964,4038.605325388354,100700
2022-08-29 09:00:00+09:00,3983.498046875,4038.6057273653655,3975.625521090662,3983.498046875,104900
2022-08-30 09:00:00+09:00,3896.8994140625,3999.2422269570707,3881.1543659248737,3983.4971788194443,212000
2022-08-31 09:00:00+09:00,3798.493408203125,3861.4736097899126,3782.748357806428,3861.4736097899126,245500
2022-09-01 09:00:00+09:00,3660.72412109375,3770.9394709761423,3652.8515961021503,3743.3856335055443,284600
2022-09-02 09:00:00+09:00,3652.8515625,3778.8119612068963,3648.9153000404094,3711.895499393858,226700
2022-09-05 09:00:00+09:00,3672.533203125,3731.5771452974277,3578.062895649116,3648.915626256029,246200
2022-09-06 09:00:00+09:00,3680.4052734375,3719.7678966828207,3637.106387867647,3672.5327487884356,148100
2022-09-07 09:00:00+09:00,3526.89111328125,3641.0427229745046,3491.4647516523087,3637.106460571289,294000
2022-09-08 09:00:00+09:00,3585.93505859375,3609.5526330740604,3511.1460727394347,3558.381221700055,155900
2022-09-09 09:00:00+09:00,3601.680419921875,3613.489208183914,3522.9551648416154,3550.5090041197063,175600
2022-09-12 09:00:00+09:00,3511.145751953125,3652.8511858884526,3507.209489899366,3644.9786617809345,195100
2022-09-13 09:00:00+09:00,3562.3173828125,3613.4887927313534,3503.273448290746,3515.0822351950965,234400
2022-09-14 09:00:00+09:00,3566.25390625,3570.19016883968,3483.592391866722,3487.528654456402,142000
2022-09-15 09:00:00+09:00,3601.680419921875,3601.680419921875,3519.0189020876023,3550.5090041197063,150400
2022-09-16 09:00:00+09:00,3436.35693359375,3562.317325203143,3396.994311215815,3550.5085384897625,312400
2022-09-20 09:00:00+09:00,3412.739501953125,3459.974650769085,3334.014253926525,3432.420813959775,220500
2022-09-21 09:00:00+09:00,3499.3369140625,3503.273176058071,3404.866626168799,3440.292984128937,174800
2022-09-22 09:00:00+09:00,3452.10205078125,3471.78336235925,3389.121853731649,3452.10205078125,155600
2022-09-26 09:00:00+09:00,3389.12158203125,3452.1017740318307,3373.376534031105,3396.9941060313226,209700
2022-09-27 09:00:00+09:00,3381.249267578125,3444.229463481792,3369.4404808461877,3428.4844145058755,171800
2022-09-28 09:00:00+09:00,3274.970458984375,3404.8671238238994,3251.352883559007,3404.8671238238994,282500
2022-09-29 09:00:00+09:00,3143.64306640625,3389.8814266991676,3123.1232030485066,3316.0099186112925,542100
2022-09-30 09:00:00+09:00,3098.49951171875,3176.4749961196194,3082.0836202659357,3110.811430308361,288100
2022-10-03 09:00:00+09:00,3168.266845703125,3188.7867086934302,3086.187393741904,3086.187393741904,259900
2022-10-04 09:00:00+09:00,3143.64306640625,3221.618547165674,3131.331148391604,3192.8907384648332,218600
2022-10-05 09:00:00+09:00,3143.64306640625,3307.801973268195,3123.1232030485066,3213.4106018225766,277800
2022-10-06 09:00:00+09:00,3188.78662109375,3217.514428490991,3123.1230613286275,3168.266758667149,191100
2022-10-07 09:00:00+09:00,3139.5390625,3209.3065972222225,3119.0191993464055,3168.266870915033,215000
2022-10-11 09:00:00+09:00,3110.81103515625,3155.9547309170925,3102.6030904724603,3106.707062814355,169200
2022-10-12 09:00:00+09:00,3082.083740234375,3135.4353895327067,3032.8360639589923,3110.811551395015,191700
2022-10-13 09:00:00+09:00,3086.1875,3123.123254654255,3061.56366356383,3061.56366356383,109600
2022-10-14 09:00:00+09:00,3155.955078125,3168.2669965052014,3090.2915134305913,3139.539186951398,162100
2022-10-17 09:00:00+09:00,3188.78662109375,3266.7620983148327,3131.3310062992678,3131.3310062992678,187000
2022-10-18 09:00:00+09:00,3209.306396484375,3233.9302307285006,3164.1627003701446,3233.9302307285006,113700
2022-10-19 09:00:00+09:00,3233.93017578125,3262.6579819112867,3151.8507296954317,3188.7864804340497,128400
2022-10-20 09:00:00+09:00,3196.99462890625,3242.1383271321406,3151.8509306803594,3217.5144917362,142600
2022-10-21 09:00:00+09:00,3168.266845703125,3201.0986264876133,3147.7469827128198,3155.9549279089415,114500
2022-10-24 09:00:00+09:00,3209.306396484375,3279.073926842731,3209.306396484375,3209.306396484375,169000
2022-10-25 09:00:00+09:00,3279.07421875,3303.69805518617,3213.410654920213,3242.1384640957444,158500
2022-10-26 09:00:00+09:00,3205.202880859375,3295.4902859540052,3192.8909619828346,3295.4902859540052,167700
2022-10-27 09:00:00+09:00,3135.434814453125,3217.514259857657,3135.434814453125,3205.202343046977,162700
2022-10-28 09:00:00+09:00,3049.25146484375,3119.018994994953,3024.6276306727373,3119.018994994953,285900
2022-10-31 09:00:00+09:00,3036.939697265625,3192.8906546927788,2995.8999716269004,3098.499285723712,669900
2022-11-01 09:00:00+09:00,2876.884765625,3090.2913388240013,2876.884765625,3036.939695524251,471400
2022-11-02 09:00:00+09:00,3024.6279296875,3041.043820757717,2917.9246377310888,2922.028610498643,380500
2022-11-04 09:00:00+09:00,2954.860107421875,3008.211748250326,2889.1965494791666,3008.211748250326,288700
2022-11-07 09:00:00+09:00,3012.316162109375,3086.1876756215943,2987.6923242719686,2995.900270217771,183500
2022-11-08 09:00:00+09:00,3020.524169921875,3090.291711890179,3008.212250750998,3057.4599274345064,133000
2022-11-09 09:00:00+09:00,3057.459716796875,3073.875607893771,3024.6279346030833,3073.875607893771,122200
2022-11-10 09:00:00+09:00,2991.796142578125,3032.835870185507,2983.588197056649,3012.316006381816,123400
2022-11-11 09:00:00+09:00,3028.73193359375,3049.251797642488,2995.900151115769,3028.73193359375,137300
2022-11-14 09:00:00+09:00,3057.459716796875,3065.667662345323,2995.9001251835152,3045.1477984742032,191400
2022-11-15 09:00:00+09:00,3098.49951171875,3098.49951171875,3012.316081591474,3041.043891633899,125000
2022-11-16 09:00:00+09:00,3057.459716796875,3098.499444539115,3032.835880151531,3090.291498990667,117000
2022-11-17 09:00:00+09:00,3032.8359375,3053.355801759134,3024.6279917963466,3041.043883203654,90000
2022-11-18 09:00:00+09:00,2942.54833984375,3073.875462403025,2942.54833984375,3061.563544663093,224900
2022-11-21 09:00:00+09:00,2938.444580078125,2987.692254604574,2938.444580078125,2963.0684173413492,128400
2022-11-22 09:00:00+09:00,2946.652099609375,2971.275933310846,2930.236210475061,2971.275933310846,152600
2022-11-24 09:00:00+09:00,3061.563720703125,3102.6034488626847,2967.1723459361388,2967.1723459361388,289600
2022-11-25 09:00:00+09:00,3073.87548828125,3098.499323968416,3032.835762135973,3094.395351353888,153900
2022-11-28 09:00:00+09:00,3102.603515625,3147.7472175719245,3061.563786582341,3131.331325954861,185900
2022-11-29 09:00:00+09:00,3073.87548828125,3094.395351353888,3049.2516525940837,3061.563570437667,130500
2022-11-30 09:00:00+09:00,3102.603515625,3127.227353050595,3077.9796781994046,3090.2915969122023,201300
2022-12-01 09:00:00+09:00,3151.8505859375,3160.0585301717124,3098.4989484151206,3127.2267532348633,199700
2022-12-02 09:00:00+09:00,3114.9150390625,3123.122983829463,3065.667370460721,3102.603121912055,187600
2022-12-05 09:00:00+09:00,3094.395751953125,3110.811644536431,3061.5639667865134,3106.707671390604,106000
2022-12-06 09:00:00+09:00,3127.22705078125,3139.5389683040107,3077.9793806902067,3086.1873257053803,113100
2022-12-07 09:00:00+09:00,3119.01904296875,3119.01904296875,3082.0832911441203,3102.6031532689144,91200
2022-12-08 09:00:00+09:00,3180.57861328125,3180.57861328125,3082.0832755796373,3086.187247983871,136300
2022-12-09 09:00:00+09:00,3160.05859375,3192.890371347403,3143.6427049512986,3176.4744825487014,93300
2022-12-12 09:00:00+09:00,3180.57861328125,3221.6183373235885,3168.2666960685483,3172.370668472782,131100
2022-12-13 09:00:00+09:00,3188.78662109375,3205.2025110350305,3168.266758667149,3188.78662109375,91000
2022-12-14 09:00:00+09:00,3176.474609375,3213.4103606468025,3172.3706370114664,3213.4103606468025,65300
2022-12-15 09:00:00+09:00,3213.41064453125,3266.762289970466,3188.7868081746888,3188.7868081746888,123800
2022-12-16 09:00:00+09:00,3192.890625,3246.2422678341904,3188.786652474293,3209.3065151028277,135800
2022-12-19 09:00:00+09:00,3135.434814453125,3221.618232127884,3131.3308421828983,3188.786453966071,122800
2022-12-20 09:00:00+09:00,3102.603515625,3172.37105499752,3061.563786582341,3139.5392717633927,185100
2022-12-21 09:00:00+09:00,3114.9150390625,3147.7468181303525,3102.603121912055,3114.9150390625,111100
2022-12-22 09:00:00+09:00,3205.202880859375,3205.202880859375,3127.227394641285,3155.955205353213,110600
2022-12-23 09:00:00+09:00,3164.162841796875,3180.5787320266904,3114.9151711074296,3176.4747594692362,103700
2022-12-26 09:00:00+09:00,3168.266845703125,3196.994653889552,3168.266845703125,3180.578763497308,68700
2022-12-27 09:00:00+09:00,3184.6826171875,3188.786589632329,3135.4349478495487,3184.6826171875,60900
2022-12-28 09:00:00+09:00,3201.0986328125,3217.514523237179,3180.5787697816504,3184.6827423878203,87700
2022-12-29 09:00:00+09:00,3131.330810546875,3188.78642174957,3094.3950604879997,3180.578477292042,138000
2022-12-30 09:00:00+09:00,3180.57861328125,3209.3064201108873,3131.3309444304437,3135.4349168346776,105200
2023-01-04 09:00:00+09:00,2967.172119140625,3155.954854245008,2967.172119140625,3155.954854245008,238400
2023-01-05 09:00:00+09:00,2885.0927734375,2987.6920897048362,2868.6768828347263,2967.172226451369,201100
2023-01-06 09:00:00+09:00,2926.1328125,2942.5487048562413,2880.9891085203367,2880.9891085203367,117400
2023-01-10 09:00:00+09:00,3041.0439453125,3041.0439453125,2938.44462192139,2975.3803783421895,154000
2023-01-11 09:00:00+09:00,3098.49951171875,3106.7074574451576,3049.2518373603066,3049.2518373603066,78900
2023-01-12 09:00:00+09:00,3094.395751953125,3110.811644536431,3053.356020494861,3090.2917788072987,100400
2023-01-13 09:00:00+09:00,3106.707275390625,3131.331111126878,3073.8754944089537,3077.979467031663,110500
2023-01-16 09:00:00+09:00,3028.73193359375,3135.4352266471883,3028.73193359375,3098.4994713594597,141400
2023-01-17 09:00:00+09:00,3106.707275390625,3123.1231658814604,3036.939740804574,3036.939740804574,108300
2023-01-18 09:00:00+09:00,3155.955078125,3164.1630237118006,3102.603431810793,3119.0193229843953,79400
2023-01-19 09:00:00+09:00,3131.330810546875,3155.9546439194587,3119.0188938605834,3147.746699461931,71000
2023-01-20 09:00:00+09:00,3188.78662109375,3192.89059357907,3131.3310062992678,3131.3310062992678,118800
2023-01-23 09:00:00+09:00,3238.034423828125,3246.242369135674,3205.2026425979284,3221.6185332130267,101400
2023-01-24 09:00:00+09:00,3201.0986328125,3258.554249298878,3188.7867149939902,3258.554249298878,140300
2023-01-25 09:00:00+09:00,3233.93017578125,3246.2420926941227,3180.578535825468,3184.682508129759,101600
2023-01-26 09:00:00+09:00,3196.99462890625,3217.5144917362,3160.0588758123395,3217.5144917362,113100
2023-01-27 09:00:00+09:00,3123.122802734375,3196.994301353585,3098.498969861305,3192.890329208073,147300
2023-01-30 09:00:00+09:00,3164.162841796875,3172.3707869117825,3123.123116222337,3127.227088779791,104800
2023-01-31 09:00:00+09:00,3192.890625,3238.0343227827766,3090.2913118573265,3127.227064588689,404800
2023-02-01 09:00:00+09:00,3336.52978515625,3381.6734845864084,3238.0344409449954,3238.0344409449954,481700
2023-02-02 09:00:00+09:00,3213.41064453125,3410.4013353837404,3209.3066718051564,3402.193389931553,335400
2023-02-03 09:00:00+09:00,3184.6826171875,3250.346176304768,3160.0587825185244,3201.098506966817,182400
2023-02-06 09:00:00+09:00,3188.78662109375,3266.7620983148327,3188.78662109375,3201.09853854971,159600
2023-02-07 09:00:00+09:00,3196.99462890625,3258.5542173961007,3188.78668377427,3213.41051917021,103700
2023-02-08 09:00:00+09:00,3205.202880859375,3229.826718612456,3172.3710971886003,3188.7869890239876,97900
2023-02-09 09:00:00+09:00,3217.5146484375,3229.8265667350925,3192.890811842315,3196.9947846081795,74300
2023-02-10 09:00:00+09:00,3221.618408203125,3238.03429818123,3209.306490719546,3209.306490719546,60500
2023-02-13 09:00:00+09:00,3262.658203125,3279.0740934551886,3233.9303950471694,3242.1383402122638,89800
2023-02-14 09:00:00+09:00,3279.07421875,3283.178191489362,3246.242436835106,3283.178191489362,76500
2023-02-15 09:00:00+09:00,3283.177734375,3291.3856787109376,3258.553901367188,3291.3856787109376,73500
2023-02-16 09:00:00+09:00,3352.945556640625,3352.945556640625,3291.3859686974065,3291.3859686974065,116800
2023-02-17 09:00:00+09:00,3398.089599609375,3398.089599609375,3311.9061677352242,3348.8419242527175,151100
2023-02-20 09:00:00+09:00,3418.609619140625,3447.3374310661766,3398.089753479517,3426.8175654050683,95300
2023-02-21 09:00:00+09:00,3504.792236328125,3521.2081250228703,3439.1286815491435,3447.336625896516,197800
2023-02-22 09:00:00+09:00,3517.104248046875,3545.8320540402565,3463.75260834488,3496.5843866230307,178800
2023-02-24 09:00:00+09:00,3677.159423828125,3685.3673689705984,3554.0402466910223,3558.144219262259,284600
2023-02-27 09:00:00+09:00,3693.575439453125,3714.0953030056426,3656.639685058594,3677.1595486111114,180600
2023-02-28 09:00:00+09:00,3627.91162109375,3742.822848911199,3619.7036762496464,3718.1990143788885,257900
2023-03-01 09:00:00+09:00,3607.392333984375,3619.7042532129904,3480.1691686220133,3607.392333984375,264700
2023-03-02 09:00:00+09:00,3685.36767578125,3718.199459084424,3615.600136262006,3664.8478112167663,193000
2023-03-03 09:00:00+09:00,3709.9912109375,3726.4071012513828,3685.367375466676,3709.9912109375,167400
2023-03-06 09:00:00+09:00,3787.966796875,3796.174742263678,3705.8873429882174,3742.8230972372694,169700
2023-03-07 09:00:00+09:00,3775.6552734375,3792.0711659307062,3742.8234884510866,3792.0711659307062,147300
2023-03-08 09:00:00+09:00,3820.79833984375,3833.1102571579618,3767.4466981488317,3771.5506705869025,163500
2023-03-09 09:00:00+09:00,3886.462158203125,3886.4621582031255,3820.7985948121536,3820.7985948121536,112100
2023-03-10 09:00:00+09:00,3804.3828125,3919.2940517125135,3755.1351385517796,3849.5265136192015,305100
2023-03-13 09:00:00+09:00,3779.759033203125,3837.2146536861255,3734.6153313950526,3763.3431416365534,152500
2023-03-14 09:00:00+09:00,3673.055419921875,3738.7189805014837,3664.8474748494236,3722.303090356582,180800
2023-03-15 09:00:00+09:00,3763.3427734375,3804.3824983386726,3709.9911310659763,3722.303048536328,185000
2023-03-16 09:00:00+09:00,3664.847412109375,3722.303026632926,3644.3275497795353,3668.9513845753427,154800
2023-03-17 09:00:00+09:00,3693.575439453125,3705.8873575846355,3603.2880398220486,3697.6794121636285,140200
2023-03-20 09:00:00+09:00,3471.960693359375,3619.7037015874334,3455.544803556257,3615.599729136654,212200
2023-03-22 09:00:00+09:00,3492.48046875,3545.832109283196,3463.7526623090484,3529.416219888367,142200
2023-03-23 09:00:00+09:00,3537.6240234375,3541.727995622462,3435.024718813442,3451.4406075532916,188600
2023-03-24 09:00:00+09:00,3545.832763671875,3570.4566023084853,3513.0009788230614,3562.2486560962816,156100
2023-03-27 09:00:00+09:00,3566.352294921875,3595.0801039718785,3513.0006495432967,3578.664213086162,141100
2023-03-28 09:00:00+09:00,3574.560546875,3574.560546875,3504.793004628301,3566.3526007283294,179600
2023-03-29 09:00:00+09:00,3525.3125,3582.7681169965076,3484.272773573923,3554.0403084982536,243800
2023-03-30 09:00:00+09:00,3667.184814453125,3688.680622275242,3508.115836569461,3533.910805956001,327900
2023-03-31 09:00:00+09:00,3538.209716796875,3667.1845545901997,3521.013071757765,3662.885393330422,207400
2023-04-03 09:00:00+09:00,3559.7060546875,3615.5951594108546,3538.2102451785177,3581.201864196483,121000
2023-04-04 09:00:00+09:00,3727.373291015625,3735.9716146396518,3551.1076567230753,3559.705980347102,351300
2023-04-05 09:00:00+09:00,3688.680419921875,3778.9628078220608,3671.4837746075536,3684.3812585932947,192100
2023-04-06 09:00:00+09:00,3594.098876953125,3684.3812650105597,3585.500554280988,3658.58629699415,153000
2023-04-07 09:00:00+09:00,3667.184814453125,3667.184814453125,3594.099067857928,3594.099067857928,94400
2023-04-10 09:00:00+09:00,3675.782958984375,3727.3728952508227,3654.287152206689,3688.680443050987,103000
2023-04-11 09:00:00+09:00,3748.869140625,3774.6641117760896,3697.2791983228212,3718.7750076153957,161900
2023-04-12 09:00:00+09:00,3864.946533203125,3864.946533203125,3787.561619301394,3791.8607811848233,181900
2023-04-13 09:00:00+09:00,3886.442138671875,3950.929563539218,3856.3480070671153,3873.544653698407,226200
2023-04-14 09:00:00+09:00,3826.253662109375,3903.6385676351824,3826.253662109375,3899.339406217082,134100
2023-04-17 09:00:00+09:00,3916.536376953125,3955.2288329274147,3860.6472738791504,3869.245597428993,155600
2023-04-18 09:00:00+09:00,3856.347900390625,3882.1428696240073,3826.253769618346,3877.84370808511,128000
2023-04-19 09:00:00+09:00,3839.151123046875,3907.9377053187113,3817.6553160869257,3856.347768614834,127000
2023-04-20 09:00:00+09:00,3796.15966796875,3830.552960543778,3787.561344824993,3826.2537989719,108600
2023-04-21 09:00:00+09:00,3787.561279296875,3809.057086784371,3757.46714881438,3787.561279296875,64700
2023-04-24 09:00:00+09:00,3714.475830078125,3783.2624195240164,3714.475830078125,3783.2624195240164,109700
2023-04-25 09:00:00+09:00,3671.48388671875,3748.8687929961948,3654.2872408793182,3740.2704700764784,141900
2023-04-26 09:00:00+09:00,3641.389892578125,3654.2873774396767,3602.6974379934695,3624.1932460960556,152100
2023-04-27 09:00:00+09:00,3624.193359375,3628.4925211298932,3585.500903580961,3589.8000653358545,124900
2023-04-28 09:00:00+09:00,3413.5341796875,3671.4838658099807,3366.2434038983783,3641.389735762358,593200
2023-05-01 09:00:00+09:00,3159.8837890625,3331.8502537733843,3129.7896577380952,3323.25193053784,651400
2023-05-02 09:00:00+09:00,3108.2939453125,3220.0721508147476,3086.7981365620676,3168.48220981371,382000
2023-05-08 09:00:00+09:00,3134.0888671875,3134.0888671875,3061.0031185699586,3095.396412037037,371300
2023-05-09 09:00:00+09:00,3151.28564453125,3198.5764250085263,3121.1915115002557,3181.3797775622443,438600
2023-05-10 09:00:00+09:00,3099.695556640625,3164.182981536061,3095.396394980929,3155.5846582166696,322100
2023-05-11 09:00:00+09:00,3056.703857421875,3095.3963113132913,3026.60972661744,3078.1996651393283,395000
2023-05-12 09:00:00+09:00,3078.199951171875,3103.99492282974,3061.0033033999653,3095.3965989437847,288700
2023-05-15 09:00:00+09:00,3030.9091796875,3052.4049894725176,2992.216722074468,3048.105827515514,454100
2023-05-16 09:00:00+09:00,2932.028564453125,3039.5076174022865,2927.7294023351587,3039.5076174022865,255400
2023-05-17 09:00:00+09:00,2858.942626953125,2932.028378318844,2841.7459795729555,2923.430054628759,307900
2023-05-18 09:00:00+09:00,2901.93408203125,2923.4298900462964,2841.7458195891204,2846.04498119213,297400
2023-05-19 09:00:00+09:00,2897.635009765625,2932.028303650083,2880.438362823396,2932.028303650083,117400
2023-05-22 09:00:00+09:00,2923.43017578125,2944.9259858972887,2897.6352036420035,2910.532689711627,159300
2023-05-23 09:00:00+09:00,2970.720703125,3026.60980463097,2936.327409890557,2944.925733199168,327500
2023-05-24 09:00:00+09:00,2949.22509765625,3013.712526905293,2949.22509765625,3005.1142030054207,186100
2023-05-25 09:00:00+09:00,2901.93408203125,2962.1223444733796,2897.634920428241,2949.224859664352,167100
2023-05-26 09:00:00+09:00,2850.343994140625,2919.130576201334,2850.343994140625,2919.130576201334,171600
2023-05-29 09:00:00+09:00,2910.532470703125,2919.1307941025434,2867.540853706033,2871.840015405742,114900
2023-05-30 09:00:00+09:00,2871.839599609375,2936.327015768268,2850.343794223077,2906.2328882274514,119700
2023-05-31 09:00:00+09:00,2837.446533203125,2884.73730875651,2811.65156471946,2867.540663100734,262500
2023-06-01 09:00:00+09:00,2790.15576171875,2811.651568819819,2768.6599546176813,2790.15576171875,225400
2023-06-02 09:00:00+09:00,2777.258544921875,2803.0535159273413,2734.266926579431,2803.0535159273413,226700
2023-06-05 09:00:00+09:00,2867.540771484375,2871.8399330608136,2824.5491557199916,2846.0449636021835,183800
2023-06-06 09:00:00+09:00,2854.64306640625,2863.2413888954256,2790.1556477374343,2815.9506152049603,140200
2023-06-07 09:00:00+09:00,2863.241455078125,2906.2330685177367,2846.0448097022804,2889.036423141892,186100
2023-06-08 09:00:00+09:00,2897.635009765625,2910.5324949722967,2876.1392010878385,2893.3358480300676,116800
2023-06-09 09:00:00+09:00,2987.9169921875,2992.2161533273384,2880.437963691547,2901.9337693907373,232700
2023-06-12 09:00:00+09:00,2953.52392578125,2966.421410173308,2927.728956997134,2966.421410173308,180900
2023-06-13 09:00:00+09:00,2897.635009765625,2944.9257888567554,2893.3358480300676,2940.626627121198,134800
2023-06-14 09:00:00+09:00,2906.2333984375,2932.0283694295485,2893.3359129414753,2914.8317221015163,106400
2023-06-15 09:00:00+09:00,2944.925537109375,2966.4213439495893,2923.4297302691607,2932.0280530052464,127400
2023-06-16 09:00:00+09:00,2932.028564453125,2957.823537160924,2914.831915981259,2940.626888689058,152400
2023-06-19 09:00:00+09:00,2884.7373046875,2940.6264029899403,2863.2414976481,2932.0280801741806,124200
2023-06-20 09:00:00+09:00,2880.438232421875,2893.3357170446593,2858.942424717234,2871.8399093400185,87200
2023-06-21 09:00:00+09:00,2880.438232421875,2893.3357170446593,2841.745778553521,2854.643263176306,89400
2023-06-22 09:00:00+09:00,2889.03662109375,2936.327399117606,2889.03662109375,2906.2332676478795,105400
2023-06-23 09:00:00+09:00,2880.438232421875,2919.1306862902284,2854.643263176306,2889.036555503731,151700
2023-06-26 09:00:00+09:00,2910.532470703125,2927.729117501962,2889.036662204579,2893.335823904288,94400
2023-06-27 09:00:00+09:00,2966.421630859375,2992.2166015625003,2932.0283365885416,2940.62666015625,239200
2023-06-28 09:00:00+09:00,2975.02001953125,2983.6183432871208,2923.430076996026,2975.02001953125,151700
2023-06-29 09:00:00+09:00,2901.93408203125,2983.618152488426,2889.0365972222226,2979.318990885417,167400
2023-06-30 09:00:00+09:00,2944.925537109375,2953.5238598454607,2914.8314075330745,2932.0280530052464,112000
2023-07-03 09:00:00+09:00,2983.6181640625,3000.8148105412465,2944.9257094853206,2949.2248711050074,163000
2023-07-04 09:00:00+09:00,3039.50732421875,3039.50732421875,2987.9173837793937,3000.814868889233,170900
2023-07-05 09:00:00+09:00,3069.601318359375,3078.1996413799893,3022.310541745995,3043.8063492975316,192300
2023-07-06 09:00:00+09:00,3039.50732421875,3073.9006178449877,3030.9090008121907,3069.601456141708,190400
2023-07-07 09:00:00+09:00,3048.105712890625,3078.199845457951,3000.814933141969,3022.310742118631,189100
2023-07-10 09:00:00+09:00,3009.4130859375,3086.797993861607,2992.2164397321426,3082.498832310268,182100
2023-07-11 09:00:00+09:00,3005.11376953125,3048.1053828292647,2983.6179628822424,3026.609576180257,104800
2023-07-12 09:00:00+09:00,3000.814697265625,3026.6096660100284,2992.2163743508236,3009.413020180426,63000
2023-07-13 09:00:00+09:00,3013.712158203125,3026.609642475036,2979.3188668113635,3005.1138353551846,78200
2023-07-14 09:00:00+09:00,3039.50732421875,3078.1997795482675,3022.3106774056314,3039.50732421875,115900
2023-07-18 09:00:00+09:00,3030.9091796875,3043.8066655585108,3009.4133699024824,3026.6100177304966,103500
2023-07-19 09:00:00+09:00,3082.4990234375,3082.4990234375,3048.1057288942643,3048.1057288942643,154800
2023-07-20 09:00:00+09:00,3086.7978515625,3125.49030374086,3056.703722090442,3099.6953356219533,171500
2023-07-21 09:00:00+09:00,3095.396240234375,3125.490370347765,3052.4046257866758,3103.994563123915,133000
2023-07-24 09:00:00+09:00,3103.99462890625,3116.892113513894,3052.4046904756756,3073.9004981550816,124500
2023-07-25 09:00:00+09:00,3129.789794921875,3146.9864421467205,3091.0973386659725,3125.4906331156635,158300
2023-07-26 09:00:00+09:00,3108.2939453125,3142.6872393131916,3069.6014895617222,3138.388077563105,131500
2023-07-27 09:00:00+09:00,3129.789794921875,3151.285603952932,3108.293985890818,3116.892309503241,115000
2023-07-28 09:00:00+09:00,3121.19140625,3146.986376549587,3086.7981125172178,3121.19140625,170500
2023-07-31 09:00:00+09:00,3293.15771484375,3327.5510069047814,3112.5929315233357,3155.5845465996244,627400
2023-08-01 09:00:00+09:00,3314.65380859375,3383.4403986553584,3237.2688947744405,3323.252132351451,410600
2023-08-02 09:00:00+09:00,3331.85009765625,3392.0383574848793,3284.5593220766127,3293.157644909274,216100
2023-08-03 09:00:00+09:00,3314.65380859375,3357.645427382255,3288.8588373206467,3340.448779866853,205500
2023-08-04 09:00:00+09:00,3379.140869140625,3387.739191962866,3310.3542865626987,3314.6534479738193,184600
2023-08-07 09:00:00+09:00,3370.542724609375,3383.440209524972,3331.850269862584,3374.8418862479075,153500
2023-08-08 09:00:00+09:00,3426.43212890625,3456.5262630371703,3357.6455366070027,3357.6455366070027,178400
2023-08-09 09:00:00+09:00,3387.7392578125,3456.5258417274745,3357.6451273496987,3456.5258417274745,129300
2023-08-10 09:00:00+09:00,3400.63671875,3400.63671875,3353.345942635904,3387.7392343552465,129400
2023-08-14 09:00:00+09:00,3435.030029296875,3482.3208056701737,3409.2350603659847,3409.2350603659847,138800
2023-08-15 09:00:00+09:00,3447.927978515625,3447.927978515625,3387.7397095639803,3417.8338440398024,106900
2023-08-16 09:00:00+09:00,3353.34619140625,3460.8252360026045,3353.34619140625,3435.030265299479,128400
2023-08-17 09:00:00+09:00,3370.542724609375,3379.1410478864395,3293.1578151157923,3340.4485931396484,131800
2023-08-18 09:00:00+09:00,3366.24365234375,3396.337784612468,3349.0470053330537,3353.3461670857278,77500
2023-08-21 09:00:00+09:00,3413.5341796875,3456.5257940412466,3379.1408882045025,3379.1408882045025,103900
2023-08-22 09:00:00+09:00,3409.23486328125,3443.628153200859,3387.739057081494,3443.628153200859,65000
2023-08-23 09:00:00+09:00,3469.423828125,3469.423828125,3370.543099442379,3396.338072142193,103100
2023-08-24 09:00:00+09:00,3460.8251953125,3503.8168126455744,3439.3293866459626,3503.8168126455744,73900
2023-08-25 09:00:00+09:00,3465.12451171875,3486.6203213447966,3443.628702092703,3443.628702092703,67500
2023-08-28 09:00:00+09:00,3482.32080078125,3508.115769675926,3465.1241548514663,3473.722477816358,81300
2023-08-29 09:00:00+09:00,3512.414794921875,3512.414794921875,3478.0215043963244,3482.320665712018,74400
2023-08-30 09:00:00+09:00,3482.32080078125,3516.714092640818,3469.423316333912,3512.414931158372,197400
2023-08-31 09:00:00+09:00,3499.517822265625,3508.1161461532556,3478.0220125465485,3499.517822265625,67300
2023-09-01 09:00:00+09:00,3538.209716796875,3555.406361835985,3478.02145915999,3486.619781679545,144500
2023-09-04 09:00:00+09:00,3589.800048828125,3615.595019238866,3559.7059166822605,3564.005078417384,174200
2023-09-05 09:00:00+09:00,3654.287109375,3658.586270680147,3602.6971737132353,3632.791302849265,139500
2023-09-06 09:00:00+09:00,3606.996826171875,3658.586768858481,3546.8085597041677,3649.9884450773798,219600
2023-09-07 09:00:00+09:00,3568.30419921875,3632.791624505836,3564.0050375329442,3602.697492705196,143700
2023-09-08 09:00:00+09:00,3533.91064453125,3576.9022582116786,3529.611483163207,3551.1072900034214,69600
2023-09-11 09:00:00+09:00,3508.115966796875,3551.1075840370327,3499.517643348843,3538.2100988649854,70300
2023-09-12 09:00:00+09:00,3499.517822265625,3529.6119558723317,3478.0220125465485,3508.1161461532556,84600
2023-09-13 09:00:00+09:00,3551.107421875,3555.4065834026937,3495.218322014982,3512.414968125757,90800
2023-09-14 09:00:00+09:00,3564.005126953125,3585.500935921479,3525.312670810087,3585.500935921479,105200
2023-09-15 09:00:00+09:00,3598.398193359375,3632.791485530074,3572.603224231351,3581.201547274026,151900
2023-09-19 09:00:00+09:00,3766.0654296875,3766.0654296875,3632.7914247556364,3637.0905862050513,353000
2023-09-20 09:00:00+09:00,3753.168212890625,3821.9548009848404,3744.569889378848,3766.06569815829,243800
2023-09-21 09:00:00+09:00,3710.176513671875,3731.6723219782007,3684.3815437042836,3718.774836994405,120000
2023-09-22 09:00:00+09:00,3628.4921875,3710.176253332346,3594.0988966232226,3684.381285174763,155200
2023-09-25 09:00:00+09:00,3624.193359375,3654.2874916592527,3594.0992270907477,3641.390006394573,106700
2023-09-26 09:00:00+09:00,3697.27880859375,3701.5779699990917,3619.893903297602,3628.492226108285,101600
2023-09-27 09:00:00+09:00,3649.98828125,3692.979898225854,3641.3899578548294,3671.484089737927,140100
2023-09-28 09:00:00+09:00,3680.660400390625,3737.6230018252418,3579.8804132370724,3588.6438903808594,171700
2023-09-29 09:00:00+09:00,3452.809814453125,3645.6063015545687,3439.664599423481,3645.6063015545687,229700
2023-10-02 09:00:00+09:00,3509.7724609375,3571.116798581851,3452.809861696317,3452.809861696317,177700
2023-10-03 09:00:00+09:00,3448.428466796875,3496.627594032918,3422.1380337590335,3487.864116353637,128200
2023-10-04 09:00:00+09:00,3316.97607421875,3422.137799160956,3299.449120061716,3378.32041376837,154700
2023-10-05 09:00:00+09:00,3378.3203125,3378.3203125,3299.4490211575876,3325.739451605058,144600
2023-10-06 09:00:00+09:00,3444.046630859375,3465.9553244399053,3356.4118565372532,3400.2292436983143,85200
2023-10-10 09:00:00+09:00,3685.0419921875,3689.423730584869,3505.3907178953623,3505.3907178953623,184500
2023-10-11 09:00:00+09:00,3606.170654296875,3663.133252724408,3597.407177615716,3663.133252724408,139200
2023-10-12 09:00:00+09:00,3641.224609375,3663.1333013688327,3597.4072253873346,3636.8428709762334,92200
2023-10-13 09:00:00+09:00,3649.98828125,3693.8056675795315,3610.552633553421,3632.461326718187,134200
2023-10-16 09:00:00+09:00,3632.461181640625,3680.660304678076,3614.9342278088247,3636.842920098575,103600
2023-10-17 09:00:00+09:00,3706.95068359375,3733.241113973848,3680.6602532136526,3689.4237300070185,107100
2023-10-18 09:00:00+09:00,3737.623046875,3803.3491262456037,3698.1873992526375,3768.2952172479486,146200
2023-10-19 09:00:00+09:00,3720.095947265625,3737.622901080775,3671.896824273962,3698.1872549966874,84900
2023-10-20 09:00:00+09:00,3728.859619140625,3742.0048351892992,3658.7518002143615,3685.0422323117104,99500
2023-10-23 09:00:00+09:00,3663.13330078125,3759.5315455386512,3658.751562383186,3737.622853548333,107900
2023-10-24 09:00:00+09:00,3658.75146484375,3667.51494140625,3544.82626953125,3645.60625,131500
2023-10-25 09:00:00+09:00,3728.859619140625,3755.1500512379735,3663.1335388972534,3680.660493628819,103800
2023-10-26 09:00:00+09:00,3658.75146484375,3680.66015625,3645.60625,3658.75146484375,124200
2023-10-27 09:00:00+09:00,3798.967041015625,3807.730517465488,3663.133156042748,3663.133156042748,177100
2023-10-30 09:00:00+09:00,3803.349365234375,3803.349365234375,3724.478065033662,3728.8598039337016,135000
2023-10-31 09:00:00+09:00,3742.004638671875,3834.0211461801996,3693.8055156913238,3812.112453916313,449500
2023-11-01 09:00:00+09:00,4101.30712890625,4101.30712890625,3803.3489186865654,3829.639349000067,499100
2023-11-02 09:00:00+09:00,4000.52685546875,4114.452045219229,3943.5642605935104,4105.688569084577,274100
2023-11-06 09:00:00+09:00,3969.855224609375,4004.9091338774488,3882.22045143919,3996.1456565604303,226600
2023-11-07 09:00:00+09:00,3983.000244140625,4004.9089363526195,3899.7472137350455,3908.5106906198434,193200
2023-11-08 09:00:00+09:00,3816.494140625,4018.054106720006,3812.1124022316303,3983.0001995730486,185000
2023-11-09 09:00:00+09:00,3869.075439453125,3899.7476116798202,3781.4406616625674,3816.4945727787904,119100
2023-11-10 09:00:00+09:00,3917.27392578125,3934.8008784693097,3838.4026386849832,3890.9834967491615,86300
2023-11-13 09:00:00+09:00,3912.892822265625,3952.3284722100716,3877.838911203895,3930.4197777964905,83600
2023-11-14 09:00:00+09:00,3934.801025390625,3969.854932075619,3895.3653803700063,3930.4192870550005,101100
2023-11-15 09:00:00+09:00,3899.747314453125,3969.85513134217,3877.8386216752983,3969.85513134217,83700
2023-11-16 09:00:00+09:00,3895.365478515625,3943.564601421893,3890.983740069601,3899.7472169616494,62900
2023-11-17 09:00:00+09:00,3974.236572265625,3974.236572265625,3873.4565930350745,3899.747022399566,93800
2023-11-20 09:00:00+09:00,4000.52685546875,4013.672069670728,3943.5642605935104,3974.236427064793,109800
2023-11-21 09:00:00+09:00,3996.14501953125,4057.489350971423,3943.564164011102,3978.618067691201,119300
2023-11-22 09:00:00+09:00,4035.5810546875,4053.1080082366316,3965.4732404909746,4000.5271475892373,113700
2023-11-24 09:00:00+09:00,4053.10791015625,4070.63486328125,4009.29052734375,4070.63486328125,78800
2023-11-27 09:00:00+09:00,4101.30712890625,4162.651466304421,4070.634960207165,4070.634960207165,120800
2023-11-28 09:00:00+09:00,4057.48974609375,4118.834083507694,4039.962792546909,4118.834083507694,114300
2023-11-29 09:00:00+09:00,4013.672607421875,4061.8717326201727,4004.909130113094,4022.4360847306566,128500
2023-11-30 09:00:00+09:00,4263.43115234375,4267.812890424268,3978.618177110098,3987.381653271133,379200
2023-12-01 09:00:00+09:00,4263.43115234375,4351.065913954105,4241.522461941161,4298.485056987892,179600
2023-12-04 09:00:00+09:00,4539.48095703125,4557.007910533302,4346.684468508687,4359.829683635226,418700
2023-12-05 09:00:00+09:00,4653.40625,4758.567973163842,4592.061911487759,4592.061911487759,526700
2023-12-06 09:00:00+09:00,4443.0830078125,4521.9543038091715,4381.738666481755,4478.136917144354,349200
2023-12-07 09:00:00+09:00,4311.630859375,4408.029110295985,4294.103904662094,4298.48564334032,236000
2023-12-08 09:00:00+09:00,4114.4521484375,4294.103413704739,4110.07041026025,4250.286031932242,257100
2023-12-11 09:00:00+09:00,4175.796875,4210.850783709338,4127.597750524659,4206.469045120672,113700
2023-12-12 09:00:00+09:00,4215.232421875,4250.28632974922,4184.560252485057,4206.468944906445,87800
2023-12-13 09:00:00+09:00,4210.85009765625,4294.103117276924,4188.941408282388,4215.231835531022,81300
2023-12-14 09:00:00+09:00,4035.5810546875,4215.232328566097,4031.199316300217,4167.033206305985,147500
2023-12-15 09:00:00+09:00,4184.56005859375,4197.7052734375,4039.9626953125,4048.726171875,148100
2023-12-18 09:00:00+09:00,4250.28662109375,4333.539658001772,4215.232710816688,4276.577053801547,206600
2023-12-19 09:00:00+09:00,4254.66796875,4259.049707131822,4153.887985968074,4206.4688465499485,105500
2023-12-20 09:00:00+09:00,4311.630859375,4337.92129144436,4215.232608454015,4254.668256558054,139500
2023-12-21 09:00:00+09:00,4263.43115234375,4302.866795068409,4232.758985780126,4250.285938102197,108600
2023-12-22 09:00:00+09:00,4434.31982421875,4486.900691699604,4307.249394473351,4316.0128723868265,242300
2023-12-25 09:00:00+09:00,4188.9423828125,4530.718016556616,4180.17890502419,4513.191060979995,191700
2023-12-26 09:00:00+09:00,4237.14111328125,4302.867190529666,4202.087205415428,4237.14111328125,141400
2023-12-27 09:00:00+09:00,4324.77587890625,4337.921094343655,4259.049801719225,4289.72197107317,110400
2023-12-28 09:00:00+09:00,4232.75927734375,4320.394044990619,4223.995800579063,4307.248829843588,76100
2023-12-29 09:00:00+09:00,4202.0869140625,4245.904295856687,4171.414746806569,4210.850390421338,79700
2024-01-04 09:00:00+09:00,4425.5556640625,4451.84609375,4316.01220703125,4324.77568359375,174700
2024-01-05 09:00:00+09:00,4408.02880859375,4469.373145890283,4381.738378323807,4469.373145890283,81400
2024-01-09 09:00:00+09:00,4399.265625,4408.029102340637,4316.012590263944,4337.9212836155375,113700
2024-01-10 09:00:00+09:00,4342.30322265625,4399.265827998865,4337.921483783742,4390.502350253847,94000
2024-01-11 09:00:00+09:00,4311.630859375,4372.975200870173,4311.630859375,4337.92129144436,77200
2024-01-12 09:00:00+09:00,4333.53955078125,4390.502153572106,4298.485641371492,4329.157812105031,84500
2024-01-15 09:00:00+09:00,4469.373046875,4469.373046875,4333.53916015625,4333.53916015625,61100
2024-01-16 09:00:00+09:00,4408.02880859375,4504.427052916874,4390.501855080455,4460.609669133636,123300
2024-01-17 09:00:00+09:00,4337.9208984375,4469.373046875,4337.9208984375,4381.73828125,159200
2024-01-18 09:00:00+09:00,4351.06591796875,4425.555465406282,4320.393751376825,4368.592870306992,117500
2024-01-19 09:00:00+09:00,4390.501953125,4408.02890702969,4337.921091410928,4377.356737696482,78700
2024-01-22 09:00:00+09:00,4513.1904296875,4513.1904296875,4342.30263671875,4408.0287109375,120200
2024-01-23 09:00:00+09:00,4486.900390625,4548.244731903076,4416.792572021484,4521.954299926758,102100
2024-01-24 09:00:00+09:00,4486.900390625,4521.954299926758,4434.319526672363,4469.373435974121,83500
2024-01-25 09:00:00+09:00,4592.06201171875,4600.825488840351,4513.190717624344,4530.7176718675455,107700
2024-01-26 09:00:00+09:00,4469.373046875,4635.8791015625,4460.6095703125,4592.06171875,101700
2024-01-29 09:00:00+09:00,4548.24462890625,4557.008106033237,4495.663766144327,4530.7176746522755,53100
2024-01-30 09:00:00+09:00,4609.58837890625,4618.351854911775,4530.7170948565235,4530.7170948565235,91300
2024-01-31 09:00:00+09:00,4565.77099609375,4793.621372098429,4530.71709209303,4583.29794809411,358200
2024-02-01 09:00:00+09:00,4539.48095703125,4618.352247790481,4495.663573276122,4565.771387284327,152300
2024-02-02 09:00:00+09:00,4495.66455078125,4513.191508094237,4355.448892277352,4495.66455078125,177800
2024-02-05 09:00:00+09:00,4399.265625,4521.954307768924,4381.738670318725,4513.190830428287,152200
2024-02-06 09:00:00+09:00,4298.48486328125,4416.791786123854,4298.48486328125,4408.028310357735,127200
2024-02-07 09:00:00+09:00,4460.60986328125,4460.60986328125,4294.1037976577845,4294.1037976577845,141000
2024-02-08 09:00:00+09:00,4399.265625,4460.6099663844625,4381.738670318725,4460.6099663844625,59700
2024-02-09 09:00:00+09:00,4320.3935546875,4351.06571988305,4289.72138949195,4294.103127377029,121800
2024-02-13 09:00:00+09:00,4416.7919921875,4425.555468362475,4320.393754262773,4329.157230437748,89300
2024-02-14 09:00:00+09:00,4513.1904296875,4521.95390625,4364.211328125,4364.211328125,107200
2024-02-15 09:00:00+09:00,4469.373046875,4530.7173828125,4425.5556640625,4504.426953125,105400
2024-02-16 09:00:00+09:00,4557.0078125,4618.3521484375,4469.373046875,4478.1365234375,147100
2024-02-19 09:00:00+09:00,4565.77099609375,4574.53447209393,4513.190140092671,4557.00752009357,67900
2024-02-20 09:00:00+09:00,4609.58837890625,4653.405758933876,4557.007522873099,4565.770998878625,90200
2024-02-21 09:00:00+09:00,4574.53466796875,4705.986813600036,4565.771191593331,4592.061620719588,90200
2024-02-22 09:00:00+09:00,4557.0078125,4635.8791015625,4504.426953125,4600.8251953125,111700
2024-02-26 09:00:00+09:00,4504.4267578125,4557.007614907588,4478.136329264956,4548.244138725073,85700
2024-02-27 09:00:00+09:00,4539.48095703125,4539.48095703125,4460.60966627202,4495.663573276122,85300
2024-02-28 09:00:00+09:00,4583.298828125,4609.589261173518,4486.900573613767,4539.481439710803,90700
2024-02-29 09:00:00+09:00,4653.40625,4679.69668079096,4583.298434557439,4592.061911487759,117400
2024-03-01 09:00:00+09:00,4662.16943359375,4688.459862730557,4618.352051699072,4627.115528078008,90200
2024-03-04 09:00:00+09:00,4618.3525390625,4688.460357492291,4609.589061758776,4688.460357492291,110900
2024-03-05 09:00:00+09:00,4565.77099609375,4609.58837609465,4557.00752009357,4609.58837609465,88200
2024-03-06 09:00:00+09:00,4548.24462890625,4583.298537414198,4530.7176746522755,4557.008106033237,62700
2024-03-07 09:00:00+09:00,4416.7919921875,4557.007610987103,4408.028516012525,4557.007610987103,158800
2024-03-08 09:00:00+09:00,4416.7919921875,4451.845896887401,4368.592873225137,4372.974611312624,105600
2024-03-11 09:00:00+09:00,4399.265625,4416.792579681275,4351.066499626494,4416.792579681275,122500
2024-03-12 09:00:00+09:00,4408.02880859375,4434.319238863693,4351.06620967554,4381.738378323807,100500
2024-03-13 09:00:00+09:00,4329.1572265625,4434.318940568067,4289.721583810413,4408.028512066675,155100
2024-03-14 09:00:00+09:00,4390.501953125,4416.792383982036,4316.012399030064,4316.012399030064,79800
2024-03-15 09:00:00+09:00,4425.5556640625,4434.319140625,4342.30263671875,4364.211328125,89100
2024-03-18 09:00:00+09:00,4504.4267578125,4521.9537101775295,4434.318948352383,4469.372853082442,89000
2024-03-19 09:00:00+09:00,4574.53466796875,4583.2981443441695,4478.13642783914,4530.717286091654,90400
2024-03-21 09:00:00+09:00,4495.66455078125,4600.826294659174,4460.610636155276,4592.062816002681,85500
2024-03-22 09:00:00+09:00,4486.900390625,4495.663867950439,4451.846481323242,4478.136913299561,79300
2024-03-25 09:00:00+09:00,4460.60986328125,4486.900294695481,4408.029000452787,4469.373340419327,83000
2024-03-26 09:00:00+09:00,4478.13671875,4504.4271495841485,4425.555857081703,4460.609764860567,94000
2024-03-27 09:00:00+09:00,4513.1904296875,4583.2982421875,4486.9,4521.95390625,182700
2024-03-28 09:00:00+09:00,4255.93896484375,4522.217224574165,4255.93896484375,4477.0853161452815,313500
2024-03-29 09:00:00+09:00,4206.2939453125,4296.5577638814375,4183.727990670266,4278.50500016765,139100
2024-04-01 09:00:00+09:00,4048.332275390625,4134.08290329745,4039.305893505696,4125.056521412521,177600
2024-04-02 09:00:00+09:00,4025.765869140625,4093.4637256844694,4012.226297831856,4084.437344811957,118000
2024-04-03 09:00:00+09:00,4084.437255859375,4125.055968901071,4012.2262104519164,4016.739400789883,143500
2024-04-04 09:00:00+09:00,4093.463623046875,4152.1350972471055,4070.8976714314017,4093.463623046875,101800
2024-04-05 09:00:00+09:00,4061.87158203125,4120.543060438368,4048.3320100911455,4084.4375352647567,75100
2024-04-08 09:00:00+09:00,4061.87158203125,4084.4375352647567,4034.7924381510416,4070.8979633246527,59200
2024-04-09 09:00:00+09:00,4043.81884765625,4066.384801047189,4039.305656978062,4061.8716103690012,52300
2024-04-10 09:00:00+09:00,4070.89794921875,4107.003474267253,4034.7924241702462,4039.3056148013093,83200
2024-04-11 09:00:00+09:00,4120.54296875,4129.569349842552,4030.2791578244796,4070.8978727409635,71000
2024-04-12 09:00:00+09:00,4183.72802734375,4188.2412183117585,4093.464207983583,4120.543353791633,90400
2024-04-15 09:00:00+09:00,4206.2939453125,4237.886281811629,4170.188417884925,4179.214799741819,68000
2024-04-16 09:00:00+09:00,4079.92431640625,4215.32003487106,4079.9243164062505,4215.32003487106,71100
2024-04-17 09:00:00+09:00,4107.00341796875,4143.108942522322,4084.4374651227677,4102.490227399554,50500
2024-04-18 09:00:00+09:00,4143.10888671875,4143.10888671875,4066.38464807581,4070.897838584219,51700
2024-04-19 09:00:00+09:00,4134.08251953125,4188.240805813319,4097.976995343204,4138.595710054756,92900
2024-04-22 09:00:00+09:00,4251.42578125,4305.584071457007,4165.675155088907,4188.241109341826,102300
2024-04-23 09:00:00+09:00,4201.7802734375,4260.451748791622,4197.267083025645,4255.938558379767,70500
2024-04-24 09:00:00+09:00,4138.595703125,4188.240798800436,4116.029750545256,4188.240798800436,104000
2024-04-25 09:00:00+09:00,4025.765869140625,4152.135201355802,4025.7658691406245,4152.135201355802,125100
2024-04-26 09:00:00+09:00,4070.89794921875,4088.9507117430016,3971.6077553353657,4016.7396616459946,123100
2024-04-30 09:00:00+09:00,4301.07080078125,4301.07080078125,4012.2265917046498,4134.082742408841,456400
2024-05-01 09:00:00+09:00,4070.89794921875,4350.71576834465,4066.384758587687,4251.4255744612665,199900
2024-05-02 09:00:00+09:00,4025.765869140625,4116.029677865751,3989.6603456505745,4093.4637256844694,113400
2024-05-07 09:00:00+09:00,4111.5166015625,4134.082554370198,4048.3319337009466,4075.4110770701836,114400
2024-05-08 09:00:00+09:00,4188.2412109375,4237.886311498181,4066.385055015827,4120.54334653657,158300
2024-05-09 09:00:00+09:00,4210.806640625,4233.3725926112,4102.490071091238,4210.806640625,97300
2024-05-10 09:00:00+09:00,4305.583984375,4337.176319690121,4233.372932226153,4237.8861229854565,133200
2024-05-13 09:00:00+09:00,4323.63671875,4337.176290938152,4260.452048538622,4260.452048538622,70600
2024-05-14 09:00:00+09:00,4382.30810546875,4386.8212961026,4323.636627228694,4341.689389764097,85900
2024-05-15 09:00:00+09:00,4382.30810546875,4404.874058638002,4368.768533567199,4391.33448673645,85000
2024-05-16 09:00:00+09:00,4332.6630859375,4395.847755940756,4310.097132364909,4377.794993082683,90900
2024-05-17 09:00:00+09:00,4413.900390625,4463.545487043072,4319.123388372316,4332.6629601227,94800
2024-05-20 09:00:00+09:00,4481.59814453125,4531.24323978789,4468.058573097621,4468.058573097621,90500
2024-05-21 09:00:00+09:00,4463.5458984375,4522.217381430106,4440.979943440344,4481.5986624352245,66100
2024-05-22 09:00:00+09:00,4404.8740234375,4490.624644795403,4400.360832839716,4477.085073002049,58900
2024-05-23 09:00:00+09:00,4445.49267578125,4481.598200051555,4418.413532578522,4418.413532578522,66700
2024-05-24 09:00:00+09:00,4486.11181640625,4486.11181640625,4418.41395197356,4427.440333897919,75000
2024-05-27 09:00:00+09:00,4549.2958984375,4585.401421440973,4522.216756184896,4522.216756184896,60500
2024-05-28 09:00:00+09:00,4639.56005859375,4684.691965778514,4522.217099913363,4549.2962442242215,131400
2024-05-29 09:00:00+09:00,4522.216796875,4630.53336686003,4513.190416042914,4621.506986027945,58100
2024-05-30 09:00:00+09:00,4400.36083984375,4486.111461338141,4395.847649238782,4472.571889523238,90200
2024-05-31 09:00:00+09:00,4463.5458984375,4472.572280436362,4382.308460447737,4445.493134439775,73000
2024-06-03 09:00:00+09:00,4558.322265625,4567.34864634901,4522.2167427289605,4531.24312345297,47600
2024-06-04 09:00:00+09:00,4522.216796875,4558.322320203343,4477.084892714571,4522.216796875,40700
2024-06-05 09:00:00+09:00,4409.38720703125,4495.137828252942,4386.821254078172,4495.137828252942,52000
2024-06-06 09:00:00+09:00,4481.59814453125,4486.111335009126,4404.873906407352,4427.4398587967335,57000
2024-06-07 09:00:00+09:00,4504.1640625,4531.243205160321,4477.084919839679,4477.084919839679,40700
2024-06-10 09:00:00+09:00,4540.27001953125,4558.322783028392,4481.598538165538,4504.164492536966,42700
2024-06-11 09:00:00+09:00,4454.51904296875,4585.40156804078,4445.492661929299,4576.375187001329,61000
2024-06-12 09:00:00+09:00,4377.794921875,4522.217022390464,4377.794921875,4440.979590850516,115700
2024-06-13 09:00:00+09:00,4319.12353515625,4436.466494314101,4292.044390735207,4436.466494314101,93000
2024-06-14 09:00:00+09:00,4477.0849609375,4513.190484816028,4287.530960575226,4305.583722514491,89200
2024-06-17 09:00:00+09:00,4314.6103515625,4440.979692403243,4314.6103515625,4422.926929425994,59600
2024-06-18 09:00:00+09:00,4359.7421875,4364.25537817029,4310.097090126812,4323.636662137681,41300
2024-06-19 09:00:00+09:00,4368.7685546875,4391.334507965845,4332.663029442148,4386.821317310176,30900
2024-06-20 09:00:00+09:00,4395.84814453125,4409.387717871695,4350.716233396432,4386.8217623042865,55100
2024-06-21 09:00:00+09:00,4413.900390625,4499.651011710762,4409.387200041539,4459.032296459612,84100
2024-06-24 09:00:00+09:00,4427.43994140625,4477.085037589195,4413.900369719992,4477.085037589195,46300
2024-06-25 09:00:00+09:00,4481.59814453125,4504.164096920632,4427.4398587967335,4454.519001663992,38400
2024-06-26 09:00:00+09:00,4436.46630859375,4472.571832977015,4409.387165306301,4472.571832977015,40100
2024-06-27 09:00:00+09:00,4463.5458984375,4463.5458984375,4427.44037044205,4450.006325439206,37900
2024-06-28 09:00:00+09:00,4567.3486328125,4567.3486328125,4495.137587234437,4513.190348628953,55000
2024-07-01 09:00:00+09:00,4621.5078125,4666.639724731445,4603.455047607422,4603.455047607422,74200
2024-07-02 09:00:00+09:00,4675.66552734375,4675.66552734375,4621.507239382239,4621.507239382239,59200
2024-07-03 09:00:00+09:00,4729.82373046875,4747.876492798783,4630.533537653566,4675.66544347865,89200
2024-07-04 09:00:00+09:00,4738.85009765625,4802.034765625,4738.85009765625,4738.85009765625,59700
2024-07-05 09:00:00+09:00,4648.58642578125,4774.955765511226,4639.560044371966,4756.9030026926575,49700
2024-07-08 09:00:00+09:00,4612.48095703125,4693.718390716732,4585.401812469423,4648.586483113687,50400
2024-07-09 09:00:00+09:00,4576.37548828125,4621.507396449704,4558.322725013869,4612.481014816013,29500
2024-07-10 09:00:00+09:00,4576.37548828125,4648.586541350777,4531.243580112796,4576.37548828125,47200
2024-07-11 09:00:00+09:00,4657.6123046875,4666.638685122941,4585.401261203973,4585.401261203973,48300
2024-07-12 09:00:00+09:00,4585.40185546875,4675.665671521285,4585.40185546875,4639.56014510027,72200
2024-07-16 09:00:00+09:00,4549.2958984375,4621.506944444444,4549.2958984375,4594.427802191841,47800
2024-07-17 09:00:00+09:00,4567.3486328125,4612.48053629879,4549.295871417984,4567.3486328125,31700
2024-07-18 09:00:00+09:00,4567.3486328125,4639.559678390563,4531.243110023468,4558.322252115242,47800
2024-07-19 09:00:00+09:00,4522.216796875,4549.295939371257,4477.084892714571,4549.295939371257,37300
2024-07-22 09:00:00+09:00,4332.6630859375,4486.11157023112,4332.6630859375,4459.03242594401,53800
2024-07-23 09:00:00+09:00,4522.216796875,4576.375081867515,4472.571702298528,4490.624463962699,68300
2024-07-24 09:00:00+09:00,4368.7685546875,4513.190655668905,4359.742173376162,4504.164274357568,48300
2024-07-25 09:00:00+09:00,4296.5576171875,4346.202715705423,4278.504854090073,4332.663143382353,51700
2024-07-26 09:00:00+09:00,4283.01806640625,4341.68954676798,4260.45211242097,4296.557638797419,34900
2024-07-29 09:00:00+09:00,4278.50439453125,4341.689058585509,4251.425252793711,4301.070345979199,48100
2024-07-30 09:00:00+09:00,4346.2021484375,4350.715338622794,4283.017485843393,4341.688958252207,46900
2024-07-31 09:00:00+09:00,4418.4140625,4594.4285144279875,4251.425992722166,4251.425992722166,212400
2024-08-01 09:00:00+09:00,4382.30810546875,4477.085108779608,4323.636627228694,4332.663008496395,168200
2024-08-02 09:00:00+09:00,4147.6220703125,4237.885880330183,4048.3318792930495,4228.859499328414,123100
2024-08-05 09:00:00+09:00,3520.28857421875,3962.5812412359774,3515.7753837389823,3958.0680507562097,245400
2024-08-06 09:00:00+09:00,3980.6337890625,4025.765691432823,3709.842374840561,3709.842374840561,151100
2024-08-07 09:00:00+09:00,3989.660400390625,4070.8978293578552,3845.238304448883,3894.8833999288568,97300
2024-08-08 09:00:00+09:00,3885.85693359375,3958.0679799787677,3872.3173623965595,3885.85693359375,53100
2024-08-09 09:00:00+09:00,3890.3701171875,3958.067973055032,3809.1326901464618,3949.0415922726943,64500
2024-08-13 09:00:00+09:00,4007.713134765625,4007.713134765625,3885.856992154508,3908.4229444899,54800
2024-08-14 09:00:00+09:00,4125.05615234375,4156.648486114435,4016.7395794156864,4052.8451037250406,61000
2024-08-15 09:00:00+09:00,4242.39892578125,4246.912116127825,4134.0823574634305,4165.674689889462,54400
2024-08-16 09:00:00+09:00,4314.6103515625,4314.6103515625,4237.886108909192,4305.583970073876,58400
2024-08-19 09:00:00+09:00,4310.0966796875,4450.005577143324,4273.991157763417,4314.60986992801,71700
2024-08-20 09:00:00+09:00,4323.63671875,4355.229053855689,4287.531192914927,4350.715863126305,41800
2024-08-21 09:00:00+09:00,4287.53076171875,4287.53076171875,4242.398858963816,4260.45162006579,31800
2024-08-22 09:00:00+09:00,4283.01806640625,4296.557638797419,4264.965303218026,4292.0444480003625,22000
2024-08-23 09:00:00+09:00,4251.42578125,4355.229170813429,4251.42578125,4296.5576897558385,33800
2024-08-26 09:00:00+09:00,4179.21484375,4246.912708389579,4170.188461798056,4242.399517413607,57600
2024-08-27 09:00:00+09:00,4346.2021484375,4346.2021484375,4228.859203619873,4242.398774175753,51600
2024-08-28 09:00:00+09:00,4283.01806640625,4337.176355970923,4273.991684812138,4323.6367835797555,36100
2024-08-29 09:00:00+09:00,4337.17578125,4337.17578125,4287.5306890608745,4292.043879259885,42100
2024-08-30 09:00:00+09:00,4377.794921875,4400.3608750805415,4332.663015463917,4346.202587387243,44400
2024-09-02 09:00:00+09:00,4341.68994140625,4404.874618308212,4305.584411747986,4404.874618308212,58500
2024-09-03 09:00:00+09:00,4283.01806640625,4373.281882347373,4278.504875609194,4373.281882347373,36000
2024-09-04 09:00:00+09:00,4143.10888671875,4210.806744344874,4143.10888671875,4192.753982311241,83500
2024-09-05 09:00:00+09:00,4102.490234375,4188.2408553355335,4070.8979003369086,4147.6221401437015,35800
2024-09-06 09:00:00+09:00,4057.358642578125,4134.082888322094,4034.792687947546,4134.082888322094,29700
2024-09-09 09:00:00+09:00,3949.04150390625,3971.607455357143,3912.9359815848215,3962.5810747767855,48000
2024-09-10 09:00:00+09:00,3872.31787109375,3989.6608368844695,3872.31787109375,3953.5553089488635,45300
2024-09-11 09:00:00+09:00,3759.488037109375,3872.317810131865,3736.922082504877,3872.317810131865,97800
2024-09-12 09:00:00+09:00,3885.85693359375,3908.4228855890683,3840.7250296031143,3863.290981598432,41500
2024-09-13 09:00:00+09:00,3876.83056640625,3903.9097088956996,3836.211852672075,3867.804185576433,35800
2024-09-17 09:00:00+09:00,3872.31787109375,3935.5025449810605,3836.2123431581435,3894.8838260535035,51600
2024-09-18 09:00:00+09:00,3912.93603515625,3935.50198691609,3872.3173219885384,3935.50198691609,40000
2024-09-19 09:00:00+09:00,4025.765869140625,4057.358202194419,3962.5812030330367,3962.5812030330367,56500
2024-09-20 09:00:00+09:00,4084.437255859375,4125.055968901071,4048.331733155646,4070.8976848454768,64300
2024-09-24 09:00:00+09:00,4129.5693359375,4156.648479123975,4084.4374306267073,4152.135288592896,45200
2024-09-25 09:00:00+09:00,4179.21484375,4192.754416677916,4116.030170086393,4156.648888870141,44400
2024-09-26 09:00:00+09:00,4192.75390625,4201.780287103068,4125.056049851992,4188.240715823466,74400
2024-09-27 09:00:00+09:00,4262.1708984375,4294.565248371336,4197.382198569829,4243.659841332451,79900
2024-09-30 09:00:00+09:00,4174.2431640625,4243.659624662209,4137.221051742655,4146.476579822616,50400
2024-10-01 09:00:00+09:00,4248.28759765625,4266.798654726647,4206.637719247855,4206.637719247855,26800
2024-10-02 09:00:00+09:00,4229.77587890625,4322.331149779472,4225.148115362588,4248.286933080894,45600
2024-10-03 09:00:00+09:00,4359.353515625,4377.864570893047,4308.448113637872,4331.58693272293,56900
2024-10-04 09:00:00+09:00,4276.0537109375,4303.820293476055,4229.776073373241,4294.564765963203,66200
2024-10-07 09:00:00+09:00,4322.33154296875,4345.470362791923,4285.309431251672,4340.842598827288,37100
2024-10-08 09:00:00+09:00,4289.93701171875,4350.0979406856795,4280.681484185377,4317.703594318871,53000
2024-10-09 09:00:00+09:00,4294.56494140625,4350.09810875202,4266.798357733364,4350.09810875202,41800
2024-10-10 09:00:00+09:00,4262.1708984375,4280.681955542549,4229.776548503664,4280.681955542549,23100
2024-10-11 09:00:00+09:00,4266.79833984375,4303.820451252373,4248.287284139438,4262.170575917672,22700
2024-10-15 09:00:00+09:00,4303.8203125,4317.703603830645,4225.14832829301,4266.7982022849465,64600
2024-10-16 09:00:00+09:00,4243.6591796875,4313.075633008451,4229.77588902331,4285.309051680071,46100
2024-10-17 09:00:00+09:00,4239.03173828125,4276.053849532615,4220.520682655568,4276.053849532615,26800
2024-10-18 09:00:00+09:00,4243.6591796875,4299.192342344261,4239.03141613277,4271.425761015881,33500
2024-10-21 09:00:00+09:00,4276.0537109375,4317.703584745333,4243.659364642519,4243.659364642519,26300
2024-10-22 09:00:00+09:00,4280.681640625,4313.075988175676,4239.031765202702,4276.05387668919,31400
2024-10-23 09:00:00+09:00,4192.75390625,4266.7981253449225,4192.75390625,4239.031543184326,32000
2024-10-24 09:00:00+09:00,4160.35986328125,4169.615391341942,4104.826694917096,4127.965515068827,43700
2024-10-25 09:00:00+09:00,4067.804931640625,4164.987984614974,4063.177167213275,4160.360220187624,33300
2024-10-28 09:00:00+09:00,4155.73193359375,4164.987461285496,4067.804420522167,4086.3154759056583,36700
2024-10-29 09:00:00+09:00,4132.59326171875,4188.126429849349,4114.082205675217,4137.221025729633,65600
2024-10-30 09:00:00+09:00,4072.432373046875,4164.987654252486,4072.432373046875,4132.593305830522,254200
2024-10-31 09:00:00+09:00,4026.154296875,4197.381548581178,3933.599025682471,4114.081804507902,162200
2024-11-01 09:00:00+09:00,3767.0,3961.3660933660935,3762.372235872236,3961.3660933660935,170300
2024-11-05 09:00:00+09:00,3692.95556640625,3813.277426965852,3692.95556640625,3794.766371495144,163000
2024-11-06 09:00:00+09:00,3771.627685546875,3878.0662582678297,3734.605573296108,3734.605573296108,128600
2024-11-07 09:00:00+09:00,3785.510986328125,3804.0220424959884,3711.46676165667,3776.255458244193,129400
2024-11-08 09:00:00+09:00,3729.977783203125,3780.8831871922494,3711.4667272070797,3776.255423193238,97600
2024-11-11 09:00:00+09:00,3748.48876953125,3757.744297357253,3711.4666582272375,3729.9777138792438,64500
2024-11-12 09:00:00+09:00,3725.349853515625,3776.2552552406833,3725.349853515625,3748.4886724815606,56000
2024-11-13 09:00:00+09:00,3743.86083984375,3785.510713216548,3720.7220213033065,3748.4886035518384,74500
2024-11-14 09:00:00+09:00,3655.933349609375,3716.094278147251,3646.6778221420095,3679.072168277789,162100
2024-11-15 09:00:00+09:00,3679.072265625,3753.1164873231132,3679.072265625,3702.2110849056603,118100
2024-11-18 09:00:00+09:00,3739.233154296875,3739.233154296875,3655.9334058100635,3660.5611696148862,127000
2024-11-19 09:00:00+09:00,3720.722412109375,3725.350176303541,3674.444770167716,3711.4668837210434,139300
2024-11-20 09:00:00+09:00,3702.211181640625,3739.2332934570313,3679.072361755371,3720.722237548828,115700
2024-11-21 09:00:00+09:00,3734.60546875,3780.883107767968,3665.189010223048,3674.444538026642,356800
2024-11-22 09:00:00+09:00,3850.299560546875,3882.693907811092,3790.13862991333,3794.7663938082183,369600
2024-11-25 09:00:00+09:00,3952.110107421875,3961.3656346055327,3859.554835585297,3887.3214171362706,392000
2024-11-26 09:00:00+09:00,3790.138427734375,3938.2268644712494,3757.7440821981836,3933.5991008232218,167900
2024-11-27 09:00:00+09:00,3716.094482421875,3804.021998195244,3688.3278984934423,3790.138706231028,142000
2024-11-28 09:00:00+09:00,3743.86083984375,3743.86083984375,3697.583202762863,3711.466493887129,57500
2024-11-29 09:00:00+09:00,3697.583251953125,3762.3719447282733,3692.9554881834715,3743.8608896496594,77100
2024-12-02 09:00:00+09:00,3734.60546875,3739.2332326517967,3674.444538026642,3702.2111214374227,76400
2024-12-03 09:00:00+09:00,3762.3720703125,3813.27747347786,3739.233250691882,3790.138653857242,129000
2024-12-04 09:00:00+09:00,3679.072265625,3748.4887234669814,3674.444501768868,3748.4887234669814,154800
2024-12-05 09:00:00+09:00,3692.95556640625,3725.349913479989,3674.444510935542,3711.466621876958,112900
2024-12-06 09:00:00+09:00,3642.05029296875,3706.838989412921,3632.7947649052967,3702.2112253811943,147400
2024-12-09 09:00:00+09:00,3692.95556640625,3702.211094141604,3642.050163861803,3660.561219332511,91400
2024-12-10 09:00:00+09:00,3725.349853515625,3753.1164362747477,3692.955506963315,3716.0943259292508,110400
2024-12-11 09:00:00+09:00,3720.722412109375,3743.8612330802043,3683.700298556048,3729.9779404977066,58300
2024-12-12 09:00:00+09:00,3716.094482421875,3720.722246409947,3683.7001345053704,3706.838954445731,66200
2024-12-13 09:00:00+09:00,3692.95556640625,3716.094385744635,3655.933455464834,3655.933455464834,84900
2024-12-16 09:00:00+09:00,3674.444580078125,3711.4666917161917,3665.189052168608,3702.211163806675,64500
2024-12-17 09:00:00+09:00,3637.42236328125,3688.3277653119035,3637.42236328125,3665.188946207061,102100
2024-12-18 09:00:00+09:00,3581.889404296875,3646.678101532219,3581.889404296875,3618.911517002786,134800
2024-12-19 09:00:00+09:00,3586.516845703125,3605.027900390625,3484.7060449218748,3544.86697265625,140800
2024-12-20 09:00:00+09:00,3554.12255859375,3646.677833557129,3554.12255859375,3591.1446685791016,109300
2024-12-23 09:00:00+09:00,3572.633544921875,3572.633544921875,3517.1003810111724,3554.1224902849744,121200
2024-12-24 09:00:00+09:00,3618.911376953125,3632.7946686805667,3577.2615017708004,3577.2615017708004,80700
2024-12-25 09:00:00+09:00,3646.677978515625,3646.677978515625,3586.517047397981,3618.9113949228663,82300
2024-12-26 09:00:00+09:00,3665.18896484375,3683.7000202217487,3646.6779094657513,3651.3056733102508,107100
2024-12-27 09:00:00+09:00,3697.583251953125,3697.583251953125,3665.1889055655506,3665.1889055655506,104700
2024-12-30 09:00:00+09:00,3753.11669921875,3766.9999915709773,3716.0945862794774,3716.0945862794774,106800
2025-01-06 09:00:00+09:00,3794.766357421875,3808.6496489734186,3757.7442466177595,3776.2553020198175,111900
2025-01-07 09:00:00+09:00,3748.48876953125,3794.7664086612654,3725.349949966242,3794.7664086612654,121600
2025-01-08 09:00:00+09:00,3771.627685546875,3799.3942697349503,3739.233337327454,3739.233337327454,90700
2025-01-09 09:00:00+09:00,3683.7001953125,3762.3721844083702,3669.8169031191114,3757.744420343907,133500
2025-01-10 09:00:00+09:00,3665.18896484375,3692.955547910748,3646.6779094657513,3683.7000202217487,71700
2025-01-14 09:00:00+09:00,3628.1669921875,3674.4446323939733,3591.1448800223216,3665.1891043526784,114100
2025-01-15 09:00:00+09:00,3628.1669921875,3674.4446323939733,3609.655936104911,3665.1891043526784,62600
2025-01-16 09:00:00+09:00,3595.772705078125,3632.794817871722,3581.889412780526,3628.1670537725226,80000
2025-01-17 09:00:00+09:00,3623.5390625,3623.5390625,3586.5169520274585,3586.5169520274585,60900
2025-01-20 09:00:00+09:00,3632.794677734375,3651.305733417098,3614.283622051652,3623.5391498930135,44600
2025-01-21 09:00:00+09:00,3646.677978515625,3674.4445621083833,3642.0502145834985,3651.305742447751,38800
2025-01-22 09:00:00+09:00,3614.28369140625,3669.8168595200464,3614.28369140625,3651.3058034821142,68500
2025-01-23 09:00:00+09:00,3600.400390625,3623.5392106161635,3581.8893346320697,3609.6559186214654,70000
2025-01-24 09:00:00+09:00,3637.42236328125,3655.9334185651237,3609.6557803554388,3609.6557803554388,63100
2025-01-27 09:00:00+09:00,3642.05029296875,3674.4446411908352,3632.7947649052967,3655.9335850639295,54800
2025-01-28 09:00:00+09:00,3646.677978515625,3669.816798176257,3632.7946867192454,3655.9335063798776,55600
2025-01-29 09:00:00+09:00,3646.677978515625,3655.9335063798776,3618.9113949228663,3637.422450651372,44300
2025-01-30 09:00:00+09:00,3697.583251953125,3697.583251953125,3637.4223229476297,3646.6778504869367,89100
2025-01-31 09:00:00+09:00,3637.42236328125,3753.1164588054626,3637.42236328125,3702.211056774809,194100
2025-02-03 09:00:00+09:00,3618.911376953125,3702.211127317775,3618.911376953125,3674.444543862892,164500
2025-02-04 09:00:00+09:00,3632.794677734375,3655.9334973377786,3605.0280942102904,3655.9334973377786,113400
2025-02-05 09:00:00+09:00,3688.327880859375,3697.583408791268,3646.678005165856,3655.933533097749,83100
2025-02-06 09:00:00+09:00,3716.094482421875,3734.605538374163,3660.56131456501,3660.56131456501,106200
2025-02-07 09:00:00+09:00,3762.3720703125,3771.6275981607473,3706.8389032230166,3716.094431071264,82100
2025-02-10 09:00:00+09:00,3780.883056640625,3813.277403515147,3757.744237444538,3771.6275289621904,83000
2025-02-12 09:00:00+09:00,3757.744140625,3817.9050689847595,3748.4886131850367,3785.510722944889,89100
2025-02-13 09:00:00+09:00,3785.510986328125,3804.0220424959884,3753.1166380343634,3794.7665144120565,65700
2025-02-14 09:00:00+09:00,3808.649658203125,3808.649658203125,3771.6275473092915,3785.510838894479,66900
2025-02-17 09:00:00+09:00,3771.627685546875,3813.277561828988,3771.627685546875,3808.649797797642,40500
2025-02-18 09:00:00+09:00,3790.138427734375,3794.766191382402,3748.488554902129,3771.6273731422657,43500
2025-02-19 09:00:00+09:00,3780.883056640625,3845.671750389669,3771.6275289621904,3771.6275289621904,90600
2025-02-20 09:00:00+09:00,3757.744140625,3780.8829592249076,3739.233085745074,3771.6274317849443,51300
2025-02-21 09:00:00+09:00,3753.11669921875,3776.2555198057953,3739.2334068665227,3757.744463336159,53900
2025-02-25 09:00:00+09:00,3734.60546875,3757.744288258984,3697.5833575356255,3748.48876045539,127300
2025-02-26 09:00:00+09:00,3688.327880859375,3711.4667006891077,3674.4445889615354,3711.4667006891077,133500
2025-02-27 09:00:00+09:00,3748.48876953125,3748.48876953125,3679.0723108362267,3692.9556025752313,177000
2025-02-28 09:00:00+09:00,3702.211181640625,3725.3500015258787,3669.8168338012692,3725.3500015258787,113400
2025-03-03 09:00:00+09:00,3743.86083984375,3753.1163672599273,3711.466493887129,3720.7220213033065,89400
2025-03-04 09:00:00+09:00,3748.48876953125,3753.116533444251,3674.444546923225,3725.349949966242,100300
2025-03-05 09:00:00+09:00,3771.627685546875,3799.3942697349503,3734.605573296108,3734.605573296108,86200
2025-03-06 09:00:00+09:00,3822.533203125,3827.1609672934323,3790.1388539459745,3794.766618114407,78300
2025-03-07 09:00:00+09:00,3822.533203125,3827.1609672934323,3757.7445047669494,3776.255561440678,77300
2025-03-10 09:00:00+09:00,3822.533203125,3864.18308064089,3813.2776747881358,3831.7887314618647,67700
2025-03-11 09:00:00+09:00,3785.510986328125,3822.5330986638523,3753.1166380343634,3808.649806537954,81900
2025-03-12 09:00:00+09:00,3776.25537109375,3794.7664268344056,3729.977731742111,3757.7443153530944,72300
2025-03-13 09:00:00+09:00,3794.766357421875,3827.1607043754766,3766.9997743187882,3790.1385935713606,50100
2025-03-14 09:00:00+09:00,3822.533203125,3831.7887314618647,3771.627797272246,3790.1388539459745,73700
2025-03-17 09:00:00+09:00,3827.16064453125,3868.810518534613,3794.7662980841897,3827.16064453125,107500
2025-03-18 09:00:00+09:00,3827.16064453125,3845.6716996438554,3813.2773531967955,3827.16064453125,87700
2025-03-19 09:00:00+09:00,3836.416259765625,3854.9273153012855,3827.1607319977948,3836.416259765625,66100
2025-03-21 09:00:00+09:00,3808.649658203125,3850.299532958688,3804.021894341396,3831.788477511771,95400
2025-03-24 09:00:00+09:00,3799.394287109375,3845.671927634459,3790.1387590043582,3845.671927634459,70500
2025-03-25 09:00:00+09:00,3804.02197265625,3813.2775005702556,3785.5109168282393,3808.649736613253,63200
2025-03-26 09:00:00+09:00,3831.78857421875,3859.5551580899,3799.394226369074,3804.0219903475995,95200
2025-03-27 09:00:00+09:00,3859.554931640625,3859.554931640625,3799.394003449584,3813.2772945705933,152500
2025-03-28 09:00:00+09:00,3878.63818359375,3931.1166830027673,3854.7843202260146,3859.5550928995617,100400
2025-03-31 09:00:00+09:00,3821.388916015625,3859.5550974489893,3802.3058252989426,3826.1596886947955,115400
2025-04-01 09:00:00+09:00,3826.15966796875,3854.784303888716,3811.847350008767,3840.471985928733,80600
2025-04-02 09:00:00+09:00,3792.76416015625,3830.9303403842373,3792.76416015625,3830.9303403842373,93000
2025-04-03 09:00:00+09:00,3587.62109375,3659.182684715758,3573.3087755568486,3625.7872755984044,176400
2025-04-04 09:00:00+09:00,3406.33154296875,3434.9561777836134,3301.374548647584,3425.4146328453257,197900
2025-04-07 09:00:00+09:00,3225.042236328125,3306.1453694902225,3110.5436953933986,3205.959146172337,288800
2025-04-08 09:00:00+09:00,3396.790283203125,3439.7272390301305,3339.541008767117,3358.6241002457864,176200
2025-04-09 09:00:00+09:00,3301.374755859375,3344.3117107766216,3258.437800942129,3339.5409380080387,191500
2025-04-10 09:00:00+09:00,3487.434814453125,3578.0794949929464,3449.2686331732,3568.537949672965,176800
2025-04-11 09:00:00+09:00,3477.893310546875,3487.434855980474,3353.8532199100864,3434.956356095679,83300
2025-04-14 09:00:00+09:00,3511.28857421875,3535.142436815345,3492.2054841414742,3525.6008917767067,68100
2025-04-15 09:00:00+09:00,3487.434814453125,3544.684086373012,3487.434814453125,3535.142541053031,50500
2025-04-16 09:00:00+09:00,3425.414794921875,3501.7471580399115,3411.102476837243,3501.7471580399115,55600
2025-04-17 09:00:00+09:00,3477.893310546875,3487.434855980474,3425.4148106620796,3434.956356095679,53800
2025-04-18 09:00:00+09:00,3582.850341796875,3597.1626600730274,3516.0595231748293,3539.913386968417,81600
2025-04-21 09:00:00+09:00,3582.850341796875,3587.621114555592,3530.3718414509817,3578.0795690381574,81600
2025-04-22 09:00:00+09:00,3630.557861328125,3640.099406298764,3544.683956592374,3544.683956592374,65700
2025-04-23 09:00:00+09:00,3654.411865234375,3697.348819264544,3635.3287745543,3668.7241832444315,95500
2025-04-24 09:00:00+09:00,3687.807373046875,3740.2858738276195,3673.4950546521263,3697.348918643374,76300
2025-04-25 09:00:00+09:00,3749.8271484375,3764.1394657979486,3721.202513716603,3721.202513716603,74600
2025-04-28 09:00:00+09:00,3778.451904296875,3792.7642221161814,3735.514950838956,3740.2857234453913,91000
2025-04-30 09:00:00+09:00,3592.3916015625,3816.617903386454,3463.580747323207,3816.617903386454,527500
2025-05-01 09:00:00+09:00,3539.9130859375,3640.0993053508255,3535.142313584485,3611.474671232733,127300
2025-05-02 09:00:00+09:00,3558.996337890625,3625.7871538832105,3558.996337890625,3558.996337890625,109000
2025-05-07 09:00:00+09:00,3473.122314453125,3597.1623971121653,3468.3515420431618,3568.537762652387,106700
2025-05-08 09:00:00+09:00,3468.351806640625,3482.664124962388,3415.873306127493,3468.351806640625,124400
2025-05-09 09:00:00+09:00,3468.351806640625,3482.664124962388,3454.039488318862,3468.351806640625,76800
2025-05-12 09:00:00+09:00,3516.0595703125,3516.0595703125,3449.2687507950304,3468.351842085736,76100
2025-05-13 09:00:00+09:00,3592.3916015625,3644.8700977340636,3549.4546501494024,3582.8500568040336,114900
2025-05-14 09:00:00+09:00,3659.1826171875,3663.9533898305085,3558.996391684322,3587.6210275423728,89200
2025-05-15 09:00:00+09:00,3625.787353515625,3654.411990517064,3621.016580682052,3621.016580682052,65000
2025-05-16 09:00:00+09:00,3616.24560546875,3635.3286957350756,3578.0794249360983,3597.162515202424,53900
2025-05-19 09:00:00+09:00,3587.62109375,3649.641139253657,3568.5380028257982,3625.7872755984044,54400
2025-05-20 09:00:00+09:00,3539.9130859375,3601.9331265267015,3530.371541231469,3587.620809467655,67200
2025-05-21 09:00:00+09:00,3549.454833984375,3582.850242368637,3544.684061358052,3558.9963792370213,41900
2025-05-22 09:00:00+09:00,3544.68408203125,3558.9963999936913,3501.7471281439266,3535.142536722956,38800
2025-05-23 09:00:00+09:00,3549.454833984375,3582.850242368637,3530.371743479083,3530.371743479083,51200
2025-05-26 09:00:00+09:00,3549.454833984375,3573.3086971159905,3539.913288731729,3549.454833984375,39300
2025-05-27 09:00:00+09:00,3582.850341796875,3582.850341796875,3544.6841597271346,3544.6841597271346,33400
2025-05-28 09:00:00+09:00,3587.62109375,3611.474957405253,3573.3087755568486,3582.8503210189497,50200
2025-05-29 09:00:00+09:00,3597.16259765625,3597.16259765625,3573.3087342765666,3597.16259765625,56400
2025-05-30 09:00:00+09:00,3649.64111328125,3673.4949767667486,3573.3087501276555,3592.391840916054,97200
2025-06-02 09:00:00+09:00,3601.933349609375,3649.641076094267,3578.0794863669284,3621.016440203332,48700
2025-06-03 09:00:00+09:00,3640.099609375,3654.411927629423,3592.3918818602556,3601.9334273632044,36700
2025-06-04 09:00:00+09:00,3673.494873046875,3687.807190734071,3640.0994651100855,3654.411782797281,46300
2025-06-05 09:00:00+09:00,3630.557861328125,3687.807131151959,3616.2455438721668,3673.4948136960006,59300
2025-06-06 09:00:00+09:00,3649.64111328125,3663.953431372549,3640.099567887051,3640.099567887051,35300
2025-06-09 09:00:00+09:00,3621.0166015625,3678.265875895504,3611.4750558403325,3668.7243301733365,45000
2025-06-10 09:00:00+09:00,3673.494873046875,3697.3487358588677,3621.0163748604914,3659.1825553596796,73100
2025-06-11 09:00:00+09:00,3754.59814453125,3759.368917268901,3692.5780989417885,3692.5780989417885,81500
2025-06-12 09:00:00+09:00,3740.28564453125,3764.1395070601484,3716.4317820023516,3754.597962048589,39500
2025-06-13 09:00:00+09:00,3759.368896484375,3764.1396691956493,3692.5780785265306,3740.2858056392765,79300
2025-06-16 09:00:00+09:00,3835.701416015625,3864.3260534485776,3778.4521411497203,3778.4521411497203,102700
2025-06-17 09:00:00+09:00,3768.910400390625,3826.159672295293,3735.514991779569,3816.618126977848,63700
2025-06-18 09:00:00+09:00,3759.368896484375,3764.1396691956493,3735.515032928002,3764.1396691956493,31500
2025-06-19 09:00:00+09:00,3716.431884765625,3749.827293229501,3716.431884765625,3749.827293229501,29900
2025-06-20 09:00:00+09:00,3702.11962890625,3754.5981288005396,3702.11962890625,3706.890401623913,62200
2025-06-23 09:00:00+09:00,3721.20263671875,3730.744181941106,3673.494910606971,3697.348773662861,34100
2025-06-24 09:00:00+09:00,3711.6611328125,3735.514996133917,3683.0364968267995,3735.514996133917,39000
2025-06-25 09:00:00+09:00,3706.890380859375,3721.202698932191,3683.0365174046815,3721.202698932191,30800
2025-06-26 09:00:00+09:00,3740.28564453125,3740.28564453125,3706.8902369907923,3706.8902369907923,39600
2025-06-27 09:00:00+09:00,3745.056640625,3749.827413415605,3721.202776671975,3740.285867834395,50000
2025-06-30 09:00:00+09:00,3730.744384765625,3764.139794859435,3730.744384765625,3749.827476247802,32500
2025-07-01 09:00:00+09:00,3683.036376953125,3711.661012007165,3673.494831935112,3711.661012007165,37700
2025-07-02 09:00:00+09:00,3692.578125,3702.1196705426355,3644.8703972868216,3673.4950339147285,63100
2025-07-03 09:00:00+09:00,3754.59814453125,3759.368917268901,3673.495007991185,3687.8073262041376,48500
2025-07-04 09:00:00+09:00,3730.744384765625,3764.139794859435,3716.4320661539923,3749.827476247802,27200
2025-07-07 09:00:00+09:00,3644.8701171875,3730.7440204720224,3635.3285723781087,3730.7440204720224,37200
2025-07-08 09:00:00+09:00,3692.578125,3692.578125,3649.6411700581393,3654.4119428294575,32700
2025-07-09 09:00:00+09:00,3721.20263671875,3749.827272385817,3692.578001051683,3692.578001051683,46400
2025-07-10 09:00:00+09:00,3668.72412109375,3721.202619574935,3659.1825759153526,3692.577984039743,46500
2025-07-11 09:00:00+09:00,3730.744384765625,3735.5151576361695,3687.8074289307265,3687.8074289307265,37900
2025-07-14 09:00:00+09:00,3754.59814453125,3768.910462744203,3730.7442808429955,3730.7442808429955,29900
2025-07-15 09:00:00+09:00,3711.6611328125,3754.5980867910507,3711.6611328125,3754.5980867910507,38400
2025-07-16 09:00:00+09:00,3687.807373046875,3735.51510102937,3683.0366002486253,3716.432009836372,45400
2025-07-17 09:00:00+09:00,3687.807373046875,3711.661237038122,3678.2658274503756,3687.807373046875,28000
2025-07-18 09:00:00+09:00,3692.578125,3721.202761627907,3692.578125,3697.3488977713178,22700
2025-07-22 09:00:00+09:00,3668.72412109375,3692.577984039743,3659.1825759153526,3673.4948936829487,33600
2025-07-23 09:00:00+09:00,3768.910400390625,3778.4519457080696,3711.6611284859573,3716.4319011446796,65100
2025-07-24 09:00:00+09:00,3811.847412109375,3826.159730302527,3768.91045752992,3768.91045752992,63600
2025-07-25 09:00:00+09:00,3792.76416015625,3816.618022798742,3783.2226150992533,3816.618022798742,36600
2025-07-28 09:00:00+09:00,3797.53515625,3816.618247487437,3778.452065012563,3787.9936106312816,42900
2025-07-29 09:00:00+09:00,3792.76416015625,3811.8472502702434,3764.1395249852594,3787.9933876277514,26100
2025-07-30 09:00:00+09:00,3816.6181640625,3826.1597094726562,3783.2227551269534,3787.9935278320313,48400
2025-07-31 09:00:00+09:00,4007.448974609375,4021.7612923758375,3759.3687999906997,3826.1596162341893,330600
2025-08-01 09:00:00+09:00,4179.19677734375,4183.967549920627,3988.365874268693,3993.1366468455694,317300
2025-08-04 09:00:00+09:00,4012.219970703125,4164.884702049736,4007.4491978485435,4112.406200649339,115000
2025-08-05 09:00:00+09:00,4016.990478515625,4074.2397489932823,4007.448933436015,4055.156658834063,81700
2025-08-06 09:00:00+09:00,4055.15673828125,4112.406009880515,4055.15673828125,4055.15673828125,59300
2025-08-07 09:00:00+09:00,4074.23974609375,4083.781291166569,4036.0735658024737,4064.698201020931,54100
2025-08-08 09:00:00+09:00,4117.1767578125,4117.1767578125,4036.073623533459,4036.073623533459,61600
2025-08-12 09:00:00+09:00,4112.40576171875,4174.425802208708,4112.40576171875,4150.571940481801,76700
2025-08-13 09:00:00+09:00,4098.09375,4126.71838620489,4083.781431897555,4112.406068102445,32400
2025-08-14 09:00:00+09:00,4088.552490234375,4121.947901473162,4050.386305961475,4098.094036302599,44000
2025-08-15 09:00:00+09:00,4083.78125,4102.864339953271,4059.9273875584113,4102.864339953271,26300
2025-08-18 09:00:00+09:00,4126.71826171875,4136.259806832551,4088.5520812635477,4117.176716604949,35000
2025-08-19 09:00:00+09:00,4226.904296875,4236.445841563205,4131.488849992946,4131.488849992946,171300
2025-08-20 09:00:00+09:00,4374.79833984375,4389.110657204198,4236.445938692748,4236.445938692748,126500
2025-08-21 09:00:00+09:00,4479.75537109375,4503.609233559638,4355.715286271133,4389.110693723376,152100
2025-08-22 09:00:00+09:00,4398.65234375,4489.297023284978,4350.944617678959,4479.75547807077,93900
2025-08-25 09:00:00+09:00,4546.5458984375,4575.170531586109,4412.964277077322,4427.276593651626,115800
2025-08-26 09:00:00+09:00,4584.71240234375,4627.649355123244,4532.233904502146,4556.087767157421,118000
2025-08-27 09:00:00+09:00,4737.37744140625,4766.002078514444,4613.337347270739,4618.108120122104,195700
2025-08-28 09:00:00+09:00,4594.25390625,4732.606308411215,4546.546181366823,4732.606308411215,132500
2025-08-29 09:00:00+09:00,4761.2314453125,4780.314537277681,4579.942071643287,4579.942071643287,163300
2025-09-01 09:00:00+09:00,4837.5634765625,4866.188112518491,4703.981842101208,4761.231114013191,121900
2025-09-02 09:00:00+09:00,4932.97900390625,4999.769822140957,4875.729731133644,4885.271276595745,163400
2025-09-03 09:00:00+09:00,4866.18798828125,5018.85270948223,4837.563353056066,4971.144984106923,117200
2025-09-04 09:00:00+09:00,4980.68701171875,5114.268655711207,4818.480729727909,4885.271551724138,149600
2025-09-05 09:00:00+09:00,5066.560546875,5085.643637447034,4999.769729872882,4999.769729872882,77200
2025-09-08 09:00:00+09:00,5114.2685546875,5152.434737931437,5066.5608256325795,5104.727008876516,84300
2025-09-09 09:00:00+09:00,5247.85009765625,5333.724008345171,5161.976186967329,5171.517732599432,196800
2025-09-10 09:00:00+09:00,5200.14208984375,5295.557541033543,5161.975909367832,5257.391360557626,75600
2025-09-11 09:00:00+09:00,5200.14208984375,5247.849815438647,5152.434364248853,5200.14208984375,63200
2025-09-12 09:00:00+09:00,5266.9326171875,5286.015706380208,5200.1418050130205,5238.3079833984375,88700
2025-09-16 09:00:00+09:00,5371.8896484375,5419.597371780639,5266.932657082593,5305.098835757105,109600
2025-09-17 09:00:00+09:00,5190.60107421875,5343.265811695772,5181.059528126436,5343.265811695772,83800
2025-09-18 09:00:00+09:00,5161.97607421875,5200.142255913528,5123.809892523972,5190.600710489834,72000
2025-09-19 09:00:00+09:00,5228.7666015625,5247.8496913492245,5181.058877095688,5219.225056669137,82100
2025-09-22 09:00:00+09:00,5161.97607421875,5200.142255913528,5085.643710829194,5200.142255913528,93700
2025-09-24 09:00:00+09:00,5057.01904296875,5161.976041973762,5047.477497604658,5152.43449660967,76600
2025-09-25 09:00:00+09:00,5018.8525390625,5066.560262817847,4971.144815307153,5057.018718066778,87300
2025-09-26 09:00:00+09:00,5037.93603515625,5057.019126198508,4999.7698530717325,5057.019126198508,56700
2025-09-29 09:00:00+09:00,5023.33349609375,5110.949778002361,4945.452356619428,5091.479493133781,61000
2025-09-30 09:00:00+09:00,4935.716796875,4994.12764654216,4877.30594720784,4994.12764654216,66100
2025-10-01 09:00:00+09:00,4857.8359375,4916.246790455912,4828.630511022044,4906.511648296593,68000
2025-10-02 09:00:00+09:00,5023.33349609375,5033.06863852804,4896.776644447977,4896.776644447977,65300
2025-10-03 09:00:00+09:00,5023.33349609375,5042.80378096233,4945.452356619428,5023.33349609375,43600
2025-10-06 09:00:00+09:00,4994.1279296875,5140.155062134502,4955.187361034966,5140.155062134502,80100
2025-10-07 09:00:00+09:00,5276.44677734375,5403.003618866755,5023.33309429774,5023.33309429774,233300
2025-10-08 09:00:00+09:00,5101.21435546875,5276.4469096642415,5101.21435546875,5256.976625864742,127400
2025-10-09 09:00:00+09:00,5101.21435546875,5198.565774466246,5081.744071669251,5110.9494973685,97200
2025-10-10 09:00:00+09:00,5013.59814453125,5072.008996700546,4955.187292361954,5042.803570615898,58700
2025-10-14 09:00:00+09:00,5110.94970703125,5169.360560825892,4925.982003348214,4964.922572544642,106800
2025-10-15 09:00:00+09:00,5159.62548828125,5208.301200434847,5140.155203419811,5140.155203419811,64600
2025-10-16 09:00:00+09:00,5042.8037109375,5198.565987723214,5042.8037109375,5149.890276227678,54600
2025-10-17 09:00:00+09:00,5072.0087890625,5072.0087890625,4984.392514395394,5023.333080914108,39100
2025-10-20 09:00:00+09:00,5081.744140625,5140.154992816092,5062.273856561303,5130.419850784244,35400
2025-10-21 09:00:00+09:00,5042.8037109375,5130.419991629464,5042.8037109375,5101.214564732142,23000
2025-10-22 09:00:00+09:00,5198.56591796875,5198.56591796875,5081.74421194698,5081.74421194698,74800
2025-10-23 09:00:00+09:00,5140.15478515625,5237.506201541785,5140.15478515625,5159.625068433357,39900
2025-10-24 09:00:00+09:00,5179.095703125,5198.565987723214,5149.890276227678,5149.890276227678,31800
2025-10-27 09:00:00+09:00,5383.53369140625,5412.739118303572,5237.506556919642,5247.24169921875,123400
2025-10-28 09:00:00+09:00,5227.771484375,5403.004048097067,5227.771484375,5393.268905668064,93100
2025-10-29 09:00:00+09:00,5159.62548828125,5218.036342865566,5159.62548828125,5208.301200434847,36500
2025-10-30 09:00:00+09:00,5256.9765625,5256.9765625,5169.360286458334,5169.360286458334,43300
2025-10-31 09:00:00+09:00,5364.0634765625,5490.620328096643,5120.684915919918,5247.241767454061,245000
2025-11-04 09:00:00+09:00,5607.44189453125,5724.263600667317,5344.593055725098,5364.063340081109,213300
2025-11-05 09:00:00+09:00,5490.6201171875,5510.090401291002,5305.652418204233,5412.7389807734935,124600
2025-11-06 09:00:00+09:00,5500.35546875,5519.8257535951325,5412.739186946903,5471.150041482301,68300
2025-11-07 09:00:00+09:00,5480.884765625,5539.295615702708,5422.473915547291,5500.3550489842355,43900
2025-11-10 09:00:00+09:00,5364.0634765625,5500.355470522346,5364.0634765625,5500.355470522346,37400
2025-11-11 09:00:00+09:00,5325.12255859375,5373.798267538848,5247.241424281593,5373.798267538848,33900
2025-11-12 09:00:00+09:00,5354.328125,5354.328125,5286.182130681818,5295.917272727273,29200
2025-11-13 09:00:00+09:00,5295.91748046875,5373.798619887408,5286.182338041417,5354.328335032744,52900
2025-11-14 09:00:00+09:00,5393.2685546875,5471.149689051218,5276.4468531419225,5295.917136732852,49200
2025-11-17 09:00:00+09:00,5568.5009765625,5568.5009765625,5383.533286781578,5383.533286781578,65400
2025-11-18 09:00:00+09:00,5461.41455078125,5568.50111060049,5461.41455078125,5568.50111060049,44200
2025-11-19 09:00:00+09:00,5412.73876953125,5490.6199029058,5373.798202843975,5461.414477890344,33300
2025-11-20 09:00:00+09:00,5461.41455078125,5519.825401591745,5432.209125376003,5432.209125376003,55200
2025-11-21 09:00:00+09:00,5529.560546875,5529.560546875,5432.209128796215,5432.209128796215,43500
2025-11-25 09:00:00+09:00,5597.70654296875,5646.382252038044,5549.030833899456,5626.911968410326,53600
2025-11-26 09:00:00+09:00,5636.64697265625,5675.587538961302,5578.236123198672,5626.911831079987,53900
2025-11-27 09:00:00+09:00,5714.5283203125,5733.998604197721,5636.647184771614,5695.058036427278,59400
2025-11-28 09:00:00+09:00,5821.61474609375,5889.760738104881,5733.998470650868,5733.998470650868,80500
2025-12-01 09:00:00+09:00,5753.46875,5899.495875634518,5733.998466582065,5870.290450507615,71800
2025-12-02 09:00:00+09:00,5772.93896484375,5880.0255223703625,5724.263256877108,5753.468681657093,48500
2025-12-03 09:00:00+09:00,5802.14453125,5811.879673080956,5763.203963926174,5782.674247588087,42100
2025-12-04 09:00:00+09:00,6006.58251953125,6006.58251953125,5870.290533674787,5880.025675521677,89100
2025-12-05 09:00:00+09:00,6055.25830078125,6133.1394364826165,6026.0528748932375,6026.0528748932375,129600
2025-12-08 09:00:00+09:00,6162.3447265625,6201.285293554995,6103.9338760737555,6172.079868310624,85700
2025-12-09 09:00:00+09:00,6279.16650390625,6298.636787639292,6162.344801507994,6162.344801507994,78500
2025-12-10 09:00:00+09:00,6240.22607421875,6357.047779196324,6240.22607421875,6327.8423529519305,100000
2025-12-11 09:00:00+09:00,6191.55029296875,6279.16657069944,6133.13944114829,6240.226002819133,61200
2025-12-12 09:00:00+09:00,6201.28564453125,6318.107352120535,6191.550502232142,6308.372209821428,50300
2025-12-15 09:00:00+09:00,6249.9609375,6279.166362441589,6201.285229264018,6220.755512558411,56300
2025-12-16 09:00:00+09:00,5889.7607421875,6230.490702479338,5889.7607421875,6230.490702479338,61700
2025-12-17 09:00:00+09:00,5850.8203125,5880.025738352745,5763.204034941764,5880.025738352745,45700
2025-12-18 09:00:00+09:00,5860.5556640625,5870.290806361607,5792.40966796875,5850.820521763392,32600
2025-12-19 09:00:00+09:00,5889.7607421875,5957.9067342458675,5880.025600464876,5909.231025632748,45800
2025-12-22 09:00:00+09:00,5928.70166015625,5977.377371651785,5870.290806361607,5928.70166015625,36600
2025-12-23 09:00:00+09:00,5977.376953125,5977.376953125,5899.4958201852605,5909.2309618027275,24300
2025-12-24 09:00:00+09:00,5967.64208984375,6006.5826581298425,5938.43666362918,5977.377231915273,34500
2025-12-25 09:00:00+09:00,5948.171875,5967.642159369885,5918.966448445171,5967.642159369885,22600
2025-12-26 09:00:00+09:00,5957.90673828125,5977.377021739686,5918.966171364379,5938.436454822815,23900
2025-12-29 09:00:00+09:00,5909.23095703125,5987.112089908103,5889.760673812037,5938.4363818600705,30900
2025-12-30 09:00:00+09:00,5938.4365234375,5987.112232646004,5889.7608142289955,5938.4365234375,23100
2026-01-05 09:00:00+09:00,5987.1123046875,6026.052872522866,5909.231169016768,5957.906878810975,41300
2026-01-06 09:00:00+09:00,6026.052734375,6055.258159581987,5996.8473091680125,6016.317592639337,34100
2026-01-07 09:00:00+09:00,6172.080078125,6181.815220204061,6045.523231097201,6084.463799413446,40700
2026-01-08 09:00:00+09:00,6347.3125,6454.399060582822,6230.490797546013,6230.490797546013,186700
2026-01-09 09:00:00+09:00,6483.6044921875,6580.955910989113,6415.45849902637,6425.193640906531,125000
2026-01-13 09:00:00+09:00,6639.36669921875,6717.247833520436,6532.280139553932,6580.9558484924855,135900
2026-01-14 09:00:00+09:00,6629.6318359375,6658.837262527533,6483.604702987334,6639.366978134178,67400
2026-01-15 09:00:00+09:00,6610.16162109375,6639.367047991071,6542.015625,6639.367047991071,31600
2026-01-16 09:00:00+09:00,6503.07470703125,6600.426124801179,6454.3989981462855,6580.955841247193,47500
2026-01-19 09:00:00+09:00,6571.220703125,6590.690986689815,6444.663859953704,6483.604427083334,33600
2026-01-20 09:00:00+09:00,6551.75048828125,6629.631623357402,6512.809920743174,6619.896481472882,44800
2026-01-21 09:00:00+09:00,6580.9560546875,6619.896623058432,6434.928923296505,6454.399207481971,50500
2026-01-22 09:00:00+09:00,6814.599609375,6814.599609375,6629.631905691964,6639.367047991071,49000
2026-01-23 09:00:00+09:00,6688.04248046875,6746.453331826556,6649.101912896879,6736.718189933588,54100
2026-01-26 09:00:00+09:00,6522.544921875,6610.161196944962,6493.3394968516795,6590.690913596082,34800
2026-01-27 09:00:00+09:00,6551.75048828125,6590.691055819326,6483.604495089618,6522.545062627693,24100
2026-01-28 09:00:00+09:00,6522.544921875,6580.955771921642,6493.3394968516795,6561.485488572761,34900
2026-01-29 09:00:00+09:00,6629.6318359375,6668.57240472421,6512.810129577368,6571.220982757433,53000
2026-01-30 09:00:00+09:00,6707.5126953125,6863.2749639990025,6561.485568418904,6678.307269933781,136100
2026-02-02 09:00:00+09:00,6717.248046875,7135.859157042572,6707.512904778079,6892.480604619565,143000
2026-02-03 09:00:00+09:00,6970.36181640625,7009.302385212989,6746.453545767502,6814.599541179295,60100
2026-02-04 09:00:00+09:00,6980.0966796875,7028.772388750872,6882.745261560756,7019.037246938197,54900
2026-02-05 09:00:00+09:00,6980.0966796875,7096.918381439592,6970.361537874825,6980.0966796875,48900
2026-02-06 09:00:00+09:00,7184.53466796875,7194.269809795266,7038.507540571011,7057.977824224044,80000
2026-02-09 09:00:00+09:00,7165.064453125,7330.561865765116,7106.6536016049595,7330.561865765116,45000
2026-02-10 09:00:00+09:00,7379.23779296875,7379.23779296875,7184.534948827094,7204.00523324126,53800
2026-02-12 09:00:00+09:00,7447.3837890625,7515.529784517974,7311.091798151552,7388.972935814951,63400
2026-02-13 09:00:00+09:00,7281.88623046875,7447.3836447975855,7252.680804410721,7408.443076720213,37400
2026-02-16 09:00:00+09:00,7427.91357421875,7525.264997209821,7281.886439732142,7427.91357421875,70100
2026-02-17 09:00:00+09:00,7340.296875,7476.588859416445,7281.886024535809,7408.442867208222,36300
2026-02-18 09:00:00+09:00,7408.44287109375,7408.44287109375,7262.415744856686,7340.2968788497865,26600
2026-02-19 09:00:00+09:00,7496.0595703125,7496.0595703125,7398.708147321428,7457.119001116071,36800
2026-02-20 09:00:00+09:00,7447.3837890625,7525.2649267258985,7340.297224775327,7496.059500102124,40500
2026-02-24 09:00:00+09:00,7564.20556640625,7622.616420200892,7476.589285714285,7476.589285714285,69100
2026-02-25 09:00:00+09:00,7418.17822265625,7554.470210999016,7388.9727965828,7554.470210999016,56500
2026-02-26 09:00:00+09:00,7320.82666015625,7486.324071356591,7320.82666015625,7418.178078509392,66500
2026-02-27 09:00:00+09:00,7447.3837890625,7457.118931270425,7204.005233864379,7252.680944904003,56700
2026-03-02 09:00:00+09:00,7622.6162109375,7622.6162109375,7252.680813727251,7447.383654364225,88500
2026-03-03 09:00:00+09:00,7262.416015625,7534.99999476374,7223.475447176609,7534.99999476374,110400
2026-03-04 09:00:00+09:00,7067.712890625,7252.680583354855,6882.745197895145,7116.388599238119,98300
2026-03-05 09:00:00+09:00,7301.3564453125,7311.091587239583,7067.7130390625,7067.7130390625,99500
2026-03-06 09:00:00+09:00,6911.95068359375,7116.388661559199,6824.334407322844,7096.918377943442,92500
2026-03-09 09:00:00+09:00,6746.45361328125,6804.864467075892,6542.015625,6571.221051897321,78500
2026-03-10 09:00:00+09:00,6931.4208984375,6989.831748705232,6765.923489345594,6843.804623035902,59400
2026-03-11 09:00:00+09:00,7057.97802734375,7126.1240220905165,6931.421179956897,6931.421179956897,48000
2026-03-12 09:00:00+09:00,6950.8916015625,7038.507882254464,6902.215890066964,7019.03759765625,52800
2026-03-13 09:00:00+09:00,6882.74560546875,6960.626743861607,6824.334751674107,6824.334751674107,38700
2026-03-16 09:00:00+09:00,7223.4755859375,7242.945870535714,6921.686174665178,6931.421316964285,119000
2026-03-17 09:00:00+09:00,7398.7080078125,7632.3514185855265,7194.270023386102,7252.680876079358,180900
2026-03-18 09:00:00+09:00,7739.43798828125,7788.113698899371,7496.059435190645,7544.735145808766,117000
2026-03-19 09:00:00+09:00,7466.85400390625,7778.378551657228,7457.118861789032,7651.821704133393,72600
2026-03-23 09:00:00+09:00,6989.83203125,7301.35657860376,6931.42117862117,7301.35657860376,81400
2026-03-24 09:00:00+09:00,7262.416015625,7398.70800519437,7165.064594504021,7262.416015625,76700
2026-03-25 09:00:00+09:00,7388.97265625,7486.324074645916,7320.826663372859,7369.502372570817,46000
2026-03-26 09:00:00+09:00,7496.0595703125,7496.0595703125,7359.767578125,7408.443289620535,60200
2026-03-27 09:00:00+09:00,7535.0,7554.470284237726,7379.237726098191,7476.589147286822,64000
2026-03-30 09:00:00+09:00,7440.0,7440.0,7250.0,7280.0,52100
2026-03-31 09:00:00+09:00,7290.0,7420.0,7230.0,7290.0,46800
2026-04-01 09:00:00+09:00,7540.0,7540.0,7330.0,7490.0,62400
2026-04-02 09:00:00+09:00,7560.0,7770.0,7550.0,7610.0,58700
2026-04-03 09:00:00+09:00,7550.0,7610.0,7500.0,7590.0,23400
2026-04-06 09:00:00+09:00,7610.0,7670.0,7550.0,7550.0,27000
2026-04-07 09:00:00+09:00,7730.0,7730.0,7580.0,7630.0,35200
2026-04-08 09:00:00+09:00,7550.0,7880.0,7520.0,7840.0,65600
2026-04-09 09:00:00+09:00,7520.0,7700.0,7500.0,7700.0,60700
2026-04-10 09:00:00+09:00,7500.0,7680.0,7460.0,7560.0,50600
2026-04-13 09:00:00+09:00,7480.0,7560.0,7420.0,7500.0,26200
2026-04-14 09:00:00+09:00,7490.0,7560.0,7450.0,7450.0,27900
2026-04-15 09:00:00+09:00,7540.0,7550.0,7430.0,7520.0,30800
2026-04-16 09:00:00+09:00,7500.0,7590.0,7470.0,7540.0,36200
2026-04-17 09:00:00+09:00,7380.0,7550.0,7360.0,7450.0,39600
2026-04-20 09:00:00+09:00,7100.0,7360.0,7080.0,7340.0,40200
2026-04-21 09:00:00+09:00,7080.0,7150.0,6980.0,7100.0,37800
2026-04-22 09:00:00+09:00,6920.0,7120.0,6920.0,7120.0,30700
2026-04-23 09:00:00+09:00,7070.0,7070.0,6870.0,6870.0,36900
2026-04-24 09:00:00+09:00,7070.0,7200.0,7050.0,7080.0,35300
2026-04-27 09:00:00+09:00,7090.0,7140.0,6940.0,7070.0,51700
2026-04-28 09:00:00+09:00,6960.0,7040.0,6910.0,7000.0,42800
2026-04-30 09:00:00+09:00,7600.0,7680.0,6600.0,6800.0,300500
2026-05-01 09:00:00+09:00,7850.0,7920.0,7350.0,7600.0,162000
2026-05-07 09:00:00+09:00,8350.0,8460.0,7960.0,8000.0,179800
2026-05-08 09:00:00+09:00,8010.0,8270.0,7900.0,8240.0,85400
2026-05-11 09:00:00+09:00,8160.0,8270.0,8010.0,8030.0,65700
2026-05-12 09:00:00+09:00,8010.0,8330.0,8010.0,8120.0,69100
2026-05-13 09:00:00+09:00,8080.0,8240.0,8000.0,8010.0,63500
2026-05-14 09:00:00+09:00,7950.0,8110.0,7950.0,8100.0,51700
2026-05-15 09:00:00+09:00,7940.0,8000.0,7860.0,7890.0,50500
2026-05-18 09:00:00+09:00,7670.0,7940.0,7670.0,7940.0,53300
2026-05-19 09:00:00+09:00,7890.0,7940.0,7680.0,7750.0,64000
2026-05-20 09:00:00+09:00,7840.0,7880.0,7700.0,7870.0,58100
2026-05-21 09:00:00+09:00,7870.0,7900.0,7750.0,7870.0,41700
2026-05-22 09:00:00+09:00,7560.0,7910.0,7490.0,7840.0,71400
2026-05-25 09:00:00+09:00,7710.0,7760.0,7560.0,7560.0,36200
2026-05-26 09:00:00+09:00,7750.0,7790.0,7620.0,7670.0,41900
2026-05-27 09:00:00+09:00,7730.0,7940.0,7680.0,7820.0,61300
2026-05-28 09:00:00+09:00,7920.0,8110.0,7660.0,7660.0,92500
2026-05-29 09:00:00+09:00,7820.0,7950.0,7710.0,7950.0,73700
2026-06-01 09:00:00+09:00,7690.0,7740.0,7570.0,7720.0,59100
2026-06-02 09:00:00+09:00,7690.0,7800.0,7450.0,7540.0,61900
2026-06-03 09:00:00+09:00,7450.0,7650.0,7430.0,7650.0,67800
2026-06-04 09:00:00+09:00,7270.0,7460.0,7220.0,7420.0,53800
2026-06-05 09:00:00+09:00,7490.0,7530.0,7350.0,7390.0,61200
2026-06-08 09:00:00+09:00,7290.0,7480.0,7230.0,7340.0,55400
2026-06-09 09:00:00+09:00,7200.0,7440.0,7200.0,7390.0,52900
2026-06-10 09:00:00+09:00,7010.0,7190.0,6920.0,7190.0,66200
2026-06-11 09:00:00+09:00,7090.0,7130.0,6860.0,6940.0,61900
2026-06-12 09:00:00+09:00,7060.0,7180.0,6980.0,7180.0,49400
2026-06-15 09:00:00+09:00,7190.0,7340.0,7140.0,7190.0,53400
2026-06-16 09:00:00+09:00,7200.0,7300.0,7140.0,7290.0,53700
2026-06-17 09:00:00+09:00,7020.0,7150.0,7000.0,7110.0,42400
2026-06-18 09:00:00+09:00,6980.0,7060.0,6940.0,7030.0,49300
2026-06-19 09:00:00+09:00,6870.0,7000.0,6840.0,7000.0,46400
2026-06-22 09:00:00+09:00,6820.0,6880.0,6800.0,6860.0,43000
2026-06-23 09:00:00+09:00,6800.0,6880.0,6720.0,6820.0,70800
2026-06-24 09:00:00+09:00,6740.0,6820.0,6720.0,6770.0,37000
2026-06-25 09:00:00+09:00,6710.0,6850.0,6680.0,6840.0,49600
2026-06-26 09:00:00+09:00,6660.0,6680.0,6580.0,6620.0,56700
2026-06-29 09:00:00+09:00,6520.0,6720.0,6490.0,6690.0,57600
2026-06-30 09:00:00+09:00,6430.0,6680.0,6430.0,6600.0,68600
2026-07-01 09:00:00+09:00,6410.0,6480.0,6400.0,6440.0,45700
2026-07-02 09:00:00+09:00,6410.0,6530.0,6370.0,6490.0,51400
2026-07-03 09:00:00+09:00,6690.0,6700.0,6500.0,6540.0,59700
2026-07-06 09:00:00+09:00,6820.0,6930.0,6710.0,6710.0,58800
2026-07-07 09:00:00+09:00,6650.0,6920.0,6620.0,6890.0,41500
2026-07-08 09:00:00+09:00,6860.0,6990.0,6740.0,6750.0,86000
2026-07-09 09:00:00+09:00,6820.0,6950.0,6760.0,6760.0,45600
2026-07-10 09:00:00+09:00,6710.0,6910.0,6710.0,6910.0,38300
2026-07-13 09:00:00+09:00,6900.0,7070.0,6870.0,6890.0,89500
2026-07-14 09:00:00+09:00,7150.0,7150.0,6920.0,6950.0,59500
2026-07-15 09:00:00+09:00,7120.0,7240.0,7030.0,7220.0,52500
2026-07-16 09:00:00+09:00,7040.0,7110.0,7010.0,7110.0,28400
2026-07-17 09:00:00+09:00,7010.0,7120.0,6920.0,7040.0,42600
2026-07-21 09:00:00+09:00,7130.0,7130.0,7000.0,7010.0,31500
2026-07-22 09:00:00+09:00,7220.0,7220.0,7110.0,7200.0,35800
2026-07-23 09:00:00+09:00,7300.0,7380.0,7210.0,7220.0,64900
2026-07-24 09:00:00+09:00,7360.0,7370.0,7200.0,7200.0,27900
2026-07-27 09:00:00+09:00,7530.0,7550.0,7410.0,7440.0,73200
2026-07-28 09:00:00+09:00,7500.0,7570.0,7400.0,7430.0,50300
2026-07-29 09:00:00+09:00,7600.0,7650.0,7430.0,7550.0,69100
2026-07-30 09:00:00+09:00,7740.0,7800.0,7540.0,7600.0,87500
2026-07-31 09:00:00+09:00,8040.0,8180.0,7570.0,7740.0,191800
2026-08-03 09:00:00+09:00,9540.0,9540.0,9540.0,9540.0,26100
2026-08-04 09:00:00+09:00,10420.0,10520.0,10420.0,10470.0,636700
2026-08-05 09:00:00+09:00,10410.0,10440.0,10380.0,10410.0,598300
2026-08-06 09:00:00+09:00,10440.0,10450.0,10410.0,10420.0,162000
2026-08-07 09:00:00+09:00,10450.0,10490.0,10440.0,10440.0,203500
2026-08-10 09:00:00+09:00,10450.0,10460.0,10430.0,10450.0,120200
2026-08-12 09:00:00+09:00,10430.0,10460.0,10430.0,10450.0,136700
2026-08-13 09:00:00+09:00,10420.0,10450.0,10420.0,10440.0,110800
2026-08-14 09:00:00+09:00,10440.0,10460.0,10430.0,10430.0,140700
2026-08-17 09:00:00+09:00,10440.0,10450.0,10440.0,10450.0,99300
2026-08-18 09:00:00+09:00,10450.0,10450.0,10440.0,10450.0,105400
2026-08-19 09:00:00+09:00,10440.0,10450.0,10440.0,10440.0,95000
2026-08-20 09:00:00+09:00,10450.0,10450.0,10440.0,10450.0,110500
2026-08-21 09:00:00+09:00,10440.0,10460.0,10440.0,10450.0,61700
2026-08-24 09:00:00+09:00,10480.0,10480.0,10440.0,10440.0,179300
2026-08-25 09:00:00+09:00,10470.0,10480.0,10460.0,10470.0,136800
2026-08-26 09:00:00+09:00,10470.0,10480.0,10460.0,10480.0,127100
2026-08-27 09:00:00+09:00,10470.0,10480.0,10470.0,10470.0,49400
2026-08-28 09:00:00+09:00,10480.0,10490.0,10470.0,10470.0,281500
2026-08-31 09:00:00+09:00,10510.0,10510.0,10470.0,10480.0,155500
2026-09-01 09:00:00+09:00,10490.0,10500.0,10480.0,10490.0,155900
