Date,Close,High,Low,Open,Volume
2019-08-29 09:00:00+09:00,1479.21142578125,1494.260255367295,1464.162596195205,1487.178453209156,119200
2019-08-30 09:00:00+09:00,1503.9976806640625,1511.0794825741934,1490.719302082567,1505.7681311415952,220400
2019-09-02 09:00:00+09:00,1486.29296875,1504.8826961733175,1478.3259427114353,1503.1122459425253,147400
2019-09-03 09:00:00+09:00,1491.6046142578125,1494.2602901288947,1472.1296578698768,1481.8671360638446,132700
2019-09-04 09:00:00+09:00,1459.736328125,1483.6374080882354,1454.4249770220588,1483.6374080882354,235400
2019-09-05 09:00:00+09:00,1495.1456298828125,1513.735362403558,1474.7854466458057,1476.555897362067,303900
2019-09-06 09:00:00+09:00,1493.3751220703125,1504.883051286029,1488.948995448883,1500.4569246645997,180800
2019-09-09 09:00:00+09:00,1521.7021484375,1523.4725988719822,1497.8010675719895,1497.8010675719895,172100
2019-09-10 09:00:00+09:00,1528.783935546875,1537.6361876345813,1514.620332206545,1519.9316834591687,213400
2019-09-11 09:00:00+09:00,1544.718017578125,1548.2589184780174,1515.5055851540114,1523.4726121787696,308500
2019-09-12 09:00:00+09:00,1545.6033935546875,1564.1931250922867,1536.751140441545,1549.1442947999444,371200
2019-09-13 09:00:00+09:00,1582.78271484375,1586.3236157718122,1551.7998317232068,1556.2259578832845,449300
2019-09-17 09:00:00+09:00,1585.438720703125,1594.2909748667382,1561.5376344613692,1572.160339457705,280900
2019-09-18 09:00:00+09:00,1573.04541015625,1597.831719376495,1561.537480875422,1594.290818059317,295900
2019-09-19 09:00:00+09:00,1592.5203857421875,1609.339667192494,1584.5533576867792,1590.7499350632079,420200
2019-09-20 09:00:00+09:00,1585.438720703125,1611.9954831939644,1573.9307902904277,1608.4545815285194,379400
2019-09-24 09:00:00+09:00,1602.257568359375,1619.076846701269,1596.9462173040401,1597.8314424799294,294700
2019-09-25 09:00:00+09:00,1611.1099853515625,1612.8804358849159,1584.553227351262,1603.1429579514722,281100
2019-09-26 09:00:00+09:00,1594.2906494140625,1636.7814607254868,1588.0940727644797,1635.8962354898322,391900
2019-09-27 09:00:00+09:00,1563.082763671875,1615.6907973607742,1539.8995623852413,1605.8825198933525,360400
2019-09-30 09:00:00+09:00,1558.6243896484375,1565.7576820495744,1530.0912200438893,1545.2494663963055,256000
2019-10-01 09:00:00+09:00,1585.374267578125,1590.7242369850253,1567.5410362217906,1570.2160209252409,238200
2019-10-02 09:00:00+09:00,1577.3492431640625,1591.615827613257,1571.1076124675399,1577.3492431640625,253500
2019-10-03 09:00:00+09:00,1539.007568359375,1549.7075051034726,1522.9576632432286,1543.4658753360823,289400
2019-10-04 09:00:00+09:00,1552.382568359375,1552.382568359375,1529.1993708996715,1533.6576781034605,202100
2019-10-07 09:00:00+09:00,1560.40771484375,1563.0826994977679,1546.1411300223215,1546.1411300223215,139700
2019-10-08 09:00:00+09:00,1559.5159912109375,1579.1325445595028,1549.707714536655,1566.6492833376885,268500
2019-10-09 09:00:00+09:00,1551.4910888671875,1555.9493965938175,1530.9828733246902,1546.1411195952317,331700
2019-10-10 09:00:00+09:00,1543.466064453125,1555.0576640128538,1514.0412348015057,1547.9243719760977,249200
2019-10-11 09:00:00+09:00,1552.382568359375,1563.082505648469,1549.7075840371015,1558.6241984446797,180300
2019-10-15 09:00:00+09:00,1571.107666015625,1593.3992049772542,1565.757696664834,1587.157574067998,218100
2019-10-16 09:00:00+09:00,1591.615966796875,1610.3408605238972,1586.265997160583,1603.2075676755078,228800
2019-10-17 09:00:00+09:00,1555.0577392578125,1584.4825703332183,1555.0577392578125,1584.4825703332183,211400
2019-10-18 09:00:00+09:00,1539.899169921875,1565.757349382057,1533.6575403970035,1560.4073812178815,257200
2019-10-21 09:00:00+09:00,1518.499755859375,1540.7912966089254,1513.149786079483,1540.7912966089254,266600
2019-10-23 09:00:00+09:00,1512.2576904296875,1524.7409496667249,1501.5577539407982,1524.7409496667249,319000
2019-10-24 09:00:00+09:00,1529.19970703125,1533.6580152150145,1514.9331208432034,1522.9580755739796,255500
2019-10-25 09:00:00+09:00,1537.2242431640625,1538.115904558009,1516.716031103289,1526.5243064367025,213000
2019-10-28 09:00:00+09:00,1536.3328857421875,1550.5994708680582,1530.091254749619,1543.4661783051229,234600
2019-10-29 09:00:00+09:00,1560.40771484375,1567.5410072544644,1551.4910993303572,1555.9494070870535,333200
2019-10-30 09:00:00+09:00,1580.024169921875,1583.59081590364,1554.1659865540792,1556.8409710404028,693000
2019-10-31 09:00:00+09:00,1554.1658935546875,1584.4823825855879,1542.5742948075786,1582.6990597014174,334600
2019-11-01 09:00:00+09:00,1558.6243896484375,1560.4077127487217,1538.1161739951685,1538.1161739951685,206000
2019-11-05 09:00:00+09:00,1601.4241943359375,1608.5574869610418,1577.34933172621,1588.9409322420047,438900
2019-11-06 09:00:00+09:00,1580.024169921875,1607.6656762805535,1580.024169921875,1605.882353289671,296100
2019-11-07 09:00:00+09:00,1568.4326171875,1585.3741861053866,1556.8410174015776,1564.865971099524,267600
2019-11-08 09:00:00+09:00,1541.6826171875,1608.5572246421343,1536.3326485911293,1569.3241216020822,495800
2019-11-11 09:00:00+09:00,1556.8409423828125,1583.5907867536512,1556.8409423828125,1562.1909112569804,379200
2019-11-12 09:00:00+09:00,1561.299560546875,1574.6744853945067,1547.9246356992433,1557.7329139208398,340700
2019-11-13 09:00:00+09:00,1532.76611328125,1571.1075576507053,1531.8744517842858,1561.2992811841004,303500
2019-11-14 09:00:00+09:00,1551.4910888671875,1557.7327196844694,1541.682811868602,1544.3577965045797,489900
2019-11-15 09:00:00+09:00,1553.2744140625,1567.5409988070467,1550.5994294228976,1550.5994294228976,163000
2019-11-18 09:00:00+09:00,1532.76611328125,1545.2493742387471,1528.3078057964296,1543.4660512448188,179700
2019-11-19 09:00:00+09:00,1564.8660888671875,1568.43273522358,1516.7163630558894,1522.9579941795762,431800
2019-11-20 09:00:00+09:00,1614.7989501953125,1625.498888021013,1569.324214436085,1572.8908603779853,523200
2019-11-21 09:00:00+09:00,1598.7490234375,1614.7989299750766,1585.3741013228528,1603.207330809049,564700
2019-11-22 09:00:00+09:00,1593.39892578125,1616.5821222391753,1592.5072643790222,1596.9655713901616,385400
2019-11-25 09:00:00+09:00,1588.9407958984375,1604.0990414260882,1586.265811393558,1600.5323954195821,189200
2019-11-26 09:00:00+09:00,1578.2408447265625,1585.374136680129,1562.1909378310381,1582.6991521975415,613600
2019-11-27 09:00:00+09:00,1588.9407958984375,1594.2907649081965,1572.8908888691603,1583.5908268886785,372600
2019-11-28 09:00:00+09:00,1580.9158935546875,1594.290816512003,1575.5659243717612,1593.3991549815153,217100
2019-11-29 09:00:00+09:00,1560.40771484375,1586.2658998325892,1560.40771484375,1586.2658998325892,179200
2019-12-02 09:00:00+09:00,1560.40771484375,1585.37423828125,1560.40771484375,1560.40771484375,161900
2019-12-03 09:00:00+09:00,1523.8494873046875,1536.3327481720166,1522.957825814164,1535.441086681493,287900
2019-12-04 09:00:00+09:00,1522.0662841796875,1529.1995766655912,1515.8246532545218,1519.3912994974737,221300
2019-12-05 09:00:00+09:00,1526.5245361328125,1531.8745053015023,1507.7996440423983,1516.716259323548,336900
2019-12-06 09:00:00+09:00,1542.5745849609375,1547.9245546197615,1537.2246153021133,1541.6829233511335,363200
2019-12-09 09:00:00+09:00,1557.732666015625,1559.5159890448358,1544.3577432965442,1553.274358442598,204700
2019-12-10 09:00:00+09:00,1570.2158203125,1573.7824661280877,1559.5158828657368,1563.9741901352213,313400
2019-12-11 09:00:00+09:00,1579.132568359375,1585.3741990643528,1568.4326300079847,1573.7825991836798,347300
2019-12-12 09:00:00+09:00,1573.782470703125,1581.8074238115262,1568.4325019641908,1579.132439442059,290400
2019-12-13 09:00:00+09:00,1573.782470703125,1596.0740071153505,1571.1074863336578,1590.7240383764163,537800
2019-12-16 09:00:00+09:00,1618.365478515625,1624.6071084603134,1594.2906201575413,1595.1822815782111,731700
2019-12-17 09:00:00+09:00,1703.96533203125,1711.9902864992152,1646.898989147943,1646.898989147943,882600
2019-12-18 09:00:00+09:00,1710.206787109375,1718.2317407506598,1696.8318643739,1711.9901101407715,498200
2019-12-19 09:00:00+09:00,1703.96533203125,1722.6902257898353,1695.940377563285,1718.231917752077,381900
2019-12-20 09:00:00+09:00,1677.2154541015625,1704.856963446139,1671.8654845509993,1703.9653018543784,444900
2019-12-23 09:00:00+09:00,1653.1405029296875,1686.131980064746,1653.1405029296875,1679.8903492554105,268600
2019-12-24 09:00:00+09:00,1663.8404541015625,1676.3237158150791,1654.923838591908,1676.3237158150791,266800
2019-12-25 09:00:00+09:00,1663.8404541015625,1681.6736851208718,1658.4904847957698,1681.6736851208718,154500
2019-12-26 09:00:00+09:00,1674.5404052734375,1674.5404052734375,1657.5988356780192,1658.4904972356728,131500
2019-12-27 09:00:00+09:00,1695.048583984375,1701.290214751282,1687.915291679338,1687.915291679338,159400
2019-12-30 09:00:00+09:00,1663.8404541015625,1681.6736851208718,1662.948792550597,1676.3237158150791,212200
2020-01-06 09:00:00+09:00,1625.4989013671875,1639.765485251924,1621.0405939032073,1628.1738858455756,345700
2020-01-07 09:00:00+09:00,1655.8153076171875,1656.7069690644773,1623.7154955147541,1624.607156962044,223800
2020-01-08 09:00:00+09:00,1649.5736083984375,1651.3569312183276,1629.0653959697001,1642.4403171188767,440800
2020-01-09 09:00:00+09:00,1683.4566650390625,1694.1566014693956,1657.5984853324244,1658.4901467016189,389700
2020-01-10 09:00:00+09:00,1670.0821533203125,1684.3487387197385,1647.7906136337092,1671.8654764952407,446500
2020-01-14 09:00:00+09:00,1689.698486328125,1702.181746913135,1675.4319028023995,1675.4319028023995,610100
2020-01-15 09:00:00+09:00,1675.4320068359375,1678.1069914131103,1659.3820993729003,1670.0820376815916,541500
2020-01-16 09:00:00+09:00,1672.757080078125,1674.5404031912149,1662.9488029561319,1672.757080078125,249000
2020-01-17 09:00:00+09:00,1695.9400634765625,1703.965016458313,1685.240126167562,1685.240126167562,741400
2020-01-20 09:00:00+09:00,1698.615234375,1706.640188238189,1688.8069574311025,1700.3985574557087,242000
2020-01-21 09:00:00+09:00,1710.206787109375,1718.2317407506598,1700.3985104366934,1704.8568180151851,446900
2020-01-22 09:00:00+09:00,1734.28173828125,1734.28173828125,1714.6651839150868,1717.3401686013817,560600
2020-01-23 09:00:00+09:00,1719.1234130859375,1733.3899974268995,1706.6401517875956,1726.2567052564186,600800
2020-01-24 09:00:00+09:00,1691.481689453125,1715.55654744745,1684.3483981955474,1715.55654744745,520300
2020-01-27 09:00:00+09:00,1665.623779296875,1673.6487332656502,1653.1405175676693,1655.8155022239278,389100
2020-01-28 09:00:00+09:00,1667.406982421875,1678.9985817649147,1659.3820290305396,1669.1903053977271,521000
2020-01-29 09:00:00+09:00,1730.7149658203125,1741.4149037851985,1694.1568444402853,1694.1568444402853,1147300
2020-01-30 09:00:00+09:00,1735.17333984375,1759.2482011879338,1720.0150938122272,1748.5482628127409,578900
2020-01-31 09:00:00+09:00,1707.53173828125,1738.739890155842,1701.2901079063315,1738.739890155842,492000
2020-02-03 09:00:00+09:00,1678.10693359375,1685.2402255537659,1664.7320111687202,1671.865303128736,402500
2020-02-04 09:00:00+09:00,1708.42333984375,1711.0983241963236,1670.973558907718,1686.1318035723023,317200
2020-02-05 09:00:00+09:00,1705.7484130859375,1715.556689376552,1701.2901056811127,1708.4233975288323,287200
2020-02-06 09:00:00+09:00,1741.4149169921875,1745.8732245113688,1721.7983639077902,1726.2566714269713,336800
2020-02-07 09:00:00+09:00,1874.2723388671875,1946.4969151984158,1845.7391729091712,1946.4969151984158,1318600
2020-02-10 09:00:00+09:00,1837.7142333984375,1851.980816481589,1827.905957528771,1829.6892804141648,837300
2020-02-12 09:00:00+09:00,1810.0728759765625,1840.3893674953817,1798.4812762781905,1837.7143829496035,611500
2020-02-13 09:00:00+09:00,1761.923095703125,1801.1562010730327,1758.3564497604061,1793.1312477019153,542900
2020-02-14 09:00:00+09:00,1735.17333984375,1753.8982320003374,1728.0400475936217,1753.8982320003374,489600
2020-02-17 09:00:00+09:00,1736.06494140625,1738.7399259076462,1711.098419393217,1720.0150343978717,350000
2020-02-18 09:00:00+09:00,1714.6651611328125,1732.498392137834,1711.0985149318083,1719.1234688840677,371900
2020-02-19 09:00:00+09:00,1688.806884765625,1703.9651302994241,1683.456915753696,1701.2901457934597,817000
2020-02-20 09:00:00+09:00,1692.37353515625,1707.5317807293038,1685.2402431218718,1689.6985506433582,882500
2020-02-21 09:00:00+09:00,1697.7236328125,1703.965263815487,1687.0236939502363,1690.5903402376575,532300
2020-02-25 09:00:00+09:00,1627.2823486328125,1647.7905645333904,1624.6073639501283,1637.090625802654,647100
2020-02-26 09:00:00+09:00,1615.6905517578125,1620.1488590198373,1590.724031090473,1604.9906143289527,442200
2020-02-27 09:00:00+09:00,1572.890869140625,1602.3156983252286,1566.6492387075273,1598.7490523634583,386000
2020-02-28 09:00:00+09:00,1501.5579833984375,1544.3577358943548,1488.1830607434633,1537.224443811702,865500
2020-03-02 09:00:00+09:00,1526.5245361328125,1538.116135998307,1484.6164443114094,1492.641398064444,534200
2020-03-03 09:00:00+09:00,1533.6575927734375,1562.1907572901528,1527.415963035406,1546.1408522495005,701700
2020-03-04 09:00:00+09:00,1510.4747314453125,1525.6329784550942,1498.8831307907735,1515.8247009781767,559300
2020-03-05 09:00:00+09:00,1518.499755859375,1531.8746803091053,1514.0414477094648,1528.3080337891772,579900
2020-03-06 09:00:00+09:00,1500.6661376953125,1506.9077675015317,1483.7245710784314,1485.5078938802083,668400
2020-03-09 09:00:00+09:00,1399.016845703125,1443.5999191799613,1374.0503245560967,1432.8999815455206,951600
2020-03-10 09:00:00+09:00,1427.5501708984375,1436.4667865817507,1344.6256450436251,1395.4503544385102,698800
2020-03-11 09:00:00+09:00,1414.1751708984375,1450.7332932230504,1412.3918478582125,1427.5500937001252,527700
2020-03-12 09:00:00+09:00,1341.05908203125,1391.8837945816365,1320.5508646863573,1384.7505015921085,763600
2020-03-13 09:00:00+09:00,1287.55908203125,1319.6588929406164,1196.6096177880454,1278.6424678897592,1050700
2020-03-16 09:00:00+09:00,1263.484375,1333.9256351446718,1262.5927134791814,1300.042497353564,670600
2020-03-17 09:00:00+09:00,1247.434326171875,1256.3509403689577,1150.243231423673,1195.717963828795,1653900
2020-03-18 09:00:00+09:00,1121.7100830078125,1259.02594372578,1112.793468675477,1232.2761007287734,1511600
2020-03-19 09:00:00+09:00,1162.7265625,1179.6681305118864,1098.5269363496932,1139.5433641679447,897000
2020-03-23 09:00:00+09:00,1223.3594970703125,1237.6260801265262,1169.8598106095117,1189.4763623118054,775900
2020-03-24 09:00:00+09:00,1261.701171875,1269.7261263250882,1227.8180308635158,1250.1095710026502,403400
2020-03-25 09:00:00+09:00,1350.8671875,1350.8671875,1288.4508818069307,1329.4673112623764,539900
2020-03-26 09:00:00+09:00,1369.592041015625,1376.7253328959148,1318.7673363685608,1359.7837646802268,356300
2020-03-27 09:00:00+09:00,1479.2666015625,1483.7249095840868,1415.9586276559673,1417.7419508646021,700900
2020-03-30 09:00:00+09:00,1463.9512939453125,1476.5637974008414,1396.3843111478366,1445.0325387620192,472300
2020-03-31 09:00:00+09:00,1354.943115234375,1455.843134453956,1353.1413291768824,1391.8797294129718,572100
2020-04-01 09:00:00+09:00,1355.843994140625,1408.996682283015,1330.6189895984737,1374.7627475472384,440700
2020-04-02 09:00:00+09:00,1296.3851318359375,1327.0154963129507,1290.0788803259643,1319.808351730124,374500
2020-04-03 09:00:00+09:00,1270.2591552734375,1408.9966800337988,1252.241294914949,1370.2582802630486,360500
2020-04-06 09:00:00+09:00,1338.72705078125,1355.8440184561111,1276.5654313304383,1297.2859711473754,490200
2020-04-07 09:00:00+09:00,1400.888916015625,1411.6996343385752,1345.9344312072951,1365.754081466037,580400
2020-04-08 09:00:00+09:00,1445.032470703125,1452.23961519541,1387.3753147648458,1436.9244331493046,729400
2020-04-09 09:00:00+09:00,1450.437744140625,1460.347567237238,1407.1948797190412,1445.93327909671,649100
2020-04-10 09:00:00+09:00,1483.77099609375,1489.1763549137636,1435.122766713627,1461.2486676770263,559100
2020-04-13 09:00:00+09:00,1450.437744140625,1464.852032281153,1445.032386087927,1464.852032281153,287000
2020-04-14 09:00:00+09:00,1461.24853515625,1468.455679595985,1427.915492122476,1450.4378184966477,423300
2020-04-15 09:00:00+09:00,1440.528076171875,1447.7352210182635,1406.2941381515302,1436.9245037486808,372000
2020-04-16 09:00:00+09:00,1418.9066162109375,1420.708402390253,1386.474464983259,1406.2941129557291,506700
2020-04-17 09:00:00+09:00,1465.7530517578125,1474.7619826229497,1427.0146490377228,1454.942334719648,425300
2020-04-20 09:00:00+09:00,1440.528076171875,1456.7441520762488,1425.2128933732997,1451.3387934414575,277300
2020-04-21 09:00:00+09:00,1418.005859375,1432.420150194568,1407.195141260324,1430.6183638421219,334800
2020-04-22 09:00:00+09:00,1407.195068359375,1412.6004271366837,1381.0691676023828,1399.9879233229633,332100
2020-04-23 09:00:00+09:00,1439.627197265625,1440.5280903803093,1396.384327760775,1399.9879002195125,282900
2020-04-24 09:00:00+09:00,1450.437744140625,1455.8431021933231,1413.501130780522,1435.1225629913142,340600
2020-04-27 09:00:00+09:00,1470.2574462890625,1485.5726280212402,1463.0503019445084,1469.3565532459934,289500
2020-04-28 09:00:00+09:00,1490.9779052734375,1500.8877282087897,1454.0412925143978,1470.2573664086103,351700
2020-04-30 09:00:00+09:00,1517.1038818359375,1543.2297800385754,1515.302095752997,1534.2208496238727,446300
2020-05-01 09:00:00+09:00,1481.0682373046875,1514.4012815749268,1473.8610925976086,1500.8878852491541,302700
2020-05-07 09:00:00+09:00,1484.671875,1499.9870581765776,1468.4557986953882,1478.3656231037621,356000
2020-05-08 09:00:00+09:00,1499.086181640625,1509.8968992966873,1485.5727845705474,1508.9960061586821,446600
2020-05-11 09:00:00+09:00,1510.7977294921875,1516.2030880950217,1497.2843329851016,1510.7977294921875,336200
2020-05-12 09:00:00+09:00,1490.9779052734375,1500.8877282087897,1481.0680823380853,1500.8877282087897,362800
2020-05-13 09:00:00+09:00,1463.9512939453125,1469.3566525691106,1443.2307525540866,1444.1316456580528,492700
2020-05-14 09:00:00+09:00,1428.81640625,1461.2485567071249,1426.1137270452396,1436.924443864281,418900
2020-05-15 09:00:00+09:00,1369.3572998046875,1378.3662294086657,1340.5287250719573,1367.555513883892,650400
2020-05-18 09:00:00+09:00,1449.5367431640625,1455.8429937558267,1382.870665479699,1382.870665479699,686500
2020-05-19 09:00:00+09:00,1501.78857421875,1508.9957179462544,1472.959999308732,1480.1671430362364,457500
2020-05-20 09:00:00+09:00,1531.5184326171875,1534.221112204159,1510.7978891170726,1511.6987823127297,463100
2020-05-21 09:00:00+09:00,1495.4822998046875,1517.1037306452372,1483.770691432723,1507.1939081766518,414000
2020-05-22 09:00:00+09:00,1466.654052734375,1489.176381554006,1441.4290444563883,1487.3745952484355,476100
2020-05-25 09:00:00+09:00,1474.7618408203125,1482.8698778193245,1462.1493388218491,1479.2663058197636,307200
2020-05-26 09:00:00+09:00,1506.2930908203125,1507.1939838172145,1463.9511199659137,1472.0591569380326,511600
2020-05-27 09:00:00+09:00,1552.239013671875,1559.4461594115007,1489.1764884501506,1495.482740972323,554400
2020-05-28 09:00:00+09:00,1538.7254638671875,1567.554043986479,1523.410280678814,1553.1397539268332,412600
2020-05-29 09:00:00+09:00,1525.2122802734375,1540.5274656040035,1508.996201688132,1511.6988814523497,440300
2020-06-01 09:00:00+09:00,1530.6171875,1555.8421911786345,1519.8064716377282,1526.1127225573869,269300
2020-06-02 09:00:00+09:00,1543.2296142578125,1557.6439013728884,1527.9144341980443,1535.1215777555824,336200
2020-06-03 09:00:00+09:00,1533.31982421875,1542.328753855758,1507.193928271427,1507.193928271427,497700
2020-06-04 09:00:00+09:00,1545.0316162109375,1561.2476914831223,1528.8155409387527,1553.1396538470299,562100
2020-06-05 09:00:00+09:00,1525.2122802734375,1533.3203195660901,1511.6988814523497,1532.419426311351,412000
2020-06-08 09:00:00+09:00,1612.5985107421875,1617.1029758559926,1541.4279619440686,1542.3288549668296,623800
2020-06-09 09:00:00+09:00,1640.526123046875,1648.6341598988365,1618.9046914416444,1630.616300227811,528000
2020-06-10 09:00:00+09:00,1621.6072998046875,1627.012657470703,1608.9947985839842,1620.7064068603515,379300
2020-06-11 09:00:00+09:00,1592.77880859375,1605.3913104717549,1581.0671997070312,1587.3734506460337,484400
2020-06-12 09:00:00+09:00,1558.5450439453125,1575.6620126360413,1535.1218236316834,1575.6620126360413,663500
2020-06-15 09:00:00+09:00,1506.2930908203125,1574.7609585848722,1506.2930908203125,1563.950242622047,289300
2020-06-16 09:00:00+09:00,1600.8870849609375,1607.1933368431696,1544.130818020848,1558.5451080373787,422200
2020-06-17 09:00:00+09:00,1590.0762939453125,1599.0852247891953,1576.5628976794883,1582.8691492702064,318000
2020-06-18 09:00:00+09:00,1604.4906005859375,1611.6977453387099,1562.1486251634,1589.1754179862962,214700
2020-06-19 09:00:00+09:00,1593.679931640625,1630.616549615337,1593.679931640625,1621.6076184019926,593400
2020-06-22 09:00:00+09:00,1590.0762939453125,1608.0941556330781,1579.2655769326532,1580.1664700170415,171700
2020-06-23 09:00:00+09:00,1601.787841796875,1613.4994514388093,1579.2655155623856,1598.1842695993566,164800
2020-06-24 09:00:00+09:00,1583.7701416015625,1597.2835387142038,1566.6531719255502,1597.2835387142038,306700
2020-06-25 09:00:00+09:00,1566.653076171875,1582.8691517159198,1562.1486107429737,1573.8602208581171,323800
2020-06-26 09:00:00+09:00,1597.283447265625,1599.986126533418,1569.3557614984313,1577.46379930181,321900
2020-06-29 09:00:00+09:00,1545.0316162109375,1566.653049907184,1534.2208993628144,1560.3467984124454,282700
2020-06-30 09:00:00+09:00,1550.4368896484375,1580.1663593511676,1548.635103605848,1578.364573308578,337100
2020-07-01 09:00:00+09:00,1523.41015625,1560.3467715109402,1521.6083701397104,1554.0405201249262,217800
2020-07-02 09:00:00+09:00,1535.1217041015625,1550.4368854218246,1521.6083088189782,1522.5092018378173,228800
2020-07-03 09:00:00+09:00,1511.6986083984375,1530.6173633307183,1494.5816396501834,1517.1039669505176,272700
2020-07-06 09:00:00+09:00,1499.9869384765625,1512.5994412625516,1475.6628259607264,1477.4646120730106,387300
2020-07-07 09:00:00+09:00,1487.37451171875,1494.5816565362848,1473.8611151858722,1486.473618616558,442000
2020-07-08 09:00:00+09:00,1489.17626953125,1517.1039551667423,1480.1673386810912,1484.6718041061706,391500
2020-07-09 09:00:00+09:00,1488.275390625,1503.5905732161775,1472.059314940224,1484.6718182506054,272300
2020-07-10 09:00:00+09:00,1453.1405029296875,1493.6806905501687,1451.3387168132217,1488.2753322007711,239000
2020-07-13 09:00:00+09:00,1505.3922119140625,1523.410072020754,1485.572565796702,1485.572565796702,241200
2020-07-14 09:00:00+09:00,1490.9779052734375,1506.2930861735272,1487.374333296946,1497.284156232298,231400
2020-07-15 09:00:00+09:00,1501.78857421875,1524.3108983672014,1491.8787515934312,1510.7975038781306,209500
2020-07-16 09:00:00+09:00,1516.2030029296875,1540.5271152761532,1516.2030029296875,1520.707468179033,222800
2020-07-17 09:00:00+09:00,1508.9959716796875,1513.500437266791,1497.2843611532182,1508.9959716796875,141900
2020-07-20 09:00:00+09:00,1514.4012451171875,1514.4012451171875,1489.1762392496794,1508.9958867170074,122300
2020-07-21 09:00:00+09:00,1490.9779052734375,1499.9868352146668,1480.1671893439625,1499.9868352146668,236300
2020-07-22 09:00:00+09:00,1488.275390625,1510.7977179649668,1488.275390625,1490.978069905796,131100
2020-07-27 09:00:00+09:00,1484.671875,1484.671875,1445.032577366505,1463.0504399271845,320500
2020-07-28 09:00:00+09:00,1494.581787109375,1512.59965072733,1479.2666030341134,1493.6808939284774,259300
2020-07-29 09:00:00+09:00,1479.266357421875,1494.5815389542572,1471.1583201400254,1484.6717156097745,159700
2020-07-30 09:00:00+09:00,1480.1673583984375,1502.689685823855,1480.1673583984375,1496.383434144738,247900
2020-07-31 09:00:00+09:00,1434.2218017578125,1477.4646701525203,1434.2218017578125,1470.257525420069,219400
2020-08-03 09:00:00+09:00,1454.9422607421875,1478.3654798005757,1451.3386885793586,1461.248512027138,183500
2020-08-04 09:00:00+09:00,1494.581787109375,1508.996078003739,1480.167496215011,1480.167496215011,162300
2020-08-05 09:00:00+09:00,1530.6171875,1530.6171875,1485.572538073867,1506.2930768098881,348200
2020-08-06 09:00:00+09:00,1529.71630859375,1546.833275533256,1519.8064856287729,1532.4189875841985,251100
2020-08-07 09:00:00+09:00,1534.220703125,1556.7430270111568,1525.2117735705372,1547.734097456694,322800
2020-08-11 09:00:00+09:00,1577.4638671875,1584.6710122117718,1544.1308214502428,1552.2388596025485,245400
2020-08-12 09:00:00+09:00,1589.17529296875,1594.5806511080993,1551.3377859933034,1571.1574325042516,277400
2020-08-13 09:00:00+09:00,1602.688720703125,1614.4003302417088,1582.8690737916754,1599.085148537407,271900
2020-08-14 09:00:00+09:00,1583.7701416015625,1602.6888975592603,1577.4638896156632,1602.6888975592603,255800
2020-08-17 09:00:00+09:00,1579.265625,1597.2834872361666,1569.3558007701083,1576.562945664575,153100
2020-08-18 09:00:00+09:00,1597.283447265625,1610.7968436045896,1586.4727301944533,1593.6798749085676,349300
2020-08-19 09:00:00+09:00,1626.1119384765625,1627.0128315172697,1586.472644685444,1595.4815750925166,247200
2020-08-20 09:00:00+09:00,1636.9227294921875,1647.7334464728735,1609.895937040473,1613.499509367368,204100
2020-08-21 09:00:00+09:00,1612.5985107421875,1648.6342316526275,1609.8958316739045,1638.7244084022564,225700
2020-08-24 09:00:00+09:00,1588.2745361328125,1610.7968636446221,1581.9682844295057,1608.094184343205,190000
2020-08-25 09:00:00+09:00,1644.1298828125,1653.138813677226,1626.112021083048,1632.4182726883562,248700
2020-08-26 09:00:00+09:00,1640.526123046875,1645.9314809481828,1632.4180861949135,1639.6252300633237,137400
2020-08-27 09:00:00+09:00,1646.832275390625,1662.147455194586,1639.625131953467,1648.6340612499146,91000
2020-08-28 09:00:00+09:00,1631.5174560546875,1672.958539974354,1610.7969140948544,1655.8415705292743,318500
2020-08-31 09:00:00+09:00,1650.4361572265625,1665.75133990825,1650.4361572265625,1656.742408919022,195800
2020-09-01 09:00:00+09:00,1618.9046630859375,1637.8234154091454,1608.0939474726758,1637.8234154091454,188700
2020-09-02 09:00:00+09:00,1602.688720703125,1611.6976511174203,1590.0762181231116,1594.5806833302593,183800
2020-09-03 09:00:00+09:00,1619.8056640625,1636.021738563682,1606.2922686448485,1629.7154873687778,188800
2020-09-04 09:00:00+09:00,1589.17529296875,1599.986009247449,1579.265469713276,1589.17529296875,180800
2020-09-07 09:00:00+09:00,1581.0672607421875,1597.2833352113382,1573.860116533676,1577.463688637932,241100
2020-09-08 09:00:00+09:00,1599.986083984375,1606.2923354415207,1554.0405376537426,1554.0405376537426,295100
2020-09-09 09:00:00+09:00,1579.265625,1583.7700905590416,1554.941510981175,1566.6531214346833,305400
2020-09-10 09:00:00+09:00,1620.7066650390625,1624.3102373904558,1590.0763000522209,1594.5807654914624,234000
2020-09-11 09:00:00+09:00,1635.1209716796875,1646.8325819451618,1620.7066821221806,1631.5173992903108,333500
2020-09-14 09:00:00+09:00,1664.850341796875,1672.958379175756,1638.7244435760367,1639.6253366181345,164100
2020-09-15 09:00:00+09:00,1659.4449462890625,1675.6610206827668,1648.634230026593,1675.6610206827668,109000
2020-09-16 09:00:00+09:00,1654.9405517578125,1668.453947662204,1646.8325142151775,1651.3369795166413,151200
2020-09-17 09:00:00+09:00,1672.95849609375,1679.2647478291601,1657.6433133077546,1664.850458148223,138200
2020-09-18 09:00:00+09:00,1731.5164794921875,1734.2191587005518,1684.6700398805363,1689.1745052278104,411800
2020-09-23 09:00:00+09:00,1639.6253662109375,1672.0575163118133,1628.8146495106457,1659.445013494806,525800
2020-09-24 09:00:00+09:00,1606.292236328125,1645.0306357460215,1600.886878269814,1639.6252776877104,351600
2020-09-25 09:00:00+09:00,1602.688720703125,1623.409260656004,1594.5806833302593,1623.409260656004,385500
2020-09-28 09:00:00+09:00,1668.453857421875,1668.453857421875,1622.5083138319637,1628.814564912932,419500
2020-09-29 09:00:00+09:00,1679.3529052734375,1696.609641455263,1654.830174909791,1671.1786618188887,139500
2020-09-30 09:00:00+09:00,1640.29833984375,1689.3438051546927,1638.48184112853,1689.3438051546927,220300
2020-10-02 09:00:00+09:00,1626.6746826171875,1656.6469129501675,1616.6839391728608,1646.6561695058408,203100
2020-10-05 09:00:00+09:00,1676.628173828125,1680.261170954513,1640.2982025642436,1652.105443225005,277300
2020-10-06 09:00:00+09:00,1679.3529052734375,1691.160145818897,1675.719908182527,1679.3529052734375,340800
2020-10-07 09:00:00+09:00,1648.4725341796875,1689.3437540353823,1637.573542218169,1689.3437540353823,533900
2020-10-08 09:00:00+09:00,1674.8115234375,1682.98576623085,1647.5640474596664,1647.5640474596664,166300
2020-10-09 09:00:00+09:00,1638.4818115234375,1683.8942785833997,1623.9498220642495,1683.8942785833997,262500
2020-10-12 09:00:00+09:00,1631.2156982421875,1643.0229388196644,1617.5919591143295,1642.1146895444738,62200
2020-10-13 09:00:00+09:00,1614.8673095703125,1643.9312881452563,1599.4270709523737,1642.1147894843223,170400
2020-10-14 09:00:00+09:00,1586.7115478515625,1614.8672765197928,1583.9867999159271,1614.8672765197928,229200
2020-10-15 09:00:00+09:00,1565.8216552734375,1589.4361349933386,1559.4639107334642,1583.0783904533653,230200
2020-10-16 09:00:00+09:00,1562.188720703125,1571.2712132653526,1552.1979788846747,1559.4639729344567,180900
2020-10-19 09:00:00+09:00,1590.3447265625,1590.3447265625,1570.3632394212236,1575.8127359142989,190100
2020-10-20 09:00:00+09:00,1578.5372314453125,1592.160970496912,1567.638240204033,1567.638240204033,231700
2020-10-21 09:00:00+09:00,1582.1702880859375,1598.5187755632894,1574.904293651559,1580.3537894773428,227700
2020-10-22 09:00:00+09:00,1560.3721923828125,1567.6381862937917,1550.3814507552158,1562.1886908605572,157600
2020-10-23 09:00:00+09:00,1567.6383056640625,1577.6290480524199,1559.4640618917701,1567.6383056640625,136200
2020-10-26 09:00:00+09:00,1562.188720703125,1585.8032013649165,1556.7392251657886,1562.188720703125,192300
2020-10-27 09:00:00+09:00,1544.0240478515625,1544.9322972914752,1524.0425601734835,1541.2992995318243,189900
2020-10-28 09:00:00+09:00,1526.76708984375,1531.308336392958,1514.0515995059675,1527.6753391535915,152700
2020-10-29 09:00:00+09:00,1515.8681640625,1525.8589069053326,1502.2444238222738,1503.1526731716222,159300
2020-10-30 09:00:00+09:00,1458.648681640625,1513.1436510668002,1452.2909352075712,1513.1436510668002,303100
2020-11-02 09:00:00+09:00,1495.88671875,1512.235207479508,1474.0887337773224,1474.0887337773224,181200
2020-11-04 09:00:00+09:00,1478.6300048828125,1517.6847285990048,1461.373266496588,1508.6022347115181,387000
2020-11-05 09:00:00+09:00,1487.7122802734375,1494.978274316287,1452.290559314546,1461.373051868108,297600
2020-11-06 09:00:00+09:00,1500.427978515625,1524.9507118206625,1482.262990882264,1498.611479752289,404900
2020-11-09 09:00:00+09:00,1501.336181640625,1529.4919116048472,1492.253688103779,1526.7671635437935,271700
2020-11-10 09:00:00+09:00,1579.445556640625,1580.3538059543919,1525.8588471283783,1537.666088207348,399500
2020-11-11 09:00:00+09:00,1654.8302001953125,1667.5456902077904,1613.0507330114572,1652.105452335496,558500
2020-11-12 09:00:00+09:00,1647.5640869140625,1673.903314323383,1633.0320993778855,1657.554828345184,273300
2020-11-13 09:00:00+09:00,1605.78466796875,1624.8579021471119,1596.7021755028634,1623.0414036539344,194300
2020-11-16 09:00:00+09:00,1642.1148681640625,1653.9221100258617,1600.3353969607733,1622.1333819364024,350600
2020-11-17 09:00:00+09:00,1679.3529052734375,1679.3529052734375,1632.1239430915994,1656.6466734552462,420500
2020-11-18 09:00:00+09:00,1676.628173828125,1693.8849101784685,1660.2796867593784,1687.5271652072893,541900
2020-11-19 09:00:00+09:00,1638.4818115234375,1662.0962943946179,1625.766320746648,1658.4632970298208,267100
2020-11-20 09:00:00+09:00,1630.3076171875,1630.3076171875,1605.7848842270196,1621.2251234984333,255400
2020-11-24 09:00:00+09:00,1663.912841796875,1682.077829152736,1654.8303481189444,1672.9953354748054,291400
2020-11-25 09:00:00+09:00,1663.0045166015625,1703.8757362886572,1659.371519296043,1703.8757362886572,165000
2020-11-26 09:00:00+09:00,1694.7930908203125,1699.3343370443756,1644.8393823556196,1653.013625558933,234500
2020-11-27 09:00:00+09:00,1733.847900390625,1748.3798890790745,1691.1601836183047,1698.4261779625294,311400
2020-11-30 09:00:00+09:00,1697.517822265625,1733.8477917095122,1697.517822265625,1733.8477917095122,267400
2020-12-01 09:00:00+09:00,1696.60986328125,1703.8758584130753,1677.536626060208,1697.5181126727282,192200
2020-12-02 09:00:00+09:00,1714.7745361328125,1730.2147729518051,1692.0683055166471,1717.4992838067524,299600
2020-12-03 09:00:00+09:00,1737.480712890625,1756.5539460169728,1713.8662337818137,1745.6549556590599,364600
2020-12-04 09:00:00+09:00,1734.7559814453125,1760.1869591837778,1728.3982370106962,1737.4807290601482,251500
2020-12-07 09:00:00+09:00,1715.6829833984375,1737.4809673060936,1710.2334874215235,1737.4809673060936,178800
2020-12-08 09:00:00+09:00,1708.4168701171875,1721.1323598469273,1700.2426267194976,1712.0498671828275,133400
2020-12-09 09:00:00+09:00,1725.673828125,1727.4903268914475,1695.7015984786185,1700.2428453947368,213900
2020-12-10 09:00:00+09:00,1756.5540771484375,1761.0953234699175,1719.3158573123021,1723.857103633782,167000
2020-12-11 09:00:00+09:00,1763.820068359375,1778.3520565641895,1741.113836789352,1771.0860624617824,181100
2020-12-14 09:00:00+09:00,1784.7100830078125,1797.4255746933643,1762.0038478550414,1771.0863419161499,193900
2020-12-15 09:00:00+09:00,1769.269775390625,1803.783251501941,1762.912029791172,1769.269775390625,139500
2020-12-16 09:00:00+09:00,1744.7469482421875,1787.4346663928293,1744.7469482421875,1784.7099184257672,111600
2020-12-17 09:00:00+09:00,1714.7745361328125,1750.1962558940306,1714.7745361328125,1749.288006669384,162500
2020-12-18 09:00:00+09:00,1735.6644287109375,1738.3891766367003,1706.6004508361339,1710.2334480704842,176200
2020-12-21 09:00:00+09:00,1712.958251953125,1744.746978792128,1702.0592598940384,1730.2149893800124,154000
2020-12-22 09:00:00+09:00,1715.6829833984375,1732.0314713291796,1682.9860075369531,1692.0685008318098,185300
2020-12-23 09:00:00+09:00,1672.9951171875,1709.3250871589985,1668.4538709410629,1702.9673424139862,210100
2020-12-24 09:00:00+09:00,1624.8580322265625,1629.3992788230594,1600.3353006054797,1600.3353006054797,1064600
2020-12-25 09:00:00+09:00,1651.1973876953125,1661.1881309651963,1619.4086591093192,1623.041656662004,686000
2020-12-28 09:00:00+09:00,1644.839599609375,1675.7200780117598,1633.9406072320628,1668.4540830935516,222800
2020-12-29 09:00:00+09:00,1674.8115234375,1676.6280218360223,1651.197044256711,1666.63728064415,274900
2020-12-30 09:00:00+09:00,1645.7476806640625,1660.279669014297,1624.8579474106002,1655.7384226548488,315700
2021-01-04 09:00:00+09:00,1603.06005859375,1643.0230288929708,1567.6383349194405,1643.0230288929708,336700
2021-01-05 09:00:00+09:00,1633.9405517578125,1635.7570504256921,1587.6198357268795,1590.344583728699,326500
2021-01-06 09:00:00+09:00,1662.09619140625,1682.0776756745217,1628.4909678641563,1639.3899592832138,432700
2021-01-07 09:00:00+09:00,1722.0406494140625,1728.3983944277222,1680.261182181443,1693.8849214964275,394200
2021-01-08 09:00:00+09:00,1731.1231689453125,1733.8479168502631,1699.334443387555,1708.4169364040572,277400
2021-01-12 09:00:00+09:00,1746.5635986328125,1749.2883468366078,1705.6923755758824,1749.2883468366078,317400
2021-01-13 09:00:00+09:00,1750.1964111328125,1758.3706548796704,1726.5819291974449,1740.2056687755417,384200
2021-01-14 09:00:00+09:00,1762.0037841796875,1778.3522728988805,1730.2150561145902,1743.8387967139176,303000
2021-01-15 09:00:00+09:00,1742.9305419921875,1774.7192699597365,1742.9305419921875,1768.3615243662266,317500
2021-01-18 09:00:00+09:00,1724.7652587890625,1738.3889970101452,1716.591015856413,1729.3065048627566,153300
2021-01-19 09:00:00+09:00,1726.5819091796875,1741.1138978945087,1712.9581697595427,1732.9396542424217,192600
2021-01-20 09:00:00+09:00,1766.5447998046875,1772.9025445854757,1726.5818326111626,1734.7560759007472,266300
2021-01-21 09:00:00+09:00,1755.64599609375,1796.5172169029681,1753.8294973911181,1771.0862350661214,207300
2021-01-22 09:00:00+09:00,1762.911865234375,1770.1778595269434,1734.756137350673,1735.664386637244,245000
2021-01-25 09:00:00+09:00,1748.3798828125,1771.086115056818,1739.2973899147726,1762.9118714488636,165700
2021-01-26 09:00:00+09:00,1766.5447998046875,1766.5447998046875,1736.5725744095437,1745.6550669535268,289500
2021-01-27 09:00:00+09:00,1790.1595458984375,1796.5172916220747,1767.4533111711614,1778.352303840254,577900
2021-01-28 09:00:00+09:00,1768.3614501953125,1788.342935508254,1756.554208874029,1766.5449515304997,1351300
2021-01-29 09:00:00+09:00,1850.1038818359375,1861.9111231044044,1771.9944395983869,1771.9944395983869,628200
2021-02-01 09:00:00+09:00,1806.5079345703125,1879.16788166213,1783.8017011041195,1832.8471653910965,434300
2021-02-02 09:00:00+09:00,1866.452392578125,1866.452392578125,1802.8749388163396,1815.5904295686967,311100
2021-02-03 09:00:00+09:00,1903.69091796875,1903.69091796875,1871.9021860370199,1874.626934488311,226800
2021-02-04 09:00:00+09:00,1898.2412109375,1947.2866776315789,1888.2504677220395,1907.3237047697369,386200
2021-02-05 09:00:00+09:00,2078.98291015625,2096.239649034786,1931.8465049813647,1979.9837239583333,746800
2021-02-08 09:00:00+09:00,2015.4051513671875,2090.789841571548,2006.3226585714813,2033.5701369585997,600100
2021-02-09 09:00:00+09:00,1895.5162353515625,1945.4699454350969,1882.8007455121174,1905.5069773682694,1239200
2021-02-10 09:00:00+09:00,1910.956787109375,1925.4887778858722,1862.819567662228,1895.5165469093467,1160700
2021-02-12 09:00:00+09:00,1929.12158203125,1942.7453220173466,1911.8648447155279,1923.6720860368116,371100
2021-02-15 09:00:00+09:00,1920.9476318359375,1949.1033654467715,1910.0486381801306,1939.1126212622821,316800
2021-02-16 09:00:00+09:00,1863.7276611328125,1920.947370027241,1853.7369183099759,1920.947370027241,494200
2021-02-17 09:00:00+09:00,1824.6729736328125,1888.2504291600883,1819.2234774447602,1866.4524444078793,400100
2021-02-18 09:00:00+09:00,1827.3974609375,1861.0026826346607,1816.4984701167991,1824.672713232325,535500
2021-02-19 09:00:00+09:00,1843.74609375,1851.012088208128,1814.6821159174876,1817.4068638392857,355300
2021-02-22 09:00:00+09:00,1864.6357421875,1885.5254752952994,1851.0120032041525,1851.0120032041525,251400
2021-02-24 09:00:00+09:00,1818.315185546875,1863.7276527183753,1811.957440142865,1858.2781566577953,285000
2021-02-25 09:00:00+09:00,1841.0213623046875,1856.4616006663944,1807.4161376350905,1820.1316280506137,437500
2021-02-26 09:00:00+09:00,1764.728515625,1830.122469883878,1763.8202662602932,1816.4987294132784,396600
2021-03-01 09:00:00+09:00,1832.8470458984375,1832.8470458984375,1785.6180833678534,1795.6088254416309,286100
2021-03-02 09:00:00+09:00,1798.3336181640625,1832.847091643979,1783.8016293304136,1831.938842341876,252000
2021-03-03 09:00:00+09:00,1822.8563232421875,1823.7645725312968,1781.985105232273,1809.2325839055493,283700
2021-03-04 09:00:00+09:00,1825.5811767578125,1827.3976754411535,1791.975951116002,1797.4254471660254,176000
2021-03-05 09:00:00+09:00,1922.7637939453125,1929.1215391307717,1838.2966079099256,1858.2780927785118,718400
2021-03-08 09:00:00+09:00,1955.4605712890625,1979.9833002369512,1943.653331425264,1944.5615806455562,368800
2021-03-09 09:00:00+09:00,1995.4237060546875,2004.5061990271713,1932.7545045445493,1968.176227137236,447300
2021-03-10 09:00:00+09:00,1956.369384765625,1983.6168692331128,1952.7363868366267,1978.1673723396152,377500
2021-03-11 09:00:00+09:00,1996.331787109375,2009.9555254199486,1956.3688213983594,1980.8915503573917,307900
2021-03-12 09:00:00+09:00,1996.331787109375,2004.506030095719,1945.4698307499004,1991.7905410058506,364900
2021-03-15 09:00:00+09:00,2014.4969482421875,2025.395939846744,1984.5247213296573,2019.9464440444658,237400
2021-03-16 09:00:00+09:00,2039.9278564453125,2040.8361057135428,2008.1391320572511,2028.1206159583182,253900
2021-03-17 09:00:00+09:00,2075.349609375,2075.349609375,2023.5794003008752,2036.2948902489059,249000
2021-03-18 09:00:00+09:00,2126.21142578125,2132.5691703265165,2079.89071552288,2083.5237124058895,333600
2021-03-19 09:00:00+09:00,2168.899169921875,2243.3756070799964,2126.2114559410006,2148.917686781891,676100
2021-03-22 09:00:00+09:00,2160.7255859375,2196.1473168545085,2153.45958985196,2178.8905761513506,314400
2021-03-23 09:00:00+09:00,2107.13818359375,2156.1836413153287,2102.5969375084187,2156.1836413153287,260800
2021-03-24 09:00:00+09:00,2034.4783935546875,2086.248602676392,2025.3959007263184,2070.808364868164,326600
2021-03-25 09:00:00+09:00,2061.72607421875,2072.6250666815804,2022.6713512269412,2026.3043487145512,282800
2021-03-26 09:00:00+09:00,2093.5146484375,2118.9456289825107,2081.7074074701736,2088.065152606426,314500
2021-03-29 09:00:00+09:00,2061.72607421875,2113.4962884171946,2035.3868424335767,2110.7715403014868,447200
2021-03-30 09:00:00+09:00,2037.0404052734375,2070.869173224567,1992.2401450138332,2070.869173224567,256600
2021-03-31 09:00:00+09:00,1985.83935546875,2030.6395987551075,1983.0964834308097,2016.010947886093,225000
2021-04-01 09:00:00+09:00,1988.5828857421875,2013.268742254849,1971.2113570851293,1996.8115045797413,221700
2021-04-02 09:00:00+09:00,1988.5828857421875,2016.9259061826508,1974.868521012931,2011.4401602909481,95900
2021-04-05 09:00:00+09:00,1982.1829833984375,1996.811640102485,1968.468617738393,1996.811640102485,110900
2021-04-06 09:00:00+09:00,1977.6109619140625,2004.1253945980698,1952.9251107944694,1986.753869736134,254600
2021-04-07 09:00:00+09:00,2030.639892578125,2031.5541833897314,1985.8396428094045,1992.2396784906502,264900
2021-04-08 09:00:00+09:00,2012.3546142578125,2037.9547638258355,2005.040285809806,2031.5547264338297,215900
2021-04-09 09:00:00+09:00,2014.1829833984375,2061.7261132834665,2012.3544014797826,2042.5260031375894,219500
2021-04-12 09:00:00+09:00,2005.0400390625,2015.0972394408345,1976.6970198144663,2015.0972394408345,161100
2021-04-13 09:00:00+09:00,2028.8115234375,2048.0116324921137,2016.0114507344242,2016.0114507344242,129600
2021-04-14 09:00:00+09:00,2003.21142578125,2013.2686260019684,1983.0970253398134,2013.2686260019684,163400
2021-04-15 09:00:00+09:00,2026.068603515625,2049.8401665532633,2012.3542402246799,2026.982894401688,134200
2021-04-16 09:00:00+09:00,2034.29736328125,2046.183145628511,2005.9543438377807,2023.325871883778,99000
2021-04-19 09:00:00+09:00,2021.497314453125,2037.9545517485371,2013.268695805419,2037.9545517485371,120300
2021-04-20 09:00:00+09:00,1989.4969482421875,2000.4684387655818,1973.9540033340454,1995.8969843808343,172200
2021-04-21 09:00:00+09:00,1954.7537841796875,1956.582365829996,1930.067931900524,1944.6965851029913,159900
2021-04-22 09:00:00+09:00,1996.811279296875,2002.2970245696686,1971.2111346905049,1995.896988418076,216400
2021-04-23 09:00:00+09:00,1973.0396728515625,1997.725526033672,1961.153891689806,1983.0968722961254,160200
2021-04-26 09:00:00+09:00,1944.696533203125,1981.268165233273,1941.0393700001102,1969.382384823475,106600
2021-04-27 09:00:00+09:00,1952.9251708984375,1961.153788191549,1933.7250638811777,1944.6965536053262,129900
2021-04-28 09:00:00+09:00,1945.611328125,1959.3256936897908,1944.6970370873473,1952.9256564262218,145200
2021-04-30 09:00:00+09:00,1945.611328125,1965.72573095336,1942.8684550120417,1962.068566802749,199600
2021-05-06 09:00:00+09:00,1973.9542236328125,2003.2115349603948,1945.6112032842173,1955.6684040530738,224700
2021-05-07 09:00:00+09:00,1977.6109619140625,1994.9824867759983,1972.1252172208196,1984.0109973895126,184100
2021-05-10 09:00:00+09:00,1997.725341796875,2008.6968310882078,1958.410838502932,1973.9537816656537,131200
2021-05-11 09:00:00+09:00,1932.811279296875,1984.9258691360055,1922.7540777489726,1952.9256823926796,229600
2021-05-12 09:00:00+09:00,1899.8966064453125,1932.811080859187,1878.8679144586706,1904.4680612250174,169600
2021-05-13 09:00:00+09:00,1856.010498046875,1898.9821696765316,1848.696170960976,1882.5249337332589,200000
2021-05-14 09:00:00+09:00,1898.068115234375,1913.6110622281055,1855.0964382517086,1867.8965122465454,283800
2021-05-17 09:00:00+09:00,1706.06689453125,1799.324570438103,1696.9239851286172,1733.4956227391478,510800
2021-05-18 09:00:00+09:00,1760.92431640625,1781.0387166974947,1728.924134124724,1728.924134124724,362900
2021-05-19 09:00:00+09:00,1729.83837890625,1746.295615069206,1713.381142743294,1724.352633518598,381100
2021-05-20 09:00:00+09:00,1724.3529052734375,1759.0959648706755,1720.6957411053072,1729.838651525633,198500
2021-05-21 09:00:00+09:00,1717.9525146484375,1728.9240048963252,1712.4667695244934,1715.2096420864655,190900
2021-05-24 09:00:00+09:00,1728.009765625,1729.838347387566,1706.0667844742063,1706.0667844742063,237100
2021-05-25 09:00:00+09:00,1712.4669189453125,1730.7527376206497,1701.4954277401102,1719.7812464154474,288200
2021-05-26 09:00:00+09:00,1691.438232421875,1700.5811417863176,1674.9809955658784,1681.381032120988,304300
2021-05-27 09:00:00+09:00,1674.066650390625,1696.9239230611688,1672.2380685769815,1680.4666867383773,312200
2021-05-28 09:00:00+09:00,1720.6954345703125,1727.0954707243998,1690.5238355581869,1708.8096531412934,273600
2021-05-31 09:00:00+09:00,1679.55224609375,1714.295297455515,1669.4950470153442,1709.723843328967,305200
2021-06-01 09:00:00+09:00,1674.066650390625,1687.7810139929513,1659.437995881477,1685.9524321793078,253100
2021-06-02 09:00:00+09:00,1727.0955810546875,1735.324199492746,1693.2668163648923,1706.0668894907608,257500
2021-06-03 09:00:00+09:00,1699.6668701171875,1717.9526890533593,1693.2668334895272,1697.8382882235703,220900
2021-06-04 09:00:00+09:00,1691.438232421875,1707.8954692778716,1684.1239049303208,1703.3240145956504,216300
2021-06-07 09:00:00+09:00,1680.4666748046875,1693.2667474092934,1674.9809294027134,1682.2952566053455,182000
2021-06-08 09:00:00+09:00,1672.238037109375,1683.2095277847782,1669.4951644405241,1673.152327998992,241200
2021-06-09 09:00:00+09:00,1673.15234375,1691.4381617144809,1672.238052851776,1688.6952890198088,207000
2021-06-10 09:00:00+09:00,1656.695068359375,1667.6665588783112,1637.4949599512365,1646.6378687170168,261100
2021-06-11 09:00:00+09:00,1651.20947265625,1657.6095093719719,1641.1522721029728,1656.695218412583,285900
2021-06-14 09:00:00+09:00,1652.12353515625,1668.5807701495055,1636.5805909959533,1666.7521884835883,273400
2021-06-15 09:00:00+09:00,1655.78076171875,1661.2665069259906,1632.9234900219149,1632.9234900219149,330700
2021-06-16 09:00:00+09:00,1648.4666748046875,1664.9239128227043,1638.4094737936773,1654.8667118116941,250400
2021-06-17 09:00:00+09:00,1613.7235107421875,1636.5807842654478,1610.0663469784658,1622.8664201514916,487700
2021-06-18 09:00:00+09:00,1594.5233154296875,1626.5234966453063,1594.5233154296875,1622.866333077807,376200
2021-06-21 09:00:00+09:00,1547.8946533203125,1567.0947642002454,1529.6088334346618,1567.0947642002454,494800
2021-06-22 09:00:00+09:00,1605.494873046875,1607.3234549068372,1582.6375997973466,1590.8662181671768,523800
2021-06-23 09:00:00+09:00,1573.4947509765625,1600.0091889651274,1573.4947509765625,1590.866279313898,348100
2021-06-24 09:00:00+09:00,1588.1234130859375,1602.7520685893196,1577.1519214584007,1577.1519214584007,248600
2021-06-25 09:00:00+09:00,1589.951904296875,1607.3234317158747,1582.6375769625593,1603.6662680487168,322500
2021-06-28 09:00:00+09:00,1596.3519287109375,1604.580546900169,1588.123310521706,1600.009092350596,275300
2021-06-29 09:00:00+09:00,1573.4947509765625,1581.7233696626688,1568.009005185825,1575.3233329068082,399600
2021-06-30 09:00:00+09:00,1559.7802734375,1601.837654784584,1558.8659825386503,1578.9803823133427,558500
2021-07-01 09:00:00+09:00,1561.6087646484375,1567.094509723315,1552.4658561903086,1562.5230554942505,298100
2021-07-02 09:00:00+09:00,1589.951904296875,1594.5233588808221,1563.4374677099804,1570.7517950442962,470000
2021-07-05 09:00:00+09:00,1580.80908203125,1588.1234097676584,1573.4947542948416,1582.6376639653522,142800
2021-07-06 09:00:00+09:00,1600.9234619140625,1607.3234985978993,1589.9519704560564,1601.8377528688964,189200
2021-07-07 09:00:00+09:00,1563.4373779296875,1579.8946134868422,1556.1230510153966,1564.3516687939739,286300
2021-07-08 09:00:00+09:00,1539.6658935546875,1571.666075427855,1539.6658935546875,1568.0089117852074,332700
2021-07-09 09:00:00+09:00,1536.9228515625,1543.3228872323023,1514.9798721231782,1518.6370353630653,477800
2021-07-12 09:00:00+09:00,1586.294677734375,1603.6662044646073,1583.5518050927594,1587.2089686149136,332200
2021-07-13 09:00:00+09:00,1613.7235107421875,1621.9521292105612,1603.666310391953,1605.4948922738138,287500
2021-07-14 09:00:00+09:00,1630.1807861328125,1640.2379867202835,1619.209294582844,1624.6950403578282,437500
2021-07-15 09:00:00+09:00,1584.4661865234375,1623.7806966333671,1580.8090227922814,1623.7806966333671,310200
2021-07-16 09:00:00+09:00,1571.666015625,1585.380378763089,1568.0088521215096,1573.4945973767453,205700
2021-07-19 09:00:00+09:00,1545.1514892578125,1551.5515250121348,1533.265708571214,1543.3229076137204,322300
2021-07-20 09:00:00+09:00,1536.0089111328125,1544.2375302995954,1523.2088368733723,1526.8660009474982,386400
2021-07-21 09:00:00+09:00,1545.1514892578125,1566.1801781648717,1544.2371984357665,1561.6087240546415,268100
2021-07-26 09:00:00+09:00,1546.9801025390625,1558.8658834687362,1536.9229032908772,1557.037301787248,301500
2021-07-27 09:00:00+09:00,1565.2662353515625,1568.923399452851,1554.2947430476963,1563.437653300918,264100
2021-07-28 09:00:00+09:00,1545.1514892578125,1558.8658515885031,1538.7514535034902,1539.6657443255363,214700
2021-07-29 09:00:00+09:00,1538.7513427734375,1545.1513780672071,1536.922761260932,1537.8370520171848,283100
2021-07-30 09:00:00+09:00,1501.2655029296875,1537.8371351569638,1498.5226305126419,1526.8656454887807,345300
2021-08-02 09:00:00+09:00,1549.7230224609375,1563.4373854915652,1514.0656785813053,1517.7228420561394,364100
2021-08-03 09:00:00+09:00,1536.9228515625,1550.6372137120761,1525.951361842839,1527.7799434627827,179700
2021-08-04 09:00:00+09:00,1514.0655517578125,1532.351367600298,1510.4083885893153,1519.5512965105581,682600
2021-08-05 09:00:00+09:00,1531.437255859375,1536.0087103544777,1496.6942016965952,1499.4370743936568,232800
2021-08-06 09:00:00+09:00,1556.123291015625,1603.666423291073,1554.2947090050309,1583.5520211745372,364900
2021-08-10 09:00:00+09:00,1524.1229248046875,1557.0373970860126,1518.6371794244667,1539.6658700486466,432200
2021-08-11 09:00:00+09:00,1519.5516357421875,1533.266000685709,1514.0658897647788,1525.0373817195962,485000
2021-08-12 09:00:00+09:00,1514.0655517578125,1547.8943110664109,1513.1512609656882,1540.5799847294168,224500
2021-08-13 09:00:00+09:00,1515.894287109375,1526.8657777277783,1509.4942509153066,1512.2371235699075,219600
2021-08-16 09:00:00+09:00,1488.4656982421875,1507.6658086003483,1486.637116303315,1506.751517630912,274100
2021-08-17 09:00:00+09:00,1468.35107421875,1502.179834957289,1466.5224925572072,1502.179834957289,257900
2021-08-18 09:00:00+09:00,1473.8369140625,1488.465568296371,1465.6082960559477,1465.6082960559477,242500
2021-08-19 09:00:00+09:00,1458.2939453125,1478.4083445581896,1458.2939453125,1464.6939814361285,346500
2021-08-20 09:00:00+09:00,1457.379638671875,1470.1797107806617,1453.7224752122215,1453.7224752122215,170900
2021-08-23 09:00:00+09:00,1463.779541015625,1482.9796474249492,1463.779541015625,1470.1795764853998,168900
2021-08-24 09:00:00+09:00,1481.1513671875,1494.8657316984954,1466.522711709105,1467.4370026765048,194500
2021-08-25 09:00:00+09:00,1485.72265625,1497.6084375,1477.4940384615384,1478.408329326923,165700
2021-08-26 09:00:00+09:00,1481.1513671875,1486.6371129918982,1472.9227484809028,1476.5799123505017,146500
2021-08-27 09:00:00+09:00,1469.265380859375,1473.8368350624223,1463.7796358157184,1472.0082533812033,257100
2021-08-30 09:00:00+09:00,1482.9801025390625,1493.951595282878,1474.751482981201,1486.6372667870012,141600
2021-08-31 09:00:00+09:00,1471.093994140625,1482.979775323862,1464.6939581188822,1474.751157581621,296000
2021-09-01 09:00:00+09:00,1485.72265625,1494.865564903846,1472.0082932692308,1477.4940384615384,383300
2021-09-02 09:00:00+09:00,1473.8369140625,1486.636986517137,1466.5225869455646,1476.5797867313509,322600
2021-09-03 09:00:00+09:00,1501.2655029296875,1503.0940845410512,1472.0081971478664,1480.2368143990036,488600
2021-09-06 09:00:00+09:00,1515.894287109375,1523.2086141883105,1498.5227602969035,1511.3228326850403,361200
2021-09-07 09:00:00+09:00,1526.86572265625,1544.2372488421595,1521.3799775449102,1533.2657586194798,433600
2021-09-08 09:00:00+09:00,1538.7513427734375,1541.494215042196,1524.122690673393,1530.5227259671624,377900
2021-09-09 09:00:00+09:00,1528.6943359375,1544.2372807406923,1522.2942998420679,1530.5229176790522,444700
2021-09-10 09:00:00+09:00,1551.551513671875,1553.380095302602,1521.3799167648792,1523.208498395606,495500
2021-09-13 09:00:00+09:00,1560.6944580078125,1569.837366373412,1545.1515137862937,1558.8658763346928,330500
2021-09-14 09:00:00+09:00,1602.7518310546875,1602.7518310546875,1560.6944527155456,1571.665942717061,454500
2021-09-15 09:00:00+09:00,1568.9232177734375,1588.1233270818536,1557.9517267400568,1570.7517996123343,492500
2021-09-16 09:00:00+09:00,1591.780517578125,1599.0948450569447,1579.894735425043,1589.95193570842,507000
2021-09-17 09:00:00+09:00,1600.0087890625,1602.7516612723214,1579.894392857143,1602.7516612723214,537300
2021-09-21 09:00:00+09:00,1563.4373779296875,1570.7517048439784,1553.3801784225375,1570.7517048439784,367100
2021-09-22 09:00:00+09:00,1557.037353515625,1569.8374257112907,1552.4658991600302,1564.351680484577,273300
2021-09-24 09:00:00+09:00,1615.55224609375,1616.4665371215337,1580.8091870379703,1590.8663883435909,416200
2021-09-27 09:00:00+09:00,1606.408935546875,1626.5233331462098,1599.094609147117,1616.4661343465425,260300
2021-09-28 09:00:00+09:00,1609.152099609375,1610.9806815407492,1590.8662802956321,1606.4092267123135,352900
2021-09-29 09:00:00+09:00,1581.487548828125,1591.6312007448068,1563.9666955174926,1591.6312007448068,464100
2021-09-30 09:00:00+09:00,1581.487548828125,1604.5413031842202,1579.6432484796374,1595.319801441782,298200
2021-10-01 09:00:00+09:00,1542.7572021484375,1563.9666556149134,1531.6914003398415,1551.0565535048845,322300
2021-10-04 09:00:00+09:00,1576.8768310546875,1589.7869337650768,1553.8230762147066,1569.4996295058936,363100
2021-10-05 09:00:00+09:00,1572.26611328125,1588.8648171164773,1558.4338600852273,1558.4338600852273,453200
2021-10-06 09:00:00+09:00,1618.37353515625,1630.3614872685184,1592.5533306067487,1604.541282719017,488000
2021-10-07 09:00:00+09:00,1610.0740966796875,1645.1158009602304,1608.2297964543957,1645.1158009602304,523500
2021-10-08 09:00:00+09:00,1637.7388916015625,1654.3375965840107,1606.3857821902714,1609.1522330206794,379800
2021-10-11 09:00:00+09:00,1610.996337890625,1634.9722421752022,1599.0083857483364,1633.1279418456193,405800
2021-10-12 09:00:00+09:00,1592.5533447265625,1601.7748464331437,1581.487542678665,1587.0204437026139,244300
2021-10-13 09:00:00+09:00,1589.786865234375,1603.6191175420988,1584.2539643112855,1587.9425649266786,222900
2021-10-14 09:00:00+09:00,1608.2298583984375,1611.9184589910944,1586.0982548424956,1586.0982548424956,279100
2021-10-15 09:00:00+09:00,1645.115966796875,1648.8045676192894,1616.5293104231625,1621.1400614511806,315600
2021-10-18 09:00:00+09:00,1667.2474365234375,1677.391087962463,1642.3493829912845,1646.0379835145663,469600
2021-10-19 09:00:00+09:00,1672.7802734375,1691.2232753497105,1656.1815717165105,1677.3910239155525,450100
2021-10-20 09:00:00+09:00,1685.6905517578125,1716.1215081079263,1685.6905517578125,1691.2234529123787,454300
2021-10-21 09:00:00+09:00,1711.5106201171875,1731.7979227263352,1695.834068101028,1709.6663198799922,537800
2021-10-22 09:00:00+09:00,1694.911865234375,1713.354867032355,1682.001763975789,1689.3789646949808,469500
2021-10-25 09:00:00+09:00,1687.5347900390625,1711.510694159836,1682.924039246606,1701.367042416432,471800
2021-10-26 09:00:00+09:00,1670.0137939453125,1693.0675459324095,1664.480893468409,1689.3789456144739,346100
2021-10-27 09:00:00+09:00,1668.1695556640625,1674.6246064598881,1655.2594540724115,1673.7024563461987,359100
2021-10-28 09:00:00+09:00,1659.8702392578125,1667.2474403211804,1625.7506843397352,1664.4809899224174,1407900
2021-10-29 09:00:00+09:00,1659.8702392578125,1668.1695904541016,1635.8943358018662,1662.6366896565755,279700
2021-11-01 09:00:00+09:00,1706.89990234375,1709.666352752735,1683.8461489355418,1689.3790497535117,296400
2021-11-02 09:00:00+09:00,1672.7802734375,1714.2770277399738,1669.0916730550578,1693.989725636542,332100
2021-11-04 09:00:00+09:00,1709.66650390625,1713.3551047776766,1697.6785510741133,1706.90005325268,348100
2021-11-05 09:00:00+09:00,1730.8758544921875,1732.720154816633,1702.2891994632807,1703.2113496255035,325100
2021-11-08 09:00:00+09:00,1748.3968505859375,1767.7620055766047,1741.019648684731,1765.917705101303,292300
2021-11-09 09:00:00+09:00,1737.3309326171875,1755.7739361481556,1724.4208301455099,1749.3188849123167,335500
2021-11-10 09:00:00+09:00,1729.031494140625,1758.5402983072918,1726.2650437500001,1750.2409471354167,237400
2021-11-11 09:00:00+09:00,1745.63037109375,1745.63037109375,1721.6544653101064,1722.5766155325543,219700
2021-11-12 09:00:00+09:00,1742.86376953125,1773.2947242373511,1733.6422681051588,1737.3308686755952,578000
2021-11-15 09:00:00+09:00,1773.2947998046875,1779.7498510780274,1756.6960965303847,1760.3846972580075,327800
2021-11-16 09:00:00+09:00,1774.217041015625,1823.0910031641843,1772.3727405571888,1810.1808999551308,347500
2021-11-17 09:00:00+09:00,1776.0611572265625,1786.2048086956654,1773.2947068258982,1780.6719078943365,225800
2021-11-18 09:00:00+09:00,1764.9954833984375,1775.139135601877,1745.6303291918716,1768.6840841996882,433900
2021-11-19 09:00:00+09:00,1779.7498779296875,1781.5941783213243,1750.2410716634956,1764.9954747965917,351700
2021-11-22 09:00:00+09:00,1764.0733642578125,1773.2948664233002,1752.0854114426784,1767.7619651240075,342100
2021-11-24 09:00:00+09:00,1758.54052734375,1789.893635854336,1755.7740765928158,1780.6721333512223,298400
2021-11-25 09:00:00+09:00,1734.5643310546875,1766.8395844235945,1734.5643310546875,1762.2288339423221,208600
2021-11-26 09:00:00+09:00,1666.3250732421875,1726.2648240782376,1662.6364731907383,1723.4983740396506,329200
2021-11-29 09:00:00+09:00,1609.1519775390625,1651.570883537227,1607.3076772782729,1651.570883537227,337000
2021-11-30 09:00:00+09:00,1581.487548828125,1647.8823613736788,1580.5653986538812,1632.2058084115342,564000
2021-12-01 09:00:00+09:00,1598.086181640625,1610.0741333782637,1569.4995274970247,1586.098229902986,369700
2021-12-02 09:00:00+09:00,1569.4996337890625,1587.0204875152624,1563.0445824162518,1571.343934181294,310500
2021-12-03 09:00:00+09:00,1591.6312255859375,1592.5533757745736,1559.3559689836734,1589.7869252086653,362400
2021-12-06 09:00:00+09:00,1596.2418212890625,1620.217723861862,1591.6310707942935,1593.475370992201,240500
2021-12-07 09:00:00+09:00,1647.8824462890625,1651.5710471761113,1596.242033870379,1602.6970854227143,327100
2021-12-08 09:00:00+09:00,1682.001953125,1686.6127040929962,1660.7924986722176,1660.7924986722176,289900
2021-12-09 09:00:00+09:00,1662.6365966796875,1682.0017483881031,1660.7922965169812,1673.7023976559249,238500
2021-12-10 09:00:00+09:00,1601.7747802734375,1655.2594879624755,1598.086179743159,1653.4151876973365,525100
2021-12-13 09:00:00+09:00,1596.2418212890625,1618.373423663954,1592.5532208932473,1611.9183729712774,373100
2021-12-14 09:00:00+09:00,1597.1641845703125,1609.1521374568104,1588.864832571968,1594.3977339041976,274900
2021-12-15 09:00:00+09:00,1581.487548828125,1597.1641017902696,1577.7989481311497,1581.487548828125,479900
2021-12-16 09:00:00+09:00,1582.40966796875,1597.1640704672932,1571.3438660948427,1584.253968281068,634400
2021-12-17 09:00:00+09:00,1563.966552734375,1585.1760048056549,1557.5115021039855,1577.7988040852097,634300
2021-12-20 09:00:00+09:00,1532.61376953125,1568.5776305491313,1531.6916192487402,1551.9789254639554,862900
2021-12-21 09:00:00+09:00,1541.8348388671875,1552.9006391461387,1528.9247385417445,1536.301938727712,713500
2021-12-22 09:00:00+09:00,1547.3677978515625,1557.511448493021,1536.3019971517897,1551.9785481431345,419400
2021-12-23 09:00:00+09:00,1565.81103515625,1566.733185353633,1547.368031208591,1547.368031208591,331600
2021-12-24 09:00:00+09:00,1568.5772705078125,1579.6430713579557,1561.2000699410503,1569.4994205786577,339400
2021-12-27 09:00:00+09:00,1561.2003173828125,1575.0325706378285,1561.2003173828125,1571.3439697698243,229700
2021-12-28 09:00:00+09:00,1566.7330322265625,1577.7988335136247,1561.2001315830314,1572.2659328700936,293300
2021-12-29 09:00:00+09:00,1553.8228759765625,1568.577277172779,1543.6792251541635,1553.8228759765625,278400
2021-12-30 09:00:00+09:00,1539.068603515625,1555.667306249766,1530.7692521485544,1549.2122551864888,280300
2022-01-04 09:00:00+09:00,1563.966552734375,1566.7330030045418,1538.146350212817,1542.7571006630951,417800
2022-01-05 09:00:00+09:00,1547.3677978515625,1564.888648959536,1540.9127474433617,1563.0443488429073,594400
2022-01-06 09:00:00+09:00,1492.0389404296875,1551.0565499398851,1491.1167902810905,1541.835048453917,684300
2022-01-07 09:00:00+09:00,1492.9610595703125,1514.1705125475312,1482.8174081464254,1508.6376117708655,594200
2022-01-11 09:00:00+09:00,1500.33837890625,1501.260529108405,1472.6738728415987,1481.8953748631493,565400
2022-01-12 09:00:00+09:00,1520.6256103515625,1536.3021630355993,1512.3262589306019,1516.01485956214,434200
2022-01-13 09:00:00+09:00,1507.715576171875,1524.314279762758,1507.715576171875,1516.93707816681,404700
2022-01-14 09:00:00+09:00,1535.3797607421875,1539.9905107744464,1492.9608604454063,1504.9488105292792,814300
2022-01-17 09:00:00+09:00,1602.697021484375,1605.4634720392962,1554.74521186574,1558.433812605635,570900
2022-01-18 09:00:00+09:00,1597.1641845703125,1616.5293392331166,1595.319884126236,1613.7628885670017,490000
2022-01-19 09:00:00+09:00,1542.7572021484375,1579.643208177091,1534.4578507919905,1568.577406368495,569300
2022-01-20 09:00:00+09:00,1563.04443359375,1575.9545351101585,1539.9906808858775,1542.7571312108223,576800
2022-01-21 09:00:00+09:00,1565.81103515625,1566.733185353633,1530.769327655698,1540.9129798269105,454800
2022-01-24 09:00:00+09:00,1587.0205078125,1592.5534090599579,1554.7452505356623,1557.5117011593914,816000
2022-01-25 09:00:00+09:00,1564.8887939453125,1608.2298507016058,1550.1343916452977,1587.9425475390856,625000
2022-01-26 09:00:00+09:00,1554.7452392578125,1569.499642477341,1537.2243854346225,1568.5774922761204,467600
2022-01-27 09:00:00+09:00,1515.0926513671875,1563.0444577403425,1505.8711501415808,1554.7451066372964,398900
2022-01-28 09:00:00+09:00,1547.3677978515625,1552.900698201449,1530.7690968019033,1535.3798470934753,339200
2022-01-31 09:00:00+09:00,1572.26611328125,1577.799014559659,1532.6136541193182,1545.5237571022726,369400
2022-02-01 09:00:00+09:00,1588.8648681640625,1604.5414222898833,1578.7212154944139,1578.7212154944139,386300
2022-02-02 09:00:00+09:00,1621.14013671875,1634.0502401966014,1593.4756292662116,1603.6192819988091,292000
2022-02-03 09:00:00+09:00,1617.4512939453125,1617.4512939453125,1599.0082917338493,1608.229792839581,250500
2022-02-04 09:00:00+09:00,1702.2891845703125,1706.899935341088,1629.4393223920597,1631.2836227003697,558200
2022-02-07 09:00:00+09:00,1681.0797119140625,1705.0556156495345,1675.5468110520305,1686.6126127760945,450200
2022-02-08 09:00:00+09:00,1713.35498046875,1717.96573122351,1690.3012266949509,1693.0676771478068,273700
2022-02-09 09:00:00+09:00,1710.588623046875,1722.5765756612197,1694.9120696281166,1719.8101250579095,463400
2022-02-10 09:00:00+09:00,1750.2410888671875,1776.9834448087831,1710.5886300572354,1734.5645353841833,583700
2022-02-14 09:00:00+09:00,1774.217041015625,1832.3125054563652,1755.774036431263,1824.0131533934025,623500
2022-02-15 09:00:00+09:00,1798.192626953125,1828.6235791015624,1770.528125,1770.528125,480700
2022-02-16 09:00:00+09:00,1824.01318359375,1855.3662919062815,1812.947380659915,1824.01318359375,406700
2022-02-17 09:00:00+09:00,1789.8931884765625,1832.3120893884234,1785.282438377447,1823.0905891901928,267900
2022-02-18 09:00:00+09:00,1764.9954833984375,1782.516337204378,1746.5524793921843,1759.4625821965615,364600
2022-02-21 09:00:00+09:00,1741.9417724609375,1751.163274697364,1719.8101670935143,1729.9538195535833,247600
2022-02-22 09:00:00+09:00,1704.1336669921875,1727.1874233097226,1692.1457137070693,1711.5108690137988,197400
2022-02-24 09:00:00+09:00,1705.0555419921875,1709.6662925113658,1677.391038877117,1694.911890849995,268900
2022-02-25 09:00:00+09:00,1683.84619140625,1706.8999453959302,1666.325338374093,1698.6005939596453,441300
2022-02-28 09:00:00+09:00,1715.1993408203125,1715.1993408203125,1689.379135689684,1697.6784873388146,304300
2022-03-01 09:00:00+09:00,1696.7562255859375,1734.5643806125806,1692.1454749729323,1729.9536299995755,395400
2022-03-02 09:00:00+09:00,1677.39111328125,1682.9240141496873,1656.1816599522404,1659.8702605311985,308100
2022-03-03 09:00:00+09:00,1679.2353515625,1694.9119034441928,1675.546751119749,1689.379002780066,264500
2022-03-04 09:00:00+09:00,1669.0916748046875,1690.3011270259624,1659.8701738389157,1675.5467254807277,272500
2022-03-07 09:00:00+09:00,1615.6070556640625,1641.4272597500178,1593.4754521618152,1637.7386591663098,417900
2022-03-08 09:00:00+09:00,1599.930419921875,1621.1398721744415,1594.397519334249,1599.0082698239373,555400
2022-03-09 09:00:00+09:00,1587.942626953125,1621.140033788382,1580.5654254341791,1600.8527296112804,613600
2022-03-10 09:00:00+09:00,1642.3494873046875,1646.03808806225,1618.3735823805314,1630.3615348426094,323700
2022-03-11 09:00:00+09:00,1626.6728515625,1630.3614521329364,1605.46339828249,1615.6070498511904,338600
2022-03-14 09:00:00+09:00,1629.4395751953125,1652.4933326259197,1617.4516213313968,1631.2838757897612,355800
2022-03-15 09:00:00+09:00,1635.8946533203125,1644.1940061274618,1618.3737973941086,1625.7509998893522,277500
2022-03-16 09:00:00+09:00,1676.4688720703125,1688.4568233007383,1653.415119704109,1661.7144705559424,522200
2022-03-17 09:00:00+09:00,1723.49853515625,1738.2529367413222,1705.0555331749097,1729.953585849719,626100
2022-03-18 09:00:00+09:00,1698.6004638671875,1709.666264934726,1665.4030606645715,1709.666264934726,867200
2022-03-22 09:00:00+09:00,1699.522705078125,1731.7979599222565,1689.3790535556836,1705.9777560469513,425100
2022-03-23 09:00:00+09:00,1730.8758544921875,1739.1752059521925,1715.1993017344,1721.6543528699594,397500
2022-03-24 09:00:00+09:00,1713.35498046875,1729.9536831858854,1682.9240254873353,1717.96573122351,284800
2022-03-25 09:00:00+09:00,1683.84619140625,1723.4986482685001,1675.546839969965,1720.7321977897384,370100
2022-03-28 09:00:00+09:00,1690.30126953125,1703.2113719717504,1676.469016916428,1696.7563207515002,349100
2022-03-29 09:00:00+09:00,1686.612548828125,1686.612548828125,1670.9359969800778,1685.6903987194162,599200
2022-03-30 09:00:00+09:00,1681.94580078125,1695.9464595002946,1663.2782558225235,1695.9464595002946,578400
2022-03-31 09:00:00+09:00,1667.945068359375,1690.3461213199932,1664.2115595326052,1664.2115595326052,389900
2022-04-01 09:00:00+09:00,1661.411376953125,1665.1448856653792,1631.5433072550913,1639.9437018576632,323300
2022-04-04 09:00:00+09:00,1662.344970703125,1671.6787436997738,1646.4775566088224,1650.2110658074819,294700
2022-04-05 09:00:00+09:00,1655.811279296875,1668.8785610951593,1652.0777702116509,1662.344920196017,457200
2022-04-06 09:00:00+09:00,1632.4769287109375,1657.6781162896657,1632.4769287109375,1642.744079205975,413000
2022-04-07 09:00:00+09:00,1595.1417236328125,1607.2756279085447,1583.00781935708,1603.5421189006272,527400
2022-04-08 09:00:00+09:00,1590.474853515625,1610.0757760061344,1581.1410809010968,1607.275644221776,550500
2022-04-11 09:00:00+09:00,1576.47412109375,1586.7412704910448,1567.1403489143909,1584.874516055173,433300
2022-04-12 09:00:00+09:00,1583.0079345703125,1589.5415758096947,1566.2071428119011,1566.2071428119011,390100
2022-04-13 09:00:00+09:00,1600.741943359375,1605.4088294916182,1573.6740037923653,1577.4075126981597,426100
2022-04-14 09:00:00+09:00,1590.474853515625,1600.7420033916062,1583.9412126854552,1600.7420033916062,355600
2022-04-15 09:00:00+09:00,1590.474853515625,1597.0084943457948,1571.8073082865685,1576.4741945938326,256200
2022-04-18 09:00:00+09:00,1584.874755859375,1586.7415105777018,1566.207208676108,1575.5409822677416,199400
2022-04-19 09:00:00+09:00,1565.2738037109375,1587.674859935781,1550.3397662277084,1587.674859935781,492800
2022-04-20 09:00:00+09:00,1583.941162109375,1589.5414254992727,1566.2069947080327,1589.5414254992727,407800
2022-04-21 09:00:00+09:00,1583.0079345703125,1588.608198489783,1571.8074067313717,1576.4742933309303,329200
2022-04-22 09:00:00+09:00,1568.073974609375,1576.4743709019253,1555.0066914876302,1562.4737104143417,374200
2022-04-25 09:00:00+09:00,1555.9398193359375,1559.6733282005707,1541.0057838774042,1549.4061788228291,508900
2022-04-26 09:00:00+09:00,1590.474853515625,1597.0084943457948,1571.8073082865685,1573.6740628094742,478000
2022-04-27 09:00:00+09:00,1586.7413330078125,1588.6080875172336,1570.8739196777344,1571.8072969324448,1178000
2022-04-28 09:00:00+09:00,1594.208251953125,1598.8751379365942,1569.0070676423907,1574.6073308225539,683800
2022-05-02 09:00:00+09:00,1621.2762451171875,1629.6766401696082,1576.474138170944,1584.8745332233646,408200
2022-05-06 09:00:00+09:00,1663.2781982421875,1666.07832988906,1612.8758285984848,1626.8764868328467,402300
2022-05-09 09:00:00+09:00,1634.343505859375,1656.7445590521934,1618.4760931811286,1655.811181835826,441800
2022-05-10 09:00:00+09:00,1643.67724609375,1649.2775092831664,1621.276193336084,1629.6765881202086,288600
2022-05-11 09:00:00+09:00,1626.87646484375,1638.0769912798514,1618.4760700166737,1621.276201625699,317100
2022-05-12 09:00:00+09:00,1609.1424560546875,1625.0098700645076,1596.0751739289535,1614.7427198228593,327700
2022-05-13 09:00:00+09:00,1640.8773193359375,1644.61082859495,1604.4756040605669,1614.7427545228509,371900
2022-05-16 09:00:00+09:00,1590.474853515625,1643.6773574184365,1578.3409491167383,1638.0770938497194,430600
2022-05-17 09:00:00+09:00,1590.474853515625,1607.275644221776,1582.0744581625495,1598.8752488687005,256800
2022-05-18 09:00:00+09:00,1597.94189453125,1609.1424218293664,1591.408253607349,1600.7420263557792,356500
2022-05-19 09:00:00+09:00,1582.0743408203125,1583.007718012537,1559.6732882069277,1568.073682936947,423900
2022-05-20 09:00:00+09:00,1568.073974609375,1580.207880365281,1556.873446219308,1580.207880365281,354300
2022-05-23 09:00:00+09:00,1583.941162109375,1588.6080482676232,1564.3402402447334,1585.8079165726742,458900
2022-05-24 09:00:00+09:00,1558.7401123046875,1569.940640057775,1548.472961864357,1568.0738854322603,484100
2022-05-25 09:00:00+09:00,1541.005859375,1564.3402909221684,1538.2057275893399,1557.8066500889613,471400
2022-05-26 09:00:00+09:00,1556.8734130859375,1569.9406959295845,1547.5396396261897,1551.273149010089,353700
2022-05-27 09:00:00+09:00,1569.0072021484375,1577.4075976388217,1556.8732975512157,1571.8073339785656,389300
2022-05-30 09:00:00+09:00,1608.208984375,1610.0757388548316,1571.807272018282,1581.1410444174405,1038000
2022-05-31 09:00:00+09:00,1582.0743408203125,1614.7425425481656,1579.2742092436395,1601.6752618570245,385700
2022-06-01 09:00:00+09:00,1615.6761474609375,1615.6761474609375,1591.4083370426913,1591.4083370426913,372600
2022-06-02 09:00:00+09:00,1601.6754150390625,1606.342301446519,1587.674755816693,1604.4755468835365,258900
2022-06-03 09:00:00+09:00,1590.474853515625,1597.0084943457948,1582.0744581625495,1596.075117084342,324800
2022-06-06 09:00:00+09:00,1601.6754150390625,1605.4089241650277,1582.0744921277453,1583.0078694092367,326300
2022-06-07 09:00:00+09:00,1604.475341796875,1611.0089819321734,1597.9417016615764,1603.5419646346895,240800
2022-06-08 09:00:00+09:00,1636.2103271484375,1643.6773451844829,1608.2090095132676,1611.9425185312903,274400
2022-06-09 09:00:00+09:00,1675.412109375,1687.5460132311978,1657.677942200557,1658.6113194202646,327400
2022-06-10 09:00:00+09:00,1668.8785400390625,1681.0124444129483,1655.8112584056469,1674.4788035962406,383200
2022-06-13 09:00:00+09:00,1645.544189453125,1649.2776986747997,1619.4096249014021,1646.4775667585438,284400
2022-06-14 09:00:00+09:00,1638.0770263671875,1645.5440441511976,1614.7425957921564,1614.7425957921564,283400
2022-06-15 09:00:00+09:00,1598.8753662109375,1641.8107233888145,1598.8753662109375,1628.7434407694604,288200
2022-06-16 09:00:00+09:00,1625.009765625,1643.6773103191413,1613.8092388085151,1614.7426160432224,272100
2022-06-17 09:00:00+09:00,1599.80859375,1611.9424979032963,1594.2083302946323,1595.1417075371937,405600
2022-06-20 09:00:00+09:00,1575.540771484375,1617.5427470275013,1573.6740170157916,1615.6759925589179,262100
2022-06-21 09:00:00+09:00,1601.6754150390625,1612.875942416958,1595.1417740686234,1595.1417740686234,358400
2022-06-22 09:00:00+09:00,1589.54150390625,1617.5428222369533,1587.67474935087,1609.1424267377422,328200
2022-06-23 09:00:00+09:00,1571.8072509765625,1591.4081727523985,1569.940496521721,1571.8072509765625,399900
2022-06-24 09:00:00+09:00,1563.406982421875,1582.0745284806435,1555.9399639983674,1582.0745284806435,362300
2022-06-27 09:00:00+09:00,1564.3402099609375,1579.2742453782257,1555.9398150387128,1579.2742453782257,259200
2022-06-28 09:00:00+09:00,1582.0743408203125,1583.007718012537,1562.4734197836008,1564.3401741680495,248500
2022-06-29 09:00:00+09:00,1612.875732421875,1615.6758639017742,1563.4067429436577,1564.340120103624,981700
2022-06-30 09:00:00+09:00,1585.807861328125,1615.6759317004028,1579.274220934189,1615.6759317004028,320300
2022-07-01 09:00:00+09:00,1592.3416748046875,1617.5428619205882,1584.8746563999762,1599.8086932093988,404100
2022-07-04 09:00:00+09:00,1650.2109375,1653.944446408371,1606.3422078266403,1607.275585053733,474000
2022-07-05 09:00:00+09:00,1630.610107421875,1657.6780485296222,1617.54282550779,1654.8779166908896,401200
2022-07-06 09:00:00+09:00,1610.0755615234375,1635.2767442255436,1610.0755615234375,1627.809727128623,377700
2022-07-07 09:00:00+09:00,1596.0750732421875,1629.6766537314968,1576.4741512900905,1629.6766537314968,331700
2022-07-08 09:00:00+09:00,1568.073974609375,1596.0752955845426,1568.073974609375,1595.1419182187035,433300
2022-07-11 09:00:00+09:00,1611.9423828125,1614.7425143402577,1578.340804479408,1582.0743131830848,299200
2022-07-12 09:00:00+09:00,1570.873779296875,1591.4080770654616,1562.4733847551806,1586.7411912089647,335600
2022-07-13 09:00:00+09:00,1590.474853515625,1597.0084943457948,1577.4075718552854,1586.7413444698138,199100
2022-07-14 09:00:00+09:00,1583.941162109375,1591.408179962572,1574.607389792879,1582.0744076460758,184300
2022-07-15 09:00:00+09:00,1583.941162109375,1599.8085750474183,1580.2076531827768,1598.8751978157686,166800
2022-07-19 09:00:00+09:00,1594.208251953125,1606.3421555101452,1581.1409711994108,1604.4754011167574,181600
2022-07-20 09:00:00+09:00,1632.4769287109375,1632.4769287109375,1608.2091184499402,1620.343023580439,191100
2022-07-21 09:00:00+09:00,1654.8778076171875,1659.5446937074785,1623.1429822032087,1624.076359421267,169100
2022-07-22 09:00:00+09:00,1663.2781982421875,1669.8118387515563,1651.1442944390737,1654.8778033015703,201500
2022-07-25 09:00:00+09:00,1667.01171875,1677.278868193589,1655.8111920842664,1677.278868193589,232100
2022-07-26 09:00:00+09:00,1657.6781005859375,1670.7453829103763,1654.877968659272,1657.6781005859375,228800
2022-07-27 09:00:00+09:00,1629.6766357421875,1657.6779525075174,1625.0097496146327,1652.0776891544513,212600
2022-07-28 09:00:00+09:00,1615.6761474609375,1646.4775991456347,1607.275751546929,1642.74408985052,280300
2022-07-29 09:00:00+09:00,1585.807861328125,1615.6759317004028,1583.007729730724,1615.6759317004028,309300
2022-08-01 09:00:00+09:00,1581.1409912109375,1594.2082721300362,1576.4741051684023,1586.74125446198,415700
2022-08-02 09:00:00+09:00,1549.4061279296875,1577.407443494682,1546.605996373188,1572.7405575671828,358000
2022-08-03 09:00:00+09:00,1533.5386962890625,1557.8065028036795,1533.5386962890625,1557.8065028036795,355400
2022-08-04 09:00:00+09:00,1546.6060791015625,1554.0730969849737,1536.338929511872,1554.0730969849737,259600
2022-08-05 09:00:00+09:00,1539.13916015625,1550.3396877013531,1510.204463998067,1525.1385007248712,522100
2022-08-08 09:00:00+09:00,1536.3389892578125,1537.2723665295366,1517.6714438233312,1530.738725627468,311500
2022-08-09 09:00:00+09:00,1511.1378173828125,1533.5388721185675,1511.1378173828125,1531.6721175572548,530200
2022-08-10 09:00:00+09:00,1510.2044677734375,1515.804731559989,1502.7374493913685,1514.8713542622306,210300
2022-08-12 09:00:00+09:00,1524.2049560546875,1536.3388595627773,1515.8045613183174,1524.2049560546875,324700
2022-08-15 09:00:00+09:00,1526.0718994140625,1533.5389178821436,1520.4716355630019,1527.938654031083,184600
2022-08-16 09:00:00+09:00,1530.7386474609375,1534.4721563571836,1522.3382524443834,1527.0051385646912,195700
2022-08-17 09:00:00+09:00,1541.005859375,1549.4062547319807,1532.6054640180193,1537.272350327453,316700
2022-08-18 09:00:00+09:00,1534.4722900390625,1547.5395723143345,1530.7387808175563,1541.939308482075,175100
2022-08-19 09:00:00+09:00,1543.8060302734375,1548.472916701108,1535.4056347036303,1546.6061621300398,172700
2022-08-22 09:00:00+09:00,1541.005859375,1541.9392366368868,1525.1384459229255,1530.738709494246,209300
2022-08-23 09:00:00+09:00,1531.6722412109375,1535.4057506349739,1519.5383355828192,1526.0719770748829,245200
2022-08-24 09:00:00+09:00,1540.0726318359375,1542.872763893821,1531.672235662287,1533.5389903675427,190000
2022-08-25 09:00:00+09:00,1552.2064208984375,1561.5401937240445,1541.93927079027,1543.8060253553913,354000
2022-08-26 09:00:00+09:00,1522.3382568359375,1542.8725558245278,1517.671370702167,1532.6054063302327,346700
2022-08-29 09:00:00+09:00,1504.60400390625,1515.8045299899193,1500.8704952116934,1512.071021295363,367300
2022-08-30 09:00:00+09:00,1513.9378662109375,1519.5381295877967,1505.5374711456486,1513.9378662109375,272600
2022-08-31 09:00:00+09:00,1509.2711181640625,1516.7381366831178,1502.7374769598891,1507.4043635342987,367000
2022-09-01 09:00:00+09:00,1527.0052490234375,1535.4056446476495,1506.470948608697,1507.404325900276,543100
2022-09-02 09:00:00+09:00,1509.2711181640625,1525.1385325170552,1502.7374769598891,1525.1385325170552,329100
2022-09-05 09:00:00+09:00,1508.3377685546875,1514.8714098788723,1492.4703539102384,1502.737504562529,371300
2022-09-06 09:00:00+09:00,1508.3377685546875,1520.4716738710308,1506.4710138906346,1516.7381645429252,205200
2022-09-07 09:00:00+09:00,1485.9366455078125,1497.1371729865145,1474.7361180291102,1494.337041116839,466300
2022-09-08 09:00:00+09:00,1499.9371337890625,1503.670642522825,1493.4034935049783,1496.2036250553,262800
2022-09-09 09:00:00+09:00,1507.4041748046875,1511.1376835967735,1492.470139636344,1493.4035168343653,364700
2022-09-12 09:00:00+09:00,1515.8045654296875,1520.4714514069956,1508.3375478659943,1520.4714514069956,198200
2022-09-13 09:00:00+09:00,1510.2044677734375,1512.0712223689547,1498.0705629025754,1509.2710904756789,243300
2022-09-14 09:00:00+09:00,1487.80322265625,1493.403485727729,1485.0030911205106,1491.5367313705692,286700
2022-09-15 09:00:00+09:00,1499.0037841796875,1502.7372929821277,1465.402204957727,1477.5361085656573,578700
2022-09-16 09:00:00+09:00,1506.4708251953125,1513.937842916231,1500.8705619046236,1502.7373163348532,306200
2022-09-20 09:00:00+09:00,1530.7386474609375,1535.4055335812452,1517.6713663240757,1521.4048752203219,348600
2022-09-21 09:00:00+09:00,1530.7386474609375,1540.072419701553,1512.0711029797064,1514.8712346518912,346300
2022-09-22 09:00:00+09:00,1513.0045166015625,1519.538157327171,1501.803989643377,1518.6047800806552,278200
2022-09-26 09:00:00+09:00,1484.06982421875,1499.9372374336674,1478.469560731132,1499.0038601857311,279300
2022-09-27 09:00:00+09:00,1475.66943359375,1486.8699606039493,1474.7360563429,1484.0698288513993,232500
2022-09-28 09:00:00+09:00,1476.6026611328125,1476.6026611328125,1455.1349865398574,1466.3355124144427,415300
2022-09-29 09:00:00+09:00,1506.853271484375,1510.6345845872218,1487.0013776944304,1489.8373625215654,324000
2022-09-30 09:00:00+09:00,1496.45458984375,1511.5798415414758,1487.946635763779,1503.071887461505,269200
2022-10-03 09:00:00+09:00,1476.6026611328125,1482.2746303817223,1465.2587226349933,1481.3293021735706,384200
2022-10-04 09:00:00+09:00,1519.1427001953125,1522.9240136992212,1499.290804299792,1501.1814610517463,480500
2022-10-05 09:00:00+09:00,1521.0330810546875,1536.1583323268287,1520.0877528501787,1529.5410348952669,309700
2022-10-06 09:00:00+09:00,1530.4864501953125,1544.6663740698832,1529.5411219370078,1534.2677632285313,304600
2022-10-07 09:00:00+09:00,1509.6893310546875,1513.470644344743,1502.1267044745764,1510.6346593772014,241900
2022-10-11 09:00:00+09:00,1481.3292236328125,1489.8371770550814,1475.6572546846332,1487.0011925809918,517500
2022-10-12 09:00:00+09:00,1484.1654052734375,1489.8373749751195,1478.4934355717558,1483.2200769898238,478300
2022-10-13 09:00:00+09:00,1482.274658203125,1485.1106428808096,1468.0947348147022,1476.6026888477559,243700
2022-10-14 09:00:00+09:00,1505.9078369140625,1515.3611190039185,1487.946600943336,1499.2905394511633,314900
2022-10-17 09:00:00+09:00,1492.6734619140625,1504.0174020932702,1490.782805217528,1495.5094469588644,260400
2022-10-18 09:00:00+09:00,1508.7437744140625,1514.415743490807,1502.1264771578606,1510.6344307729773,217200
2022-10-19 09:00:00+09:00,1516.3065185546875,1521.0331598220027,1502.1265947527422,1504.0172512596682,189000
2022-10-20 09:00:00+09:00,1491.7279052734375,1514.4157821597255,1487.9465924590563,1507.7984847345583,352400
2022-10-21 09:00:00+09:00,1478.4932861328125,1489.837224389586,1473.7666451924904,1487.9465680134572,232900
2022-10-24 09:00:00+09:00,1478.4932861328125,1493.618537141844,1476.6026297566837,1492.6732089537795,196700
2022-10-25 09:00:00+09:00,1490.78271484375,1495.5093562985496,1478.4934470612714,1486.0560733889506,238600
2022-10-26 09:00:00+09:00,1490.78271484375,1501.181326044309,1487.9467299708704,1496.4546845895095,187500
2022-10-27 09:00:00+09:00,1481.3292236328125,1487.9465207390215,1473.7665983685733,1485.1105362649319,243900
2022-10-28 09:00:00+09:00,1460.5322265625,1477.5481359981795,1457.6962416565534,1469.0401812803398,868400
2022-10-31 09:00:00+09:00,1456.7508544921875,1468.0947936576035,1456.7508544921875,1466.2041371300343,272900
2022-11-01 09:00:00+09:00,1471.876220703125,1480.384175736091,1466.2042506811476,1469.9855640291325,184400
2022-11-02 09:00:00+09:00,1475.657470703125,1481.3294404816122,1467.1495160353938,1468.0948443318084,240100
2022-11-04 09:00:00+09:00,1440.6802978515625,1471.8761310727577,1435.9536564544117,1465.2588331167465,393700
2022-11-07 09:00:00+09:00,1438.78955078125,1466.2040691601305,1438.78955078125,1465.2587409401692,303600
2022-11-08 09:00:00+09:00,1445.406982421875,1452.0242805755395,1440.680340883543,1452.0242805755395,330800
2022-11-09 09:00:00+09:00,1437.844482421875,1450.1337515024038,1435.0084972494453,1446.3524379391642,406400
2022-11-10 09:00:00+09:00,1428.39111328125,1434.0630832876614,1420.8284866060349,1426.5004566124462,373200
2022-11-11 09:00:00+09:00,1408.5391845703125,1418.9377960000263,1400.9765580759752,1417.992467688234,808300
2022-11-14 09:00:00+09:00,1411.3751220703125,1417.0470917504344,1404.7578241101705,1417.0470917504344,422000
2022-11-15 09:00:00+09:00,1411.3751220703125,1414.2111069103735,1403.81249583015,1403.81249583015,281300
2022-11-16 09:00:00+09:00,1411.3751220703125,1416.101763470414,1403.81249583015,1408.5391372302515,225300
2022-11-17 09:00:00+09:00,1427.4456787109375,1427.4456787109375,1408.539113429998,1408.539113429998,183000
2022-11-18 09:00:00+09:00,1433.1175537109375,1433.1175537109375,1424.6095998960309,1430.2815691059686,318700
2022-11-21 09:00:00+09:00,1439.73486328125,1447.2974889583677,1435.0082222330516,1435.0082222330516,203400
2022-11-22 09:00:00+09:00,1451.0789794921875,1458.641606095404,1439.7350395873625,1439.7350395873625,279100
2022-11-24 09:00:00+09:00,1487.00146484375,1491.7281064993244,1469.0402265525668,1469.0402265525668,400600
2022-11-25 09:00:00+09:00,1497.4000244140625,1497.4000244140625,1479.4387867474798,1489.837398028133,225500
2022-11-28 09:00:00+09:00,1483.2200927734375,1502.1266586469037,1482.2747644797641,1498.3453454722105,241800
2022-11-29 09:00:00+09:00,1480.3841552734375,1487.0014535409432,1464.3135737666378,1479.438826949508,185500
2022-11-30 09:00:00+09:00,1482.274658203125,1493.6185969138633,1479.4386735254404,1480.3840017513353,322500
2022-12-01 09:00:00+09:00,1467.1495361328125,1486.056102320091,1467.1495361328125,1485.110774010727,276200
2022-12-02 09:00:00+09:00,1459.5867919921875,1459.5867919921875,1439.7348990959206,1458.641463759032,334400
2022-12-05 09:00:00+09:00,1452.024169921875,1458.6414675712585,1444.4615440368652,1458.6414675712585,200700
2022-12-06 09:00:00+09:00,1466.2041015625,1466.2041015625,1444.4615520228883,1444.4615520228883,225700
2022-12-07 09:00:00+09:00,1475.657470703125,1483.2200970744414,1457.6962330712483,1459.5868896640775,219800
2022-12-08 09:00:00+09:00,1458.6414794921875,1471.876074899116,1449.1881970586671,1471.876074899116,389600
2022-12-09 09:00:00+09:00,1469.0400390625,1476.6026647462195,1466.2040544311053,1469.0400390625,267000
2022-12-12 09:00:00+09:00,1470.9307861328125,1475.6574274764268,1466.2041447891982,1474.7120992077041,141200
2022-12-13 09:00:00+09:00,1486.0560302734375,1487.946686800503,1467.149465002783,1473.7667628475122,216900
2022-12-14 09:00:00+09:00,1483.2200927734375,1496.4546888848638,1480.3841078924174,1487.0014059481307,168800
2022-12-15 09:00:00+09:00,1482.274658203125,1490.7826122361787,1475.657360621861,1479.4386735254404,77400
2022-12-16 09:00:00+09:00,1458.6414794921875,1478.4933726025802,1455.8054947621313,1469.985418412412,267900
2022-12-19 09:00:00+09:00,1440.6802978515625,1451.0789089252942,1437.8443130132719,1437.8443130132719,270000
2022-12-20 09:00:00+09:00,1422.7191162109375,1447.2976524378373,1417.9924746288414,1446.3523241214182,298400
2022-12-21 09:00:00+09:00,1429.3363037109375,1440.6802426292782,1422.719006008572,1424.609662494962,439500
2022-12-22 09:00:00+09:00,1436.89892578125,1440.6802387438322,1423.6643304122122,1440.6802387438322,203000
2022-12-23 09:00:00+09:00,1427.4456787109375,1438.7896178795013,1425.5550221828435,1435.9536330873602,229200
2022-12-26 09:00:00+09:00,1431.22705078125,1437.8443489024316,1427.4457375691463,1432.172379084276,95100
2022-12-27 09:00:00+09:00,1430.2818603515625,1439.7351442930797,1429.3365319574107,1438.789815898928,114400
2022-12-28 09:00:00+09:00,1427.4456787109375,1429.3363352390313,1417.9923960704677,1425.5550221828435,240400
2022-12-29 09:00:00+09:00,1447.297607421875,1447.297607421875,1422.7190719594525,1423.6644002464689,207900
2022-12-30 09:00:00+09:00,1448.242919921875,1461.4775157958347,1447.2975916451635,1447.2975916451635,190100
2023-01-04 09:00:00+09:00,1418.9378662109375,1441.6257468165754,1418.9378662109375,1441.6257468165754,207400
2023-01-05 09:00:00+09:00,1403.812744140625,1419.8833277435817,1399.0861019044612,1417.9926708491162,337600
2023-01-06 09:00:00+09:00,1412.3203125,1414.210968875502,1395.304405120482,1402.86703062249,267700
2023-01-10 09:00:00+09:00,1404.7578125,1418.937736583109,1404.7578125,1415.1564234942798,465100
2023-01-11 09:00:00+09:00,1412.3203125,1414.210968875502,1407.593671561245,1412.3203125,403400
2023-01-12 09:00:00+09:00,1411.3751220703125,1414.2111069103735,1406.648480670211,1411.3751220703125,169800
2023-01-13 09:00:00+09:00,1406.6485595703125,1414.211186234669,1405.703231237268,1406.6485595703125,282600
2023-01-16 09:00:00+09:00,1383.01513671875,1400.976372260552,1381.1244803459288,1395.3044031420882,349000
2023-01-17 09:00:00+09:00,1378.28857421875,1385.8512001403892,1376.3979177383403,1385.8512001403892,221900
2023-01-18 09:00:00+09:00,1392.4683837890625,1399.0856809285895,1381.1244458355875,1381.1244458355875,216800
2023-01-19 09:00:00+09:00,1383.9605712890625,1397.1951669161438,1383.0152430299854,1391.5231973616803,200500
2023-01-20 09:00:00+09:00,1386.79638671875,1394.3590118678637,1382.0697460005538,1392.4683555805852,170300
2023-01-23 09:00:00+09:00,1403.812744140625,1404.7580725878577,1395.3047881155303,1395.3047881155303,314400
2023-01-24 09:00:00+09:00,1416.1016845703125,1417.0470127976625,1406.6484022968125,1409.4843869788624,256500
2023-01-25 09:00:00+09:00,1433.1175537109375,1439.7348511225316,1414.2109896778118,1417.992302484437,357300
2023-01-26 09:00:00+09:00,1450.1337890625,1460.5324016307447,1440.6805049095503,1443.5164901554351,417000
2023-01-27 09:00:00+09:00,1431.22705078125,1445.406975326639,1431.22705078125,1440.6803338115094,454400
2023-01-30 09:00:00+09:00,1430.2818603515625,1438.789815898928,1425.5552183808038,1435.008502322321,190800
2023-01-31 09:00:00+09:00,1431.22705078125,1436.8990205994055,1427.4457375691463,1429.3363941751982,221300
2023-02-01 09:00:00+09:00,1438.78955078125,1446.3521765409412,1435.0082379014045,1436.8988943413271,504700
2023-02-02 09:00:00+09:00,1420.8284912109375,1449.1883413349083,1419.8831628734717,1444.4616996475797,211300
2023-02-03 09:00:00+09:00,1413.265869140625,1420.8284958651234,1410.4298841189382,1417.0471825028742,263800
2023-02-06 09:00:00+09:00,1417.992431640625,1430.2816993815104,1416.1017750651042,1430.2816993815104,179100
2023-02-07 09:00:00+09:00,1409.484375,1416.1016725352113,1409.484375,1411.3750314386318,170400
2023-02-08 09:00:00+09:00,1416.1016845703125,1421.7736539344126,1412.3203716609125,1414.2110281156124,155900
2023-02-09 09:00:00+09:00,1427.4456787109375,1430.2816635030783,1416.1017395423737,1416.1017395423737,113900
2023-02-10 09:00:00+09:00,1445.406982421875,1458.6415787292042,1433.1177144222122,1433.1177144222122,428300
2023-02-13 09:00:00+09:00,1447.297607421875,1453.9149054309887,1437.8443245517126,1445.4069508478426,180900
2023-02-14 09:00:00+09:00,1454.8602294921875,1464.3135123348918,1449.188259786565,1460.53219919781,150500
2023-02-15 09:00:00+09:00,1442.571044921875,1462.4229400354789,1437.8444032281598,1456.7509700030205,143100
2023-02-16 09:00:00+09:00,1447.297607421875,1455.8055620050213,1445.4069508478426,1451.07892056994,181500
2023-02-17 09:00:00+09:00,1545.6116943359375,1620.292626355839,1461.4774797818711,1464.3134645421205,3409900
2023-02-20 09:00:00+09:00,1539.939697265625,1582.4794679083218,1523.8691172450506,1559.7915902322168,1262000
2023-02-21 09:00:00+09:00,1656.2152099609375,1677.012432917068,1546.5571252831585,1549.3931102317217,2398500
2023-02-22 09:00:00+09:00,1666.6136474609375,1687.4108682460428,1626.9098623257366,1635.4178162832795,1270400
2023-02-24 09:00:00+09:00,1712.934814453125,1745.075975430722,1681.7389817395747,1691.1922643800444,1500000
2023-02-27 09:00:00+09:00,1731.8414306640625,1770.5998906297975,1714.825521410813,1732.7867589559096,1347200
2023-02-28 09:00:00+09:00,1691.1922607421875,1750.7479412490393,1689.3016042181605,1734.6773607948096,929100
2023-03-01 09:00:00+09:00,1684.574951171875,1705.372172791281,1664.7230578078968,1691.1922489598678,873800
2023-03-02 09:00:00+09:00,1673.2310791015625,1706.3175693662827,1671.340422515007,1693.0829732603947,334800
2023-03-03 09:00:00+09:00,1659.9964599609375,1699.700247727657,1657.1604751204575,1690.246964926057,779100
2023-03-06 09:00:00+09:00,1667.5592041015625,1677.012487571526,1650.5432938556282,1666.6138757545662,589100
2023-03-07 09:00:00+09:00,1729.0054931640625,1737.5134480238091,1686.4657188653293,1686.4657188653293,992000
2023-03-08 09:00:00+09:00,1727.1146240234375,1756.4197982679511,1721.442654814822,1729.0052804263094,508800
2023-03-09 09:00:00+09:00,1829.210205078125,1839.6088160630654,1726.169423500081,1726.169423500081,1101200
2023-03-10 09:00:00+09:00,1848.1168212890625,1866.0780589384192,1780.0531838809743,1795.1784366383272,1513900
2023-03-13 09:00:00+09:00,1784.77978515625,1833.9368555101296,1760.20124997931,1825.4289010258044,1203200
2023-03-14 09:00:00+09:00,1717.6614990234375,1757.3652871131371,1695.9189484028877,1748.8573325224872,1514700
2023-03-15 09:00:00+09:00,1790.451904296875,1798.0145311365661,1729.950889579346,1729.950889579346,1066000
2023-03-16 09:00:00+09:00,1776.271728515625,1816.9208420473822,1752.6385229739058,1752.6385229739058,944600
2023-03-17 09:00:00+09:00,1770.5997314453125,1795.1782648236244,1754.5291519287239,1782.8889981344685,547100
2023-03-20 09:00:00+09:00,1727.1146240234375,1775.3263622966697,1723.3333112176938,1765.8730802823104,431600
2023-03-22 09:00:00+09:00,1717.6614990234375,1756.4199588252873,1714.8255141598875,1753.5839739617372,537500
2023-03-23 09:00:00+09:00,1734.677490234375,1739.404131897139,1695.9190285997106,1713.8802669182135,390900
2023-03-24 09:00:00+09:00,1774.3812255859375,1822.592969062167,1734.6774368408073,1735.6227651442628,820900
2023-03-27 09:00:00+09:00,1764.9278564453125,1785.7250781066928,1752.6385890999516,1781.943765077351,546700
2023-03-28 09:00:00+09:00,1712.934814453125,1789.5064038409303,1695.9189057002793,1781.9437777285543,602800
2023-03-29 09:00:00+09:00,1763.0372314453125,1763.0372314453125,1720.497459104809,1720.497459104809,577000
2023-03-30 09:00:00+09:00,1765.9071044921875,1769.7335554228316,1740.0785607103408,1761.1240408288827,416400
2023-03-31 09:00:00+09:00,1822.3472900390625,1868.2647020715426,1790.7790692667322,1793.6489075187621,562900
2023-04-03 09:00:00+09:00,1827.1302490234375,1838.609601373323,1804.1715443236665,1814.6942839777282,367500
2023-04-04 09:00:00+09:00,1863.4814453125,1868.264508570489,1823.3037139453927,1841.4793543257508,532200
2023-04-05 09:00:00+09:00,1812.78125,1850.089149076517,1807.0415732189974,1841.4796339050133,714900
2023-04-06 09:00:00+09:00,1809.9112548828125,1844.349312586714,1801.3017404568373,1818.520769308788,582300
2023-04-07 09:00:00+09:00,1801.3016357421875,1830.000015493789,1800.345023083801,1828.0867901770157,424400
2023-04-10 09:00:00+09:00,1814.6942138671875,1830.956629067895,1805.128087278536,1808.9545379139965,294400
2023-04-11 09:00:00+09:00,1823.3038330078125,1843.3927000031765,1820.4339948656175,1827.1302838640722,328300
2023-04-12 09:00:00+09:00,1861.568359375,1867.3080357142858,1824.260463169643,1836.6964285714284,487400
2023-04-13 09:00:00+09:00,1857.741943359375,1880.7006491475445,1854.8721051358539,1872.0911344769809,496200
2023-04-14 09:00:00+09:00,1878.7874755859375,1899.8329564733565,1873.0477989802778,1891.2234415648668,603900
2023-04-17 09:00:00+09:00,1849.13232421875,1896.0063458880302,1846.2624861573654,1884.5269936424922,421500
2023-04-18 09:00:00+09:00,1866.351318359375,1866.351318359375,1841.4793889501777,1855.8285789939455,374200
2023-04-19 09:00:00+09:00,1877.83056640625,1879.7437916394708,1853.9152509909895,1856.785088840821,322700
2023-04-20 09:00:00+09:00,1901.74609375,1907.4857700892858,1871.134486607143,1871.134486607143,354300
2023-04-21 09:00:00+09:00,1924.7049560546875,1953.403340091288,1905.572700030287,1915.1388280424871,542200
2023-04-24 09:00:00+09:00,1934.270751953125,1944.7934909597936,1919.9215623985765,1940.9670404119142,264500
2023-04-25 09:00:00+09:00,1935.2275390625,1948.6201171875,1922.7915736607142,1939.053989955357,362900
2023-04-26 09:00:00+09:00,1924.7049560546875,1950.5335016876281,1898.8764104217469,1935.2276968681076,439600
2023-04-27 09:00:00+09:00,1924.7049560546875,1943.837212079088,1916.0954408437071,1924.7049560546875,452600
2023-04-28 09:00:00+09:00,1955.31640625,1970.6222098214284,1937.1407645089284,1959.142857142857,566700
2023-05-01 09:00:00+09:00,1967.75244140625,1976.3619562203755,1948.6201862637488,1970.622279677625,415200
2023-05-02 09:00:00+09:00,1984.9713134765625,1984.9713134765625,1959.1427710843373,1970.6221232586595,380500
2023-05-08 09:00:00+09:00,1988.7978515625,2008.88671875,1984.971400669643,1990.7110770089284,452800
2023-05-09 09:00:00+09:00,2027.0625,2031.845563945257,1982.1016989145824,1991.6678268050966,432200
2023-05-10 09:00:00+09:00,2028.9755859375,2037.5851004464284,2006.016880580357,2037.5851004464284,419100
2023-05-11 09:00:00+09:00,2005.060302734375,2028.0190084908756,1986.8846606771456,2028.0190084908756,297400
2023-05-12 09:00:00+09:00,2027.0625,2032.8021767343087,1948.6202512977818,1974.4487966021707,811300
2023-05-15 09:00:00+09:00,2119.85400390625,2129.4201320827224,2027.0625605944692,2074.89320147683,1013500
2023-05-16 09:00:00+09:00,2117.9404296875,2118.897042347702,2065.3267333763833,2074.8928599784044,582900
2023-05-17 09:00:00+09:00,2141.85595703125,2168.6411141535705,2102.634834102138,2118.897250926404,455400
2023-05-18 09:00:00+09:00,2101.677734375,2134.202560487312,2072.022745860833,2134.202560487312,629900
2023-05-19 09:00:00+09:00,2118.897216796875,2118.897216796875,2075.8496435436655,2101.6781874955914,990100
2023-05-22 09:00:00+09:00,2126.550048828125,2133.2463377808003,2101.6781184324745,2104.5479565550495,493700
2023-05-23 09:00:00+09:00,2160.988037109375,2160.988037109375,2121.766917356615,2135.159494833167,428100
2023-05-24 09:00:00+09:00,2120.810546875,2157.1618327483648,2116.984095730435,2153.3353816038,447900
2023-05-25 09:00:00+09:00,2116.02734375,2135.159598214286,2094.981863839286,2113.157505580357,358500
2023-05-26 09:00:00+09:00,2107.417724609375,2135.1594922052313,2094.9817598250256,2108.374337285094,337300
2023-05-29 09:00:00+09:00,2137.072509765625,2149.5084733408053,2113.1571951979704,2131.3328342693876,335400
2023-05-30 09:00:00+09:00,2208.81884765625,2217.428362437067,2121.7670870946567,2131.3332146288976,910200
2023-05-31 09:00:00+09:00,2169.597412109375,2224.12433119678,2165.770961647101,2200.209015807567,761600
2023-06-01 09:00:00+09:00,2179.16357421875,2191.5995384263197,2152.378420540908,2158.1180963290167,356500
2023-06-02 09:00:00+09:00,2181.0771484375,2201.1660169099505,2167.684569455866,2168.641182240269,358500
2023-06-05 09:00:00+09:00,2221.25439453125,2222.2110071042607,2182.989891610815,2215.514719093185,497800
2023-06-06 09:00:00+09:00,2235.125732421875,2248.0400047898165,2187.7734004060894,2220.7765409019403,422600
2023-06-07 09:00:00+09:00,2224.124755859375,2259.0411229943716,2213.602015078965,2229.8644326486897,416000
2023-06-08 09:00:00+09:00,2197.817626953125,2230.8207643328346,2183.9467431268704,2225.0810882667984,397800
2023-06-09 09:00:00+09:00,2261.91064453125,2262.3889508633565,2200.209127689522,2227.472588619588,673800
2023-06-12 09:00:00+09:00,2285.347900390625,2300.65370466281,2260.4759684483242,2270.04209611844,445600
2023-06-13 09:00:00+09:00,2291.56591796875,2301.6103521739983,2267.650598432445,2278.6516454191456,416300
2023-06-14 09:00:00+09:00,2315.95947265625,2324.568987424489,2296.8272176157193,2304.4801196319313,471300
2023-06-15 09:00:00+09:00,2313.56787109375,2316.4377092633927,2287.739327566964,2300.653599330357,401100
2023-06-16 09:00:00+09:00,2324.569091796875,2351.832556453752,2305.4368358973124,2308.3066742822466,630700
2023-06-19 09:00:00+09:00,2332.221923828125,2336.0483748926504,2311.176442973236,2335.091762126519,372200
2023-06-20 09:00:00+09:00,2341.787841796875,2350.397355921128,2316.4376057643517,2324.0905072081323,397300
2023-06-21 09:00:00+09:00,2369.52978515625,2370.9647042833126,2321.6991475874925,2334.6134197310566,357400
2023-06-22 09:00:00+09:00,2428.361572265625,2448.9287472917076,2381.4875454619946,2381.4875454619946,906300
2023-06-23 09:00:00+09:00,2422.14306640625,2513.499568318492,2411.6203279660963,2456.1028131903818,978300
2023-06-26 09:00:00+09:00,2444.145751953125,2450.8420416845033,2383.400837961335,2425.013495577758,540400
2023-06-27 09:00:00+09:00,2414.968994140625,2442.232458720941,2366.6600481298897,2435.5361691748985,568500
2023-06-28 09:00:00+09:00,2489.58447265625,2489.58447265625,2401.5761070522635,2407.794089404719,788000
2023-06-29 09:00:00+09:00,2461.8427734375,2505.368651110477,2442.7105195153126,2487.1930098843986,497900
2023-06-30 09:00:00+09:00,2508.23828125,2515.8911821844013,2445.58015484959,2454.667974709191,628600
2023-07-03 09:00:00+09:00,2614.422119140625,2629.7279200576577,2535.0232768835185,2535.0232768835185,660200
2023-07-04 09:00:00+09:00,2638.81640625,2651.2523726379827,2578.549799908238,2588.594234298532,605000
2023-07-05 09:00:00+09:00,2602.46484375,2630.684918328432,2579.5061390082246,2621.1187913526924,515100
2023-07-06 09:00:00+09:00,2566.591796875,2626.3800888260575,2557.982282834048,2584.289131292513,659400
2023-07-07 09:00:00+09:00,2506.8037109375,2536.937012557241,2456.581541571265,2536.937012557241,660600
2023-07-10 09:00:00+09:00,2510.630126953125,2527.849156210186,2482.888357594527,2491.019565854806,471800
2023-07-11 09:00:00+09:00,2437.927490234375,2510.630056158571,2417.3603169795038,2508.7168307395127,642600
2023-07-12 09:00:00+09:00,2406.359375,2450.841867918903,2392.48849011131,2448.9286424170145,614100
2023-07-13 09:00:00+09:00,2431.70947265625,2447.9718884843996,2366.659809343652,2404.924317174592,396000
2023-07-14 09:00:00+09:00,2419.75146484375,2429.31759042131,2387.7049441589247,2410.663645545068,374400
2023-07-18 09:00:00+09:00,2464.234619140625,2471.409215275545,2435.5362346009438,2440.3192986908907,316000
2023-07-19 09:00:00+09:00,2525.457763671875,2549.851389798251,2488.149864890359,2512.0651846221,397900
2023-07-20 09:00:00+09:00,2528.3271484375,2561.3302837462757,2515.8911844081063,2525.457310584563,420700
2023-07-21 09:00:00+09:00,2510.151611328125,2510.151611328125,2469.0172670876104,2505.368548044344,412900
2023-07-24 09:00:00+09:00,2515.413330078125,2523.0662323943925,2491.9763167345563,2523.0662323943925,285100
2023-07-25 09:00:00+09:00,2511.1083984375,2525.457589285714,2494.36767578125,2524.5009765625,358500
2023-07-26 09:00:00+09:00,2508.23828125,2519.717632651602,2486.2361910635964,2511.1081191004005,212900
2023-07-27 09:00:00+09:00,2516.36962890625,2517.8045479115185,2491.9760058166817,2498.6722945079355,222700
2023-07-28 09:00:00+09:00,2481.931396484375,2488.1493783988667,2437.4489104807044,2470.452045257621,433500
2023-07-31 09:00:00+09:00,2542.676513671875,2547.937883433047,2509.1950697371435,2529.7622424399074,507100
2023-08-01 09:00:00+09:00,2607.248046875,2611.552804244634,2557.025877562603,2563.722166804256,557200
2023-08-02 09:00:00+09:00,2544.589599609375,2610.1175648624735,2531.6753290850415,2582.854104866659,457800
2023-08-03 09:00:00+09:00,2463.755859375,2536.458420164167,2460.4077151281303,2530.240437991409,601800
2023-08-04 09:00:00+09:00,2490.06298828125,2503.933873156424,2420.230257530374,2463.277831280914,477900
2023-08-07 09:00:00+09:00,2536.45849609375,2577.1145345942155,2459.451176110515,2478.583429522499,704000
2023-08-08 09:00:00+09:00,2563.722412109375,2578.0716047144647,2536.937252579874,2545.0684617227585,381000
2023-08-09 09:00:00+09:00,2537.8935546875,2557.982421875,2514.934849330357,2557.982421875,441300
2023-08-10 09:00:00+09:00,2581.419189453125,2582.3758020858663,2509.6732419975074,2516.3695304266985,425500
2023-08-14 09:00:00+09:00,2567.548583984375,2584.767613236133,2555.1126184136606,2569.940115824897,296800
2023-08-15 09:00:00+09:00,2590.985595703125,2601.986642168174,2569.9401155091177,2589.550676598988,268700
2023-08-16 09:00:00+09:00,2563.722412109375,2576.1583790337863,2552.721364445473,2559.895960748018,194600
2023-08-17 09:00:00+09:00,2477.1484375,2480.018275427206,2393.9231376110256,2476.6701311787992,874500
2023-08-18 09:00:00+09:00,2409.229248046875,2475.7138351976623,2389.6186863693047,2459.45141819675,512400
2023-08-21 09:00:00+09:00,2407.31591796875,2425.9698660714284,2386.7487444196427,2408.7508370535716,262900
2023-08-22 09:00:00+09:00,2416.882080078125,2419.7519182891815,2393.9233743896725,2407.3159527079365,192900
2023-08-23 09:00:00+09:00,2414.968994140625,2414.968994140625,2381.487546410412,2387.705529560309,303800
2023-08-24 09:00:00+09:00,2384.83544921875,2402.0544777329646,2380.052385742579,2397.749720604411,326400
2023-08-25 09:00:00+09:00,2376.704345703125,2393.923374973665,2359.007010063959,2371.4429756482377,273700
2023-08-28 09:00:00+09:00,2414.490478515625,2414.490478515625,2378.6175019132734,2382.4439527508575,246800
2023-08-29 09:00:00+09:00,2441.754150390625,2443.189069577926,2405.4028643123315,2417.360524206507,230500
2023-08-30 09:00:00+09:00,2436.492431640625,2457.537910045059,2427.882917747902,2452.754846771324,293600
2023-08-31 09:00:00+09:00,2464.712646484375,2467.582484613408,2424.0566063230763,2432.1878143553363,376800
2023-09-01 09:00:00+09:00,2548.416259765625,2552.242710606114,2484.8015145424965,2498.194092484208,370400
2023-09-04 09:00:00+09:00,2587.1591796875,2592.8988561815377,2524.9793510020913,2548.4163633527455,436800
2023-09-05 09:00:00+09:00,2537.415283203125,2571.375035344015,2510.1518202167767,2571.375035344015,388400
2023-09-06 09:00:00+09:00,2547.93798828125,2572.8099190848216,2529.2840401785716,2536.936941964286,403600
2023-09-07 09:00:00+09:00,2508.23828125,2535.0234345204044,2498.1938487735983,2535.0234345204044,444300
2023-09-08 09:00:00+09:00,2510.630126953125,2530.718994419696,2470.9306983882348,2470.9306983882348,468700
2023-09-11 09:00:00+09:00,2515.413330078125,2530.240828315893,2490.541397550256,2521.6313132100922,302600
2023-09-12 09:00:00+09:00,2474.279052734375,2558.939287092385,2465.191230967131,2530.719208973048,571200
2023-09-13 09:00:00+09:00,2451.798583984375,2486.2366444695244,2439.362617698071,2471.887452600712,525200
2023-09-14 09:00:00+09:00,2488.628173828125,2506.3255104476984,2471.409143603675,2475.7139011597874,530500
2023-09-15 09:00:00+09:00,2539.806884765625,2562.287284687279,2514.4566465560997,2529.762450758077,608100
2023-09-19 09:00:00+09:00,2530.240478515625,2560.8520835487066,2506.3251620835304,2555.5907139336455,413200
2023-09-20 09:00:00+09:00,2448.92822265625,2506.8032841682434,2431.2308897972107,2499.62868976593,595700
2023-09-21 09:00:00+09:00,2425.013427734375,2458.973181850576,2423.1002021503637,2439.36261961446,343000
2023-09-22 09:00:00+09:00,2463.278076171875,2471.8875917779123,2403.968079774727,2434.1013843958585,643200
2023-09-25 09:00:00+09:00,2442.710693359375,2467.5826252283173,2414.0123104336726,2464.712786935747,405200
2023-09-26 09:00:00+09:00,2459.9296875,2473.322266004764,2430.752998614622,2437.449287867004,315100
2023-09-27 09:00:00+09:00,2458.01611328125,2461.364257432441,2385.7918608769946,2415.4468519303973,448600
2023-09-28 09:00:00+09:00,2419.42138671875,2462.8407136987475,2404.465840758973,2459.946091900081,359700
2023-09-29 09:00:00+09:00,2426.17529296875,2449.8147022659205,2403.500757520444,2406.395379067036,422000
2023-10-02 09:00:00+09:00,2390.957763671875,2448.3677664719057,2386.615830686999,2417.9742355777717,329200
2023-10-03 09:00:00+09:00,2294.952880859375,2384.20372865399,2292.0582587687386,2384.20372865399,561600
2023-10-04 09:00:00+09:00,2187.851806640625,2267.453912064154,2172.413822558486,2267.453912064154,833100
2023-10-05 09:00:00+09:00,2228.37646484375,2235.1305827281,2177.7205807111254,2204.7370522485253,449400
2023-10-06 09:00:00+09:00,2271.795654296875,2282.409267461991,2232.718260370766,2233.6831342948676,353600
2023-10-10 09:00:00+09:00,2307.978515625,2321.969188065035,2272.2781790538775,2274.207926976641,367900
2023-10-11 09:00:00+09:00,2282.8916015625,2307.4958855184777,2259.734628427462,2282.409164622187,346900
2023-10-12 09:00:00+09:00,2340.301513671875,2344.643445979244,2302.6714336746772,2302.6714336746772,313100
2023-10-13 09:00:00+09:00,2342.713623046875,2360.5637886261034,2293.0226215695625,2293.0226215695625,467500
2023-10-16 09:00:00+09:00,2307.49609375,2323.4165142170186,2269.866009009774,2314.2502115238867,353800
2023-10-17 09:00:00+09:00,2295.43505859375,2352.362619946012,2279.5146388935414,2335.9597632851905,209300
2023-10-18 09:00:00+09:00,2290.61083984375,2301.224453676219,2255.8753763920336,2290.128402851365,254100
2023-10-19 09:00:00+09:00,2295.43505859375,2326.311024072943,2280.9619497753783,2283.8565715390528,267000
2023-10-20 09:00:00+09:00,2315.697265625,2327.275751953125,2283.373991292318,2288.198360595703,354200
2023-10-23 09:00:00+09:00,2307.49609375,2326.793573103962,2284.8215555090947,2296.882480105321,287800
2023-10-24 09:00:00+09:00,2362.01123046875,2370.69509528665,2295.917370465846,2314.249973970301,614700
2023-10-25 09:00:00+09:00,2342.713623046875,2395.2992459694674,2334.029758711034,2389.02756617136,502600
2023-10-26 09:00:00+09:00,2320.521728515625,2348.9855085535505,2308.460804770741,2328.2407197123507,332300
2023-10-27 09:00:00+09:00,2325.82861328125,2325.82861328125,2277.5849166772,2318.5920587906426,533800
2023-10-30 09:00:00+09:00,2298.329833984375,2337.4072304060237,2293.987901048636,2310.8731957987316,422600
2023-10-31 09:00:00+09:00,2362.01123046875,2362.9761043374056,2292.5403119255516,2310.390478495679,620100
2023-11-01 09:00:00+09:00,2422.798583984375,2436.306819817024,2378.414380534243,2395.7821123190774,535400
2023-11-02 09:00:00+09:00,2520.25048828125,2530.3816636744173,2450.779571299531,2459.463435922246,1013700
2023-11-06 09:00:00+09:00,2589.7216796875,2640.3775620211786,2484.0679822486845,2545.3374780237054,1242000
2023-11-07 09:00:00+09:00,2580.55517578125,2665.9465136225813,2580.0727388442933,2625.4218109182207,732500
2023-11-08 09:00:00+09:00,2536.6533203125,2611.913479682745,2536.6533203125,2590.2038183259438,689900
2023-11-09 09:00:00+09:00,2538.58349609375,2545.8200510997185,2474.4193750408294,2508.6724020690804,347500
2023-11-10 09:00:00+09:00,2542.925048828125,2542.925048828125,2497.5759775722263,2506.2598422808023,307000
2023-11-13 09:00:00+09:00,2394.33447265625,2531.346560150583,2336.9244782484134,2529.899249367192,1447800
2023-11-14 09:00:00+09:00,2393.85205078125,2408.8075956369976,2353.809785522313,2375.037010478858,519700
2023-11-15 09:00:00+09:00,2417.97412109375,2438.718911039287,2368.7655495950344,2396.264457197258,638100
2023-11-16 09:00:00+09:00,2458.498779296875,2468.6299555851865,2410.737519651979,2419.42138504196,623900
2023-11-17 09:00:00+09:00,2518.80322265625,2522.180281181167,2460.910790800523,2470.0770925110132,409700
2023-11-20 09:00:00+09:00,2475.384033203125,2541.4778964946527,2475.384033203125,2508.672183328055,467600
2023-11-21 09:00:00+09:00,2501.91796875,2511.56670754194,2449.814779273525,2465.2527613406287,365400
2023-11-22 09:00:00+09:00,2525.0751953125,2553.0565406178353,2477.7963704862436,2483.58561434252,482500
2023-11-24 09:00:00+09:00,2594.5458984375,2602.7473265285075,2549.1968254636945,2549.1968254636945,552000
2023-11-27 09:00:00+09:00,2561.2578125,2595.5108365511396,2547.267140704464,2595.5108365511396,298500
2023-11-28 09:00:00+09:00,2552.091552734375,2571.8714683604826,2516.391217214083,2566.5646617290877,247000
2023-11-29 09:00:00+09:00,2582.4853515625,2582.4853515625,2511.5671100755417,2518.803665329313,362500
2023-11-30 09:00:00+09:00,2650.0263671875,2656.780484999374,2570.9067013912595,2570.9067013912595,647700
2023-12-01 09:00:00+09:00,2756.162353515625,2756.6447904758065,2674.1480702848085,2676.5602550857147,640700
2023-12-04 09:00:00+09:00,2777.871826171875,2792.8273709115983,2700.6819178378178,2725.2862011192988,479700
2023-12-05 09:00:00+09:00,2820.326416015625,2875.324228438783,2778.8368382227163,2778.8368382227163,679200
2023-12-06 09:00:00+09:00,2898.481201171875,2932.2517877367936,2820.8088520725623,2820.8088520725623,685700
2023-12-07 09:00:00+09:00,2862.298583984375,2902.3408530675883,2839.6240460697845,2898.4813572523385,429600
2023-12-08 09:00:00+09:00,2806.818359375,2838.1767631837615,2789.933065016436,2820.3265948618514,548500
2023-12-11 09:00:00+09:00,2845.895751953125,2854.0971806331054,2802.4764236473475,2808.2656674214513,424700
2023-12-12 09:00:00+09:00,2848.307861328125,2880.6311382097283,2819.361643225197,2848.7902982965074,376700
2023-12-13 09:00:00+09:00,3041.28271484375,3082.772295027215,2890.7623774339704,2894.6218732649904,1087000
2023-12-14 09:00:00+09:00,3008.47705078125,3062.509993322543,2957.3387301618127,2991.1093192501203,839800
2023-12-15 09:00:00+09:00,2933.216796875,2994.003855494449,2909.0949482164883,2958.303519479852,845100
2023-12-18 09:00:00+09:00,2856.026611328125,2894.139128607673,2778.8367029138512,2874.359214576515,705200
2023-12-19 09:00:00+09:00,2857.95654296875,2887.8676344042774,2830.940073285048,2865.193097348313,521500
2023-12-20 09:00:00+09:00,2884.972900390625,2925.497603339256,2871.4646660744147,2882.078278751437,402000
2023-12-21 09:00:00+09:00,2852.649658203125,2875.3241946373455,2817.4317611882716,2854.579405984761,372800
2023-12-22 09:00:00+09:00,2879.666259765625,2886.420377312403,2851.6849156432586,2872.4297052512197,301500
2023-12-25 09:00:00+09:00,2855.544677734375,2922.6034224894147,2837.21207125458,2913.9195562621435,286900
2023-12-26 09:00:00+09:00,2888.83251953125,2896.551510899403,2839.623949559275,2855.061932295581,283800
2023-12-27 09:00:00+09:00,2892.20947265625,2908.129891771789,2865.6754407970184,2894.6216573707256,249000
2023-12-28 09:00:00+09:00,2890.761962890625,2890.761962890625,2890.761962890625,2890.761962890625,143900
2023-12-29 09:00:00+09:00,2893.65673828125,2910.0595940834446,2860.8510266768612,2897.516233764119,573900
2024-01-04 09:00:00+09:00,2884.49072265625,2890.7624034380747,2833.352402435216,2887.867781538771,668200
2024-01-05 09:00:00+09:00,2859.886474609375,2869.0527774126103,2800.0642878935246,2855.5445417025794,595300
2024-01-09 09:00:00+09:00,2989.1796875,2989.1796875,2873.3948061249193,2883.0435462395094,589000
2024-01-10 09:00:00+09:00,3053.826171875,3059.6154158027252,2979.5308748025277,2992.074236645932,441300
2024-01-11 09:00:00+09:00,3080.8427734375,3121.367482640248,3058.650670778852,3119.4377345829744,533500
2024-01-12 09:00:00+09:00,3119.437255859375,3137.7698595900674,3071.1935618312377,3105.929021531497,444700
2024-01-15 09:00:00+09:00,3180.224609375,3199.5220888008193,3141.6296505233618,3145.4891464085254,73500
2024-01-16 09:00:00+09:00,3310.482666015625,3326.8855238769675,3141.6297174429833,3145.489213410358,670900
2024-01-17 09:00:00+09:00,3362.585693359375,3422.4078778610337,3321.096113785644,3321.096113785644,973000
2024-01-18 09:00:00+09:00,3392.49658203125,3458.10800625711,3379.9532215174822,3382.8478431745057,656200
2024-01-19 09:00:00+09:00,3368.375,3386.707605270696,3324.9556717272985,3386.707605270696,504100
2024-01-22 09:00:00+09:00,3452.31884765625,3466.791956296508,3367.409943633402,3391.5317913671656,388300
2024-01-23 09:00:00+09:00,3379.953125,3445.5645473522695,3369.3395125606626,3438.8104303454184,586100
2024-01-24 09:00:00+09:00,3360.65576171875,3430.1266818576387,3322.060806086034,3420.4779429494597,415000
2024-01-25 09:00:00+09:00,3458.10791015625,3461.9674055916926,3384.7774968828476,3386.7072446005686,446000
2024-01-26 09:00:00+09:00,3292.14990234375,3416.6186413245073,3263.203683976132,3400.215784249524,926700
2024-01-29 09:00:00+09:00,3307.587890625,3323.9907477255324,3262.2388151117634,3262.2388151117634,550800
2024-01-30 09:00:00+09:00,3292.14990234375,3329.7799862216534,3281.5362889422904,3303.7283896907975,672100
2024-01-31 09:00:00+09:00,3319.166259765625,3321.0960075910702,3253.5548337004907,3266.0981945658837,483100
2024-02-01 09:00:00+09:00,3388.63720703125,3417.583424631175,3324.955528311414,3328.8150239914044,446900
2024-02-02 09:00:00+09:00,3955.01806640625,4064.0488157363075,3453.2836447104096,3456.178266374039,4596600
2024-02-05 09:00:00+09:00,3805.462890625,3860.4607062349455,3774.586923966785,3819.9359999960384,1414400
2024-02-06 09:00:00+09:00,3831.514404296875,3860.4606224104245,3766.867850509947,3818.0061691772185,772100
2024-02-07 09:00:00+09:00,3898.090576171875,3931.8611628466315,3781.3408336677176,3813.1816725324875,1274500
2024-02-08 09:00:00+09:00,3830.54931640625,3892.3012449326984,3811.251838741735,3883.6173799836665,1105900
2024-02-09 09:00:00+09:00,3880.722900390625,4029.3134838466563,3837.303574056071,3864.320043775349,890300
2024-02-13 09:00:00+09:00,3977.210205078125,3978.175078975524,3815.111390315116,3889.4066804148283,855000
2024-02-14 09:00:00+09:00,3996.508056640625,4040.892260070241,3976.245702901018,3984.929568789421,533000
2024-02-15 09:00:00+09:00,4100.71435546875,4112.292843060662,3997.4728411075366,4060.1896488970588,507300
2024-02-16 09:00:00+09:00,4141.2392578125,4272.462123390902,4075.627825023299,4124.8363996152,589800
2024-02-19 09:00:00+09:00,4148.95751953125,4202.9904546693315,4107.467944335937,4175.009113258539,368300
2024-02-20 09:00:00+09:00,4104.57421875,4164.396409996474,4069.8387528649505,4148.958425158674,505300
2024-02-21 09:00:00+09:00,4103.6083984375,4161.500828229706,4067.908066732307,4127.730244184252,425600
2024-02-22 09:00:00+09:00,4098.78466796875,4111.328029711592,4055.3653388589114,4100.714415929187,480500
2024-02-26 09:00:00+09:00,4035.10302734375,4147.993284206308,4026.4191614312454,4120.011938488238,388400
2024-02-27 09:00:00+09:00,3948.26416015625,4043.7866801600303,3919.317941973286,4015.8053359164987,538300
2024-02-28 09:00:00+09:00,3803.532958984375,3917.3880805369263,3747.5702721195617,3900.0203501306046,855600
2024-02-29 09:00:00+09:00,3794.848876953125,3830.549209637403,3720.5535900155733,3801.602993947448,759000
2024-03-01 09:00:00+09:00,3914.493408203125,3949.228868566771,3805.4626576172354,3830.54937899098,483200
2024-03-04 09:00:00+09:00,3955.983154296875,3985.89424643912,3915.458448813834,3919.3179445741234,420000
2024-03-05 09:00:00+09:00,3910.63427734375,3969.491590671648,3878.7934357073464,3917.388395266624,402800
2024-03-06 09:00:00+09:00,3807.392333984375,3882.6524966936454,3788.0948563666134,3843.0926675772344,707500
2024-03-07 09:00:00+09:00,3847.917236328125,3929.9315204524705,3818.006144471011,3859.495723498621,685600
2024-03-08 09:00:00+09:00,3915.458251953125,3981.0696765792495,3807.392376098332,3811.251871664575,749700
2024-03-11 09:00:00+09:00,3824.76025390625,3854.6713457001683,3726.343113164969,3811.2520189025445,459400
2024-03-12 09:00:00+09:00,3813.181884765625,3845.022725402585,3767.8328087069244,3824.760372269974,279200
2024-03-13 09:00:00+09:00,3815.111572265625,3856.6011518324995,3771.692244811919,3830.549555360276,326600
2024-03-14 09:00:00+09:00,3796.779052734375,3806.4277923855425,3756.254346199472,3805.462918420426,273000
2024-03-15 09:00:00+09:00,3827.65478515625,3847.917137182537,3772.6569725134705,3783.270585479621,505300
2024-03-18 09:00:00+09:00,3863.355224609375,3863.355224609375,3816.076401930589,3842.1279981005323,351800
2024-03-19 09:00:00+09:00,3931.861328125,3931.861328125,3863.3552779907973,3886.512252684049,312900
2024-03-21 09:00:00+09:00,4010.980712890625,4058.259532936726,3975.280379386427,3977.2101271434103,382400
2024-03-22 09:00:00+09:00,4034.1376953125,4061.154163972809,3982.0345057533336,4025.4538303859727,409200
2024-03-25 09:00:00+09:00,4023.524169921875,4126.765677399487,4015.8051787085956,4066.9434954965714,389300
2024-03-26 09:00:00+09:00,3995.542724609375,4024.48894091903,3936.6854181130766,3982.9993642085246,279800
2024-03-27 09:00:00+09:00,4146.0634765625,4172.1150739251225,4011.9459938438154,4022.559607584143,687100
2024-03-28 09:00:00+09:00,4078.174560546875,4221.710787648168,4048.1095400053878,4192.615606478987,510900
2024-03-29 09:00:00+09:00,4242.07763671875,4261.474425181113,4144.123854983818,4146.063533830054,477300
2024-04-01 09:00:00+09:00,4200.37451171875,4300.267971591073,4170.3094898154295,4247.896643114321,448700
2024-04-02 09:00:00+09:00,4276.02197265625,4306.086994464447,4154.792046010291,4199.404659016004,1109000
2024-04-03 09:00:00+09:00,4297.35791015625,4336.151481902188,4261.473856291258,4274.081767108687,511900
2024-04-04 09:00:00+09:00,4385.61376953125,4411.799433347557,4301.237741678702,4331.302763097427,471300
2024-04-05 09:00:00+09:00,4374.9453125,4407.919850435048,4271.172501939703,4343.9104532670135,569900
2024-04-08 09:00:00+09:00,4424.4072265625,4533.029236508795,4388.523169705241,4407.9199571956515,463400
2024-04-09 09:00:00+09:00,4522.361328125,4572.792979221397,4445.744012036243,4492.296305355994,526900
2024-04-10 09:00:00+09:00,4655.22900390625,4752.21294148763,4547.576833190918,4577.641853841146,760100
2024-04-11 09:00:00+09:00,4678.5048828125,4683.354079415747,4509.752841019512,4558.2448070519795,513000
2024-04-12 09:00:00+09:00,4626.1337890625,4697.9019023519395,4599.9481261055425,4678.505114976415,481600
2024-04-15 09:00:00+09:00,4640.68115234375,4686.2636004440965,4583.460632387996,4671.716010624837,397000
2024-04-16 09:00:00+09:00,4438.95458984375,4603.827275068447,4392.4023022508945,4583.460649246573,481100
2024-04-17 09:00:00+09:00,4311.90625,4372.0362966711655,4180.008083108412,4371.066457208727,727600
2024-04-18 09:00:00+09:00,4294.44873046875,4326.453429679561,4240.137725747375,4291.539212358676,511400
2024-04-19 09:00:00+09:00,4155.76171875,4421.497707300175,4080.1142475568845,4302.207464264878,763300
2024-04-22 09:00:00+09:00,4136.36474609375,4270.202573751649,4084.96326155847,4190.675748621593,508000
2024-04-23 09:00:00+09:00,4102.42041015625,4176.128200031398,4063.6268365377514,4112.118803560875,614500
2024-04-24 09:00:00+09:00,4167.39990234375,4175.158617544763,4025.803349925275,4123.757129338056,500100
2024-04-25 09:00:00+09:00,3953.065185546875,4137.334661811327,3953.065185546875,4099.510927209676,828200
2024-04-26 09:00:00+09:00,3985.070068359375,4052.9588259123457,3923.9701865617017,3968.5827986679396,839600
2024-04-30 09:00:00+09:00,3999.617919921875,4053.9289295037433,3937.548194685454,4052.9590900469243,561600
2024-05-01 09:00:00+09:00,3923.969970703125,3947.2461148694315,3865.7796102873594,3931.728685425227,571800
2024-05-02 09:00:00+09:00,3938.517822265625,3975.371719642156,3846.3830788242967,3859.9608304893345,546400
2024-05-07 09:00:00+09:00,3912.33203125,3960.82399990704,3884.2066894289164,3956.9446424144767,431500
2024-05-08 09:00:00+09:00,3818.257568359375,3928.8192556321637,3808.5591747389553,3922.03038009787,415400
2024-05-09 09:00:00+09:00,3936.578125,3982.1605768046315,3823.10691518847,3852.202097191426,408600
2024-05-10 09:00:00+09:00,4001.55712890625,4048.109417366623,3946.2762863595567,3946.2762863595567,442000
2024-05-13 09:00:00+09:00,3965.67333984375,3998.647879720171,3881.297311336436,3983.1304491900905,449400
2024-05-14 09:00:00+09:00,3976.34130859375,4039.3808659251144,3929.7890201028963,3997.6777741520577,499400
2024-05-15 09:00:00+09:00,3682.47998046875,3769.7655212225523,3525.3660071119057,3704.7862853280553,1646700
2024-05-16 09:00:00+09:00,3605.862548828125,3695.087765205798,3589.3752805844247,3682.4798541959094,1082800
2024-05-17 09:00:00+09:00,3563.189697265625,3594.2245558155705,3521.486606089136,3588.405519837456,628500
2024-05-20 09:00:00+09:00,3582.586669921875,3590.345384962312,3539.9137371994702,3552.5216491401807,493200
2024-05-21 09:00:00+09:00,3564.15966796875,3618.470672433036,3559.3104711415817,3596.164367028061,400600
2024-05-22 09:00:00+09:00,3436.140869140625,3587.4358100342006,3428.3821542230057,3565.129504646045,539700
2024-05-23 09:00:00+09:00,3471.054931640625,3473.9644496051183,3370.1916422048535,3421.593126244237,527300
2024-05-24 09:00:00+09:00,3358.5537109375,3429.351984370488,3335.2775662472027,3389.5885705245632,706700
2024-05-27 09:00:00+09:00,3346.91552734375,3378.9202252291,3326.5489014167088,3358.5535993020594,558000
2024-05-28 09:00:00+09:00,3274.177734375,3315.8808275557244,3249.931749967602,3279.0269312564797,542500
2024-05-29 09:00:00+09:00,3284.845947265625,3337.2172732627737,3278.057071673402,3301.3332165610236,567700
2024-05-30 09:00:00+09:00,3312.97119140625,3312.97119140625,3225.6856506490594,3246.0522768257374,623200
2024-05-31 09:00:00+09:00,3562.219970703125,3582.586597271262,3388.6187251937704,3438.0805325735305,1577600
2024-06-03 09:00:00+09:00,3622.35009765625,3695.0880514244477,3583.556522313211,3588.405719231091,554700
2024-06-04 09:00:00+09:00,3741.640380859375,3762.007008126883,3629.1390111912337,3636.897726340761,658700
2024-06-05 09:00:00+09:00,3772.675048828125,3795.9511930882472,3729.0322783403963,3747.4592258796597,562600
2024-06-06 09:00:00+09:00,3754.248291015625,3789.1625091702526,3706.7261607496043,3789.1625091702526,564500
2024-06-07 09:00:00+09:00,3695.088134765625,3757.157856714444,3679.57070427842,3724.1833169291335,453400
2024-06-10 09:00:00+09:00,3748.42919921875,3773.6450230686046,3697.997551519041,3733.881608536142,278700
2024-06-11 09:00:00+09:00,3814.378173828125,3855.111426637884,3740.670383029514,3756.187812671327,297200
2024-06-12 09:00:00+09:00,3765.886474609375,3799.8308543702115,3729.032576583324,3786.253102465877,379300
2024-06-13 09:00:00+09:00,3706.72607421875,3811.4687262374905,3685.3896080667846,3799.830653790964,300500
2024-06-14 09:00:00+09:00,3868.689208984375,3886.146317473149,3705.756196422486,3721.273626190285,610500
2024-06-17 09:00:00+09:00,3834.7451171875,3856.0815847085228,3770.735714624431,3851.232387544654,280100
2024-06-18 09:00:00+09:00,3943.366943359375,3962.7637310788014,3886.146419587067,3902.63368914858,258900
2024-06-19 09:00:00+09:00,3965.67333984375,4016.104989066512,3938.517836416109,3974.4018945169205,269900
2024-06-20 09:00:00+09:00,3980.220703125,4046.169779102705,3948.216004488761,3986.03973924068,293400
2024-06-21 09:00:00+09:00,3953.065185546875,4062.657031956786,3943.3667920592725,4032.5920121452173,408500
2024-06-24 09:00:00+09:00,3962.763671875,3999.6175679913117,3929.7891332446156,3942.3970450738802,321300
2024-06-25 09:00:00+09:00,3937.5478515625,3952.0954421470906,3893.9050798087283,3952.0954421470906,270500
2024-06-26 09:00:00+09:00,3912.33203125,3948.2160880562096,3862.870223219819,3922.030424981408,360200
2024-06-27 09:00:00+09:00,3941.427001953125,3946.276198559859,3891.9651965644416,3891.9651965644416,297800
2024-06-28 09:00:00+09:00,3931.728759765625,3978.2810489784392,3912.331972593619,3941.427153351628,275900
2024-07-01 09:00:00+09:00,4007.376220703125,4038.4110801083766,3974.401682585045,3976.3413612978734,263800
2024-07-02 09:00:00+09:00,4060.7177734375,4083.0240807671066,4013.195640430947,4020.9543560238535,357400
2024-07-03 09:00:00+09:00,4041.320556640625,4092.722042002265,4025.8031270974884,4067.506218994668,345000
2024-07-04 09:00:00+09:00,4083.023681640625,4122.787095167291,4043.260268113959,4082.053842286316,271800
2024-07-05 09:00:00+09:00,4092.7216796875,4150.912035322867,4074.2947337363007,4095.6311974692685,278800
2024-07-08 09:00:00+09:00,4074.29541015625,4165.460315786978,3956.944840142228,4124.727060079631,927700
2024-07-09 09:00:00+09:00,4118.90771484375,4133.455305077481,4082.0538195849645,4102.420445912188,409000
2024-07-10 09:00:00+09:00,4271.1728515625,4287.660121879612,4128.606455290999,4134.42549187351,552800
2024-07-11 09:00:00+09:00,4264.3837890625,4320.63447356685,4229.469571094283,4286.6900949866385,325600
2024-07-12 09:00:00+09:00,4261.47412109375,4302.2073739580965,4213.951992752012,4254.685245616359,260100
2024-07-16 09:00:00+09:00,4258.56396484375,4294.448015560948,4234.317984629427,4267.292517720906,214300
2024-07-17 09:00:00+09:00,4325.4833984375,4361.367453536645,4283.780307376331,4350.699220939602,294100
2024-07-18 09:00:00+09:00,4169.33984375,4314.815762931787,4162.550967521517,4269.233308254827,274100
2024-07-19 09:00:00+09:00,4186.796875,4210.073021629603,4079.144696838082,4159.641370598795,210800
2024-07-22 09:00:00+09:00,4180.9775390625,4216.861595881176,4164.490269713378,4170.309305954245,167600
2024-07-23 09:00:00+09:00,4193.58544921875,4244.01709661916,4153.822034922272,4204.253682322683,179500
2024-07-24 09:00:00+09:00,4068.47607421875,4156.7314550897645,4068.47607421875,4156.7314550897645,224200
2024-07-25 09:00:00+09:00,3937.5478515625,4000.587410762392,3836.6845568426725,4000.587410762392,372000
2024-07-26 09:00:00+09:00,3854.1416015625,3955.9747339641262,3849.29240478147,3938.517625552419,222700
2024-07-29 09:00:00+09:00,3956.94482421875,3994.7685615090763,3870.6291160433902,3917.1814080930226,197600
2024-07-30 09:00:00+09:00,4046.169921875,4051.0191188091744,3963.7335739940377,3967.612931541377,290900
2024-07-31 09:00:00+09:00,4132.4853515625,4132.4853515625,3976.341220700833,3978.280899345077,236000
2024-08-01 09:00:00+09:00,4045.199951171875,4185.8266576978685,4023.8634853541375,4122.787099600009,359700
2024-08-02 09:00:00+09:00,3695.088134765625,3917.1813586137423,3686.359580116572,3909.42264337014,416500
2024-08-05 09:00:00+09:00,3105.425537109375,3488.512072761531,3016.2003186789993,3446.808981538638,588500
2024-08-06 09:00:00+09:00,3548.64208984375,3654.354576258882,3404.136030432239,3444.8692820784368,521300
2024-08-07 09:00:00+09:00,3520.51708984375,3723.2135283499056,3362.4332645973227,3379.890374133738,522600
2024-08-08 09:00:00+09:00,3478.81396484375,3604.893088186289,3322.669819781067,3384.7395420420094,389700
2024-08-09 09:00:00+09:00,3611.681640625,3725.1528414717036,3527.305619482579,3614.591158595428,363000
2024-08-13 09:00:00+09:00,3698.96728515625,3698.96728515625,3542.8231496265817,3589.3754384801473,404700
2024-08-14 09:00:00+09:00,3697.027587890625,3809.528952055188,3670.8419255419767,3732.9116437017356,230900
2024-08-15 09:00:00+09:00,3801.7705078125,3830.865690270249,3733.88174874442,3749.3991793885525,175500
2024-08-16 09:00:00+09:00,3880.327392578125,3923.000325663213,3811.4687960090055,3859.9607654238785,324900
2024-08-19 09:00:00+09:00,3840.56396484375,3890.025773481889,3839.5941254586883,3879.357540246212,132500
2024-08-20 09:00:00+09:00,3885.17626953125,3897.784180540712,3833.7747861849803,3886.14610883967,115400
2024-08-21 09:00:00+09:00,3859.960693359375,3890.0257138352895,3812.438564220026,3818.2576004411703,103500
2024-08-22 09:00:00+09:00,3860.930419921875,3892.935118203066,3835.7145970336637,3859.9605805800206,185600
2024-08-23 09:00:00+09:00,3884.206787109375,3951.1257055389747,3849.2925687982793,3876.4480719291314,303900
2024-08-26 09:00:00+09:00,3826.986083984375,3915.2414650392607,3747.459257099753,3850.2622284384106,162900
2024-08-27 09:00:00+09:00,3964.703369140625,3964.703369140625,3843.473447139016,3867.7194315393376,196600
2024-08-28 09:00:00+09:00,3986.039794921875,3994.7683492173246,3884.206661474966,3896.8145732350595,185400
2024-08-29 09:00:00+09:00,3881.296875,4000.587108789355,3881.296875,3967.61257261994,105800
2024-08-30 09:00:00+09:00,3915.241455078125,3937.547760123158,3861.9002908400034,3863.8399695395715,182500
2024-09-02 09:00:00+09:00,3851.232177734375,3928.8193281294266,3851.232177734375,3924.9399706096738,117300
2024-09-03 09:00:00+09:00,4025.80322265625,4116.968123386119,3855.111493630112,3855.111493630112,458300
2024-09-04 09:00:00+09:00,3894.875,3942.3971302290834,3819.227527390438,3855.1115849103585,316300
2024-09-05 09:00:00+09:00,3817.287841796875,3908.452744522715,3814.3783236247737,3878.387723411002,237900
2024-09-06 09:00:00+09:00,3789.16259765625,3847.35296260618,3746.489663359635,3817.287940715383,246000
2024-09-09 09:00:00+09:00,3864.809814453125,3885.1764408279096,3697.9974460501294,3721.2735904784545,237700
2024-09-10 09:00:00+09:00,3948.216064453125,3970.5223699020125,3870.6289150656894,3885.1765055758333,283000
2024-09-11 09:00:00+09:00,3869.6591796875,3968.5827978148495,3828.925925164474,3915.2416311775532,226800
2024-09-12 09:00:00+09:00,3942.3974609375,4016.1052609451876,3925.9101898831486,3995.738631995695,299000
2024-09-13 09:00:00+09:00,3860.930419921875,3933.6683705609457,3840.563793742935,3916.211262407569,227400
2024-09-17 09:00:00+09:00,3826.986083984375,3922.030340505021,3754.2481325655135,3887.1161238239674,264600
2024-09-18 09:00:00+09:00,3800.800537109375,3852.202024342546,3739.7006560586246,3829.895718562113,173300
2024-09-19 09:00:00+09:00,3895.844970703125,3927.849671732053,3861.900590823959,3905.5433649543156,210900
2024-09-20 09:00:00+09:00,3775.584716796875,3951.125645063054,3754.2482503777815,3925.909821113216,562100
2024-09-24 09:00:00+09:00,3766.856201171875,3849.292549549735,3758.1276466377485,3843.473513193651,356600
2024-09-25 09:00:00+09:00,3726.122802734375,3809.528987282828,3702.846658209225,3766.8560556533866,248600
2024-09-26 09:00:00+09:00,3993.79833984375,3993.79833984375,3794.011438919075,3794.011438919075,557000
2024-09-27 09:00:00+09:00,4032.84814453125,4069.945271012051,3962.5588522518383,4040.658065895629,412100
2024-09-30 09:00:00+09:00,3804.407958984375,3859.0774087413997,3761.4533913181417,3827.837723165957,422700
2024-10-01 09:00:00+09:00,3871.7685546875,3888.3646377509617,3807.336702794062,3812.21790369508,222800
2024-10-02 09:00:00+09:00,3767.310791015625,3893.2457721094356,3764.382070525071,3832.718881971325,228100
2024-10-03 09:00:00+09:00,3831.742431640625,3934.247643187699,3824.90875087082,3921.556521758061,267400
2024-10-04 09:00:00+09:00,3833.695068359375,3878.6021152512853,3795.6217025162337,3849.3149107565614,219300
2024-10-07 09:00:00+09:00,3952.79638671875,3991.845992910093,3902.031898670003,3941.0815048613467,316300
2024-10-08 09:00:00+09:00,3869.81591796875,3930.342806695809,3806.3603088194136,3872.744638391027,241700
2024-10-09 09:00:00+09:00,3857.125,3888.364686155404,3828.8140344216654,3871.7686028853454,203700
2024-10-10 09:00:00+09:00,3944.010498046875,3973.29770471554,3877.6261629312344,3895.1984869324333,298500
2024-10-11 09:00:00+09:00,3947.915283203125,3978.178728746967,3924.485518911118,3944.0103224877903,219300
2024-10-15 09:00:00+09:00,3956.701171875,4061.158863804589,3956.701171875,4025.037979679404,237000
2024-10-16 09:00:00+09:00,3928.390625,3966.4639933834496,3888.3647761866305,3888.3647761866305,202400
2024-10-17 09:00:00+09:00,3787.81201171875,3928.3906018443945,3774.144648789868,3928.3906018443945,247300
2024-10-18 09:00:00+09:00,3746.809814453125,3823.9327887474965,3732.1662117390038,3823.9327887474965,280300
2024-10-21 09:00:00+09:00,3788.7880859375,3791.716806436808,3732.1661562842214,3791.716806436808,167000
2024-10-22 09:00:00+09:00,3692.14013671875,3743.8808631190923,3633.56572947308,3720.451100220824,219600
2024-10-23 09:00:00+09:00,3674.56787109375,3738.9997200555426,3657.9717887854094,3706.7837955746463,194900
2024-10-24 09:00:00+09:00,3694.0927734375,3710.6888561934293,3614.0410801441926,3632.589643224349,191200
2024-10-25 09:00:00+09:00,3618.922119140625,3697.021328617628,3606.230997600612,3682.37772684069,178400
2024-10-28 09:00:00+09:00,3646.2568359375,3668.7103586219882,3612.08843185241,3624.779553369729,257300
2024-10-29 09:00:00+09:00,3681.40185546875,3685.3068163337393,3627.7086435751457,3646.257207683845,278100
2024-10-30 09:00:00+09:00,3689.211669921875,3720.4513559333864,3650.1620624074862,3696.045351236893,499500
2024-10-31 09:00:00+09:00,3715.570068359375,3739.976072486801,3663.8293396092313,3674.567981425299,320300
2024-11-01 09:00:00+09:00,3592.56396484375,3665.781980431598,3571.0866802713144,3647.2334164826766,191400
2024-11-05 09:00:00+09:00,3553.51416015625,3584.7538450807006,3529.108156309023,3574.015203387921,353800
2024-11-06 09:00:00+09:00,3604.278564453125,3673.5916137695312,3545.7041565801055,3560.34775854836,368800
2024-11-07 09:00:00+09:00,3652.1142578125,3729.237226635592,3646.2568171423914,3672.6153001578787,311300
2024-11-08 09:00:00+09:00,3668.71044921875,3668.71044921875,3571.0864351362925,3604.278599924328,290400
2024-11-11 09:00:00+09:00,3752.667236328125,3826.861489699857,3674.5680222526175,3823.9327691720255,404200
2024-11-12 09:00:00+09:00,3775.12060546875,3825.8850925347897,3735.09475989745,3746.8096415280743,398200
2024-11-13 09:00:00+09:00,3729.2373046875,3864.9346830517834,3725.3323441590314,3811.2414757853403,336300
2024-11-14 09:00:00+09:00,3646.2568359375,3735.0946865587352,3646.2568359375,3729.2372458584337,246500
2024-11-15 09:00:00+09:00,3675.54443359375,3699.950439128901,3645.2809867301626,3690.1880369148407,263800
2024-11-18 09:00:00+09:00,3606.231201171875,3675.5442534954273,3577.9202361383113,3643.328327767579,208300
2024-11-19 09:00:00+09:00,3620.87451171875,3641.375553710148,3575.967467356641,3601.349709822181,201900
2024-11-20 09:00:00+09:00,3639.42333984375,3669.68678499803,3586.7063708653263,3613.0648553545384,219900
2024-11-21 09:00:00+09:00,3536.918212890625,3642.352153545383,3519.3458894481655,3602.326305704225,267000
2024-11-22 09:00:00+09:00,3606.231201171875,3608.1836815190172,3507.6309436411875,3544.7280702368917,235200
2024-11-25 09:00:00+09:00,3600.373779296875,3670.663072168181,3587.6826569728896,3634.5421855537597,438000
2024-11-26 09:00:00+09:00,3613.064697265625,3613.064697265625,3548.632849111199,3588.6586941768273,178600
2024-11-27 09:00:00+09:00,3590.611572265625,3606.2314159731427,3534.965879057593,3596.469013655944,178000
2024-11-28 09:00:00+09:00,3612.088623046875,3633.565906751478,3563.276614627323,3590.611339342272,193700
2024-11-29 09:00:00+09:00,3697.997802734375,3705.807724176264,3612.0886668735975,3612.0886668735975,271700
2024-12-02 09:00:00+09:00,3729.2373046875,3742.9046665371397,3653.0905743823623,3684.3302586101113,271800
2024-12-03 09:00:00+09:00,3841.505126953125,3853.220009170009,3725.332544969028,3744.857348663834,316300
2024-12-04 09:00:00+09:00,3768.287109375,3832.71896150421,3742.9048645968264,3832.71896150421,213600
2024-12-05 09:00:00+09:00,3808.312744140625,3889.3406748670213,3778.0493001343807,3800.5028231067554,323800
2024-12-06 09:00:00+09:00,3769.26318359375,3826.8613519004143,3738.999739229231,3816.1227103517144,141000
2024-12-09 09:00:00+09:00,3797.57421875,3809.2891006587406,3765.358293500964,3790.740537636568,175200
2024-12-10 09:00:00+09:00,3780.001953125,3857.124926858697,3733.1424247804753,3834.671402860279,216300
2024-12-11 09:00:00+09:00,3807.336669921875,3817.0990716396236,3769.2633032226563,3780.00194511218,165500
2024-12-12 09:00:00+09:00,3847.362548828125,3893.245837281543,3807.336701453866,3852.2437497274245,228100
2024-12-13 09:00:00+09:00,3757.54833984375,3818.07522918392,3732.1660959269047,3774.1444224047646,340900
2024-12-16 09:00:00+09:00,3752.667236328125,3812.2178870606995,3743.8810747446305,3780.0019612545525,120300
2024-12-17 09:00:00+09:00,3797.57421875,3861.0298290890105,3746.809730478792,3805.3841400224937,190700
2024-12-18 09:00:00+09:00,3796.597900390625,3846.3861474772593,3790.7404595569033,3835.64750594877,154000
2024-12-19 09:00:00+09:00,3906.9130859375,3906.9130859375,3739.9760200466176,3741.9285003494347,255500
2024-12-20 09:00:00+09:00,4012.34716796875,4092.3988632907544,3960.6064380655034,4022.1095698372874,634700
2024-12-23 09:00:00+09:00,4065.06396484375,4080.6838071678376,4002.5845955474006,4080.6838071678376,306100
2024-12-24 09:00:00+09:00,4085.565185546875,4128.51975380591,4053.3492593525984,4075.8027836698216,327600
2024-12-25 09:00:00+09:00,4069.945068359375,4090.446110920072,4006.489460433407,4090.446110920072,210100
2024-12-26 09:00:00+09:00,4053.34912109375,4089.4700068067727,4022.109436152758,4066.0402431010284,240900
2024-12-27 09:00:00+09:00,4008.44189453125,4041.6340582950256,3972.3210104353766,4022.10925608104,387400
2024-12-30 09:00:00+09:00,3954.748779296875,4004.5370260863447,3897.150611442391,4002.584545820091,277900
2025-01-06 09:00:00+09:00,3818.0751953125,3999.6558617221463,3809.289034034614,3951.820094764766,281800
2025-01-07 09:00:00+09:00,3847.362548828125,3878.6022345836436,3801.4792603747064,3848.338789007985,237900
2025-01-08 09:00:00+09:00,3786.83544921875,3821.0038536329434,3768.2868868224737,3817.098893128464,264100
2025-01-09 09:00:00+09:00,3665.781982421875,3753.6436011749956,3656.019580338195,3752.6673609666277,354500
2025-01-10 09:00:00+09:00,3643.328369140625,3701.9027802200562,3626.732286001453,3626.732286001453,441300
2025-01-14 09:00:00+09:00,3536.918212890625,3658.9482367965948,3519.3458894481655,3612.0887076167023,346800
2025-01-15 09:00:00+09:00,3486.153564453125,3553.5141345867755,3451.985159312868,3536.918052090079,370700
2025-01-16 09:00:00+09:00,3486.153564453125,3528.1318907682985,3469.5574819564285,3488.106044746854,242100
2025-01-17 09:00:00+09:00,3464.67626953125,3477.367391397665,3407.078101060598,3451.0089075212645,353800
2025-01-20 09:00:00+09:00,3680.425537109375,3710.6889831704866,3520.3221450441392,3533.013267585896,926200
2025-01-21 09:00:00+09:00,3705.8076171875,3749.7384240298175,3596.468720157732,3696.0452156669853,441300
2025-01-22 09:00:00+09:00,3754.619873046875,3842.481492540952,3710.689063299837,3719.4752252492444,376200
2025-01-23 09:00:00+09:00,3626.732177734375,3757.5483585732463,3594.516252602414,3753.6433979511903,424100
2025-01-24 09:00:00+09:00,3737.047119140625,3757.5481613302677,3587.682383187512,3626.7319873582605,477900
2025-01-27 09:00:00+09:00,3851.267333984375,3881.53077818045,3762.429481666865,3772.191883020437,491200
2025-01-28 09:00:00+09:00,3826.861328125,3850.2910913584183,3775.1206009845346,3807.336525430485,395000
2025-01-29 09:00:00+09:00,4061.158935546875,4112.899662369948,3818.0751434913045,3836.623705937312,656700
2025-01-30 09:00:00+09:00,4197.8330078125,4229.0726953124995,4091.4228222656247,4091.4228222656247,454400
2025-01-31 09:00:00+09:00,4144.1396484375,4188.070457431538,4048.4681088504863,4175.37933483326,379300
2025-02-03 09:00:00+09:00,4121.68603515625,4232.977415546542,4037.7293797741,4095.32755032697,513200
2025-02-04 09:00:00+09:00,4079.70751953125,4167.5691315814565,4022.1093516316705,4158.7829703764355,348800
2025-02-05 09:00:00+09:00,4119.73291015625,4119.73291015625,4050.4198683029103,4079.7070690860114,453800
2025-02-06 09:00:00+09:00,4214.4287109375,4225.16735254517,4115.828456176164,4120.709656906923,411000
2025-02-07 09:00:00+09:00,4150.97265625,4192.950978032397,3990.8692894520227,4146.0914560427445,597000
2025-02-10 09:00:00+09:00,4154.8779296875,4186.117613369361,4033.824155420289,4090.446082093662,375800
2025-02-12 09:00:00+09:00,4166.59326171875,4251.526160914985,4142.187256202591,4223.21519451624,439300
2025-02-13 09:00:00+09:00,4170.49853515625,4245.6690377796185,4151.9499695738605,4245.6690377796185,465400
2025-02-14 09:00:00+09:00,4328.6484375,4365.7455598782135,4189.046108550406,4209.547149864682,503300
2025-02-17 09:00:00+09:00,4286.6708984375,4554.160724484385,4286.6708984375,4393.081084711626,640600
2025-02-18 09:00:00+09:00,4346.22119140625,4391.128238756809,4305.21910469487,4334.506309488713,290800
2025-02-19 09:00:00+09:00,4203.6904296875,4317.910536578684,4157.8071388850585,4317.910536578684,351200
2025-02-20 09:00:00+09:00,4245.66845703125,4288.623024083302,4197.832689177829,4199.7851694983765,300400
2025-02-21 09:00:00+09:00,4144.1396484375,4251.526070422924,4124.614844440151,4241.76366842425,280900
2025-02-25 09:00:00+09:00,4093.37548828125,4105.090371624769,4043.5872340712945,4087.5180466094907,336500
2025-02-26 09:00:00+09:00,4066.0400390625,4081.6598807491746,3982.0833899966237,4053.348917692077,331500
2025-02-27 09:00:00+09:00,4069.945068359375,4100.208512139452,4042.610344945112,4061.158907261933,242100
2025-02-28 09:00:00+09:00,3984.035888671875,4064.0875776870903,3974.2734875724586,4036.752854608724,304300
2025-03-03 09:00:00+09:00,4065.06396484375,4073.850126151049,4007.465796273678,4023.0856385977654,305000
2025-03-04 09:00:00+09:00,4054.3251953125,4076.778717944859,4009.4181500477816,4051.3964749691486,228400
2025-03-05 09:00:00+09:00,4079.70751953125,4109.970963681877,4028.9430325689086,4043.5866345772765,215100
2025-03-06 09:00:00+09:00,4128.52001953125,4164.640908801209,4097.280331513988,4097.280331513988,259800
2025-03-07 09:00:00+09:00,4191.97509765625,4193.927577906672,4094.351085135145,4149.996772272175,332200
2025-03-10 09:00:00+09:00,4116.8046875,4187.093977872302,4116.8046875,4149.9968523980315,270400
2025-03-11 09:00:00+09:00,4053.34912109375,4071.8976840274645,3974.2736685868636,4048.46792032172,328600
2025-03-12 09:00:00+09:00,4145.11572265625,4175.379167640316,4011.3708206298943,4018.2045017553287,343700
2025-03-13 09:00:00+09:00,4130.47216796875,4162.688093646597,4110.947364527631,4127.543447452582,185700
2025-03-14 09:00:00+09:00,4146.091796875,4169.521559795885,4105.08971176345,4129.495714806039,224800
2025-03-17 09:00:00+09:00,4203.6904296875,4217.357792905249,4147.068496356827,4157.8071388850585,206500
2025-03-18 09:00:00+09:00,4236.8828125,4261.288819484447,4189.047038810484,4208.571844398041,239000
2025-03-19 09:00:00+09:00,4210.52392578125,4266.169616430341,4209.5476855944235,4237.858651012382,204700
2025-03-21 09:00:00+09:00,4257.38330078125,4289.59922578143,4208.571293205221,4210.523773508262,276500
2025-03-24 09:00:00+09:00,4247.62060546875,4295.456369584578,4244.691885216761,4295.456369584578,234000
2025-03-25 09:00:00+09:00,4271.05126953125,4313.029602008928,4243.71654140625,4294.481036495536,255700
2025-03-26 09:00:00+09:00,4372.57958984375,4398.938073640531,4328.648783515782,4329.625023656404,306900
2025-03-27 09:00:00+09:00,4372.57958984375,4413.581675749853,4319.862622250189,4327.672543375161,388700
2025-03-28 09:00:00+09:00,4365.68310546875,4421.842874598003,4236.614162382222,4356.815773500974,276900
2025-03-31 09:00:00+09:00,4201.14453125,4244.495928852017,4146.955284247479,4185.380386667448,292400
2025-04-01 09:00:00+09:00,4219.86474609375,4282.921328804467,4202.130082206361,4202.130082206361,167500
2025-04-02 09:00:00+09:00,4196.21826171875,4202.129815973343,4117.397538324174,4202.129815973343,170900
2025-04-03 09:00:00+09:00,4254.3486328125,4279.965368443145,4046.4589705791886,4048.429488704623,340400
2025-04-04 09:00:00+09:00,4185.38037109375,4303.611455022952,4123.309052030919,4256.3190214512715,473600
2025-04-07 09:00:00+09:00,3872.068115234375,4032.6653424056735,3857.289229298366,3988.3286845976463,539400
2025-04-08 09:00:00+09:00,4174.54248046875,4228.73172673398,3932.1687608097195,3994.2400792589833,573400
2025-04-09 09:00:00+09:00,4120.353515625,4213.953129203282,4071.090561110115,4122.324033805596,404900
2025-04-10 09:00:00+09:00,4451.400390625,4461.252981131031,4158.778452595867,4258.289616706784,659600
2025-04-11 09:00:00+09:00,4277.99462890625,4384.402602172458,4248.436858554525,4384.402602172458,367500
2025-04-14 09:00:00+09:00,4363.71240234375,4411.990096567016,4295.729526804866,4337.110407567665,325900
2025-04-15 09:00:00+09:00,4273.06884765625,4423.813494576104,4232.67322331825,4421.842976315714,323800
2025-04-16 09:00:00+09:00,4242.52587890625,4272.083653259986,4208.041808826891,4250.407952067246,224000
2025-04-17 09:00:00+09:00,4308.53759765625,4377.505727506682,4220.849546846415,4220.849546846415,192900
2025-04-18 09:00:00+09:00,4620.86474609375,4739.095827017257,4384.4025842467345,4421.842426539179,957200
2025-04-21 09:00:00+09:00,4678.01025390625,4714.464840973337,4564.705456265302,4620.865225530815,513200
2025-04-22 09:00:00+09:00,4807.0791015625,4807.0791015625,4650.4229062051645,4700.671119810348,584500
2025-04-23 09:00:00+09:00,4803.1376953125,4890.825747596154,4766.683111778846,4887.869970552885,621100
2025-04-24 09:00:00+09:00,4610.02685546875,4769.638813277243,4533.176653560958,4749.933633300886,638900
2025-04-25 09:00:00+09:00,4686.87744140625,4776.5360176450495,4628.747155712962,4657.319669019832,446800
2025-04-28 09:00:00+09:00,4690.818359375,4717.420353851607,4634.658593257719,4668.15740111715,345800
2025-04-30 09:00:00+09:00,4700.6708984375,4727.272892622746,4603.1302530915955,4685.89201277903,349900
2025-05-01 09:00:00+09:00,4714.46435546875,4780.476709035397,4662.245628020507,4679.98029017274,310300
2025-05-02 09:00:00+09:00,4557.80859375,4679.980722073606,4546.970743656777,4679.980722073606,395400
2025-05-07 09:00:00+09:00,4597.21875,4601.159786219459,4490.810772074582,4527.265357104586,312000
2025-05-08 09:00:00+09:00,4618.89453125,4629.732381046022,4512.486551434514,4593.2777953684945,166500
2025-05-09 09:00:00+09:00,4566.67578125,4619.879770934466,4553.867413362998,4607.071403047465,239400
2025-05-12 09:00:00+09:00,4577.513671875,4601.159889723687,4523.324422638426,4567.661081104714,262300
2025-05-13 09:00:00+09:00,4492.78125,4587.366118421052,4478.002364309211,4587.366118421052,274300
2025-05-14 09:00:00+09:00,4494.751953125,4513.471875770632,4409.034412589736,4454.356330573899,281800
2025-05-15 09:00:00+09:00,4447.458984375,4479.972530339637,4401.151812849606,4435.635876751495,311500
2025-05-16 09:00:00+09:00,4639.5849609375,4698.700505141418,4479.972991586921,4479.972991586921,500600
2025-05-19 09:00:00+09:00,4668.15771484375,4714.464893526244,4595.248539896845,4610.027426710407,305100
2025-05-20 09:00:00+09:00,4592.29248046875,4718.405640198422,4560.7641905363325,4689.833127447168,524300
2025-05-21 09:00:00+09:00,4596.2333984375,4714.464482641681,4591.307103262326,4661.260494749799,308900
2025-05-22 09:00:00+09:00,4564.705078125,4611.012252455213,4535.147307275928,4544.999897558952,243300
2025-05-23 09:00:00+09:00,4675.05419921875,4690.818344042248,4605.1008065644755,4605.1008065644755,245900
2025-05-26 09:00:00+09:00,4679.98095703125,4715.450286389803,4627.76222214227,4687.86303022204,219300
2025-05-27 09:00:00+09:00,4684.90673828125,4724.31709990717,4660.27526226505,4667.172075549586,200200
2025-05-28 09:00:00+09:00,4611.99755859375,4769.639004732396,4607.071263401917,4765.697968578929,282900
2025-05-29 09:00:00+09:00,4631.70263671875,4691.803436727226,4607.07116130544,4629.732118685685,215100
2025-05-30 09:00:00+09:00,4561.74951171875,4614.953501704239,4547.955884685475,4562.7347707925555,223500
2025-06-02 09:00:00+09:00,4564.705078125,4564.705078125,4512.486349624973,4521.353680879694,202900
2025-06-03 09:00:00+09:00,4504.6044921875,4549.926409650454,4492.78138328412,4549.926409650454,181000
2025-06-04 09:00:00+09:00,4474.0615234375,4527.26551424693,4451.400564389039,4492.781446129707,204500
2025-06-05 09:00:00+09:00,4401.15234375,4452.38581629869,4374.550348388179,4433.665893636668,342100
2025-06-06 09:00:00+09:00,4380.4619140625,4455.341604901175,4369.624064072692,4419.872277661802,205300
2025-06-09 09:00:00+09:00,4452.3857421875,4478.002478035448,4407.063824918055,4422.827970055253,194300
2025-06-10 09:00:00+09:00,4416.916015625,4511.500877882417,4409.033943770215,4464.208446753709,250400
2025-06-11 09:00:00+09:00,4386.373046875,4417.9013347231585,4367.6531259651565,4411.004521756374,182900
2025-06-12 09:00:00+09:00,4387.3583984375,4413.960391870649,4345.977519763713,4374.550031228947,183600
2025-06-13 09:00:00+09:00,4456.3271484375,4479.9733681064145,4424.798855545614,4430.710410462842,303900
2025-06-16 09:00:00+09:00,4539.08837890625,4628.7469511833215,4501.648535537803,4578.498740346721,243500
2025-06-17 09:00:00+09:00,4580.46923828125,4635.643744055341,4512.486365095316,4521.353696380438,264100
2025-06-18 09:00:00+09:00,4630.71728515625,4643.525652115193,4556.822860393118,4556.822860393118,147200
2025-06-19 09:00:00+09:00,4662.24560546875,4674.068713513049,4606.085842258328,4628.746799343235,135200
2025-06-20 09:00:00+09:00,4621.85009765625,4675.054085137264,4603.130176135152,4640.570019177348,202700
2025-06-23 09:00:00+09:00,4584.41064453125,4611.997899645558,4512.486729411804,4551.897093860815,152200
2025-06-24 09:00:00+09:00,4611.99755859375,4679.980432241041,4595.248154941519,4652.393179166778,164600
2025-06-25 09:00:00+09:00,4639.5849609375,4657.319624198675,4545.000090211231,4644.511256287827,246100
2025-06-26 09:00:00+09:00,4783.4326171875,4788.35891236483,4645.496352222258,4645.496352222258,341800
2025-06-27 09:00:00+09:00,4996.24853515625,4996.24853515625,4852.400716948241,4852.400716948241,562900
2025-06-30 09:00:00+09:00,4985.41064453125,5074.083956390501,4985.41064453125,5035.658854584826,378600
2025-07-01 09:00:00+09:00,4973.587890625,5047.482322438961,4943.044858808563,4972.602631534148,247000
2025-07-02 09:00:00+09:00,4950.9267578125,5012.012819301928,4917.427949898943,4940.088908193408,364700
2025-07-03 09:00:00+09:00,4776.5361328125,4961.764844233447,4759.7867280563505,4938.118625754177,340000
2025-07-04 09:00:00+09:00,4701.65625,4802.152674455155,4670.127959974853,4767.668607240151,226000
2025-07-07 09:00:00+09:00,4767.66845703125,4865.209101223458,4701.656101870867,4701.656101870867,231200
2025-07-08 09:00:00+09:00,4672.09814453125,4729.24316612189,4658.3045186300615,4715.4495402207,207800
2025-07-09 09:00:00+09:00,4671.11279296875,4692.7884903839185,4614.953031483996,4672.098051942166,161400
2025-07-10 09:00:00+09:00,4660.27490234375,4745.992432260009,4651.407571662758,4735.154583649907,324400
2025-07-11 09:00:00+09:00,4710.52392578125,4815.946653256379,4665.202005558297,4692.789261346182,364000
2025-07-14 09:00:00+09:00,4701.65625,4756.830757544007,4667.172182784996,4684.906845924141,223800
2025-07-15 09:00:00+09:00,4695.74462890625,4788.3589795393145,4691.803592709098,4770.624316652132,217700
2025-07-16 09:00:00+09:00,4843.533203125,4872.105713883874,4715.449534205909,4715.449534205909,264800
2025-07-17 09:00:00+09:00,4868.1650390625,4870.135557192053,4803.137940787226,4817.916826758879,148800
2025-07-18 09:00:00+09:00,4871.12109375,4905.605162981645,4853.386429573726,4880.973684959042,174500
2025-07-22 09:00:00+09:00,4883.92919921875,4980.4845878658025,4843.53357743784,4934.177411677931,235100
2025-07-23 09:00:00+09:00,4958.80908203125,4965.7058957753825,4852.401098550349,4926.2955315231975,318900
2025-07-24 09:00:00+09:00,4969.64697265625,5031.718296858737,4837.622251336675,4981.470082028152,225300
2025-07-25 09:00:00+09:00,4922.3544921875,4983.440556742269,4904.619828284503,4970.632188367882,210900
2025-07-28 09:00:00+09:00,4840.578125,4935.163001857318,4828.755015392835,4926.295669651944,156900
2025-07-29 09:00:00+09:00,4850.4306640625,4861.268514418926,4801.167707896925,4817.91711299322,215400
2025-07-30 09:00:00+09:00,4900.6787109375,4904.619747295311,4826.784279228551,4867.17990189611,169500
2025-07-31 09:00:00+09:00,4916.4423828125,4955.852742594564,4894.766684932364,4923.339195774361,152000
2025-08-01 09:00:00+09:00,5034.673828125,5085.9072995658025,4888.855486331947,4891.811263530455,350900
2025-08-04 09:00:00+09:00,5083.93701171875,5114.480044153494,4965.705918422966,4976.543768641745,248800
2025-08-05 09:00:00+09:00,5164.72802734375,5238.622457341991,5088.863079212222,5153.890177610675,272700
2025-08-06 09:00:00+09:00,5202.16796875,5262.2687729344225,5137.140869140625,5164.72812352036,287200
2025-08-07 09:00:00+09:00,5199.2119140625,5320.3987750497445,5150.9342214740855,5177.536215349334,274400
2025-08-08 09:00:00+09:00,5092.80419921875,5232.710988982546,4971.617332028983,5035.65917241382,335900
2025-08-12 09:00:00+09:00,5359.80908203125,5447.497135027717,5119.40588055779,5151.9194282980525,492000
2025-08-13 09:00:00+09:00,5328.28125,5432.718715329142,5290.84140393861,5348.971691244453,253800
2025-08-14 09:00:00+09:00,5291.826171875,5334.192309538494,5222.858040794894,5291.826171875,180900
2025-08-15 09:00:00+09:00,5294.7822265625,5372.617692862917,5197.241578920206,5266.209713616778,246900
2025-08-18 09:00:00+09:00,5391.33740234375,5435.6740586130245,5267.194764789782,5294.782017579553,237800
2025-08-19 09:00:00+09:00,5514.49462890625,5543.067139936852,5401.189843784896,5417.9392468028345,202600
2025-08-20 09:00:00+09:00,5411.04248046875,5469.172762032416,5359.809011971959,5460.305430946433,168900
2025-08-21 09:00:00+09:00,5387.396484375,5413.013219670126,5345.030345233061,5411.042701570501,107800
2025-08-22 09:00:00+09:00,5401.18994140625,5436.659266085313,5364.735357708324,5387.396315142169,108200
2025-08-25 09:00:00+09:00,5330.25146484375,5448.4825509401,5315.4725790817065,5442.570996635282,206000
2025-08-26 09:00:00+09:00,5386.4111328125,5410.057349601872,5281.973675326104,5321.384036641725,272600
2025-08-27 09:00:00+09:00,5422.86572265625,5452.423493673635,5328.280855400618,5328.280855400618,295600
2025-08-28 09:00:00+09:00,5324.33984375,5414.983675286825,5300.69362682735,5381.484867979738,192900
2025-08-29 09:00:00+09:00,5338.1337890625,5443.556512471449,5322.369643506022,5322.369643506022,188300
2025-09-01 09:00:00+09:00,5354.8828125,5372.6174749885,5287.885198654554,5324.339782658693,115800
2025-09-02 09:00:00+09:00,5405.13134765625,5428.777565728388,5335.1779525261745,5397.249274965538,158600
2025-09-03 09:00:00+09:00,5384.44091796875,5434.6891314758695,5352.912627140754,5377.544104350126,260900
2025-09-04 09:00:00+09:00,5346.015625,5407.101686325102,5310.546299069296,5384.440728091596,168000
2025-09-05 09:00:00+09:00,5388.3818359375,5421.880644206265,5327.295773800341,5378.529245270216,184600
2025-09-08 09:00:00+09:00,5441.58544921875,5459.32011119339,5360.794211334279,5398.234053280741,163700
2025-09-09 09:00:00+09:00,5537.15576171875,5552.9199062360985,5463.2613342936775,5505.627472684052,255000
2025-09-10 09:00:00+09:00,5579.52197265625,5603.16818973973,5488.878140502908,5488.878140502908,180900
2025-09-11 09:00:00+09:00,5504.64208984375,5617.946876013793,5470.1580244876495,5615.976357993444,186100
2025-09-12 09:00:00+09:00,5439.615234375,5511.53914528052,5424.836348572496,5504.642331906018,208300
2025-09-16 09:00:00+09:00,5429.7626953125,5504.642384088358,5411.0427731185355,5439.615285940902,179600
2025-09-17 09:00:00+09:00,5345.0302734375,5420.895219254032,5314.487243303572,5382.470116827477,228600
2025-09-18 09:00:00+09:00,5337.1484375,5359.80939634484,5251.430897521691,5343.059991981263,220800
2025-09-19 09:00:00+09:00,5261.283203125,5360.794364832046,5234.681209401335,5334.19237110838,282300
2025-09-22 09:00:00+09:00,5232.7109375,5266.209745987102,5202.167906232348,5261.283450621352,168700
2025-09-24 09:00:00+09:00,5281.9736328125,5292.811482087064,5219.902314239997,5232.710681564482,161100
2025-09-25 09:00:00+09:00,5297.73828125,5316.4582045053,5261.2836938580995,5285.9151718256,237000
2025-09-26 09:00:00+09:00,5394.29345703125,5479.025737817494,5304.634880850456,5310.546435323916,390100
2025-09-29 09:00:00+09:00,5408.17578125,5451.806095583517,5333.805927272415,5390.3270162953795,251400
2025-09-30 09:00:00+09:00,5570.7978515625,5611.453371661123,5399.2513887073355,5480.562428904581,307500
2025-10-01 09:00:00+09:00,5373.4697265625,5549.974175967948,5359.587354137352,5528.159019299859,243500
2025-10-02 09:00:00+09:00,5254.47802734375,5399.251341552504,5187.049360452002,5379.419380701989,230600
2025-10-03 09:00:00+09:00,5259.43603515625,5342.730271007141,5237.6208781476835,5319.92351595273,145000
2025-10-06 09:00:00+09:00,5341.73876953125,5421.066614632883,5330.831190829776,5394.293466911082,217000
2025-10-07 09:00:00+09:00,5312.982421875,5361.570726964936,5286.209274172382,5323.890000568659,220900
2025-10-08 09:00:00+09:00,5354.62939453125,5393.301717936198,5301.083100585937,5305.049492730034,186900
2025-10-09 09:00:00+09:00,5304.05810546875,5396.27672648363,5239.604230565877,5354.62960731562,274100
2025-10-10 09:00:00+09:00,5108.71337890625,5251.503504403629,5089.873015125346,5224.730355872871,297200
2025-10-14 09:00:00+09:00,5130.5283203125,5161.267859920093,5017.486142400705,5021.452534608136,242400
2025-10-15 09:00:00+09:00,5127.5537109375,5153.335261214888,5075.990610382723,5124.5789166747245,183700
2025-10-16 09:00:00+09:00,5212.8310546875,5254.478173633072,5160.2763569704675,5226.713427669358,289200
2025-10-17 09:00:00+09:00,5160.2763671875,5267.368958973866,5108.713267438508,5224.730241873739,257200
2025-10-20 09:00:00+09:00,5238.61279296875,5305.049866057697,5226.713615699087,5235.637998651334,139600
2025-10-21 09:00:00+09:00,5241.58740234375,5299.100090451192,5203.906675652667,5225.721833210663,165900
2025-10-22 09:00:00+09:00,5275.3017578125,5312.982484654018,5270.343767438616,5303.066503906251,129400
2025-10-23 09:00:00+09:00,5411.15087890625,5446.848410817671,5259.436368282711,5290.175909650879,165900
2025-10-24 09:00:00+09:00,5432.9658203125,5471.638145005361,5404.209476310116,5411.1506627934505,260500
2025-10-27 09:00:00+09:00,5444.865234375,5579.722577641253,5444.865234375,5502.377924885608,211900
2025-10-28 09:00:00+09:00,5348.68017578125,5422.058435515735,5315.957438332088,5422.058435515735,163500
2025-10-29 09:00:00+09:00,5210.84765625,5363.553753122026,5200.931675933634,5321.906635793292,157500
2025-10-30 09:00:00+09:00,5242.5791015625,5255.469876731842,5131.520115488167,5232.663120663006,192200
2025-10-31 09:00:00+09:00,5279.26806640625,5309.016008177885,5224.730173158251,5300.091625646394,198200
2025-11-04 09:00:00+09:00,5303.06640625,5336.780740171559,5190.024227807124,5198.948610315772,228300
2025-11-05 09:00:00+09:00,5362.5625,5374.46167714497,5214.814383783284,5288.192642843935,183000
2025-11-06 09:00:00+09:00,5453.78955078125,5492.46187668679,5378.428095170454,5407.184440074574,178200
2025-11-07 09:00:00+09:00,5327.8564453125,5511.302088785944,5248.528599486146,5461.722185144473,264800
2025-11-10 09:00:00+09:00,5460.73046875,5483.537223930906,5390.3270071045945,5441.890105774469,200600
2025-11-11 09:00:00+09:00,5299.10009765625,5486.512133295664,5275.30174392426,5486.512133295664,284300
2025-11-12 09:00:00+09:00,5498.4111328125,5530.142270098343,5337.772250302919,5391.31854447278,314800
2025-11-13 09:00:00+09:00,5557.9072265625,5597.571149678022,5459.739016851584,5480.562576487233,214700
2025-11-14 09:00:00+09:00,5436.93212890625,5523.201159585594,5404.209393131326,5467.671668573602,184100
2025-11-17 09:00:00+09:00,5525.1845703125,5526.176168404802,5330.831344221106,5389.335631666984,178000
2025-11-18 09:00:00+09:00,5497.419921875,5535.10065005524,5466.680380464804,5476.596361564868,217400
2025-11-19 09:00:00+09:00,5474.61279296875,5548.982646160682,5444.8648516919775,5506.343930330641,200400
2025-11-20 09:00:00+09:00,5488.4951171875,5567.82295989301,5445.856401733288,5538.075018878444,189300
2025-11-21 09:00:00+09:00,5636.24365234375,5636.24365234375,5487.503935972962,5488.4955340821,224600
2025-11-25 09:00:00+09:00,5653.1005859375,5654.092184005548,5573.772740493719,5652.108987869453,208900
2025-11-26 09:00:00+09:00,5776.05859375,5785.974574168456,5609.4701227199575,5689.789564109442,183400
2025-11-27 09:00:00+09:00,5796.88232421875,5847.453825849807,5744.327626445299,5805.806706859525,163200
2025-11-28 09:00:00+09:00,5767.13427734375,5781.016650088388,5711.604786365199,5777.050257875634,175000
2025-12-01 09:00:00+09:00,5780.025390625,5808.781735851991,5747.302652952908,5767.134615178418,199000
2025-12-02 09:00:00+09:00,5566.83154296875,5724.495635475347,5547.991179713245,5718.546047078871,174900
2025-12-03 09:00:00+09:00,5596.57958984375,5632.277120891655,5527.167723917269,5566.831647303829,233100
2025-12-04 09:00:00+09:00,5555.923828125,5588.646563503927,5495.436347576076,5582.696975253213,187500
2025-12-05 09:00:00+09:00,5482.5458984375,5529.151009167571,5437.923983908709,5456.764347820865,222300
2025-12-08 09:00:00+09:00,5572.78125,5592.613211743772,5500.394589635232,5542.041709297153,231200
2025-12-09 09:00:00+09:00,5490.478515625,5584.680332309916,5454.780985091769,5572.7811554655045,242400
2025-12-10 09:00:00+09:00,5491.47021484375,5530.142540300396,5450.81469320984,5524.192951768605,215900
2025-12-11 09:00:00+09:00,5435.9404296875,5532.1254391146595,5425.032851298853,5512.293478408028,173800
2025-12-12 09:00:00+09:00,5834.56298828125,5869.26892040053,5561.873521629765,5634.260180049977,493600
2025-12-15 09:00:00+09:00,5787.9580078125,5810.764763711024,5710.613357374025,5777.05042890451,216500
2025-12-16 09:00:00+09:00,5767.13427734375,5817.705778056358,5750.277110439547,5796.882218939402,156100
2025-12-17 09:00:00+09:00,5777.05029296875,5801.840244449048,5706.646830764703,5769.117508495055,118400
2025-12-18 09:00:00+09:00,5732.42822265625,5802.831682924127,5704.6634777618765,5777.050134093637,149200
2025-12-19 09:00:00+09:00,5761.1845703125,5782.999727033132,5728.461835231551,5751.268589984939,152100
2025-12-22 09:00:00+09:00,5778.0419921875,5850.428651777287,5766.142815268631,5848.445455624142,170800
2025-12-23 09:00:00+09:00,5793.90771484375,5810.764882591883,5716.563062822902,5725.487445748385,113600
2025-12-24 09:00:00+09:00,5767.13427734375,5799.857013098967,5732.428345482156,5771.100669556504,97300
2025-12-25 09:00:00+09:00,5802.83203125,5831.588375902469,5759.201715225564,5821.672394987824,93800
2025-12-26 09:00:00+09:00,5780.025390625,5843.487669746633,5745.319456730357,5843.487669746633,109000
2025-12-29 09:00:00+09:00,5737.38623046875,5788.94932828838,5721.520661908864,5770.108965623514,130700
2025-12-30 09:00:00+09:00,5730.4453125,5776.058824245111,5707.638556627444,5753.252068372556,166500
2026-01-05 09:00:00+09:00,5774.07568359375,5783.000066412287,5704.663817227347,5730.445367592011,201200
2026-01-06 09:00:00+09:00,5883.1513671875,5922.815290108029,5757.21841191482,5803.823521346441,171200
2026-01-07 09:00:00+09:00,5839.52099609375,5884.142908952337,5775.06712196468,5783.991504536398,166300
2026-01-08 09:00:00+09:00,5897.03369140625,5905.958073989512,5825.638630740158,5844.478993971488,163600
2026-01-09 09:00:00+09:00,5957.52099609375,5979.336152870392,5862.327584704769,5907.941094328656,201200
2026-01-13 09:00:00+09:00,6086.4287109375,6161.790161252138,6083.453916846132,6152.865778978036,232800
2026-01-14 09:00:00+09:00,6106.2607421875,6139.975075613024,5998.176555617439,6086.428781348956,257900
2026-01-15 09:00:00+09:00,6056.68115234375,6118.160234112793,6015.0340324356885,6042.7987790410625,129700
2026-01-16 09:00:00+09:00,6101.302734375,6167.739802992443,5944.6302442025235,5997.184940273038,193000
2026-01-19 09:00:00+09:00,6118.16015625,6137.00051977816,6071.5550464698135,6102.2945869631285,142500
2026-01-20 09:00:00+09:00,6088.412109375,6149.8911893068,6068.580148106677,6081.470922931087,132200
2026-01-21 09:00:00+09:00,6097.33642578125,6132.042357624207,6078.496062780788,6118.159984887025,158600
2026-01-22 09:00:00+09:00,6144.93310546875,6211.3701747065115,6098.327997197484,6141.958311323776,237800
2026-01-23 09:00:00+09:00,6291.68994140625,6348.211033078458,6189.555337156472,6189.555337156472,198400
2026-01-26 09:00:00+09:00,6193.521484375,6248.059377689221,6129.0676104581935,6200.46267079681,169500
2026-01-27 09:00:00+09:00,6114.19384765625,6181.622518048826,6086.429101024012,6149.891379040555,131300
2026-01-28 09:00:00+09:00,5970.412109375,6047.756760517876,5969.420511283425,6031.89119105267,165400
2026-01-29 09:00:00+09:00,5987.26904296875,6022.966572870518,5927.773159799137,5947.605120855675,247900
2026-01-30 09:00:00+09:00,5939.67236328125,6022.966600095211,5938.680765223941,6018.008609808666,170700
2026-02-02 09:00:00+09:00,6048.748046875,6124.10949795082,6000.159742891906,6035.857272348873,201000
2026-02-03 09:00:00+09:00,6122.12646484375,6158.81559331787,6044.781815628036,6065.605375032267,186500
2026-02-04 09:00:00+09:00,5964.46240234375,6090.3953574722045,5909.924508390482,6051.723032668979,297100
2026-02-05 09:00:00+09:00,5992.22705078125,6047.756541902176,5934.714363548864,6014.042208007328,273500
2026-02-06 09:00:00+09:00,5513.28515625,5705.655177888939,5495.436391355665,5694.747599342401,770700
2026-02-09 09:00:00+09:00,5788.94970703125,5832.580023425456,5691.773093244155,5751.2689792362535,485800
2026-02-10 09:00:00+09:00,5943.638671875,6017.016927083334,5848.445259712838,5880.176397100226,432700
2026-02-12 09:00:00+09:00,5881.16796875,5968.428596173706,5837.537655038147,5930.747870695288,372400
2026-02-13 09:00:00+09:00,5887.11767578125,5944.630363198348,5850.4285476013765,5895.050460252573,467000
2026-02-16 09:00:00+09:00,5886.1259765625,5964.462221870525,5787.957770417001,5940.663868865556,247600
2026-02-17 09:00:00+09:00,5666.98291015625,5891.084071607748,5642.192958668253,5867.285718179271,179900
2026-02-18 09:00:00+09:00,5708.6298828125,5801.840098026045,5670.949157513408,5706.646686744127,162700
2026-02-19 09:00:00+09:00,5666.98291015625,5754.243539394001,5660.0417237396105,5751.268745215441,220000
2026-02-20 09:00:00+09:00,5665.9912109375,5714.579514986492,5552.949034170459,5624.344093181221,258600
2026-02-24 09:00:00+09:00,5655.083984375,5666.9831616172405,5607.487275406036,5652.10919006444,271600
2026-02-25 09:00:00+09:00,5622.36083984375,5659.049967017333,5577.738928416418,5658.058368985615,269400
2026-02-26 09:00:00+09:00,5805.806640625,5820.680611523271,5690.7812656783735,5721.520805534799,364200
2026-02-27 09:00:00+09:00,5860.3447265625,5929.756593036167,5806.798429568527,5855.386736100095,500500
2026-03-02 09:00:00+09:00,5797.8740234375,5834.563152711861,5743.336128570208,5784.983248287049,267200
2026-03-03 09:00:00+09:00,5753.251953125,5784.983091094666,5694.747667493429,5741.352776386375,289600
2026-03-04 09:00:00+09:00,5697.72265625,5783.000092455622,5625.335995284763,5718.546216253698,360500
2026-03-05 09:00:00+09:00,5709.62158203125,5883.151241089165,5709.62158203125,5796.882210586087,232500
2026-03-06 09:00:00+09:00,5792.916015625,5792.916015625,5661.03347025045,5697.722599414798,204500
2026-03-09 09:00:00+09:00,5626.32763671875,5658.0587760164235,5479.57111746701,5496.428285218899,210000
2026-03-10 09:00:00+09:00,5681.85693359375,5759.201582951571,5664.99976642602,5725.48724861611,196700
2026-03-11 09:00:00+09:00,5744.32763671875,5781.0167654186625,5713.588096456661,5760.193205886279,172000
2026-03-12 09:00:00+09:00,5674.91552734375,5685.823105676928,5607.4868612841,5645.167586435081,185500
2026-03-13 09:00:00+09:00,5570.7978515625,5625.335744377726,5547.9910963852235,5547.9910963852235,297700
2026-03-16 09:00:00+09:00,5581.70556640625,5661.033412437961,5546.9996337673765,5610.461910592745,201400
2026-03-17 09:00:00+09:00,5670.94921875,5714.579532725345,5575.7558064401555,5581.705394709521,182700
2026-03-18 09:00:00+09:00,5733.419921875,5736.3947160233265,5616.411352040816,5644.176097425199,175100
2026-03-19 09:00:00+09:00,5567.8232421875,5691.773002699243,5567.8232421875,5643.18469657864,251300
2026-03-23 09:00:00+09:00,5472.6298828125,5505.352619926617,5428.999566660344,5468.663490435031,204700
2026-03-24 09:00:00+09:00,5647.15087890625,5664.999643756173,5555.923858562198,5571.789427317685,164400
2026-03-25 09:00:00+09:00,5727.47021484375,5799.856870952405,5693.755881861637,5727.47021484375,273900
2026-03-26 09:00:00+09:00,5719.53759765625,5737.386362697479,5655.083723896254,5722.512391829788,133200
2026-03-27 09:00:00+09:00,5783.0,5818.697530864198,5712.596536351166,5712.596536351166,277700
2026-03-30 09:00:00+09:00,5562.0,5583.0,5464.0,5494.0,337900
2026-03-31 09:00:00+09:00,5591.0,5686.0,5579.0,5600.0,211200
2026-04-01 09:00:00+09:00,5687.0,5829.0,5666.0,5829.0,215700
2026-04-02 09:00:00+09:00,5521.0,5723.0,5506.0,5688.0,301900
2026-04-03 09:00:00+09:00,5600.0,5614.0,5534.0,5540.0,163800
2026-04-06 09:00:00+09:00,5542.0,5671.0,5542.0,5630.0,178800
2026-04-07 09:00:00+09:00,5575.0,5611.0,5512.0,5574.0,244400
2026-04-08 09:00:00+09:00,5739.0,5742.0,5654.0,5675.0,263200
2026-04-09 09:00:00+09:00,5731.0,5757.0,5685.0,5740.0,193700
2026-04-10 09:00:00+09:00,5685.0,5746.0,5658.0,5721.0,175500
2026-04-13 09:00:00+09:00,5702.0,5713.0,5643.0,5679.0,136100
2026-04-14 09:00:00+09:00,5741.0,5781.0,5738.0,5764.0,104300
2026-04-15 09:00:00+09:00,5772.0,5857.0,5750.0,5785.0,196900
2026-04-16 09:00:00+09:00,5763.0,5805.0,5747.0,5776.0,156600
2026-04-17 09:00:00+09:00,5828.0,5872.0,5798.0,5826.0,156300
2026-04-20 09:00:00+09:00,5812.0,5927.0,5810.0,5890.0,164600
2026-04-21 09:00:00+09:00,5827.0,5883.0,5741.0,5812.0,222100
2026-04-22 09:00:00+09:00,5731.0,5866.0,5729.0,5840.0,139600
2026-04-23 09:00:00+09:00,5631.0,5730.0,5559.0,5694.0,199600
2026-04-24 09:00:00+09:00,5592.0,5637.0,5567.0,5630.0,191200
2026-04-27 09:00:00+09:00,5550.0,5596.0,5505.0,5538.0,179900
2026-04-28 09:00:00+09:00,5634.0,5643.0,5556.0,5600.0,267700
2026-04-30 09:00:00+09:00,5519.0,5600.0,5470.0,5600.0,281700
2026-05-01 09:00:00+09:00,5570.0,5603.0,5490.0,5493.0,152800
2026-05-07 09:00:00+09:00,5768.0,5808.0,5593.0,5600.0,337200
2026-05-08 09:00:00+09:00,5667.0,5724.0,5615.0,5707.0,233600
2026-05-11 09:00:00+09:00,5687.0,5690.0,5628.0,5660.0,166800
2026-05-12 09:00:00+09:00,5631.0,5742.0,5631.0,5681.0,151700
2026-05-13 09:00:00+09:00,5748.0,5797.0,5628.0,5670.0,270600
2026-05-14 09:00:00+09:00,5848.0,5848.0,5635.0,5724.0,274000
2026-05-15 09:00:00+09:00,5974.0,6209.0,5883.0,5922.0,433000
2026-05-18 09:00:00+09:00,5815.0,6050.0,5815.0,6000.0,305100
2026-05-19 09:00:00+09:00,5988.0,5988.0,5888.0,5915.0,284400
2026-05-20 09:00:00+09:00,5848.0,6019.0,5784.0,5984.0,269100
2026-05-21 09:00:00+09:00,5909.0,5989.0,5868.0,5878.0,222600
2026-05-22 09:00:00+09:00,5959.0,5959.0,5844.0,5902.0,157200
2026-05-25 09:00:00+09:00,5917.0,5979.0,5828.0,5948.0,252100
2026-05-26 09:00:00+09:00,5892.0,5969.0,5855.0,5899.0,195700
2026-05-27 09:00:00+09:00,5915.0,5915.0,5750.0,5792.0,275300
2026-05-28 09:00:00+09:00,5755.0,5952.0,5723.0,5933.0,256900
2026-05-29 09:00:00+09:00,5809.0,5927.0,5783.0,5798.0,294800
2026-06-01 09:00:00+09:00,5801.0,5872.0,5652.0,5851.0,302700
2026-06-02 09:00:00+09:00,5637.0,5801.0,5612.0,5796.0,259000
2026-06-03 09:00:00+09:00,5797.0,5830.0,5551.0,5621.0,294700
2026-06-04 09:00:00+09:00,5697.0,5812.0,5672.0,5703.0,334000
2026-06-05 09:00:00+09:00,5828.0,5830.0,5675.0,5728.0,409300
2026-06-08 09:00:00+09:00,5710.0,5778.0,5668.0,5698.0,271400
2026-06-09 09:00:00+09:00,5859.0,5931.0,5691.0,5722.0,343600
2026-06-10 09:00:00+09:00,5913.0,5950.0,5769.0,5890.0,317600
2026-06-11 09:00:00+09:00,5913.0,6024.0,5860.0,5920.0,217600
2026-06-12 09:00:00+09:00,5787.0,5942.0,5677.0,5859.0,470500
2026-06-15 09:00:00+09:00,6013.0,6179.0,5843.0,5878.0,458400
2026-06-16 09:00:00+09:00,6140.0,6173.0,6064.0,6072.0,432000
2026-06-17 09:00:00+09:00,6149.0,6188.0,6055.0,6102.0,278900
2026-06-18 09:00:00+09:00,6248.0,6285.0,6174.0,6200.0,342500
2026-06-19 09:00:00+09:00,6236.0,6309.0,6200.0,6234.0,306400
2026-06-22 09:00:00+09:00,6285.0,6310.0,6152.0,6236.0,236600
2026-06-23 09:00:00+09:00,6186.0,6350.0,6186.0,6350.0,300200
2026-06-24 09:00:00+09:00,6025.0,6189.0,5946.0,6185.0,222600
2026-06-25 09:00:00+09:00,5991.0,6105.0,5961.0,6100.0,337600
2026-06-26 09:00:00+09:00,5996.0,6000.0,5896.0,5988.0,268600
2026-06-29 09:00:00+09:00,6085.0,6085.0,5946.0,6050.0,528600
2026-06-30 09:00:00+09:00,6225.0,6287.0,6147.0,6170.0,382000
2026-07-01 09:00:00+09:00,6411.0,6467.0,6233.0,6270.0,377000
2026-07-02 09:00:00+09:00,6415.0,6554.0,6383.0,6489.0,449900
2026-07-03 09:00:00+09:00,6380.0,6462.0,6348.0,6400.0,381500
2026-07-06 09:00:00+09:00,6443.0,6510.0,6401.0,6446.0,356900
2026-07-07 09:00:00+09:00,6556.0,6583.0,6466.0,6474.0,239700
2026-07-08 09:00:00+09:00,6492.0,6634.0,6477.0,6589.0,371100
2026-07-09 09:00:00+09:00,6488.0,6505.0,6427.0,6472.0,246600
2026-07-10 09:00:00+09:00,6370.0,6461.0,6349.0,6415.0,454300
2026-07-13 09:00:00+09:00,6320.0,6461.0,6284.0,6434.0,276400
2026-07-14 09:00:00+09:00,6393.0,6422.0,6322.0,6359.0,217400
2026-07-15 09:00:00+09:00,6401.0,6446.0,6347.0,6435.0,190200
2026-07-16 09:00:00+09:00,6312.0,6375.0,6308.0,6365.0,226300
2026-07-17 09:00:00+09:00,6229.0,6312.0,6136.0,6275.0,339100
2026-07-21 09:00:00+09:00,6253.0,6319.0,6219.0,6277.0,273500
2026-07-22 09:00:00+09:00,6216.0,6272.0,6173.0,6225.0,194600
2026-07-23 09:00:00+09:00,6101.0,6167.0,6074.0,6160.0,366200
2026-07-24 09:00:00+09:00,6101.0,6130.0,6045.0,6063.0,344600
2026-07-27 09:00:00+09:00,6315.0,6315.0,6107.0,6142.0,401000
2026-07-28 09:00:00+09:00,6277.0,6313.0,6184.0,6280.0,256400
2026-07-29 09:00:00+09:00,6358.0,6369.0,6290.0,6294.0,325600
2026-07-30 09:00:00+09:00,6214.0,6355.0,6183.0,6332.0,297100
2026-07-31 09:00:00+09:00,6034.0,6228.0,6034.0,6164.0,485600
2026-08-03 09:00:00+09:00,5934.0,5995.0,5830.0,5950.0,392400
2026-08-04 09:00:00+09:00,5818.0,5970.0,5793.0,5950.0,279400
2026-08-05 09:00:00+09:00,5871.0,5973.0,5821.0,5894.0,284100
2026-08-06 09:00:00+09:00,5867.0,5965.0,5867.0,5943.0,322900
2026-08-07 09:00:00+09:00,5833.0,5871.0,5720.0,5781.0,490100
2026-08-10 09:00:00+09:00,5710.0,5829.0,5564.0,5820.0,477400
2026-08-12 09:00:00+09:00,5903.0,5931.0,5750.0,5757.0,382800
2026-08-13 09:00:00+09:00,5823.0,5904.0,5769.0,5888.0,419600
2026-08-14 09:00:00+09:00,5821.0,5876.0,5802.0,5823.0,292500
2026-08-17 09:00:00+09:00,5919.0,5958.0,5878.0,5879.0,281100
2026-08-18 09:00:00+09:00,5832.0,5878.0,5814.0,5870.0,234000
2026-08-19 09:00:00+09:00,5869.0,5889.0,5796.0,5861.0,376300
2026-08-20 09:00:00+09:00,5913.0,5973.0,5878.0,5901.0,258000
2026-08-21 09:00:00+09:00,5852.0,5902.0,5825.0,5895.0,224200
2026-08-24 09:00:00+09:00,5895.0,5969.0,5852.0,5852.0,388400
2026-08-25 09:00:00+09:00,5896.0,5956.0,5876.0,5931.0,374500
2026-08-26 09:00:00+09:00,5903.0,5980.0,5895.0,5923.0,331700
2026-08-27 09:00:00+09:00,5818.0,5923.0,5796.0,5882.0,398600
2026-08-28 09:00:00+09:00,5918.0,5924.0,5805.0,5815.0,370700
2026-08-31 09:00:00+09:00,,,,,374900
