Date,Close,High,Low,Open,Volume
2019-09-04 09:00:00+09:00,857.33740234375,860.6222199772509,849.1253582599976,851.5889714851234,829900
2019-09-05 09:00:00+09:00,854.0526733398438,862.2647182758037,851.5890598590557,853.2314688462477,870600
2019-09-06 09:00:00+09:00,836.8073120117188,851.588991713594,835.1649031559548,850.7677872857121,1489900
2019-09-09 09:00:00+09:00,832.7012329101562,837.6284591403938,827.7740066799187,831.0588241667436,1677000
2019-09-10 09:00:00+09:00,833.5225219726562,837.6285442483836,830.2377041520743,834.3437264278017,982100
2019-09-11 09:00:00+09:00,864.728271484375,865.5494759207324,841.7345472663669,842.5557517027244,1939600
2019-09-12 09:00:00+09:00,889.3643798828125,893.4704019506001,868.0130651303165,870.4766783709891,1987800
2019-09-13 09:00:00+09:00,899.2189331054688,899.2189331054688,889.364479044039,892.6492970645155,1965900
2019-09-17 09:00:00+09:00,899.2189331054688,906.6097736515411,887.7220700338007,893.4705015696347,1010900
2019-09-18 09:00:00+09:00,897.5765380859375,903.3249697113736,890.1856974246626,898.397742603857,1372600
2019-09-19 09:00:00+09:00,906.60986328125,917.2855229032212,900.8614311771116,900.8614311771116,1623700
2019-09-20 09:00:00+09:00,903.3248901367188,912.3581390380859,899.2188679088246,912.3581390380859,2009400
2019-09-24 09:00:00+09:00,909.0733032226562,918.9277563741214,905.7884855055012,907.4308943640788,1292000
2019-09-25 09:00:00+09:00,914.8217163085938,917.285329548204,906.6096721765597,908.2520810029665,1451100
2019-09-26 09:00:00+09:00,902.5037231445312,919.7490172173567,896.7552917869227,919.7490172173567,1502300
2019-09-27 09:00:00+09:00,885.7753295898438,902.5038532837029,875.7382153735282,900.831000914317,1764000
2019-09-30 09:00:00+09:00,853.154541015625,874.9016175513175,853.154541015625,873.2287655101104,1997300
2019-10-01 09:00:00+09:00,878.2473754882812,885.7752101353236,862.3552801223028,864.8645583379837,1245700
2019-10-02 09:00:00+09:00,897.4851684570312,898.3215945226948,877.4109428811051,877.4109428811051,1133800
2019-10-03 09:00:00+09:00,889.9572143554688,889.9572143554688,874.0651212419782,882.4293807753943,1158200
2019-10-04 09:00:00+09:00,894.139404296875,897.485108335404,879.0837361234945,885.7751442005525,1254600
2019-10-07 09:00:00+09:00,890.7935180664062,899.9942022905662,879.9199821651262,896.6484989363263,916000
2019-10-08 09:00:00+09:00,884.9387817382812,894.1394685049364,883.2659295988894,893.3030424352405,817800
2019-10-09 09:00:00+09:00,888.2846069335938,890.7938854842537,879.9203450980608,879.9203450980608,873200
2019-10-10 09:00:00+09:00,884.102294921875,893.3029810563505,877.4108868240746,889.9572770074503,785800
2019-10-11 09:00:00+09:00,891.630126953125,894.1394049839499,884.9387188709252,887.4479969017501,571500
2019-10-15 09:00:00+09:00,902.5037231445312,910.0315577212697,899.1580188882031,901.6672970804492,1041400
2019-10-16 09:00:00+09:00,904.1766357421875,915.8866014224749,898.3216529020439,907.5223402222696,1700800
2019-10-17 09:00:00+09:00,896.6486206054688,912.5407136945582,896.6486206054688,905.8493060780995,1037700
2019-10-18 09:00:00+09:00,900.8307495117188,907.5221571218336,895.8121938041326,901.6671754629831,1380000
2019-10-21 09:00:00+09:00,907.5221557617188,913.3771374117944,903.3400260116647,905.8493038616971,867300
2019-10-23 09:00:00+09:00,908.358642578125,919.2321806568686,903.3400865417817,913.3771986144682,1493700
2019-10-24 09:00:00+09:00,914.213623046875,916.7229010607274,910.0314930237878,911.7043450330226,1320700
2019-10-25 09:00:00+09:00,914.213623046875,916.7229010607274,906.6857890053179,911.7043450330226,1005200
2019-10-28 09:00:00+09:00,910.0314331054688,917.5592666513779,907.5221552568323,908.3585812063777,712800
2019-10-29 09:00:00+09:00,897.4851684570312,910.8679855076487,895.812316325704,907.5222812449944,1000200
2019-10-30 09:00:00+09:00,892.4664916992188,910.0314367092316,888.2843619349301,904.1764550392273,1781300
2019-10-31 09:00:00+09:00,905.0130004882812,909.1951308047705,890.7937574122177,900.830870171792,1293400
2019-11-01 09:00:00+09:00,860.6823120117188,860.6823120117188,816.3517361743804,826.3888476847212,4803300
2019-11-05 09:00:00+09:00,837.262451171875,853.1545456496629,826.3889128449675,848.9724155239292,4119000
2019-11-06 09:00:00+09:00,830.5711669921875,835.5897238924424,828.8983146921025,835.5897238924424,2366000
2019-11-07 09:00:00+09:00,823.8795776367188,833.0802632753015,823.8795776367188,831.4074113410137,2376900
2019-11-08 09:00:00+09:00,820.5338745117188,825.5524303191298,820.5338745117188,825.5524303191298,1519400
2019-11-11 09:00:00+09:00,824.716064453125,824.716064453125,818.861082251125,820.5339343088393,1700000
2019-11-12 09:00:00+09:00,819.6975708007812,825.5525534493582,818.8611447081273,820.5339968934351,1566500
2019-11-13 09:00:00+09:00,815.515380859375,823.8796411758814,815.515380859375,823.8796411758814,1396600
2019-11-14 09:00:00+09:00,798.786865234375,814.678959935373,798.786865234375,811.3332557877944,2232100
2019-11-15 09:00:00+09:00,795.441162109375,806.3147006029837,793.7683100334352,797.1140141853148,2073100
2019-11-18 09:00:00+09:00,792.095458984375,798.786867296809,787.0769027500495,797.9504412577547,1636200
2019-11-19 09:00:00+09:00,782.894775390625,790.422609769381,780.385497264373,788.749757685213,1922900
2019-11-20 09:00:00+09:00,774.5304565429688,783.7311423118377,770.3483266480283,782.8947163328496,2562700
2019-11-21 09:00:00+09:00,792.931884765625,792.931884765625,777.8762160675435,780.3854941838904,2184200
2019-11-22 09:00:00+09:00,792.931884765625,799.6232930758835,788.7497545717134,789.5861806104957,1849700
2019-11-25 09:00:00+09:00,807.1510620117188,807.1510620117188,787.913264678797,790.4225425917867,1343400
2019-11-26 09:00:00+09:00,801.2960815429688,810.4967672391824,799.6232295982027,810.4967672391824,2245400
2019-11-27 09:00:00+09:00,808.823974609375,810.4968266768194,799.6232882384306,799.6232882384306,1448400
2019-11-28 09:00:00+09:00,810.4967651367188,812.1696170771455,804.6417833452255,810.4967651367188,1088600
2019-11-29 09:00:00+09:00,806.3147583007812,818.8611497681171,806.3147583007812,814.6790192790052,3946900
2019-12-02 09:00:00+09:00,812.1695556640625,823.8795183615875,811.3331297570965,813.0059815710285,1433400
2019-12-03 09:00:00+09:00,798.786865234375,804.6418474926373,797.1140131605857,802.9689954188482,1563100
2019-12-04 09:00:00+09:00,797.950439453125,803.8054217132632,796.2775873787997,798.7868654902876,1509900
2019-12-05 09:00:00+09:00,800.459716796875,804.6418469786769,794.6047345423524,798.7868647241543,1330600
2019-12-06 09:00:00+09:00,793.7682495117188,805.4782131504585,792.9318235375231,801.2960832794801,1539300
2019-12-09 09:00:00+09:00,797.1139526367188,797.1139526367188,788.7496929028603,792.0953967964036,1654600
2019-12-10 09:00:00+09:00,782.0584106445312,798.7869327973555,782.0584106445312,798.7869327973555,1952800
2019-12-11 09:00:00+09:00,788.749755859375,789.5861818995228,776.203365257158,778.7126433776014,1502800
2019-12-12 09:00:00+09:00,784.5675659179688,797.1139555648447,783.7311399415104,794.6046776354694,1430300
2019-12-13 09:00:00+09:00,792.931884765625,800.4597191146657,787.0769024941488,795.4411628819719,2469100
2019-12-16 09:00:00+09:00,808.823974609375,809.6604006430972,794.6047320360974,798.7868622047084,1745900
2019-12-17 09:00:00+09:00,821.3704223632812,822.2068484553009,809.6604570750064,813.8425875351046,2110000
2019-12-18 09:00:00+09:00,817.1883544921875,821.3704852725979,813.8426498678592,821.3704852725979,1398400
2019-12-19 09:00:00+09:00,807.1510620117188,818.0245996346746,806.3146360407221,814.6788957506882,975200
2019-12-20 09:00:00+09:00,801.2960815429688,813.0060451563315,799.6232295982027,813.0060451563315,1641400
2019-12-23 09:00:00+09:00,791.2590942382812,799.6233552767409,790.4226681344353,799.6233552767409,1048800
2019-12-24 09:00:00+09:00,789.586181640625,792.9318858001192,787.913329560878,789.586181640625,843800
2019-12-25 09:00:00+09:00,784.5675659179688,789.5861217767191,784.5675659179688,788.7496958002607,739800
2019-12-26 09:00:00+09:00,796.277587890625,796.277587890625,784.5676233628217,785.404049400522,1269400
2019-12-27 09:00:00+09:00,800.459716796875,803.8054209423165,797.1140126514335,799.6232907605146,863100
2019-12-30 09:00:00+09:00,790.422607421875,797.9504417782738,790.422607421875,795.4411636594742,785100
2020-01-06 09:00:00+09:00,781.221923828125,792.9318884251205,778.7126457001974,786.2404800839803,1270000
2020-01-07 09:00:00+09:00,778.7125244140625,787.913209450104,778.7125244140625,781.2218021511648,1542100
2020-01-08 09:00:00+09:00,761.9840698242188,771.1847556289019,760.311217859731,771.1847556289019,2138600
2020-01-09 09:00:00+09:00,763.6570434570312,769.5120262655736,759.474912879501,761.9841912260191,1685400
2020-01-10 09:00:00+09:00,751.1105346679688,761.1476464898125,751.1105346679688,760.3112205046589,2340900
2020-01-14 09:00:00+09:00,748.601318359375,756.1291528456704,746.9284662513094,751.1105965214734,2036000
2020-01-15 09:00:00+09:00,744.4191284179688,752.7833882878335,743.5827024309823,751.1105363138606,1767400
2020-01-16 09:00:00+09:00,759.4747924804688,760.3112184633767,750.2741066684806,753.6198106001127,1987400
2020-01-17 09:00:00+09:00,749.4376831054688,761.9840728896005,746.9284051486425,750.2741090910775,2638100
2020-01-20 09:00:00+09:00,756.9655151367188,761.9840710381776,752.7833852188363,752.7833852188363,1161500
2020-01-21 09:00:00+09:00,757.802001953125,760.3112801052877,754.4562977502414,756.1291498516832,949600
2020-01-22 09:00:00+09:00,750.274169921875,756.9655783492719,749.4377438684504,756.1291522958473,1144600
2020-01-23 09:00:00+09:00,746.928466796875,749.4377449608062,740.2370583597249,745.2556146875875,1822700
2020-01-24 09:00:00+09:00,738.5641479492188,751.1105377784806,738.5641479492188,748.6012598126283,1859500
2020-01-27 09:00:00+09:00,736.891357421875,736.891357421875,731.8728010716693,736.0549313635074,1754700
2020-01-28 09:00:00+09:00,742.7463989257812,746.9285295503634,732.7092854267842,736.0549899264499,1932200
2020-01-29 09:00:00+09:00,750.274169921875,752.7834480821489,741.9099093876289,742.7463354410536,1585200
2020-01-30 09:00:00+09:00,750.274169921875,751.9470220287243,741.9099093876289,748.6013178150258,1575600
2020-01-31 09:00:00+09:00,752.783447265625,759.4748556857639,752.783447265625,756.1291514756945,1494000
2020-02-03 09:00:00+09:00,756.9655151367188,760.3112190710247,735.2184395637302,736.0548655473066,1694000
2020-02-04 09:00:00+09:00,762.8204956054688,768.6754774796336,754.4562357852334,756.965513731304,1715000
2020-02-05 09:00:00+09:00,770.348388671875,772.0212407645392,759.4748500695575,760.3112761158897,1407000
2020-02-06 09:00:00+09:00,780.385498046875,785.4040543044111,772.8576636605708,772.8576636605708,1806800
2020-02-07 09:00:00+09:00,770.348388671875,779.5490751815282,767.0026844865465,778.7126491351961,1034300
2020-02-10 09:00:00+09:00,761.1476440429688,765.3297739552928,758.6383660955744,765.3297739552928,1099400
2020-02-12 09:00:00+09:00,743.582763671875,758.6384326776048,743.582763671875,758.6384326776048,1831200
2020-02-13 09:00:00+09:00,728.527099609375,740.2370644710642,728.527099609375,739.400638409515,3146200
2020-02-14 09:00:00+09:00,723.5084838867188,727.690613851382,715.1442239573926,725.181335872584,3065600
2020-02-17 09:00:00+09:00,727.6906127929688,731.036316759833,720.1627788675243,721.8356308509564,1216800
2020-02-18 09:00:00+09:00,723.5084838867188,731.0363178231124,723.5084838867188,728.5270398443146,847200
2020-02-19 09:00:00+09:00,721.8356323242188,730.1998922584507,720.9992063307956,726.8541882847579,1075800
2020-02-20 09:00:00+09:00,713.471435546875,725.1814004913724,711.7985834119468,720.1628440865878,1486200
2020-02-21 09:00:00+09:00,714.3078002929688,718.4899302712648,711.798522305991,713.4713742973095,1206400
2020-02-25 09:00:00+09:00,690.887939453125,700.0886262981423,687.5422351458459,697.5793480676831,2146000
2020-02-26 09:00:00+09:00,692.5606689453125,695.0699467313462,680.0142800151438,682.5235578011775,2047200
2020-02-27 09:00:00+09:00,674.159423828125,685.869389006281,671.650145575663,681.687258585511,2132500
2020-02-28 09:00:00+09:00,654.0851440429688,663.2858302123711,649.9030139659676,654.921570058369,2816800
2020-03-02 09:00:00+09:00,651.5759887695312,661.6131028455703,634.0110391364631,639.0295961744825,2512000
2020-03-03 09:00:00+09:00,666.6315307617188,680.0143469376127,662.4494007067518,664.1222527287385,3069400
2020-03-04 09:00:00+09:00,677.505126953125,688.3786660276813,659.9401792173032,662.4494574652778,2527400
2020-03-05 09:00:00+09:00,701.7614135742188,710.1256735691438,685.8693195838609,690.0514495813236,3127500
2020-03-06 09:00:00+09:00,681.687255859375,692.5607949098927,674.1594211320936,692.5607949098927,2187800
2020-03-09 09:00:00+09:00,644.048095703125,667.468026455966,639.8659652115463,664.9587481610187,2189400
2020-03-10 09:00:00+09:00,643.2115478515625,653.2486591314308,613.9366399519465,631.5015846917161,3116500
2020-03-11 09:00:00+09:00,655.7579956054688,660.7765516942861,642.3751793686224,644.0480313982282,2296000
2020-03-12 09:00:00+09:00,632.338134765625,638.1931174949364,617.282464890253,637.356691390749,3014600
2020-03-13 09:00:00+09:00,593.0260620117188,613.936712999438,573.788263103017,590.5167838931924,3884600
2020-03-16 09:00:00+09:00,593.862548828125,611.4274974554357,581.3161569514745,590.5168443276849,2057000
2020-03-17 09:00:00+09:00,661.6129150390625,667.4678965880807,583.8253030306771,586.3345808373992,3275200
2020-03-18 09:00:00+09:00,667.468017578125,692.560800193844,657.4309045318374,669.1408697525062,3146300
2020-03-19 09:00:00+09:00,707.6163940429688,726.8541919897634,681.6871881146803,687.5421700984874,3855200
2020-03-23 09:00:00+09:00,720.1627807617188,733.5455966643756,704.2706868773138,727.6906147069632,3161300
2020-03-24 09:00:00+09:00,699.252197265625,719.3264230244467,685.8693800930772,719.3264230244467,2865100
2020-03-25 09:00:00+09:00,720.1627807617188,723.5084847373829,687.5421669989928,709.2892428408101,2871400
2020-03-26 09:00:00+09:00,718.489990234375,726.0178248235594,695.070060401357,708.4528774487958,2439300
2020-03-27 09:00:00+09:00,753.6198120117188,753.6198120117188,727.6906064930026,730.1998844464267,3365900
2020-03-30 09:00:00+09:00,756.171630859375,759.5739779048615,730.6540280182263,747.6657632456588,2146000
2020-03-31 09:00:00+09:00,739.1598510742188,759.5739321165447,724.6998770025712,745.9645447549941,2559900
2020-04-01 09:00:00+09:00,718.745849609375,740.0105197161613,708.5388079581177,728.9528912606324,2301700
2020-04-02 09:00:00+09:00,715.3434448242188,724.6998989182335,705.1364039943845,705.9869907302041,1523400
2020-04-03 09:00:00+09:00,723.849365234375,745.1140351883813,717.044670849093,731.5046464178173,2029100
2020-04-06 09:00:00+09:00,746.8151245117188,751.0680580226056,722.9986968507528,725.5504569572848,1680600
2020-04-07 09:00:00+09:00,745.1139526367188,751.9186462681043,733.205738781794,742.5621925249492,1524100
2020-04-08 09:00:00+09:00,745.1139526367188,757.8727531955667,744.2633659327955,747.6657127484883,1812900
2020-04-09 09:00:00+09:00,742.5621948242188,752.7692353029022,729.8033942258644,750.2174751832313,1455200
2020-04-10 09:00:00+09:00,755.3211059570312,757.8728664501293,739.1599561674101,748.5164113087696,1350200
2020-04-13 09:00:00+09:00,746.8151245117188,755.3209915334924,741.7116042986546,750.2174713204282,1021000
2020-04-14 09:00:00+09:00,751.9187622070312,754.4705227122588,745.9646543615005,751.9187622070312,1031600
2020-04-15 09:00:00+09:00,756.171630859375,756.171630859375,739.1598956319425,745.114002961544,1608700
2020-04-16 09:00:00+09:00,773.183349609375,774.0339363526197,751.0680942850145,752.7692677715038,1785500
2020-04-17 09:00:00+09:00,775.7351684570312,787.6433837622927,770.6316476119192,782.5398629171807,1637700
2020-04-20 09:00:00+09:00,764.6774291992188,774.0338827266842,760.4244957776436,767.2291892521639,1237500
2020-04-21 09:00:00+09:00,747.665771484375,759.5739862747973,745.1140111721415,756.1716391918195,1843500
2020-04-22 09:00:00+09:00,736.6080932617188,749.3668939533189,733.2057464106254,745.9645471022255,1706700
2020-04-23 09:00:00+09:00,750.2174682617188,751.9186416591376,740.0104278772056,740.0104278772056,1423000
2020-04-24 09:00:00+09:00,751.9187622070312,755.3211095473346,743.412893856273,744.2634806913488,2112500
2020-04-27 09:00:00+09:00,745.1139526367188,749.3668861563347,740.0104324131796,745.964539340642,1423900
2020-04-28 09:00:00+09:00,740.8609619140625,745.9644817435509,734.9068554463261,740.0103752758145,1307100
2020-04-30 09:00:00+09:00,725.5504150390625,743.4127347528026,724.6998283860273,733.2056949163797,2276700
2020-05-01 09:00:00+09:00,731.5045776367188,739.1598581003589,720.4469503003497,721.297537018532,1855300
2020-05-07 09:00:00+09:00,703.435302734375,725.5505601359393,700.0329554418266,723.8493864896652,2142900
2020-05-08 09:00:00+09:00,738.309326171875,738.309326171875,707.6882020449309,711.0905491701469,1583500
2020-05-11 09:00:00+09:00,736.6080932617188,740.0104401128121,734.0563331233988,739.1598534000389,998500
2020-05-12 09:00:00+09:00,738.309326171875,742.562260078395,734.0563922653549,740.010499734483,733200
2020-05-13 09:00:00+09:00,735.7575073242188,740.0104408925669,729.8034003285314,733.2057471832098,973400
2020-05-14 09:00:00+09:00,726.4010620117188,745.9645566560624,726.4010620117188,736.6081026957241,1023100
2020-05-15 09:00:00+09:00,731.5045776367188,736.6080979458121,722.9987104548965,727.2516440458076,812600
2020-05-18 09:00:00+09:00,729.8034057617188,741.7116198417468,724.6998854417067,740.8610331217448,967200
2020-05-19 09:00:00+09:00,729.8034057617188,740.8610331217448,728.9528190417168,739.1598596817407,1013100
2020-05-20 09:00:00+09:00,737.458740234375,738.3093270166522,729.8034591938798,734.9069798875432,1004000
2020-05-21 09:00:00+09:00,724.6998901367188,732.355170666332,722.9987166856936,732.355170666332,983400
2020-05-22 09:00:00+09:00,718.745849609375,728.9528912606324,712.7917419794749,727.2517176520895,1101600
2020-05-25 09:00:00+09:00,732.3551635742188,733.2057502914943,722.1481229669125,725.5504698360146,809600
2020-05-26 09:00:00+09:00,739.1598510742188,740.8610244944126,728.1022238429589,737.4586776540249,893000
2020-05-27 09:00:00+09:00,784.2410278320312,784.2410278320312,752.7693163029801,753.6199031010626,2753100
2020-05-28 09:00:00+09:00,782.5397338867188,786.7926672230597,774.8844538813051,779.9879738849143,1523900
2020-05-29 09:00:00+09:00,762.1256713867188,781.689165183476,761.2750846999032,775.7350583757673,2831500
2020-06-01 09:00:00+09:00,781.6893310546875,783.3905047893005,766.3787674431702,771.4822886470093,859600
2020-06-02 09:00:00+09:00,784.2410278320312,789.344548620526,778.286920245454,786.7927882262786,1278300
2020-06-03 09:00:00+09:00,770.6315307617188,790.1950243682525,765.528010690449,790.1950243682525,1594600
2020-06-04 09:00:00+09:00,771.482177734375,778.2868716945459,766.3786572642468,775.7351114594818,1047100
2020-06-05 09:00:00+09:00,768.9303588867188,777.436225688563,757.8727320443213,759.5739054046901,1372000
2020-06-08 09:00:00+09:00,779.988037109375,779.988037109375,768.0798228023617,776.5856901645141,1107200
2020-06-09 09:00:00+09:00,787.6433715820312,793.5974791425866,779.1375036383808,782.539850815841,995600
2020-06-10 09:00:00+09:00,786.7927856445312,792.746893211571,782.5398516680743,791.0457196209882,1145900
2020-06-11 09:00:00+09:00,790.1951904296875,792.746951001581,782.539908714007,786.7928430004962,1277800
2020-06-12 09:00:00+09:00,777.4363403320312,787.6433819994102,774.0339931095716,787.6433819994102,1324200
2020-06-15 09:00:00+09:00,768.9303588867188,784.2409191300384,768.9303588867188,774.0338789678253,968100
2020-06-16 09:00:00+09:00,772.332763671875,777.4362841366672,762.1257227422908,777.4362841366672,1467200
2020-06-17 09:00:00+09:00,774.8845825195312,785.9422110296892,770.6316484771628,776.5857561364786,1327200
2020-06-18 09:00:00+09:00,768.0797729492188,780.838573164322,766.3785995872049,775.7350530782807,1466000
2020-06-19 09:00:00+09:00,759.573974609375,769.7810157015502,757.0222143363312,766.3786686708252,2115600
2020-06-22 09:00:00+09:00,751.0680541992188,768.0797881561659,751.0680541992188,757.8727477819976,1087500
2020-06-23 09:00:00+09:00,757.8727416992188,765.5280219184027,747.6657014069733,756.1715683171778,947400
2020-06-24 09:00:00+09:00,742.5621948242188,753.6198220094591,738.3092612914339,749.3668884766744,1218100
2020-06-25 09:00:00+09:00,746.8151245117188,748.5162979160734,740.0104308942999,745.1139511073641,752600
2020-06-26 09:00:00+09:00,746.8151245117188,750.2174713204282,738.3092574899451,750.2174713204282,1260900
2020-06-29 09:00:00+09:00,756.171630859375,761.2751514276048,744.2634162001723,750.2175235297736,1249500
2020-06-30 09:00:00+09:00,769.781005859375,775.7351130870167,762.1257251381215,765.5280721253454,1368300
2020-07-01 09:00:00+09:00,745.1139526367188,768.079793642645,740.0104324131796,768.079793642645,1800700
2020-07-02 09:00:00+09:00,747.665771484375,754.4704656503305,740.8610773184193,751.9187053380972,1824800
2020-07-03 09:00:00+09:00,748.5162353515625,756.1715150312945,742.5621289339932,750.2174086137252,836800
2020-07-06 09:00:00+09:00,761.275146484375,762.9763199960719,747.6657583907995,748.5163451466481,804700
2020-07-07 09:00:00+09:00,747.665771484375,758.7233995040528,747.665771484375,757.022225962564,1013900
2020-07-08 09:00:00+09:00,752.7691650390625,768.0797243279925,751.0679917847369,751.9185784118997,1067600
2020-07-09 09:00:00+09:00,767.229248046875,772.3327685438609,749.3669263074245,753.6198600549127,1325200
2020-07-10 09:00:00+09:00,759.573974609375,768.0798421861878,759.573974609375,763.8269083977814,967700
2020-07-13 09:00:00+09:00,773.183349609375,774.8845230958643,768.0798291499073,772.3327628661305,892700
2020-07-14 09:00:00+09:00,757.8727416992188,771.4821287555459,757.8727416992188,771.4821287555459,1024700
2020-07-15 09:00:00+09:00,794.4480590820312,800.4021665912114,773.1833894063881,774.0339761934138,2980900
2020-07-16 09:00:00+09:00,779.988037109375,806.3562259320474,778.2868636369445,802.9538789871865,1949200
2020-07-17 09:00:00+09:00,786.7927856445312,792.746893211571,784.2410252586571,788.4939592351141,924000
2020-07-20 09:00:00+09:00,796.999755859375,796.999755859375,782.5397816335379,790.1950621060399,722600
2020-07-21 09:00:00+09:00,771.482177734375,795.2986065949732,770.6315909893536,795.2986065949732,1206500
2020-07-22 09:00:00+09:00,776.585693359375,788.4939077153786,776.585693359375,779.9880403182332,853300
2020-07-27 09:00:00+09:00,791.896240234375,791.896240234375,765.528051784036,770.631572129263,903000
2020-07-28 09:00:00+09:00,772.332763671875,786.7927383221194,771.482176927743,782.5398046014593,908400
2020-07-29 09:00:00+09:00,775.7351684570312,790.1951441848488,773.1834080344753,782.5398629171807,1193600
2020-07-30 09:00:00+09:00,771.482177734375,781.6892186746313,771.482177734375,775.7351114594818,1064900
2020-07-31 09:00:00+09:00,751.9187622070312,774.8846067540786,751.0681753719555,768.9304989085479,1375500
2020-08-03 09:00:00+09:00,789.344482421875,789.344482421875,767.2292275264344,775.7350947939116,1661900
2020-08-04 09:00:00+09:00,791.896240234375,796.1491738553974,781.6891995439212,790.1950667859661,1187800
2020-08-05 09:00:00+09:00,781.6893310546875,781.6893310546875,765.5281805758638,781.6893310546875,1073600
2020-08-06 09:00:00+09:00,777.4363403320312,783.3904479713357,774.0339931095716,779.1375139432611,544000
2020-08-07 09:00:00+09:00,778.286865234375,784.2409724001025,773.1833448066086,780.8386254482582,678900
2020-08-11 09:00:00+09:00,800.402099609375,800.402099609375,780.8386051449588,782.5397785766472,1319800
2020-08-12 09:00:00+09:00,821.6668090820312,823.3679825997995,796.1492063155085,796.1492063155085,1486400
2020-08-13 09:00:00+09:00,823.3679809570312,824.2185677142182,805.5056590561039,824.2185677142182,1102000
2020-08-14 09:00:00+09:00,819.965576171875,823.36792296097,813.1608825936852,823.36792296097,757000
2020-08-17 09:00:00+09:00,809.758544921875,819.1149986972327,809.758544921875,815.71265186983,564800
2020-08-18 09:00:00+09:00,810.6091918945312,814.0115389748861,801.2527374235556,805.505671273999,572100
2020-08-19 09:00:00+09:00,811.459716796875,815.712650323064,804.6550231549725,804.6550231549725,379300
2020-08-20 09:00:00+09:00,799.551513671875,812.3103144219581,799.551513671875,808.9079675552692,736100
2020-08-21 09:00:00+09:00,802.953857421875,807.2067909887281,798.7009238550219,800.4020972817631,589000
2020-08-24 09:00:00+09:00,796.999755859375,808.0573832085446,795.2985824210413,807.2067964893777,527700
2020-08-25 09:00:00+09:00,804.6551513671875,807.2069118894937,796.9998698002693,805.5057382079563,762600
2020-08-26 09:00:00+09:00,803.804443359375,803.804443359375,796.1491629464285,798.7009230840773,366400
2020-08-27 09:00:00+09:00,793.5973510742188,801.252630988118,792.7467644171188,799.5514576739181,533200
2020-08-28 09:00:00+09:00,795.2987060546875,808.0575088256184,791.896358649106,795.2987060546875,807400
2020-08-31 09:00:00+09:00,798.7010498046875,812.3104393647247,797.8504629571852,798.7010498046875,1041100
2020-09-01 09:00:00+09:00,804.6551513671875,804.6551513671875,796.1492829595005,798.7010434818067,699500
2020-09-02 09:00:00+09:00,811.459716796875,811.459716796875,796.9997428078321,800.4020896287834,1118800
2020-09-03 09:00:00+09:00,814.0115356445312,824.2185768438358,814.0115356445312,820.8162297774008,829000
2020-09-04 09:00:00+09:00,811.459716796875,819.9655838492531,805.5056098602103,813.1608902073506,790100
2020-09-07 09:00:00+09:00,804.6551513671875,816.5633671379493,802.1033908448815,814.8621934564119,595200
2020-09-08 09:00:00+09:00,799.551513671875,805.5056206885804,792.7468199384973,805.5056206885804,730000
2020-09-09 09:00:00+09:00,806.356201171875,807.2067878819719,793.5974005204213,802.1032676213904,1027500
2020-09-10 09:00:00+09:00,810.6091918945312,812.3103654347087,799.5515638833782,802.1033241936443,695900
2020-09-11 09:00:00+09:00,821.6668090820312,825.9197428764517,810.6091812165381,814.8621150109585,1174700
2020-09-14 09:00:00+09:00,839.529052734375,845.4831594913563,828.471425899981,828.471425899981,1107800
2020-09-15 09:00:00+09:00,832.7244262695312,839.5291202533476,829.3220792776231,839.5291202533476,717400
2020-09-16 09:00:00+09:00,827.620849609375,830.172609680113,822.5173294678989,830.172609680113,921900
2020-09-17 09:00:00+09:00,820.816162109375,833.5749625566709,815.7126419304566,827.6208556812662,1075500
2020-09-18 09:00:00+09:00,828.4714965820312,831.8738435905816,818.2644555563799,823.3679760692055,2351400
2020-09-23 09:00:00+09:00,825.069091796875,825.9196784894491,814.0114647934117,825.069091796875,1280200
2020-09-24 09:00:00+09:00,819.1150512695312,825.0691585996317,814.8621174623166,819.1150512695312,1137800
2020-09-25 09:00:00+09:00,827.620849609375,836.1267165118352,823.3679161581449,829.322022989867,1729000
2020-09-28 09:00:00+09:00,836.9774169921875,837.8280037980738,820.8162676803464,833.5750697686419,1454000
2020-09-29 09:00:00+09:00,834.8123168945312,840.0082441781071,818.3585471632075,833.0803411333393,1258500
2020-09-30 09:00:00+09:00,828.7504272460938,842.6062337622249,828.7504272460938,834.8123425969011,1655700
2020-10-02 09:00:00+09:00,818.358642578125,837.4103781725364,812.2967267071759,837.4103781725364,1311800
2020-10-05 09:00:00+09:00,836.54443359375,845.2043138586956,826.1525772758151,827.8845533288044,1177400
2020-10-06 09:00:00+09:00,840.0082397460938,841.7402154981476,833.0803367378785,835.6783003659592,652800
2020-10-07 09:00:00+09:00,836.54443359375,839.1423976732336,826.1525772758151,833.9464695142663,914700
2020-10-08 09:00:00+09:00,840.874267578125,846.0701950811824,837.41031590942,840.874267578125,1032800
2020-10-09 09:00:00+09:00,833.0803833007812,841.7402625450721,829.6164316030649,841.7402625450721,811100
2020-10-12 09:00:00+09:00,825.2864379882812,833.0803287982441,820.956498649413,830.4823651949231,861300
2020-10-13 09:00:00+09:00,823.5545654296875,828.7504932872881,821.822589477154,827.8845053110214,993100
2020-10-14 09:00:00+09:00,816.6266479492188,823.5545516433797,813.1626961021383,819.224611834529,725400
2020-10-15 09:00:00+09:00,804.5028686523438,814.028736849519,803.6368806344187,807.1008327061188,845200
2020-10-16 09:00:00+09:00,805.3687744140625,814.0286537088374,804.502786484585,807.966738202495,739600
2020-10-19 09:00:00+09:00,819.224609375,820.0905973341702,811.4307177424682,814.0286816199788,1132000
2020-10-20 09:00:00+09:00,804.5028686523438,820.0906529749941,794.1110124372435,818.3586769391441,1491200
2020-10-21 09:00:00+09:00,799.3068237304688,804.5027510786624,794.9768842736406,801.0387995131999,1498700
2020-10-22 09:00:00+09:00,769.8633422851562,792.3790305859594,769.8633422851562,789.7810665512513,2117800
2020-10-23 09:00:00+09:00,778.5231323242188,787.1830114379475,769.8632532104899,775.0591806787272,955300
2020-10-26 09:00:00+09:00,781.987060546875,781.987060546875,772.4611938071014,773.3271816925353,569700
2020-10-27 09:00:00+09:00,775.0592041015625,781.9871076019116,769.8632764763006,781.9871076019116,625800
2020-10-28 09:00:00+09:00,772.4612426757812,775.0592064964396,765.5333391540253,770.7292667953423,592000
2020-10-29 09:00:00+09:00,774.1932373046875,774.1932373046875,762.0694058480145,765.5333576927782,1046600
2020-10-30 09:00:00+09:00,758.6054077148438,771.595226340098,756.0074439897929,770.7292384317477,1067000
2020-11-02 09:00:00+09:00,788.9149780273438,803.6367723483809,764.6673167926942,764.6673167926942,1588900
2020-11-04 09:00:00+09:00,779.3890991210938,794.9768811035157,779.3890991210938,793.244905327691,1206400
2020-11-05 09:00:00+09:00,775.9251708984375,780.2551104681833,765.5333159310477,778.523134640285,1234100
2020-11-06 09:00:00+09:00,779.3890991210938,786.3170022243924,772.4611960177951,773.3271839057074,1067200
2020-11-09 09:00:00+09:00,780.255126953125,789.7809942078246,776.7911752241432,788.0490183433337,1277800
2020-11-10 09:00:00+09:00,792.3789672851562,798.4408828818733,786.3170516884392,788.9150155156036,1460700
2020-11-11 09:00:00+09:00,803.63671875,809.6986336543642,797.5748038456358,805.3686944369612,1450600
2020-11-12 09:00:00+09:00,793.2449340820312,806.2347528715842,790.6469703241207,802.77080119437,1104700
2020-11-13 09:00:00+09:00,791.5130615234375,793.2450375880402,781.1212051358212,791.5130615234375,1033300
2020-11-16 09:00:00+09:00,803.63671875,809.6986336543642,794.1108524717133,800.1727673760776,1099300
2020-11-17 09:00:00+09:00,820.090576171875,820.090576171875,803.6368053722281,808.8327329931692,1387100
2020-11-18 09:00:00+09:00,819.224609375,824.4205371300211,811.4307177424682,818.3586214158298,1009800
2020-11-19 09:00:00+09:00,830.4824829101562,830.4824829101562,809.6987711376394,815.7606870712901,1444800
2020-11-20 09:00:00+09:00,819.224609375,833.0804167217229,818.3586214158298,823.5545491708509,1202000
2020-11-24 09:00:00+09:00,822.6885375976562,833.080392809416,820.9565617290295,829.6164410721628,1010300
2020-11-25 09:00:00+09:00,805.3687744140625,827.8844605804771,802.77081062563,827.0184726509997,1286300
2020-11-26 09:00:00+09:00,793.2449340820312,807.1007407908877,792.3789461627277,804.5027770329772,971100
2020-11-27 09:00:00+09:00,789.781005859375,801.0388491446512,787.1830420243112,798.4408853095874,1841700
2020-11-30 09:00:00+09:00,762.9353637695312,782.8530860926859,757.7394362069692,781.9870981655922,3022500
2020-12-01 09:00:00+09:00,756.0074462890625,768.131277042839,745.6155913572541,764.6673253989029,2156500
2020-12-02 09:00:00+09:00,753.4094848632812,767.2652914814565,746.4815815541937,764.6673277405487,1888200
2020-12-03 09:00:00+09:00,754.2754516601562,762.9353305540731,749.9455122131978,757.739403217723,1314600
2020-12-04 09:00:00+09:00,760.33740234375,761.2033902735265,754.2754868353146,756.8734506246441,1040300
2020-12-07 09:00:00+09:00,745.6155395507812,762.9352965670596,744.7495516999674,760.3373330146178,1675500
2020-12-08 09:00:00+09:00,743.8836669921875,747.3476188757367,740.4197151086383,743.0176790213002,851000
2020-12-09 09:00:00+09:00,732.6257934570312,741.2856728123153,729.1618417149176,738.6877090057301,2190500
2020-12-10 09:00:00+09:00,760.33740234375,760.33740234375,737.8217161695615,737.8217161695615,2498400
2020-12-11 09:00:00+09:00,760.33740234375,760.33740234375,746.4815954673263,752.5435109757617,1384100
2020-12-14 09:00:00+09:00,755.1414794921875,760.3374071033722,751.6775277513976,751.6775277513976,1268000
2020-12-15 09:00:00+09:00,750.8115844726562,761.2034403131082,748.2136205125432,757.7394883662909,1145400
2020-12-16 09:00:00+09:00,750.8115844726562,761.2034403131082,750.8115844726562,761.2034403131082,978700
2020-12-17 09:00:00+09:00,756.8734741210938,756.8734741210938,743.0176668145291,744.7496427278497,936600
2020-12-18 09:00:00+09:00,772.4612426757812,772.4612426757812,755.1414838713915,756.007471811611,2061200
2020-12-21 09:00:00+09:00,765.5333862304688,775.9252421521494,762.9354222500486,768.1313502108889,1512800
2020-12-22 09:00:00+09:00,755.1414794921875,760.3374071033722,751.6775277513976,756.007467427385,1317500
2020-12-23 09:00:00+09:00,760.33740234375,760.33740234375,754.2754868353146,756.0074626948676,1076300
2020-12-24 09:00:00+09:00,762.9353637695312,770.7292551133744,759.4714120611566,761.2033879153439,1234600
2020-12-25 09:00:00+09:00,768.9973754882812,772.4613276301204,762.9354592400629,768.9973754882812,524100
2020-12-28 09:00:00+09:00,772.4612426757812,774.1932185562201,767.2653150344643,768.1313029746838,1075100
2020-12-29 09:00:00+09:00,776.7911987304688,778.5231746473706,770.7292830213124,773.3272468966651,849500
2020-12-30 09:00:00+09:00,768.9973754882812,777.6572558428791,768.9973754882812,771.5953395946606,1000700
2021-01-04 09:00:00+09:00,778.5231323242188,779.3891202355916,768.9972652991171,777.6571444128458,839800
2021-01-05 09:00:00+09:00,778.5231323242188,778.5231323242188,768.1312773877441,774.1931927673543,962100
2021-01-06 09:00:00+09:00,794.9769287109375,798.4408804700265,771.5952543370864,771.5952543370864,1451500
2021-01-07 09:00:00+09:00,808.832763671875,814.0286914898957,801.9048599145142,807.1007877325349,1477800
2021-01-08 09:00:00+09:00,808.832763671875,808.832763671875,790.6470163088029,790.6470163088029,1351200
2021-01-12 09:00:00+09:00,846.9361572265625,847.8021451173872,812.2966415935742,817.4925689385225,1825400
2021-01-13 09:00:00+09:00,832.2144165039062,846.9362115929453,826.1525008790079,844.3382477537031,1910200
2021-01-14 09:00:00+09:00,839.142333984375,845.2042497097523,830.4824543766931,833.9464062197659,1273500
2021-01-15 09:00:00+09:00,825.2864379882812,836.5442802693386,823.554462252734,833.0803287982441,1229600
2021-01-18 09:00:00+09:00,832.2144165039062,839.1423200752188,827.018488825422,830.4824406110782,698600
2021-01-19 09:00:00+09:00,858.194091796875,861.6580437314739,830.482476320084,835.6784042219822,1968700
2021-01-20 09:00:00+09:00,860.7919921875,862.5239680269115,846.9361854722083,852.9981009101484,1143100
2021-01-21 09:00:00+09:00,858.194091796875,868.5859476006717,851.2661879276773,859.0600797805247,1750200
2021-01-22 09:00:00+09:00,869.4518432617188,871.1838190451086,852.9980733195149,855.5960369945997,1384100
2021-01-25 09:00:00+09:00,887.6376342773438,897.1635015720275,870.3178755597371,874.6478152391387,1555600
2021-01-26 09:00:00+09:00,912.751220703125,918.8131358311343,879.8436814367884,888.5035601910876,2321100
2021-01-27 09:00:00+09:00,894.5654907226562,924.8750668846048,891.1015391612907,917.9471637618738,2018000
2021-01-28 09:00:00+09:00,890.235595703125,897.1634991716318,879.8437405003648,886.7716439688716,4671900
2021-01-29 09:00:00+09:00,839.142333984375,886.7716718266254,836.5443701020704,880.7097561012481,2231900
2021-02-01 09:00:00+09:00,799.3068237304688,802.7707752959312,784.5850295772532,800.1728116218344,2759300
2021-02-02 09:00:00+09:00,786.3170776367188,798.4409092302365,786.3170776367188,796.7089332883053,1901600
2021-02-03 09:00:00+09:00,799.3068237304688,801.0387995131999,792.3789205995438,796.7088600563719,1535300
2021-02-04 09:00:00+09:00,802.7708129882812,811.4306923085433,794.9769216000456,794.9769216000456,1296300
2021-02-05 09:00:00+09:00,802.7708129882812,807.1007526484123,799.3068612601766,804.5027888523337,1417400
2021-02-08 09:00:00+09:00,816.6266479492188,820.0905997962992,805.3688044462073,807.1007803697474,1252800
2021-02-09 09:00:00+09:00,825.2864379882812,828.7503894593758,818.3585350460921,822.6884743849603,1315800
2021-02-10 09:00:00+09:00,834.8123168945312,839.1422562975112,820.0905229243995,822.6884865661874,1172200
2021-02-12 09:00:00+09:00,822.6885375976562,838.276320415296,819.224585860403,834.8123686780427,1100300
2021-02-15 09:00:00+09:00,815.7605590820312,824.4204376285496,810.5646319541202,822.6884619192459,973400
2021-02-16 09:00:00+09:00,807.9666748046875,820.9564927275925,807.1006869431606,816.6265534199574,973500
2021-02-17 09:00:00+09:00,811.4306640625,818.358567277548,810.564676160619,813.162639866262,835100
2021-02-18 09:00:00+09:00,820.090576171875,822.6885399823456,814.8946485509339,820.9565641086984,1170600
2021-02-19 09:00:00+09:00,804.5028686523438,825.2865810825443,801.0389165806437,822.6886170287692,1082700
2021-02-22 09:00:00+09:00,805.3687744140625,816.6266174972699,805.3687744140625,807.966738202495,1058900
2021-02-24 09:00:00+09:00,802.7708129882812,806.234764716386,794.1109336680194,804.5027888523337,1312900
2021-02-25 09:00:00+09:00,802.7708129882812,810.564704376517,799.3068612601766,805.3687767843599,925000
2021-02-26 09:00:00+09:00,792.3789672851562,804.5027984785903,790.64699140038,803.6368105362022,1961700
2021-03-01 09:00:00+09:00,809.69873046875,809.69873046875,793.2449594752674,794.1109474222927,1118700
2021-03-02 09:00:00+09:00,805.3687744140625,813.1626657793599,797.5748830487652,811.4306899204049,1729900
2021-03-03 09:00:00+09:00,820.090576171875,820.090576171875,807.9667450563456,808.8327329931692,2066500
2021-03-04 09:00:00+09:00,808.832763671875,812.2967155505554,801.9048599145142,811.4307275808853,1700300
2021-03-05 09:00:00+09:00,820.090576171875,820.090576171875,807.9667450563456,814.0286606141103,1543300
2021-03-08 09:00:00+09:00,859.0599975585938,860.7919733601232,826.1524573295347,827.8844331310642,2180500
2021-03-09 09:00:00+09:00,888.5036010742188,889.3695889894958,854.7300723784151,859.0600119548002,2427600
2021-03-10 09:00:00+09:00,891.9675903320312,898.029505994482,872.0498674411218,878.1117831035725,2618100
2021-03-11 09:00:00+09:00,917.081298828125,917.9472868345728,886.7717186024552,891.9676466411414,2603000
2021-03-12 09:00:00+09:00,899.7614135742188,908.4212924344134,882.4416558538296,906.6893166623745,2020300
2021-03-15 09:00:00+09:00,927.4730224609375,927.4730224609375,908.4212890397043,909.2872769224876,1670400
2021-03-16 09:00:00+09:00,924.8751220703125,938.730929142527,919.6791944182321,926.6070979543393,1507100
2021-03-17 09:00:00+09:00,925.7410888671875,928.3390526338868,912.751270033691,918.8131854893227,1143200
2021-03-18 09:00:00+09:00,942.19482421875,946.5247636682847,920.5451269710765,923.1430906407973,1801100
2021-03-19 09:00:00+09:00,948.2568359375,948.2568359375,926.6071364868722,947.390847959475,2932100
2021-03-22 09:00:00+09:00,962.1126708984375,971.638538927135,944.7929108462605,947.390874854087,1639000
2021-03-23 09:00:00+09:00,954.3187866210938,976.8344748716822,953.4527986114558,962.1126787078359,1068900
2021-03-24 09:00:00+09:00,947.3909301757812,958.648774867084,942.1950018567184,956.9167987607296,1401100
2021-03-25 09:00:00+09:00,974.2365112304688,975.968487250434,954.318787000868,959.5147150607639,1730400
2021-03-26 09:00:00+09:00,977.7002563476562,982.0301954811712,969.9063659073296,974.2363050408444,2063600
2021-03-29 09:00:00+09:00,974.2365112304688,995.0202234700521,962.1126790907118,988.092319390191,2656300
2021-03-30 09:00:00+09:00,974.6762084960938,981.7135818426359,964.9998201445982,975.5558801644115,1437500
2021-03-31 09:00:00+09:00,960.6015014648438,972.0372336251395,951.8047844184623,961.4811731694818,1532300
2021-04-01 09:00:00+09:00,933.3316650390625,957.0828007186617,928.9333065798775,956.2031290268246,1309200
2021-04-02 09:00:00+09:00,917.4977416992188,940.3692098527946,913.0993824389157,939.489538000734,1336300
2021-04-05 09:00:00+09:00,925.4146728515625,927.1740163360712,912.2195967177474,921.8959858825451,1081600
2021-04-06 09:00:00+09:00,920.1365966796875,931.5723287607926,913.9788947898617,928.9333136651529,1474300
2021-04-07 09:00:00+09:00,927.1739501953125,932.4519802723257,915.738218361784,917.4975617207884,1454300
2021-04-08 09:00:00+09:00,912.2195434570312,935.0910074202741,909.5805283843493,931.5723206566983,1574500
2021-04-09 09:00:00+09:00,925.4146728515625,930.6927033050886,917.4976271712735,923.6553293670538,1303400
2021-04-12 09:00:00+09:00,932.4521484375,938.60985130454,927.1741174086085,928.053789246757,822200
2021-04-13 09:00:00+09:00,918.3771362304688,946.5266269961536,914.8584498847582,944.7672838232984,1337000
2021-04-14 09:00:00+09:00,901.6635131835938,913.0992455459223,891.1074525414443,911.3399021055641,1219800
2021-04-15 09:00:00+09:00,902.543212890625,909.5805868702789,898.1448541533413,901.6635411431682,857700
2021-04-16 09:00:00+09:00,898.1448364257812,909.5805689170007,894.6261495054059,908.7008971869069,735700
2021-04-19 09:00:00+09:00,884.9498291015625,894.6262188829912,882.3108137066275,894.6262188829912,1115100
2021-04-20 09:00:00+09:00,870.8749389648438,883.1903421421245,869.1155956538037,883.1903421421245,1062700
2021-04-21 09:00:00+09:00,863.8375854492188,871.7546305297107,857.6798837199474,864.717257124829,1225300
2021-04-22 09:00:00+09:00,866.4766235351562,875.2733405253608,860.3189216420129,866.4766235351562,922200
2021-04-23 09:00:00+09:00,870.8749389648438,871.7546106203638,860.3188790986032,862.0782224096433,1075400
2021-04-26 09:00:00+09:00,878.7919921875,880.5513355152027,871.7546188766892,878.7919921875,1169000
2021-04-27 09:00:00+09:00,872.6343383789062,883.1903989238124,868.2359798185287,876.1530252272082,1073800
2021-04-28 09:00:00+09:00,886.7091064453125,895.5058237711588,874.3937021891276,875.2733739217122,1522500
2021-04-30 09:00:00+09:00,877.9124145507812,901.663552018588,875.2733992765806,895.5058497121196,2211000
2021-05-06 09:00:00+09:00,900.7838134765625,906.0618436336517,885.829394698143,903.4228285551071,2469400
2021-05-07 09:00:00+09:00,897.26513671875,918.3772575827205,892.8667782054227,909.5805405560661,1322500
2021-05-10 09:00:00+09:00,890.2277221679688,905.1821404257311,886.7090355190835,894.6260804790753,1142600
2021-05-11 09:00:00+09:00,891.1074829101562,906.061902662844,888.468467659682,899.0245286615792,1378100
2021-05-12 09:00:00+09:00,819.85400390625,854.1611993486789,811.936958804151,851.522184314646,7054800
2021-05-13 09:00:00+09:00,801.3809204101562,815.4556676401919,797.8622336026473,809.2979657270513,3147700
2021-05-14 09:00:00+09:00,800.501220703125,812.8166240985577,800.501220703125,811.9369524274554,2154300
2021-05-17 09:00:00+09:00,789.9452514648438,806.6590151372625,787.306236148146,797.8622974149368,2443200
2021-05-18 09:00:00+09:00,783.7874755859375,791.7045207938763,781.1484605166246,785.5468189654795,2690200
2021-05-19 09:00:00+09:00,788.1858520507812,790.8248671804156,776.7501198223658,782.9078217915126,3807500
2021-05-20 09:00:00+09:00,770.5924072265625,786.4264977860124,770.5924072265625,782.0281392972763,3684900
2021-05-21 09:00:00+09:00,769.7127075195312,775.8704091796875,765.3143491908482,769.7127075195312,3452100
2021-05-24 09:00:00+09:00,770.5924072265625,777.6297808085402,768.833063831068,768.833063831068,3582800
2021-05-25 09:00:00+09:00,773.2314453125,782.02816255155,767.95341496907,769.71275841688,4298800
2021-05-26 09:00:00+09:00,772.3517456054688,782.028134217838,766.1940437612338,774.9907606815694,4624700
2021-05-27 09:00:00+09:00,778.5094604492188,786.4265058097193,767.0737282618292,769.712743381996,32117400
2021-05-28 09:00:00+09:00,790.8248901367188,796.982592284613,779.3891575763435,781.1485010471704,3150100
2021-05-31 09:00:00+09:00,778.5094604492188,789.0655209298861,776.7501170357742,781.1484755693856,2643700
2021-06-01 09:00:00+09:00,771.4722290039062,785.5469789059159,767.0738696595282,782.9079632992891,3276500
2021-06-02 09:00:00+09:00,764.4346923828125,768.8330507969829,753.8786321888035,767.0737074313147,4768400
2021-06-03 09:00:00+09:00,758.2770385742188,765.3144124821001,752.1193364048225,763.5550690051298,3314900
2021-06-04 09:00:00+09:00,761.7957763671875,763.5551199615691,752.1193865980894,757.3974173812338,2838400
2021-06-07 09:00:00+09:00,758.2770385742188,762.6753972666446,758.2770385742188,762.6753972666446,2044000
2021-06-08 09:00:00+09:00,770.5924072265625,777.6297808085402,759.1566751558487,760.9160185513431,2742800
2021-06-09 09:00:00+09:00,771.4722290039062,774.111244610533,767.0738696595282,771.4722290039062,1433400
2021-06-10 09:00:00+09:00,767.0737915039062,773.2314939586394,764.4347761661634,773.2314939586394,1973200
2021-06-11 09:00:00+09:00,770.5924072265625,774.9907657152986,765.3143770400792,769.7127355288153,2003200
2021-06-14 09:00:00+09:00,767.0737915039062,774.1111657378871,764.4347761661634,771.4721504001442,1881600
2021-06-15 09:00:00+09:00,768.8331298828125,772.3518169760977,765.3144427895273,769.7128016561338,1656000
2021-06-16 09:00:00+09:00,766.1940307617188,778.5094342412413,765.31435908461,770.5923891472626,2280500
2021-06-17 09:00:00+09:00,760.9159545898438,767.9533275802701,760.0362829660404,767.0736559564667,2106500
2021-06-18 09:00:00+09:00,764.4346923828125,767.9533791141488,755.6379755544717,760.9160056514762,3135800
2021-06-21 09:00:00+09:00,754.75830078125,757.3973158189467,751.2396140643211,755.6379724604823,2219700
2021-06-22 09:00:00+09:00,765.3143310546875,767.9533459893588,760.9159728302352,762.6753161200161,1884200
2021-06-23 09:00:00+09:00,764.4346923828125,768.8330507969829,763.5550206999784,768.8330507969829,1548000
2021-06-24 09:00:00+09:00,765.3143310546875,767.9533459893588,760.0363011853448,761.7956444751256,1441600
2021-06-25 09:00:00+09:00,767.0737915039062,771.4721504001442,765.3144479454111,768.8331350624014,974400
2021-06-28 09:00:00+09:00,780.2689208984375,781.1485927371054,770.5925306730906,774.1112180277621,2791900
2021-06-29 09:00:00+09:00,768.8331298828125,778.5095193893468,767.0737863361699,778.5095193893468,2049900
2021-06-30 09:00:00+09:00,752.1193237304688,760.0363692434211,751.2396520068073,759.1566975197596,4832100
2021-07-01 09:00:00+09:00,752.1193237304688,758.2770257960983,752.1193237304688,753.8786671777915,1718100
2021-07-02 09:00:00+09:00,755.6380004882812,757.3973439120025,753.87865706456,755.6380004882812,1394400
2021-07-05 09:00:00+09:00,752.1193237304688,757.3973540724369,752.1193237304688,757.3973540724369,1260800
2021-07-06 09:00:00+09:00,746.84130859375,752.1193390431758,740.6836064027532,751.2396673016049,4198500
2021-07-07 09:00:00+09:00,738.0446166992188,743.322647331156,735.4056013832502,738.9242884712083,3335300
2021-07-08 09:00:00+09:00,738.0446166992188,740.6836320151874,734.5259296112606,735.4056013832502,2182400
2021-07-09 09:00:00+09:00,742.4428100585938,743.3224816344925,724.8493785406175,732.7664227237068,3230000
2021-07-12 09:00:00+09:00,740.6836547851562,747.7210291774143,738.9243111870918,745.9616855793498,1848600
2021-07-13 09:00:00+09:00,749.4803466796875,751.2396902164943,744.2023160692672,746.8413313744774,2362200
2021-07-14 09:00:00+09:00,758.2770385742188,763.5550690051298,753.8786798817929,759.1567103127039,2384400
2021-07-15 09:00:00+09:00,752.9990234375,767.9534432954878,749.4803364120911,763.5550845137266,2183600
2021-07-16 09:00:00+09:00,750.3599853515625,758.2770309179916,749.4803136219592,752.1193288107689,1308400
2021-07-19 09:00:00+09:00,743.3226318359375,747.7209906041975,739.8039448213295,747.7209906041975,1701200
2021-07-20 09:00:00+09:00,743.3226318359375,746.8413188505455,734.5259142994175,734.5259142994175,1819000
2021-07-21 09:00:00+09:00,742.4428100585938,751.2395258175818,741.563138482695,745.0818247862901,1119900
2021-07-26 09:00:00+09:00,737.1649169921875,749.4803213333457,736.2852452535334,749.4803213333457,1460700
2021-07-27 09:00:00+09:00,735.4055786132812,742.4429525713031,735.4055786132812,740.6836090817976,1728000
2021-07-28 09:00:00+09:00,737.1649169921875,744.2022909014208,735.4055735148792,743.3226191627666,1729300
2021-07-29 09:00:00+09:00,737.1649169921875,739.80393220815,733.6462300375708,736.2852452535334,1768600
2021-07-30 09:00:00+09:00,730.1276245117188,736.2853273690465,728.3682808381966,736.2853273690465,2069600
2021-08-02 09:00:00+09:00,748.6006469726562,749.4803187082293,731.0072122611955,731.0072122611955,1909400
2021-08-03 09:00:00+09:00,738.0446166992188,752.1193650510513,735.4056013832502,745.081990875135,1877200
2021-08-04 09:00:00+09:00,735.4055786132812,739.8039373370449,731.8868916342703,739.8039373370449,1394300
2021-08-05 09:00:00+09:00,733.646240234375,736.2852554870167,730.1275532308529,731.0072249817334,1124200
2021-08-06 09:00:00+09:00,735.4055786132812,737.1649221027867,732.7665633790231,735.4055786132812,1370900
2021-08-10 09:00:00+09:00,733.646240234375,743.3226294940611,733.646240234375,736.2852554870167,1460300
2021-08-11 09:00:00+09:00,746.84130859375,749.4803238184629,738.9242629196114,740.6836064027532,1859800
2021-08-12 09:00:00+09:00,759.1566772460938,762.6753640467709,752.9989753449088,753.8786470450781,2063000
2021-08-13 09:00:00+09:00,750.3599853515625,759.1567026475949,750.3599853515625,753.8786722699755,939900
2021-08-16 09:00:00+09:00,745.9615478515625,752.9989209445018,744.2022045783277,751.2395776712669,1109400
2021-08-17 09:00:00+09:00,745.0819702148438,749.4803289528298,743.3226267196493,748.6006572052327,754500
2021-08-18 09:00:00+09:00,746.84130859375,752.9990107847467,745.081965110608,746.84130859375,1515700
2021-08-19 09:00:00+09:00,737.1649169921875,745.081962640075,735.4055735148792,744.2022909014208,1890300
2021-08-20 09:00:00+09:00,742.4428100585938,744.2021532103913,737.1647806032008,738.9241237549985,1371000
2021-08-23 09:00:00+09:00,742.4428100585938,752.1191973934806,742.4428100585938,745.961496362189,1186100
2021-08-24 09:00:00+09:00,745.0819702148438,746.8413137100382,736.2852527388716,736.2852527388716,1287800
2021-08-25 09:00:00+09:00,743.3226318359375,746.8413188505455,735.4055860530696,741.5632883286335,2315300
2021-08-26 09:00:00+09:00,742.4428100585938,746.8411679380878,738.0444521790997,744.2021532103913,1346400
2021-08-27 09:00:00+09:00,739.8038940429688,741.5632374295157,738.0445506564218,739.8038940429688,960400
2021-08-30 09:00:00+09:00,750.3599853515625,750.3599853515625,740.6835963259269,740.6835963259269,1626400
2021-08-31 09:00:00+09:00,738.92431640625,743.3226754324777,738.92431640625,740.683660016741,2770900
2021-09-01 09:00:00+09:00,738.92431640625,744.2023472377232,738.92431640625,739.8039882114955,1771100
2021-09-02 09:00:00+09:00,745.0819702148438,745.0819702148438,738.044596234066,739.8039397292604,2414500
2021-09-03 09:00:00+09:00,742.4428100585938,751.2395258175818,742.4428100585938,746.8411679380878,2317600
2021-09-06 09:00:00+09:00,738.92431640625,744.2023472377232,736.2853009905134,743.3226754324777,3034900
2021-09-07 09:00:00+09:00,740.6836547851562,743.3226701822531,737.1649675890272,739.8039829861241,1945100
2021-09-08 09:00:00+09:00,745.9615478515625,752.1192493078844,743.3225329417103,744.2022045783277,2471200
2021-09-09 09:00:00+09:00,773.2314453125,778.50947565593,756.517682558305,756.517682558305,5033200
2021-09-10 09:00:00+09:00,770.5924072265625,771.4720789243097,760.0363468535959,768.833063831068,3536100
2021-09-13 09:00:00+09:00,769.7127075195312,769.7127075195312,765.3143491908482,769.7127075195312,2065300
2021-09-14 09:00:00+09:00,771.4722290039062,773.2315727416575,767.9535415284039,772.3519008727819,1842200
2021-09-15 09:00:00+09:00,755.6380004882812,765.3143893187482,755.6380004882812,764.4347176068876,2514000
2021-09-16 09:00:00+09:00,763.5550537109375,765.3143971526678,754.7583365022862,756.5176799440164,1556600
2021-09-17 09:00:00+09:00,765.3143310546875,766.1940026995779,759.1566295404543,762.6753161200161,2501700
2021-09-21 09:00:00+09:00,773.2314453125,780.26881910374,765.314399797355,769.71275841688,3404600
2021-09-22 09:00:00+09:00,771.4722290039062,778.5096039549111,770.5925571350307,774.111244610533,2346400
2021-09-24 09:00:00+09:00,778.5094604492188,783.7874906895524,774.1111019156074,781.1484755693856,2762300
2021-09-27 09:00:00+09:00,783.7874755859375,786.4264906552504,778.5094454473117,781.1484605166246,2683000
2021-09-28 09:00:00+09:00,768.8331298828125,783.7875500292745,767.9534581094912,783.7875500292745,3514600
2021-09-29 09:00:00+09:00,775.1349487304688,776.9354944882631,767.0324928203942,769.7333114570856,3243800
2021-09-30 09:00:00+09:00,764.3317260742188,778.7360931144867,762.5311801941853,770.633636654336,2714400
2021-10-01 09:00:00+09:00,756.2293090820312,761.6309470040458,752.6282171340216,760.7306740170434,2067700
2021-10-04 09:00:00+09:00,763.431396484375,767.0324879772257,756.2292134986733,762.5311236111622,1837900
2021-10-05 09:00:00+09:00,766.1322631835938,775.1349924806982,759.8303526756206,765.2319902538833,2712000
2021-10-06 09:00:00+09:00,788.6390991210938,788.6390991210938,763.4314566834332,766.1322755160397,3311100
2021-10-07 09:00:00+09:00,770.6336669921875,786.8385805504345,767.932848065813,785.9383075749763,2071300
2021-10-08 09:00:00+09:00,765.2320556640625,773.334512724035,764.3317826573989,773.334512724035,2161000
2021-10-11 09:00:00+09:00,767.0325927734375,768.8331387658634,760.7306817999468,767.9328657696504,1545900
2021-10-12 09:00:00+09:00,757.1295166015625,766.1322456931388,757.1295166015625,765.2319727839811,2040300
2021-10-13 09:00:00+09:00,757.1295166015625,758.9300624198777,749.0270604191438,757.1295166015625,1991500
2021-10-14 09:00:00+09:00,750.82763671875,756.2292743929856,748.1268178816323,752.628182610162,1628200
2021-10-15 09:00:00+09:00,753.5284423828125,756.229261172715,751.7278965228775,753.5284423828125,1240700
2021-10-18 09:00:00+09:00,751.7279663085938,755.3290583627667,749.0271472679641,754.4287853492234,1440100
2021-10-19 09:00:00+09:00,748.1268310546875,752.6281958624775,748.1268310546875,749.9273769778035,1184600
2021-10-20 09:00:00+09:00,755.3290405273438,756.229313519629,750.8276755659174,752.628221550488,1828600
2021-10-21 09:00:00+09:00,751.7279663085938,761.6309694575692,751.7279663085938,760.7306964440261,1657800
2021-10-22 09:00:00+09:00,752.628173828125,754.4287196985272,748.1268091521194,750.8276279577227,1385400
2021-10-25 09:00:00+09:00,754.4287109375,758.9300755612321,753.5284380127536,755.3289838622464,1429100
2021-10-26 09:00:00+09:00,752.628173828125,759.8303573097338,750.8276279577227,754.4287196985272,1304700
2021-10-27 09:00:00+09:00,740.924560546875,758.9300176683057,740.924560546875,758.0297448122342,2832300
2021-10-28 09:00:00+09:00,722.9191284179688,737.3234946130964,712.115853771623,737.3234946130964,7418100
2021-10-29 09:00:00+09:00,722.9191284179688,729.2210386283372,712.115853771623,723.8194013051642,2688800
2021-11-01 09:00:00+09:00,751.7279663085938,754.4287853492234,729.2211409700132,730.1214139835564,3711700
2021-11-02 09:00:00+09:00,745.4259643554688,760.730603720255,741.8248727402249,747.2265101630907,2585400
2021-11-04 09:00:00+09:00,745.4259643554688,751.7278746821454,741.8248727402249,744.5256914516578,1536000
2021-11-05 09:00:00+09:00,732.8222045898438,740.9246613973481,729.2211126753973,740.0243884187365,1782200
2021-11-08 09:00:00+09:00,732.8222045898438,741.8249343759597,729.2211126753973,739.1241154401249,1403000
2021-11-09 09:00:00+09:00,728.32080078125,733.7224383643,726.5202549202334,730.1213466422668,1098100
2021-11-10 09:00:00+09:00,730.1212768554688,734.6226410777589,724.7196397887205,732.8220953888429,1030600
2021-11-11 09:00:00+09:00,734.6226806640625,738.2237722359451,727.4204975202972,728.3207704132678,1025400
2021-11-12 09:00:00+09:00,740.924560546875,740.924560546875,731.0215591300881,731.0215591300881,1150900
2021-11-15 09:00:00+09:00,741.8248901367188,744.5257089114883,740.9246172117955,742.7251630616419,753400
2021-11-16 09:00:00+09:00,736.4232788085938,748.1268272493171,735.523005851615,744.5257354214023,1189800
2021-11-17 09:00:00+09:00,731.921875,735.5229666359163,730.1213291820418,731.921875,1156500
2021-11-18 09:00:00+09:00,734.6226806640625,738.2237722359451,726.5202246273265,731.0215890921799,1130400
2021-11-19 09:00:00+09:00,732.8222045898438,737.3235694829017,729.2211126753973,736.4232965042901,1291600
2021-11-22 09:00:00+09:00,734.6226806640625,736.4232264500038,726.5202246273265,729.2210433062385,1258800
2021-11-24 09:00:00+09:00,740.924560546875,749.9272891075904,740.924560546875,747.2264705393758,1616300
2021-11-25 09:00:00+09:00,746.3263549804688,748.1269010720983,737.3236245223208,738.2238975681356,1096200
2021-11-26 09:00:00+09:00,740.924560546875,745.4259248272327,735.5229234104457,743.6253791150896,1600200
2021-11-29 09:00:00+09:00,728.32080078125,738.2238030168418,725.619981989725,735.5229842253168,3057300
2021-11-30 09:00:00+09:00,730.1212768554688,743.6253695223393,729.2210040110107,729.2210040110107,3439700
2021-12-01 09:00:00+09:00,749.0270385742188,749.9273114571205,731.9218537990864,733.7223995648898,2448900
2021-12-02 09:00:00+09:00,749.0270385742188,754.428675871629,740.9245826281034,741.8248555110051,1928600
2021-12-03 09:00:00+09:00,748.1268310546875,749.0271040162455,738.2238284775497,748.1268310546875,2137100
2021-12-06 09:00:00+09:00,760.7306518554688,762.5311977770201,751.7279222477117,752.6281952084873,2321300
2021-12-07 09:00:00+09:00,768.8330688476562,768.8330688476562,759.830339704241,763.4314313616072,2473800
2021-12-08 09:00:00+09:00,773.33447265625,778.7361104163634,766.1322889760986,771.5339267362122,2664300
2021-12-09 09:00:00+09:00,774.2346801757812,774.2346801757812,762.5311326847519,768.8330428722293,1542600
2021-12-10 09:00:00+09:00,779.6364135742188,787.7388705282233,775.1350485997717,785.9383245384445,2554000
2021-12-13 09:00:00+09:00,767.9328002929688,779.6363482458511,763.4314356957063,778.7360753263986,1649800
2021-12-14 09:00:00+09:00,778.7360229492188,778.7360229492188,767.9327486424088,773.3343857958138,1414600
2021-12-15 09:00:00+09:00,781.4368896484375,783.2374354771206,776.93552507673,778.736070905413,1162900
2021-12-16 09:00:00+09:00,788.6390991210938,789.539372065296,780.5366426232744,783.2374614558809,1564600
2021-12-17 09:00:00+09:00,797.6417846679688,799.442330457287,788.6390557213778,788.6390557213778,2264200
2021-12-20 09:00:00+09:00,775.1349487304688,789.5393147928236,773.3344029726744,788.6390419139263,1592500
2021-12-21 09:00:00+09:00,780.5366821289062,788.6391390368187,778.73613614937,781.4369551186743,1611400
2021-12-22 09:00:00+09:00,767.9328002929688,779.6363482458511,767.0325273735162,774.2347107291362,1154900
2021-12-23 09:00:00+09:00,769.7333374023438,772.4341561300713,764.3316999468888,772.4341561300713,1188100
2021-12-24 09:00:00+09:00,761.6309204101562,768.8331040546967,759.8303744990211,765.2320122324265,858100
2021-12-27 09:00:00+09:00,764.3317260742188,764.3317260742188,758.0298154941015,758.9300884341183,875700
2021-12-28 09:00:00+09:00,767.0325927734375,772.4342307507152,761.6309547961597,762.5312277923726,1251500
2021-12-29 09:00:00+09:00,768.8330688476562,774.2347063337054,765.2319771902902,771.5338875906808,1319300
2021-12-30 09:00:00+09:00,771.533935546875,774.2347544577742,762.5312058438776,763.4314788141774,693200
2022-01-04 09:00:00+09:00,776.935546875,785.0380033314021,773.3344551165991,780.536638633401,1418700
2022-01-05 09:00:00+09:00,776.935546875,783.2374574522016,769.7333633581982,780.536638633401,1949100
2022-01-06 09:00:00+09:00,769.7333374023438,777.8357935855264,764.3316999468888,775.1349748577989,2177900
2022-01-07 09:00:00+09:00,767.0325927734375,775.135049739354,765.2320467810115,772.4342307507152,1510700
2022-01-11 09:00:00+09:00,772.4341430664062,772.4341430664062,760.7305954441879,771.5338701723895,1578700
2022-01-12 09:00:00+09:00,770.6336669921875,775.1350318694783,767.932848065813,771.5339399676457,1472500
2022-01-13 09:00:00+09:00,769.7333374023438,775.1349748577989,769.7333374023438,774.2347019485563,1232700
2022-01-14 09:00:00+09:00,770.6336669921875,771.5339399676457,760.7306642621477,769.7333940167293,1950900
2022-01-17 09:00:00+09:00,776.0352783203125,776.9355512649996,769.7333677075026,772.4341865415639,870100
2022-01-18 09:00:00+09:00,767.9328002929688,779.6363482458511,767.0325273735162,778.7360753263986,1410800
2022-01-19 09:00:00+09:00,761.6309204101562,768.8331040546967,758.9301015434536,764.3317392768589,1484300
2022-01-20 09:00:00+09:00,762.5311889648438,768.8330996174458,758.0298242129852,758.0298242129852,1329600
2022-01-21 09:00:00+09:00,773.33447265625,773.33447265625,758.0298323359284,760.7306512159852,1712800
2022-01-24 09:00:00+09:00,775.1349487304688,778.7360402460574,769.7333114570856,776.0352216093659,1522200
2022-01-25 09:00:00+09:00,782.337158203125,784.1377040217743,766.1322458352812,770.6336103819044,2334100
2022-01-26 09:00:00+09:00,774.2346801757812,784.1376818989598,772.4341344079305,784.1376818989598,1309900
2022-01-27 09:00:00+09:00,775.1349487304688,785.9382232772349,768.8330385781885,785.0379503983377,1889000
2022-01-28 09:00:00+09:00,775.1349487304688,785.0379503983377,773.3344029726744,776.9354944882631,1711200
2022-01-31 09:00:00+09:00,765.2320556640625,770.6336937040442,752.6282335707721,768.8331476907169,3258200
2022-02-01 09:00:00+09:00,738.2238159179688,752.6281830578315,731.0216323480373,751.7279101115901,4823100
2022-02-02 09:00:00+09:00,753.5284423828125,757.1295341026826,734.6227108534946,735.5229837834622,2196700
2022-02-03 09:00:00+09:00,753.5284423828125,758.9300799626176,748.1268048030074,753.5284423828125,1416100
2022-02-04 09:00:00+09:00,750.82763671875,756.2292743929856,749.9273637730441,754.4287285015738,1457900
2022-02-07 09:00:00+09:00,740.924560546875,749.0270162515188,740.0242876908035,747.2264705393758,2204900
2022-02-08 09:00:00+09:00,755.3290405273438,755.3290405273438,737.3235806816383,738.2238536739236,2376400
2022-02-09 09:00:00+09:00,763.431396484375,764.3316693575877,752.6281220058224,758.0297592450987,2073000
2022-02-10 09:00:00+09:00,761.6309204101562,764.3317392768589,757.1295556323184,762.5311933657239,1399000
2022-02-14 09:00:00+09:00,758.9301147460938,760.7306606885519,750.8276580050323,756.2292958324066,1272400
2022-02-15 09:00:00+09:00,759.8302612304688,763.4313525159212,756.2291699450162,761.630806873195,1156600
2022-02-16 09:00:00+09:00,767.9328002929688,770.6336190513263,760.7306169373489,760.7306169373489,1243600
2022-02-17 09:00:00+09:00,761.6309204101562,768.8331040546967,759.8303744990211,767.0325581435616,1023400
2022-02-18 09:00:00+09:00,762.5311889648438,767.0325537167024,754.4287324114983,754.4287324114983,1046900
2022-02-21 09:00:00+09:00,760.7306518554688,761.6309248162444,756.2292870515902,759.830378894693,820800
2022-02-22 09:00:00+09:00,786.8385620117188,786.8385620117188,760.730646338561,767.9328299725355,3697700
2022-02-24 09:00:00+09:00,801.2428588867188,802.1431317618724,785.0379471339536,787.7387657594145,3532000
2022-02-25 09:00:00+09:00,766.1322631835938,793.1404510749072,765.2319902538833,791.3399052154864,2564600
2022-02-28 09:00:00+09:00,781.4368896484375,783.2374354771206,770.6336146763393,775.1349792480469,2240800
2022-03-01 09:00:00+09:00,791.3399047851562,798.5420882189233,786.8385401390518,792.2401777143771,1547100
2022-03-02 09:00:00+09:00,787.73876953125,792.2401339285714,776.9354949776786,778.7360407366072,1573400
2022-03-03 09:00:00+09:00,799.4424438476562,801.2429898923582,789.5394406017957,791.3399866464977,1610600
2022-03-04 09:00:00+09:00,779.6364135742188,799.4424194617854,779.6364135742188,799.4424194617854,3591500
2022-03-07 09:00:00+09:00,783.2373657226562,786.8384570593122,772.4340917126887,778.7360015518365,2000900
2022-03-08 09:00:00+09:00,775.1349487304688,781.436858882749,772.4341300937772,778.7360402460574,1918000
2022-03-09 09:00:00+09:00,749.0270385742188,772.4341335296631,745.4259470426119,769.733314880958,3201500
2022-03-10 09:00:00+09:00,754.4287109375,759.8303484859786,748.1268004642751,752.6281650880072,2373800
2022-03-11 09:00:00+09:00,745.4259643554688,748.1267830669016,740.024326932603,742.7251456440359,2518000
2022-03-14 09:00:00+09:00,744.5257568359375,754.4287596475401,741.8249378873187,752.6282136817941,1338000
2022-03-15 09:00:00+09:00,757.1295166015625,759.8303353290354,742.7251500550404,742.7251500550404,1277100
2022-03-16 09:00:00+09:00,779.6364135742188,783.2375055537763,760.7306806815413,761.6309536764307,2043600
2022-03-17 09:00:00+09:00,781.4368896484375,784.1377083914621,776.0352521623885,781.4368896484375,1940700
2022-03-18 09:00:00+09:00,775.1349487304688,785.0379503983377,770.6335843359828,777.8357673671602,3894800
2022-03-22 09:00:00+09:00,785.938232421875,788.6390510899914,778.7360493068979,780.5365950856423,1698500
2022-03-23 09:00:00+09:00,795.84130859375,795.84130859375,781.4369410173925,791.3399437261382,2001400
2022-03-24 09:00:00+09:00,783.2373657226562,798.5420039034439,781.4368200543283,794.9409125667879,2269100
2022-03-25 09:00:00+09:00,781.4368896484375,785.9382542201452,777.8357979910714,783.2374354771206,2212400
2022-03-28 09:00:00+09:00,777.8358154296875,781.4369071677879,771.5339048880118,778.7360883642126,2407000
2022-03-29 09:00:00+09:00,785.938232421875,796.7415070943407,780.5365950856423,781.4368679750144,3459000
2022-03-30 09:00:00+09:00,785.0169067382812,788.7024321220291,777.6458559707856,785.0169067382812,1985900
2022-03-31 09:00:00+09:00,752.7685546875,778.5672322043299,752.7685546875,774.8817068447828,4804600
2022-04-01 09:00:00+09:00,760.1396484375,760.1396484375,746.3189275568182,753.6899786931818,2586800
2022-04-04 09:00:00+09:00,773.9603881835938,776.7245324271065,760.1396669660295,764.746574038551,1810300
2022-04-05 09:00:00+09:00,760.1396484375,776.7245134943182,760.1396484375,773.9603693181818,1901500
2022-04-06 09:00:00+09:00,758.2968139648438,766.5892457092953,758.2968139648438,762.9037204895391,1703700
2022-04-07 09:00:00+09:00,750.92578125,759.2182131901841,750.0043999233129,758.296831863497,2443100
2022-04-08 09:00:00+09:00,748.16162109375,755.5326715478756,744.4760958666872,754.6112902411099,2437100
2022-04-11 09:00:00+09:00,761.982421875,762.9038032799274,752.7686078257254,758.2968962552902,2177800
2022-04-12 09:00:00+09:00,762.9036865234375,770.2747366347751,755.5326364121,761.0609239956032,1899800
2022-04-13 09:00:00+09:00,762.9036865234375,769.3533553708579,758.2967802038515,765.6678303151891,1336600
2022-04-14 09:00:00+09:00,768.4320678710938,768.4320678710938,757.375491354963,757.375491354963,1425300
2022-04-15 09:00:00+09:00,765.6679077148438,772.1175772142468,764.7465263577863,766.5892890719014,949900
2022-04-18 09:00:00+09:00,761.982421875,768.4320917094922,756.4541334454353,762.9038032799274,959500
2022-04-19 09:00:00+09:00,765.6679077148438,767.510670428959,759.2182382154408,760.1396195724983,1451000
2022-04-20 09:00:00+09:00,776.7244262695312,777.6458075581072,764.7464695180438,767.5106133837717,1865700
2022-04-21 09:00:00+09:00,766.5892333984375,783.1740966209999,764.7464708181528,782.2527153308575,1763100
2022-04-22 09:00:00+09:00,765.6679077148438,766.5892890719014,761.0610009295559,764.7465263577863,1210700
2022-04-25 09:00:00+09:00,762.9036865234375,765.6678303151891,757.3753989399344,758.2967802038515,1892000
2022-04-26 09:00:00+09:00,759.2182006835938,770.2747764217044,759.2182006835938,760.139581995103,1772700
2022-04-27 09:00:00+09:00,747.2401733398438,761.060891712344,747.2401733398438,759.2181292626773,2916800
2022-04-28 09:00:00+09:00,750.92578125,750.92578125,728.8126294095092,744.4761119631902,5268200
2022-05-02 09:00:00+09:00,762.9036865234375,763.8250677873548,739.8691549255077,750.0043488285968,3288300
2022-05-06 09:00:00+09:00,790.545166015625,791.4665473279975,760.1395827073317,765.6678705815668,4716600
2022-05-09 09:00:00+09:00,798.837646484375,802.5231719583513,787.7810700624459,791.4665955364222,3206500
2022-05-10 09:00:00+09:00,811.7369384765625,814.5010824214316,790.545168232566,796.9948374372606,5121200
2022-05-11 09:00:00+09:00,817.2653198242188,819.1080826648596,806.2087427803737,807.1301242006941,3470000
2022-05-12 09:00:00+09:00,808.9728393554688,819.1080343815623,806.2086952574432,818.1866530155538,2329800
2022-05-13 09:00:00+09:00,804.3658447265625,806.2086072574366,785.9382194178211,799.7589383993771,2208700
2022-05-16 09:00:00+09:00,796.073486328125,803.4445371274595,793.3093422783745,803.4445371274595,1615200
2022-05-17 09:00:00+09:00,790.545166015625,801.6017417640953,789.6237847032525,801.6017417640953,1210600
2022-05-18 09:00:00+09:00,792.3878784179688,795.1520221798919,780.4099221163018,788.7023534020713,1531900
2022-05-19 09:00:00+09:00,782.2527465820312,789.6237971976452,770.2747893316586,786.85965321679,2299200
2022-05-20 09:00:00+09:00,776.7244262695312,778.5671888466832,771.1961385380755,777.6458075581072,1727300
2022-05-23 09:00:00+09:00,779.4886474609375,783.1741729808474,774.8817405610502,783.1741729808474,1242400
2022-05-24 09:00:00+09:00,773.0389404296875,774.8817031005568,766.5892710816448,774.8817031005568,1609800
2022-05-25 09:00:00+09:00,787.7810668945312,792.3879737184759,774.8817277874863,775.8031091522752,1988100
2022-05-26 09:00:00+09:00,792.3878784179688,795.1520221798919,781.3313033702761,784.0954471321993,1244100
2022-05-27 09:00:00+09:00,787.7810668945312,791.4665923536869,782.2527787057977,787.7810668945312,1312900
2022-05-30 09:00:00+09:00,780.4100341796875,789.6238480424938,780.4100341796875,784.0955597248101,1973200
2022-05-31 09:00:00+09:00,771.1962280273438,785.0169489597334,769.3534652363585,781.3314233777628,3199400
2022-06-01 09:00:00+09:00,775.8031005859375,777.6458632951678,770.2748124582467,775.8031005859375,1333600
2022-06-02 09:00:00+09:00,775.8031005859375,779.488626004398,769.3534311036317,772.1175751674771,2797000
2022-06-03 09:00:00+09:00,770.2747802734375,778.5672121184865,766.5892550089713,778.5672121184865,1573100
2022-06-06 09:00:00+09:00,774.8816528320312,774.8816528320312,766.5892213510701,769.3533651780572,1275200
2022-06-07 09:00:00+09:00,772.1175537109375,777.6458416850015,771.1961723819269,774.8816976979695,1141300
2022-06-08 09:00:00+09:00,782.2527465820312,783.174127908983,772.117551985562,773.0389333125138,1548800
2022-06-09 09:00:00+09:00,771.1962280273438,780.4100419822702,770.2748466318511,779.4886605867775,1786300
2022-06-10 09:00:00+09:00,765.6679077148438,770.2748145001317,761.9823822866135,770.2748145001317,2522900
2022-06-13 09:00:00+09:00,782.2527465820312,782.2527465820312,764.7465013699481,764.7465013699481,2404800
2022-06-14 09:00:00+09:00,775.8031005859375,780.4100073590132,772.1175751674771,773.9603378767073,1301800
2022-06-15 09:00:00+09:00,764.74658203125,780.4100662415286,761.9824377588478,776.7245405449925,2507200
2022-06-16 09:00:00+09:00,766.5892333984375,776.7244275900034,764.7464708181528,764.7464708181528,1859500
2022-06-17 09:00:00+09:00,769.353515625,769.353515625,761.9824639782934,764.7466083458083,2280700
2022-06-20 09:00:00+09:00,765.6679077148438,768.4320517860165,761.9823822866135,766.5892890719014,1253700
2022-06-21 09:00:00+09:00,762.9036865234375,765.6678303151891,760.139542731686,761.0609239956032,2166200
2022-06-22 09:00:00+09:00,773.9603881835938,776.7245324271065,764.746574038551,765.6679554530552,2139000
2022-06-23 09:00:00+09:00,778.5672607421875,781.3314048631657,770.274828379253,770.274828379253,1672800
2022-06-24 09:00:00+09:00,780.4100341796875,787.7810852699325,778.5672714071263,779.4886527934069,1498200
2022-06-27 09:00:00+09:00,791.4666137695312,795.1521393284115,776.7245115340103,779.4886557031705,1899800
2022-06-28 09:00:00+09:00,800.6803588867188,800.6803588867188,789.6237831598596,793.309308402146,1692000
2022-06-29 09:00:00+09:00,800.6803588867188,808.9727906818631,798.8375962655756,807.13002806072,2389300
2022-06-30 09:00:00+09:00,803.444580078125,809.8942498723301,798.8376730822641,805.2873428764693,1983700
2022-07-01 09:00:00+09:00,790.545166015625,815.4224614496832,784.0954968290173,810.8155548878206,3974500
2022-07-04 09:00:00+09:00,808.9728393554688,815.4225089175283,792.3879747673155,794.2307374993326,2228300
2022-07-05 09:00:00+09:00,811.7369384765625,816.3438450513444,802.5231253269989,808.9727945316935,2202300
2022-07-06 09:00:00+09:00,797.916259765625,809.8942174757326,787.7810647801494,805.2873106641528,3251700
2022-07-07 09:00:00+09:00,803.444580078125,811.7370126706744,796.9949102839198,806.2087242756414,1918900
2022-07-08 09:00:00+09:00,809.8942260742188,812.6583701905131,802.5231750974341,805.2873192137283,1921400
2022-07-11 09:00:00+09:00,816.3438110351562,818.186573588283,810.8155233757759,816.3438110351562,1849900
2022-07-12 09:00:00+09:00,815.4224853515625,817.2652480303232,811.7369599940414,815.4224853515625,1314300
2022-07-13 09:00:00+09:00,834.7715454101562,836.6143082035561,813.5797732860573,814.5011546827573,4109900
2022-07-14 09:00:00+09:00,824.6362915039062,833.850104816799,816.3438595223026,833.850104816799,2167600
2022-07-15 09:00:00+09:00,844.90673828125,860.5702219789395,828.3218731895788,852.2777894331039,3794000
2022-07-19 09:00:00+09:00,826.4790649414062,837.5356410610237,821.872158224899,832.007353001215,2413100
2022-07-20 09:00:00+09:00,821.8721923828125,832.0073875803585,818.1866668564322,832.0073875803585,2575200
2022-07-21 09:00:00+09:00,812.6583251953125,819.1079944428943,810.8155625531463,815.4224691585619,1393800
2022-07-22 09:00:00+09:00,800.6803588867188,810.8155533030064,793.309308402146,810.8155533030064,1838600
2022-07-25 09:00:00+09:00,808.9728393554688,814.5011275515197,805.2873138914347,807.1300766234517,1424600
2022-07-26 09:00:00+09:00,799.759033203125,814.5011351976526,799.759033203125,810.8156096990207,1244200
2022-07-27 09:00:00+09:00,795.152099609375,808.9728197648103,793.3093369219837,805.2872943900276,1430600
2022-07-28 09:00:00+09:00,810.8155517578125,813.5796956842596,791.4665442726829,793.3093068903142,2576600
2022-07-29 09:00:00+09:00,801.6016845703125,811.7368782832705,797.9161595837822,810.8154970366379,2194800
2022-08-01 09:00:00+09:00,774.8816528320312,783.1740843129924,767.5106026267325,781.3313217616677,4571400
2022-08-02 09:00:00+09:00,770.2747802734375,781.3313560668362,767.5106363250878,773.9603055379038,2451700
2022-08-03 09:00:00+09:00,763.8251953125,770.274865236731,760.1396696415109,767.5107209834891,2519700
2022-08-04 09:00:00+09:00,749.0830078125,766.5892527675277,749.0830078125,764.7464901406826,3793400
2022-08-05 09:00:00+09:00,756.4540405273438,758.2968031108452,746.3188463180859,747.2402276098366,1839100
2022-08-08 09:00:00+09:00,766.5892333984375,766.5892333984375,753.6898953364446,753.6898953364446,1537100
2022-08-09 09:00:00+09:00,758.2968139648438,769.3533896241124,756.4540513549656,768.4320083191734,1311200
2022-08-10 09:00:00+09:00,770.2747802734375,770.2747802734375,759.2182044800389,763.8251110606217,1622200
2022-08-12 09:00:00+09:00,773.9603881835938,787.7811094011579,773.0390067690895,784.0955837431408,2501200
2022-08-15 09:00:00+09:00,771.1962280273438,775.803135004807,768.4320838408659,773.9603722138216,1074800
2022-08-16 09:00:00+09:00,771.1962280273438,776.7245164002996,768.4320838408659,776.7245164002996,996400
2022-08-17 09:00:00+09:00,778.5672607421875,780.4100234895063,773.9603538738905,775.8031166212094,1551900
2022-08-18 09:00:00+09:00,785.0169067382812,788.7024321220291,779.4886186626596,780.4100000085965,1470200
2022-08-19 09:00:00+09:00,780.4100341796875,783.1741783385294,775.8031272482845,782.2527969522488,1204300
2022-08-22 09:00:00+09:00,779.4886474609375,780.410028840915,773.0389778010953,778.56726608096,968300
2022-08-23 09:00:00+09:00,773.0389404296875,774.8817031005568,769.3534150879489,773.0389404296875,1460500
2022-08-24 09:00:00+09:00,784.0955200195312,787.7810453780249,772.1175626044268,778.5672319817907,2147600
2022-08-25 09:00:00+09:00,779.4886474609375,788.7024612607122,779.4886474609375,785.9383171207797,1376500
2022-08-26 09:00:00+09:00,773.9603881835938,776.7245324271065,772.1176253545851,774.881769598098,1734800
2022-08-29 09:00:00+09:00,772.1175537109375,774.8816976979695,762.9037404208309,765.6678844078629,1417000
2022-08-30 09:00:00+09:00,773.9603881835938,781.331439499628,769.3534811110724,773.9603881835938,1591200
2022-08-31 09:00:00+09:00,770.2747802734375,775.8030681701368,767.5106363250878,771.1961615895541,1481500
2022-09-01 09:00:00+09:00,768.4320678710938,771.1962120001265,766.5893051184053,769.353449247438,1458100
2022-09-02 09:00:00+09:00,762.9036865234375,771.1961178986923,762.9036865234375,770.2747366347751,1332700
2022-09-05 09:00:00+09:00,761.0609741210938,761.9823554456956,753.6899235242793,759.2182114718902,1781500
2022-09-06 09:00:00+09:00,757.37548828125,762.9037765168796,757.37548828125,761.0610137716698,1668100
2022-09-07 09:00:00+09:00,753.68994140625,756.4540854456372,751.8471787133252,756.4540854456372,1664900
2022-09-08 09:00:00+09:00,763.8251953125,766.5893395657419,757.375525388269,759.2182882237636,1964400
2022-09-09 09:00:00+09:00,769.353515625,769.353515625,758.2969381549401,758.2969381549401,1851000
2022-09-12 09:00:00+09:00,767.5106201171875,770.2747640071653,764.7464762272097,767.5106201171875,1005500
2022-09-13 09:00:00+09:00,769.353515625,774.88180436003,767.5107527133233,767.5107527133233,1545800
2022-09-14 09:00:00+09:00,736.1837158203125,747.2402922781896,735.2623344488228,747.2402922781896,6403600
2022-09-15 09:00:00+09:00,729.7340698242188,743.5547908436168,729.7340698242188,738.9478838371508,3098000
2022-09-16 09:00:00+09:00,739.8692016601562,740.7905829822736,727.8912444726319,729.7340071168665,3709900
2022-09-20 09:00:00+09:00,739.8692016601562,741.7119643043908,735.26229504957,738.947820338039,1659300
2022-09-21 09:00:00+09:00,732.4981689453125,734.3409316344831,727.891262222386,734.3409316344831,2343100
2022-09-22 09:00:00+09:00,732.4981689453125,734.3409316344831,726.0484995332154,729.7340249115566,1739200
2022-09-26 09:00:00+09:00,726.0485229492188,738.9478621894333,726.0485229492188,728.8126670721219,3152400
2022-09-27 09:00:00+09:00,725.1271362304688,734.34094990557,721.4416107604283,725.1271362304688,2068000
2022-09-28 09:00:00+09:00,721.4415893554688,726.9698773965068,713.1491572939116,721.4415893554688,2555800
2022-09-29 09:00:00+09:00,724.2056884765625,726.9698323257097,703.9353002494831,708.5422066647285,1930300
2022-09-30 09:00:00+09:00,711.306396484375,731.5767860214945,709.4636337991823,720.5202099103384,2859400
2022-10-03 09:00:00+09:00,682.7435302734375,706.6994436163651,672.6083361668143,703.9352997691042,3446000
2022-10-04 09:00:00+09:00,692.8787841796875,716.8346995901554,691.9574028177464,696.5643096274517,2898400
2022-10-05 09:00:00+09:00,688.2719116210938,702.0926327379832,687.3505302133011,697.4857256990201,2208600
2022-10-06 09:00:00+09:00,680.9008178710938,691.0360127243847,679.9794365207946,687.3504873231881,2964200
2022-10-07 09:00:00+09:00,673.5297241210938,676.2938679957357,666.1586737887152,672.6083428295464,3420900
2022-10-11 09:00:00+09:00,657.8662719726562,672.6083733053769,656.0235093060662,668.9228479721967,2986600
2022-10-12 09:00:00+09:00,637.5958862304688,656.9448943386188,635.7531235535021,655.1021316616522,3975600
2022-10-13 09:00:00+09:00,624.6965942382812,634.8317897200233,621.932450015988,632.06764549773,3004900
2022-10-14 09:00:00+09:00,638.5172729492188,644.0455610267012,632.9889848717363,634.8317475642305,3055200
2022-10-17 09:00:00+09:00,648.6524658203125,648.6524658203125,635.7531270113858,638.5172710418701,2480600
2022-10-18 09:00:00+09:00,644.9669799804688,655.1021753801618,643.1242171805245,652.3380311802456,1752200
2022-10-19 09:00:00+09:00,668.00146484375,675.3725154903018,655.1021262122845,658.7876515355604,3445500
2022-10-20 09:00:00+09:00,670.765625,673.5297690590659,664.3159555288461,670.765625,2158200
2022-10-21 09:00:00+09:00,665.2373046875,669.8442112296572,662.4731607622057,665.2373046875,1581500
2022-10-24 09:00:00+09:00,660.6304321289062,673.5297711105028,658.7876694172496,672.6083897546745,1817600
2022-10-25 09:00:00+09:00,665.2373046875,669.8442112296572,661.5517794537742,669.8442112296572,1512100
2022-10-26 09:00:00+09:00,662.4732055664062,668.9228751616286,661.5518241956602,666.1587310493904,1560600
2022-10-27 09:00:00+09:00,664.31591796875,674.4511122789529,659.7090114641123,659.7090114641123,2153500
2022-10-28 09:00:00+09:00,665.2373046875,670.7655925380886,664.3159233790685,668.0014486127943,4088600
2022-10-31 09:00:00+09:00,679.0580444335938,679.0580444335938,664.3159430619011,667.0800870690935,2990600
2022-11-01 09:00:00+09:00,668.9228515625,684.5863343125861,668.9228515625,671.6869955772211,2689500
2022-11-02 09:00:00+09:00,668.00146484375,671.6869901670259,661.5517955280172,669.844227505388,1944400
2022-11-04 09:00:00+09:00,664.31591796875,669.8442057743152,659.7090114641123,660.6303927650399,2113600
2022-11-07 09:00:00+09:00,660.6304321289062,667.0801016197045,659.7090507730779,667.0801016197045,1318900
2022-11-08 09:00:00+09:00,663.3945922851562,668.9228805541992,657.8663040161133,659.7090667724609,1304100
2022-11-09 09:00:00+09:00,668.9228515625,669.8442329007404,662.4731821948176,666.1587075477789,1072600
2022-11-10 09:00:00+09:00,670.765625,672.6083877060439,664.3159555288461,666.1587182348901,1438600
2022-11-11 09:00:00+09:00,676.2939453125,684.5863778844516,669.8442755343153,682.7436150906846,1656000
2022-11-14 09:00:00+09:00,668.00146484375,673.5297528286638,666.158702182112,668.00146484375,1330400
2022-11-15 09:00:00+09:00,665.2373046875,670.7655925380886,660.6303981453427,668.0014486127943,1416300
2022-11-16 09:00:00+09:00,668.00146484375,669.844227505388,661.5517955280172,664.3159395204742,1058300
2022-11-17 09:00:00+09:00,668.00146484375,676.2938968211207,666.158702182112,672.6083714978448,1255000
2022-11-18 09:00:00+09:00,664.31591796875,670.7655870752427,662.473155366895,670.7655870752427,1796000
2022-11-21 09:00:00+09:00,670.765625,677.2152944711538,667.0800995879121,668.001480940934,1809600
2022-11-22 09:00:00+09:00,681.8222045898438,691.0360181653822,675.3725350869669,677.2152978020745,2640000
2022-11-24 09:00:00+09:00,687.3504638671875,690.114607823758,682.7435572729034,686.4290825483307,1714600
2022-11-25 09:00:00+09:00,699.3284301757812,708.5422434850801,690.1146168664824,690.1146168664824,2616000
2022-11-28 09:00:00+09:00,686.4291381835938,694.7215707254089,681.8222312159186,690.1146637577339,2819400
2022-11-29 09:00:00+09:00,669.84423828125,685.5077211571527,668.9228569356086,680.900814428946,2989500
2022-11-30 09:00:00+09:00,661.5518188476562,676.2939206604174,658.7876747577635,669.8442511173344,4278300
2022-12-01 09:00:00+09:00,646.8096923828125,664.3159376182447,645.8883110546318,662.4731749618834,3685000
2022-12-02 09:00:00+09:00,655.1021118164062,660.6303996798358,644.0455360895471,656.9448744375494,3485200
2022-12-05 09:00:00+09:00,643.1242065429688,653.2594017750213,635.7531554651124,653.2594017750213,4251400
2022-12-06 09:00:00+09:00,647.7310791015625,650.4952231091082,642.2027910864709,647.7310791015625,1778400
2022-12-07 09:00:00+09:00,654.1807861328125,661.5518372441682,653.259404743893,656.9449302995708,2545600
2022-12-08 09:00:00+09:00,644.0455322265625,654.1807265820592,640.3600070063819,654.1807265820592,2961400
2022-12-09 09:00:00+09:00,650.4953002929688,658.7877332995364,647.7311559574463,652.3380631833171,2393000
2022-12-12 09:00:00+09:00,649.5738525390625,656.0235219968971,645.8883271345856,653.2593779435394,1951600
2022-12-13 09:00:00+09:00,646.8096923828125,654.1807430082577,645.8883110546318,654.1807430082577,2016700
2022-12-14 09:00:00+09:00,640.3599853515625,647.7310355426596,640.3599853515625,644.9668917209982,2683100
2022-12-15 09:00:00+09:00,644.0455322265625,645.8882948366528,632.0675752609756,636.6744817862012,3377800
2022-12-16 09:00:00+09:00,647.7310791015625,651.4166044449569,641.2814097506223,645.8883164298653,5732000
2022-12-19 09:00:00+09:00,644.0455322265625,650.4952013618786,640.3600070063819,640.3600070063819,2161700
2022-12-20 09:00:00+09:00,640.3599853515625,650.4951793643211,634.8316977082396,645.8882729948854,3729000
2022-12-21 09:00:00+09:00,638.5172729492188,644.0455610267012,633.9103662179834,637.5958916029717,2792300
2022-12-22 09:00:00+09:00,648.6524658203125,648.6524658203125,639.4386523853649,642.2027964158492,2860300
2022-12-23 09:00:00+09:00,665.2373046875,671.68697384652,654.1807289863227,654.1807289863227,4165600
2022-12-26 09:00:00+09:00,665.2373046875,668.0014486127943,659.7090168369114,667.0800673043628,1587600
2022-12-27 09:00:00+09:00,664.31591796875,667.0800618715326,662.473155366895,663.3945366678225,1236400
2022-12-28 09:00:00+09:00,675.3724975585938,679.0580227840159,663.3945405759721,663.3945405759721,2504700
2022-12-29 09:00:00+09:00,690.1146240234375,693.8001493853784,675.3725225756739,675.3725225756739,3781300
2022-12-30 09:00:00+09:00,685.5076293945312,691.9572979506626,683.6648669499223,688.2717730614447,1726500
2023-01-04 09:00:00+09:00,676.2939453125,697.4857174408208,674.4511825187329,691.9574290595198,2194400
2023-01-05 09:00:00+09:00,674.4511108398438,679.0580173346515,672.6083482419207,673.5297295408823,1199500
2023-01-06 09:00:00+09:00,669.84423828125,674.4511450094567,663.3945688617606,672.608382318174,1230700
2023-01-10 09:00:00+09:00,658.7876586914062,669.8442347813319,657.8662773505791,668.9228534405048,2025700
2023-01-11 09:00:00+09:00,657.8662719726562,668.9228479721967,657.8662719726562,664.3159413057215,1776900
2023-01-12 09:00:00+09:00,653.2593994140625,656.9449249396707,648.6524925070521,655.1021621768666,2060900
2023-01-13 09:00:00+09:00,656.9449462890625,663.3946161684783,651.4166578209918,651.4166578209918,1652400
2023-01-16 09:00:00+09:00,656.0234375,659.7089624297753,655.1020562675561,656.9448187324438,1068800
2023-01-17 09:00:00+09:00,649.5738525390625,657.8662846991356,648.6524711879432,656.0235219968971,1444000
2023-01-18 09:00:00+09:00,651.4165649414062,655.102090061301,649.5738023814588,650.4951836614325,1472000
2023-01-19 09:00:00+09:00,650.4953002929688,654.1808260736655,649.5739188477946,651.416681738143,871400
2023-01-20 09:00:00+09:00,653.2593994140625,654.1807807954646,646.809729744248,651.4166366512584,1378000
2023-01-23 09:00:00+09:00,652.3380126953125,657.8663009384932,651.4166313214491,657.8663009384932,1202000
2023-01-24 09:00:00+09:00,654.1807861328125,657.8663116884903,652.3380233549735,655.102167521732,2012600
2023-01-25 09:00:00+09:00,661.5518188476562,662.4732002109538,654.1807679412757,656.9449120311684,1471300
2023-01-26 09:00:00+09:00,658.7876586914062,668.0014720996777,656.0235146689248,663.3945653955419,1135500
2023-01-27 09:00:00+09:00,666.15869140625,667.0800727221646,660.6304035107624,662.4731661425916,1109300
2023-01-30 09:00:00+09:00,664.31591796875,669.8442057743152,662.473155366895,667.0800618715326,1144100
2023-01-31 09:00:00+09:00,688.2719116210938,692.8788186600569,671.6870462808265,672.6084276886191,4108800
2023-02-01 09:00:00+09:00,652.3380126953125,668.9228774248544,651.4166313214491,661.5518264339469,6718300
2023-02-02 09:00:00+09:00,670.765625,673.5297690590659,653.2593792925824,656.0235233516484,3866300
2023-02-03 09:00:00+09:00,670.765625,672.6083877060439,663.3945741758241,666.1587182348901,2320000
2023-02-06 09:00:00+09:00,676.2939453125,679.979470900034,669.8442755343153,670.7656569311989,1567600
2023-02-07 09:00:00+09:00,674.4511108398438,686.4290677263438,674.4511108398438,681.822161231536,1089000
2023-02-08 09:00:00+09:00,672.6084594726562,678.1367481806507,666.1587893133294,675.3726038266534,1247400
2023-02-09 09:00:00+09:00,665.2373046875,669.8442112296572,665.2373046875,667.0800673043628,969500
2023-02-10 09:00:00+09:00,670.765625,674.4511504120879,662.4731928228022,663.3945741758241,1306700
2023-02-13 09:00:00+09:00,673.5297241210938,680.9007744534723,671.6869615379991,678.1366305788304,1106900
2023-02-14 09:00:00+09:00,677.21533203125,680.9008576477466,676.2939506271259,680.9008576477466,862600
2023-02-15 09:00:00+09:00,677.21533203125,679.0580948394984,672.6084250106293,676.2939506271259,834400
2023-02-16 09:00:00+09:00,683.6649169921875,683.6649169921875,673.5297228049717,677.2152479639593,1568400
2023-02-17 09:00:00+09:00,681.8222045898438,687.3504927351668,679.979441874736,683.6649673049515,1093000
2023-02-20 09:00:00+09:00,694.7214965820312,697.4856404676361,682.74353974441,685.5076836300149,1970100
2023-02-21 09:00:00+09:00,697.4856567382812,698.4070380549765,691.0359875214147,691.9573688381099,1339100
2023-02-22 09:00:00+09:00,685.5076293945312,698.406966506794,682.7434857276178,695.6428228398805,1655100
2023-02-24 09:00:00+09:00,681.8222045898438,687.3504927351668,678.1366791596283,685.5077300200591,1390000
2023-02-27 09:00:00+09:00,676.2939453125,679.979470900034,669.8442755343153,676.2939453125,1670400
2023-02-28 09:00:00+09:00,667.080078125,673.5297473886395,666.1586968016229,670.7656034185082,1971800
2023-03-01 09:00:00+09:00,664.31591796875,673.5297309780253,659.7090114641123,663.3945366678225,2175000
2023-03-02 09:00:00+09:00,654.1807861328125,664.3159814109265,653.259404743893,663.394600022007,2212000
2023-03-03 09:00:00+09:00,661.5518188476562,663.3945815742513,653.2593865779781,656.9449120311684,2006200
2023-03-06 09:00:00+09:00,668.9228515625,678.1366649449036,665.2373262095387,667.0800888860193,2591200
2023-03-07 09:00:00+09:00,679.9794311523438,683.6649565244433,670.7656177220953,671.6869990651201,1846300
2023-03-08 09:00:00+09:00,684.5863647460938,685.5077461252944,679.0580764708898,679.0580764708898,1750500
2023-03-09 09:00:00+09:00,693.8001098632812,695.6428724392794,684.5862969832908,686.4290595592889,1680600
2023-03-10 09:00:00+09:00,692.8787841796875,695.6429282655107,685.5077332841589,685.5077332841589,1682900
2023-03-13 09:00:00+09:00,677.21533203125,689.193290284864,674.4511878188775,688.2719088807398,1721200
2023-03-14 09:00:00+09:00,673.5297241210938,676.2938679957357,663.3945299140731,669.8441989549044,2697500
2023-03-15 09:00:00+09:00,679.9794311523438,684.586337867468,677.2152871232693,679.9794311523438,1445700
2023-03-16 09:00:00+09:00,679.9794311523438,680.9008124953687,665.2373296639461,671.6869990651201,1580500
2023-03-17 09:00:00+09:00,679.0580444335938,695.6429084767481,678.136663097863,685.5077137837093,2725900
2023-03-20 09:00:00+09:00,668.9228515625,676.2939022684229,667.0800888860193,675.3725209301825,1497600
2023-03-22 09:00:00+09:00,666.15869140625,675.3725045653958,662.4731661425916,674.4511232494813,1825100
2023-03-23 09:00:00+09:00,670.765625,671.687006353022,659.7090487637363,660.6304301167582,1577800
2023-03-24 09:00:00+09:00,678.1366577148438,679.9794203716775,668.0014631022577,668.0014631022577,1507200
2023-03-27 09:00:00+09:00,677.21533203125,687.3505274766156,675.3725692230017,686.4291460724916,2053100
2023-03-28 09:00:00+09:00,684.5863647460938,686.4291275044951,669.8442626788831,680.9008392292911,2058400
2023-03-29 09:00:00+09:00,691.9573974609375,691.9573974609375,683.6649652676639,685.5077279772803,2488600
2023-03-30 09:00:00+09:00,694.7214965820312,699.3284030580394,688.2718275156197,691.0359714012247,2088000
2023-03-31 09:00:00+09:00,697.4856567382812,706.6994699052334,691.9573688381099,699.3284193716717,2522400
2023-04-03 09:00:00+09:00,707.6209106445312,708.5422920385996,700.249859491984,700.249859491984,1995100
2023-04-04 09:00:00+09:00,718.677490234375,725.1271600185296,706.699532063802,711.3064390524839,2545400
2023-04-05 09:00:00+09:00,703.9353637695312,718.6774656285791,699.3284569385788,718.6774656285791,2470100
2023-04-06 09:00:00+09:00,713.1491088867188,720.52015910777,704.8566773880359,706.6994399432988,1805500
2023-04-07 09:00:00+09:00,697.4856567382812,709.4636138553191,692.8787501548052,709.4636138553191,2545600
2023-04-10 09:00:00+09:00,705.778076171875,718.6774143786716,703.0139322704185,707.6208387728459,1556000
2023-04-11 09:00:00+09:00,707.6209106445312,710.3850548267365,701.1712408860524,704.856766462326,940400
2023-04-12 09:00:00+09:00,712.227783203125,714.0705459022275,704.8567324067149,711.3064018535737,1596800
2023-04-13 09:00:00+09:00,711.306396484375,714.9919218547603,708.542252456586,714.9919218547603,945500
2023-04-14 09:00:00+09:00,717.756103515625,719.5988662974366,711.3064337792844,712.2278151701902,1413900
2023-04-17 09:00:00+09:00,714.9918823242188,718.6774074908385,707.6208319909795,718.6774074908385,1289000
2023-04-18 09:00:00+09:00,723.2843627929688,724.2057441468452,716.834693315834,719.5988373774632,1595400
2023-04-19 09:00:00+09:00,721.4415893554688,721.4415893554688,714.0705386340846,717.7560639947767,1149900
2023-04-20 09:00:00+09:00,721.4415893554688,723.2843520358148,717.7560639947767,723.2843520358148,940400
2023-04-21 09:00:00+09:00,742.6333618164062,742.6333618164062,722.3629722879188,723.2843536301227,2932200
2023-04-24 09:00:00+09:00,742.6333618164062,750.004412554038,740.7905991319983,748.1616498696301,1705600
2023-04-25 09:00:00+09:00,742.6333618164062,748.1616498696301,738.0264551053863,744.4761245008142,1415200
2023-04-26 09:00:00+09:00,741.7120361328125,750.0044688349184,737.1051290760869,742.6334175441576,1879300
2023-04-27 09:00:00+09:00,742.6333618164062,743.5547431586102,735.2623110787744,739.8692177897943,1882300
2023-04-28 09:00:00+09:00,730.6553955078125,733.4195395009064,718.6774382044057,723.2843448595621,6007500
2023-05-01 09:00:00+09:00,781.3313598632812,788.7024104280292,762.9037334514114,764.7464960925985,7773000
2023-05-02 09:00:00+09:00,773.9603881835938,785.016965157645,768.432099696568,783.1742023286365,3103600
2023-05-08 09:00:00+09:00,769.353515625,785.0170003742514,768.4321341691616,773.9604229041915,2286000
2023-05-09 09:00:00+09:00,784.0955200195312,784.0955200195312,765.6678932270628,767.5106559063097,2263000
2023-05-10 09:00:00+09:00,773.9603881835938,786.8597279866536,773.0390067690895,786.8597279866536,1723000
2023-05-11 09:00:00+09:00,769.353515625,785.0170003742514,768.4321341691616,775.8031858158682,1625600
2023-05-12 09:00:00+09:00,783.1741943359375,786.8597199563419,770.274854664522,776.7245245002298,2509400
2023-05-15 09:00:00+09:00,800.6803588867188,801.6017401972904,784.09549529643,790.5451644704311,2948300
2023-05-16 09:00:00+09:00,809.8942260742188,818.1866584231016,798.8376496090417,804.3659378416303,2880000
2023-05-17 09:00:00+09:00,807.1300659179688,818.1866421634204,805.2873032103935,810.8155913331193,2135400
2023-05-18 09:00:00+09:00,779.4886474609375,806.208707480284,776.724503321005,805.2873261003066,3044100
2023-05-19 09:00:00+09:00,779.4886474609375,785.9383171207797,775.8031219410276,777.6458847009826,1804100
2023-05-22 09:00:00+09:00,789.6238403320312,790.5452217093148,779.4886451819118,780.4100265591954,1090600
2023-05-23 09:00:00+09:00,786.859619140625,795.1520507240742,783.1740939924254,790.5451442888246,1274700
2023-05-24 09:00:00+09:00,808.051513671875,818.1867093963797,794.2307922293686,798.8376993768707,3208700
2023-05-25 09:00:00+09:00,808.051513671875,812.658420819377,794.2307922293686,801.601843665372,1624300
2023-05-26 09:00:00+09:00,798.837646484375,807.1300788008218,797.916265115881,803.4445533268454,1541800
2023-05-29 09:00:00+09:00,797.916259765625,801.6017852148889,789.6238275047814,796.994878403309,1363000
2023-05-30 09:00:00+09:00,803.444580078125,805.2873428764693,792.388003288059,794.2307660864034,1235700
2023-05-31 09:00:00+09:00,804.3658447265625,812.6582761154962,798.8375571339401,803.4444634611255,3301500
2023-06-01 09:00:00+09:00,804.3658447265625,808.9727510537479,799.7589383993771,804.3658447265625,1289700
2023-06-02 09:00:00+09:00,804.3658447265625,808.0513697883108,802.5230821956884,802.5230821956884,1199200
2023-06-05 09:00:00+09:00,803.3524169921875,822.7935408719927,803.3524169921875,813.579727424378,2920300
2023-06-06 09:00:00+09:00,810.3548583984375,810.999836559786,801.6938516298196,804.2737642752135,1270800
2023-06-07 09:00:00+09:00,814.132568359375,822.3328851711506,806.669401644081,810.9999053959551,2689400
2023-06-08 09:00:00+09:00,833.2972412109375,841.4053851213953,822.7013566297376,824.6362347977316,3645800
2023-06-09 09:00:00+09:00,853.8441162109375,854.3969225314024,836.7063892000083,839.7469926725308,3874200
2023-06-12 09:00:00+09:00,861.9522705078125,867.8491337627635,847.6708592914886,860.8466016179273,2695100
2023-06-13 09:00:00+09:00,863.702880859375,866.0984498216671,849.6057015272103,857.8060178552895,2075100
2023-06-14 09:00:00+09:00,852.1856689453125,862.6893830350162,842.1425893133245,862.412979865724,2328000
2023-06-15 09:00:00+09:00,839.5626831054688,853.014828092292,838.6413017711205,850.4349716034476,1425500
2023-06-16 09:00:00+09:00,839.8390502929688,848.131481946986,831.3623311326431,838.4569783506325,4093900
2023-06-19 09:00:00+09:00,840.5762329101562,847.8551684036618,838.2727794295098,847.1180745371864,1252600
2023-06-20 09:00:00+09:00,828.7825927734375,840.0234574191418,823.0700166843098,838.8256728125486,1709600
2023-06-21 09:00:00+09:00,831.2702026367188,838.2726778748887,823.7148648881772,823.8069805215805,1303800
2023-06-22 09:00:00+09:00,828.966796875,841.4054448754152,824.6362933608581,834.863603666538,1752500
2023-06-23 09:00:00+09:00,854.2125854492188,860.3858514406155,834.0343686098583,839.3783689320184,2937100
2023-06-26 09:00:00+09:00,835.4165649414062,854.8576908783568,826.75555688953,852.2778340873704,2760000
2023-06-27 09:00:00+09:00,850.527099609375,858.7274160989734,842.8796456704168,843.8931988949297,2448500
2023-06-28 09:00:00+09:00,859.2802124023438,860.1094781003158,843.0639233656013,847.0258518674204,2052000
2023-06-29 09:00:00+09:00,848.3158569335938,849.7900446627802,839.6548493738165,847.6708787133283,3250900
2023-06-30 09:00:00+09:00,848.1315307617188,849.0529121096403,841.313286292438,844.9066960439935,1208000
2023-07-03 09:00:00+09:00,866.467041015625,867.9412286758266,849.79000489674,850.3428674468065,2713900
2023-07-04 09:00:00+09:00,853.3834228515625,862.8736395674398,852.27775397745,860.7544736967728,1628300
2023-07-05 09:00:00+09:00,861.3072509765625,861.5836541266079,849.9742719314735,851.4484595561513,1065600
2023-07-06 09:00:00+09:00,853.6597900390625,863.3342938657329,852.4620055745196,860.5701499152557,1386200
2023-07-07 09:00:00+09:00,843.524658203125,852.7384720556987,838.0884855354437,850.2507310681724,1506900
2023-07-10 09:00:00+09:00,835.3242797851562,844.7223804691226,834.3107828307683,843.8931710255288,1585200
2023-07-11 09:00:00+09:00,826.018310546875,832.007288816317,822.6091885923242,831.0859075440951,2814400
2023-07-12 09:00:00+09:00,822.3328247070312,831.9152128901552,818.2787244210975,830.1645658947173,1408200
2023-07-13 09:00:00+09:00,823.4385375976562,825.8341066533027,815.4225084704462,822.7935593944728,1095600
2023-07-14 09:00:00+09:00,797.0869750976562,826.3869467121508,796.718456303483,824.728415310082,2823200
2023-07-18 09:00:00+09:00,804.8265991210938,805.2872897903102,787.1360661758523,788.7024256985189,1089000
2023-07-19 09:00:00+09:00,812.1055297851562,812.1055297851562,803.1681196034963,806.2086667565044,1235400
2023-07-20 09:00:00+09:00,815.9752807617188,820.6743592717861,812.9347336297066,817.9102152905652,940700
2023-07-21 09:00:00+09:00,831.1781005859375,834.2187040567669,815.8831925372696,822.793552722509,1635400
2023-07-24 09:00:00+09:00,845.8280639648438,845.8280639648438,832.3759189933977,834.7714879653033,1430200
2023-07-25 09:00:00+09:00,850.527099609375,854.0283937201323,839.1020046393213,843.0639331872968,1586800
2023-07-26 09:00:00+09:00,856.7003784179688,858.3588536208393,843.9853268804201,850.4349964089822,1665500
2023-07-27 09:00:00+09:00,879.8270874023438,883.8811316639045,854.673331163695,857.1610720950252,2850200
2023-07-28 09:00:00+09:00,867.0198364257812,873.3773901333417,847.6708283865237,871.0739367953348,3374100
2023-07-31 09:00:00+09:00,890.330810546875,898.7154147931916,878.6292558484556,888.7644509635713,3218600
2023-08-01 09:00:00+09:00,909.4033813476562,916.6823164184541,872.0874371282235,877.5236095215186,4843500
2023-08-02 09:00:00+09:00,872.3638916015625,906.6392906667846,870.9818195121314,905.7179092738306,3746400
2023-08-03 09:00:00+09:00,852.8306274414062,873.3774782794529,850.8957489368634,867.1120395784084,2247800
2023-08-04 09:00:00+09:00,850.06640625,857.9903195575725,843.7089087126319,848.5922185929259,1791100
2023-08-07 09:00:00+09:00,829.7960205078125,846.0123659940241,827.1240483374055,845.8280784768725,2537400
2023-08-08 09:00:00+09:00,847.4865112304688,848.2236050255196,836.0614168155511,836.153532451188,1968700
2023-08-09 09:00:00+09:00,849.8822021484375,852.2777712269535,841.6818854225104,848.7765332519471,1441900
2023-08-10 09:00:00+09:00,843.8931274414062,854.0283214084487,841.4975023981154,851.6326963651579,1346200
2023-08-14 09:00:00+09:00,839.5626831054688,850.987777909395,827.5847257589413,846.7494462660545,1784100
2023-08-15 09:00:00+09:00,843.6167602539062,846.0123855589691,828.5061395211548,830.1646147405638,1238100
2023-08-16 09:00:00+09:00,850.06640625,852.4620314885633,833.8501170755678,834.6793827805809,1263500
2023-08-17 09:00:00+09:00,843.9852905273438,853.5676787659835,838.4570025981254,851.0799379505047,1270200
2023-08-18 09:00:00+09:00,829.151123046875,838.7334556186305,825.3734256619608,838.4570524530652,2150300
2023-08-21 09:00:00+09:00,838.917724609375,850.5271071999168,836.4299837009288,838.4570339313907,1688400
2023-08-22 09:00:00+09:00,839.1019897460938,841.129039922487,831.1780765541298,840.7604648952688,1005500
2023-08-23 09:00:00+09:00,855.5025634765625,858.1745918237624,837.904202597608,838.3648932618388,1585300
2023-08-24 09:00:00+09:00,864.4400024414062,867.8491247177482,853.199138611931,855.0419013303152,1644300
2023-08-25 09:00:00+09:00,861.5836791992188,863.2422106210621,851.6327718514327,859.0959945397633,952100
2023-08-28 09:00:00+09:00,873.0088500976562,873.3774251411726,866.282777328404,866.374892970955,1087700
2023-08-29 09:00:00+09:00,887.7508544921875,889.9621920369577,871.6266822518,873.2851572920528,2053200
2023-08-30 09:00:00+09:00,885.078857421875,890.8836046217671,880.4719509055491,887.2901950443721,4759700
2023-08-31 09:00:00+09:00,886.1845703125,891.7128584070716,878.2607132049425,884.1575200971595,1634300
2023-09-01 09:00:00+09:00,896.9647216796875,900.5581313490286,881.7619297868115,884.6181894053572,2081100
2023-09-04 09:00:00+09:00,902.4929809570312,906.6391967960376,893.924146137082,898.346765118025,2208000
2023-09-05 09:00:00+09:00,899.3602294921875,905.4413795779054,892.1734668787476,901.9401420212706,1709600
2023-09-06 09:00:00+09:00,892.2657470703125,902.7694610153927,888.2116465209899,898.8075323456698,1921300
2023-09-07 09:00:00+09:00,902.2166137695312,902.6773044366688,887.3823405457096,891.9892472170851,1237800
2023-09-08 09:00:00+09:00,912.9046020507812,921.2892058180181,898.5310759307366,902.585120003149,2639700
2023-09-11 09:00:00+09:00,928.291748046875,942.1124688614686,918.2486684269408,918.5251278325582,2543500
2023-09-12 09:00:00+09:00,933.8200073242188,937.5055327601308,925.0668844139276,925.9882657729056,1461900
2023-09-13 09:00:00+09:00,935.6627807617188,939.8089969246215,929.2131111749812,937.9662341855536,1319900
2023-09-14 09:00:00+09:00,954.0903930664062,957.7759184862668,939.3482913869639,940.7303634194117,2148100
2023-09-15 09:00:00+09:00,992.32763671875,999.6986869450731,964.6861983700383,966.9896515657642,4302600
2023-09-19 09:00:00+09:00,988.6422119140625,999.2380976894696,975.7428727092192,992.3277374011607,2093300
2023-09-20 09:00:00+09:00,960.0794067382812,998.316734357896,956.8545718787957,995.0918994984105,2146500
2023-09-21 09:00:00+09:00,973.439453125,979.8891229516682,954.0904436449953,955.4725157507099,1448900
2023-09-22 09:00:00+09:00,953.6297607421875,967.4504819123641,940.2697302776834,967.4504819123641,1613000
2023-09-25 09:00:00+09:00,952.24755859375,961.0006808062712,945.3371989522859,961.0006808062712,1371000
2023-09-26 09:00:00+09:00,955.0117797851562,964.6862840666266,941.6517500631255,951.786945024666,1785300
2023-09-27 09:00:00+09:00,933.3593139648438,944.415890240834,919.9992842980222,944.415890240834,2546300
2023-09-28 09:00:00+09:00,934.2807006835938,940.7303702149401,914.9316920895548,921.3813616209011,1666000
2023-09-29 09:00:00+09:00,898.7153930664062,925.988258585814,894.3848894654899,921.2892361861599,2629300
2023-10-02 09:00:00+09:00,881.02490234375,914.1946326088316,879.1821395512454,911.1540852485306,2261700
2023-10-03 09:00:00+09:00,843.2482299804688,872.7324334326763,843.2482299804688,867.6648359643282,2482400
2023-10-04 09:00:00+09:00,813.3032836914062,840.299744498694,809.1570678468403,834.9557442130283,3193800
2023-10-05 09:00:00+09:00,846.1044311523438,850.066359469773,826.2026176937941,834.2186462000562,2485700
2023-10-06 09:00:00+09:00,864.9927368164062,872.4559589471016,844.9987517376072,852.8304926393347,2070300
2023-10-10 09:00:00+09:00,885.9081420898438,889.9622424058209,869.2311626377278,880.3798541516855,1809200
2023-10-11 09:00:00+09:00,885.078857421875,895.1219361221263,881.3012165731485,885.8160074538085,1576100
2023-10-12 09:00:00+09:00,889.8700561523438,896.9647034723367,884.5260558124738,887.2901997368878,1624000
2023-10-13 09:00:00+09:00,888.02734375,889.2251282709783,879.5506239884799,884.5261058284269,1439100
2023-10-16 09:00:00+09:00,878.537109375,889.3172823210068,872.5481306535133,883.5125911152044,1268400
2023-10-17 09:00:00+09:00,882.314697265625,894.661228996697,876.5100064092691,889.7779194266404,1174400
2023-10-18 09:00:00+09:00,887.4744873046875,887.7508904498168,870.7053362481338,882.4990057457517,1225600
2023-10-19 09:00:00+09:00,886.9216918945312,889.0409140530804,874.2988120063039,877.615762472166,960900
2023-10-20 09:00:00+09:00,878.3528442382812,898.4389467532352,870.4289869918586,886.2767577213596,1855600
2023-10-23 09:00:00+09:00,882.2227172851562,888.7645029291083,875.6809316412042,879.9192637152212,1239700
2023-10-24 09:00:00+09:00,878.1685791015625,884.5261331784454,853.7519723002824,879.9192262348076,1799400
2023-10-25 09:00:00+09:00,883.0519409179688,900.1896121656615,880.9327187454488,887.2902727896951,1777800
2023-10-26 09:00:00+09:00,878.1685791015625,884.8025363477323,865.6378147095306,883.6047517897179,2667600
2023-10-27 09:00:00+09:00,881.6698608398438,882.6833578583797,864.7164210334963,874.206637955206,2747300
2023-10-30 09:00:00+09:00,882.314697265625,890.7914163469095,874.5751282027007,881.6697753545361,2624600
2023-10-31 09:00:00+09:00,888.02734375,891.1600628694712,868.8626227043818,888.7644375908593,2436300
2023-11-01 09:00:00+09:00,926.4489135742188,939.8089426610672,894.2005675025155,901.8480211807603,4308500
2023-11-02 09:00:00+09:00,955.0117797851562,959.6186865858564,924.1455042204647,929.2131017012349,2558700
2023-11-06 09:00:00+09:00,1004.3056640625,1011.6767148079128,974.3607704092603,976.2035330956135,4330500
2023-11-07 09:00:00+09:00,957.315185546875,1001.0807979756302,956.3938042325855,998.3166540327614,2219900
2023-11-08 09:00:00+09:00,897.056884765625,968.3718257298297,896.2276752696008,964.6863002275277,3501100
2023-11-09 09:00:00+09:00,913.273193359375,915.7609342189965,878.0764150048205,888.2116097215604,2391800
2023-11-10 09:00:00+09:00,916.7744140625,918.4328891923678,896.6883125193154,899.7288596301821,1145600
2023-11-13 09:00:00+09:00,931.0557861328125,939.348217676796,925.0668077954911,928.7523329261504,1663200
2023-11-14 09:00:00+09:00,930.1344604492188,935.6627484756629,919.7228625800799,931.9772231247001,1173400
2023-11-15 09:00:00+09:00,929.673828125,961.4614862719895,928.2917560316525,945.798002547386,2640200
2023-11-16 09:00:00+09:00,927.3703002929688,946.2586173878578,913.1810054440982,928.2916816146707,2005900
2023-11-17 09:00:00+09:00,947.6407470703125,947.6407470703125,927.8310474475495,931.5165729587612,1948300
2023-11-20 09:00:00+09:00,921.8419799804688,954.5510157518897,921.8419799804688,949.4834186605428,1680600
2023-11-21 09:00:00+09:00,912.8125610351562,931.0559014440263,906.3628912577112,921.3813967778588,2026200
2023-11-22 09:00:00+09:00,923.6848754882812,934.7414525514827,917.6037805981841,924.1455661992479,1663400
2023-11-24 09:00:00+09:00,915.57666015625,933.3593089913808,911.4304440748471,933.3593089913808,1446100
2023-11-27 09:00:00+09:00,911.2461547851562,924.6061843548072,904.0593915053646,920.27568076421,1708900
2023-11-28 09:00:00+09:00,908.0213012695312,919.3542803881217,901.2952288037543,917.6958052404394,1675600
2023-11-29 09:00:00+09:00,913.918212890625,924.1455237091948,898.6232482477611,913.0889471543491,1802800
2023-11-30 09:00:00+09:00,912.7203369140625,917.7879343062975,900.2816887694858,916.7744373225122,2805800
2023-12-01 09:00:00+09:00,919.0779418945312,932.4379721275845,915.1160131417158,922.7634674760632,2104300
2023-12-04 09:00:00+09:00,913.3653564453125,923.6848392130288,908.2977588236948,918.9858166403734,1507300
2023-12-05 09:00:00+09:00,909.1270141601562,917.4194465369834,902.8616320561068,911.3382957186498,1689000
2023-12-06 09:00:00+09:00,932.8986206054688,935.662764666522,909.4033960865162,909.4955117272226,1854500
2023-12-07 09:00:00+09:00,948.5620727539062,950.4048354013155,929.6737556179615,932.4378995890754,2151200
2023-12-08 09:00:00+09:00,934.2807006835938,957.3152347241163,926.9096497906265,939.8089888533192,2569000
2023-12-11 09:00:00+09:00,962.8434448242188,962.8434448242188,925.0668120607805,937.5054594341078,2758400
2023-12-12 09:00:00+09:00,970.2145385742188,976.6642078714832,950.4048400183349,962.8434879487736,2555000
2023-12-13 09:00:00+09:00,984.4959716796875,987.7208064020823,970.2145607662245,972.0573234647359,2455100
2023-12-14 09:00:00+09:00,966.5289306640625,1000.6200368933954,958.2364994190896,995.5524400214676,2548500
2023-12-15 09:00:00+09:00,944.4158935546875,960.0793766673019,937.9662240377287,960.0793766673019,2241600
2023-12-18 09:00:00+09:00,930.1344604492188,944.4158711841993,919.5385750652009,938.8875831577553,2040000
2023-12-19 09:00:00+09:00,934.2807006835938,941.1910608957505,920.4599802592802,941.1910608957505,1574600
2023-12-20 09:00:00+09:00,908.1133422851562,934.2805924175458,908.1133422851562,934.2805924175458,2338600
2023-12-21 09:00:00+09:00,902.9536743164062,914.7473437132086,902.3086961588499,908.8505371331332,1810700
2023-12-22 09:00:00+09:00,912.9046020507812,916.5901273366032,904.7964576693034,906.7313359496987,1192400
2023-12-25 09:00:00+09:00,909.8641967773438,920.4600836258901,908.8506996604084,919.0780114282536,820400
2023-12-26 09:00:00+09:00,906.36279296875,913.4574402019041,902.677267781309,910.3247212979187,1071500
2023-12-27 09:00:00+09:00,932.4378662109375,935.2020100831044,907.5605713614362,907.5605713614362,1830700
2023-12-28 09:00:00+09:00,934.7413940429688,938.8876101821442,926.9096524467487,931.055868585924,934200
2023-12-29 09:00:00+09:00,940.7303466796875,948.5620880575301,933.3592959711297,934.2806773096994,1395500
2024-01-04 09:00:00+09:00,959.6187744140625,962.8436094697028,915.2081775433433,933.3594032467071,1756800
2024-01-05 09:00:00+09:00,984.0353393554688,984.0353393554688,957.7759693445784,967.4504740854327,1707500
2024-01-09 09:00:00+09:00,971.1359252929688,989.5635519588695,966.0683279598461,983.1138826258043,1674900
2024-01-10 09:00:00+09:00,967.9110717773438,978.5069569038925,962.3827838852313,972.057287696428,1155100
2024-01-11 09:00:00+09:00,978.04638671875,988.6422731504651,965.6077374293453,965.6077374293453,1372000
2024-01-12 09:00:00+09:00,971.5966186523438,978.0462880032838,967.9110933089494,974.3607626598895,1094400
2024-01-15 09:00:00+09:00,976.20361328125,978.0463761189683,971.1360154775248,971.1360154775248,242800
2024-01-16 09:00:00+09:00,982.6531372070312,998.3166190002986,969.7537992596348,971.1358711825701,1598900
2024-01-17 09:00:00+09:00,970.2145385742188,992.3276904505542,969.293157246038,980.3497331842058,1989100
2024-01-18 09:00:00+09:00,974.821533203125,977.1249867314878,961.9221934442934,964.6863376783288,1298700
2024-01-19 09:00:00+09:00,971.5966186523438,974.8214533278137,954.0903732712204,974.8214533278137,1379100
2024-01-22 09:00:00+09:00,985.8780517578125,985.8780517578125,962.8435178382375,971.596640727676,1532100
2024-01-23 09:00:00+09:00,971.5966186523438,989.5635547013914,965.6076399693278,983.1138853504511,1764100
2024-01-24 09:00:00+09:00,972.057373046875,981.7318777075311,965.6077032731043,973.4394451412545,1504700
2024-01-25 09:00:00+09:00,1002.0020751953125,1002.0020751953125,968.832351326778,971.1358043732041,2303200
2024-01-26 09:00:00+09:00,975.742919921875,998.7774553307955,975.2822292136966,998.7774553307955,1640100
2024-01-29 09:00:00+09:00,1014.9017333984375,1015.8231149085586,976.6644007284102,976.6644007284102,2662500
2024-01-30 09:00:00+09:00,1002.4627685546875,1013.5193432078642,993.2489563437068,1013.5193432078642,2024500
2024-01-31 09:00:00+09:00,1021.3511352539062,1029.643566663275,1002.9235098997536,1013.5193944783914,2781200
2024-02-01 09:00:00+09:00,1103.81494140625,1129.6136211720054,1059.5886332363837,1100.1294157254279,7627800
2024-02-02 09:00:00+09:00,1095.061767578125,1117.63561133552,1074.3306865764357,1113.9500858241088,3383300
2024-02-05 09:00:00+09:00,1076.1734619140625,1089.0728013548132,1067.881029416437,1084.465894411688,2698000
2024-02-06 09:00:00+09:00,1066.0382080078125,1081.7016907529576,1066.0382080078125,1072.4878773734606,1612600
2024-02-07 09:00:00+09:00,1064.6561279296875,1068.3416532535462,1046.6891919758762,1054.9816239545582,1519000
2024-02-08 09:00:00+09:00,1044.3857421875,1066.4988942055857,1037.0146915148048,1064.1954408703684,2083500
2024-02-09 09:00:00+09:00,1027.3402099609375,1042.0823116285385,1022.7333031898122,1038.3967862116383,1718900
2024-02-13 09:00:00+09:00,1054.060302734375,1062.3527351859566,1032.4078402219118,1035.6326750641936,1987200
2024-02-14 09:00:00+09:00,1028.72216796875,1051.29600864518,1024.115261708254,1046.2284117586346,1945500
2024-02-15 09:00:00+09:00,1024.1153564453125,1031.4864071439742,1019.0477590899825,1027.340191125977,1365600
2024-02-16 09:00:00+09:00,1031.9471435546875,1041.6216480255127,1022.7333297729492,1031.9471435546875,1661600
2024-02-19 09:00:00+09:00,1050.3746337890625,1050.3746337890625,1020.890433542352,1031.9470086348683,1429400
2024-02-20 09:00:00+09:00,1039.318115234375,1051.7567628901056,1033.3291367334677,1050.3746909283577,1298900
2024-02-21 09:00:00+09:00,1051.7568359375,1053.5995986811486,1038.857496731959,1045.3071663347296,1772300
2024-02-22 09:00:00+09:00,1061.4312744140625,1074.3306128184001,1051.2960799535117,1052.2174612681072,1848900
2024-02-26 09:00:00+09:00,1096.9044189453125,1107.500303714629,1076.6340306909683,1079.8588651859775,3214200
2024-02-27 09:00:00+09:00,1083.5445556640625,1115.7929055350166,1078.4769578271982,1105.197019148846,3083200
2024-02-28 09:00:00+09:00,1128.692138671875,1131.456282684949,1085.8479064692283,1088.6120504823023,2817400
2024-02-29 09:00:00+09:00,1127.3099365234375,1146.6589423812163,1113.0285274379341,1129.6133896017445,3535700
2024-03-01 09:00:00+09:00,1145.7376708984375,1151.265958815921,1115.332087352279,1123.1638285687136,2236300
2024-03-04 09:00:00+09:00,1131.9169921875,1153.1087633070053,1119.4783439217033,1150.8053099244505,2753600
2024-03-05 09:00:00+09:00,1144.355712890625,1157.715743355129,1134.6812080715013,1136.984661599864,2805800
2024-03-06 09:00:00+09:00,1172.91845703125,1179.3681264728987,1143.4342538694275,1145.2770165670415,3091900
2024-03-07 09:00:00+09:00,1200.559814453125,1209.7736273038781,1169.2328507605646,1183.514260679232,4062300
2024-03-08 09:00:00+09:00,1182.13232421875,1208.3916938526038,1172.9185103121347,1205.1668589852884,4224800
2024-03-11 09:00:00+09:00,1166.9293212890625,1215.301835594373,1158.1761996528635,1197.795592321975,3629100
2024-03-12 09:00:00+09:00,1168.7723388671875,1168.7723388671875,1136.063298244574,1163.2440503112527,2329000
2024-03-13 09:00:00+09:00,1172.4578857421875,1197.3351846931023,1154.4909476109713,1170.1544321356214,2665800
2024-03-14 09:00:00+09:00,1197.7957763671875,1197.7957763671875,1158.1763776104267,1160.4798310265173,3198500
2024-03-15 09:00:00+09:00,1208.3917236328125,1234.190403207131,1191.3461674854948,1195.9530745523375,5509400
2024-03-18 09:00:00+09:00,1212.99853515625,1248.4717167768467,1198.717124373932,1236.033068676118,4278300
2024-03-19 09:00:00+09:00,1241.1005859375,1252.617851953995,1216.2232913418707,1218.9874351858296,3642300
2024-03-21 09:00:00+09:00,1260.910400390625,1269.6635233747031,1235.111722121763,1253.0786587732919,2828900
2024-03-22 09:00:00+09:00,1285.7877197265625,1292.6980800977192,1254.9214434020626,1258.606968933346,2946000
2024-03-25 09:00:00+09:00,1273.3489990234375,1287.1697189838944,1269.663473700649,1285.7876469878488,2471500
2024-03-26 09:00:00+09:00,1270.5849609375,1280.259465716212,1255.3821677138098,1264.1352910850253,2117000
2024-03-27 09:00:00+09:00,1258.146240234375,1284.86629952899,1248.4717360070144,1276.5738673341095,2343500
2024-03-28 09:00:00+09:00,1271.7554931640625,1291.9346393655587,1258.6155840095998,1264.2469736472267,1820100
2024-03-29 09:00:00+09:00,1291.9345703125,1300.3816543174491,1267.5318831870914,1273.6325549684434,1117600
2024-04-01 09:00:00+09:00,1246.4140625,1294.2808676110694,1246.4140625,1291.9344555958207,1989500
2024-04-02 09:00:00+09:00,1245.4754638671875,1267.5317362114822,1242.1904871350584,1246.4140286477957,1953400
2024-04-03 09:00:00+09:00,1272.2247314453125,1292.873159399423,1235.6207000721165,1241.7213719676492,3387400
2024-04-04 09:00:00+09:00,1338.3935546875,1360.9191124101508,1288.180332264091,1299.9123935779714,5662300
2024-04-05 09:00:00+09:00,1344.02490234375,1350.5948564753187,1314.9293911896605,1337.4549482121813,4025100
2024-04-08 09:00:00+09:00,1332.76220703125,1356.2263303944762,1324.7844050877532,1351.533505721831,3252800
2024-04-09 09:00:00+09:00,1346.8404541015625,1349.6561484306947,1317.7449460338632,1332.7619824559015,2385000
2024-04-10 09:00:00+09:00,1413.4786376953125,1421.9257211875156,1343.086275260287,1351.53335875249,5850200
2024-04-11 09:00:00+09:00,1475.423828125,1504.5193361859892,1386.729456777791,1390.9529982705153,8656000
2024-04-12 09:00:00+09:00,1468.384765625,1491.3796053551453,1442.104948790548,1475.4240022770853,4849900
2024-04-15 09:00:00+09:00,1565.5262451171875,1587.1132377057338,1434.127159795601,1448.205633222914,10130800
2024-04-16 09:00:00+09:00,1542.5313720703125,1588.5210509455455,1534.0842881952697,1549.1013261953458,9649100
2024-04-17 09:00:00+09:00,1445.389892578125,1565.5261953378654,1428.0264425698813,1540.1849439744826,11348100
2024-04-18 09:00:00+09:00,1441.166259765625,1453.3676022449172,1408.7857739551957,1416.294292403991,6359200
2024-04-19 09:00:00+09:00,1413.4786376953125,1447.2669716641246,1374.9974795641651,1440.6970178368556,4963400
2024-04-22 09:00:00+09:00,1435.534912109375,1481.5245889275243,1424.2721341130934,1431.3113703607694,4216000
2024-04-23 09:00:00+09:00,1404.093017578125,1466.9768626167174,1397.9923460445302,1446.3284358876274,4054300
2024-04-24 09:00:00+09:00,1397.992431640625,1422.3951192691286,1384.3832404631903,1416.2944473620028,4228200
2024-04-25 09:00:00+09:00,1354.818359375,1399.4001896973502,1349.6562527060964,1398.4616248484585,3729200
2024-04-26 09:00:00+09:00,1337.9241943359375,1352.941231943356,1325.72285127991,1339.332041611633,3134100
2024-04-30 09:00:00+09:00,1376.4052734375,1400.3386757372996,1321.029950469336,1333.7005752162888,5367000
2024-05-01 09:00:00+09:00,1495.6031494140625,1518.128706731877,1390.0145994868067,1412.5401568046211,16266600
2024-05-02 09:00:00+09:00,1518.5980224609375,1551.917076723832,1501.2345716478799,1502.1731365566939,8682500
2024-05-07 09:00:00+09:00,1516.2515869140625,1529.3914954357567,1496.5417241315213,1512.9666097836391,3419400
2024-05-08 09:00:00+09:00,1499.357421875,1514.8437426643193,1460.4069786776213,1502.1731165639671,3085200
2024-05-09 09:00:00+09:00,1475.8931884765625,1521.8828649378354,1469.7925171092509,1520.475017699225,2165700
2024-05-10 09:00:00+09:00,1501.703857421875,1517.190178451538,1472.1390627288818,1478.2397346496582,2341600
2024-05-13 09:00:00+09:00,1483.40185546875,1499.3574591023905,1453.8370605005339,1497.9496117229514,2726200
2024-05-14 09:00:00+09:00,1494.6644287109375,1502.6422294293318,1477.30098008855,1481.9938040405466,2312700
2024-05-15 09:00:00+09:00,1472.608154296875,1529.3913240450972,1462.7532240099933,1520.4749585474426,2657000
2024-05-16 09:00:00+09:00,1481.993896484375,1500.765193463278,1469.7925534480883,1489.0331328514635,1998200
2024-05-17 09:00:00+09:00,1537.3692626953125,1548.1627587398768,1474.4854161748083,1475.4239810482486,3788400
2024-05-20 09:00:00+09:00,1598.3758544921875,1616.6778680932432,1537.369142488669,1562.2411096901035,5773600
2024-05-21 09:00:00+09:00,1616.677978515625,1647.1813366008255,1587.1131852945846,1591.3367271833047,4242700
2024-05-22 09:00:00+09:00,1616.677978515625,1638.7342528233853,1590.3981623191446,1619.024390676025,3509200
2024-05-23 09:00:00+09:00,1656.5670166015625,1671.5840547123983,1600.2531236859286,1631.2257647895271,4725000
2024-05-24 09:00:00+09:00,1651.8740234375,1697.3944155606355,1593.6830067027697,1619.0242559259586,5127100
2024-05-27 09:00:00+09:00,1726.0208740234375,1728.836568760833,1665.952719625667,1675.807651206551,7893200
2024-05-28 09:00:00+09:00,1800.16748046875,1809.5531294805787,1755.1163652119722,1755.1163652119722,9841200
2024-05-29 09:00:00+09:00,1764.97119140625,1837.709966909565,1758.8705199124236,1820.8157996958919,6438400
2024-05-30 09:00:00+09:00,1681.43896484375,1735.8757273114795,1657.0362782202849,1720.3894069542805,7644900
2024-05-31 09:00:00+09:00,1718.9815673828125,1723.6743917545919,1678.1539953483314,1707.249506453364,6193200
2024-06-03 09:00:00+09:00,1659.3826904296875,1744.3228111784922,1625.5943551041962,1740.0992692628058,9358700
2024-06-04 09:00:00+09:00,1619.0244140625,1658.4441389266303,1595.5602921195652,1658.4441389266303,5076200
2024-06-05 09:00:00+09:00,1672.05322265625,1692.2323662358792,1625.59426418222,1664.075421706164,8793000
2024-06-06 09:00:00+09:00,1718.04296875,1722.2665106016116,1678.623244801625,1694.109564924201,5755600
2024-06-07 09:00:00+09:00,1694.578857421875,1785.1503665557498,1694.1095749911294,1749.9541842498397,6671800
2024-06-10 09:00:00+09:00,1672.99169921875,1703.9643365675404,1661.2596396169356,1677.2152406754033,3863700
2024-06-11 09:00:00+09:00,1680.5003662109375,1725.5514790722193,1665.9526110161485,1681.4389310622141,4758600
2024-06-12 09:00:00+09:00,1669.2376708984375,1689.8860986520308,1640.611441512774,1680.9697321220701,3166500
2024-06-13 09:00:00+09:00,1604.9459228515625,1660.7905324478597,1603.5380755508156,1658.444120279948,5043400
2024-06-14 09:00:00+09:00,1654.6898193359375,1667.3604447250668,1600.253058404863,1603.5380353576002,4507700
2024-06-17 09:00:00+09:00,1617.6165771484375,1640.6114168003878,1611.5159054040423,1639.2035694747583,2623000
2024-06-18 09:00:00+09:00,1571.1575927734375,1619.024401155424,1565.9954859871448,1604.9459281018985,3866400
2024-06-19 09:00:00+09:00,1582.4202880859375,1585.235982548724,1559.4254499731821,1573.0346398766496,2507900
2024-06-20 09:00:00+09:00,1581.9510498046875,1588.5210037344607,1556.1405165091498,1575.8503782984694,2211400
2024-06-21 09:00:00+09:00,1549.570556640625,1581.9510437418373,1540.6541906272478,1579.604631633054,6326100
2024-06-24 09:00:00+09:00,1546.28564453125,1566.934071954429,1533.615018612481,1547.2242094141218,2504600
2024-06-25 09:00:00+09:00,1558.017822265625,1572.565579039792,1547.2243253041463,1562.7106470314852,2237500
2024-06-26 09:00:00+09:00,1562.71044921875,1583.3588755747937,1558.017625046922,1571.1575327280407,2922500
2024-06-27 09:00:00+09:00,1565.5262451171875,1589.9289323911964,1556.6098786132227,1558.0177259559541,2698000
2024-06-28 09:00:00+09:00,1555.2020263671875,1564.1183928430405,1522.8215375864586,1561.7719806125529,3666700
2024-07-01 09:00:00+09:00,1532.6763916015625,1578.6660689980577,1528.9221322222568,1575.8503744635784,2594100
2024-07-02 09:00:00+09:00,1531.2685546875,1541.5927680503944,1518.1286467710886,1528.4528601339832,1897200
2024-07-03 09:00:00+09:00,1550.0399169921875,1554.2634590003406,1517.1901458176633,1527.0450771700205,2231400
2024-07-04 09:00:00+09:00,1520.0057373046875,1573.0346500294265,1512.027936275302,1548.6319645277767,3405500
2024-07-05 09:00:00+09:00,1494.1951904296875,1522.8214173820152,1485.7481070667056,1520.4750053367422,3102400
2024-07-08 09:00:00+09:00,1448.6749267578125,1486.2175228513095,1448.2056443066438,1486.2175228513095,3980600
2024-07-09 09:00:00+09:00,1452.4290771484375,1466.507549624836,1445.8591233261184,1454.7754892278374,2765700
2024-07-10 09:00:00+09:00,1445.859130859375,1460.4068858274504,1437.4120473295247,1445.38984844105,2467700
2024-07-11 09:00:00+09:00,1468.384765625,1481.5246740422258,1441.6356663470756,1454.7755747643016,3872100
2024-07-12 09:00:00+09:00,1486.686767578125,1495.133851484819,1469.7925997647371,1469.7925997647371,2804100
2024-07-16 09:00:00+09:00,1465.56884765625,1487.6251191387487,1463.6917181683777,1471.6695184918347,2073100
2024-07-17 09:00:00+09:00,1499.357421875,1516.2515900088029,1469.323345192684,1480.1168415003913,3000100
2024-07-18 09:00:00+09:00,1541.1234130859375,1550.9783435593858,1498.4187143676609,1514.843598490075,4586200
2024-07-19 09:00:00+09:00,1522.8214111328125,1571.1574990670745,1504.9886796619198,1546.7548138963791,4673800
2024-07-22 09:00:00+09:00,1504.050048828125,1535.491968725624,1489.5022948457,1528.9220153142062,2246800
2024-07-23 09:00:00+09:00,1479.6475830078125,1521.8830040261134,1472.608346171429,1515.782332101248,2260600
2024-07-24 09:00:00+09:00,1430.842041015625,1477.300998726529,1426.6184994055427,1476.3624339242886,3305900
2024-07-25 09:00:00+09:00,1419.5794677734375,1440.2278963955966,1405.97027618156,1417.7023378986958,4032200
2024-07-26 09:00:00+09:00,1401.27734375,1424.2721829475051,1396.1152369913766,1421.9257707844945,2631600
2024-07-29 09:00:00+09:00,1461.3455810546875,1465.0998407362667,1408.7859455125792,1414.8866174951454,2825500
2024-07-30 09:00:00+09:00,1441.6357421875,1460.8763233820596,1429.43439801534,1429.43439801534,1947700
2024-07-31 09:00:00+09:00,1482.9324951171875,1490.9102965149698,1445.389900304094,1464.1611977106409,3425900
2024-08-01 09:00:00+09:00,1377.3438720703125,1405.5008166441519,1334.6391727999894,1405.5008166441519,7464800
2024-08-02 09:00:00+09:00,1368.8968505859375,1385.3217356632456,1334.1699507082003,1348.7177060623874,5360500
2024-08-05 09:00:00+09:00,1229.0506591796875,1313.9907772825984,1191.0387831225837,1312.5829300212242,6507400
2024-08-06 09:00:00+09:00,1345.4327392578125,1348.248433863863,1289.1188471368018,1306.9515796417886,3783600
2024-08-07 09:00:00+09:00,1386.26025390625,1429.9035185011319,1302.7279840364758,1310.2365026764555,3330700
2024-08-08 09:00:00+09:00,1392.8302001953125,1426.6185338927728,1362.3268433851051,1370.3046443970054,2200200
2024-08-09 09:00:00+09:00,1329.0079345703125,1397.992456597797,1304.6052465061684,1393.299631970077,5700300
2024-08-13 09:00:00+09:00,1375.93603515625,1395.1766140926095,1345.9019607190057,1347.7790903713335,2399200
2024-08-14 09:00:00+09:00,1382.036865234375,1403.154576248143,1360.919154220607,1374.0590632958404,2235800
2024-08-15 09:00:00+09:00,1400.3387451171875,1412.5400880706213,1383.4445779508944,1394.7073560617564,1402600
2024-08-16 09:00:00+09:00,1420.0487060546875,1434.1271796771728,1406.439514886285,1423.8029656873503,1522400
2024-08-19 09:00:00+09:00,1431.7806396484375,1463.6918436786223,1410.6629310990504,1431.7806396484375,2654500
2024-08-20 09:00:00+09:00,1437.88134765625,1463.2225985614189,1413.9479440235905,1449.144125836325,2023900
2024-08-21 09:00:00+09:00,1407.847412109375,1434.12723046875,1401.2774575195313,1421.9258862304687,1490500
2024-08-22 09:00:00+09:00,1412.5400390625,1418.640710327554,1396.5844372923586,1407.8472150124585,1228400
2024-08-23 09:00:00+09:00,1427.087890625,1432.2499974309437,1400.3387917214732,1400.3387917214732,1953500
2024-08-26 09:00:00+09:00,1415.824951171875,1434.596246513895,1406.4393035008648,1426.6184459935366,1370100
2024-08-27 09:00:00+09:00,1430.842041015625,1437.4119946313083,1416.2942865808973,1427.5570642077832,1014100
2024-08-28 09:00:00+09:00,1413.9478759765625,1428.0263480241222,1404.0929455432708,1418.1714175908305,1377800
2024-08-29 09:00:00+09:00,1423.8028564453125,1425.2107036995433,1403.1544300499288,1413.9479256656975,4383300
2024-08-30 09:00:00+09:00,1448.6749267578125,1452.898468818331,1426.618651552883,1430.3729111622329,1941000
2024-09-02 09:00:00+09:00,1465.56884765625,1479.1780364433237,1436.9426229661983,1450.082529381304,1924800
2024-09-03 09:00:00+09:00,1487.625244140625,1490.4409386090301,1457.1218873995713,1468.853947684592,1363000
2024-09-04 09:00:00+09:00,1402.6851806640625,1451.490553293391,1395.176661798012,1445.3898817147249,3500000
2024-09-05 09:00:00+09:00,1430.372802734375,1459.4683125012816,1395.1766215647299,1399.8694457206827,3136100
2024-09-06 09:00:00+09:00,1459.4683837890625,1511.0894520259747,1437.8813916172628,1438.3506740557802,4178700
2024-09-09 09:00:00+09:00,1499.82666015625,1505.9273318026928,1411.1322800656583,1424.741470661569,4162900
2024-09-10 09:00:00+09:00,1486.2174072265625,1517.190046594088,1466.9768282255238,1508.273680715558,2982000
2024-09-11 09:00:00+09:00,1487.625244140625,1508.2736702422615,1471.6696421529969,1506.3965405966583,3460600
2024-09-12 09:00:00+09:00,1507.804443359375,1529.3914350788057,1495.6031002136097,1501.7037717864923,2503400
2024-09-13 09:00:00+09:00,1494.1951904296875,1518.5978757005241,1482.4631302033238,1499.3572969292875,2363500
2024-09-17 09:00:00+09:00,1466.9769287109375,1514.8437382849988,1440.22782924308,1513.9051733913898,2022300
2024-09-18 09:00:00+09:00,1527.0450439453125,1527.5143263804525,1475.8932585150608,1486.6867545232792,3618000
2024-09-19 09:00:00+09:00,1528.452880859375,1543.939201113707,1512.4972781730935,1530.7992930191222,2348600
2024-09-20 09:00:00+09:00,1493.2567138671875,1539.246392672651,1488.563889499283,1529.3914615000517,3169400
2024-09-24 09:00:00+09:00,1517.659423828125,1537.8385689192223,1495.6031489611114,1508.2737749485448,2106500
2024-09-25 09:00:00+09:00,1508.2738037109375,1531.2686439044148,1495.1338950289505,1531.2686439044148,1678900
2024-09-26 09:00:00+09:00,1574.911865234375,1574.911865234375,1504.519499386593,1524.2293618239719,2819100
2024-09-27 09:00:00+09:00,1563.478759765625,1578.2465359852272,1538.2306262288857,1556.8094414729014,2193600
2024-09-30 09:00:00+09:00,1488.6871337890625,1532.037703125,1477.730396484375,1505.3604296875,3094000
2024-10-01 09:00:00+09:00,1521.0809326171875,1522.510072234429,1487.734341548223,1495.8327993792573,1924900
2024-10-02 09:00:00+09:00,1523.939208984375,1542.9944038450737,1507.7422933527812,1515.8407511685782,2175000
2024-10-03 09:00:00+09:00,1523.462890625,1579.67571773374,1520.604611280488,1561.0969019944105,1626600
2024-10-04 09:00:00+09:00,1577.2938232421875,1589.2033205484558,1527.2739345558603,1530.1322139093645,2819800
2024-10-07 09:00:00+09:00,1582.533935546875,1592.5379128636976,1555.3802828297853,1575.3882374634304,1792100
2024-10-08 09:00:00+09:00,1583.01025390625,1612.545804836791,1562.5259201963586,1563.4786799037954,1676600
2024-10-09 09:00:00+09:00,1561.5732421875,1607.3057105371036,1554.4275440078745,1600.6363922361197,1257800
2024-10-10 09:00:00+09:00,1552.52197265625,1578.7228651067237,1548.710933754363,1561.5731900482317,1003700
2024-10-11 09:00:00+09:00,1543.4708251953125,1570.1480987172067,1543.4708251953125,1553.9511826503424,973700
2024-10-15 09:00:00+09:00,1539.183349609375,1562.0495832154566,1519.6517750708467,1559.66768388149,1577300
2024-10-16 09:00:00+09:00,1537.2779541015625,1572.0536871816412,1534.419674670323,1548.2346919213132,1203400
2024-10-17 09:00:00+09:00,1660.183837890625,1667.329535901632,1586.3449584435527,1595.872555791562,6290500
2024-10-18 09:00:00+09:00,1631.1246337890625,1668.7586425709947,1627.7899747830684,1667.3295029969972,2827500
2024-10-21 09:00:00+09:00,1563.478759765625,1625.4081439123438,1559.19134086316,1624.4553841562404,3042800
2024-10-22 09:00:00+09:00,1572.530029296875,1584.439526640838,1546.8055150339148,1552.0456938652585,1578500
2024-10-23 09:00:00+09:00,1563.0023193359375,1590.6323511925314,1557.2857610207802,1561.0967998975518,1233300
2024-10-24 09:00:00+09:00,1531.561279296875,1549.1873344551905,1521.557302044858,1549.1873344551905,1362600
2024-10-25 09:00:00+09:00,1532.990478515625,1552.522053910013,1523.462880762265,1533.943238290961,1567500
2024-10-28 09:00:00+09:00,1543.4708251953125,1560.6205010308158,1509.647853408625,1526.321149359809,1528900
2024-10-29 09:00:00+09:00,1571.100830078125,1571.100830078125,1549.1873557956528,1552.5220149255942,1114300
2024-10-30 09:00:00+09:00,1629.21923828125,1645.4161546852156,1598.2545451560215,1600.636444627193,4032700
2024-10-31 09:00:00+09:00,1632.5538330078125,1651.1326481485492,1615.8805373686898,1624.9317550013564,2852800
2024-11-01 09:00:00+09:00,1557.285888671875,1628.2664935700425,1553.4748494827115,1601.1128393472536,3264600
2024-11-05 09:00:00+09:00,1534.8958740234375,1547.281750101839,1509.6477420174654,1545.3762307051618,2076100
2024-11-06 09:00:00+09:00,1512.02978515625,1538.7070592484838,1507.2659862112082,1530.6086010419128,2493800
2024-11-07 09:00:00+09:00,1562.5260009765625,1565.3842802466415,1520.1281918037228,1526.3211302222276,2444700
2024-11-08 09:00:00+09:00,1571.100830078125,1595.8725836148328,1557.2858136826533,1595.8725836148328,1440100
2024-11-11 09:00:00+09:00,1572.053466796875,1579.6755442116478,1554.9037926136364,1571.1007071200283,854600
2024-11-12 09:00:00+09:00,1586.8214111328125,1603.9710871462562,1571.1008747871558,1582.5339921294515,1579100
2024-11-13 09:00:00+09:00,1553.951171875,1598.254500809511,1547.7582334217886,1587.2977635461373,1378400
2024-11-14 09:00:00+09:00,1419.612060546875,1477.730406649801,1403.41514441983,1476.7776468776217,7560200
2024-11-15 09:00:00+09:00,1461.0570068359375,1492.4980770841187,1440.5726731893951,1448.194750825318,4677600
2024-11-18 09:00:00+09:00,1467.25,1481.0650162337663,1448.6711850649351,1459.1515422077923,2118000
2024-11-19 09:00:00+09:00,1453.43505859375,1472.0138744853123,1435.3326225968433,1472.0138744853123,1807400
2024-11-20 09:00:00+09:00,1403.4150390625,1452.9585434964783,1398.1748607089062,1452.9585434964783,2043800
2024-11-21 09:00:00+09:00,1353.395263671875,1391.9820346530162,1345.296805564722,1391.50565476436,4084000
2024-11-22 09:00:00+09:00,1321.00146484375,1351.013398592454,1318.6195653398845,1336.2456216684884,5324300
2024-11-25 09:00:00+09:00,1302.8990478515625,1340.5330605682987,1302.8990478515625,1334.8165016746173,5377800
2024-11-26 09:00:00+09:00,1308.615478515625,1325.7651535161938,1301.4697805987214,1309.5682382378789,3326400
2024-11-27 09:00:00+09:00,1328.147216796875,1335.2929155959973,1301.4699412801515,1311.4739195989227,3024500
2024-11-28 09:00:00+09:00,1380.072509765625,1384.3599286775652,1325.7652035477163,1327.670723064134,3780200
2024-11-29 09:00:00+09:00,1406.2733154296875,1423.8993698574986,1376.7377647668688,1407.2260751284882,5998000
2024-12-02 09:00:00+09:00,1457.24609375,1466.77369161695,1417.7065626021576,1429.1396800424975,4564400
2024-12-03 09:00:00+09:00,1444.3839111328125,1463.9154877675242,1438.667352117775,1460.1044484241656,3241000
2024-12-04 09:00:00+09:00,1422.47021484375,1433.9033311050528,1405.320540451796,1429.1395326628433,2450200
2024-12-05 09:00:00+09:00,1383.883544921875,1427.2341137989458,1372.9268077331649,1423.8994546545557,2293300
2024-12-06 09:00:00+09:00,1371.0213623046875,1409.6081344890792,1368.1630828836214,1396.269497190771,1955900
2024-12-09 09:00:00+09:00,1366.257568359375,1390.07656362366,1362.9229090223753,1379.5962057073746,1763400
2024-12-10 09:00:00+09:00,1361.017333984375,1370.0685518162627,1354.8243954678203,1362.4464736420414,1562500
2024-12-11 09:00:00+09:00,1343.8675537109375,1374.832243888609,1342.4384141642759,1365.781026759751,1609300
2024-12-12 09:00:00+09:00,1360.5408935546875,1381.0252277363581,1349.107776802127,1352.9188157196472,2302600
2024-12-13 09:00:00+09:00,1347.6787109375,1370.5449456935976,1338.6274930132113,1352.4425098450204,1930200
2024-12-16 09:00:00+09:00,1339.580322265625,1352.4425799829692,1334.8165231110531,1343.3913615892825,1148000
2024-12-17 09:00:00+09:00,1333.8636474609375,1359.58816066197,1333.8636474609375,1335.2927870832173,1460600
2024-12-18 09:00:00+09:00,1338.62744140625,1351.9660778330738,1323.8596653622665,1333.8636426823844,1826100
2024-12-19 09:00:00+09:00,1310.9974365234375,1328.6234921743703,1307.1863974637763,1319.5722744076752,1861200
2024-12-20 09:00:00+09:00,1270.0286865234375,1307.6626948637795,1263.8357484421153,1305.2807956017325,4733900
2024-12-23 09:00:00+09:00,1302.8990478515625,1304.8045674827897,1263.835895411406,1270.0288342128943,3134200
2024-12-24 09:00:00+09:00,1327.670654296875,1335.2927319677576,1296.229583904484,1303.3752817209365,1904200
2024-12-25 09:00:00+09:00,1310.044677734375,1325.7652138671874,1293.84776171875,1325.7652138671874,1416400
2024-12-26 09:00:00+09:00,1318.6195068359375,1318.6195068359375,1302.4225909282707,1311.950188521016,1434800
2024-12-27 09:00:00+09:00,1351.0133056640625,1355.7771043441192,1331.4817310758303,1331.4817310758303,1733200
2024-12-30 09:00:00+09:00,1346.24951171875,1367.210225984718,1336.7219143251284,1358.6353883304582,1368000
2025-01-06 09:00:00+09:00,1346.725830078125,1363.8755046033505,1334.3399540321288,1361.9699852116587,1644500
2025-01-07 09:00:00+09:00,1336.721923828125,1346.24952128948,1323.3832873822278,1346.24952128948,1636700
2025-01-08 09:00:00+09:00,1342.914794921875,1376.2613843665474,1340.0565158266174,1344.343934469504,1759300
2025-01-09 09:00:00+09:00,1302.4224853515625,1339.5801129512047,1302.4224853515625,1339.5801129512047,1384900
2025-01-10 09:00:00+09:00,1291.4659423828125,1304.3282000162822,1287.178523171656,1301.4699205421778,1104500
2025-01-14 09:00:00+09:00,1252.8790283203125,1286.2256184276973,1244.3041908641278,1280.509060123574,2499600
2025-01-15 09:00:00+09:00,1260.0247802734375,1262.4066796690395,1250.4971826910296,1252.8790820866316,1363700
2025-01-16 09:00:00+09:00,1262.40673828125,1273.8398559109671,1252.4027603552477,1270.9815765035378,1061400
2025-01-17 09:00:00+09:00,1277.6507568359375,1287.6547336791718,1259.54832254818,1263.3593613456026,1673000
2025-01-20 09:00:00+09:00,1293.371337890625,1295.753237223757,1272.8870036256906,1276.2216626920754,814800
2025-01-21 09:00:00+09:00,1278.127197265625,1302.4225707507337,1272.8870186707977,1301.4698110062197,1176200
2025-01-22 09:00:00+09:00,1305.2808837890625,1314.3321015963588,1280.9855096747406,1287.1784481744696,1824500
2025-01-23 09:00:00+09:00,1280.985595703125,1299.564412450028,1275.269036704078,1298.6116526168535,1740500
2025-01-24 09:00:00+09:00,1292.418701171875,1321.4778758019834,1281.938343108557,1287.654902052185,2215000
2025-01-27 09:00:00+09:00,1305.7572021484375,1316.713938977848,1293.8477055947305,1312.4265202185136,1218400
2025-01-28 09:00:00+09:00,1260.9775390625,1290.0367116665093,1260.9775390625,1290.0367116665093,4389200
2025-01-29 09:00:00+09:00,1273.83984375,1276.698123130142,1250.0208489154825,1260.9775865393606,1325400
2025-01-30 09:00:00+09:00,1279.5562744140625,1280.5090341120626,1262.8829796990617,1264.3121192460617,1269500
2025-01-31 09:00:00+09:00,1284.796630859375,1290.9895697548782,1270.9816133232528,1275.7454124736398,2681100
2025-02-03 09:00:00+09:00,1226.67822265625,1271.9343124241504,1223.3435634101943,1271.9343124241504,4516300
2025-02-04 09:00:00+09:00,1215.721435546875,1230.012831732771,1209.0521173267903,1229.0600719870445,2912800
2025-02-05 09:00:00+09:00,1230.0128173828125,1230.0128173828125,1204.2883045483152,1218.103320700175,1684300
2025-02-06 09:00:00+09:00,1245.2569580078125,1252.879035792099,1237.6348802235261,1241.4459191156693,1813200
2025-02-07 09:00:00+09:00,1234.30029296875,1249.0680695345668,1231.9183935226504,1248.1153097561269,1155200
2025-02-10 09:00:00+09:00,1241.4459228515625,1245.2569617551744,1235.2529846331931,1238.111263810902,1091100
2025-02-12 09:00:00+09:00,1235.2530517578125,1245.2570294234176,1227.154593647561,1245.2570294234176,1442000
2025-02-13 09:00:00+09:00,1240.969482421875,1245.2569009791866,1232.8710251469531,1235.7293041851608,1069300
2025-02-14 09:00:00+09:00,1233.3475341796875,1249.0680705365548,1230.9656347316773,1240.4932325237182,1095400
2025-02-17 09:00:00+09:00,1236.6822509765625,1256.6902072712528,1233.3475915941142,1238.5877706236759,1242500
2025-02-18 09:00:00+09:00,1240.969482421875,1247.162420337992,1223.343428352927,1235.7293041851608,1101400
2025-02-19 09:00:00+09:00,1215.721435546875,1251.9263058844779,1215.721435546875,1241.4459486814876,1901100
2025-02-20 09:00:00+09:00,1209.5284423828125,1219.0560394082777,1203.8118841675334,1214.7686207468184,1585000
2025-02-21 09:00:00+09:00,1207.1466064453125,1228.5837008770563,1198.571768672615,1206.1938466927904,2670900
2025-02-25 09:00:00+09:00,1227.630859375,1227.630859375,1198.5716888581685,1202.382727614474,2211100
2025-02-26 09:00:00+09:00,1246.209716796875,1247.6388563803575,1223.8198633223135,1229.0600417950832,1960900
2025-02-27 09:00:00+09:00,1245.2569580078125,1253.831795515135,1233.3474614698648,1243.351438561741,1322300
2025-02-28 09:00:00+09:00,1255.260986328125,1269.5523827569082,1243.351489304139,1243.351489304139,2905500
2025-03-03 09:00:00+09:00,1292.418701171875,1299.0880199394408,1273.3635046931154,1275.7454042529603,2833200
2025-03-04 09:00:00+09:00,1282.8909912109375,1299.5642866778453,1280.032711988039,1289.5603093977006,2105000
2025-03-05 09:00:00+09:00,1276.2216796875,1293.847734987402,1260.5011438794793,1282.4146180361142,2051200
2025-03-06 09:00:00+09:00,1263.3594970703125,1284.3202127079799,1257.1665583591835,1276.6981342942827,1504200
2025-03-07 09:00:00+09:00,1279.5562744140625,1280.0326542630626,1250.9734834740611,1252.8790028700612,1499300
2025-03-10 09:00:00+09:00,1289.0838623046875,1291.9421413785337,1275.268846781097,1280.5090250831486,1489500
2025-03-11 09:00:00+09:00,1276.2216796875,1284.7965174009657,1241.4459489606663,1276.6980595604703,2798800
2025-03-12 09:00:00+09:00,1278.127197265625,1293.37135317785,1268.1232199482272,1270.0287394372554,2888900
2025-03-13 09:00:00+09:00,1281.4619140625,1281.4619140625,1262.8830982080624,1271.9343161884294,1995900
2025-03-14 09:00:00+09:00,1292.418701171875,1300.0407797633789,1274.3162645170532,1275.2690243409913,2663600
2025-03-17 09:00:00+09:00,1306.7099609375,1310.9973796937659,1282.4145879853263,1291.9421852214728,3104700
2025-03-18 09:00:00+09:00,1310.9974365234375,1320.0486542901328,1302.4225986392,1317.6667548778446,2783000
2025-03-19 09:00:00+09:00,1345.773193359375,1351.0133721653763,1311.4738411746405,1311.4738411746405,2640400
2025-03-21 09:00:00+09:00,1335.7691650390625,1361.493678203153,1335.7691650390625,1355.3007398488348,3027100
2025-03-24 09:00:00+09:00,1331.00537109375,1342.9148679718257,1318.6194943405512,1342.9148679718257,1337900
2025-03-25 09:00:00+09:00,1331.481689453125,1335.2927282780356,1312.4264953285722,1318.6194334190518,1546500
2025-03-26 09:00:00+09:00,1317.1903076171875,1340.0565408054788,1309.0918500296677,1336.721881798853,2460400
2025-03-27 09:00:00+09:00,1316.237548828125,1325.288766138199,1305.7571919427762,1319.5722078370998,1996500
2025-03-28 09:00:00+09:00,1298.7718505859375,1322.5446636896772,1289.5538210150996,1320.6040258852902,2271100
2025-03-31 09:00:00+09:00,1266.7513427734375,1276.9396913748324,1253.1668779715776,1274.9990535459954,2170800
2025-04-01 09:00:00+09:00,1281.791259765625,1314.2969427347002,1274.9990275034302,1289.0686514751194,2334300
2025-04-02 09:00:00+09:00,1235.7010498046875,1290.524064578119,1235.7010498046875,1290.524064578119,2162400
2025-04-03 09:00:00+09:00,1211.9283447265625,1217.7502583121184,1181.8484578678567,1183.7890957297086,3151200
2025-04-04 09:00:00+09:00,1199.79931640625,1221.6314915935857,1175.0561845272696,1198.3438380604275,2550300
2025-04-07 09:00:00+09:00,1115.381591796875,1141.5802024784894,1074.1430379461858,1090.6384594864614,4055200
2025-04-08 09:00:00+09:00,1160.50146484375,1178.4523654287077,1145.461521110407,1145.461521110407,2891000
2025-04-09 09:00:00+09:00,1140.124755859375,1151.2834236826795,1116.3519418010305,1138.184117977061,2536700
2025-04-10 09:00:00+09:00,1204.65087890625,1209.017313827779,1178.9374288128022,1204.1657194705247,2302400
2025-04-11 09:00:00+09:00,1198.8291015625,1202.7103774882385,1146.9170360557466,1180.878200405959,2471400
2025-04-14 09:00:00+09:00,1204.165771484375,1238.612092908787,1204.165771484375,1216.7799173581034,2240800
2025-04-15 09:00:00+09:00,1194.94775390625,1222.1166837555193,1194.462594444656,1215.809610754796,1623700
2025-04-16 09:00:00+09:00,1177.48193359375,1199.7992673165818,1171.6600204486635,1194.9476730290096,1065900
2025-04-17 09:00:00+09:00,1184.7593994140625,1194.4625885984528,1174.0858913112331,1184.2742399548429,1002900
2025-04-18 09:00:00+09:00,1189.1258544921875,1199.314203306686,1181.3633030144745,1192.03681129633,1376500
2025-04-21 09:00:00+09:00,1188.155517578125,1188.6406770381407,1172.1452553976112,1179.9078067578603,1422100
2025-04-22 09:00:00+09:00,1213.868896484375,1216.7798530706684,1178.4522580178045,1182.3335334661958,1713800
2025-04-23 09:00:00+09:00,1240.552734375,1249.7707640789988,1224.057312799423,1235.2159803358427,2168600
2025-04-24 09:00:00+09:00,1218.7205810546875,1243.9488733376666,1218.7205810546875,1233.2753650640987,1598400
2025-04-25 09:00:00+09:00,1244.4339599609375,1253.1668298554002,1221.6314663476182,1222.6017852247808,1855800
2025-04-28 09:00:00+09:00,1242.4932861328125,1268.2067356310706,1237.641691887858,1259.9590254146483,3063500
2025-04-30 09:00:00+09:00,1232.7901611328125,1261.4145686522284,1217.2650587494004,1260.9294092027467,4074600
2025-05-01 09:00:00+09:00,1289.5538330078125,1308.4750517765501,1228.9089010567302,1242.008206358164,4991600
2025-05-02 09:00:00+09:00,1294.890625,1304.108654926939,1276.939724615961,1283.7319571937055,2616400
2025-05-07 09:00:00+09:00,1283.7318115234375,1295.8607968930846,1270.6325073242188,1293.434999819155,2318400
2025-05-08 09:00:00+09:00,1273.058349609375,1283.7318571137218,1260.444204376965,1280.8209005216272,1312300
2025-05-09 09:00:00+09:00,1269.6622314453125,1280.8208983628679,1261.4145211149455,1270.1473908765106,1668400
2025-05-12 09:00:00+09:00,1280.3358154296875,1286.1577289519144,1270.6326262259763,1272.088104606533,1263300
2025-05-13 09:00:00+09:00,1262.3848876953125,1280.820946777719,1258.0184526494793,1276.939671181423,1989700
2025-05-14 09:00:00+09:00,1251.71142578125,1258.9888177916062,1235.2160038911095,1252.6817447159642,1371400
2025-05-15 09:00:00+09:00,1239.5823974609375,1248.315267580036,1234.2456434992662,1247.830108128975,1083900
2025-05-16 09:00:00+09:00,1240.552734375,1244.9191694979468,1234.2456614196324,1242.0082127493156,1104200
2025-05-19 09:00:00+09:00,1255.107421875,1257.0480595586105,1239.0971609852147,1244.9190740360457,1223400
2025-05-20 09:00:00+09:00,1217.750244140625,1262.8700739036042,1210.9580117031871,1261.4145955241534,4032700
2025-05-21 09:00:00+09:00,1233.2752685546875,1242.9784571349762,1221.6314422583412,1237.6417034158173,2209500
2025-05-22 09:00:00+09:00,1218.7205810546875,1235.7011623990004,1213.3838269179034,1225.5128135924126,1821500
2025-05-23 09:00:00+09:00,1205.135986328125,1213.868855794271,1194.9476386176216,1212.4133775499133,3338100
2025-05-26 09:00:00+09:00,1206.1063232421875,1206.1063232421875,1191.0663811583147,1196.4031348009792,2374700
2025-05-27 09:00:00+09:00,1210.9580078125,1212.4134861872747,1196.4032240647537,1206.591572688176,1452500
2025-05-28 09:00:00+09:00,1201.2547607421875,1217.7501815278233,1200.7696013073157,1216.77986265808,2146200
2025-05-29 09:00:00+09:00,1199.314208984375,1206.591601029183,1194.4626142878362,1201.2548468629905,2170000
2025-05-30 09:00:00+09:00,1203.6805419921875,1203.6805419921875,1191.5515562808596,1194.4625128515784,4115200
2025-06-02 09:00:00+09:00,1183.303955078125,1199.3142176929582,1181.3633171854178,1198.3438987466045,2436100
2025-06-03 09:00:00+09:00,1186.699951171875,1196.40313965243,1180.3928786595143,1196.40313965243,2132100
2025-06-04 09:00:00+09:00,1181.848388671875,1193.0070557241957,1180.8780697977602,1181.848388671875,1951400
2025-06-05 09:00:00+09:00,1178.9375,1191.0664866255142,1175.0562242798353,1176.0265432098765,2054600
2025-06-06 09:00:00+09:00,1178.452392578125,1187.185263334159,1177.4820736052325,1186.7001038477126,1650000
2025-06-09 09:00:00+09:00,1174.571044921875,1182.8187556875387,1168.2639719834262,1178.9374800331086,1875600
2025-06-10 09:00:00+09:00,1180.878173828125,1191.0665229038812,1174.5711005907522,1180.878173828125,1667600
2025-06-11 09:00:00+09:00,1162.4420166015625,1180.8780752955772,1162.4420166015625,1180.8780752955772,2767000
2025-06-12 09:00:00+09:00,1166.3232421875,1166.8084016060473,1138.1839959117617,1154.1942567238198,3098400
2025-06-13 09:00:00+09:00,1163.8974609375,1169.7193740393132,1148.8575187578158,1152.7387941590246,2843100
2025-06-16 09:00:00+09:00,1167.7786865234375,1186.6999032971867,1166.3232083100722,1170.204483545713,2946700
2025-06-17 09:00:00+09:00,1194.94775390625,1198.3438701374087,1169.234302441763,1174.085897057704,3611000
2025-06-18 09:00:00+09:00,1210.472900390625,1219.6909304938001,1190.0962022678168,1194.9477970589617,2614500
2025-06-19 09:00:00+09:00,1217.26513671875,1219.20577464098,1208.0471065881577,1213.3838608742901,1696700
2025-06-20 09:00:00+09:00,1209.5025634765625,1227.4534639373057,1205.1361282293547,1220.176071858626,2602300
2025-06-23 09:00:00+09:00,1186.21484375,1208.0470187883434,1185.244524859407,1205.1360621165643,2178600
2025-06-24 09:00:00+09:00,1187.1851806640625,1217.7502261817724,1185.7297023060762,1204.1657615072345,1908900
2025-06-25 09:00:00+09:00,1178.9375,1190.5813271604939,1174.085905349794,1190.5813271604939,1385500
2025-06-26 09:00:00+09:00,1217.750244140625,1218.235403600442,1177.9671684356324,1180.8781251945343,2594300
2025-06-27 09:00:00+09:00,1224.5423583984375,1241.0377784402547,1220.6610830944803,1229.3939525283838,3482600
2025-06-30 09:00:00+09:00,1249.28564453125,1256.5630366353155,1225.9979897982403,1231.3347440078885,3006400
2025-07-01 09:00:00+09:00,1248.3153076171875,1258.018496949618,1232.7902046852987,1245.4043508174584,2833700
2025-07-02 09:00:00+09:00,1229.8792724609375,1257.0482031346307,1229.3941129846216,1250.2559704662076,2512600
2025-07-03 09:00:00+09:00,1238.126953125,1250.7410991991576,1215.8096177630289,1222.1166908001078,1704000
2025-07-04 09:00:00+09:00,1275.9693603515625,1282.2764332354295,1240.552720311386,1243.9488364796223,3406200
2025-07-07 09:00:00+09:00,1261.41455078125,1278.395131272536,1259.4739130108173,1269.6622613055888,1867900
2025-07-08 09:00:00+09:00,1270.1474609375,1282.7616068444422,1254.6223582828018,1254.6223582828018,2539000
2025-07-09 09:00:00+09:00,1253.6519775390625,1278.880268108734,1253.1668181050304,1270.1473982961554,2206700
2025-07-10 09:00:00+09:00,1231.81982421875,1257.0481152228363,1221.1463164862519,1254.6223180109048,2659900
2025-07-11 09:00:00+09:00,1222.601806640625,1242.9785034179688,1222.601806640625,1235.215952264695,1919100
2025-07-14 09:00:00+09:00,1246.85986328125,1256.5630528787694,1225.512846166707,1229.8792814855908,1750500
2025-07-15 09:00:00+09:00,1245.8895263671875,1256.5630347706447,1240.0676126925744,1251.7114400418004,1515400
2025-07-16 09:00:00+09:00,1235.2159423828125,1250.7410445651574,1235.2159423828125,1246.374609576373,1526000
2025-07-17 09:00:00+09:00,1231.334716796875,1233.7605141112897,1215.8096139846214,1229.3940789453434,1677500
2025-07-18 09:00:00+09:00,1255.5927734375,1255.5927734375,1224.0574062530188,1231.3347986802066,2449300
2025-07-22 09:00:00+09:00,1264.8106689453125,1288.583481671941,1244.433972322488,1284.7022061247362,2815600
2025-07-23 09:00:00+09:00,1296.3460693359375,1308.4750557631075,1274.0287343099446,1274.5138937670315,2625600
2025-07-24 09:00:00+09:00,1311.385986328125,1318.1782185917557,1287.6131734054177,1296.346043458657,2006500
2025-07-25 09:00:00+09:00,1319.1485595703125,1326.9111108586999,1299.2570218938201,1310.4156893708769,1392800
2025-07-28 09:00:00+09:00,1318.17822265625,1323.5149765941296,1309.9305120249817,1312.3563092694724,1455200
2025-07-29 09:00:00+09:00,1312.3563232421875,1312.8414826962512,1294.4054234418322,1310.9008448799966,1565900
2025-07-30 09:00:00+09:00,1318.663330078125,1324.485243235203,1309.9304603425082,1320.603967797151,1509900
2025-07-31 09:00:00+09:00,1301.1976318359375,1353.5948519098679,1298.7718346102927,1320.6040096410968,3454600
2025-08-01 09:00:00+09:00,1299.2569580078125,1333.2181182245963,1289.0686099427774,1319.6336541378828,3279200
2025-08-04 09:00:00+09:00,1298.7718505859375,1318.6633880809034,1281.3061103464554,1289.5538210150996,1879800
2025-08-05 09:00:00+09:00,1322.0594482421875,1347.2877386306623,1306.049187034117,1307.0195058952122,3069300
2025-08-06 09:00:00+09:00,1328.8516845703125,1335.1587571878424,1313.8117421746647,1326.425887409724,1961300
2025-08-07 09:00:00+09:00,1373.0013427734375,1373.0013427734375,1324.0002347804632,1324.4853942655423,3377900
2025-08-08 09:00:00+09:00,1392.892822265625,1410.3585629836894,1376.8825599407328,1378.3380383339047,3359900
2025-08-12 09:00:00+09:00,1417.1507568359375,1439.4680915892593,1405.0217705569582,1406.962408361595,3691500
2025-08-13 09:00:00+09:00,1404.53662109375,1427.3391154603844,1400.170186002267,1415.6952885497626,2542900
2025-08-14 09:00:00+09:00,1424.4281005859375,1431.7054921080046,1397.2591722368868,1397.2591722368868,2633400
2025-08-15 09:00:00+09:00,1475.85498046875,1479.2510964658838,1427.8241970807137,1431.2203130778478,2979500
2025-08-18 09:00:00+09:00,1465.6666259765625,1503.0239017793415,1457.4189157343906,1490.8949161290886,2948600
2025-08-19 09:00:00+09:00,1494.7762451171875,1497.6872017775909,1462.755721852749,1471.9737512773602,2067800
2025-08-20 09:00:00+09:00,1486.528564453125,1522.4303639862617,1472.4589403117604,1507.8755803917468,1907000
2025-08-21 09:00:00+09:00,1492.835693359375,1492.835693359375,1472.4589955624645,1481.6770255182096,1836800
2025-08-22 09:00:00+09:00,1514.667724609375,1528.252188507217,1493.8058693376893,1498.6574635869185,2265300
2025-08-25 09:00:00+09:00,1497.687255859375,1545.7180424904336,1492.3505017892574,1541.8367668030753,1925600
2025-08-26 09:00:00+09:00,1472.944091796875,1506.9052533336937,1460.8151055337255,1495.746585971596,2480900
2025-08-27 09:00:00+09:00,1521.9451904296875,1527.7671038135436,1482.6472750886596,1492.350464061753,2732900
2025-08-28 09:00:00+09:00,1528.2523193359375,1530.192957201761,1506.90530281188,1510.7865785435267,1888800
2025-08-29 09:00:00+09:00,1510.3013916015625,1520.0045807541585,1496.2317673302985,1519.5194212965287,1511500
2025-09-01 09:00:00+09:00,1531.6484375,1539.8961484399747,1503.994347877732,1512.7272182847641,2061800
2025-09-02 09:00:00+09:00,1543.77734375,1556.3914892363293,1530.192879380107,1530.192879380107,1966000
2025-09-03 09:00:00+09:00,1513.2122802734375,1557.3617889316238,1503.9942509931568,1554.4508323167981,2343300
2025-09-04 09:00:00+09:00,1520.974853515625,1537.9554340173943,1509.3310268858402,1518.5490563010865,1627300
2025-09-05 09:00:00+09:00,1516.6083984375,1524.8561088576655,1509.3310068902952,1520.4896739293426,1238100
2025-09-08 09:00:00+09:00,1518.06396484375,1527.7671541364555,1508.3607755510448,1520.4897621669263,1400700
2025-09-09 09:00:00+09:00,1522.91552734375,1527.2819624332988,1512.7271788014693,1521.460048980567,1340200
2025-09-10 09:00:00+09:00,1542.8070068359375,1575.3126890554367,1518.549035030341,1522.9154699553483,2962000
2025-09-11 09:00:00+09:00,1545.2327880859375,1564.1540058992346,1528.252207997081,1550.5695418281496,3183000
2025-09-12 09:00:00+09:00,1530.6781005859375,1549.1141601175589,1525.8265059723528,1540.8664492744651,1803400
2025-09-16 09:00:00+09:00,1530.6781005859375,1541.3516087358234,1519.0342735133345,1528.252303279145,1571200
2025-09-17 09:00:00+09:00,1485.5582275390625,1504.4794459825712,1469.0628063319011,1503.9942865353016,2486300
2025-09-18 09:00:00+09:00,1469.5479736328125,1487.9840327275788,1453.5377117873577,1487.9840327275788,2047200
2025-09-19 09:00:00+09:00,1466.15185546875,1483.6175956397874,1462.2705798751863,1468.092493265532,4121000
2025-09-22 09:00:00+09:00,1475.85498046875,1488.9542850291236,1469.5479079026443,1470.0330673308063,1151100
2025-09-24 09:00:00+09:00,1470.033203125,1484.5879873143563,1465.1816083952144,1484.5879873143563,1193700
2025-09-25 09:00:00+09:00,1474.884765625,1483.132476485403,1466.1518953022205,1475.8550845497534,1354800
2025-09-26 09:00:00+09:00,1484.102783203125,1493.8059723708473,1470.5183183683139,1474.8847534937888,1756500
2025-09-29 09:00:00+09:00,1483.1163330078125,1487.5553243603467,1463.8807038134978,1481.6366692236345,1174600
2025-09-30 09:00:00+09:00,1459.441650390625,1482.623048690172,1448.0975618610596,1482.623048690172,1848600
2025-10-01 09:00:00+09:00,1476.7044677734375,1476.7044677734375,1450.5637407220038,1464.867157410524,1901100
2025-10-02 09:00:00+09:00,1439.712890625,1479.1705923207862,1424.91625248908,1474.7316008800103,1950000
2025-10-03 09:00:00+09:00,1460.4281005859375,1473.7450741475113,1447.1111270243637,1453.0297819406187,1729800
2025-10-06 09:00:00+09:00,1479.1705322265625,1529.9723210959644,1478.1840897242441,1529.479099844805,2423200
2025-10-07 09:00:00+09:00,1497.9129638671875,1511.229937862714,1483.6095473534738,1490.514644980784,1606700
2025-10-08 09:00:00+09:00,1496.4332275390625,1512.7095283000344,1491.5010151872527,1504.324767301958,1411700
2025-10-09 09:00:00+09:00,1510.2435302734375,1511.2299728144392,1490.021458182905,1495.4468921584137,1137900
2025-10-10 09:00:00+09:00,1464.3739013671875,1495.446840331867,1458.948467579704,1494.4603978250516,1353200
2025-10-14 09:00:00+09:00,1450.0704345703125,1474.7314963827328,1438.2331249003507,1442.178894790338,1640000
2025-10-15 09:00:00+09:00,1479.1705322265625,1479.1705322265625,1454.0162484174414,1459.934903431352,956500
2025-10-16 09:00:00+09:00,1496.926513671875,1504.8180537768997,1487.555309797158,1491.9943011062346,959200
2025-10-17 09:00:00+09:00,1477.1976318359375,1498.899366660906,1474.7315256058273,1480.6501805580915,1603500
2025-10-20 09:00:00+09:00,1485.5823974609375,1497.4197074008653,1476.2111937584946,1497.4197074008653,839400
2025-10-21 09:00:00+09:00,1476.211181640625,1489.0349339702796,1463.8806505544185,1483.1162790489004,1669000
2025-10-22 09:00:00+09:00,1494.46044921875,1500.8723257335498,1464.3739517262272,1465.853615537335,1010200
2025-10-23 09:00:00+09:00,1509.257080078125,1517.6418416341146,1494.4604420381434,1502.3519823261336,1575800
2025-10-24 09:00:00+09:00,1511.22998046875,1524.0537335667225,1504.8181039197639,1506.7909890117596,1483700
2025-10-27 09:00:00+09:00,1501.365478515625,1533.4248596271611,1500.3790360198855,1524.5468771655048,1436900
2025-10-28 09:00:00+09:00,1486.07568359375,1522.080836233094,1479.6638070963324,1511.7231895834198,1523700
2025-10-29 09:00:00+09:00,1465.3603515625,1494.460405666232,1458.4552539785636,1487.5553080822956,1452200
2025-10-30 09:00:00+09:00,1479.663818359375,1480.1570396321615,1455.989197265625,1456.9756398111979,1335000
2025-10-31 09:00:00+09:00,1494.46044921875,1519.121512737211,1491.994342866904,1510.7367511409343,2147500
2025-11-04 09:00:00+09:00,1555.619873046875,1585.2131490084514,1520.107941892983,1528.985924681456,3809200
2025-11-05 09:00:00+09:00,1530.465576171875,1545.262214033672,1497.4197516138615,1541.3164439371928,2038700
2025-11-06 09:00:00+09:00,1558.0859375,1568.4435838081672,1527.0129985754986,1532.438432355967,1751700
2025-11-07 09:00:00+09:00,1533.9180908203125,1546.7418433480707,1520.6011170414865,1538.8503033309887,1525300
2025-11-10 09:00:00+09:00,1529.4791259765625,1548.7147551004211,1524.053692121115,1538.8503299086988,1201500
2025-11-11 09:00:00+09:00,1558.5791015625,1558.5791015625,1533.918039828916,1538.850252175633,1973400
2025-11-12 09:00:00+09:00,1540.8232421875,1562.0317567246518,1530.465595553077,1546.7418974071704,2351500
2025-11-13 09:00:00+09:00,1571.8961181640625,1577.81477314303,1546.7418345034516,1548.7147194964407,1853800
2025-11-14 09:00:00+09:00,1564.004638671875,1564.004638671875,1540.8232391078327,1546.7418943156733,1524700
2025-11-17 09:00:00+09:00,1600.5029296875,1604.941920863829,1563.5113365514253,1572.3893189040832,2229700
2025-11-18 09:00:00+09:00,1571.4029541015625,1615.7928680592338,1564.4978563748136,1602.9691151381287,2113600
2025-11-19 09:00:00+09:00,1572.882568359375,1592.611418385833,1549.2079483276252,1571.896125858052,2726900
2025-11-20 09:00:00+09:00,1598.036865234375,1605.4351840549045,1572.8825812445746,1595.570758960865,2133600
2025-11-21 09:00:00+09:00,1614.806396484375,1620.7250515722835,1584.226678530181,1593.5978824193694,2986700
2025-11-25 09:00:00+09:00,1691.7489013671875,1698.653998923788,1619.7385982769224,1625.1640320713943,4434600
2025-11-26 09:00:00+09:00,1724.794677734375,1754.8811733997445,1702.106500675244,1726.2743414556228,3878000
2025-11-27 09:00:00+09:00,1702.1065673828125,1740.5778256429862,1698.160797304846,1734.1659492662907,1612600
2025-11-28 09:00:00+09:00,1718.3828125,1746.0032021383465,1699.6404052454075,1705.5590601679103,2015200
2025-12-01 09:00:00+09:00,1661.662353515625,1716.9031322611727,1661.662353515625,1716.9031322611727,2145600
2025-12-02 09:00:00+09:00,1647.3590087890625,1666.101416673489,1634.5352560260337,1661.169204072324,1455000
2025-12-03 09:00:00+09:00,1635.0284423828125,1650.811522369615,1616.7792561480721,1648.345416121677,1923000
2025-12-04 09:00:00+09:00,1612.83349609375,1628.616576177848,1608.3945048200974,1622.6979211463113,1639100
2025-12-05 09:00:00+09:00,1597.0504150390625,1624.6708051694477,1597.0504150390625,1608.887725094942,1512100
2025-12-08 09:00:00+09:00,1595.57080078125,1598.0369071193973,1576.3351713437016,1589.1589243020671,1169600
2025-12-09 09:00:00+09:00,1587.18603515625,1614.80642607258,1583.7334862917087,1612.833541007128,1094700
2025-12-10 09:00:00+09:00,1630.5894775390625,1632.562362569358,1588.1724493877136,1616.7792823269954,1634100
2025-12-11 09:00:00+09:00,1603.4622802734375,1646.3725289304014,1601.9826165266456,1642.4267589389565,1045400
2025-12-12 09:00:00+09:00,1609.8741455078125,1617.7656854367724,1595.5707293865728,1615.7928004545324,1753700
2025-12-15 09:00:00+09:00,1646.86572265625,1646.86572265625,1621.2182181404894,1628.616536750805,1606700
2025-12-16 09:00:00+09:00,1623.684326171875,1652.2911581639676,1614.8063438295014,1651.3047156814816,1478700
2025-12-17 09:00:00+09:00,1609.3809814453125,1617.2725216546673,1595.5707860789414,1612.3403090238205,1276800
2025-12-18 09:00:00+09:00,1636.014892578125,1648.3454238758197,1607.9012812193812,1623.6843612804303,1711700
2025-12-19 09:00:00+09:00,1654.75732421875,1659.1963155504843,1635.0284738554863,1637.9878014099759,1935700
2025-12-22 09:00:00+09:00,1633.0555419921875,1652.7843917897374,1633.0555419921875,1652.7843917897374,1105500
2025-12-23 09:00:00+09:00,1643.906494140625,1644.3997154109943,1630.0962985702868,1634.0420687332405,1137800
2025-12-24 09:00:00+09:00,1659.6895751953125,1681.8845323673152,1649.8251497855335,1676.9523196624257,1357600
2025-12-25 09:00:00+09:00,1673.992919921875,1674.4861411711154,1663.6352736878268,1667.0878224325097,667200
2025-12-26 09:00:00+09:00,1666.1014404296875,1681.884520978459,1662.1556702924945,1670.0472105668803,1132500
2025-12-29 09:00:00+09:00,1679.4183349609375,1689.2827598358917,1663.1420339172632,1663.1420339172632,1053300
2025-12-30 09:00:00+09:00,1656.2369384765625,1675.4725670056232,1652.2911685218835,1663.142035897251,1438700
2026-01-05 09:00:00+09:00,1671.0335693359375,1683.8573216389877,1655.7437108207623,1658.2098170328873,1793600
2026-01-06 09:00:00+09:00,1672.02001953125,1681.39122318054,1657.2233821902655,1659.6894884137628,2264700
2026-01-07 09:00:00+09:00,1654.2640380859375,1664.1284628807255,1640.4538433732343,1659.1962504833314,1444500
2026-01-08 09:00:00+09:00,1687.3099365234375,1689.7760428322997,1637.4945890844235,1638.9742528697407,1909100
2026-01-09 09:00:00+09:00,1694.708251953125,1705.0658984289737,1680.404835391239,1693.7218094316156,1915100
2026-01-13 09:00:00+09:00,1732.686279296875,1732.686279296875,1701.1201187859156,1718.3828628153465,1974500
2026-01-14 09:00:00+09:00,1754.8812255859375,1755.8676680961037,1727.2608353012797,1736.1388178927768,2414600
2026-01-15 09:00:00+09:00,1762.279541015625,1766.718532302818,1731.206602005274,1746.4964608833832,1578500
2026-01-16 09:00:00+09:00,1746.4964599609375,1757.3473275461226,1733.1794861063922,1752.4151150074022,1461300
2026-01-19 09:00:00+09:00,1756.36083984375,1766.7184859085403,1737.6184326788912,1744.0303088142375,1240300
2026-01-20 09:00:00+09:00,1734.6591796875,1754.8812514438798,1723.3150906534333,1748.9625962956711,1010300
2026-01-21 09:00:00+09:00,1733.6727294921875,1733.6727294921875,1708.025223963427,1709.5048877439322,1488800
2026-01-22 09:00:00+09:00,1760.306640625,1763.7591893737742,1734.1659143842812,1749.9489943786775,1513100
2026-01-23 09:00:00+09:00,1729.7269287109375,1755.8676550359103,1726.7676012024501,1746.0032300076186,1063000
2026-01-26 09:00:00+09:00,1701.1201171875,1722.3286312608727,1696.6811258698174,1717.3964186856697,1116500
2026-01-27 09:00:00+09:00,1653.7708740234375,1696.187902107546,1646.3725551715581,1689.2828045124586,2023900
2026-01-28 09:00:00+09:00,1670.5404052734375,1683.8573792747316,1652.2912186790718,1661.169201346601,1633000
2026-01-29 09:00:00+09:00,1681.3912353515625,1681.3912353515625,1643.413199234792,1670.0471466413583,1297700
2026-01-30 09:00:00+09:00,1699.147216796875,1704.07942932749,1674.9793753968613,1700.6268805560594,1672000
2026-02-02 09:00:00+09:00,1653.7708740234375,1717.3964161496003,1645.3861126579743,1706.5455485001771,2141200
2026-02-03 09:00:00+09:00,1684.84375,1684.84375,1653.7708119877047,1665.114900468384,1587200
2026-02-04 09:00:00+09:00,1689.2828369140625,1701.6133685703696,1672.0200925952327,1691.748943245324,1906700
2026-02-05 09:00:00+09:00,1709.0115966796875,1727.7540038005613,1687.8030833586986,1713.4505878398945,2686600
2026-02-06 09:00:00+09:00,1768.1982421875,1768.1982421875,1725.2879919586821,1726.274434492678,2343100
2026-02-09 09:00:00+09:00,1774.1168212890625,1784.4744674517176,1758.3337414221596,1775.5964850265848,1851500
2026-02-10 09:00:00+09:00,1783.488037109375,1785.9541433553782,1757.3473109017432,1779.5422671157703,2398100
2026-02-12 09:00:00+09:00,1855.005126953125,1861.9102244743544,1802.7236742923883,1802.7236742923883,3714000
2026-02-13 09:00:00+09:00,1837.742431640625,1866.3492649833938,1828.8644488790762,1862.40349486715,1836300
2026-02-16 09:00:00+09:00,1875.2271728515625,1880.1593852998833,1855.9915443031114,1868.3220754239135,1891900
2026-02-17 09:00:00+09:00,1899.8883056640625,1906.300182085047,1875.2272425064293,1881.6391189274138,1846000
2026-02-18 09:00:00+09:00,1941.31884765625,1941.31884765625,1896.4357137292382,1908.7662450278676,2108900
2026-02-19 09:00:00+09:00,1972.885009765625,1981.7629923095703,1944.2781771240234,1947.7307258911133,2590200
2026-02-20 09:00:00+09:00,1918.630615234375,1957.1018717866323,1862.403394119537,1953.1561018838368,3050800
2026-02-24 09:00:00+09:00,1909.259521484375,1930.9612571974499,1893.9696622319816,1923.5629382043562,1487800
2026-02-25 09:00:00+09:00,1881.1458740234375,1916.164583267188,1860.923802488314,1911.2323706976456,1435100
2026-02-26 09:00:00+09:00,1901.8612060546875,1912.7120739315556,1881.6391341023425,1893.9696657806016,1345300
2026-02-27 09:00:00+09:00,1986.6951904296875,1990.1477391717451,1917.6442155885366,1930.9611893079013,3190800
2026-03-02 09:00:00+09:00,1926.029052734375,1927.5087165392927,1889.5306788797416,1901.861210587388,2173000
2026-03-03 09:00:00+09:00,1838.7288818359375,1912.7120718239714,1838.7288818359375,1889.5306722943874,2662900
2026-03-04 09:00:00+09:00,1753.401611328125,1808.6423934571685,1727.2608840706312,1777.5694535095815,3038100
2026-03-05 09:00:00+09:00,1767.2117919921875,1807.1627144458205,1744.5236138086427,1792.8592977648902,2158000
2026-03-06 09:00:00+09:00,1758.333740234375,1758.333740234375,1722.3285893123248,1735.1523416955208,1582900
2026-03-09 09:00:00+09:00,1652.2911376953125,1669.553880924965,1622.6978635873368,1657.2233500466418,3374000
2026-03-10 09:00:00+09:00,1698.654052734375,1717.889682251402,1678.4319806780136,1691.748954959032,1982300
2026-03-11 09:00:00+09:00,1744.0303955078125,1757.347369681656,1723.3151023485002,1732.1930851310626,1541600
2026-03-12 09:00:00+09:00,1742.0574951171875,1743.0439376399038,1704.5726792539638,1712.464219435695,1900600
2026-03-13 09:00:00+09:00,1746.4964599609375,1773.1304076700285,1716.9031847286144,1723.808282282823,2326700
2026-03-16 09:00:00+09:00,1720.355712890625,1751.428651512216,1717.3963854028543,1747.9761027764837,1074500
2026-03-17 09:00:00+09:00,1733.179443359375,1744.5235319186424,1722.328576041815,1728.7404521840097,1227600
2026-03-18 09:00:00+09:00,1805.1898193359375,1805.1898193359375,1734.1659575915728,1736.1388426400274,1708200
2026-03-19 09:00:00+09:00,1740.0845947265625,1778.555852773238,1726.27439953032,1768.691427633065,2639400
2026-03-23 09:00:00+09:00,1694.2149658203125,1694.7081870621817,1654.2640452289165,1688.2963109178834,1907900
2026-03-24 09:00:00+09:00,1728.740478515625,1736.138797253923,1704.5726373038517,1721.342159777327,1784900
2026-03-25 09:00:00+09:00,1782.994873046875,1784.9677581069545,1757.840588530861,1768.1982350962785,2371600
2026-03-26 09:00:00+09:00,1797.2982177734375,1813.0812976221614,1767.70494305708,1803.7100939619816,2208800
2026-03-27 09:00:00+09:00,1819.0,1819.0,1781.5151843817787,1797.791485900217,2228000
2026-03-30 09:00:00+09:00,1822.5,1827.0,1768.0,1786.5,2281700
2026-03-31 09:00:00+09:00,1808.0,1846.0,1797.0,1817.0,2427100
2026-04-01 09:00:00+09:00,1885.5,1885.5,1834.0,1855.0,1938000
2026-04-02 09:00:00+09:00,1882.0,1917.0,1867.0,1898.5,1852700
2026-04-03 09:00:00+09:00,1911.0,1913.5,1878.5,1892.5,1305500
2026-04-06 09:00:00+09:00,1851.0,1908.5,1851.0,1898.0,1428500
2026-04-07 09:00:00+09:00,1853.5,1894.5,1850.0,1867.0,1140000
2026-04-08 09:00:00+09:00,1851.5,1936.0,1851.5,1935.0,1950500
2026-04-09 09:00:00+09:00,1829.0,1864.0,1816.5,1859.5,1848700
2026-04-10 09:00:00+09:00,1819.0,1852.5,1811.5,1849.0,1411900
2026-04-13 09:00:00+09:00,1813.0,1842.0,1799.0,1823.5,1016500
2026-04-14 09:00:00+09:00,1801.5,1833.0,1801.5,1825.5,1263600
2026-04-15 09:00:00+09:00,1805.5,1822.5,1798.0,1815.0,1260400
2026-04-16 09:00:00+09:00,1823.5,1824.0,1801.0,1806.0,988000
2026-04-17 09:00:00+09:00,1789.0,1816.0,1789.0,1816.0,1103000
2026-04-20 09:00:00+09:00,1764.5,1791.5,1759.0,1789.0,1341500
2026-04-21 09:00:00+09:00,1730.0,1771.5,1730.0,1758.0,1533500
2026-04-22 09:00:00+09:00,1708.5,1736.0,1701.0,1724.0,1855300
2026-04-23 09:00:00+09:00,1693.0,1703.0,1673.5,1695.0,1324300
2026-04-24 09:00:00+09:00,1713.5,1726.5,1704.0,1704.0,1305300
2026-04-27 09:00:00+09:00,1701.0,1714.0,1690.5,1700.5,1082600
2026-04-28 09:00:00+09:00,1750.0,1750.0,1706.0,1716.5,1497200
2026-04-30 09:00:00+09:00,1689.0,1739.0,1679.0,1729.5,2460300
2026-05-01 09:00:00+09:00,1708.5,1754.0,1706.0,1729.0,2704400
2026-05-07 09:00:00+09:00,1746.5,1749.0,1693.5,1700.5,2853600
2026-05-08 09:00:00+09:00,1751.5,1759.5,1722.0,1746.0,2055700
2026-05-11 09:00:00+09:00,1778.0,1784.0,1742.5,1746.5,1666100
2026-05-12 09:00:00+09:00,1830.5,1838.5,1779.0,1785.0,1802600
2026-05-13 09:00:00+09:00,1802.0,1849.5,1789.5,1832.5,1871000
2026-05-14 09:00:00+09:00,1795.0,1816.0,1784.0,1803.0,1161100
2026-05-15 09:00:00+09:00,1785.0,1815.5,1761.0,1792.0,1330500
2026-05-18 09:00:00+09:00,1716.5,1780.5,1716.5,1767.0,1273000
2026-05-19 09:00:00+09:00,1740.0,1744.5,1722.5,1732.0,1176300
2026-05-20 09:00:00+09:00,1694.5,1743.5,1688.5,1740.0,1187000
2026-05-21 09:00:00+09:00,1691.0,1722.0,1690.5,1713.0,864800
2026-05-22 09:00:00+09:00,1671.0,1703.0,1660.5,1697.0,1401400
2026-05-25 09:00:00+09:00,1658.0,1691.0,1653.0,1670.0,1010000
2026-05-26 09:00:00+09:00,1662.5,1665.0,1632.5,1650.5,1856400
2026-05-27 09:00:00+09:00,1665.5,1682.5,1648.5,1666.0,1829100
2026-05-28 09:00:00+09:00,1649.0,1675.0,1640.0,1675.0,1156000
2026-05-29 09:00:00+09:00,1639.0,1662.5,1631.5,1644.0,2217500
2026-06-01 09:00:00+09:00,1583.0,1628.5,1571.0,1626.0,1603000
2026-06-02 09:00:00+09:00,1577.5,1583.5,1540.5,1556.0,1155800
2026-06-03 09:00:00+09:00,1620.5,1654.5,1600.5,1611.0,1835700
2026-06-04 09:00:00+09:00,1610.5,1623.5,1598.0,1620.5,1625900
2026-06-05 09:00:00+09:00,1643.0,1660.0,1620.0,1627.0,1407700
2026-06-08 09:00:00+09:00,1650.0,1650.0,1625.0,1634.5,1507700
2026-06-09 09:00:00+09:00,1636.5,1659.0,1631.5,1651.0,1719900
2026-06-10 09:00:00+09:00,1649.0,1655.0,1631.0,1650.5,1015000
2026-06-11 09:00:00+09:00,1634.5,1668.5,1626.5,1665.0,1028800
2026-06-12 09:00:00+09:00,1637.5,1656.5,1618.5,1648.5,1418000
2026-06-15 09:00:00+09:00,1682.5,1691.5,1659.0,1661.0,1457700
2026-06-16 09:00:00+09:00,1651.0,1674.5,1650.0,1671.5,1112400
2026-06-17 09:00:00+09:00,1652.0,1673.0,1633.5,1662.0,930800
2026-06-18 09:00:00+09:00,1637.0,1666.5,1637.0,1651.0,918000
2026-06-19 09:00:00+09:00,1637.0,1642.5,1620.5,1637.0,1232800
2026-06-22 09:00:00+09:00,1638.5,1644.5,1623.5,1638.0,800600
2026-06-23 09:00:00+09:00,1619.0,1641.0,1615.5,1638.5,1034700
2026-06-24 09:00:00+09:00,1638.0,1642.5,1610.5,1616.0,921700
2026-06-25 09:00:00+09:00,1649.0,1663.0,1630.0,1651.5,1182600
2026-06-26 09:00:00+09:00,1664.0,1683.0,1651.5,1677.0,1353500
2026-06-29 09:00:00+09:00,1684.0,1684.0,1659.0,1664.0,1192700
2026-06-30 09:00:00+09:00,1642.5,1683.5,1641.0,1680.0,1493400
2026-07-01 09:00:00+09:00,1642.5,1645.0,1618.0,1642.5,1018800
2026-07-02 09:00:00+09:00,1639.0,1661.0,1525.0,1644.0,3873200
2026-07-03 09:00:00+09:00,1703.5,1719.0,1679.0,1679.0,2209600
2026-07-06 09:00:00+09:00,1720.5,1731.5,1700.0,1712.0,1205600
2026-07-07 09:00:00+09:00,1739.5,1746.5,1719.5,1720.0,1487900
2026-07-08 09:00:00+09:00,1749.5,1777.5,1713.0,1720.0,2158100
2026-07-09 09:00:00+09:00,1726.0,1769.5,1723.0,1767.5,1318200
2026-07-10 09:00:00+09:00,1713.5,1722.5,1697.0,1711.5,1378700
2026-07-13 09:00:00+09:00,1692.0,1716.0,1683.5,1713.5,1714200
2026-07-14 09:00:00+09:00,1734.0,1753.5,1702.5,1719.5,1675700
2026-07-15 09:00:00+09:00,1752.5,1791.0,1746.5,1754.0,1384400
2026-07-16 09:00:00+09:00,1767.0,1778.5,1739.5,1746.0,1057900
2026-07-17 09:00:00+09:00,1767.5,1775.0,1742.5,1760.5,1914600
2026-07-21 09:00:00+09:00,1781.5,1807.5,1774.0,1783.0,1685900
2026-07-22 09:00:00+09:00,1789.5,1789.5,1751.5,1774.0,1281700
2026-07-23 09:00:00+09:00,1779.0,1794.0,1767.5,1789.5,1265900
2026-07-24 09:00:00+09:00,1781.5,1787.5,1761.5,1769.5,1077600
2026-07-27 09:00:00+09:00,1842.5,1844.5,1797.0,1801.0,1658400
2026-07-28 09:00:00+09:00,1820.0,1844.0,1801.5,1842.5,1633800
2026-07-29 09:00:00+09:00,1838.5,1844.5,1801.5,1811.0,3157500
2026-07-30 09:00:00+09:00,1814.5,1829.5,1782.0,1810.0,3365000
2026-07-31 09:00:00+09:00,1779.0,1832.0,1779.0,1832.0,2385200
2026-08-03 09:00:00+09:00,1837.5,1852.5,1781.5,1820.0,2806200
2026-08-04 09:00:00+09:00,1830.0,1882.0,1814.0,1835.0,2033900
2026-08-05 09:00:00+09:00,1792.5,1853.5,1792.5,1822.0,1245300
2026-08-06 09:00:00+09:00,1799.5,1839.5,1788.5,1794.0,1169200
2026-08-07 09:00:00+09:00,1794.5,1834.0,1794.5,1815.5,1226300
2026-08-10 09:00:00+09:00,1802.5,1813.0,1781.0,1807.0,1064600
2026-08-12 09:00:00+09:00,1820.0,1837.5,1811.5,1827.5,1040000
2026-08-13 09:00:00+09:00,1858.5,1858.5,1827.5,1834.5,1512800
2026-08-14 09:00:00+09:00,1872.5,1876.5,1838.0,1850.5,1760600
2026-08-17 09:00:00+09:00,1855.0,1887.0,1851.5,1872.5,1101300
2026-08-18 09:00:00+09:00,1912.0,1912.0,1863.5,1873.5,2125600
2026-08-19 09:00:00+09:00,1873.5,1943.0,1862.5,1924.0,2169800
2026-08-20 09:00:00+09:00,1921.5,1947.5,1900.5,1907.5,2285100
2026-08-21 09:00:00+09:00,1963.5,1968.0,1913.0,1917.5,1602900
2026-08-24 09:00:00+09:00,1945.0,1956.5,1915.0,1954.0,1679100
2026-08-25 09:00:00+09:00,1953.5,1987.0,1953.5,1960.0,1518800
2026-08-26 09:00:00+09:00,1981.5,1991.5,1958.0,1966.0,1719200
2026-08-27 09:00:00+09:00,1960.0,1983.5,1949.5,1972.5,888800
2026-08-28 09:00:00+09:00,1968.0,1973.5,1928.0,1941.5,1308300
2026-08-31 09:00:00+09:00,2027.0,2038.5,1964.0,1966.0,2863200
2026-09-01 09:00:00+09:00,2192.5,2192.5,2029.0,2038.0,4246600
2026-09-02 09:00:00+09:00,2123.0,2189.0,2093.0,2188.0,3268400
2026-09-03 09:00:00+09:00,2210.0,2233.5,2123.5,2129.5,3053900
2026-09-04 09:00:00+09:00,2158.5,2208.0,2143.5,2205.0,2168900
