Date,Close,High,Low,Open,Volume
2019-08-29 09:00:00+09:00,1854.279541015625,1857.3406710874626,1834.3821955486806,1843.5655857641934,376900
2019-08-30 09:00:00+09:00,1884.12548828125,1887.9519007269876,1852.7489062262007,1870.350403476594,431100
2019-09-02 09:00:00+09:00,1879.53369140625,1881.829538749173,1864.9933249010714,1876.4725616156861,312000
2019-09-03 09:00:00+09:00,1887.9520263671875,1900.1965470084017,1870.3505279454423,1874.9422231858975,319800
2019-09-04 09:00:00+09:00,1873.411865234375,1888.71751772812,1868.0548868615645,1886.4216698540583,321200
2019-09-05 09:00:00+09:00,1880.2991943359375,1901.727105382501,1873.4116514995421,1875.707499111674,265400
2019-09-06 09:00:00+09:00,1838.208740234375,1876.4728688820514,1835.1476099425608,1876.4728688820514,375500
2019-09-09 09:00:00+09:00,1858.8714599609375,1858.8714599609375,1832.0865686070335,1838.2088294879259,254700
2019-09-10 09:00:00+09:00,1858.8714599609375,1868.054851282276,1848.157503419376,1851.2186338598221,299300
2019-09-11 09:00:00+09:00,1959.123291015625,1962.184421157837,1860.4018439292909,1860.4018439292909,783300
2019-09-12 09:00:00+09:00,1957.5927734375,2004.2750092387853,1955.2969257751417,1989.734640710516,846800
2019-09-13 09:00:00+09:00,1988.2037353515625,1991.2648650441747,1941.521507539228,1968.306392349584,623700
2019-09-17 09:00:00+09:00,1972.8985595703125,1995.0917551589623,1963.7151682922506,1978.2555378158486,650500
2019-09-18 09:00:00+09:00,1962.1846923828125,1989.7348674708708,1953.001300686793,1985.143171622861,580700
2019-09-19 09:00:00+09:00,2011.9281005859375,2041.008841484479,1984.3779249978456,1987.4390556187448,681900
2019-09-20 09:00:00+09:00,1960.654052734375,2020.3460964944381,1956.0623570605242,2020.3460964944381,730900
2019-09-24 09:00:00+09:00,1999.68310546875,2011.1623425839553,1977.4899137126865,1978.2551961870336,585700
2019-09-25 09:00:00+09:00,2005.0404052734375,2008.1015356631679,1975.9596665709983,1991.2653185196505,475900
2019-09-26 09:00:00+09:00,1998.152587890625,2033.3555825451515,1985.9080680107897,2032.5903000526619,659700
2019-09-27 09:00:00+09:00,1962.4713134765625,2001.255331529459,1932.2197793953032,1997.3769297241693,629000
2019-09-30 09:00:00+09:00,1912.0521240234375,1953.938864265736,1911.2764436485802,1932.2198137697294,645100
2019-10-01 09:00:00+09:00,1962.4713134765625,1974.8821992534893,1943.0793044501143,1943.854984811172,373200
2019-10-02 09:00:00+09:00,1988.068603515625,1998.1524473883144,1962.4711536849516,1964.7981945786491,450500
2019-10-03 09:00:00+09:00,1956.26611328125,1960.1445155676918,1938.4254627636178,1954.7147523666733,419800
2019-10-04 09:00:00+09:00,1984.9659423828125,1987.2929833469188,1945.4062459930026,1960.919852420379,415400
2019-10-07 09:00:00+09:00,1972.5552978515625,2000.4797928270468,1965.5741741076915,1988.068906171276,245200
2019-10-08 09:00:00+09:00,1961.6959228515625,1982.639295693394,1958.593200949069,1973.3311299859133,277700
2019-10-09 09:00:00+09:00,1970.2281494140625,1974.1065512829878,1936.0982129675197,1942.3036559578002,329800
2019-10-10 09:00:00+09:00,1969.4525146484375,1981.863400916407,1943.079381329002,1973.3309166071779,278900
2019-10-11 09:00:00+09:00,1989.6197509765625,1991.9467916209796,1968.6763851768092,1979.5359081840886,238700
2019-10-15 09:00:00+09:00,1999.7042236328125,2029.9557615388171,1993.498779959786,2022.9746374066622,342300
2019-10-16 09:00:00+09:00,2013.6663818359375,2023.7502273536059,1994.2743712250367,2015.2177426848095,700700
2019-10-17 09:00:00+09:00,1988.8448486328125,2016.7693472875633,1981.8637239691247,2015.2179862511882,382800
2019-10-18 09:00:00+09:00,1992.722900390625,2006.685147259847,1982.6390554295203,1996.6013022987422,273400
2019-10-21 09:00:00+09:00,2028.4041748046875,2033.8339374141071,2011.3392066036538,2012.8905673492022,427400
2019-10-23 09:00:00+09:00,2054.77734375,2057.8800652958666,2026.0771694507362,2036.161014474802,422300
2019-10-24 09:00:00+09:00,2072.617919921875,2078.8233627958925,2059.4313538145875,2059.4313538145875,270300
2019-10-25 09:00:00+09:00,2060.98291015625,2072.6181166494166,2050.899064528839,2065.6369927535166,281700
2019-10-28 09:00:00+09:00,2063.309814453125,2078.047741699219,2057.104371402138,2067.1882163599917,256600
2019-10-29 09:00:00+09:00,2054.00146484375,2067.9637104506937,2043.9176207942905,2054.7771451552467,375300
2019-10-30 09:00:00+09:00,2059.431396484375,2068.739560988259,2047.020510479196,2063.309798360993,482700
2019-10-31 09:00:00+09:00,2043.14208984375,2052.4502542621726,2027.6284824797124,2047.0204916847592,468100
2019-11-01 09:00:00+09:00,2082.701904296875,2092.01006923228,2036.9367600311336,2050.1233270229573,569100
2019-11-05 09:00:00+09:00,2092.785400390625,2097.4394820816347,2060.206828553558,2080.3745158812662,520000
2019-11-06 09:00:00+09:00,2067.188232421875,2085.804561719483,2050.1232638990678,2084.2532009446822,495600
2019-11-07 09:00:00+09:00,2064.861083984375,2074.169248149594,2048.571796695242,2056.3286001662577,359600
2019-11-08 09:00:00+09:00,2036.936767578125,2067.963984144433,2025.3015613657594,2067.963984144433,670000
2019-11-11 09:00:00+09:00,2033.05810546875,2055.5528346021315,2025.301302319308,2049.347392082578,331700
2019-11-12 09:00:00+09:00,2072.617919921875,2076.4963217181357,2031.5068608815084,2047.0204680665524,725400
2019-11-13 09:00:00+09:00,2051.675048828125,2079.5995485475246,2043.9182433505139,2074.169784713197,434700
2019-11-14 09:00:00+09:00,2005.1337890625,2057.1043746977757,1998.9283460015718,2026.8528397757495,1112600
2019-11-15 09:00:00+09:00,1995.82568359375,2027.62858022311,1994.2743227825615,2003.5824876496913,1000500
2019-11-18 09:00:00+09:00,2009.7879638671875,2010.5636442855077,1979.5364275527065,1991.171633827507,556700
2019-11-19 09:00:00+09:00,2010.563232421875,2012.890273200141,1974.1062602290401,1984.9657838609482,735800
2019-11-20 09:00:00+09:00,1985.7418212890625,2009.7879136562347,1967.9011721134186,1996.601346874237,580600
2019-11-21 09:00:00+09:00,2010.563232421875,2015.9929942378292,1964.0224168565537,1984.9657838609482,478900
2019-11-22 09:00:00+09:00,1973.3306884765625,2002.030859653305,1973.3306884765627,2001.255179351231,523800
2019-11-25 09:00:00+09:00,2011.33935546875,2020.6475206309656,1988.068942563211,1995.8257468650575,469100
2019-11-26 09:00:00+09:00,1998.9287109375,2030.7316124308788,1995.8259888405848,2009.7882382767025,614500
2019-11-27 09:00:00+09:00,2041.5911865234375,2052.450714111328,2015.9937286376953,2019.8721313476562,533100
2019-11-28 09:00:00+09:00,2032.28271484375,2050.1233646305463,2025.301591014134,2047.7963233540074,363500
2019-11-29 09:00:00+09:00,2036.160888671875,2056.3285774739584,2034.6095279947915,2040.8149707031248,438300
2019-12-02 09:00:00+09:00,2077.2724609375,2081.926544121079,2037.7127538770771,2047.0209202442356,498700
2019-12-03 09:00:00+09:00,2050.89892578125,2063.309811867672,2036.936678934025,2050.89892578125,392900
2019-12-04 09:00:00+09:00,2073.3935546875,2078.047636740671,2045.4690623684764,2054.0015461326225,437300
2019-12-05 09:00:00+09:00,2060.98291015625,2063.309951454883,2047.02066236445,2057.8801884247387,619900
2019-12-06 09:00:00+09:00,2072.617919921875,2090.4585681846756,2064.861116329353,2068.739518125614,476100
2019-12-09 09:00:00+09:00,2080.374755859375,2085.0288380872485,2050.123221378198,2061.7584269478816,412400
2019-12-10 09:00:00+09:00,2067.964111328125,2083.4777205653954,2063.310028556944,2076.4965964086236,340100
2019-12-11 09:00:00+09:00,2078.823486328125,2088.907331597627,2054.001713357043,2067.1882802479304,590300
2019-12-12 09:00:00+09:00,2088.131591796875,2102.0938386959624,2080.3747879640487,2089.6829525634403,464000
2019-12-13 09:00:00+09:00,2103.645263671875,2123.8129542528,2085.804614311826,2116.831830590172,804900
2019-12-16 09:00:00+09:00,2114.5048828125,2122.2616872248714,2082.701984721776,2102.0939957527053,575600
2019-12-17 09:00:00+09:00,2142.42919921875,2143.204879595006,2118.3831075548173,2123.8128701886085,526300
2019-12-18 09:00:00+09:00,2115.280517578125,2132.345486916856,2106.74803290876,2124.5886826719784,485600
2019-12-19 09:00:00+09:00,2105.19677734375,2124.588788925767,2099.767014100785,2124.588788925767,364600
2019-12-20 09:00:00+09:00,2092.785400390625,2116.055808845673,2091.2340398269553,2113.7287680001677,400900
2019-12-23 09:00:00+09:00,2078.823486328125,2092.7857336243587,2071.842362680008,2092.7857336243587,211400
2019-12-24 09:00:00+09:00,2055.552978515625,2078.0477092239094,2050.1232159308665,2067.1881840543924,284300
2019-12-25 09:00:00+09:00,2032.28271484375,2060.2072101622134,2029.9556735672113,2059.4315297367007,209400
2019-12-26 09:00:00+09:00,2043.14208984375,2045.4691309483555,2029.955523584318,2032.2825646889237,257100
2019-12-27 09:00:00+09:00,2069.51513671875,2078.0476204158663,2055.5528906689233,2066.412415374344,259400
2019-12-30 09:00:00+09:00,2053.225830078125,2072.617838295712,2049.3474284346075,2057.879912050346,267500
2020-01-06 09:00:00+09:00,2029.179931640625,2038.4880964646645,2015.2176844045657,2024.5258492286052,359700
2020-01-07 09:00:00+09:00,2051.675048828125,2076.49682635648,2048.5723266370806,2065.637298687825,482500
2020-01-08 09:00:00+09:00,2008.2366943359375,2017.5448597789778,1981.0878784604035,2015.2178184182178,437600
2020-01-09 09:00:00+09:00,2013.6663818359375,2034.6097532957103,2013.6663818359375,2032.2827120224022,279000
2020-01-10 09:00:00+09:00,1981.863525390625,2003.582577723673,1981.863525390625,2001.2555364022749,363400
2020-01-14 09:00:00+09:00,1995.050048828125,2001.2554922148377,1967.125553587918,1980.3121207846825,432000
2020-01-15 09:00:00+09:00,1988.8448486328125,1989.620529151,1975.6582798236245,1981.8637239691247,497800
2020-01-16 09:00:00+09:00,1994.2740478515625,1997.3767690461975,1976.4334009824122,1988.8442857609516,470400
2020-01-17 09:00:00+09:00,1981.0882568359375,2006.6857166932539,1975.6584926237795,2006.6857166932539,490300
2020-01-20 09:00:00+09:00,1995.82568359375,2003.5824876496913,1986.51751872662,1989.6202403489967,267700
2020-01-21 09:00:00+09:00,1988.8448486328125,2012.8909446966256,1977.985321378187,1999.704375887438,364200
2020-01-22 09:00:00+09:00,1981.0882568359375,1981.0882568359375,1969.4530478098845,1971.0044090133583,385400
2020-01-23 09:00:00+09:00,1968.676513671875,1973.3305952644798,1948.5088267705871,1962.4710715484018,563700
2020-01-24 09:00:00+09:00,1972.5552978515625,1981.8634628433906,1966.3498545236773,1976.433699931491,302000
2020-01-27 09:00:00+09:00,1942.30419921875,1951.6123663076578,1937.650115674296,1939.2014768557808,360700
2020-01-28 09:00:00+09:00,1932.995849609375,1940.7526547843725,1916.7065587418804,1924.4633639168778,402400
2020-01-29 09:00:00+09:00,1938.42529296875,1944.6307360834958,1930.6684890753174,1933.7712106326906,397900
2020-01-30 09:00:00+09:00,1930.6685791015625,1949.2849093138716,1922.1360944209207,1946.18218761182,362700
2020-01-31 09:00:00+09:00,1922.9119873046875,1946.9580831523863,1916.7065432149589,1946.9580831523863,661600
2020-02-03 09:00:00+09:00,1922.9119873046875,1942.3040000850897,1843.0168946494302,1845.3439361830785,872900
2020-02-04 09:00:00+09:00,1914.379150390625,1943.0793240391067,1912.8277896528691,1933.771159612572,606200
2020-02-05 09:00:00+09:00,1940.75244140625,1949.284926160634,1925.2388327619155,1933.7713175162996,480400
2020-02-06 09:00:00+09:00,1981.0882568359375,1997.3775494724114,1967.126006004674,1967.9016866064107,554800
2020-02-07 09:00:00+09:00,1967.125244140625,1977.984768359067,1959.3684411274521,1969.452285044577,379300
2020-02-10 09:00:00+09:00,1948.50927734375,1961.6958449053916,1946.1822360093427,1954.7147209021696,248100
2020-02-12 09:00:00+09:00,1957.8173828125,1980.3121150238956,1953.1633002860042,1977.2093933395652,567600
2020-02-13 09:00:00+09:00,1962.4713134765625,1976.4335599756052,1941.5279437279983,1943.854984811172,524500
2020-02-14 09:00:00+09:00,1986.5177001953125,1988.0690611482178,1967.9013687604481,1971.004090666259,418800
2020-02-17 09:00:00+09:00,1961.6959228515625,1977.9852128396537,1953.163437619705,1977.9852128396537,315300
2020-02-18 09:00:00+09:00,1965.5743408203125,1974.1068261198484,1946.9580092576894,1958.5932164843289,312900
2020-02-19 09:00:00+09:00,1964.02294921875,1984.9663218999924,1964.02294921875,1984.9663218999924,349900
2020-02-20 09:00:00+09:00,1959.3687744140625,1968.6769396131792,1954.7146918145042,1964.7985374468806,254400
2020-02-21 09:00:00+09:00,1964.798583984375,1976.433790758858,1961.6958621778463,1961.6958621778463,293000
2020-02-25 09:00:00+09:00,1886.45458984375,1921.360205198589,1886.4545898437498,1903.51955735056,571800
2020-02-26 09:00:00+09:00,1867.838623046875,1871.7170255033677,1856.2034156773968,1867.838623046875,519800
2020-02-27 09:00:00+09:00,1827.5030517578125,1859.3059486687082,1821.2976084581255,1847.670742481795,627800
2020-02-28 09:00:00+09:00,1796.4757080078125,1798.8027490803615,1761.5700919195779,1791.8216258627147,1022700
2020-03-02 09:00:00+09:00,1774.7564697265625,1785.6159935797843,1728.215653212754,1755.364462845809,884800
2020-03-03 09:00:00+09:00,1738.300048828125,1801.1301710749246,1738.3000488281248,1799.5788100317936,640900
2020-03-04 09:00:00+09:00,1725.888916015625,1744.505245896243,1703.394184076545,1722.7861943688554,751900
2020-03-05 09:00:00+09:00,1756.140625,1770.87855427341,1737.524293286219,1758.4676664642227,683700
2020-03-06 09:00:00+09:00,1725.888916015625,1747.6079675430126,1713.4780294285463,1730.5429984857794,610000
2020-03-09 09:00:00+09:00,1620.396240234375,1708.0481191939177,1614.9664778209522,1696.412914022297,752200
2020-03-10 09:00:00+09:00,1632.807373046875,1639.7884972071704,1546.7068417365647,1601.0044740944181,775700
2020-03-11 09:00:00+09:00,1670.0399169921875,1675.4696798435323,1616.5179688860746,1622.7234121447545,693200
2020-03-12 09:00:00+09:00,1607.209716796875,1632.807168850107,1566.0986574386538,1631.2558081196082,670600
2020-03-13 09:00:00+09:00,1567.6502685546875,1601.7802100769072,1482.325414749138,1539.7257709455985,1483600
2020-03-16 09:00:00+09:00,1506.3712158203125,1570.7526838497079,1495.5116910924628,1562.9958804726723,1051900
2020-03-17 09:00:00+09:00,1608.76123046875,1618.845076175642,1461.3819470603303,1481.5496384741139,1154500
2020-03-18 09:00:00+09:00,1580.06103515625,1711.926708193345,1573.8555917192102,1640.5641086673877,1039500
2020-03-19 09:00:00+09:00,1528.865966796875,1614.9664854749335,1520.3334829639143,1585.4906322337963,1336300
2020-03-23 09:00:00+09:00,1587.0421142578125,1597.125959558571,1466.811651056463,1512.576795113751,1127600
2020-03-24 09:00:00+09:00,1587.0421142578125,1639.7883819848562,1552.9121763167843,1613.4152481213343,708800
2020-03-25 09:00:00+09:00,1674.69384765625,1743.7293976522694,1642.115273500825,1675.469527993284,1019900
2020-03-26 09:00:00+09:00,1709.599609375,1724.3375370420258,1647.545177092786,1683.226475655059,795400
2020-03-27 09:00:00+09:00,1798.02734375,1798.0273437499998,1709.599769467213,1748.383793275453,923400
2020-03-30 09:00:00+09:00,1838.281494140625,1843.8065995330614,1724.6221832105048,1788.5555456086975,1043400
2020-03-31 09:00:00+09:00,1719.0970458984375,1831.1777532067838,1714.361241364282,1814.6024373372395,1163600
2020-04-01 09:00:00+09:00,1653.5850830078125,1738.8295646139434,1634.641864873117,1700.1538275889395,824200
2020-04-02 09:00:00+09:00,1614.1202392578125,1650.428078380482,1610.1737350053484,1625.170451164712,529400
2020-04-03 09:00:00+09:00,1596.7554931640625,1666.2139624663055,1593.5982900139606,1622.8024191524037,609500
2020-04-06 09:00:00+09:00,1625.1705322265625,1639.3779482440846,1565.9729654868868,1578.6017797246843,556000
2020-04-07 09:00:00+09:00,1665.4244384765625,1690.6820602923208,1625.9594043894404,1633.0631105251223,536900
2020-04-08 09:00:00+09:00,1670.94970703125,1696.996632081808,1651.2171880535548,1660.6887971628485,554300
2020-04-09 09:00:00+09:00,1670.1602783203125,1689.8927957862898,1651.2170615529744,1689.1034950876508,442800
2020-04-10 09:00:00+09:00,1703.3111572265625,1706.4683604837016,1642.5349945266341,1671.7391246551713,407500
2020-04-13 09:00:00+09:00,1673.317626953125,1690.6822438366007,1657.5316116045105,1679.6320330925707,360200
2020-04-14 09:00:00+09:00,1683.57861328125,1695.4181253296413,1666.213995610276,1678.0535076586673,441500
2020-04-15 09:00:00+09:00,1690.682373046875,1701.7325846354165,1657.53173828125,1665.4247465587798,635600
2020-04-16 09:00:00+09:00,1717.518798828125,1730.1476135253906,1687.5253639221191,1687.5253639221191,564100
2020-04-17 09:00:00+09:00,1729.3580322265625,1747.511950410593,1690.6822934866714,1729.3580322265625,722200
2020-04-20 09:00:00+09:00,1706.4683837890625,1726.990205240735,1691.4716681128402,1720.6757986402201,313800
2020-04-21 09:00:00+09:00,1658.3209228515625,1681.9999460241218,1645.6921104928642,1669.3711336654235,656700
2020-04-22 09:00:00+09:00,1670.1602783203125,1681.21048810126,1655.1635650461699,1675.6853832107863,499500
2020-04-23 09:00:00+09:00,1721.4652099609375,1721.4652099609375,1664.6355469085818,1674.896458293035,539100
2020-04-24 09:00:00+09:00,1700.154052734375,1714.361468216835,1691.4717432728717,1703.3112561749217,892400
2020-04-27 09:00:00+09:00,1701.7325439453125,1723.043665785073,1691.4716334298723,1721.465064167313,704800
2020-04-28 09:00:00+09:00,1723.832763671875,1751.458288730719,1704.1002457727006,1736.4615751273466,593500
2020-04-30 09:00:00+09:00,1704.8897705078125,1753.0371205082645,1701.7325672290942,1744.3548114917896,806000
2020-05-01 09:00:00+09:00,1567.551513671875,1594.3877430096616,1547.0296912370973,1547.0296912370973,1861900
2020-05-07 09:00:00+09:00,1538.34716796875,1582.5480101474316,1527.2969574240797,1567.5512958368074,1161800
2020-05-08 09:00:00+09:00,1560.447509765625,1576.2335240272903,1551.765201921709,1562.0261111917914,683600
2020-05-11 09:00:00+09:00,1580.1802978515625,1588.0733063323394,1548.6082639284543,1554.9226707130758,644000
2020-05-12 09:00:00+09:00,1591.2303466796875,1602.2805574205188,1582.548038240463,1592.0196474468898,371000
2020-05-13 09:00:00+09:00,1562.0263671875,1577.812384036287,1555.711960447985,1571.4979772967722,625200
2020-05-14 09:00:00+09:00,1528.875732421875,1565.183571188734,1528.875732421875,1554.9226602328827,572300
2020-05-15 09:00:00+09:00,1511.510986328125,1528.875603403435,1502.82867779047,1523.3504979703819,982900
2020-05-18 09:00:00+09:00,1488.6214599609375,1508.3539819646614,1479.939150279299,1502.0395749234697,921600
2020-05-19 09:00:00+09:00,1498.0928955078125,1517.825415206282,1488.621286052547,1515.4575128424658,779000
2020-05-20 09:00:00+09:00,1525.7181396484375,1526.5074402897455,1489.4103101482676,1495.724715278732,819400
2020-05-21 09:00:00+09:00,1518.6148681640625,1524.1399742332665,1513.0897620948585,1518.6148681640625,540500
2020-05-22 09:00:00+09:00,1496.514404296875,1522.5613322197635,1486.253493296949,1513.0897220659858,714400
2020-05-25 09:00:00+09:00,1528.086181640625,1528.086181640625,1508.3536637991913,1523.350377358681,594500
2020-05-26 09:00:00+09:00,1564.3944091796875,1565.1837100924924,1528.8758681034583,1534.400974493094,600000
2020-05-27 09:00:00+09:00,1596.7554931640625,1601.4912978892155,1560.44765693789,1566.762063238094,983700
2020-05-28 09:00:00+09:00,1592.0198974609375,1614.909623304451,1579.3910832024471,1607.0166143928948,1048900
2020-05-29 09:00:00+09:00,1604.6485595703125,1620.4345758966313,1594.3876489582053,1602.2806571213646,1617500
2020-06-01 09:00:00+09:00,1588.8624267578125,1606.2270434436903,1579.3908176564246,1604.6484419267922,523400
2020-06-02 09:00:00+09:00,1593.59814453125,1599.1232495395307,1574.654927360002,1593.59814453125,851600
2020-06-03 09:00:00+09:00,1580.969482421875,1617.2773187630664,1577.0229784717455,1612.541514022911,909600
2020-06-04 09:00:00+09:00,1563.604736328125,1584.1265551794786,1551.765225452344,1577.812149379062,791500
2020-06-05 09:00:00+09:00,1605.437744140625,1607.8056464181184,1568.3406084598928,1569.9192099782217,799600
2020-06-08 09:00:00+09:00,1622.8026123046875,1634.6421255267549,1607.8058955567355,1615.698904371447,716900
2020-06-09 09:00:00+09:00,1622.8026123046875,1643.3244352229374,1596.7556832161395,1641.745833459995,659400
2020-06-10 09:00:00+09:00,1664.635498046875,1670.1606040147879,1609.3844383677467,1616.4881460407776,983200
2020-06-11 09:00:00+09:00,1634.6419677734375,1659.1102927376946,1620.4345532780624,1652.7958862953058,1075600
2020-06-12 09:00:00+09:00,1612.5413818359375,1626.7487948917608,1604.6483745827024,1618.0664869132022,1146100
2020-06-15 09:00:00+09:00,1577.8123779296875,1617.2774198989143,1577.8123779296875,1609.3844115050688,637100
2020-06-16 09:00:00+09:00,1633.0634765625,1640.9564851490757,1590.4412301949915,1605.4379465094853,743300
2020-06-17 09:00:00+09:00,1622.8026123046875,1649.6388422747066,1622.8026123046875,1640.956532578524,501300
2020-06-18 09:00:00+09:00,1622.8026123046875,1640.956532578524,1608.5951964382068,1630.695621119399,507100
2020-06-19 09:00:00+09:00,1639.3775634765625,1652.0063747503348,1625.9594514981795,1640.9561648857841,1591200
2020-06-22 09:00:00+09:00,1626.7490234375,1654.3745527049975,1622.0132184202148,1640.1671376531417,426600
2020-06-23 09:00:00+09:00,1640.956298828125,1655.9530134398296,1624.3809826783458,1640.956298828125,502000
2020-06-24 09:00:00+09:00,1617.27734375,1635.4312622010737,1617.27734375,1635.4312622010737,438900
2020-06-25 09:00:00+09:00,1606.2271728515625,1615.6987827160435,1599.1234654532018,1610.173676961763,483200
2020-06-26 09:00:00+09:00,1607.016357421875,1619.6451696609467,1601.4912520672813,1613.330763541411,531700
2020-06-29 09:00:00+09:00,1583.3372802734375,1594.3874906043586,1568.3405662529015,1592.8088891285129,732000
2020-06-30 09:00:00+09:00,1614.1202392578125,1640.9564681745683,1607.0165316033772,1614.9095401083052,640600
2020-07-01 09:00:00+09:00,1570.70849609375,1619.6451427057161,1565.1833908311087,1617.2772404502985,626300
2020-07-02 09:00:00+09:00,1511.510986328125,1565.9727398825064,1499.6714746858681,1562.8155367779048,1446600
2020-07-03 09:00:00+09:00,1435.7381591796875,1494.9357193437759,1431.0023543665604,1491.7785161350243,2864600
2020-07-06 09:00:00+09:00,1476.781982421875,1483.8856905147647,1436.527636562166,1436.527636562166,1158700
2020-07-07 09:00:00+09:00,1416.794921875,1459.4171646500695,1415.2163202907382,1458.6278638579386,1156200
2020-07-08 09:00:00+09:00,1404.16650390625,1429.4241363542544,1404.16650390625,1412.0595140462515,716100
2020-07-09 09:00:00+09:00,1412.05908203125,1427.0557967090554,1388.3800588557679,1406.5339766236375,745300
2020-07-10 09:00:00+09:00,1388.380126953125,1404.9554439889498,1382.065720463287,1389.1694277643549,819000
2020-07-13 09:00:00+09:00,1438.10595703125,1439.6845585208562,1403.3767242599135,1405.7446264943228,1070800
2020-07-14 09:00:00+09:00,1426.2664794921875,1450.7348031580746,1422.319975675109,1443.631096287333,844400
2020-07-15 09:00:00+09:00,1439.6846923828125,1472.046025928698,1438.106090746428,1448.3670013829283,734500
2020-07-16 09:00:00+09:00,1438.10595703125,1468.0993853337677,1432.5808518176282,1457.0491749065243,1094200
2020-07-17 09:00:00+09:00,1413.6376953125,1431.0023124520171,1410.4804921962243,1419.9521015450516,973900
2020-07-20 09:00:00+09:00,1393.9051513671875,1401.0088582541098,1386.0121437150517,1397.0623544280418,971600
2020-07-21 09:00:00+09:00,1358.3868408203125,1380.487265888859,1352.0724336578705,1380.487265888859,1861100
2020-07-22 09:00:00+09:00,1341.022216796875,1372.5942525072194,1337.8650132258406,1341.8115176896338,1376300
2020-07-27 09:00:00+09:00,1332.3394775390625,1334.70737945412,1309.4497590268393,1318.132066048717,1476000
2020-07-28 09:00:00+09:00,1255.7774658203125,1304.7141112513996,1253.409563622034,1302.3462090531211,2159100
2020-07-29 09:00:00+09:00,1198.15869140625,1249.463246703619,1193.4228863018775,1243.148839897789,2345600
2020-07-30 09:00:00+09:00,1191.8443603515625,1207.630378369464,1186.319254045297,1198.1587675587232,1511600
2020-07-31 09:00:00+09:00,1132.6468505859375,1197.369527762277,1126.3324430565385,1194.2123239975774,1445500
2020-08-03 09:00:00+09:00,1152.379150390625,1168.9544669373395,1143.6968417232983,1152.379150390625,1294000
2020-08-04 09:00:00+09:00,1168.1650390625,1177.636647487331,1122.385598342483,1142.1181158942145,1792400
2020-08-05 09:00:00+09:00,1165.7972412109375,1181.5832566640306,1147.6433234398803,1179.2153543460668,1396900
2020-08-06 09:00:00+09:00,1152.379150390625,1216.3125142136664,1132.6466306921554,1183.9511819081763,2586700
2020-08-07 09:00:00+09:00,1206.0516357421875,1207.6302373596511,1144.4861726611073,1151.5898799396934,1775000
2020-08-11 09:00:00+09:00,1241.5701904296875,1241.5701904296875,1208.4195559744765,1213.9446617170115,1309100
2020-08-12 09:00:00+09:00,1277.8780517578125,1282.6138567674152,1245.516717525527,1273.1422467482098,1642500
2020-08-13 09:00:00+09:00,1282.61376953125,1283.4030703125,1254.9882421875,1273.9314609375,1562100
2020-08-14 09:00:00+09:00,1279.45654296875,1288.1388514034547,1274.720738368002,1284.192347569498,807400
2020-08-17 09:00:00+09:00,1264.4600830078125,1279.4568005965443,1264.4600830078125,1275.5102959679307,624200
2020-08-18 09:00:00+09:00,1260.5133056640625,1265.249110193796,1235.255681505484,1252.6202981145068,920800
2020-08-19 09:00:00+09:00,1263.6705322265625,1263.6705322265625,1245.5166145243695,1251.831020681654,490800
2020-08-20 09:00:00+09:00,1269.195556640625,1274.7206616757521,1258.9346472896746,1262.881150886194,573900
2020-08-21 09:00:00+09:00,1268.4063720703125,1278.6672823608626,1260.5133641545046,1269.984973653474,548300
2020-08-24 09:00:00+09:00,1260.5133056640625,1266.8277117037073,1243.9379898099953,1264.4598094388405,599500
2020-08-25 09:00:00+09:00,1281.8248291015625,1292.0857421424,1272.3532170638662,1286.5606351204106,761300
2020-08-26 09:00:00+09:00,1271.5635986328125,1273.1422002450195,1258.1454849290521,1266.0384929900877,451300
2020-08-27 09:00:00+09:00,1257.356201171875,1272.352916691188,1252.6203962710392,1268.4064126071582,839100
2020-08-28 09:00:00+09:00,1247.884521484375,1281.8244547062777,1239.2022129857487,1266.8277400268323,986300
2020-08-31 09:00:00+09:00,1262.0919189453125,1287.349543339465,1258.9347158960436,1259.7240166583608,981400
2020-09-01 09:00:00+09:00,1277.0887451171875,1277.878045948533,1257.3562243335473,1264.459931815658,607100
2020-09-02 09:00:00+09:00,1269.195556640625,1271.5634587985367,1253.4095422545474,1270.7741580792326,864800
2020-09-03 09:00:00+09:00,1275.51025390625,1283.4032629031947,1269.1958467086943,1280.2460593044168,667700
2020-09-04 09:00:00+09:00,1269.195556640625,1273.931360956448,1249.4630386580282,1258.9346472896746,670900
2020-09-07 09:00:00+09:00,1262.8812255859375,1275.510037841797,1261.302624053955,1262.8812255859375,605400
2020-09-08 09:00:00+09:00,1294.453369140625,1296.0319708103088,1268.4064415908442,1272.3529457650534,811000
2020-09-09 09:00:00+09:00,1281.8248291015625,1284.982033114128,1267.6174110450181,1273.1425180670076,818900
2020-09-10 09:00:00+09:00,1296.0321044921875,1296.8214054084433,1270.7744751719988,1276.29958158579,720700
2020-09-11 09:00:00+09:00,1310.239501953125,1313.3967055722892,1287.349775714185,1295.2427847620954,809300
2020-09-14 09:00:00+09:00,1346.5472412109375,1352.8616479692537,1332.3398260047259,1336.2863302286735,837600
2020-09-15 09:00:00+09:00,1326.025390625,1341.0221063523065,1316.5537806919642,1341.0221063523065,755100
2020-09-16 09:00:00+09:00,1314.9749755859375,1329.1823882873462,1311.0284720577683,1328.3930875817125,902600
2020-09-17 09:00:00+09:00,1305.503662109375,1334.7077948167794,1302.3464585734393,1322.8682815570207,824200
2020-09-18 09:00:00+09:00,1322.078857421875,1327.603963094683,1299.9784347306438,1309.4500444554571,989700
2020-09-23 09:00:00+09:00,1318.1322021484375,1323.6573071873831,1298.3996841522035,1309.4498942300945,960700
2020-09-24 09:00:00+09:00,1302.34619140625,1318.132205847538,1286.5601769649622,1314.9750029592803,783100
2020-09-25 09:00:00+09:00,1298.39990234375,1316.5538219509879,1295.2426989337955,1314.9752202460106,1095500
2020-09-28 09:00:00+09:00,1332.3394775390625,1332.3394775390625,1293.6637462597887,1299.1888507282565,832400
2020-09-29 09:00:00+09:00,1325.8917236328125,1333.9518556913706,1308.1594331039846,1328.30976325038,674000
2020-09-30 09:00:00+09:00,1308.1593017578125,1332.3396955056464,1308.1593017578125,1331.5336823807186,644000
2020-10-02 09:00:00+09:00,1262.2166748046875,1309.7714537404963,1252.5445163770655,1299.2932821105724,998300
2020-10-05 09:00:00+09:00,1279.948974609375,1301.711331230567,1271.0828293192596,1280.7549878175673,683400
2020-10-06 09:00:00+09:00,1300.9052734375,1307.3533788820478,1283.9789966455623,1286.3970361872678,897900
2020-10-07 09:00:00+09:00,1292.0391845703125,1300.905329941662,1275.1129070431905,1300.905329941662,637600
2020-10-08 09:00:00+09:00,1271.8887939453125,1290.4270970256307,1271.8887939453125,1280.754938896769,781800
2020-10-09 09:00:00+09:00,1264.634521484375,1283.9788353885338,1256.5743906909756,1282.3668092298537,604700
2020-10-12 09:00:00+09:00,1243.6781005859375,1270.2765304753323,1238.0360093972781,1266.2464653405755,1018400
2020-10-13 09:00:00+09:00,1246.0963134765625,1253.350431730954,1234.0061163859102,1241.2602346403016,723500
2020-10-14 09:00:00+09:00,1226.752197265625,1246.9025290209736,1226.752197265625,1245.2905024805457,798300
2020-10-15 09:00:00+09:00,1210.6319580078125,1231.5883034859771,1209.0199314325691,1225.1401971850034,806500
2020-10-16 09:00:00+09:00,1204.98974609375,1220.30399704745,1204.1837328856604,1211.4378517584657,780700
2020-10-19 09:00:00+09:00,1242.872314453125,1246.9023803235955,1212.2438138375487,1217.0798928821132,678400
2020-10-20 09:00:00+09:00,1234.0062255859375,1252.5445294321012,1231.5881859538292,1246.0964237464789,616100
2020-10-21 09:00:00+09:00,1250.1265869140625,1254.9626665539622,1238.0363878143132,1241.2604409075798,665200
2020-10-22 09:00:00+09:00,1215.4678955078125,1240.454304500347,1215.4678955078125,1234.812212147194,817100
2020-10-23 09:00:00+09:00,1224.3338623046875,1250.9322938096611,1221.9158230769626,1240.4541238228533,899600
2020-10-26 09:00:00+09:00,1234.812255859375,1249.3204938525007,1226.7521236409718,1234.812255859375,859900
2020-10-27 09:00:00+09:00,1209.019775390625,1232.3941577148437,1205.7957226562498,1231.58814453125,850500
2020-10-28 09:00:00+09:00,1189.67529296875,1217.8857504578464,1178.3911099731115,1213.8556851022613,1024100
2020-10-29 09:00:00+09:00,1180.809326171875,1188.0634448992107,1163.883049141425,1166.3010887172036,768900
2020-10-30 09:00:00+09:00,1136.4786376953125,1176.7792986064937,1134.8666112588653,1172.7492325153758,1224600
2020-11-02 09:00:00+09:00,1229.9761962890625,1229.9761962890625,1167.1071639754668,1169.525203679836,1825800
2020-11-04 09:00:00+09:00,1189.67529296875,1255.7683648003474,1187.257253755399,1252.5443125158793,1174200
2020-11-05 09:00:00+09:00,1165.4951171875,1194.5115931340767,1151.7928924349499,1184.839434485218,1689600
2020-11-06 09:00:00+09:00,1183.2274169921875,1196.12362862153,1175.1672847238483,1178.3913376311841,1075100
2020-11-09 09:00:00+09:00,1180.809326171875,1200.1536427781036,1173.5552074445393,1197.7356032023251,820400
2020-11-10 09:00:00+09:00,1242.872314453125,1245.2903539754072,1212.2438138375487,1234.0061695380898,1636800
2020-11-11 09:00:00+09:00,1243.6781005859375,1278.3366607448456,1231.5879051816673,1270.2765304753323,1452000
2020-11-12 09:00:00+09:00,1216.27392578125,1245.2904011478008,1204.9897409164803,1211.4378465534917,1521900
2020-11-13 09:00:00+09:00,1207.40771484375,1214.6618332907417,1196.1235305928737,1197.7355569144274,1040600
2020-11-16 09:00:00+09:00,1219.498046875,1243.6784443675645,1216.2739938759914,1229.1702058720257,1000800
2020-11-17 09:00:00+09:00,1230.7821044921875,1232.3941308242008,1211.4377885080273,1219.4979201680942,1293200
2020-11-18 09:00:00+09:00,1213.0498046875,1225.140002076412,1202.5716336171097,1210.6317652097175,1286400
2020-11-19 09:00:00+09:00,1189.67529296875,1216.2737243156123,1183.2271883998137,1209.019606675559,1828100
2020-11-20 09:00:00+09:00,1179.1968994140625,1201.7652611253363,1177.5848735775428,1196.9291836157777,1444500
2020-11-24 09:00:00+09:00,1176.7791748046875,1194.5114637401007,1171.9430960041204,1184.8393061389663,2097300
2020-11-25 09:00:00+09:00,1175.167236328125,1204.9897244928306,1170.331157166281,1184.0333814581727,2047700
2020-11-26 09:00:00+09:00,1154.2108154296875,1175.973170189884,1149.3747365940883,1170.3310782150184,1526400
2020-11-27 09:00:00+09:00,1162.27099609375,1164.689035614056,1143.7326931047373,1152.598838012526,2118800
2020-11-30 09:00:00+09:00,1131.642578125,1163.8831074163106,1127.6125119635863,1162.271080951745,11388700
2020-12-01 09:00:00+09:00,1126.806396484375,1138.0905807124016,1120.358291211217,1128.4184228026645,2467000
2020-12-02 09:00:00+09:00,1130.8363037109375,1137.2844080799237,1118.7461080190885,1120.358134111335,1900300
2020-12-03 09:00:00+09:00,1140.5086669921875,1150.180825298835,1133.2545482622018,1135.6725878388636,1811600
2020-12-04 09:00:00+09:00,1131.642578125,1144.5387898415242,1130.0305516604344,1138.0906839832621,1976800
2020-12-07 09:00:00+09:00,1101.0137939453125,1136.478367103141,1101.0137939453125,1133.254314997884,2245500
2020-12-08 09:00:00+09:00,1098.59619140625,1108.268351565366,1096.984164713064,1097.790178059657,1669600
2020-12-09 09:00:00+09:00,1105.85009765625,1110.6861768005194,1102.6260448934038,1104.238071274827,1291800
2020-12-10 09:00:00+09:00,1106.6561279296875,1121.1643655864495,1106.6561279296875,1106.6561279296875,1411800
2020-12-11 09:00:00+09:00,1114.7161865234375,1115.5221996734906,1098.5959235223754,1110.686120773172,1640900
2020-12-14 09:00:00+09:00,1119.55224609375,1131.642443135799,1109.074075323974,1112.2981278685206,1348500
2020-12-15 09:00:00+09:00,1100.2081298828125,1113.1043423942594,1099.4021166008472,1112.298329112294,1746100
2020-12-16 09:00:00+09:00,1112.2982177734375,1116.328283779863,1105.8501121631568,1113.1042309747227,901500
2020-12-17 09:00:00+09:00,1104.2381591796875,1110.686265218693,1093.7599868663035,1109.8802519638173,1370500
2020-12-18 09:00:00+09:00,1118.74609375,1118.74609375,1105.0438721406701,1105.0438721406701,1436400
2020-12-21 09:00:00+09:00,1113.91015625,1126.0003533149422,1104.2379985980465,1120.3582613513026,1235100
2020-12-22 09:00:00+09:00,1092.953857421875,1103.4320286213472,1089.7298047451143,1101.0139891137767,1711100
2020-12-23 09:00:00+09:00,1100.2081298828125,1101.8201564467433,1093.7600236270891,1100.2081298828125,924900
2020-12-24 09:00:00+09:00,1119.55224609375,1120.3582592298867,1101.8199570987447,1103.4319833710179,1448000
2020-12-25 09:00:00+09:00,1129.2244873046875,1129.2244873046875,1116.3282761720145,1124.3884081299352,681300
2020-12-28 09:00:00+09:00,1120.3580322265625,1142.1203824928339,1117.9399933080879,1139.7023435743592,1207400
2020-12-29 09:00:00+09:00,1117.1343994140625,1130.0306118171109,1111.4923064877287,1125.1945321659678,1251900
2020-12-30 09:00:00+09:00,1145.3447265625,1152.5988451684555,1113.9102126033604,1121.9703443877552,1483200
2021-01-04 09:00:00+09:00,1183.2274169921875,1190.4815360336927,1138.896689516322,1163.0770863213397,2039900
2021-01-05 09:00:00+09:00,1187.2574462890625,1218.6919611602598,1176.7792746653301,1176.7792746653301,2854100
2021-01-06 09:00:00+09:00,1300.0992431640625,1317.831532903436,1199.3475969176225,1200.9596232575655,5465900
2021-01-07 09:00:00+09:00,1281.56103515625,1302.5173791273585,1269.47083671138,1281.56103515625,3833600
2021-01-08 09:00:00+09:00,1366.192138671875,1368.610177855365,1293.6509631671736,1304.9351460234604,3995500
2021-01-12 09:00:00+09:00,1434.703369140625,1450.017618586508,1366.9982663272472,1430.6733034969716,6978900
2021-01-13 09:00:00+09:00,1337.98193359375,1463.719994823042,1331.5338278896836,1454.853849479951,7318400
2021-01-14 09:00:00+09:00,1362.96826171875,1391.1787224876182,1339.5938799388305,1346.041985257429,3823500
2021-01-15 09:00:00+09:00,1313.801513671875,1362.968318784749,1307.3534080833015,1341.205962423313,3516900
2021-01-18 09:00:00+09:00,1350.0721435546875,1357.3262625349814,1319.4436411934469,1333.9518791540345,2148100
2021-01-19 09:00:00+09:00,1391.984619140625,1407.298867990464,1351.6839642726277,1366.9982131224667,2723900
2021-01-20 09:00:00+09:00,1387.9547119140625,1401.6569361315649,1374.2524876965601,1399.2388965637704,1995000
2021-01-21 09:00:00+09:00,1379.8946533203125,1408.911129675179,1377.4766136240737,1393.5968782656662,1939600
2021-01-22 09:00:00+09:00,1421.0010986328125,1440.3454130781827,1387.148548353415,1393.5966531685383,3274900
2021-01-25 09:00:00+09:00,1430.67333984375,1483.0641945422535,1422.6132083516725,1458.8838000660212,4038800
2021-01-26 09:00:00+09:00,1422.61328125,1428.2553735835695,1394.402819582153,1427.4493603930596,2930800
2021-01-27 09:00:00+09:00,1374.2525634765625,1433.8975427711464,1366.998444373167,1426.6434236677512,3135500
2021-01-28 09:00:00+09:00,1382.3125,1392.7906705539358,1332.3396865889213,1337.1757653061225,1956000
2021-01-29 09:00:00+09:00,1374.2525634765625,1400.8510001890122,1352.4902061663765,1388.7608016833533,2893600
2021-02-01 09:00:00+09:00,1341.2059326171875,1352.4901171464185,1278.3369045257568,1313.801484474769,4268800
2021-02-02 09:00:00+09:00,1342.0118408203125,1374.2523655247044,1322.6675259976773,1349.2659588788008,2475200
2021-02-03 09:00:00+09:00,1355.714111328125,1356.52012447398,1331.5337169524748,1337.9818221193148,1783100
2021-02-04 09:00:00+09:00,1374.2525634765625,1381.506682579958,1351.6841929326658,1355.7142591012189,1615100
2021-02-05 09:00:00+09:00,1379.0885009765625,1379.0885009765625,1364.5802642626068,1374.2524220719106,1315400
2021-02-08 09:00:00+09:00,1414.55322265625,1416.1652491208156,1376.67060073896,1381.5066801326568,1986300
2021-02-09 09:00:00+09:00,1398.4329833984375,1429.0614867812274,1388.760824435451,1418.5833145713257,2213600
2021-02-10 09:00:00+09:00,1407.2989501953125,1408.1049633397542,1380.7005164287345,1388.760647873152,1242100
2021-02-12 09:00:00+09:00,1399.23876953125,1408.9109269243231,1383.1185072094613,1407.2989006921443,1515700
2021-02-15 09:00:00+09:00,1383.9246826171875,1410.523118567314,1380.700629774748,1400.8509600399952,1069600
2021-02-16 09:00:00+09:00,1384.7305908203125,1397.62680121212,1379.894511923385,1388.7606565677524,992500
2021-02-17 09:00:00+09:00,1434.703369140625,1450.017618586508,1392.7906864466293,1394.4027127040906,3697200
2021-02-18 09:00:00+09:00,1429.8673095703125,1456.4657431756227,1424.2252175934286,1443.5695329427451,1543300
2021-02-19 09:00:00+09:00,1409.717041015625,1441.9575679685267,1406.492988320335,1422.6132517967856,1284300
2021-02-22 09:00:00+09:00,1419.38916015625,1434.7034100386854,1416.9711207011285,1426.643278521614,1027600
2021-02-24 09:00:00+09:00,1401.6566162109375,1442.7632794810684,1397.626551184454,1441.9572664757718,1899600
2021-02-25 09:00:00+09:00,1409.717041015625,1421.807238622963,1408.10501466798,1420.195212275318,798000
2021-02-26 09:00:00+09:00,1399.23876953125,1411.3289662725915,1387.1485727899085,1410.522953156502,1609400
2021-03-01 09:00:00+09:00,1438.7335205078125,1438.7335205078125,1354.1021369485293,1367.8043609533656,3222000
2021-03-02 09:00:00+09:00,1433.09130859375,1441.151439688203,1416.1650332953986,1439.5394134693124,1617700
2021-03-03 09:00:00+09:00,1434.703369140625,1460.495789260007,1423.4191853383954,1439.539447913009,1319900
2021-03-04 09:00:00+09:00,1409.717041015625,1416.1651464062054,1398.4328565821095,1414.5531200585604,1693500
2021-03-05 09:00:00+09:00,1447.599609375,1448.4056225205318,1400.8508469341593,1425.0312413001113,1663500
2021-03-08 09:00:00+09:00,1499.9903564453125,1502.4083957087923,1457.2716627905024,1466.137806756595,3105600
2021-03-09 09:00:00+09:00,1547.545166015625,1547.545166015625,1487.9001960754395,1514.498628616333,3300600
2021-03-10 09:00:00+09:00,1529.0069580078125,1538.6791158866179,1508.8566290936349,1529.8129711643796,2230300
2021-03-11 09:00:00+09:00,1545.127197265625,1554.7993549949874,1520.9468029422194,1529.0069343833545,2134700
2021-03-12 09:00:00+09:00,1522.5589599609375,1531.4251053074543,1505.6326824812234,1527.3950392408558,2606400
2021-03-15 09:00:00+09:00,1552.38134765625,1561.2474924247956,1530.6189923152745,1531.4250054760514,2072500
2021-03-16 09:00:00+09:00,1549.1573486328125,1565.277612406307,1534.6491112366675,1546.7393090667883,1721100
2021-03-17 09:00:00+09:00,1529.81298828125,1541.9031857650323,1521.7528566253952,1536.2610936059339,1956300
2021-03-18 09:00:00+09:00,1541.09716796875,1547.5452732740587,1513.6927204211886,1522.558865215988,1846800
2021-03-19 09:00:00+09:00,1556.4114990234375,1562.8596046641353,1517.7228651792504,1524.9769840250356,3558300
2021-03-22 09:00:00+09:00,1570.11376953125,1581.3979547332199,1551.5754652708708,1566.0837033876892,2115300
2021-03-23 09:00:00+09:00,1619.2803955078125,1658.775039300686,1578.173725437679,1586.2338568239797,4105100
2021-03-24 09:00:00+09:00,1561.2476806640625,1626.534754558636,1556.4116011163162,1619.2806352370167,2405400
2021-03-25 09:00:00+09:00,1598.3240966796875,1618.4744256847264,1577.3677545144471,1579.7857939950518,1716900
2021-03-26 09:00:00+09:00,1607.1903076171875,1624.1165846783513,1600.7422020700774,1611.2203735841313,1318700
2021-03-29 09:00:00+09:00,1591.0699462890625,1625.7285114817826,1575.7556965527442,1620.0864194736655,1745400
2021-03-30 09:00:00+09:00,1594.36083984375,1621.5093990361358,1584.4886365010643,1601.7649923507643,1353000
2021-03-31 09:00:00+09:00,1591.0699462890625,1606.7009333518815,1576.2616427558653,1587.779212170574,1004500
2021-04-01 09:00:00+09:00,1529.3687744140625,1590.247359301981,1522.7873057775307,1571.3256369719525,2276900
2021-04-02 09:00:00+09:00,1487.412109375,1536.7731307038164,1476.7172214204231,1526.0782427492395,2390800
2021-04-05 09:00:00+09:00,1511.269775390625,1515.3831933965876,1462.7314429202675,1482.4758493488876,1904100
2021-04-06 09:00:00+09:00,1514.560546875,1522.787383088335,1502.2202925549973,1514.560546875,1138000
2021-04-07 09:00:00+09:00,1547.4676513671875,1547.4676513671875,1510.4468941574462,1518.6737290929443,1175700
2021-04-08 09:00:00+09:00,1514.560546875,1568.8576658830118,1509.6244451469988,1563.0988805336772,1178500
2021-04-09 09:00:00+09:00,1535.9501953125,1537.595562420494,1518.6738406785619,1520.3192077865558,823900
2021-04-12 09:00:00+09:00,1539.2410888671875,1553.226710732897,1531.8369361147531,1540.8864561455064,581200
2021-04-13 09:00:00+09:00,1507.978759765625,1540.8860976764952,1505.5107094223097,1531.836579751006,925900
2021-04-14 09:00:00+09:00,1471.7808837890625,1498.9294411758926,1456.9725797598826,1494.8160233900094,1401300
2021-04-15 09:00:00+09:00,1478.3623046875,1492.3479247095854,1477.539621156789,1484.9437729331871,623100
2021-04-16 09:00:00+09:00,1479.18505859375,1503.8655656893077,1472.6035900349348,1503.0428821194557,878000
2021-04-19 09:00:00+09:00,1469.31298828125,1479.1851920099034,1463.5542027728688,1472.6037228574678,578700
2021-04-20 09:00:00+09:00,1451.2138671875,1459.4407031692886,1432.2921444293863,1452.8592343838577,1091400
2021-04-21 09:00:00+09:00,1423.2425537109375,1443.809642637396,1405.9661990127122,1439.6962248521045,1238200
2021-04-22 09:00:00+09:00,1420.7745361328125,1439.6962583858842,1411.725016794387,1436.405524081002,923800
2021-04-23 09:00:00+09:00,1432.2921142578125,1434.760165000359,1408.4342904131963,1413.3703918982894,812800
2021-04-26 09:00:00+09:00,1424.065185546875,1436.4054384545602,1416.661033802264,1435.5827549273813,637500
2021-04-27 09:00:00+09:00,1422.4197998046875,1431.4693184847636,1411.7249140918702,1422.4197998046875,518800
2021-04-28 09:00:00+09:00,1423.2425537109375,1434.7601235097543,1418.3064523685875,1422.4198701538792,749500
2021-04-30 09:00:00+09:00,1436.405517578125,1452.859189028046,1424.88794756318,1438.050884723117,1043600
2021-05-06 09:00:00+09:00,1385.399169921875,1407.61162692181,1360.7186621441695,1374.7042832182026,2716200
2021-05-07 09:00:00+09:00,1373.8814697265625,1391.1578235374952,1367.3000016081119,1386.2217224486574,1448100
2021-05-10 09:00:00+09:00,1391.980712890625,1393.6260801635453,1372.2363056155807,1379.6404583437222,986200
2021-05-11 09:00:00+09:00,1382.1083984375,1400.2074369884674,1377.172297014509,1390.3352341424852,865200
2021-05-12 09:00:00+09:00,1350.023681640625,1373.058820632665,1340.151479215465,1373.058820632665,1711400
2021-05-13 09:00:00+09:00,1333.570068359375,1359.0732590559455,1327.8112833633754,1340.9742204970892,1249300
2021-05-14 09:00:00+09:00,1355.7825927734375,1363.1867452825159,1340.974287755281,1340.974287755281,943000
2021-05-17 09:00:00+09:00,1362.36376953125,1367.2998701454935,1352.4915683027625,1359.0730357884208,703200
2021-05-18 09:00:00+09:00,1370.5906982421875,1375.526799196241,1353.3143449030001,1362.363863318765,708400
2021-05-19 09:00:00+09:00,1345.9102783203125,1365.6546833812463,1344.2649112319014,1365.6546833812463,754900
2021-05-20 09:00:00+09:00,1342.61962890625,1356.6052500406902,1336.8608437332452,1345.9103632908243,976000
2021-05-21 09:00:00+09:00,1326.166015625,1348.3784737030862,1326.166015625,1340.974321010391,945300
2021-05-24 09:00:00+09:00,1336.038330078125,1343.4424833852083,1326.1661256686807,1326.1661256686807,733900
2021-05-25 09:00:00+09:00,1301.4853515625,1333.5700094075933,1301.4853515625,1332.7473258731038,1990400
2021-05-26 09:00:00+09:00,1275.9822998046875,1289.967921401515,1267.7554635712595,1289.967921401515,1458800
2021-05-27 09:00:00+09:00,1245.5428466796875,1291.6131237035067,1245.5428466796875,1278.450187410987,2022300
2021-05-28 09:00:00+09:00,1279.2728271484375,1288.3223455398413,1257.060372914992,1257.8830564051195,1446600
2021-05-31 09:00:00+09:00,1275.1595458984375,1294.9039517704134,1270.2234444304436,1287.4997995684223,1157200
2021-06-01 09:00:00+09:00,1278.450439453125,1289.145327299258,1274.3370210507662,1282.5638578554838,643000
2021-06-02 09:00:00+09:00,1281.740966796875,1285.854384533707,1271.0460806811116,1278.4502326074094,1002800
2021-06-03 09:00:00+09:00,1303.953369140625,1307.2441031952387,1282.5635977856368,1283.3862812992902,978100
2021-06-04 09:00:00+09:00,1305.5987548828125,1330.2792606461928,1301.4853372555824,1328.6338935953008,933600
2021-06-07 09:00:00+09:00,1322.052490234375,1328.633958760744,1306.4215024842485,1312.1802874448215,812900
2021-06-08 09:00:00+09:00,1322.052490234375,1328.633958760744,1311.3576038790254,1325.3432244975595,834000
2021-06-09 09:00:00+09:00,1342.61962890625,1347.5557304831113,1326.988640579523,1331.1020585602405,823600
2021-06-10 09:00:00+09:00,1347.5557861328125,1363.186775105049,1341.7970007219885,1357.427989694225,910400
2021-06-11 09:00:00+09:00,1337.6834716796875,1349.2010415465484,1323.6978511270709,1348.3783579846297,975000
2021-06-14 09:00:00+09:00,1331.9246826171875,1354.9598222794984,1326.1658977016098,1353.314455160762,486200
2021-06-15 09:00:00+09:00,1337.6834716796875,1340.1515223654435,1326.1659018128269,1331.924686746257,644600
2021-06-16 09:00:00+09:00,1339.328857421875,1359.0732631823942,1338.5061738485201,1358.250579609039,579100
2021-06-17 09:00:00+09:00,1332.747314453125,1340.974149727527,1329.456580343364,1339.3287826726464,440400
2021-06-18 09:00:00+09:00,1322.052490234375,1331.9246930239285,1313.8256545764139,1329.45664232654,1159600
2021-06-21 09:00:00+09:00,1303.953369140625,1305.5987361679317,1288.3223823812107,1296.5492175177446,814600
2021-06-22 09:00:00+09:00,1330.279296875,1331.1019804228508,1314.6483094658317,1322.0524613964903,567700
2021-06-23 09:00:00+09:00,1290.790283203125,1316.2934691682601,1287.4995495302044,1312.1800520771092,1061800
2021-06-24 09:00:00+09:00,1293.258544921875,1299.8400133438693,1275.98219031414,1280.9182916306358,807800
2021-06-25 09:00:00+09:00,1312.180419921875,1313.8257872195827,1293.2586959982368,1299.8401651890674,625900
2021-06-28 09:00:00+09:00,1324.5205078125,1331.1019761743012,1314.6483052697981,1330.279292629076,652000
2021-06-29 09:00:00+09:00,1313.0029296875,1331.9246511053022,1312.1802461475957,1331.101967565398,888400
2021-06-30 09:00:00+09:00,1303.953369140625,1311.3575207635056,1297.371901031398,1305.5987361679317,968600
2021-07-01 09:00:00+09:00,1308.889404296875,1318.761605963476,1306.4213538802246,1309.7120877690918,406000
2021-07-02 09:00:00+09:00,1330.279296875,1330.279296875,1312.1802588222788,1315.4709930136828,653400
2021-07-05 09:00:00+09:00,1330.279296875,1339.3288159013605,1322.8751449443414,1336.8607652578075,798000
2021-07-06 09:00:00+09:00,1330.279296875,1336.0380817099567,1325.3431955878941,1330.279296875,438000
2021-07-07 09:00:00+09:00,1316.2935791015625,1325.3430974578857,1308.8894277191162,1325.3430974578857,704600
2021-07-08 09:00:00+09:00,1321.2298583984375,1327.8113271824895,1317.116440408405,1325.34327638847,724200
2021-07-09 09:00:00+09:00,1332.747314453125,1332.747314453125,1300.6626568829572,1309.7121756847994,966300
2021-07-12 09:00:00+09:00,1336.038330078125,1350.8466366922914,1332.747595274977,1342.6197996844212,753700
2021-07-13 09:00:00+09:00,1354.9599609375,1357.4280118681693,1344.265073571266,1350.8465427197177,793700
2021-07-14 09:00:00+09:00,1373.8814697265625,1378.8175708154004,1353.3143818564045,1357.427799430436,906000
2021-07-15 09:00:00+09:00,1363.1866455078125,1391.9805698245134,1358.250544196378,1382.1083672016446,844400
2021-07-16 09:00:00+09:00,1354.13720703125,1372.2362462503797,1350.8464726277718,1359.8959922373367,541100
2021-07-19 09:00:00+09:00,1345.0875244140625,1348.3782584187452,1334.3926388988436,1345.9102079152333,444600
2021-07-20 09:00:00+09:00,1347.5557861328125,1351.669204283401,1319.5845427088104,1322.0525935991634,590100
2021-07-21 09:00:00+09:00,1342.61962890625,1361.5413516175513,1336.8608437332452,1357.4279336368338,514000
2021-07-26 09:00:00+09:00,1337.6834716796875,1354.9598264799788,1331.924686746257,1353.3144593561415,700500
2021-07-27 09:00:00+09:00,1350.8465576171875,1351.6692412698167,1336.8609355224908,1348.3785066592998,497300
2021-07-28 09:00:00+09:00,1353.3145751953125,1360.7187278863507,1347.5557897689496,1353.3145751953125,574200
2021-07-29 09:00:00+09:00,1340.1514892578125,1353.3144259233281,1333.5700209250547,1353.3144259233281,733200
2021-07-30 09:00:00+09:00,1324.5205078125,1334.3927103552019,1311.3575710888977,1333.5700268099768,1892900
2021-08-02 09:00:00+09:00,1362.36376953125,1369.7679204526155,1326.988381795837,1333.5698492814952,1262600
2021-08-03 09:00:00+09:00,1334.3927001953125,1356.605155747269,1331.9246495784284,1352.4917380524623,807100
2021-08-04 09:00:00+09:00,1322.875,1336.8606187810944,1317.9388992537313,1329.4564676616915,631800
2021-08-05 09:00:00+09:00,1334.3927001953125,1337.683434351158,1317.116345877124,1317.9390294160855,332700
2021-08-06 09:00:00+09:00,1337.6834716796875,1338.5061552416062,1326.9885853747453,1332.7473703081757,356700
2021-08-10 09:00:00+09:00,1344.2650146484375,1362.3640540133492,1337.6835457884697,1339.3289130034616,648900
2021-08-11 09:00:00+09:00,1360.7186279296875,1361.5413115015917,1345.9103236354104,1357.4278936420703,565500
2021-08-12 09:00:00+09:00,1364.8319091796875,1377.9948450126442,1359.8958082423287,1368.1226431379266,500200
2021-08-13 09:00:00+09:00,1364.0093994140625,1375.5269697348085,1364.0093994140625,1366.4774501970794,375200
2021-08-16 09:00:00+09:00,1354.13720703125,1360.7186758382063,1344.2650038208155,1359.0733086364671,522100
2021-08-17 09:00:00+09:00,1346.73291015625,1364.0092639212355,1344.264859618395,1362.3638968959988,484000
2021-08-18 09:00:00+09:00,1340.9742431640625,1360.71864919838,1340.9742431640625,1357.427914859327,628800
2021-08-19 09:00:00+09:00,1320.4072265625,1326.988695604556,1318.7618593019859,1325.343328344042,749300
2021-08-20 09:00:00+09:00,1325.34326171875,1330.2793632521532,1318.7617930075457,1327.8113124854515,596800
2021-08-23 09:00:00+09:00,1346.73291015625,1350.0236442067232,1336.0380244922112,1336.8607080048296,499000
2021-08-24 09:00:00+09:00,1356.6051025390625,1360.7185200725346,1345.087533445341,1346.7329004587298,421000
2021-08-25 09:00:00+09:00,1344.2650146484375,1350.8464835084053,1336.8608621809738,1343.4423310409416,492100
2021-08-26 09:00:00+09:00,1353.3145751953125,1356.605309724663,1346.733106136612,1352.491891562975,376400
2021-08-27 09:00:00+09:00,1345.0875244140625,1353.3143594257695,1340.9741069082093,1351.6689924234279,363700
2021-08-30 09:00:00+09:00,1365.6549072265625,1365.6549072265625,1349.2012336455196,1349.2012336455196,441700
2021-08-31 09:00:00+09:00,1352.4915771484375,1361.541095000404,1350.8462102662618,1357.4276777949647,664300
2021-09-01 09:00:00+09:00,1363.1866455078125,1373.0588481306816,1355.7824935406609,1355.7824935406609,415200
2021-09-02 09:00:00+09:00,1373.058837890625,1373.058837890625,1356.605166975219,1357.4278505209893,659100
2021-09-03 09:00:00+09:00,1379.6402587890625,1389.5124609986444,1369.7680565794806,1373.8814741668064,784000
2021-09-06 09:00:00+09:00,1342.61962890625,1376.349656348135,1342.61962890625,1374.704289155848,1560100
2021-09-07 09:00:00+09:00,1354.13720703125,1367.3001446451624,1347.5557382242937,1354.13720703125,822800
2021-09-08 09:00:00+09:00,1350.023681640625,1357.4278334594949,1345.910263963475,1354.137099317775,749800
2021-09-09 09:00:00+09:00,1382.1083984375,1385.399132719494,1353.3144734700522,1353.3144734700522,1120200
2021-09-10 09:00:00+09:00,1383.753662109375,1391.9804971992048,1373.0587764925963,1386.221712636324,848600
2021-09-13 09:00:00+09:00,1406.788818359375,1406.788818359375,1375.5268446180555,1377.9948951765807,1014700
2021-09-14 09:00:00+09:00,1404.3206787109375,1419.9516645899696,1394.4484771031277,1419.9516645899696,861100
2021-09-15 09:00:00+09:00,1370.5906982421875,1393.6258360277704,1370.5906982421875,1392.8031525354281,848600
2021-09-16 09:00:00+09:00,1381.2857666015625,1382.931133804185,1354.1372077582919,1358.250625764848,950500
2021-09-17 09:00:00+09:00,1408.434326171875,1412.5477441805544,1380.463083712854,1386.2218689250055,1261800
2021-09-21 09:00:00+09:00,1372.2362060546875,1387.867194013344,1354.1371673657168,1356.605218096031,1478700
2021-09-22 09:00:00+09:00,1358.2506103515625,1382.9311181108276,1355.782559575636,1370.590864231195,893200
2021-09-24 09:00:00+09:00,1374.7042236328125,1377.9949578605392,1366.477388063496,1371.4134894050858,864200
2021-09-27 09:00:00+09:00,1387.0445556640625,1393.6260244928362,1376.3496688173052,1378.8177196280953,853500
2021-09-28 09:00:00+09:00,1381.2857666015625,1392.8033370199198,1370.5908797845166,1391.9806534186087,1116200
2021-09-29 09:00:00+09:00,1393.888671875,1397.249464332806,1366.1621340981012,1376.244511471519,1281800
2021-09-30 09:00:00+09:00,1358.6004638671875,1399.770174893466,1358.6004638671875,1394.7289857882074,1061600
2021-10-01 09:00:00+09:00,1341.7965087890625,1363.6416617186278,1338.435716030668,1348.5180943058517,892700
2021-10-04 09:00:00+09:00,1368.6827392578125,1368.6827392578125,1351.0385787148941,1351.0385787148941,1266300
2021-10-05 09:00:00+09:00,1354.3994140625,1367.0023862777218,1340.1160455519152,1366.1621881300402,1014500
2021-10-06 09:00:00+09:00,1390.528076171875,1396.4094638052304,1358.6005433050886,1365.3221291717805,1310600
2021-10-07 09:00:00+09:00,1374.564208984375,1393.8887669346443,1373.724010812624,1393.0485687628934,748400
2021-10-08 09:00:00+09:00,1369.5230712890625,1396.4094137928969,1367.842674882573,1394.7290173864073,716400
2021-10-11 09:00:00+09:00,1377.9249267578125,1381.2857192620997,1366.1621529928068,1375.404332379597,755400
2021-10-12 09:00:00+09:00,1351.0386962890625,1377.0848403095606,1351.0386962890625,1377.0848403095606,894000
2021-10-13 09:00:00+09:00,1349.3582763671875,1357.760258162749,1342.6366909307383,1352.7190690854122,683100
2021-10-14 09:00:00+09:00,1340.115966796875,1344.3169572884012,1329.1933915189068,1342.6365610917908,660000
2021-10-15 09:00:00+09:00,1340.115966796875,1351.8787401731486,1340.115966796875,1342.6365610917908,661400
2021-10-18 09:00:00+09:00,1346.837646484375,1355.2396280594492,1338.4356649093008,1343.4768538543453,693200
2021-10-19 09:00:00+09:00,1342.63671875,1355.2396917044744,1340.9563223560701,1346.8377097348248,662400
2021-10-20 09:00:00+09:00,1340.115966796875,1351.0385420748432,1336.755174403654,1351.0385420748432,648700
2021-10-21 09:00:00+09:00,1319.1109619140625,1349.3580922509454,1319.1109619140625,1343.4767057965516,1101700
2021-10-22 09:00:00+09:00,1303.1473388671875,1319.1111038178494,1298.9463480906975,1309.8689241095715,957400
2021-10-25 09:00:00+09:00,1310.7091064453125,1314.9100971710986,1302.30712499374,1303.1473231388973,666100
2021-10-26 09:00:00+09:00,1307.3485107421875,1329.1936658060029,1305.668114198817,1319.1112865457803,672600
2021-10-27 09:00:00+09:00,1285.5032958984375,1312.3896393420648,1283.8228994332108,1312.3896393420648,976400
2021-10-28 09:00:00+09:00,1258.61669921875,1277.1010566171562,1246.853926328855,1271.219670172209,2867900
2021-10-29 09:00:00+09:00,1261.9775390625,1264.498133348244,1235.9313981098119,1261.1373409672522,1065000
2021-11-01 09:00:00+09:00,1222.4881591796875,1242.6529123207958,1197.2822177533021,1240.9725162257034,3364100
2021-11-02 09:00:00+09:00,1209.0450439453125,1239.292174996064,1204.003855436854,1230.04999606389,1804700
2021-11-04 09:00:00+09:00,1205.6842041015625,1222.488165134337,1204.003807998285,1218.2871748761434,1409500
2021-11-05 09:00:00+09:00,1192.2412109375,1209.045174446133,1187.20002188491,1207.3647780952695,1327000
2021-11-08 09:00:00+09:00,1222.4881591796875,1229.209743560057,1198.9626138483945,1199.8028118959407,1721600
2021-11-09 09:00:00+09:00,1209.0450439453125,1230.890194148633,1208.2048458605695,1219.1274209622297,1020400
2021-11-10 09:00:00+09:00,1211.56591796875,1223.328693871359,1206.5247282962032,1214.9267110837811,683200
2021-11-11 09:00:00+09:00,1202.3236083984375,1218.2873739886334,1202.3236083984375,1212.4059866659295,887200
2021-11-12 09:00:00+09:00,1208.205078125,1219.127655326408,1202.3236904011649,1202.3236904011649,682100
2021-11-15 09:00:00+09:00,1201.4832763671875,1221.6480306558676,1200.6430782718257,1215.7666439883358,964600
2021-11-16 09:00:00+09:00,1201.4832763671875,1221.6480306558676,1201.4832763671875,1208.2048611300809,944500
2021-11-17 09:00:00+09:00,1188.88037109375,1204.003937651833,1187.1999748095186,1201.483343225486,993400
2021-11-18 09:00:00+09:00,1193.0814208984375,1196.4422136333628,1177.9578535912742,1186.3598354285873,924700
2021-11-19 09:00:00+09:00,1209.0450439453125,1209.0450439453125,1192.2410822504507,1196.4420726741662,833100
2021-11-22 09:00:00+09:00,1215.7667236328125,1217.447119933618,1198.962760624757,1205.6843458279793,635600
2021-11-24 09:00:00+09:00,1229.2098388671875,1240.972612444864,1221.648055852967,1230.0500369798788,802400
2021-11-25 09:00:00+09:00,1244.33349609375,1246.0138924422897,1219.9677490399224,1226.6893344340817,787400
2021-11-26 09:00:00+09:00,1234.2509765625,1244.3333534983406,1229.2097880945796,1240.9725611863937,721600
2021-11-29 09:00:00+09:00,1214.9266357421875,1225.849212688694,1206.524653475644,1216.6070321954962,1095100
2021-11-30 09:00:00+09:00,1214.086181640625,1237.6117270288169,1214.086181640625,1220.8077660372512,1807400
2021-12-01 09:00:00+09:00,1213.24609375,1225.8490656379847,1209.8853012465374,1214.0862918758658,1231400
2021-12-02 09:00:00+09:00,1218.2872314453125,1227.5294104424838,1211.565646720097,1212.405844810749,908100
2021-12-03 09:00:00+09:00,1239.2923583984375,1239.2923583984375,1216.607006753178,1225.8491870530986,788100
2021-12-06 09:00:00+09:00,1258.61669921875,1261.9774914730058,1241.8127379474718,1248.534322455983,797800
2021-12-07 09:00:00+09:00,1272.06005859375,1272.9002567830457,1255.256094807835,1261.9776803222012,757700
2021-12-08 09:00:00+09:00,1256.9365234375,1274.5806858654328,1256.9365234375,1263.6581091243315,1330900
2021-12-09 09:00:00+09:00,1256.9365234375,1264.4983073351855,1252.7355323832303,1256.9365234375,735700
2021-12-10 09:00:00+09:00,1267.0189208984375,1267.859119121845,1256.0963439941406,1261.1375333345852,1028600
2021-12-13 09:00:00+09:00,1256.9365234375,1277.1012804979946,1249.3747395398145,1277.1012804979946,1075600
2021-12-14 09:00:00+09:00,1264.4981689453125,1267.8589614209147,1255.2559896374066,1263.6579708264119,680200
2021-12-15 09:00:00+09:00,1278.781494140625,1279.6216922313874,1265.3383246884239,1265.3383246884239,775000
2021-12-16 09:00:00+09:00,1300.626708984375,1300.626708984375,1285.5031426008356,1293.905123925024,850700
2021-12-17 09:00:00+09:00,1309.0286865234375,1313.2296771733843,1295.5855164436075,1301.466903353533,2247400
2021-12-20 09:00:00+09:00,1299.7864990234375,1305.6678858968469,1286.3433290270737,1301.466895272983,1273500
2021-12-21 09:00:00+09:00,1288.0238037109375,1309.0287581093546,1287.1836055350007,1308.1885599334178,868300
2021-12-22 09:00:00+09:00,1287.18359375,1296.4257736006853,1283.8228010770235,1289.7041882547323,576400
2021-12-23 09:00:00+09:00,1298.106201171875,1298.9463993603358,1287.1836247218853,1292.2248138526497,439000
2021-12-24 09:00:00+09:00,1283.82275390625,1297.2659241042213,1278.7815650820107,1293.9051315547283,490200
2021-12-27 09:00:00+09:00,1286.3433837890625,1288.863978270687,1279.6217985047304,1280.461996665272,677300
2021-12-28 09:00:00+09:00,1299.7864990234375,1303.9874896473013,1290.5443196509373,1295.5855083995739,762000
2021-12-29 09:00:00+09:00,1289.7039794921875,1303.147148008067,1282.1421972020053,1295.5853657178848,627500
2021-12-30 09:00:00+09:00,1282.982421875,1289.7040062725114,1278.7814316265553,1286.3432140737557,555200
2022-01-04 09:00:00+09:00,1262.8179931640625,1288.8641393969872,1253.575812242702,1284.6631480690962,2882200
2022-01-05 09:00:00+09:00,1261.9775390625,1274.5805104912201,1257.77654858626,1264.498133348244,2317900
2022-01-06 09:00:00+09:00,1240.1324462890625,1261.137399647617,1236.7716537516937,1257.7766071102483,1552900
2022-01-07 09:00:00+09:00,1228.369873046875,1250.2150281079,1218.2874937879403,1240.1326488489653,1927400
2022-01-11 09:00:00+09:00,1261.13720703125,1262.8176030432837,1224.1684947665099,1225.0086927725267,2423600
2022-01-12 09:00:00+09:00,1248.534423828125,1267.01878272733,1246.854027564561,1258.6168014095097,1296400
2022-01-13 09:00:00+09:00,1248.534423828125,1253.5756126188173,1244.333433169215,1249.374621959907,1342400
2022-01-14 09:00:00+09:00,1256.0963134765625,1257.7767098825514,1243.493340431647,1251.8953224615907,1522500
2022-01-17 09:00:00+09:00,1256.0963134765625,1257.7767098825514,1251.0551242585964,1256.9365116795568,983800
2022-01-18 09:00:00+09:00,1247.694091796875,1261.977458504314,1246.853893755261,1261.1372604627,1053500
2022-01-19 09:00:00+09:00,1230.8900146484375,1245.1733800061327,1228.3694207617855,1242.6527861194807,1240200
2022-01-20 09:00:00+09:00,1239.2923583984375,1247.6943404892745,1229.2099798894333,1229.2099798894333,747600
2022-01-21 09:00:00+09:00,1261.13720703125,1261.13720703125,1231.7302768206612,1234.2508708387118,859900
2022-01-24 09:00:00+09:00,1256.0963134765625,1259.45710628854,1248.5345296496134,1256.0963134765625,760300
2022-01-25 09:00:00+09:00,1261.13720703125,1261.9774050372669,1244.3332469109137,1251.895028965065,926000
2022-01-26 09:00:00+09:00,1256.0963134765625,1265.3384937095004,1251.8953224615907,1261.977700897523,771000
2022-01-27 09:00:00+09:00,1290.54443359375,1294.7454245885212,1261.977694829305,1265.338487625122,2598400
2022-01-28 09:00:00+09:00,1280.4620361328125,1305.667981725978,1272.9002524548628,1293.9052071158342,1415300
2022-01-31 09:00:00+09:00,1261.13720703125,1274.5803751275191,1248.5342369409977,1261.13720703125,1942400
2022-02-01 09:00:00+09:00,1460.264404296875,1461.1046024581506,1353.5592378148824,1361.9612194276378,6735800
2022-02-02 09:00:00+09:00,1454.3831787109375,1487.991108894899,1440.9400066373528,1456.9037734747346,3106300
2022-02-03 09:00:00+09:00,1551.845947265625,1553.5263435268762,1456.0633603742976,1457.743756635549,4205600
2022-02-04 09:00:00+09:00,1580.4127197265625,1602.2578716207097,1548.4851900351168,1551.8459826342164,3666900
2022-02-07 09:00:00+09:00,1655.1903076171875,1665.2726851255154,1593.855844441525,1599.7372313213832,4101300
2022-02-08 09:00:00+09:00,1582.09326171875,1638.3865429376328,1572.8510812201275,1621.5825783946827,2849400
2022-02-09 09:00:00+09:00,1570.3304443359375,1603.098174314055,1549.3254892217597,1577.0520299724744,1885000
2022-02-10 09:00:00+09:00,1574.5313720703125,1582.09315560747,1556.887210483612,1565.2891921915648,1063500
2022-02-14 09:00:00+09:00,1587.9744873046875,1593.8558742947048,1552.6861653645833,1555.2067597888763,1452700
2022-02-15 09:00:00+09:00,1581.2529296875,1618.2216485537326,1569.4901555027895,1596.3764964964134,1537100
2022-02-16 09:00:00+09:00,1598.8970947265625,1603.0980855167006,1573.691149985734,1573.691149985734,892300
2022-02-17 09:00:00+09:00,1593.015625,1606.4587948312235,1575.371464596519,1585.4538419699365,1075100
2022-02-18 09:00:00+09:00,1579.572509765625,1606.4588503573805,1578.7323116221328,1598.8970670659492,718400
2022-02-21 09:00:00+09:00,1556.046875,1577.0518274163069,1546.804695936825,1577.0518274163069,848900
2022-02-22 09:00:00+09:00,1545.12451171875,1554.3666920498574,1533.3617367518864,1545.12451171875,1027200
2022-02-24 09:00:00+09:00,1509.836181640625,1545.9647046292432,1487.150829996609,1537.5627225388669,1425700
2022-02-25 09:00:00+09:00,1495.5528564453125,1519.9186052300956,1483.7900811698998,1508.996028188641,1264100
2022-02-28 09:00:00+09:00,1533.36181640625,1535.882411172945,1494.7126966502567,1495.5528949058219,1019700
2022-03-01 09:00:00+09:00,1544.2840576171875,1557.7272267803405,1536.722274962914,1553.5262364168552,976000
2022-03-02 09:00:00+09:00,1550.16552734375,1556.887112286162,1521.5987913384995,1530.840970634316,943100
2022-03-03 09:00:00+09:00,1580.4127197265625,1605.6186642198093,1574.5313326781384,1583.773512325662,1054700
2022-03-04 09:00:00+09:00,1559.4078369140625,1595.5363589977396,1542.6038731542128,1588.8147734937997,1345300
2022-03-07 09:00:00+09:00,1592.1754150390625,1593.0156131472625,1548.4851134126607,1549.3253115208606,1337400
2022-03-08 09:00:00+09:00,1548.485107421875,1565.2890695208646,1527.4801547981383,1545.9645131070267,1263300
2022-03-09 09:00:00+09:00,1535.0421142578125,1548.4852854828398,1514.0371592187073,1541.763699870326,1425800
2022-03-10 09:00:00+09:00,1558.567626953125,1578.7323833126263,1531.6812851404563,1543.4440596834988,1229700
2022-03-11 09:00:00+09:00,1553.5262451171875,1574.5311970522496,1547.64485857537,1553.5262451171875,884000
2022-03-14 09:00:00+09:00,1542.6038818359375,1563.608836653965,1528.3205125596787,1563.608836653965,760600
2022-03-15 09:00:00+09:00,1556.886962890625,1560.2477550393367,1531.6810217752884,1545.9643884073125,646200
2022-03-16 09:00:00+09:00,1575.37158203125,1591.3353473958334,1558.5676184895833,1558.5676184895833,769300
2022-03-17 09:00:00+09:00,1556.046875,1582.0930159962204,1550.1654883234341,1582.0930159962204,1049200
2022-03-18 09:00:00+09:00,1556.886962890625,1563.608547188048,1541.7633982214231,1549.325180556024,1452200
2022-03-22 09:00:00+09:00,1622.4227294921875,1626.6237205058908,1566.9696481113049,1586.2942067743397,2081600
2022-03-23 09:00:00+09:00,1540.9234619140625,1549.3254437129397,1466.1458239040562,1536.722471014624,4064800
2022-03-24 09:00:00+09:00,1553.5262451171875,1563.6086220460172,1527.4801047177107,1530.0006989499182,1832900
2022-03-25 09:00:00+09:00,1527.480224609375,1558.567555913306,1525.799828322676,1553.5263670532092,1079200
2022-03-28 09:00:00+09:00,1526.64013671875,1534.2019205550014,1514.037163658331,1531.6813259429175,713200
2022-03-29 09:00:00+09:00,1529.1605224609375,1536.7223052643158,1518.2379473005021,1521.5987396575592,1167300
2022-03-30 09:00:00+09:00,1531.73779296875,1537.7513457173654,1502.529108189761,1520.569766435607,1110400
2022-03-31 09:00:00+09:00,1501.6700439453125,1528.301492093084,1499.0928070277862,1527.4424131205753,1000400
2022-04-01 09:00:00+09:00,1515.41552734375,1516.2746064408836,1481.9114425555379,1493.9385499154089,640000
2022-04-04 09:00:00+09:00,1513.697265625,1529.1606883158342,1511.9791075482406,1522.2880560087967,364300
2022-04-05 09:00:00+09:00,1503.3883056640625,1525.7243604910714,1503.3883056640625,1520.569886300223,562000
2022-04-06 09:00:00+09:00,1476.7568359375,1511.979075770797,1475.8977569171757,1502.5292065472295,643000
2022-04-07 09:00:00+09:00,1465.588623046875,1482.7702012772017,1455.279676108679,1475.8975699850712,802900
2022-04-08 09:00:00+09:00,1468.1658935546875,1468.1658935546875,1444.1116834788938,1456.1387885167906,754200
2022-04-11 09:00:00+09:00,1481.052001953125,1491.3609486024507,1469.8839764163554,1487.0655541652316,1113000
2022-04-12 09:00:00+09:00,1482.770263671875,1496.5155268345343,1467.3068426138832,1479.3339478812102,757200
2022-04-13 09:00:00+09:00,1502.529052734375,1506.82444739628,1481.911158357231,1497.374579140089,929200
2022-04-14 09:00:00+09:00,1522.2879638671875,1522.2879638671875,1499.9519102212807,1505.965463125948,688700
2022-04-15 09:00:00+09:00,1517.99267578125,1530.0197824371287,1516.274517687553,1525.7243872028864,479400
2022-04-18 09:00:00+09:00,1534.31494140625,1535.1740203208112,1516.2742842004654,1516.2742842004654,612100
2022-04-19 09:00:00+09:00,1569.5374755859375,1574.6919500541999,1542.0469450885373,1547.2014195568,929500
2022-04-20 09:00:00+09:00,1563.5235595703125,1570.3961906013908,1554.0736919025799,1569.5371117225059,639700
2022-04-21 09:00:00+09:00,1546.34228515625,1585.000842285156,1543.765048014323,1580.705447048611,847700
2022-04-22 09:00:00+09:00,1533.4560546875,1542.046844909839,1518.8517113095238,1535.1742127319678,614300
2022-04-25 09:00:00+09:00,1528.3016357421875,1530.0197938486992,1511.979133730326,1515.4154499433496,554200
2022-04-26 09:00:00+09:00,1535.174072265625,1540.3285459274011,1516.2743355057796,1516.2743355057796,630500
2022-04-27 09:00:00+09:00,1509.401611328125,1531.737662491774,1494.7972701826623,1529.1604258190453,1415200
2022-04-28 09:00:00+09:00,1535.174072265625,1536.8922301528837,1495.6564408586755,1507.6835460694863,1047900
2022-05-02 09:00:00+09:00,1543.7650146484375,1549.778567849628,1520.5698808724176,1529.1606711598324,761800
2022-05-06 09:00:00+09:00,1565.2420654296875,1571.2556189192637,1537.751535191625,1550.6377212407167,1484200
2022-05-09 09:00:00+09:00,1591.0145263671875,1593.591763720914,1565.242152829922,1572.1147857731928,920000
2022-05-10 09:00:00+09:00,1572.114501953125,1591.8733180978911,1563.5237123249658,1587.5779232838115,914100
2022-05-11 09:00:00+09:00,1571.25537109375,1591.0141865859075,1557.5101081426837,1584.1415551103744,925600
2022-05-12 09:00:00+09:00,1841.8653564453125,1859.0469362628992,1718.157981758687,1723.312455703963,5368400
2022-05-13 09:00:00+09:00,1816.9521484375,1824.6838597074468,1755.9575373079197,1805.7841210475767,2283700
2022-05-16 09:00:00+09:00,1810.0794677734375,1820.3884158575765,1759.3938063597532,1796.3342036612519,1377800
2022-05-17 09:00:00+09:00,1833.2744140625,1868.4966497591083,1805.7838886407567,1812.6565199961924,1275900
2022-05-18 09:00:00+09:00,1843.5833740234375,1846.1606107997984,1793.7567963471283,1821.2473219616438,978800
2022-05-19 09:00:00+09:00,1855.6107177734375,1859.9061129534687,1822.106635369195,1832.4155838012696,907800
2022-05-20 09:00:00+09:00,1827.2611083984375,1856.4697956036782,1819.5293970794032,1856.4697956036782,966800
2022-05-23 09:00:00+09:00,1787.743408203125,1832.4155164330925,1785.1661711898576,1831.55643742867,1017200
2022-05-24 09:00:00+09:00,1785.1661376953125,1801.4886384730848,1759.3937680461984,1799.7704804964774,885200
2022-05-25 09:00:00+09:00,1807.502197265625,1828.9791720430208,1793.7569334080918,1806.6431182745293,823800
2022-05-26 09:00:00+09:00,1812.6566162109375,1817.8110900011109,1785.1660893300134,1786.884247260071,525500
2022-05-27 09:00:00+09:00,1789.4615478515625,1806.6431277637234,1778.2935209086577,1788.6024688559544,632000
2022-05-30 09:00:00+09:00,1766.2666015625,1797.1934486715709,1758.534889785232,1791.1798950670293,1381700
2022-05-31 09:00:00+09:00,1749.0849609375,1779.1527279477223,1737.916933190846,1767.9847002010683,2025000
2022-06-01 09:00:00+09:00,1745.6485595703125,1755.0984287412148,1721.5943471352884,1749.0848756324588,1173900
2022-06-02 09:00:00+09:00,1761.97119140625,1788.602642860952,1740.4942144266518,1758.5348750895143,710200
2022-06-03 09:00:00+09:00,1742.2122802734375,1758.53478191308,1736.1987270377797,1758.53478191308,530200
2022-06-06 09:00:00+09:00,1748.2257080078125,1755.0983397837647,1731.9032075399264,1735.3395234279023,448000
2022-06-07 09:00:00+09:00,1894.2691650390625,1902.859954903185,1799.7704765337123,1834.1336359902034,2419200
2022-06-08 09:00:00+09:00,1915.7462158203125,1956.122929786032,1899.4237144299152,1948.3912186011069,1854200
2022-06-09 09:00:00+09:00,1871.933349609375,1903.7192761516178,1864.2016377477485,1903.7192761516178,1215400
2022-06-10 09:00:00+09:00,1862.483154296875,1873.6511805910905,1848.7378911655326,1858.1877595683304,791700
2022-06-13 09:00:00+09:00,1841.8653564453125,1876.228516080486,1834.1336455273984,1859.0469362628992,770900
2022-06-14 09:00:00+09:00,1817.81103515625,1829.8381403037865,1803.2066931913841,1804.0657721304938,563200
2022-06-15 09:00:00+09:00,1768.84375,1804.0659907722195,1760.2529595677513,1804.0659907722195,860700
2022-06-16 09:00:00+09:00,1793.7569580078125,1820.3884070970091,1774.8572199445118,1775.716298947389,881500
2022-06-17 09:00:00+09:00,1776.575439453125,1777.4345184857425,1741.3531991158047,1761.1120168660088,1279200
2022-06-20 09:00:00+09:00,1731.044189453125,1751.6620855061647,1719.0170834221851,1748.2257694973248,836200
2022-06-21 09:00:00+09:00,1749.94384765625,1756.8164793603491,1726.7487156549155,1733.6213473590146,736800
2022-06-22 09:00:00+09:00,1731.903076171875,1756.8163644699823,1726.7486027308873,1753.380048842657,1126500
2022-06-23 09:00:00+09:00,1752.5211181640625,1756.8165130615234,1729.3259857177734,1738.7758544921874,579900
2022-06-24 09:00:00+09:00,1734.48046875,1741.3531006222138,1724.1715209416789,1741.3531006222138,781300
2022-06-27 09:00:00+09:00,1769.7027587890625,1780.0117068985135,1755.9574946431283,1763.6892057252162,825100
2022-06-28 09:00:00+09:00,1852.174072265625,1855.6103877985854,1778.2932883069777,1789.4613137890988,1473400
2022-06-29 09:00:00+09:00,1911.45068359375,1975.022526553722,1877.946604195927,1877.946604195927,3190900
2022-06-30 09:00:00+09:00,1927.7730712890625,1959.5589909137038,1905.4370196609361,1923.477676745192,1916300
2022-07-01 09:00:00+09:00,1910.591552734375,1965.572604611623,1895.1281318938989,1961.277209933713,1590300
2022-07-04 09:00:00+09:00,1956.982177734375,1971.586522344333,1908.8737484309838,1913.1691439045007,1299600
2022-07-05 09:00:00+09:00,1962.9951171875,1987.9084031386762,1920.0411758923688,1958.699723057987,1301200
2022-07-06 09:00:00+09:00,1900.282958984375,1917.4645408920094,1861.6243996921974,1910.5919081289558,1655900
2022-07-07 09:00:00+09:00,1932.068359375,1948.39085774233,1909.7323089776012,1921.759413037739,1152900
2022-07-08 09:00:00+09:00,1935.5050048828125,1942.3776369463112,1916.6052667081913,1936.36408389075,914100
2022-07-11 09:00:00+09:00,1957.8409423828125,1967.2908109068192,1935.504889507888,1950.1092317722616,799900
2022-07-12 09:00:00+09:00,1965.57275390625,2021.4128889604049,1956.9819638979186,1972.4453859129153,1335600
2022-07-13 09:00:00+09:00,1975.0224609375,1981.0360134501414,1945.8137773046706,1966.4316716337266,712600
2022-07-14 09:00:00+09:00,1961.2774658203125,1982.7544420119498,1942.3777267716716,1975.8818096306259,607000
2022-07-15 09:00:00+09:00,1971.5863037109375,2001.6540686912786,1953.545644722733,1984.4724887025122,711500
2022-07-19 09:00:00+09:00,1938.9412841796875,1981.0361547710943,1936.3640472047034,1977.5998388044488,656000
2022-07-20 09:00:00+09:00,1938.0823974609375,1954.404899921823,1924.337132230718,1953.5458208449343,600700
2022-07-21 09:00:00+09:00,1918.323486328125,1926.0551976478532,1899.423747546567,1903.719142724194,627800
2022-07-22 09:00:00+09:00,1889.11474609375,1924.336985561619,1885.6784300481042,1908.873563356213,752100
2022-07-25 09:00:00+09:00,1917.46435546875,1927.7733036164313,1894.2692221364666,1897.705538185694,713600
2022-07-26 09:00:00+09:00,1921.759521484375,1934.6457051331301,1916.6050480248728,1929.4912316736281,705000
2022-07-27 09:00:00+09:00,1896.846435546875,1931.20959561113,1894.2691985420558,1918.3234105870342,767600
2022-07-28 09:00:00+09:00,1942.377685546875,1948.3912387529026,1881.3830744571678,1898.5646550458177,1059400
2022-07-29 09:00:00+09:00,1926.0550537109375,1933.7867644528637,1904.5780794278094,1932.0686065102134,988600
2022-08-01 09:00:00+09:00,1778.29345703125,1824.6837211277175,1764.5481935952598,1797.1931942557367,3146800
2022-08-02 09:00:00+09:00,1754.2393798828125,1798.0524104283675,1754.2393798828125,1773.9981975798275,1636400
2022-08-03 09:00:00+09:00,1743.9302978515625,1761.1118771407405,1735.3395082069735,1759.3937192118226,972100
2022-08-04 09:00:00+09:00,1668.331298828125,1731.9031402870753,1667.4722198894906,1726.7486666552686,2246800
2022-08-05 09:00:00+09:00,1676.9222412109375,1685.5130313810755,1657.1634238196202,1663.1769769387167,972200
2022-08-08 09:00:00+09:00,1695.8218994140625,1713.0034789420672,1676.0630829568572,1677.7812409096578,1185300
2022-08-09 09:00:00+09:00,1701.83544921875,1717.2988707664215,1698.3991333192673,1708.7080810177151,537000
2022-08-10 09:00:00+09:00,1712.1444091796875,1721.594277970945,1704.4126983504766,1713.8625671417344,543500
2022-08-12 09:00:00+09:00,1725.0306396484375,1734.4805086903364,1712.1444545913027,1734.4805086903364,778300
2022-08-15 09:00:00+09:00,1716.4398193359375,1734.4804780977265,1711.2853454039978,1725.0306092225037,987400
2022-08-16 09:00:00+09:00,1729.3260498046875,1731.9032868386735,1711.2853905667846,1718.1580226574142,554100
2022-08-17 09:00:00+09:00,1759.393798828125,1760.252877831459,1734.4805077314377,1737.9168237447739,749400
2022-08-18 09:00:00+09:00,1759.393798828125,1769.7027468681335,1749.0848507881165,1759.393798828125,478300
2022-08-19 09:00:00+09:00,1771.4207763671875,1773.9980131902241,1755.9573554289675,1767.9844606031386,579100
2022-08-22 09:00:00+09:00,1781.72998046875,1788.6026129874338,1766.2665573017118,1782.5890595335857,535700
2022-08-23 09:00:00+09:00,1786.0250244140625,1786.8841033098845,1773.1388409767317,1781.729629934952,678900
2022-08-24 09:00:00+09:00,1822.1065673828125,1843.5835424816198,1779.1526171851979,1786.025249216816,1287700
2022-08-25 09:00:00+09:00,1835.851806640625,1842.7244385793826,1808.3612788855946,1831.5564116789014,1210900
2022-08-26 09:00:00+09:00,1863.34228515625,1863.34228515625,1828.120047400876,1833.2745212187356,860900
2022-08-29 09:00:00+09:00,1834.9927978515625,1851.3152993305791,1822.9656914986028,1847.0199042045222,802200
2022-08-30 09:00:00+09:00,1859.9058837890625,1865.060357370002,1841.0061473256171,1848.7378576970266,551100
2022-08-31 09:00:00+09:00,1841.8653564453125,1847.0198303905884,1822.1065396550875,1831.5564085547603,1184400
2022-09-01 09:00:00+09:00,1828.9791259765625,1849.59702124356,1820.3883362819802,1847.0197843351852,734900
2022-09-02 09:00:00+09:00,1800.6295166015625,1836.7108332510213,1793.7568848588085,1825.542806669046,886500
2022-09-05 09:00:00+09:00,1803.2069091796875,1813.5158576838114,1793.7570397175737,1804.9250672637081,486300
2022-09-06 09:00:00+09:00,1804.06591796875,1809.2203920200893,1788.602495814732,1793.7569698660714,346000
2022-09-07 09:00:00+09:00,1794.615966796875,1800.6295195817377,1771.4208346266903,1800.6295195817377,485100
2022-09-08 09:00:00+09:00,1819.529296875,1828.9791657445114,1795.4750852071531,1803.2067961003895,575500
2022-09-09 09:00:00+09:00,1842.724609375,1842.724609375,1815.2340790719697,1816.0931581439395,551900
2022-09-12 09:00:00+09:00,1828.1201171875,1851.3152502533187,1823.8247221753113,1849.5970922484432,382700
2022-09-13 09:00:00+09:00,1827.2611083984375,1837.5700568238165,1818.670318043955,1828.979266469334,463400
2022-09-14 09:00:00+09:00,1806.6431884765625,1829.83832213746,1800.6296353052187,1829.83832213746,598300
2022-09-15 09:00:00+09:00,1801.4886474609375,1809.2203583942462,1784.3070676091404,1808.3612794016565,508400
2022-09-16 09:00:00+09:00,1827.2611083984375,1827.2611083984375,1785.1662356614731,1786.8843937323695,874600
2022-09-20 09:00:00+09:00,1824.6839599609375,1841.8655415048258,1810.9386947258267,1838.429225196048,413700
2022-09-21 09:00:00+09:00,1807.502197265625,1819.5293031409667,1801.4886443279543,1808.3612762567209,457000
2022-09-22 09:00:00+09:00,1838.428955078125,1845.3015866858937,1800.6294812353972,1811.7975075980214,793300
2022-09-26 09:00:00+09:00,1828.1201171875,1864.2014352898848,1816.0930111533717,1833.2745912021264,1298600
2022-09-27 09:00:00+09:00,1847.019775390625,1863.3422757312865,1828.1200381540698,1831.5563540152616,940500
2022-09-28 09:00:00+09:00,1831.556396484375,1840.147186336553,1780.870736356524,1834.1336334400285,1177300
2022-09-29 09:00:00+09:00,1849.0665283203125,1855.1950632153134,1814.9218339053068,1838.5604685003107,831100
2022-09-30 09:00:00+09:00,1793.0343017578125,1842.0625834465027,1769.3956659436226,1829.8055130243301,1132500
2022-10-03 09:00:00+09:00,1728.246826171875,1776.3995999507265,1715.9897564827127,1772.8975800395374,944700
2022-10-04 09:00:00+09:00,1791.2833251953125,1821.0504967772483,1762.3916586599044,1763.2671637064318,896700
2022-10-05 09:00:00+09:00,1774.6485595703125,1812.295272970176,1770.2710347563748,1806.1667382306634,583200
2022-10-06 09:00:00+09:00,1756.2630615234375,1785.1547270420185,1754.5120514920084,1761.5160916177251,698400
2022-10-07 09:00:00+09:00,1764.1427001953125,1771.146740692366,1744.0060837662843,1747.508104014811,535300
2022-10-11 09:00:00+09:00,1779.0262451171875,1787.7812955360712,1763.2671543631966,1764.142659405085,872400
2022-10-12 09:00:00+09:00,1768.5201416015625,1776.399686786916,1751.8855462102606,1772.8976667045367,657400
2022-10-13 09:00:00+09:00,1752.760986328125,1758.8895212453563,1731.7488666119038,1748.3834613872457,631100
2022-10-14 09:00:00+09:00,1783.4036865234375,1797.4117665354038,1776.3996465174546,1787.781211527177,872100
2022-10-17 09:00:00+09:00,1786.0301513671875,1792.1586862003103,1775.5240916532628,1783.4036364387064,586100
2022-10-18 09:00:00+09:00,1777.2752685546875,1797.4118848979178,1771.1467331458782,1794.785369722714,520700
2022-10-19 09:00:00+09:00,1842.93798828125,1862.1990978974911,1788.6566793627524,1794.7852142406473,1251300
2022-10-20 09:00:00+09:00,1842.062255859375,1846.4397802316644,1807.9175657555177,1844.6887704827486,893900
2022-10-21 09:00:00+09:00,1812.2952880859375,1836.8094272484525,1808.7932682055782,1815.7973079662968,628200
2022-10-24 09:00:00+09:00,1807.91796875,1826.3035752118644,1798.2874129842614,1823.6770600030266,510200
2022-10-25 09:00:00+09:00,1823.677001953125,1832.432052370567,1804.415891034753,1818.42397170266,545200
2022-10-26 09:00:00+09:00,1831.5562744140625,1849.941877551106,1822.8012253011846,1832.4317793253501,562400
2022-10-27 09:00:00+09:00,1834.1829833984375,1855.1951034946487,1807.0423282741647,1825.4279333583495,641300
2022-10-28 09:00:00+09:00,1784.279296875,1828.0545494970559,1777.275256455471,1823.6770242348505,2755200
2022-10-31 09:00:00+09:00,1810.54443359375,1813.1709487295243,1779.0262519644584,1802.664888186427,806800
2022-11-01 09:00:00+09:00,1908.6009521484375,2004.9065047797806,1907.7254471245162,1985.645394253512,3499700
2022-11-02 09:00:00+09:00,1882.3358154296875,1918.2315216774164,1875.3317751862282,1907.7254613122275,1556800
2022-11-04 09:00:00+09:00,1855.1949462890625,1899.845697709894,1853.443936429422,1886.7131237625906,1073300
2022-11-07 09:00:00+09:00,1845.564453125,1877.082631641366,1844.688948166212,1868.3275820534866,944500
2022-11-08 09:00:00+09:00,1849.0665283203125,1863.950113065315,1841.186983455311,1856.0705682003136,977200
2022-11-09 09:00:00+09:00,1861.323486328125,1866.576515922654,1831.5563186257937,1842.9378827472733,811400
2022-11-10 09:00:00+09:00,1893.7174072265625,1902.472457652945,1856.9461954357553,1862.1992256915848,707800
2022-11-11 09:00:00+09:00,1864.8255615234375,1904.2232846542142,1863.074551606514,1899.8457598619057,740100
2022-11-14 09:00:00+09:00,1799.1627197265625,1853.4440280589456,1797.4117097803567,1845.564483301019,1417500
2022-11-15 09:00:00+09:00,1778.1507568359375,1804.4159083401612,1775.5242416855153,1791.2833325880495,840100
2022-11-16 09:00:00+09:00,1784.279296875,1792.15884234697,1777.275256455471,1790.4078322420878,676700
2022-11-17 09:00:00+09:00,1781.6527099609375,1800.9138203388936,1781.6527099609375,1784.279225012477,493200
2022-11-18 09:00:00+09:00,1783.4036865234375,1809.668836545874,1773.773131515211,1794.7852515331601,843500
2022-11-21 09:00:00+09:00,1814.921875,1823.6769250482394,1794.7852598890497,1794.7852598890497,596200
2022-11-22 09:00:00+09:00,1839.435791015625,1850.8173546915905,1821.0501881544503,1826.3032175433575,902000
2022-11-24 09:00:00+09:00,1855.1949462890625,1868.327520236366,1835.9338378330174,1839.4358575522983,730800
2022-11-25 09:00:00+09:00,1868.3275146484375,1890.2151378284802,1860.4479703036222,1860.4479703036222,766400
2022-11-28 09:00:00+09:00,1890.2152099609375,1898.094754606444,1864.8255661031944,1882.335665315431,824400
2022-11-29 09:00:00+09:00,1855.1949462890625,1890.2151434818716,1850.8174216399614,1882.3355991134895,774300
2022-11-30 09:00:00+09:00,1854.3197021484375,1869.2032880485901,1842.9381364600854,1852.5686920425371,845600
2022-12-01 09:00:00+09:00,1831.5562744140625,1849.941877551106,1829.8052645914868,1849.0663726398182,835400
2022-12-02 09:00:00+09:00,1817.5484619140625,1825.4280072691813,1796.5363409670792,1821.0504820718932,788000
2022-12-05 09:00:00+09:00,1807.91796875,1814.9220093069007,1787.7813521489104,1814.046504237288,637700
2022-12-06 09:00:00+09:00,1825.4278564453125,1825.4278564453125,1807.9177571029115,1809.6687670371516,626700
2022-12-07 09:00:00+09:00,1840.3115234375,1845.5645534758564,1821.925918303253,1825.4279383288238,575000
2022-12-08 09:00:00+09:00,1807.042236328125,1834.1828900714254,1799.1626916929733,1834.1828900714254,625400
2022-12-09 09:00:00+09:00,1816.6728515625,1837.6849712914156,1806.1667916980423,1807.9178016754518,673500
2022-12-12 09:00:00+09:00,1826.30322265625,1834.18276676167,1818.4236785508301,1819.2991834514323,589700
2022-12-13 09:00:00+09:00,1825.4278564453125,1836.8094210178733,1816.6728067741121,1828.9298763137929,622000
2022-12-14 09:00:00+09:00,1831.5562744140625,1838.5603137043647,1812.295166365731,1816.67269092217,414200
2022-12-15 09:00:00+09:00,1856.0706787109375,1856.9461837480653,1833.3075477456146,1842.0625981168928,551200
2022-12-16 09:00:00+09:00,1842.93798828125,1866.5766228102732,1842.93798828125,1863.950107862604,830000
2022-12-19 09:00:00+09:00,1828.054443359375,1845.564543391553,1828.054443359375,1842.0625233851174,471900
2022-12-20 09:00:00+09:00,1842.93798828125,1868.327632775386,1817.548343787114,1848.1910181765884,901900
2022-12-21 09:00:00+09:00,1821.9259033203125,1842.062518301748,1819.2993883227339,1837.6849933057838,603900
2022-12-22 09:00:00+09:00,1836.8095703125,1840.311590465622,1810.5444191640847,1816.6729544320483,505400
2022-12-23 09:00:00+09:00,1854.3197021484375,1872.705308260391,1836.8096010894344,1839.4361162482849,1020900
2022-12-26 09:00:00+09:00,1843.813720703125,1870.954378510246,1838.5606901598112,1863.9503377858277,508600
2022-12-27 09:00:00+09:00,1827.1788330078125,1852.5684765905755,1824.5523181544231,1847.315446883797,525700
2022-12-28 09:00:00+09:00,1852.5684814453125,1852.5684814453125,1818.4237882617742,1830.680857609711,514600
2022-12-29 09:00:00+09:00,1836.8095703125,1848.1911358101465,1826.3035098531338,1829.8055300062558,540400
2022-12-30 09:00:00+09:00,1835.058349609375,1842.062389111701,1828.054310107049,1833.3073397337935,296400
2023-01-04 09:00:00+09:00,1778.1507568359375,1833.307574994807,1778.1507568359375,1829.805554794244,1062400
2023-01-05 09:00:00+09:00,1771.1468505859375,1790.40796314792,1768.5203352365763,1784.2794273327438,684400
2023-01-06 09:00:00+09:00,1758.01416015625,1765.8937056947989,1744.0060791988296,1762.3916854554438,584200
2023-01-10 09:00:00+09:00,1742.2550048828125,1768.5201557101916,1742.2550048828125,1764.1426305722953,717500
2023-01-11 09:00:00+09:00,1775.5240478515625,1782.5280874880577,1749.258899214705,1751.009909123829,702100
2023-01-12 09:00:00+09:00,1751.8856201171875,1773.7732465554334,1748.3835998870682,1773.7732465554334,766600
2023-01-13 09:00:00+09:00,1755.387451171875,1769.3955305827228,1744.005886650561,1746.632401540095,704900
2023-01-16 09:00:00+09:00,1752.760986328125,1765.0180561625875,1748.3834613872457,1749.2589663754216,507200
2023-01-17 09:00:00+09:00,1758.889404296875,1767.644453596511,1752.7608697871299,1752.7608697871299,462300
2023-01-18 09:00:00+09:00,1771.1468505859375,1782.5284170998364,1751.885738023955,1754.5122533733163,701400
2023-01-19 09:00:00+09:00,1758.01416015625,1774.6487562931866,1757.1386550964112,1766.7692107546377,362400
2023-01-20 09:00:00+09:00,1781.6527099609375,1783.4037199952973,1756.2630644627227,1763.2671046001612,552400
2023-01-23 09:00:00+09:00,1787.7811279296875,1801.7892072866293,1786.0301180100698,1796.536177527776,601400
2023-01-24 09:00:00+09:00,1793.90966796875,1799.1626977431827,1782.5281034574793,1794.7851729311556,895500
2023-01-25 09:00:00+09:00,1808.7933349609375,1818.423889987351,1790.4077299105118,1794.7852549225179,803600
2023-01-26 09:00:00+09:00,1809.6688232421875,1810.5443282364993,1796.5362483275128,1806.1668032649409,673700
2023-01-27 09:00:00+09:00,1810.54443359375,1816.6729689105566,1793.034332688588,1803.5403932316851,1012900
2023-01-30 09:00:00+09:00,1801.7891845703125,1814.9217588018746,1798.2871647752293,1804.4156994166249,1011400
2023-01-31 09:00:00+09:00,1833.3074951171875,1835.934010153172,1793.034264565425,1807.9178497693372,3382200
2023-02-01 09:00:00+09:00,1843.813720703125,1849.942256336991,1805.2914967188242,1835.058669797602,1931000
2023-02-02 09:00:00+09:00,1903.3477783203125,1908.6008080672866,1824.5523321156998,1835.9338965674772,1891600
2023-02-03 09:00:00+09:00,1862.19921875,1902.4724505612364,1851.6931582775035,1884.9623497737423,1036100
2023-02-06 09:00:00+09:00,1877.958251953125,1884.9622920536494,1861.3236567143795,1862.199161726945,685700
2023-02-07 09:00:00+09:00,1870.9539794921875,1901.59665112636,1868.327464780687,1887.588572665024,647800
2023-02-08 09:00:00+09:00,1864.8255615234375,1878.8336408588248,1858.6970268142054,1867.4520763988226,620700
2023-02-09 09:00:00+09:00,1847.3155517578125,1857.8216117678094,1842.938026753647,1850.8175717611448,485400
2023-02-10 09:00:00+09:00,1846.4400634765625,1856.9461235816923,1835.9340033714327,1840.3115284152368,594100
2023-02-13 09:00:00+09:00,1854.3197021484375,1863.0747526779392,1846.4401566718861,1863.0747526779392,577000
2023-02-14 09:00:00+09:00,1881.4600830078125,1881.4600830078125,1857.8214500430797,1862.1989746661784,724500
2023-02-15 09:00:00+09:00,1878.8336181640625,1882.3356379556078,1870.9540736330857,1880.5846280598353,493500
2023-02-16 09:00:00+09:00,1883.2113037109375,1889.3398388694575,1874.4562534844802,1879.7092836203544,523900
2023-02-17 09:00:00+09:00,1862.19921875,1876.2072993799952,1849.0666431593793,1873.580784261871,918900
2023-02-20 09:00:00+09:00,1885.837890625,1899.8459715210074,1864.8257692809889,1877.9583451209958,922800
2023-02-21 09:00:00+09:00,1900.7213134765625,1903.3478284191833,1883.2112138590908,1886.7132337825851,787800
2023-02-22 09:00:00+09:00,1877.082763671875,1903.3479142829553,1864.825693386704,1898.0948841607392,906300
2023-02-24 09:00:00+09:00,1886.71337890625,1887.5888839544664,1869.2032779419228,1882.3358536651683,682500
2023-02-27 09:00:00+09:00,1946.247802734375,1952.3763383255314,1878.8339112316548,1888.4644671606147,1564400
2023-02-28 09:00:00+09:00,1903.3477783203125,1952.3760559587383,1903.3477783203125,1940.994491506961,1693800
2023-03-01 09:00:00+09:00,1912.978515625,1916.4805357909038,1886.7133643807208,1888.4643744636728,892600
2023-03-02 09:00:00+09:00,1886.71337890625,1919.1070656902552,1883.2113587133847,1917.3560555938225,757200
2023-03-03 09:00:00+09:00,1889.33984375,1898.9703990239807,1886.713328675278,1891.966358824722,681100
2023-03-06 09:00:00+09:00,1896.3438720703125,1910.3519523810812,1891.9663469731972,1899.8458921480046,614600
2023-03-07 09:00:00+09:00,1912.978515625,1913.854020666476,1898.9704349613844,1901.5969500858123,525400
2023-03-08 09:00:00+09:00,1942.745361328125,1943.62086622282,1915.6047095925812,1917.355719381971,717300
2023-03-09 09:00:00+09:00,1962.88232421875,1976.0148999829253,1935.7416676394541,1943.6212130979593,1006300
2023-03-10 09:00:00+09:00,1943.62109375,1963.7577086852477,1939.2435687640766,1943.62109375,874800
2023-03-13 09:00:00+09:00,1897.2191162109375,1919.9822435858725,1884.086542725398,1918.2312337878006,1160000
2023-03-14 09:00:00+09:00,1835.9339599609375,1877.0826943997379,1825.4279001042228,1873.5806744474996,1285300
2023-03-15 09:00:00+09:00,1874.4560546875,1884.0866089152264,1852.568431442667,1859.5724708810135,692900
2023-03-16 09:00:00+09:00,1848.1910400390625,1856.0705849752783,1814.0463453154607,1835.0584651453694,747300
2023-03-17 09:00:00+09:00,1851.693115234375,1867.452205576795,1834.183014853908,1866.5767005577718,1386700
2023-03-20 09:00:00+09:00,1827.1788330078125,1849.9419617371861,1825.4278231055528,1838.5603973724992,709700
2023-03-22 09:00:00+09:00,1828.929931640625,1862.199121397611,1827.178921653415,1856.0705864423767,991200
2023-03-23 09:00:00+09:00,1846.4400634765625,1849.066578502845,1819.2994082049772,1829.805468310107,691100
2023-03-24 09:00:00+09:00,1833.3074951171875,1835.0585051411772,1821.0504249492599,1829.8054750692081,696700
2023-03-27 09:00:00+09:00,1848.1910400390625,1853.4440699965396,1835.0584651453694,1850.817555017801,529100
2023-03-28 09:00:00+09:00,1856.0706787109375,1862.199213970832,1840.3115880426371,1858.697193822321,773800
2023-03-29 09:00:00+09:00,1870.9539794921875,1870.9539794921875,1852.5683765116842,1864.8254451653531,634300
2023-03-30 09:00:00+09:00,1897.8485107421875,1905.0203520676187,1868.2646652747846,1878.1259470972523,900700
2023-03-31 09:00:00+09:00,1910.399169921875,1927.432292506819,1902.3308486974279,1912.1921301939744,730700
2023-04-03 09:00:00+09:00,1931.914794921875,1941.7760769377176,1912.19223089019,1925.6394336390663,737800
2023-04-04 09:00:00+09:00,1950.7412109375,1960.6024946324967,1928.3292025397807,1929.2256828756895,759100
2023-04-05 09:00:00+09:00,1913.9852294921875,1944.4655563318759,1913.0887492910203,1942.6725959295413,645700
2023-04-06 09:00:00+09:00,1919.3641357421875,1941.7761410637918,1915.7782148907309,1922.9500565936441,761300
2023-04-07 09:00:00+09:00,1905.0203857421875,1918.4675884650735,1897.8485442899816,1918.4675884650735,585700
2023-04-10 09:00:00+09:00,1909.5029296875,1922.9501334176937,1904.1240481954223,1916.6747716769366,436000
2023-04-11 09:00:00+09:00,1920.2607421875,1926.5361040900734,1911.2959394695379,1912.192419741334,493000
2023-04-12 09:00:00+09:00,1923.8463134765625,1931.914634455728,1917.5709527149893,1922.9498333677664,373700
2023-04-13 09:00:00+09:00,1925.6396484375,1931.9150104203038,1918.4678061714385,1926.5361287207577,491600
2023-04-14 09:00:00+09:00,1928.3289794921875,1935.500821349899,1920.260657402262,1927.4324992599736,408100
2023-04-17 09:00:00+09:00,1935.500732421875,1936.3972126128995,1914.8816880283116,1932.8112918488016,600700
2023-04-18 09:00:00+09:00,1939.983154296875,1939.983154296875,1923.8465106844242,1934.6042730927247,613400
2023-04-19 09:00:00+09:00,1940.879638671875,1945.362039684974,1931.9148366456768,1940.879638671875,527000
2023-04-20 09:00:00+09:00,1948.947998046875,1951.6374387065534,1931.9148738689125,1944.4655969474113,492000
2023-04-21 09:00:00+09:00,1968.6705322265625,1978.531814491814,1942.6726062545358,1950.7409281079235,845400
2023-04-24 09:00:00+09:00,1958.8094482421875,1970.463692099006,1953.4305664621174,1967.774251208971,550300
2023-04-25 09:00:00+09:00,1957.0164794921875,1984.8073685733868,1953.43055832042,1970.4636838863162,670000
2023-04-26 09:00:00+09:00,1933.7078857421875,1950.7410103732034,1922.9501228173353,1946.258609154515,652900
2023-04-27 09:00:00+09:00,1939.983154296875,1941.7761146982584,1925.6394710858076,1937.2937136947999,532300
2023-04-28 09:00:00+09:00,1948.0513916015625,1954.3267527341952,1935.500669336297,1947.1549114397578,794500
2023-05-01 09:00:00+09:00,1962.3951416015625,1987.4965869943646,1956.119780253362,1963.2916217941627,967400
2023-05-02 09:00:00+09:00,1956.119873046875,1965.9811556332709,1951.6374718712405,1965.9811556332709,570900
2023-05-08 09:00:00+09:00,1979.4283447265625,1982.1177854123323,1956.1198587832243,1958.8092994689941,764700
2023-05-09 09:00:00+09:00,2003.63330078125,2003.6333007812502,1965.0846511465325,1971.360012714975,942200
2023-05-10 09:00:00+09:00,1994.668212890625,2012.5978148042486,1988.3928522208569,2012.5978148042486,1079100
2023-05-11 09:00:00+09:00,1887.0906982421875,1967.773910993635,1886.1942181005047,1962.3950301435384,2720000
2023-05-12 09:00:00+09:00,1908.6063232421875,1913.9852043786145,1882.6083977494568,1894.2626402117153,1318900
2023-05-15 09:00:00+09:00,1920.2607421875,1928.329064633666,1911.2959394695379,1922.9501830028887,849600
2023-05-16 09:00:00+09:00,1919.3641357421875,1939.0867004251993,1907.7098929749534,1918.4676555293233,1045900
2023-05-17 09:00:00+09:00,1942.6724853515625,1957.016167753789,1916.674560997527,1918.4675212978052,881300
2023-05-18 09:00:00+09:00,1900.5379638671875,1947.1549327922316,1900.5379638671875,1947.1549327922316,1280500
2023-05-19 09:00:00+09:00,1894.2625732421875,1905.9168152924235,1887.090731980504,1897.8484938730294,821700
2023-05-22 09:00:00+09:00,1907.7099609375,1914.8818028959115,1897.848678244684,1903.2275597134926,906500
2023-05-23 09:00:00+09:00,1900.5379638671875,1908.6062854119066,1891.5731621508328,1908.6062854119066,987000
2023-05-24 09:00:00+09:00,1913.0887451171875,1932.811309499839,1906.8133837227076,1913.0887451171875,1056300
2023-05-25 09:00:00+09:00,1897.8485107421875,1906.8133123989764,1890.6766694167566,1897.8485107421875,921100
2023-05-26 09:00:00+09:00,1869.1610107421875,1896.055413774449,1868.264530641112,1892.4694933701476,1476400
2023-05-29 09:00:00+09:00,1870.9539794921875,1874.539899912872,1855.713817704278,1863.7821386508183,983200
2023-05-30 09:00:00+09:00,1870.0576171875,1875.4364981573585,1853.0244941162812,1873.6435378340725,970900
2023-05-31 09:00:00+09:00,1838.6807861328125,1867.3681509091411,1835.0948655357715,1864.6787104613604,1149000
2023-06-01 09:00:00+09:00,1856.6103515625,1864.6786727426363,1848.5420303823635,1855.7138714313737,1036500
2023-06-02 09:00:00+09:00,1860.1964111328125,1861.9893715290852,1843.1632873682229,1846.7492081607681,925000
2023-06-05 09:00:00+09:00,1860.1964111328125,1886.1943368787652,1857.9552106374717,1886.1943368787652,1379600
2023-06-06 09:00:00+09:00,1869.6094970703125,1870.9542173990612,1851.6798926869963,1859.7482146594884,942800
2023-06-07 09:00:00+09:00,1853.0244140625,1874.9881770738843,1850.783213755216,1869.1610562749456,1515100
2023-06-08 09:00:00+09:00,1862.8857421875,1873.6435039325675,1854.8174208786995,1861.0927818966554,986000
2023-06-09 09:00:00+09:00,1896.9521484375,1896.9521484375,1863.782380246485,1864.6788604678638,1286800
2023-06-12 09:00:00+09:00,1903.6756591796875,1909.9510204296323,1894.2626173047704,1902.3309389118422,958300
2023-06-13 09:00:00+09:00,1887.9871826171875,1906.3650255628913,1886.1942223298017,1904.1238252036592,1004400
2023-06-14 09:00:00+09:00,1852.5762939453125,1876.781258831121,1851.2315736738788,1873.6435781977755,2284900
2023-06-15 09:00:00+09:00,1851.2315673828125,1868.2646907630901,1848.9903669380392,1853.4727678275858,1198900
2023-06-16 09:00:00+09:00,1857.9552001953125,1862.8858412573506,1847.197437878138,1848.9903982643339,1398100
2023-06-19 09:00:00+09:00,1866.9200439453125,1871.8506851177972,1859.7482022398804,1866.471803838723,1035200
2023-06-20 09:00:00+09:00,1861.5411376953125,1866.9200189022336,1852.1280955832003,1864.67881839935,927900
2023-06-21 09:00:00+09:00,1882.6085205078125,1884.4014810035342,1861.9894748070126,1861.9894748070126,1148300
2023-06-22 09:00:00+09:00,1883.5047607421875,1889.7801216775492,1879.4706001408833,1880.815320341318,1010800
2023-06-23 09:00:00+09:00,1900.5379638671875,1911.295725926813,1885.7460410352023,1890.2284418933796,1385700
2023-06-26 09:00:00+09:00,1891.125,1902.331002607253,1879.0225171841669,1898.7450817729318,913500
2023-06-27 09:00:00+09:00,1904.1239013671875,1906.8133419058418,1892.917899122795,1897.8485401103278,822600
2023-06-28 09:00:00+09:00,1930.121826171875,1930.121826171875,1896.0555793560222,1896.0555793560222,1344200
2023-06-29 09:00:00+09:00,1908.6063232421875,1919.8123256097438,1902.779202011058,1913.9852043786145,771400
2023-06-30 09:00:00+09:00,1899.6416015625,1913.5370450850194,1890.228559176277,1907.7099236078338,967200
2023-07-03 09:00:00+09:00,1932.363037109375,1935.5007177541827,1907.7098320430296,1907.7098320430296,1191800
2023-07-04 09:00:00+09:00,1932.8114013671875,1945.3621247526887,1929.6737205208121,1943.5691642690456,983800
2023-07-05 09:00:00+09:00,1953.4305419921875,1956.1199828485328,1923.398452429664,1927.4326137141823,1023200
2023-07-06 09:00:00+09:00,1938.6383056640625,1960.1538290564035,1936.3971053106936,1953.4302279962972,719400
2023-07-07 09:00:00+09:00,1930.121826171875,1938.190147786156,1916.6746234814068,1932.8112667099688,774000
2023-07-10 09:00:00+09:00,1935.948974609375,1939.534895377348,1925.1912123054562,1931.9148137454054,642700
2023-07-11 09:00:00+09:00,1920.2607421875,1937.7421074875263,1918.4677816439075,1934.6044265362395,813400
2023-07-12 09:00:00+09:00,1925.6396484375,1929.2255695705308,1912.192444188635,1927.4326090040154,516300
2023-07-13 09:00:00+09:00,1915.778076171875,1924.7428776513877,1909.502715136216,1923.8463975034365,624600
2023-07-14 09:00:00+09:00,1910.8477783203125,1934.6045065049186,1905.9171366216206,1928.7773844973738,702900
2023-07-18 09:00:00+09:00,1905.916748046875,1913.5368291185582,1898.744907038232,1902.3308275425536,566400
2023-07-19 09:00:00+09:00,1927.4324951171875,1927.4324951171875,1911.7440910871637,1914.8817718931684,679900
2023-07-20 09:00:00+09:00,1934.604248046875,1937.7419287086748,1928.3288867232754,1935.5007282359607,518700
2023-07-21 09:00:00+09:00,1949.84423828125,1952.981918664691,1931.0181559806033,1941.7759172952585,691000
2023-07-24 09:00:00+09:00,1978.97998046875,1980.7729408134555,1948.0514145225793,1950.2926149534612,943000
2023-07-25 09:00:00+09:00,1979.4283447265625,1988.393147012462,1967.7741017548935,1978.5318644979727,973300
2023-07-26 09:00:00+09:00,1997.8060302734375,2003.6331512951012,1961.4985839076874,1979.4281870512677,803300
2023-07-27 09:00:00+09:00,2021.1146240234375,2029.1829458758264,1990.6342970255234,2001.3920594953754,1057300
2023-07-28 09:00:00+09:00,2002.73681640625,2013.9428191838142,1982.5660114066347,2009.012177961686,828900
2023-07-31 09:00:00+09:00,2017.080322265625,2035.0099251302083,2004.5296002604168,2025.1486435546876,1217900
2023-08-01 09:00:00+09:00,2080.730224609375,2109.417586603128,2035.9062214941364,2035.9062214941364,2579300
2023-08-02 09:00:00+09:00,2042.1820068359375,2063.69753280787,2032.3207240988017,2052.9397698219036,957000
2023-08-03 09:00:00+09:00,1976.2906494140625,2035.0101039555102,1975.8424093030592,2027.8382621794553,1031300
2023-08-04 09:00:00+09:00,1985.2552490234375,1987.9446894149796,1960.153805369043,1971.8080470657262,721900
2023-08-07 09:00:00+09:00,1979.4283447265625,1997.806189412656,1976.7389040407927,1981.2213051837425,737900
2023-08-08 09:00:00+09:00,2009.9088134765625,2020.2183368284718,1984.359125169657,1984.359125169657,810200
2023-08-09 09:00:00+09:00,1992.42724609375,2018.8734120149045,1985.2554044880133,2018.8734120149045,682500
2023-08-10 09:00:00+09:00,2015.2877197265625,2026.493723506181,2008.5641174587915,2017.9771606336708,708500
2023-08-14 09:00:00+09:00,1994.668212890625,2035.0098171962782,1980.3245313597263,2026.9414963351476,955400
2023-08-15 09:00:00+09:00,1998.70263671875,2004.9779982155123,1986.6001538321373,1994.6684757565458,561100
2023-08-16 09:00:00+09:00,2001.39208984375,2010.8051321476064,1988.8413667719415,1991.9790475398936,506900
2023-08-17 09:00:00+09:00,1987.49658203125,2006.3226660288396,1959.2574560348655,2001.8402650770327,884700
2023-08-18 09:00:00+09:00,1960.60205078125,1979.8763736398676,1957.0161302494141,1973.1527726426755,483200
2023-08-21 09:00:00+09:00,1977.18701171875,1985.7035733198961,1969.1186902018744,1971.3598906232287,548400
2023-08-22 09:00:00+09:00,1990.18603515625,1990.18603515625,1967.7740302558416,1987.0483544701926,467900
2023-08-23 09:00:00+09:00,2011.701416015625,2011.7014160156248,1988.392932585854,1990.1858928496824,459000
2023-08-24 09:00:00+09:00,2015.2877197265625,2020.2183613895945,1998.2545939815427,2007.2193970052372,431600
2023-08-25 09:00:00+09:00,2024.252197265625,2027.8381178985135,2003.6331536265154,2008.115554417626,609300
2023-08-28 09:00:00+09:00,2036.8031005859375,2045.767902965277,2029.6312586824658,2035.0101401100696,398900
2023-08-29 09:00:00+09:00,2053.3876953125,2063.2489765386244,2039.4922535847795,2045.7676143650403,599400
2023-08-30 09:00:00+09:00,2039.492431640625,2056.5255552455355,2035.9065108816965,2052.043154296875,502300
2023-08-31 09:00:00+09:00,2036.8031005859375,2054.2844652256495,2033.6654197531686,2038.5960610618054,638600
2023-09-01 09:00:00+09:00,2043.0784912109375,2048.4573727147836,2028.2865670753602,2033.2172084538859,564000
2023-09-04 09:00:00+09:00,2074.9033203125,2075.3515603903384,2044.8712350973483,2052.491316420596,836900
2023-09-05 09:00:00+09:00,2088.798828125,2088.798828125,2064.1456230720228,2082.5234668387875,554200
2023-09-06 09:00:00+09:00,2093.281494140625,2120.624143207558,2085.2131714651364,2087.4543722083276,819300
2023-09-07 09:00:00+09:00,2108.073486328125,2123.7618920311834,2097.763962580401,2101.349883883957,724800
2023-09-08 09:00:00+09:00,2102.245849609375,2123.313132110791,2098.2116891303804,2099.5564092900454,668500
2023-09-11 09:00:00+09:00,2115.693115234375,2135.4156781730003,2111.2107145665054,2112.5554347668663,584500
2023-09-12 09:00:00+09:00,2125.554443359375,2134.51924489189,2108.969560524222,2125.554443359375,479400
2023-09-13 09:00:00+09:00,2198.16943359375,2198.617673690323,2137.2087804598286,2145.277102198142,1070400
2023-09-14 09:00:00+09:00,2238.062744140625,2243.4416251599896,2198.6176166652845,2200.410577005073,1077100
2023-09-15 09:00:00+09:00,2290.954833984375,2314.263315957998,2254.647390910078,2258.233311213712,1611500
2023-09-19 09:00:00+09:00,2316.5048828125,2316.9531229214035,2290.0587163872024,2303.9541597632065,972600
2023-09-20 09:00:00+09:00,2243.441650390625,2334.8826287482048,2238.5110094007555,2330.848467938312,1344500
2023-09-21 09:00:00+09:00,2261.819580078125,2271.2326223257746,2234.476933549238,2245.6829362250114,965000
2023-09-22 09:00:00+09:00,2246.57958984375,2264.060955367275,2232.235905311627,2256.8891131012133,910800
2023-09-25 09:00:00+09:00,2261.819580078125,2272.129102539837,2251.5100576164136,2264.06078061328,786100
2023-09-26 09:00:00+09:00,2273.025634765625,2294.092920278144,2244.786507376504,2261.819631833434,980000
2023-09-27 09:00:00+09:00,2253.30322265625,2253.30322265625,2218.3404911330376,2250.1655416221156,1325900
2023-09-28 09:00:00+09:00,2254.672119140625,2288.902971151869,2241.436189696277,2256.9541759413746,1063600
2023-09-29 09:00:00+09:00,2207.205322265625,2254.215692032655,2177.5385840631297,2250.1079898200023,1400900
2023-10-02 09:00:00+09:00,2193.51318359375,2239.154323493745,2187.5798354067506,2215.8773421447477,927900
2023-10-03 09:00:00+09:00,2136.91796875,2181.646281637121,2126.8769189181976,2178.907813501175,1123100
2023-10-04 09:00:00+09:00,2041.984375,2111.815311382432,2041.984375,2100.4050276598123,1864900
2023-10-05 09:00:00+09:00,2089.90771484375,2094.015417275197,2050.1999246731,2083.974366887216,884700
2023-10-06 09:00:00+09:00,2123.225830078125,2136.0053492617426,2082.148804130784,2092.189854917912,655900
2023-10-10 09:00:00+09:00,2174.80029296875,2193.969571521675,2164.75924229817,2168.410533451108,927800
2023-10-11 09:00:00+09:00,2177.082275390625,2193.056673637726,2160.6514657650355,2190.3182053667942,535500
2023-10-12 09:00:00+09:00,2183.47216796875,2201.7286242226696,2175.2567626544865,2201.2722128163214,470800
2023-10-13 09:00:00+09:00,2169.3232421875,2190.7745765832105,2157.9129579344626,2167.9540080771358,434900
2023-10-16 09:00:00+09:00,2144.220703125,2183.0156711466316,2133.2668298012454,2166.1284497725096,448800
2023-10-17 09:00:00+09:00,2151.9794921875,2170.2359459918475,2133.723038383152,2162.476953125,393100
2023-10-18 09:00:00+09:00,2136.461669921875,2170.692523424148,2117.748803340632,2167.4976437639357,594800
2023-10-19 09:00:00+09:00,2118.205322265625,2128.7027845392968,2098.5796319278916,2112.7283854271877,478900
2023-10-20 09:00:00+09:00,2117.29248046875,2137.8309934286754,2100.4052587017,2115.9232462714217,447500
2023-10-23 09:00:00+09:00,2099.4921875,2131.4409816576085,2099.4921875,2125.5076341711956,472700
2023-10-24 09:00:00+09:00,2073.476806640625,2091.2768496648346,2019.620266208401,2090.3640269456446,1158500
2023-10-25 09:00:00+09:00,2087.169189453125,2109.076935154798,2085.7999553467703,2096.7538281976067,724800
2023-10-26 09:00:00+09:00,2072.56396484375,2104.05634836593,2059.7844468927206,2090.8204190595065,626500
2023-10-27 09:00:00+09:00,2080.779541015625,2084.8872435532735,2056.5897371828046,2082.148775194841,668200
2023-10-30 09:00:00+09:00,2064.3486328125,2103.143599380942,2058.871696355779,2081.235853554057,2131900
2023-10-31 09:00:00+09:00,2108.1640625,2108.1640625,2063.892160776142,2073.9332106516563,994500
2023-11-01 09:00:00+09:00,2044.266357421875,2065.7176900405016,1987.6713522152859,1991.7790542060868,2639000
2023-11-02 09:00:00+09:00,2083.974609375,2098.123363840752,2062.066860524803,2072.1079120811432,1256500
2023-11-06 09:00:00+09:00,2106.338623046875,2153.805408918354,2097.666806397278,2122.313022138238,1496300
2023-11-07 09:00:00+09:00,2066.174072265625,2115.466495460829,2061.6099590068097,2112.271616179658,941000
2023-11-08 09:00:00+09:00,2002.7332763671875,2082.148862075458,1999.9948078944885,2074.846279481594,1507900
2023-11-09 09:00:00+09:00,2051.569091796875,2052.9383258959606,1991.3227914371002,1991.779202803462,757300
2023-11-10 09:00:00+09:00,2081.235595703125,2084.8868862219024,2038.3329321074903,2050.656037608364,584200
2023-11-13 09:00:00+09:00,2109.533203125,2110.4460258005192,2081.235700183903,2085.7998135614994,637400
2023-11-14 09:00:00+09:00,2127.333251953125,2131.4409540058127,2108.620387046436,2120.9434932044996,653400
2023-11-15 09:00:00+09:00,2141.48193359375,2152.4358053768383,2129.6152391620712,2133.722941080729,660300
2023-11-16 09:00:00+09:00,2129.615234375,2144.67680804289,2095.8407964530647,2129.615234375,665400
2023-11-17 09:00:00+09:00,2120.943359375,2135.5485213074294,2106.3381974425706,2127.7895290308265,745100
2023-11-20 09:00:00+09:00,2092.189697265625,2137.830833767929,2083.9742926952104,2125.96413827733,614700
2023-11-21 09:00:00+09:00,2081.235595703125,2093.1022898891515,2059.32785259046,2093.1022898891515,502000
2023-11-22 09:00:00+09:00,2077.58447265625,2082.604997524268,2041.0715645252087,2044.722855338313,664200
2023-11-24 09:00:00+09:00,2078.041015625,2090.3641228997367,2065.261496969718,2085.8000090942787,442400
2023-11-27 09:00:00+09:00,2080.322998046875,2097.210218522464,2066.174245756517,2082.6050548679004,426500
2023-11-28 09:00:00+09:00,2076.671630859375,2082.1485670286743,2063.4357017835678,2080.7793329863493,489400
2023-11-29 09:00:00+09:00,2088.53857421875,2096.7539794495056,2068.45647254357,2078.041111979451,810400
2023-11-30 09:00:00+09:00,2097.2099609375,2098.579194861942,2067.9996372160635,2075.75862945457,685400
2023-12-01 09:00:00+09:00,2117.7490234375,2130.072131979054,2107.7079720332704,2117.7490234375,679100
2023-12-04 09:00:00+09:00,2118.205322265625,2127.7899617328903,2106.7950371855472,2121.85661349125,537700
2023-12-05 09:00:00+09:00,2102.68701171875,2117.74858571196,2094.015196389326,2115.9229403794498,551100
2023-12-06 09:00:00+09:00,2136.461669921875,2136.461669921875,2093.559000199026,2095.384645719147,656300
2023-12-07 09:00:00+09:00,2130.5283203125,2134.636022729555,2115.0103334036257,2127.7898520344634,502400
2023-12-08 09:00:00+09:00,2136.461669921875,2155.1745365031175,2121.856505760905,2136.918081301905,1286100
2023-12-11 09:00:00+09:00,2187.123291015625,2187.123291015625,2137.830862920949,2144.220622118407,874400
2023-12-12 09:00:00+09:00,2182.102783203125,2196.2515358237683,2173.4309670807947,2190.774599325455,917200
2023-12-13 09:00:00+09:00,2176.6259765625,2182.5593247896572,2154.7182292622274,2166.128514314453,655000
2023-12-14 09:00:00+09:00,2099.948974609375,2200.3594885007165,2088.0822775131255,2191.6876713919187,1015700
2023-12-15 09:00:00+09:00,2071.19482421875,2116.835961817224,2059.328128443147,2099.492329529804,1076000
2023-12-18 09:00:00+09:00,2067.0869140625,2068.456148052826,2029.2047736634743,2051.112517508694,786700
2023-12-19 09:00:00+09:00,2063.435791015625,2081.2358343356004,2051.112684101796,2073.47684109356,380700
2023-12-20 09:00:00+09:00,2042.4407958984375,2063.892129397259,2040.1587391432436,2053.8510796744063,816000
2023-12-21 09:00:00+09:00,2030.11767578125,2047.4613070042014,2027.835619041388,2037.4202573488085,506800
2023-12-22 09:00:00+09:00,2054.763916015625,2055.6767387237614,2031.0305256040717,2034.6818164366184,555700
2023-12-25 09:00:00+09:00,2061.153564453125,2077.5843723185617,2053.394571850002,2070.2817910450344,492500
2023-12-26 09:00:00+09:00,2069.82568359375,2076.6718545427925,2053.8512847126517,2075.7590317495865,484400
2023-12-27 09:00:00+09:00,2106.338623046875,2106.338623046875,2060.6974827858376,2062.9795397988896,697700
2023-12-28 09:00:00+09:00,2094.92822265625,2105.8820957158905,2080.7794699542146,2098.5795136761303,444300
2023-12-29 09:00:00+09:00,2088.994873046875,2112.2718532796457,2076.215354487707,2097.6666892120247,551800
2024-01-04 09:00:00+09:00,2149.69775390625,2159.738804986067,2064.3488197278066,2092.1899159036625,1014700
2024-01-05 09:00:00+09:00,2184.384765625,2188.948879218032,2159.2821408633254,2170.692424845905,677000
2024-01-09 09:00:00+09:00,2187.57958984375,2195.3385827557768,2154.261561456812,2170.2359586286316,722400
2024-01-10 09:00:00+09:00,2188.948974609375,2202.6413159851636,2177.5386901295515,2194.8823225388833,505400
2024-01-11 09:00:00+09:00,2203.55419921875,2239.1542877728225,2194.4259713843726,2194.4259713843726,711200
2024-01-12 09:00:00+09:00,2201.728271484375,2211.31290948213,2177.9948821566,2199.446214818243,596100
2024-01-15 09:00:00+09:00,2225.4619140625,2231.3952620696396,2204.0105789597646,2204.9234017300937,116600
2024-01-16 09:00:00+09:00,2231.851806640625,2247.369794662257,2209.0312360205776,2240.980034888644,476000
2024-01-17 09:00:00+09:00,2199.446533203125,2252.8466669206528,2199.446533203125,2234.5902109488484,651700
2024-01-18 09:00:00+09:00,2184.841064453125,2213.138567272447,2179.3641284235787,2198.989815862786,437700
2024-01-19 09:00:00+09:00,2198.533935546875,2198.990346992909,2160.19537408,2189.862118072225,718700
2024-01-22 09:00:00+09:00,2244.174560546875,2249.1950852908276,2200.3590718723785,2209.030887339206,645300
2024-01-23 09:00:00+09:00,2213.59521484375,2246.913245912532,2208.1182782297037,2243.2619548365014,457000
2024-01-24 09:00:00+09:00,2200.359130859375,2208.118123853486,2188.036024339316,2200.81554221197,443900
2024-01-25 09:00:00+09:00,2222.723388671875,2223.179800045319,2195.795117638684,2201.728465493455,437500
2024-01-26 09:00:00+09:00,2216.7900390625,2233.677259866559,2197.1643500199457,2224.0926210318225,690200
2024-01-29 09:00:00+09:00,2250.564453125,2252.390098594986,2206.7489618453405,2206.7489618453405,772700
2024-01-30 09:00:00+09:00,2238.69775390625,2250.564449441737,2222.723356070018,2241.8926334734965,432600
2024-01-31 09:00:00+09:00,2267.908203125,2306.7031713813144,2240.067108258704,2266.082557559997,1064000
2024-02-01 09:00:00+09:00,2307.6162109375,2324.0470225660106,2264.713536129722,2275.667410548729,1169700
2024-02-02 09:00:00+09:00,2382.467529296875,2386.118820529514,2282.5134318033856,2327.698160807292,1383400
2024-02-05 09:00:00+09:00,2380.641845703125,2408.482940907859,2380.185434306326,2382.4674912903206,833400
2024-02-06 09:00:00+09:00,2323.590576171875,2360.559901779795,2318.1136390447755,2355.5393760799543,765500
2024-02-07 09:00:00+09:00,2345.498046875,2348.6929264874,2303.0517891673967,2320.851832722198,788500
2024-02-08 09:00:00+09:00,2300.77001953125,2338.1957568059106,2295.7494937992833,2332.718819643765,864100
2024-02-09 09:00:00+09:00,2252.8466796875,2282.0570094079217,2252.8466796875,2278.405718192869,561700
2024-02-13 09:00:00+09:00,2283.8828125,2287.077692533473,2250.1083664318544,2267.4520008992804,483700
2024-02-14 09:00:00+09:00,2230.02587890625,2271.5593121810084,2219.9848291035614,2269.27725540767,722600
2024-02-15 09:00:00+09:00,2220.89794921875,2240.067228681797,2213.5953665661605,2234.590291692355,492100
2024-02-16 09:00:00+09:00,2261.061767578125,2281.1438664423636,2231.395030619591,2235.5027326600034,860400
2024-02-19 09:00:00+09:00,2272.015625,2283.425908371836,2235.046306875251,2250.107880926075,587400
2024-02-20 09:00:00+09:00,2253.759521484375,2272.472389119219,2241.4364135297214,2272.015977713491,699400
2024-02-21 09:00:00+09:00,2258.32373046875,2266.0827246922686,2239.6108620473233,2266.0827246922686,451000
2024-02-22 09:00:00+09:00,2264.257080078125,2264.257080078125,2249.6519144739123,2253.759617300097,464000
2024-02-26 09:00:00+09:00,2272.015625,2275.2105043441143,2252.389937600442,2266.0822776466453,598600
2024-02-27 09:00:00+09:00,2243.26171875,2268.8207535923193,2233.67708068413,2256.9540588440996,915000
2024-02-28 09:00:00+09:00,2286.16455078125,2290.728664478158,2244.6311161393864,2250.108052575676,700200
2024-02-29 09:00:00+09:00,2247.369873046875,2280.687907314223,2236.8724101955186,2280.687907314223,613300
2024-03-01 09:00:00+09:00,2265.169677734375,2272.928671190245,2239.1542290882217,2239.1542290882217,464700
2024-03-04 09:00:00+09:00,2252.8466796875,2260.605673519487,2238.697926229171,2256.041559500671,553800
2024-03-05 09:00:00+09:00,2250.108154296875,2261.062027664649,2227.2875847806795,2245.544040393636,606600
2024-03-06 09:00:00+09:00,2276.12353515625,2281.600471675575,2248.2824411830134,2255.58502320878,466600
2024-03-07 09:00:00+09:00,2319.93896484375,2323.133844393997,2278.405530690537,2286.620935248315,748800
2024-03-08 09:00:00+09:00,2326.78515625,2336.3697949870048,2303.0517650917027,2307.6158787759905,666600
2024-03-11 09:00:00+09:00,2287.0771484375,2336.825982837757,2266.538638822715,2330.436224290935,632900
2024-03-12 09:00:00+09:00,2285.251708984375,2301.6825181562217,2248.2823883477195,2287.9901771796826,474900
2024-03-13 09:00:00+09:00,2280.2314453125,2321.3084729502352,2272.928862621347,2304.877661895141,388700
2024-03-14 09:00:00+09:00,2345.95458984375,2345.95458984375,2280.231348416221,2286.1646966006506,740900
2024-03-15 09:00:00+09:00,2153.348876953125,2254.6722026596944,2127.7898398379543,2254.6722026596944,5219500
2024-03-18 09:00:00+09:00,2217.24658203125,2230.938924036383,2189.8618980209835,2192.6003664220098,2404800
2024-03-19 09:00:00+09:00,2267.908203125,2272.4723170375078,2221.810652608674,2230.938880433689,1207600
2024-03-21 09:00:00+09:00,2293.923583984375,2305.3338684252044,2278.405597144847,2282.0568881659124,943600
2024-03-22 09:00:00+09:00,2332.26220703125,2338.6519665025685,2294.836472984956,2306.703169145976,735000
2024-03-25 09:00:00+09:00,2328.61083984375,2365.1237499157805,2328.61083984375,2345.9544721279644,1071300
2024-03-26 09:00:00+09:00,2344.129150390625,2349.149676218954,2319.939344126859,2327.6983385888216,675200
2024-03-27 09:00:00+09:00,2311.7236328125,2359.6468275697184,2311.7236328125,2355.995536540597,855000
2024-03-28 09:00:00+09:00,2313.58984375,2355.5787701338477,2303.3258839672817,2339.2497432067958,940900
2024-03-29 09:00:00+09:00,2324.3203125,2331.785010412485,2300.9931315234844,2322.454138021879,427400
2024-04-01 09:00:00+09:00,2285.13037109375,2345.3144907081014,2278.5987612131225,2343.9148600193957,664300
2024-04-02 09:00:00+09:00,2292.12890625,2330.852028419499,2285.597295281651,2297.2608862965603,700900
2024-04-03 09:00:00+09:00,2309.857177734375,2323.8534846081443,2286.0634560489675,2287.4630867363444,703500
2024-04-04 09:00:00+09:00,2346.247802734375,2354.17904406396,2293.528375073014,2309.3908577321845,740500
2024-04-05 09:00:00+09:00,2342.515625,2346.2479741336388,2286.9969316371244,2340.182906791476,711400
2024-04-08 09:00:00+09:00,2363.510009765625,2377.972862174376,2329.918868687235,2351.3798754873173,585600
2024-04-09 09:00:00+09:00,2374.240478515625,2380.3055455662643,2349.0471230745084,2370.0415859421055,763600
2024-04-10 09:00:00+09:00,2457.285400390625,2484.811475694032,2366.7759324438275,2374.7071744804025,1427900
2024-04-11 09:00:00+09:00,2509.071533203125,2548.2611964216194,2415.762811254329,2426.026770668697,1212000
2024-04-12 09:00:00+09:00,2450.287109375,2504.406169673458,2446.5547603888995,2500.6738206873574,883100
2024-04-15 09:00:00+09:00,2534.7314453125,2556.658995087889,2416.229367802952,2435.357655904887,1401800
2024-04-16 09:00:00+09:00,2481.078857421875,2547.7945920234783,2479.6792266260372,2519.335432508109,845800
2024-04-17 09:00:00+09:00,2435.357666015625,2496.9414230872844,2402.699613023078,2480.612396591011,888800
2024-04-18 09:00:00+09:00,2465.21630859375,2486.6773135512276,2423.227385850859,2425.0935601949873,603500
2024-04-19 09:00:00+09:00,2445.621826171875,2477.8133381913062,2427.4266237261095,2457.751961135719,484800
2024-04-22 09:00:00+09:00,2516.536376953125,2536.131209699145,2470.3485569089353,2477.3467114610853,804400
2024-04-23 09:00:00+09:00,2473.147705078125,2527.733308076454,2465.6830072321995,2519.335522999788,645000
2024-04-24 09:00:00+09:00,2469.41552734375,2480.6125748888567,2445.621801310398,2477.3467693548673,493600
2024-04-25 09:00:00+09:00,2427.892822265625,2479.679160327017,2427.892822265625,2479.679160327017,593800
2024-04-26 09:00:00+09:00,2452.1533203125,2462.417280176822,2398.0342592097127,2429.759226063071,676800
2024-04-30 09:00:00+09:00,2502.0732421875,2502.5397857717226,2465.6828426181123,2491.342739750373,480100
2024-05-01 09:00:00+09:00,2502.0732421875,2515.1364625457413,2470.8148220445646,2486.6773039081436,528800
2024-05-02 09:00:00+09:00,2508.138671875,2531.932398114886,2496.941624232701,2502.5401480538508,540300
2024-05-07 09:00:00+09:00,2486.677490234375,2519.3355435770404,2472.214638039766,2519.3355435770404,550000
2024-05-08 09:00:00+09:00,2486.677490234375,2505.3392350016125,2464.28339651369,2495.075275379632,510300
2024-05-09 09:00:00+09:00,2492.742431640625,2507.2052831062547,2458.6847491570456,2472.68105702701,492700
2024-05-10 09:00:00+09:00,2372.3740234375,2423.227271924164,2341.582148207043,2349.046845232608,2041200
2024-05-13 09:00:00+09:00,2348.114013671875,2388.703308166104,2323.387202083437,2388.703308166104,964700
2024-05-14 09:00:00+09:00,2364.90966796875,2368.1754733891053,2337.3835937114695,2367.242386126147,585400
2024-05-15 09:00:00+09:00,2343.448486328125,2377.039625292016,2339.2495939576384,2368.1752969543227,586400
2024-05-16 09:00:00+09:00,2324.3203125,2353.246016910879,2306.5916549578483,2344.8482317593334,574200
2024-05-17 09:00:00+09:00,2348.114013671875,2359.77760404378,2319.654853164427,2323.387202083437,582400
2024-05-20 09:00:00+09:00,2389.636474609375,2389.636474609375,2338.783218902147,2349.047178769661,590800
2024-05-21 09:00:00+09:00,2393.835205078125,2415.2962106196555,2389.6363126895644,2402.6995334539747,492100
2024-05-22 09:00:00+09:00,2362.576904296875,2395.7015014937706,2353.7125754695367,2393.368783381313,432500
2024-05-23 09:00:00+09:00,2384.970947265625,2385.4374908781574,2340.1827604625146,2350.4467199382275,430800
2024-05-24 09:00:00+09:00,2383.10498046875,2392.902397185634,2342.982226294844,2342.982226294844,374200
2024-05-27 09:00:00+09:00,2432.091796875,2432.091796875,2384.9708930798006,2401.7664627493764,535500
2024-05-28 09:00:00+09:00,2492.27587890625,2516.5361457918966,2432.091755286088,2437.690278413545,1082200
2024-05-29 09:00:00+09:00,2430.6923828125,2496.941580194338,2430.2258391689656,2491.809600115463,559300
2024-05-30 09:00:00+09:00,2420.42822265625,2428.8260075459593,2382.6381906525576,2403.1661092718473,510000
2024-05-31 09:00:00+09:00,2462.8837890625,2473.1477487820252,2439.0900642581455,2440.4896951289898,549300
2024-06-03 09:00:00+09:00,2421.827880859375,2479.679288531608,2416.6959011465156,2469.4153291058897,644900
2024-06-04 09:00:00+09:00,2393.36865234375,2434.891032472131,2382.638149613944,2416.695832191155,633200
2024-06-05 09:00:00+09:00,2365.842529296875,2401.766385490103,2359.7774626668497,2398.034036794703,634200
2024-06-06 09:00:00+09:00,2371.907470703125,2389.6361260703,2347.1806619015388,2365.3758608310077,439900
2024-06-07 09:00:00+09:00,2356.04541015625,2391.969270865563,2356.04541015625,2375.173699624845,299900
2024-06-10 09:00:00+09:00,2372.8408203125,2379.372430907147,2335.9838748141347,2337.3835056558446,368300
2024-06-11 09:00:00+09:00,2364.90966796875,2398.9673530667415,2364.443124337271,2377.506346018692,423500
2024-06-12 09:00:00+09:00,2384.50439453125,2394.3018103569507,2355.5786906648955,2364.9095628798486,377000
2024-06-13 09:00:00+09:00,2339.71630859375,2387.770302568856,2336.4505031779663,2386.3706716763772,413500
2024-06-14 09:00:00+09:00,2366.775634765625,2370.0414398993444,2341.1157372863995,2341.1157372863995,499600
2024-06-17 09:00:00+09:00,2337.38330078125,2355.578500128649,2328.9855164670657,2355.578500128649,443500
2024-06-18 09:00:00+09:00,2341.11572265625,2347.6473328828715,2326.1863278525434,2343.914984181945,358700
2024-06-19 09:00:00+09:00,2338.316650390625,2361.643831659486,2328.9857778830806,2351.379871901187,269600
2024-06-20 09:00:00+09:00,2307.991455078125,2332.251725072882,2300.9933002719454,2323.387395651721,533000
2024-06-21 09:00:00+09:00,2299.593505859375,2333.6511901620192,2294.9280696535334,2316.8556198209894,811200
2024-06-24 09:00:00+09:00,2324.3203125,2330.385379553894,2298.6604134258328,2314.0563528703333,452900
2024-06-25 09:00:00+09:00,2348.114013671875,2353.245993435513,2330.8518999214557,2340.649315833856,406000
2024-06-26 09:00:00+09:00,2340.182861328125,2352.3129957767956,2333.6512504711486,2348.5806467156663,325700
2024-06-27 09:00:00+09:00,2347.6474609375,2359.3110512640974,2336.9169578370306,2336.9169578370306,332100
2024-06-28 09:00:00+09:00,2342.515625,2356.5119342511452,2329.9189466739695,2355.5788469677354,583300
2024-07-01 09:00:00+09:00,2350.446533203125,2364.9093840426044,2339.2494873919154,2356.04505610873,596100
2024-07-02 09:00:00+09:00,2338.783203125,2349.980250177663,2329.9188742083084,2349.980250177663,611200
2024-07-03 09:00:00+09:00,2341.11572265625,2353.712399521877,2332.717938079165,2340.182635481018,438300
2024-07-04 09:00:00+09:00,2337.38330078125,2353.7123258366078,2337.38330078125,2339.716018646301,337400
2024-07-05 09:00:00+09:00,2308.924560546875,2347.647684112321,2308.924560546875,2338.3168109640205,774700
2024-07-08 09:00:00+09:00,2279.99853515625,2308.457694281384,2279.0654479718196,2308.457694281384,640000
2024-07-09 09:00:00+09:00,2266.935302734375,2285.1305027357416,2262.736410426367,2273.000369401497,769400
2024-07-10 09:00:00+09:00,2299.126953125,2299.126953125,2266.0023561948306,2267.4019870510347,543100
2024-07-11 09:00:00+09:00,2330.85205078125,2337.3836618122623,2306.59178123749,2317.7888287192254,624300
2024-07-12 09:00:00+09:00,2327.11962890625,2356.045333996905,2325.253454384272,2331.7850652111943,577900
2024-07-16 09:00:00+09:00,2356.04541015625,2362.577021194307,2324.320442257116,2326.653160484994,556800
2024-07-17 09:00:00+09:00,2379.372314453125,2383.104663181679,2362.110201583563,2374.2403349513634,536000
2024-07-18 09:00:00+09:00,2378.439208984375,2398.0340396586284,2370.041424409695,2380.3053833343038,507900
2024-07-19 09:00:00+09:00,2357.91162109375,2387.7704148709563,2342.982224205147,2387.7704148709563,413800
2024-07-22 09:00:00+09:00,2361.17724609375,2370.9746620526453,2340.649326941779,2362.5768769450206,368600
2024-07-23 09:00:00+09:00,2357.91162109375,2383.5715219960366,2352.7796409132925,2377.5064545100417,395100
2024-07-24 09:00:00+09:00,2295.861328125,2356.0454596690206,2295.861328125,2356.0454596690206,665700
2024-07-25 09:00:00+09:00,2264.136474609375,2288.3967459219007,2254.8056010276346,2279.0658723401602,747700
2024-07-26 09:00:00+09:00,2249.673095703125,2272.0671870747033,2242.674942149507,2272.0671870747033,453900
2024-07-29 09:00:00+09:00,2286.996826171875,2309.390919941,2261.8034706816097,2261.8034706816097,460700
2024-07-30 09:00:00+09:00,2284.6640625,2292.5953038850316,2272.067385006126,2280.465170002042,430000
2024-07-31 09:00:00+09:00,2313.123291015625,2322.454163508629,2284.1975862873132,2304.2589621472716,688000
2024-08-01 09:00:00+09:00,2320.121337890625,2377.50620106387,2286.53019847214,2346.2477796605576,1098200
2024-08-02 09:00:00+09:00,2254.804931640625,2286.529892400311,2231.477754611444,2273.46667326397,974500
2024-08-05 09:00:00+09:00,2080.78466796875,2182.024639482028,1979.5446964554724,2146.1007786224777,2252200
2024-08-06 09:00:00+09:00,2184.357177734375,2218.8814048066397,2141.4351656985864,2185.756808561629,1340700
2024-08-07 09:00:00+09:00,2191.822021484375,2233.810949099018,2136.769871945176,2154.498530271359,1087400
2024-08-08 09:00:00+09:00,2172.22705078125,2237.543156260068,2170.360876338998,2191.821882424895,715200
2024-08-09 09:00:00+09:00,2176.892333984375,2208.1507536965382,2136.769586294136,2199.286425718462,687300
2024-08-13 09:00:00+09:00,2214.216064453125,2222.6138497797488,2183.424184922171,2183.424184922171,509500
2024-08-14 09:00:00+09:00,2248.739990234375,2263.6693843604126,2211.8830484857203,2213.749222751475,565900
2024-08-15 09:00:00+09:00,2273.00048828125,2284.1975350215516,2245.940958658854,2248.7402203439296,467200
2024-08-16 09:00:00+09:00,2283.264404296875,2302.85923571912,2271.1342705592947,2293.528363613289,461100
2024-08-19 09:00:00+09:00,2275.7998046875,2298.6604423319623,2256.671516046215,2267.4020194303507,341000
2024-08-20 09:00:00+09:00,2307.05810546875,2307.05810546875,2279.5320330273635,2300.0599514582277,328800
2024-08-21 09:00:00+09:00,2281.86474609375,2293.994879685743,2276.2662228974455,2278.1323972962136,290100
2024-08-22 09:00:00+09:00,2290.729248046875,2290.729248046875,2266.0024353897497,2268.8016971999905,367000
2024-08-23 09:00:00+09:00,2302.392822265625,2314.989500320574,2291.1957751056707,2291.1957751056707,255100
2024-08-26 09:00:00+09:00,2290.2626953125,2300.0601116094163,2277.199473583278,2300.0601116094163,289700
2024-08-27 09:00:00+09:00,2302.392822265625,2311.7236948989203,2291.1957751056707,2302.392822265625,264800
2024-08-28 09:00:00+09:00,2305.19189453125,2306.1249817178646,2281.398171272579,2294.461391885183,297700
2024-08-29 09:00:00+09:00,2297.727294921875,2312.656690543702,2296.7942076955105,2304.7254491196063,438600
2024-08-30 09:00:00+09:00,2313.123291015625,2323.853794382579,2302.859331273321,2304.7255057719217,332900
2024-09-02 09:00:00+09:00,2331.784912109375,2331.784912109375,2312.65662451504,2318.721691313244,318700
2024-09-03 09:00:00+09:00,2334.117919921875,2341.5826184465104,2322.4543284771325,2325.7201340816605,343300
2024-09-04 09:00:00+09:00,2262.736572265625,2308.457847334085,2257.1380487878546,2304.7254983489047,733500
2024-09-05 09:00:00+09:00,2263.203125,2280.4652391259533,2249.206816249227,2261.803494124923,418500
2024-09-06 09:00:00+09:00,2273.00048828125,2283.7309914073726,2259.9372670842313,2274.866662737967,586200
2024-09-09 09:00:00+09:00,2231.94482421875,2238.942978976961,2197.8871377287896,2233.8109988209394,621000
2024-09-10 09:00:00+09:00,2207.6845703125,2236.6102768550563,2206.2849393507636,2233.811014931583,554100
2024-09-11 09:00:00+09:00,2178.292236328125,2216.0822708414207,2155.431598165761,2209.550659937888,791700
2024-09-12 09:00:00+09:00,2196.4873046875,2205.818176839953,2182.0244528511976,2201.6192843713493,478600
2024-09-13 09:00:00+09:00,2190.888916015625,2194.6212651059413,2169.427908746307,2175.4929760180707,523500
2024-09-17 09:00:00+09:00,2206.751220703125,2222.147159452217,2187.1563895679174,2220.7475286568447,428100
2024-09-18 09:00:00+09:00,2226.8125,2229.611761470773,2206.751126126126,2208.6173004399748,429000
2024-09-19 09:00:00+09:00,2225.4130859375,2244.074830892951,2225.4130859375,2235.210502039112,417500
2024-09-20 09:00:00+09:00,2230.545166015625,2251.5396300337597,2226.346273211998,2227.7459041465404,665900
2024-09-24 09:00:00+09:00,2252.47265625,2271.6009451701016,2249.6733944568145,2267.402052480323,492600
2024-09-25 09:00:00+09:00,2267.868408203125,2287.46323913185,2254.805187583975,2283.26434678998,483300
2024-09-26 09:00:00+09:00,2295.394775390625,2295.394775390625,2256.2051084937116,2273.9337673280297,747700
2024-09-27 09:00:00+09:00,2333.492431640625,2340.159552873884,2293.4897042410716,2304.919054926658,562900
2024-09-30 09:00:00+09:00,2281.108154296875,2298.7284051755773,2263.011680421451,2285.8703842640916,670500
2024-10-01 09:00:00+09:00,2278.25048828125,2301.5854117607196,2269.678475574506,2287.298723916146,589000
2024-10-02 09:00:00+09:00,2284.917724609375,2301.5855279360376,2263.4876917608085,2269.678590139283,476100
2024-10-03 09:00:00+09:00,2300.63330078125,2320.158443677551,2294.44240181413,2308.729091738253,350700
2024-10-04 09:00:00+09:00,2317.777099609375,2323.491775014206,2301.1092963452847,2304.9190799485054,488000
2024-10-07 09:00:00+09:00,2343.969482421875,2351.1128270452655,2311.5863201291713,2343.01703647209,550000
2024-10-08 09:00:00+09:00,2294.918212890625,2316.8244668422685,2282.0601942668345,2297.7755503625785,572000
2024-10-09 09:00:00+09:00,2287.775146484375,2311.5862949698494,2274.4409033325096,2309.6814030910114,492400
2024-10-10 09:00:00+09:00,2290.63232421875,2303.0141205658783,2277.2980819987656,2300.15678294731,400300
2024-10-11 09:00:00+09:00,2289.20361328125,2298.728071834532,2273.4882566683355,2285.8700527876013,496200
2024-10-15 09:00:00+09:00,2277.7744140625,2304.9191227393894,2274.917076307038,2293.0135487582975,524900
2024-10-16 09:00:00+09:00,2293.48974609375,2303.4904281261356,2266.345037720132,2273.012159075056,494500
2024-10-17 09:00:00+09:00,2350.636474609375,2368.732946658637,2317.3008682028403,2321.1106517921585,747900
2024-10-18 09:00:00+09:00,2346.82666015625,2357.7797878314923,2338.7308701354186,2357.3035648890905,491000
2024-10-21 09:00:00+09:00,2308.25244140625,2351.1125032437913,2302.5377664945777,2344.445382513507,500300
2024-10-22 09:00:00+09:00,2324.92041015625,2329.682639591228,2291.584804111404,2298.251925320373,617200
2024-10-23 09:00:00+09:00,2312.53857421875,2341.1119503417162,2304.442784317243,2315.3959118310468,411300
2024-10-24 09:00:00+09:00,2305.87158203125,2318.729602005402,2286.822663551025,2314.919818309357,533600
2024-10-25 09:00:00+09:00,2305.87158203125,2312.062480537323,2289.203778361053,2305.87158203125,515700
2024-10-28 09:00:00+09:00,2330.635009765625,2339.6832453981438,2301.5854111559593,2312.0623155725602,422800
2024-10-29 09:00:00+09:00,2353.49365234375,2363.970556502302,2338.2545190222204,2343.0167481851986,497800
2024-10-30 09:00:00+09:00,2367.30419921875,2389.686677062902,2341.5881608446175,2343.0168296431802,2456700
2024-10-31 09:00:00+09:00,2431.1181640625,2433.4992788167237,2382.0672001254898,2401.11611815928,1232900
2024-11-01 09:00:00+09:00,2508.74267578125,2530.172710027673,2433.499444427143,2449.2148028745196,1766900
2024-11-05 09:00:00+09:00,2533.506103515625,2533.506103515625,2457.310431229441,2462.0726607473275,936800
2024-11-06 09:00:00+09:00,2485.8837890625,2541.1256510416665,2481.1215595815374,2537.3158674568967,900900
2024-11-07 09:00:00+09:00,2548.7451171875,2573.9849324361803,2485.8836905304092,2485.8836905304092,1243600
2024-11-08 09:00:00+09:00,2546.84033203125,2562.0794664039126,2524.4578534214015,2552.5550074209987,774900
2024-11-11 09:00:00+09:00,2561.603271484375,2571.6039535258647,2528.2676646794102,2530.648779451193,823600
2024-11-12 09:00:00+09:00,2564.936767578125,2583.5094623303617,2556.8409775579194,2571.6038887712357,832500
2024-11-13 09:00:00+09:00,2518.7431640625,2582.0808159476037,2510.1711510254186,2559.6983374618903,804400
2024-11-14 09:00:00+09:00,2463.50146484375,2513.504877526641,2452.548336351307,2490.1699516079584,878800
2024-11-15 09:00:00+09:00,2514.45703125,2523.029043856534,2480.1689808238634,2493.0269997336645,704100
2024-11-18 09:00:00+09:00,2513.98095703125,2560.1745832544043,2504.932720966921,2543.506779978008,540200
2024-11-19 09:00:00+09:00,2494.931884765625,2525.4101517297404,2483.5025346540815,2519.2192537526544,393600
2024-11-20 09:00:00+09:00,2474.454345703125,2521.124192869966,2463.5012183068256,2506.8375049617493,416700
2024-11-21 09:00:00+09:00,2423.974853515625,2462.07269011312,2414.450394366251,2457.786683495902,707300
2024-11-22 09:00:00+09:00,2442.54736328125,2446.8333695728334,2414.4502109253144,2433.4991277767963,877200
2024-11-25 09:00:00+09:00,2473.025634765625,2483.5025390530973,2448.262042813418,2453.9767178793118,1266000
2024-11-26 09:00:00+09:00,2455.405517578125,2491.122238644525,2444.4523897844288,2473.501989585101,500200
2024-11-27 09:00:00+09:00,2416.35498046875,2458.2625954236673,2403.4969622439457,2446.357022993293,468000
2024-11-28 09:00:00+09:00,2403.020751953125,2426.355674039075,2393.49629395886,2415.40254734567,365300
2024-11-29 09:00:00+09:00,2386.829345703125,2420.16495109004,2383.4957851644335,2416.8313905513487,351000
2024-12-02 09:00:00+09:00,2402.544677734375,2417.307588539086,2381.1146459210854,2384.448206425375,570500
2024-12-03 09:00:00+09:00,2407.783447265625,2426.356143951416,2391.1156425476074,2399.2114334106445,607500
2024-12-04 09:00:00+09:00,2366.827880859375,2413.497726397447,2366.827880859375,2411.116611829178,545500
2024-12-05 09:00:00+09:00,2354.446044921875,2384.9243108755563,2336.825797417403,2379.209636009241,508200
2024-12-06 09:00:00+09:00,2347.779052734375,2387.7817789878613,2344.92171514484,2372.06642224542,544200
2024-12-09 09:00:00+09:00,2343.969482421875,2369.685523066081,2341.112144572519,2357.3037257188707,520000
2024-12-10 09:00:00+09:00,2342.064208984375,2363.494239363451,2342.064208984375,2355.3984501091336,522200
2024-12-11 09:00:00+09:00,2351.588623046875,2374.9235445797417,2342.064165278358,2354.44596037743,721900
2024-12-12 09:00:00+09:00,2393.97265625,2405.8782294360453,2353.017484490004,2353.017484490004,911200
2024-12-13 09:00:00+09:00,2436.8330078125,2466.3588328045607,2407.3071828204393,2439.2141227312145,1452300
2024-12-16 09:00:00+09:00,2487.78857421875,2493.979472278636,2435.8802751012454,2436.832720956613,1109400
2024-12-17 09:00:00+09:00,2423.022216796875,2485.883642232643,2423.022216796875,2476.359183833284,603400
2024-12-18 09:00:00+09:00,2418.736328125,2450.6432653142842,2413.4978757506397,2426.832118158102,466300
2024-12-19 09:00:00+09:00,2367.7802734375,2415.4025637318987,2363.494267311004,2405.401882770075,568300
2024-12-20 09:00:00+09:00,2342.064208984375,2380.1620407693995,2324.443961783801,2378.257149180148,1103700
2024-12-23 09:00:00+09:00,2387.78173828125,2393.972636286367,2345.8741210158432,2347.7790127097255,734100
2024-12-24 09:00:00+09:00,2477.311767578125,2485.4075576682494,2397.306312569835,2402.068542034614,1137200
2024-12-25 09:00:00+09:00,2442.54736328125,2477.3116365352043,2433.9753506980833,2477.3116365352043,444800
2024-12-26 09:00:00+09:00,2436.8330078125,2442.547683617415,2413.498081609097,2436.356784828757,493600
2024-12-27 09:00:00+09:00,2460.643798828125,2464.92980505794,2433.9753156203883,2446.833334309833,470100
2024-12-30 09:00:00+09:00,2449.690673828125,2492.074513247002,2443.9759988502988,2482.0738320358064,367900
2025-01-06 09:00:00+09:00,2442.54736328125,2483.0263115906487,2425.4033381149166,2479.2165282203523,570400
2025-01-07 09:00:00+09:00,2401.592529296875,2431.59457755103,2401.116306308714,2420.1652258351614,515900
2025-01-08 09:00:00+09:00,2368.256591796875,2400.639750502322,2368.256591796875,2392.5439608259603,552500
2025-01-09 09:00:00+09:00,2339.683349609375,2374.9238478530333,2338.254680761659,2367.780503614454,551100
2025-01-10 09:00:00+09:00,2346.82666015625,2351.1126666378664,2325.872850690569,2338.254647193017,450500
2025-01-14 09:00:00+09:00,2314.443359375,2359.2083132394546,2294.4419970100307,2357.3034215856483,624700
2025-01-15 09:00:00+09:00,2317.30078125,2322.5392334887483,2305.8714309109123,2317.30078125,358200
2025-01-16 09:00:00+09:00,2299.6806640625,2328.7302644989904,2293.965988566797,2327.77781858304,602000
2025-01-17 09:00:00+09:00,2319.68212890625,2329.206588478848,2291.584973167086,2293.4898650816053,572200
2025-01-20 09:00:00+09:00,2338.254638671875,2347.3028745445363,2315.3959375198892,2315.8721604605557,388800
2025-01-21 09:00:00+09:00,2317.30078125,2352.5412781288533,2313.0147748728423,2347.7790488209002,440000
2025-01-22 09:00:00+09:00,2322.06298828125,2326.825217543517,2301.1091795272764,2323.9678799861567,392800
2025-01-23 09:00:00+09:00,2320.63427734375,2329.6825127776783,2301.5853606407436,2312.062264827397,421600
2025-01-24 09:00:00+09:00,2331.111328125,2356.351144343718,2330.635105177477,2333.492442862615,565800
2025-01-27 09:00:00+09:00,2355.875,2355.875,2327.777845158682,2347.779209621993,633800
2025-01-28 09:00:00+09:00,2307.300048828125,2344.4454366111167,2307.300048828125,2343.016767850232,889400
2025-01-29 09:00:00+09:00,2317.30078125,2319.205672973181,2304.9189850493217,2309.6812143572747,380300
2025-01-30 09:00:00+09:00,2341.11181640625,2341.11181640625,2305.3950982959022,2309.681104469144,602800
2025-01-31 09:00:00+09:00,2335.397216796875,2351.112573272058,2322.0629749391437,2333.492325102913,661800
2025-02-03 09:00:00+09:00,2424.451171875,2442.5476449709045,2345.8743808006775,2392.544232469063,1622400
2025-02-04 09:00:00+09:00,2376.82861328125,2428.7369119884543,2349.6839066178495,2428.7369119884543,1235000
2025-02-05 09:00:00+09:00,2366.351806640625,2380.6384949479743,2348.255334784649,2376.828711399348,615800
2025-02-06 09:00:00+09:00,2356.351318359375,2383.9722513555034,2349.684196601689,2371.114230822823,520100
2025-02-07 09:00:00+09:00,2352.06494140625,2356.350947576053,2341.5880374356207,2355.874724668297,380900
2025-02-10 09:00:00+09:00,2343.016845703125,2362.5419860839843,2330.6350493640434,2352.5413044254956,515300
2025-02-12 09:00:00+09:00,2356.827392578125,2376.828756588689,2341.1120351412533,2376.3525336360567,514100
2025-02-13 09:00:00+09:00,2378.733642578125,2380.162311432526,2359.208501567974,2370.6378524031843,482900
2025-02-14 09:00:00+09:00,2379.209716796875,2396.3537419779573,2368.7328125195468,2378.2572709534816,528100
2025-02-17 09:00:00+09:00,2389.210693359375,2407.7833896003585,2383.496017592918,2392.068031242603,406800
2025-02-18 09:00:00+09:00,2412.0693359375,2422.5462412466068,2391.5917482878826,2408.73577515733,452400
2025-02-19 09:00:00+09:00,2394.92529296875,2418.736441238473,2392.0679551763833,2408.7357589651892,434800
2025-02-20 09:00:00+09:00,2364.9228515625,2398.734676464018,2357.30328538751,2398.734676464018,488400
2025-02-21 09:00:00+09:00,2359.20849609375,2383.019643611854,2341.1120239799907,2377.304968207509,639200
2025-02-25 09:00:00+09:00,2477.787841796875,2487.3123001547337,2405.878181195044,2406.83062703083,1526300
2025-02-26 09:00:00+09:00,2465.882080078125,2481.1212122840925,2449.2142792278482,2467.786971603871,754900
2025-02-27 09:00:00+09:00,2463.50146484375,2470.6448095127344,2450.167221461646,2457.3105661306304,416500
2025-02-28 09:00:00+09:00,2456.35791015625,2490.1697386985325,2453.5005725329584,2471.597044147138,763400
2025-03-03 09:00:00+09:00,2476.835693359375,2480.1692541848925,2453.9769905558273,2456.358105431197,960000
2025-03-04 09:00:00+09:00,2459.69140625,2461.596297948935,2438.26137463698,2458.2627374757985,770800
2025-03-05 09:00:00+09:00,2468.263427734375,2478.7403321160373,2443.976058485976,2447.7858418974893,773100
2025-03-06 09:00:00+09:00,2446.35693359375,2480.644980940207,2443.0233734350663,2459.214951348671,545600
2025-03-07 09:00:00+09:00,2466.834716796875,2466.834716796875,2433.0228895975356,2443.0235708818473,567600
2025-03-10 09:00:00+09:00,2429.689208984375,2476.3590526692965,2425.8794258264224,2475.4066068798084,613700
2025-03-11 09:00:00+09:00,2419.212646484375,2439.690233846349,2382.543478417584,2429.689551646315,741900
2025-03-12 09:00:00+09:00,2462.072509765625,2471.5969682173295,2403.020867365057,2403.020867365057,585800
2025-03-13 09:00:00+09:00,2473.978271484375,2475.4069403610742,2432.5468740600936,2440.1664414024904,496900
2025-03-14 09:00:00+09:00,2489.217529296875,2498.2657659635365,2464.9301571916253,2475.4070628056547,700100
2025-03-17 09:00:00+09:00,2517.79052734375,2534.9345521185514,2483.9787007045584,2499.2178338377153,547100
2025-03-18 09:00:00+09:00,2537.792236328125,2550.1740336905814,2519.21954028444,2533.506229548813,566400
2025-03-19 09:00:00+09:00,2574.461181640625,2580.6520797836747,2537.792015716406,2537.792015716406,640400
2025-03-21 09:00:00+09:00,2564.936767578125,2590.6528064658373,2559.2220922697447,2571.6038887712357,784300
2025-03-24 09:00:00+09:00,2559.6982421875,2573.032484193314,2544.935331395349,2568.7464778343024,484200
2025-03-25 09:00:00+09:00,2540.173095703125,2558.2695669511036,2516.3619493242054,2527.3150766585086,509900
2025-03-26 09:00:00+09:00,2549.697509765625,2556.840853554658,2524.933917963643,2553.507293119776,672500
2025-03-27 09:00:00+09:00,2531.124755859375,2552.5547867180153,2520.64785188404,2549.6974492701966,620200
2025-03-28 09:00:00+09:00,2508.798583984375,2548.5976716003006,2499.576844170929,2538.405222332807,665000
2025-03-31 09:00:00+09:00,2457.83642578125,2473.8531323473603,2439.392945493002,2472.3970681140772,638400
2025-04-01 09:00:00+09:00,2486.95751953125,2522.3884131545483,2484.045391288239,2504.9156436964836,948000
2025-04-02 09:00:00+09:00,2500.547607421875,2521.4178611328884,2486.9576747728433,2514.6228948083726,997100
2025-04-03 09:00:00+09:00,2481.13330078125,2491.811104501357,2432.597829326218,2444.731697189976,922500
2025-04-04 09:00:00+09:00,2472.882568359375,2472.882568359375,2421.9203171959334,2455.8951513048946,1012100
2025-04-07 09:00:00+09:00,2285.535400390625,2349.1168693757963,2208.8493538283574,2248.163086559646,1463700
2025-04-08 09:00:00+09:00,2362.221435546875,2392.7987830791235,2339.4097635783723,2339.4097635783723,856700
2025-04-09 09:00:00+09:00,2307.861572265625,2348.146011907696,2285.049901624934,2348.146011907696,622200
2025-04-10 09:00:00+09:00,2415.125244140625,2426.7737581798883,2365.133704722119,2426.7737581798883,694300
2025-04-11 09:00:00+09:00,2399.1083984375,2409.786202355288,2347.1754430191686,2393.2841417550703,575700
2025-04-14 09:00:00+09:00,2403.4765625,2414.1543662913973,2388.915920966276,2407.3594002423265,542800
2025-04-15 09:00:00+09:00,2383.091796875,2407.359534114053,2369.016509276349,2393.769601260183,513000
2025-04-16 09:00:00+09:00,2374.35546875,2379.694371071392,2349.6023761690003,2373.38475923702,573900
2025-04-17 09:00:00+09:00,2336.497802734375,2396.1964379101805,2332.129609916633,2379.694376154267,733900
2025-04-18 09:00:00+09:00,2368.531005859375,2373.3845530025296,2348.6314625724417,2355.9117832871734,454100
2025-04-21 09:00:00+09:00,2336.012451171875,2366.1044461796987,2327.761420282633,2353.9705772249313,448500
2025-04-22 09:00:00+09:00,2444.246337890625,2450.555949167944,2353.4850064399607,2360.7653271445593,1007200
2025-04-23 09:00:00+09:00,2467.54345703125,2481.6187442566447,2450.5560414143943,2468.9995212269805,923900
2025-04-24 09:00:00+09:00,2422.890625,2484.5306709485176,2422.890625,2467.5432567107373,449000
2025-04-25 09:00:00+09:00,2440.84912109375,2469.485052321535,2434.539509128306,2449.5855068920573,442100
2025-04-28 09:00:00+09:00,2438.422119140625,2492.7818479112757,2434.0539266501264,2450.0706324486214,503900
2025-04-30 09:00:00+09:00,2431.141845703125,2463.175257924408,2402.020561865595,2455.8949369650254,895000
2025-05-01 09:00:00+09:00,2429.685791015625,2443.2757235262998,2403.476635459324,2414.639794307378,573600
2025-05-02 09:00:00+09:00,2452.49755859375,2455.4096871018764,2415.1252427394616,2426.288402020613,451000
2025-05-07 09:00:00+09:00,2443.760986328125,2466.572657898616,2432.1124731857467,2454.9241447562376,558900
2025-05-08 09:00:00+09:00,2449.585205078125,2455.4094615593885,2426.7735338598427,2450.070559784897,544700
2025-05-09 09:00:00+09:00,2451.04150390625,2480.162789101176,2446.1879563737625,2464.1460822439667,709100
2025-05-12 09:00:00+09:00,2427.259033203125,2476.765216243861,2421.9201311104966,2425.317614260351,1235500
2025-05-13 09:00:00+09:00,2387.4599609375,2427.2590495321074,2386.003896720624,2426.773694793149,789900
2025-05-14 09:00:00+09:00,2397.65234375,2397.65234375,2359.7946751644736,2380.1795736336035,843400
2025-05-15 09:00:00+09:00,2385.5185546875,2391.3428115860247,2360.765462868769,2373.3846861489064,442900
2025-05-16 09:00:00+09:00,2391.828125,2397.6523817978896,2366.589678875812,2391.828125,369600
2025-05-19 09:00:00+09:00,2395.2255859375,2399.593778495441,2378.238170434397,2393.7695217515197,334500
2025-05-20 09:00:00+09:00,2370.47265625,2393.769684812654,2365.619108632781,2391.342911004044,411600
2025-05-21 09:00:00+09:00,2373.384521484375,2396.6815474621358,2373.384521484375,2378.238068563075,665900
2025-05-22 09:00:00+09:00,2365.133544921875,2365.133544921875,2345.2340014493125,2357.8532241392304,759800
2025-05-23 09:00:00+09:00,2355.911865234375,2376.2967639446847,2346.204770610418,2375.3260544822892,758000
2025-05-26 09:00:00+09:00,2361.736083984375,2374.355306792347,2356.882536750539,2362.2214387077584,330600
2025-05-27 09:00:00+09:00,2350.087646484375,2365.1336433949523,2345.234099093866,2363.6775791777995,424100
2025-05-28 09:00:00+09:00,2342.807373046875,2365.133691497291,2341.8366635490306,2364.6483367483684,503500
2025-05-29 09:00:00+09:00,2352.02880859375,2352.02880859375,2338.438877384376,2343.2924242448667,559200
2025-05-30 09:00:00+09:00,2352.514404296875,2360.765434805034,2342.807309581394,2351.058340089553,859700
2025-06-02 09:00:00+09:00,2341.351318359375,2354.9412513846783,2336.012416099434,2350.573058626545,978000
2025-06-03 09:00:00+09:00,2310.28857421875,2330.18811866055,2303.493607823989,2327.2759902056523,1676700
2025-06-04 09:00:00+09:00,2300.581298828125,2326.7904528654076,2300.581298828125,2314.1712305511605,721500
2025-06-05 09:00:00+09:00,2300.581298828125,2312.229811733584,2286.5060124006955,2299.610589419337,780400
2025-06-06 09:00:00+09:00,2296.698486328125,2310.288418199889,2296.698486328125,2301.066678715478,478700
2025-06-09 09:00:00+09:00,2283.108642578125,2296.6985749744235,2279.225804750611,2288.932899319396,659600
2025-06-10 09:00:00+09:00,2287.962158203125,2299.6106715244814,2281.167192099,2294.75712430725,636900
2025-06-11 09:00:00+09:00,2284.079345703125,2290.3889571553436,2270.004058617407,2287.4768287927814,886000
2025-06-12 09:00:00+09:00,2287.962158203125,2293.786414863803,2268.547969334197,2285.0500298727857,737500
2025-06-13 09:00:00+09:00,2294.271728515625,2299.125275645973,2271.945411716023,2279.2257324115453,808400
2025-06-16 09:00:00+09:00,2302.037353515625,2320.480832207085,2301.066644110811,2310.288383456541,626900
2025-06-17 09:00:00+09:00,2307.861572265625,2307.861572265625,2284.5645469304513,2290.8741579587277,706900
2025-06-18 09:00:00+09:00,2342.322021484375,2344.2634404827045,2308.347189013611,2309.3178985127756,805300
2025-06-19 09:00:00+09:00,2344.263427734375,2352.029103685462,2329.702785326087,2347.660910962976,581800
2025-06-20 09:00:00+09:00,2338.439208984375,2351.543787365981,2325.334630602769,2344.748820797741,892500
2025-06-23 09:00:00+09:00,2316.59814453125,2349.116911697308,2306.891049854815,2348.146202229664,688500
2025-06-24 09:00:00+09:00,2323.87841796875,2342.3218974764386,2314.6566782149057,2328.7319652076153,583900
2025-06-25 09:00:00+09:00,2308.34716796875,2322.4224555783153,2300.5814920462312,2322.4224555783153,689000
2025-06-26 09:00:00+09:00,2353.485107421875,2354.9411716252707,2314.6567286646573,2315.1420833991224,888300
2025-06-27 09:00:00+09:00,2373.384521484375,2374.355230900115,2349.116786090874,2353.4849784617045,792000
2025-06-30 09:00:00+09:00,2384.062255859375,2392.3132856536768,2374.3551619837262,2380.1794183091156,938100
2025-07-01 09:00:00+09:00,2405.9033203125,2413.66899574623,2372.899199719147,2383.091648725918,932800
2025-07-02 09:00:00+09:00,2424.346923828125,2430.6565354416916,2407.844862684951,2416.0958932565377,790300
2025-07-03 09:00:00+09:00,2429.685791015625,2439.878240398631,2409.786246982137,2418.0372774350467,602900
2025-07-04 09:00:00+09:00,2463.17529296875,2469.4849045566502,2413.6691097406097,2436.4807824045565,688800
2025-07-07 09:00:00+09:00,2476.27978515625,2518.50564585962,2452.497403840559,2454.9241774442007,1054300
2025-07-08 09:00:00+09:00,2500.547607421875,2520.932506395423,2441.8196841885588,2446.673231563213,1055100
2025-07-09 09:00:00+09:00,2517.0498046875,2527.242254725764,2499.091678429606,2500.5477427207866,838100
2025-07-10 09:00:00+09:00,2464.63134765625,2506.857209658238,2449.099996115289,2499.5768886234123,986600
2025-07-11 09:00:00+09:00,2414.639892578125,2461.719303548995,2414.639892578125,2450.0707894943466,767800
2025-07-14 09:00:00+09:00,2452.49755859375,2456.3803966045853,2421.9202092584233,2436.9662065504094,690700
2025-07-15 09:00:00+09:00,2455.409423828125,2488.413543381458,2452.4972956322426,2465.6018725137133,657400
2025-07-16 09:00:00+09:00,2451.52685546875,2460.748595768474,2435.510148632387,2451.0415007161328,610200
2025-07-17 09:00:00+09:00,2441.819580078125,2452.9827385638728,2422.4053914072592,2436.480678193637,464600
2025-07-18 09:00:00+09:00,2449.585205078125,2455.4094615593885,2436.965982702054,2450.070559784897,450100
2025-07-22 09:00:00+09:00,2458.32177734375,2480.6480955585203,2443.2757802859696,2466.0874532445396,768600
2025-07-23 09:00:00+09:00,2508.798583984375,2517.5349690707976,2465.602013279285,2473.367688911661,863000
2025-07-24 09:00:00+09:00,2518.505859375,2528.2129546125216,2497.6356046143283,2511.225537946859,825700
2025-07-25 09:00:00+09:00,2501.032958984375,2523.359276879442,2497.150121089581,2518.505729510949,711000
2025-07-28 09:00:00+09:00,2470.94091796875,2510.7400056280385,2465.602015965675,2506.371813080068,844000
2025-07-29 09:00:00+09:00,2494.23779296875,2495.208502364729,2468.9993486732888,2470.940767465247,540300
2025-07-30 09:00:00+09:00,2503.945068359375,2513.166808289367,2490.355135830966,2494.723328429383,557000
2025-07-31 09:00:00+09:00,2532.095458984375,2569.4677707232663,2512.19591637016,2519.961591536683,1205400
2025-08-01 09:00:00+09:00,2601.98681640625,2646.154098684364,2571.4094671367866,2572.3801766374045,1539700
2025-08-04 09:00:00+09:00,2532.580810546875,2575.2920239098735,2524.3297806926594,2572.865250423339,790100
2025-08-05 09:00:00+09:00,2595.19189453125,2618.4889229467167,2539.8614520445167,2540.832161561828,906800
2025-08-06 09:00:00+09:00,2630.62255859375,2637.4175246122577,2599.074502079249,2599.074502079249,636800
2025-08-07 09:00:00+09:00,2682.5556640625,2684.0117282912292,2612.664581083488,2637.9030277147976,768800
2025-08-08 09:00:00+09:00,2717.015869140625,2739.8275422112947,2695.1749055623245,2698.5723887856157,830400
2025-08-12 09:00:00+09:00,2719.4423828125,2751.9611476971045,2702.940323020313,2719.92773751227,1072700
2025-08-13 09:00:00+09:00,2735.459228515625,2738.856711588657,2715.074330077432,2720.4132320493395,579600
2025-08-14 09:00:00+09:00,2730.120361328125,2743.2249390624997,2702.9404963975694,2714.1036552083333,712900
2025-08-15 09:00:00+09:00,2820.396484375,2829.6182247300376,2745.6518520236405,2745.6518520236405,1143400
2025-08-18 09:00:00+09:00,2784.47998046875,2839.325062879935,2773.802176813475,2824.764421531833,713700
2025-08-19 09:00:00+09:00,2794.187255859375,2799.0408032900846,2758.7563596151967,2774.287711393467,569700
2025-08-20 09:00:00+09:00,2792.245849609375,2832.53029346781,2783.994818939575,2816.5135868734924,625700
2025-08-21 09:00:00+09:00,2773.31689453125,2786.906826811067,2750.9905772144075,2786.906826811067,548000
2025-08-22 09:00:00+09:00,2804.379638671875,2805.3503481348976,2757.785584446797,2770.404807466089,566400
2025-08-25 09:00:00+09:00,2771.86083984375,2812.630636822716,2763.6098095027687,2808.262444289255,611700
2025-08-26 09:00:00+09:00,2716.530517578125,2768.463475480726,2687.8945875196814,2766.522056493713,1152100
2025-08-27 09:00:00+09:00,2750.990478515625,2764.095055601003,2717.0156490350155,2717.9863584487475,678100
2025-08-28 09:00:00+09:00,2766.52197265625,2776.2290672971494,2738.3713981976425,2744.681009714227,487700
2025-08-29 09:00:00+09:00,2727.693603515625,2766.0366274796347,2724.781475113295,2757.300242272645,532900
2025-09-01 09:00:00+09:00,2721.869384765625,2750.9906691960705,2714.589063658014,2737.4007364618624,565300
2025-09-02 09:00:00+09:00,2755.84423828125,2760.212430980181,2719.9279872011493,2724.7815346444063,683300
2025-09-03 09:00:00+09:00,2722.840087890625,2764.580595476827,2711.1915741456382,2760.212402822457,1015900
2025-09-04 09:00:00+09:00,2753.41748046875,2761.6685111699608,2727.6936788708576,2743.225030779019,644600
2025-09-05 09:00:00+09:00,2757.300048828125,2766.5217881218646,2740.797989039328,2747.1076001350443,432600
2025-09-08 09:00:00+09:00,2783.99462890625,2799.040624982975,2750.0197990555807,2761.668312147239,675500
2025-09-09 09:00:00+09:00,2766.52197265625,2802.9235775596217,2757.785587479441,2793.7018376507676,905300
2025-09-10 09:00:00+09:00,2771.86083984375,2813.115991548656,2760.212326421188,2767.492647310289,1149400
2025-09-11 09:00:00+09:00,2812.145263671875,2821.8523581270765,2776.7143689103896,2795.6432030980322,942700
2025-09-12 09:00:00+09:00,2800.496826171875,2819.911015608075,2783.5094104152,2799.04076196416,687700
2025-09-16 09:00:00+09:00,2817.484130859375,2822.823032743863,2791.2749761537066,2802.4381346394543,609300
2025-09-17 09:00:00+09:00,2752.93212890625,2795.1579919554115,2742.254324457037,2790.789799226188,636700
2025-09-18 09:00:00+09:00,2734.488525390625,2762.1537447635865,2713.1329174536017,2758.7562616826963,631300
2025-09-19 09:00:00+09:00,2718.95703125,2740.3126380645303,2699.5428432367903,2719.4423859503304,789500
2025-09-22 09:00:00+09:00,2708.279296875,2732.5470325100805,2708.279296875,2713.618198714718,457000
2025-09-24 09:00:00+09:00,2713.6181640625,2716.530292301523,2689.835783443816,2704.3964246389287,443400
2025-09-25 09:00:00+09:00,2743.71044921875,2747.5932872859266,2710.2209708893506,2714.5891637149243,601900
2025-09-26 09:00:00+09:00,2755.35888671875,2761.6684984022704,2737.400761157962,2746.137146565913,620400
2025-09-29 09:00:00+09:00,2761.28759765625,2769.1925183151334,2738.0668932207795,2762.7697702797905,484400
2025-09-30 09:00:00+09:00,2741.525146484375,2761.2874470537345,2710.893580601868,2754.3706418544584,622400
2025-10-01 09:00:00+09:00,2733.126220703125,2753.3825791718214,2717.810437470696,2730.1618755613645,676000
2025-10-02 09:00:00+09:00,2697.06005859375,2739.0549486799323,2674.333412194169,2722.2569926454594,698300
2025-10-03 09:00:00+09:00,2720.77490234375,2728.679823069644,2691.131449621646,2697.060140166067,778600
2025-10-06 09:00:00+09:00,2794.389404296875,2850.7119630114867,2773.1449303957497,2845.7713876856437,1155200
2025-10-07 09:00:00+09:00,2813.16357421875,2840.830795883002,2803.282423624374,2803.282423624374,878500
2025-10-08 09:00:00+09:00,2776.109375,2820.5745545248265,2776.109375,2793.401389259655,895000
2025-10-09 09:00:00+09:00,2796.36572265625,2809.2112189087343,2776.109363181178,2776.109363181178,592300
2025-10-10 09:00:00+09:00,2751.900390625,2788.460647161131,2743.501412772105,2768.6983463307897,693300
2025-10-14 09:00:00+09:00,2793.895263671875,2797.8477238150003,2719.786635988271,2722.256923577724,1105400
2025-10-15 09:00:00+09:00,2830.94970703125,2830.94970703125,2794.3894490346856,2794.3894490346856,790500
2025-10-16 09:00:00+09:00,2891.224609375,2902.093874823778,2835.890167090311,2838.360454692306,1013800
2025-10-17 09:00:00+09:00,2867.510009765625,2945.077044833372,2851.206110674952,2877.8852182778714,1154200
2025-10-20 09:00:00+09:00,2895.671142578125,2919.3859036843783,2875.9088416562477,2912.469098361721,590300
2025-10-21 09:00:00+09:00,2902.588134765625,2928.2791276180183,2889.248580784574,2895.177271442819,903400
2025-10-22 09:00:00+09:00,2924.820556640625,2930.2551894316803,2875.4148039946685,2883.3197244180215,780600
2025-10-23 09:00:00+09:00,2955.9462890625,2963.8512097753533,2916.915743042788,2934.7018146467076,738800
2025-10-24 09:00:00+09:00,2994.976806640625,3022.644028872871,2954.464088371979,2955.452203451702,757200
2025-10-27 09:00:00+09:00,2987.07177734375,3027.5844941386868,2977.1906269059605,3014.7389985695604,828900
2025-10-28 09:00:00+09:00,2878.379150390625,3009.7984524853564,2868.0039423305147,3009.7984524853564,1384200
2025-10-29 09:00:00+09:00,2851.7001953125,2912.4692743186397,2851.7001953125,2893.201029755717,1062100
2025-10-30 09:00:00+09:00,2912.963134765625,2916.915594921345,2858.6168076244753,2858.6168076244753,880600
2025-10-31 09:00:00+09:00,2895.671142578125,2955.946160389852,2885.2959345941395,2925.3145939609417,1158300
2025-11-04 09:00:00+09:00,2782.0380859375,2858.6170067899798,2771.6628773058737,2818.5983449251357,2071300
2025-11-05 09:00:00+09:00,2790.930908203125,2801.8001735563676,2722.750970987329,2762.7696297879047,1523800
2025-11-06 09:00:00+09:00,2820.574462890625,2822.550693027525,2785.002320426424,2792.9072409740243,1414100
2025-11-07 09:00:00+09:00,2821.5625,2827.491190246892,2792.4131062861143,2796.365566450709,821100
2025-11-10 09:00:00+09:00,2845.771484375,2854.1704627143013,2803.7765926784937,2853.18234761556,715000
2025-11-11 09:00:00+09:00,2891.224609375,2891.224609375,2847.7475475798874,2855.6524679062713,954500
2025-11-12 09:00:00+09:00,2857.134765625,2892.7069086519755,2844.2892695319256,2863.557513671537,938800
2025-11-13 09:00:00+09:00,2921.3623046875,2924.8207075511586,2873.438722148233,2873.438722148233,615400
2025-11-14 09:00:00+09:00,2905.058349609375,2932.231514444157,2879.8614149443956,2879.8614149443956,710700
2025-11-17 09:00:00+09:00,2925.314697265625,2935.195848075507,2889.742554350049,2909.0107984293195,780700
2025-11-18 09:00:00+09:00,2872.944580078125,2932.725542105546,2862.569371792374,2919.880046132712,710100
2025-11-19 09:00:00+09:00,2885.2958984375,2899.6235664263163,2845.771297089041,2874.9206905835294,653100
2025-11-20 09:00:00+09:00,2941.61865234375,2972.2502204400403,2915.433602196921,2924.8206956457843,938000
2025-11-21 09:00:00+09:00,2944.5830078125,2969.2858853948196,2909.504921645606,2944.5830078125,929500
2025-11-25 09:00:00+09:00,3038.453857421875,3046.3587780265498,2949.523500619284,2954.4640759972053,1014300
2025-11-26 09:00:00+09:00,3100.705078125,3114.5386890535374,3038.4538289465822,3042.4062892118786,1168500
2025-11-27 09:00:00+09:00,3105.645751953125,3132.3248595900113,3097.7408311718254,3117.5031331250743,558600
2025-11-28 09:00:00+09:00,3109.59814453125,3134.301021434104,3082.919037476168,3092.8001882373096,688100
2025-12-01 09:00:00+09:00,3026.596435546875,3109.5981007724504,3004.857904178272,3109.5981007724504,860100
2025-12-02 09:00:00+09:00,2991.0244140625,3023.632212431863,2985.0957234498887,3012.7629463087424,883900
2025-12-03 09:00:00+09:00,3007.822265625,3011.7747258952036,2968.2976629229634,2993.0005396117363,1009700
2025-12-04 09:00:00+09:00,2970.27392578125,3016.715334467783,2970.27392578125,3007.8222987618515,1014900
2025-12-05 09:00:00+09:00,2929.76123046875,2984.1075602076307,2927.7850002964274,2970.27394900137,852400
2025-12-08 09:00:00+09:00,2991.0244140625,2997.9412197772135,2931.243450385334,2943.100831610557,673700
2025-12-09 09:00:00+09:00,2999.91748046875,3024.6203582723465,2981.1432933380165,3016.7154373751955,633200
2025-12-10 09:00:00+09:00,3069.08544921875,3071.061679385665,2999.9173933767306,3023.632155379709,709400
2025-12-11 09:00:00+09:00,3016.71533203125,3085.883387465966,3016.71533203125,3069.085431146106,789200
2025-12-12 09:00:00+09:00,3052.287353515625,3052.287353515625,2998.9291414438076,3017.7033271727805,809300
2025-12-15 09:00:00+09:00,3088.84765625,3100.7050368881955,3049.323054122681,3053.2755143354125,632900
2025-12-16 09:00:00+09:00,3047.346923828125,3105.645713875421,3047.346923828125,3093.788332848852,564700
2025-12-17 09:00:00+09:00,3016.71533203125,3058.2161652920795,3008.8104114101397,3047.346899438053,594800
2025-12-18 09:00:00+09:00,3046.35888671875,3058.2162680488264,3014.73920317188,3047.3470018295898,698600
2025-12-19 09:00:00+09:00,3054.263671875,3069.085397878923,3043.39440613879,3044.382521205718,655100
2025-12-22 09:00:00+09:00,3052.287353515625,3085.8832648201023,3045.370548247056,3071.0615392445975,462400
2025-12-23 09:00:00+09:00,3069.08544921875,3081.9309453036967,3052.287492799974,3069.08544921875,483900
2025-12-24 09:00:00+09:00,3090.823974609375,3121.4555421326777,3080.942823795406,3090.823974609375,435200
2025-12-25 09:00:00+09:00,3099.717041015625,3099.717041015625,3077.978509009777,3092.8002353774004,455200
2025-12-26 09:00:00+09:00,3113.550537109375,3119.4792274370984,3092.800120962343,3092.800120962343,286900
2025-12-29 09:00:00+09:00,3129.3603515625,3144.1820772566703,3110.5861656832176,3113.550510822052,407800
2025-12-30 09:00:00+09:00,3125.407958984375,3159.9919863522073,3125.407958984375,3159.9919863522073,452300
2026-01-05 09:00:00+09:00,3216.314453125,3249.9103644633255,3159.003780841974,3161.9681259600616,926200
2026-01-06 09:00:00+09:00,3230.148193359375,3244.969919544872,3200.5047409883805,3200.5047409883805,755000
2026-01-07 09:00:00+09:00,3197.540283203125,3224.2193893979597,3182.7185575393282,3202.4808584243906,725300
2026-01-08 09:00:00+09:00,3215.326416015625,3230.1481419652973,3186.6710791795913,3186.6710791795913,569000
2026-01-09 09:00:00+09:00,3206.433349609375,3263.7440227302823,3186.6710485332,3236.076801223637,780900
2026-01-13 09:00:00+09:00,3299.316162109375,3308.209197586759,3258.803444934627,3293.3874717911194,677500
2026-01-14 09:00:00+09:00,3312.16162109375,3330.9358068935057,3285.482514957255,3310.185391009565,580000
2026-01-15 09:00:00+09:00,3289.43505859375,3320.0666256758786,3278.5657928549304,3290.4231736609154,599400
2026-01-16 09:00:00+09:00,3299.316162109375,3310.185427692844,3249.910409457243,3304.2567373745883,459700
2026-01-19 09:00:00+09:00,3325.995361328125,3338.8408573760353,3283.5064128619606,3296.351908909871,566100
2026-01-20 09:00:00+09:00,3328.959716796875,3334.8884072987394,3291.4113436184,3325.995371545943,488900
2026-01-21 09:00:00+09:00,3315.1259765625,3317.10220665285,3278.5657198910208,3286.4706402524216,426100
2026-01-22 09:00:00+09:00,3336.864501953125,3362.555493084538,3318.0903161263236,3352.6743426493795,529500
2026-01-23 09:00:00+09:00,3321.0546875,3348.7219089370724,3308.209191832788,3321.0546875,477600
2026-01-26 09:00:00+09:00,3256.827392578125,3306.233147926701,3256.827392578125,3303.2688026057863,545200
2026-01-27 09:00:00+09:00,3218.290771484375,3263.744064541876,3201.492815354429,3255.839144010137,624300
2026-01-28 09:00:00+09:00,3204.457275390625,3231.136383141333,3198.5285847793566,3220.2671170206745,698100
2026-01-29 09:00:00+09:00,3205.4453125,3220.26703866754,3167.896939542232,3196.552276799476,554200
2026-01-30 09:00:00+09:00,3244.969970703125,3253.8630065546254,3206.4334820132885,3232.1244744731794,789000
2026-02-02 09:00:00+09:00,3159.00390625,3258.8035291875194,3151.0989856212855,3238.053112537144,1033500
2026-02-03 09:00:00+09:00,3204.457275390625,3204.457275390625,3147.1465994816963,3156.039635398599,929600
2026-02-04 09:00:00+09:00,3231.13623046875,3243.98172618621,3205.44523903383,3219.2788498064792,642500
2026-02-05 09:00:00+09:00,3290.423095703125,3315.1259717969924,3238.052998384126,3300.3042461406717,828200
2026-02-06 09:00:00+09:00,3363.543701171875,3382.3178875180165,3316.1141777710964,3320.0666380544944,720100
2026-02-09 09:00:00+09:00,3396.151611328125,3424.8069493346757,3369.4725035289225,3408.9971076758893,620100
2026-02-10 09:00:00+09:00,3435.676025390625,3436.66414043963,3408.9969190674883,3408.9969190674883,645100
2026-02-12 09:00:00+09:00,3532.511474609375,3550.2975463696457,3439.6286554168487,3439.6286554168487,742800
2026-02-13 09:00:00+09:00,3532.511474609375,3576.9766540100522,3516.7016330446895,3553.2618916630245,781900
2026-02-16 09:00:00+09:00,3568.08349609375,3613.536789037619,3552.2736550697955,3575.9884166057273,604400
2026-02-17 09:00:00+09:00,3584.881591796875,3597.727088129113,3542.3926423902417,3562.1549444398383,711200
2026-02-18 09:00:00+09:00,3616.501220703125,3632.311062105106,3585.869652986787,3589.822113337282,536400
2026-02-19 09:00:00+09:00,3622.429931640625,3622.429931640625,3574.0122920742333,3587.845903378917,724600
2026-02-20 09:00:00+09:00,3529.547119140625,3603.6557512614386,3490.022515342858,3573.024183318169,993100
2026-02-24 09:00:00+09:00,3608.59619140625,3630.3347226797814,3536.4637921804406,3598.715040827372,721800
2026-02-25 09:00:00+09:00,3588.833984375,3623.418012308129,3561.1667620284966,3608.5962860510735,733700
2026-02-26 09:00:00+09:00,3612.548583984375,3637.2514599689507,3586.857592960416,3619.465389260056,569500
2026-02-27 09:00:00+09:00,3685.669189453125,3685.669189453125,3592.7863734186494,3599.703178868025,802700
2026-03-02 09:00:00+09:00,3659.978271484375,3663.930731820751,3591.798330681885,3595.750791018261,1003500
2026-03-03 09:00:00+09:00,3659.978271484375,3715.312716193642,3604.6438267751078,3604.6438267751078,1552700
2026-03-04 09:00:00+09:00,3575.988525390625,3652.0733876329787,3517.689734841289,3576.9766404846814,1615300
2026-03-05 09:00:00+09:00,3696.53857421875,3750.8849044999665,3628.358632593224,3634.2873231693566,1274500
2026-03-06 09:00:00+09:00,3746.932373046875,3761.7540992060794,3675.7880874826938,3675.7880874826938,1378700
2026-03-09 09:00:00+09:00,3684.68115234375,3710.3721445563906,3595.7507946846085,3677.764346748039,2250100
2026-03-10 09:00:00+09:00,3776.575927734375,3819.0648772091467,3735.0750933636677,3753.8492803408926,990500
2026-03-11 09:00:00+09:00,3848.708251953125,3910.9595022414555,3848.708251953125,3868.4705536319602,1452500
2026-03-12 09:00:00+09:00,3872.4228515625,3907.0068780500446,3744.956011079835,3811.1597189274207,1452300
2026-03-13 09:00:00+09:00,3886.256591796875,3938.6266907964264,3794.361889778795,3798.3143500806477,2269600
2026-03-16 09:00:00+09:00,3827.957763671875,3950.4840317914704,3824.0053034099524,3926.7692702199356,2120000
2026-03-17 09:00:00+09:00,3881.31591796875,3912.9355995815304,3854.636811607967,3891.197068472744,1042300
2026-03-18 09:00:00+09:00,4052.260009765625,4063.129275824494,3924.793162347979,3932.698083118066,1391100
2026-03-19 09:00:00+09:00,3959.377197265625,4086.844044894092,3959.377197265625,4019.6522182372255,1776800
2026-03-23 09:00:00+09:00,3836.850830078125,3863.5299370603834,3751.8729337642653,3848.708210959129,2791200
2026-03-24 09:00:00+09:00,3811.159912109375,3907.0070760903473,3809.1836819242003,3879.3398534979015,1182500
2026-03-25 09:00:00+09:00,3853.648681640625,3931.709770320012,3814.124079777644,3931.709770320012,923000
2026-03-26 09:00:00+09:00,3917.876220703125,3976.175009359237,3859.5774320470127,3922.816796012965,781400
2026-03-27 09:00:00+09:00,4157.0,4172.809840741621,3954.4364154979794,4030.521274067031,2068900
2026-03-30 09:00:00+09:00,4331.0,4360.0,4080.0,4083.0,3218200
2026-03-31 09:00:00+09:00,4331.0,4447.0,4279.0,4331.0,2892800
2026-04-01 09:00:00+09:00,4380.0,4383.0,4182.0,4200.0,2580600
2026-04-02 09:00:00+09:00,4450.0,4514.0,4352.0,4363.0,2187900
2026-04-03 09:00:00+09:00,4417.0,4426.0,4335.0,4422.0,1377400
2026-04-06 09:00:00+09:00,4289.0,4450.0,4253.0,4445.0,1552300
2026-04-07 09:00:00+09:00,4274.0,4340.0,4224.0,4319.0,1142500
2026-04-08 09:00:00+09:00,4179.0,4331.0,4152.0,4331.0,2223000
2026-04-09 09:00:00+09:00,4223.0,4277.0,4180.0,4180.0,987600
2026-04-10 09:00:00+09:00,4107.0,4273.0,4103.0,4215.0,946600
2026-04-13 09:00:00+09:00,4091.0,4179.0,4051.0,4120.0,975300
2026-04-14 09:00:00+09:00,4028.0,4072.0,4004.0,4026.0,938600
2026-04-15 09:00:00+09:00,3929.0,4043.0,3883.0,4028.0,1238600
2026-04-16 09:00:00+09:00,3960.0,4021.0,3901.0,3930.0,1165100
2026-04-17 09:00:00+09:00,3901.0,3988.0,3901.0,3980.0,742900
2026-04-20 09:00:00+09:00,3770.0,3912.0,3753.0,3899.0,1398500
2026-04-21 09:00:00+09:00,3775.0,3831.0,3743.0,3773.0,1256100
2026-04-22 09:00:00+09:00,3825.0,3864.0,3784.0,3800.0,1065000
2026-04-23 09:00:00+09:00,3785.0,3850.0,3777.0,3848.0,709100
2026-04-24 09:00:00+09:00,3768.0,3849.0,3761.0,3838.0,603700
2026-04-27 09:00:00+09:00,3807.0,3830.0,3755.0,3766.0,1062100
2026-04-28 09:00:00+09:00,3883.0,3915.0,3807.0,3807.0,1078400
2026-04-30 09:00:00+09:00,3855.0,3925.0,3834.0,3887.0,1106300
2026-05-01 09:00:00+09:00,3811.0,3880.0,3731.0,3855.0,656200
2026-05-07 09:00:00+09:00,3832.0,3868.0,3778.0,3791.0,1116500
2026-05-08 09:00:00+09:00,3790.0,3840.0,3766.0,3795.0,875400
2026-05-11 09:00:00+09:00,3845.0,3847.0,3783.0,3792.0,777900
2026-05-12 09:00:00+09:00,3847.0,3882.0,3834.0,3840.0,933500
2026-05-13 09:00:00+09:00,4168.0,4208.0,4022.0,4057.0,2074800
2026-05-14 09:00:00+09:00,4218.0,4261.0,4130.0,4149.0,1339600
2026-05-15 09:00:00+09:00,4266.0,4299.0,4199.0,4200.0,1191900
2026-05-18 09:00:00+09:00,4234.0,4325.0,4230.0,4264.0,1028200
2026-05-19 09:00:00+09:00,4322.0,4340.0,4220.0,4274.0,822400
2026-05-20 09:00:00+09:00,4352.0,4384.0,4298.0,4348.0,994400
2026-05-21 09:00:00+09:00,4392.0,4444.0,4353.0,4396.0,841000
2026-05-22 09:00:00+09:00,4134.0,4411.0,4134.0,4411.0,1218500
2026-05-25 09:00:00+09:00,4082.0,4176.0,4051.0,4159.0,1202600
2026-05-26 09:00:00+09:00,4050.0,4092.0,3986.0,4050.0,757900
2026-05-27 09:00:00+09:00,3994.0,4067.0,3966.0,4030.0,797100
2026-05-28 09:00:00+09:00,3970.0,3972.0,3888.0,3955.0,918600
2026-05-29 09:00:00+09:00,4017.0,4050.0,3968.0,3990.0,870400
2026-06-01 09:00:00+09:00,3954.0,3977.0,3878.0,3977.0,719900
2026-06-02 09:00:00+09:00,3961.0,4008.0,3902.0,3930.0,749000
2026-06-03 09:00:00+09:00,4001.0,4025.0,3948.0,3972.0,576500
2026-06-04 09:00:00+09:00,3896.0,4030.0,3875.0,4027.0,768200
2026-06-05 09:00:00+09:00,3959.0,4005.0,3916.0,3930.0,497500
2026-06-08 09:00:00+09:00,4022.0,4022.0,3893.0,3900.0,792600
2026-06-09 09:00:00+09:00,3938.0,4036.0,3898.0,4023.0,623100
2026-06-10 09:00:00+09:00,3936.0,3969.0,3915.0,3955.0,443200
2026-06-11 09:00:00+09:00,4020.0,4040.0,3940.0,3998.0,730700
2026-06-12 09:00:00+09:00,4046.0,4068.0,3990.0,4040.0,736200
2026-06-15 09:00:00+09:00,3991.0,4094.0,3991.0,4066.0,721100
2026-06-16 09:00:00+09:00,3860.0,3956.0,3841.0,3956.0,783500
2026-06-17 09:00:00+09:00,3880.0,3911.0,3781.0,3875.0,620600
2026-06-18 09:00:00+09:00,3850.0,3924.0,3842.0,3867.0,645500
2026-06-19 09:00:00+09:00,3842.0,3853.0,3796.0,3853.0,770000
2026-06-22 09:00:00+09:00,3882.0,3882.0,3823.0,3842.0,649400
2026-06-23 09:00:00+09:00,3806.0,3902.0,3806.0,3900.0,493700
2026-06-24 09:00:00+09:00,3726.0,3818.0,3712.0,3780.0,600300
2026-06-25 09:00:00+09:00,3661.0,3788.0,3640.0,3780.0,912600
2026-06-26 09:00:00+09:00,3636.0,3678.0,3607.0,3660.0,607800
2026-06-29 09:00:00+09:00,3722.0,3722.0,3639.0,3646.0,1178300
2026-06-30 09:00:00+09:00,3662.0,3744.0,3617.0,3716.0,1092000
2026-07-01 09:00:00+09:00,3635.0,3653.0,3560.0,3631.0,1024200
2026-07-02 09:00:00+09:00,3683.0,3733.0,3654.0,3660.0,554900
2026-07-03 09:00:00+09:00,3659.0,3786.0,3658.0,3735.0,685900
2026-07-06 09:00:00+09:00,3670.0,3702.0,3659.0,3676.0,737900
2026-07-07 09:00:00+09:00,3633.0,3672.0,3629.0,3656.0,627700
2026-07-08 09:00:00+09:00,3637.0,3693.0,3632.0,3670.0,807600
2026-07-09 09:00:00+09:00,3634.0,3722.0,3625.0,3683.0,517400
2026-07-10 09:00:00+09:00,3612.0,3639.0,3590.0,3608.0,527400
2026-07-13 09:00:00+09:00,3568.0,3636.0,3558.0,3628.0,498100
2026-07-14 09:00:00+09:00,3618.0,3659.0,3596.0,3601.0,552400
2026-07-15 09:00:00+09:00,3661.0,3692.0,3644.0,3665.0,351200
2026-07-16 09:00:00+09:00,3668.0,3681.0,3650.0,3679.0,447400
2026-07-17 09:00:00+09:00,3655.0,3707.0,3600.0,3678.0,1027400
2026-07-21 09:00:00+09:00,3765.0,3792.0,3722.0,3764.0,718700
2026-07-22 09:00:00+09:00,3804.0,3811.0,3731.0,3740.0,483400
2026-07-23 09:00:00+09:00,3824.0,3830.0,3799.0,3804.0,478600
2026-07-24 09:00:00+09:00,3834.0,3864.0,3801.0,3816.0,589100
2026-07-27 09:00:00+09:00,3849.0,3862.0,3795.0,3850.0,723500
2026-07-28 09:00:00+09:00,3820.0,3872.0,3792.0,3855.0,669100
2026-07-29 09:00:00+09:00,3849.0,3870.0,3823.0,3839.0,885600
2026-07-30 09:00:00+09:00,3801.0,3849.0,3736.0,3787.0,941400
2026-07-31 09:00:00+09:00,3800.0,3817.0,3764.0,3801.0,1203000
2026-08-03 09:00:00+09:00,3819.0,3822.0,3629.0,3629.0,1133400
2026-08-04 09:00:00+09:00,3866.0,3945.0,3803.0,3818.0,943500
2026-08-05 09:00:00+09:00,3825.0,3895.0,3797.0,3827.0,671900
2026-08-06 09:00:00+09:00,3864.0,3908.0,3843.0,3850.0,551300
2026-08-07 09:00:00+09:00,3912.0,3926.0,3869.0,3894.0,490600
2026-08-10 09:00:00+09:00,3828.0,3923.0,3820.0,3923.0,498400
2026-08-12 09:00:00+09:00,3905.0,3919.0,3842.0,3898.0,458100
2026-08-13 09:00:00+09:00,3886.0,3937.0,3872.0,3910.0,379800
2026-08-14 09:00:00+09:00,3916.0,3922.0,3873.0,3886.0,501700
2026-08-17 09:00:00+09:00,3933.0,3952.0,3895.0,3937.0,545200
2026-08-18 09:00:00+09:00,3944.0,3977.0,3924.0,3933.0,407100
2026-08-19 09:00:00+09:00,3910.0,3955.0,3886.0,3944.0,453700
2026-08-20 09:00:00+09:00,3935.0,3977.0,3910.0,3956.0,439200
2026-08-21 09:00:00+09:00,3977.0,3977.0,3926.0,3949.0,594900
2026-08-24 09:00:00+09:00,3973.0,4003.0,3927.0,3950.0,539300
2026-08-25 09:00:00+09:00,4011.0,4051.0,4005.0,4010.0,501800
2026-08-26 09:00:00+09:00,4026.0,4035.0,3964.0,4003.0,339500
2026-08-27 09:00:00+09:00,4025.0,4060.0,4001.0,4026.0,306100
2026-08-28 09:00:00+09:00,4041.0,4047.0,3950.0,3967.0,421200
2026-08-31 09:00:00+09:00,,,,,556500
