Date,Close,High,Low,Open,Volume
2019-07-03 09:00:00+09:00,2432.16064453125,2502.454304777818,2427.474400514812,2493.081816744942,288200
2019-07-04 09:00:00+09:00,2408.72998046875,2455.5924314506324,2375.9262647814326,2450.9061863524444,322400
2019-07-05 09:00:00+09:00,2380.61181640625,2422.7880100039984,2380.61181640625,2418.101766270915,240600
2019-07-08 09:00:00+09:00,2263.456298828125,2366.553687180545,2242.36819666513,2361.867442255435,1501200
2019-07-09 09:00:00+09:00,2209.564208984375,2261.1128967867676,2179.1036207375064,2258.7697746139315,1217600
2019-07-10 09:00:00+09:00,2244.711181640625,2254.083670916786,2181.4468790265364,2197.8487352598186,986200
2019-07-11 09:00:00+09:00,2256.427001953125,2277.515104775117,2244.711389274241,2254.0838794173483,455400
2019-07-12 09:00:00+09:00,2235.338623046875,2240.024867539636,2195.505544858409,2232.9955008004945,648400
2019-07-16 09:00:00+09:00,2221.27978515625,2247.0541286548982,2202.534808066324,2235.3385179736947,488200
2019-07-17 09:00:00+09:00,2207.22119140625,2209.564313690121,2197.8487022707673,2207.22119140625,287400
2019-07-18 09:00:00+09:00,2174.4169921875,2214.2500620874866,2172.0738704286773,2204.8775750521954,343600
2019-07-19 09:00:00+09:00,2186.1328125,2197.8484224276526,2167.3878366157555,2174.4172025723474,392400
2019-07-22 09:00:00+09:00,2209.564208984375,2242.367919404079,2183.7898650831785,2186.1329872560145,485400
2019-07-23 09:00:00+09:00,2240.02490234375,2261.113002888827,2221.2799240814593,2223.6230463642455,285400
2019-07-24 09:00:00+09:00,2249.397216796875,2258.7697052001954,2207.2210189819334,2230.652239990234,641000
2019-07-25 09:00:00+09:00,2214.250244140625,2279.857658781829,2214.250244140625,2249.3970734126983,484600
2019-07-26 09:00:00+09:00,2204.878173828125,2218.936908198974,2188.4763170621345,2202.5350514329834,449600
2019-07-29 09:00:00+09:00,2225.9658203125,2247.053917557566,2214.250210731908,2216.5933326480263,315000
2019-07-30 09:00:00+09:00,2251.740478515625,2263.456089746195,2240.0248672850544,2254.083600761739,238600
2019-07-31 09:00:00+09:00,2209.564208984375,2235.338552885571,2204.877964638703,2230.652308539899,341800
2019-08-01 09:00:00+09:00,2207.22119140625,2214.2505582578624,2188.476213135284,2202.5349468385084,246000
2019-08-02 09:00:00+09:00,2172.073974609375,2188.4758277078276,2158.01524338213,2181.4464620942053,315600
2019-08-05 09:00:00+09:00,2122.868408203125,2162.7014798802256,2097.0940677061776,2155.6721142901492,532800
2019-08-06 09:00:00+09:00,2097.0947265625,2097.0947265625,2024.4579259776535,2040.859784174232,711200
2019-08-07 09:00:00+09:00,2132.2412109375,2143.9568219866073,2064.2906668526784,2073.663155691964,532200
2019-08-08 09:00:00+09:00,2108.809814453125,2125.2116685655383,2078.3492282443576,2108.809814453125,597000
2019-08-09 09:00:00+09:00,2083.035400390625,2150.9859365113543,2073.6629126498347,2111.1528636129956,517400
2019-08-13 09:00:00+09:00,2026.801025390625,2108.8103154353325,2015.0854125270955,2050.2322511176844,1267400
2019-08-14 09:00:00+09:00,2010.398681640625,2057.2611217721083,1996.3399496011803,2045.5455117392373,463200
2019-08-15 09:00:00+09:00,1998.6834716796875,2022.1146964356042,1951.8210221678544,1956.5072671190376,446200
2019-08-16 09:00:00+09:00,1996.340087890625,2043.2025312683393,1993.9969657217393,2001.0263322283965,510000
2019-08-19 09:00:00+09:00,2087.7216796875,2094.7510456123737,2012.7417764888467,2015.0848984638046,424200
2019-08-20 09:00:00+09:00,2113.49609375,2146.2998025221727,2099.4373614190686,2108.8098496396897,552200
2019-08-21 09:00:00+09:00,2076.005859375,2106.4664419617666,2066.633372425226,2104.123320224323,242400
2019-08-22 09:00:00+09:00,2066.633544921875,2118.182227448271,2061.947301055839,2092.407886185073,329200
2019-08-23 09:00:00+09:00,2071.320068359375,2092.408168602853,2052.5750903651724,2066.6338238608246,313800
2019-08-26 09:00:00+09:00,2036.173095703125,2050.2318282396254,2010.398752719541,2038.5162177925417,534800
2019-08-27 09:00:00+09:00,2033.8302001953125,2043.2026895971342,2012.7420990412136,2024.4577107934908,361800
2019-08-28 09:00:00+09:00,1972.9090576171875,2052.5752190886656,1970.5659352209675,2043.2027295037856,564000
2019-08-29 09:00:00+09:00,1923.7034912109375,1961.1934496267413,1893.2428999980968,1958.8503272257535,1090600
2019-08-30 09:00:00+09:00,1968.22265625,1979.938267299107,1935.4189453125,1947.134556361607,567600
2019-09-02 09:00:00+09:00,1923.7034912109375,1961.1934496267413,1921.3603688099497,1951.8209600227904,379200
2019-09-03 09:00:00+09:00,1930.7325439453125,1933.0756659646636,1914.3306898098547,1919.0169338485568,358800
2019-09-04 09:00:00+09:00,1907.3016357421875,1947.134716586926,1902.615390936924,1940.105349379031,416800
2019-09-05 09:00:00+09:00,1951.82080078125,1972.908900669643,1916.6739676339284,1921.3602120535713,358000
2019-09-06 09:00:00+09:00,1975.252197265625,1996.3402990157917,1958.8503403488285,1972.9090748489398,335200
2019-09-09 09:00:00+09:00,1977.5953369140625,1989.3109490995723,1963.5366022914507,1989.3109490995723,226000
2019-09-10 09:00:00+09:00,1970.56591796875,1984.624652222986,1961.1934284659258,1982.28152984728,322600
2019-09-11 09:00:00+09:00,2001.0264892578125,2012.7421010216171,1947.1346751443118,1968.22277631916,418000
2019-09-12 09:00:00+09:00,2017.4283447265625,2036.1733235393529,1993.9971212105745,2033.830201187754,380600
2019-09-13 09:00:00+09:00,2066.633544921875,2071.319788787911,2015.0848623954791,2026.800472060569,496200
2019-09-17 09:00:00+09:00,2076.005859375,2080.6921028498873,2045.5452767882337,2066.633372425226,368000
2019-09-18 09:00:00+09:00,2061.947265625,2087.7216064453123,2040.8591685901988,2083.035362659801,472600
2019-09-19 09:00:00+09:00,2099.437744140625,2118.1827239990234,2068.9771518707275,2068.9771518707275,635600
2019-09-20 09:00:00+09:00,2087.7216796875,2104.1235335122055,2076.0060698127104,2104.1235335122055,356400
2019-09-24 09:00:00+09:00,2125.212158203125,2160.3589965416554,2099.4378100882027,2099.4378100882027,792800
2019-09-25 09:00:00+09:00,2183.789794921875,2195.505405409653,2122.8686203854277,2132.2411087756504,721400
2019-09-26 09:00:00+09:00,2207.22119140625,2207.22119140625,2153.3293788772226,2195.5055799868965,1597400
2019-09-27 09:00:00+09:00,2158.726318359375,2198.746326442373,2130.4769008890235,2198.746326442373,718600
2019-09-30 09:00:00+09:00,2177.55908203125,2191.683789590372,2156.3720206925677,2170.496728251689,531400
2019-10-01 09:00:00+09:00,2224.641845703125,2236.412437479332,2184.6218336640213,2186.9759520192624,590000
2019-10-02 09:00:00+09:00,2217.579345703125,2248.1828823211085,2201.1005182934414,2229.3499367100417,556800
2019-10-03 09:00:00+09:00,2161.080078125,2189.3294909109477,2146.9553717320264,2186.9753731787855,481400
2019-10-04 09:00:00+09:00,2154.018310546875,2154.018310546875,2104.5818247310453,2144.6018370581455,332600
2019-10-07 09:00:00+09:00,2139.893310546875,2170.4968452411645,2121.0603661196196,2161.080373027537,235000
2019-10-08 09:00:00+09:00,2179.913818359375,2179.913818359375,2139.893802255585,2156.3726324159693,278400
2019-10-09 09:00:00+09:00,2149.3095703125,2161.0801594160735,2135.184863388212,2158.7260415953588,245400
2019-10-10 09:00:00+09:00,2132.8310546875,2156.372236306567,2116.3522275541527,2156.372236306567,277000
2019-10-11 09:00:00+09:00,2123.414306640625,2144.6013673498996,2118.706070927453,2142.2472494933136,269600
2019-10-15 09:00:00+09:00,2130.476318359375,2184.6210203729283,2109.289261049724,2163.433963063277,521800
2019-10-16 09:00:00+09:00,2130.476318359375,2158.7257281055768,2116.3516134862743,2135.1845533170754,474600
2019-10-17 09:00:00+09:00,2125.7685546875,2165.7885607004428,2123.4144366867386,2130.476790689023,432800
2019-10-18 09:00:00+09:00,2175.205322265625,2175.205322265625,2118.7064827262584,2123.4147193545386,443600
2019-10-21 09:00:00+09:00,2234.057861328125,2269.369629420772,2194.037857489792,2194.037857489792,960800
2019-10-23 09:00:00+09:00,2267.016357421875,2269.370476173092,2208.1633886414525,2259.9540011682243,665800
2019-10-24 09:00:00+09:00,2274.078125,2283.4945975672877,2264.6616524327123,2278.786361283644,527000
2019-10-25 09:00:00+09:00,2304.681640625,2307.0357587461694,2283.494577534474,2285.8486956556435,542000
2019-10-28 09:00:00+09:00,2297.619140625,2330.5767922323257,2281.140314821337,2325.868556288422,442800
2019-10-29 09:00:00+09:00,2243.474853515625,2297.61957715766,2241.1207350964064,2285.8489850615656,483200
2019-10-30 09:00:00+09:00,2236.411865234375,2255.244807257401,2224.6412764699835,2243.4742184930096,599600
2019-10-31 09:00:00+09:00,2264.6611328125,2264.6611328125,2231.7034863890335,2236.4117215923857,267600
2019-11-01 09:00:00+09:00,2234.057861328125,2281.1402187849876,2222.2872719639095,2269.369629420772,422000
2019-11-05 09:00:00+09:00,2252.890869140625,2274.0779306058976,2229.349689734767,2245.8285153188676,381600
2019-11-06 09:00:00+09:00,2283.494384765625,2288.2026206105024,2241.1202621617267,2267.0155593085533,455800
2019-11-07 09:00:00+09:00,2297.619140625,2307.0356125128073,2285.848550765241,2292.9109046810963,329200
2019-11-08 09:00:00+09:00,2290.556640625,2302.32722973407,2283.494287159558,2302.32722973407,289000
2019-11-11 09:00:00+09:00,2415.325439453125,2420.033676177205,2314.0983498854016,2314.0983498854016,1013600
2019-11-12 09:00:00+09:00,2415.325439453125,2438.866623073526,2382.3677823845637,2429.4501496253656,402400
2019-11-13 09:00:00+09:00,2438.866455078125,2438.866455078125,2396.4923274802427,2410.617036679537,474400
2019-11-14 09:00:00+09:00,2391.783935546875,2429.4498242956447,2377.6592272660864,2429.4498242956447,339800
2019-11-15 09:00:00+09:00,2405.908447265625,2405.908447265625,2382.367268720952,2391.783740138821,237600
2019-11-18 09:00:00+09:00,2420.033447265625,2429.4499198230787,2405.9087384294444,2410.6169747081713,152200
2019-11-19 09:00:00+09:00,2443.574462890625,2452.9909348092788,2424.7415190533175,2424.7415190533175,271200
2019-11-20 09:00:00+09:00,2495.364990234375,2509.489697726268,2471.8238110812204,2471.8238110812204,574000
2019-11-21 09:00:00+09:00,2481.240966796875,2490.6574410541684,2452.9915440249943,2485.949203925522,433000
2019-11-22 09:00:00+09:00,2476.532470703125,2495.3654172483957,2476.532470703125,2490.6571806120783,150800
2019-11-25 09:00:00+09:00,2518.906494140625,2523.614730578271,2500.0735483900407,2509.490021265333,248800
2019-11-26 09:00:00+09:00,2514.197998046875,2537.739177803868,2490.656818289882,2523.614469949672,534400
2019-11-27 09:00:00+09:00,2495.364990234375,2514.1979335568985,2490.6567544037443,2495.364990234375,259200
2019-11-28 09:00:00+09:00,2500.0732421875,2500.0732421875,2457.6991194385596,2500.0732421875,203800
2019-11-29 09:00:00+09:00,2476.532470703125,2528.32307370262,2476.532470703125,2514.198363793667,274800
2019-12-02 09:00:00+09:00,2448.282958984375,2481.2406142014725,2448.282958984375,2467.1159048227164,353600
2019-12-03 09:00:00+09:00,2481.240966796875,2485.949203925522,2415.3256469958196,2420.033884124466,171600
2019-12-04 09:00:00+09:00,2471.823486328125,2485.948191964286,2443.5740750558034,2448.282310267857,190800
2019-12-05 09:00:00+09:00,2452.99072265625,2471.823664864743,2434.1577804477565,2462.4071937604967,176000
2019-12-06 09:00:00+09:00,2401.200439453125,2448.2828010110293,2391.783967141544,2448.2828010110293,407600
2019-12-09 09:00:00+09:00,2368.24267578125,2405.9085632688243,2363.534439845303,2401.200327332878,422600
2019-12-10 09:00:00+09:00,2363.534912109375,2405.909043999782,2363.534912109375,2368.243148986087,265400
2019-12-11 09:00:00+09:00,2344.701904296875,2363.53485131934,2325.86895727441,2363.53485131934,369000
2019-12-12 09:00:00+09:00,2316.452392578125,2344.7018119998093,2316.452392578125,2342.347693714669,209200
2019-12-13 09:00:00+09:00,2325.868896484375,2363.534789544851,2323.5147781680953,2342.3477246983334,424800
2019-12-16 09:00:00+09:00,2347.055908203125,2368.242972570054,2332.9311986251723,2335.2853168881643,392400
2019-12-17 09:00:00+09:00,2351.763916015625,2363.5345061858734,2337.639207811327,2344.701561913476,325400
2019-12-18 09:00:00+09:00,2342.34716796875,2396.491876374058,2330.5765791849876,2377.6589343200376,294000
2019-12-19 09:00:00+09:00,2382.36767578125,2391.784148808053,2330.5770741338315,2330.5770741338315,320200
2019-12-20 09:00:00+09:00,2377.65966796875,2410.617326732673,2358.826720103651,2401.200852800124,329000
2019-12-23 09:00:00+09:00,2363.534912109375,2420.033754629918,2354.118438355951,2401.2008071230703,232200
2019-12-24 09:00:00+09:00,2410.6171875,2420.033660888672,2363.5348205566406,2382.3677673339844,349000
2019-12-25 09:00:00+09:00,2457.699462890625,2467.11593592852,2424.741807257992,2424.741807257992,378800
2019-12-26 09:00:00+09:00,2462.40771484375,2462.40771484375,2443.5747686499167,2457.6994782952916,201200
2019-12-27 09:00:00+09:00,2452.99072265625,2476.5319004168664,2443.5742515520033,2462.4071937604967,226400
2019-12-30 09:00:00+09:00,2438.866455078125,2467.1158734767137,2410.617036679537,2462.4076370769485,687800
2020-01-06 09:00:00+09:00,2377.65966796875,2401.200852800124,2363.534957069926,2391.784378867574,354800
2020-01-07 09:00:00+09:00,2448.282958984375,2457.6994319035457,2358.826466252254,2372.9511756310094,349800
2020-01-08 09:00:00+09:00,2424.7421875,2429.450424757282,2387.0762894417476,2410.617475728155,426400
2020-01-09 09:00:00+09:00,2410.6171875,2434.1583709716797,2396.492477416992,2429.4501342773438,253000
2020-01-10 09:00:00+09:00,2391.783935546875,2410.61687992126,2387.075699453279,2391.783935546875,213000
2020-01-14 09:00:00+09:00,2363.534912109375,2396.4925702463584,2354.118438355951,2387.0760964929345,357400
2020-01-15 09:00:00+09:00,2377.65966796875,2391.784378867574,2372.951431002475,2382.367904935025,203200
2020-01-16 09:00:00+09:00,2354.117919921875,2368.2426274414065,2344.701448242188,2363.5343916015627,296800
2020-01-17 09:00:00+09:00,2325.868896484375,2363.534789544851,2309.390068270417,2358.8265529122914,390000
2020-01-20 09:00:00+09:00,2288.202392578125,2316.451804832176,2288.202392578125,2307.0353340808256,403000
2020-01-21 09:00:00+09:00,2212.87109375,2281.1405211103724,2212.87109375,2264.6616938164893,670800
2020-01-22 09:00:00+09:00,2229.349853515625,2255.2451527644866,2219.9333810614935,2222.2874991750264,439400
2020-01-23 09:00:00+09:00,2175.205322265625,2203.4547420353083,2161.0806123807834,2203.4547420353083,566800
2020-01-24 09:00:00+09:00,2182.26708984375,2222.2870904126216,2177.5588544827065,2219.9329727320996,357800
2020-01-27 09:00:00+09:00,2045.7286376953125,2064.561582576282,2019.8333384839793,2024.5415747042218,1599400
2020-01-28 09:00:00+09:00,2059.853271484375,2066.9156255580356,2026.895619140625,2036.3120912388392,620000
2020-01-29 09:00:00+09:00,2106.935791015625,2132.831091240398,2085.748727195356,2118.7063820268854,687600
2020-01-30 09:00:00+09:00,2069.26953125,2113.9977691268487,2052.7907067690558,2113.9977691268487,516600
2020-01-31 09:00:00+09:00,2076.332275390625,2104.5816941034227,2057.499329582093,2064.5616842602926,417400
2020-02-03 09:00:00+09:00,2059.853271484375,2076.33209765625,2005.708556919643,2026.895619140625,657400
2020-02-04 09:00:00+09:00,2170.49658203125,2175.20481756711,2078.6859890819887,2078.6859890819887,793400
2020-02-05 09:00:00+09:00,2210.51708984375,2231.7041546026358,2182.267670165236,2226.99591798955,715400
2020-02-06 09:00:00+09:00,2267.016357421875,2271.724594924309,2231.7045761536215,2234.0586949048384,704400
2020-02-07 09:00:00+09:00,2156.372314453125,2259.953517330786,2142.2476049698075,2259.953517330786,1059600
2020-02-10 09:00:00+09:00,2123.414306640625,2189.3296066250346,2073.977831652318,2090.45665664842,956200
2020-02-12 09:00:00+09:00,2135.18505859375,2135.18505859375,2111.643878234392,2118.7062323421997,329400
2020-02-13 09:00:00+09:00,2149.3095703125,2149.3095703125,2102.227213898206,2118.706038643209,343000
2020-02-14 09:00:00+09:00,2097.51904296875,2125.768457688868,2081.040217715348,2118.7061040088383,711600
2020-02-17 09:00:00+09:00,1972.7509765625,2043.3745198761935,1965.6886222311307,2041.020401765737,1140600
2020-02-18 09:00:00+09:00,1965.6885986328125,2008.0627241123223,1942.1474178108626,1998.6462517835423,670600
2020-02-19 09:00:00+09:00,1951.563720703125,1970.396663725592,1932.7307776806583,1956.2719564587417,590000
2020-02-20 09:00:00+09:00,1902.12744140625,1968.0427487817142,1897.4192051651455,1953.9180400584003,886200
2020-02-21 09:00:00+09:00,1916.252197265625,1928.0227881579199,1895.065133659494,1902.127488194871,440400
2020-02-25 09:00:00+09:00,1789.1298828125,1810.316947214227,1770.2969366776315,1784.4216462787829,1342800
2020-02-26 09:00:00+09:00,1737.33935546875,1770.2970126185637,1709.089935054624,1758.5264207793443,1237600
2020-02-27 09:00:00+09:00,1626.6956787109375,1716.1521704490208,1607.8627330818672,1711.4439340417534,1744400
2020-02-28 09:00:00+09:00,1560.7802734375,1596.0920443297512,1537.239092842666,1553.7179192590497,1562000
2020-03-02 09:00:00+09:00,1650.2366943359375,1673.7778739983619,1532.5307960238165,1534.884913990059,1179800
2020-03-03 09:00:00+09:00,1596.092041015625,1709.0897076362003,1593.7379229610297,1709.0897076362003,1030800
2020-03-04 09:00:00+09:00,1586.6756591796875,1600.800368311851,1556.0721227266667,1567.8427136701364,634000
2020-03-05 09:00:00+09:00,1579.61328125,1624.3415261736216,1572.5509267883756,1610.2168172503725,450200
2020-03-06 09:00:00+09:00,1473.677978515625,1556.0721146946137,1466.6156239859974,1546.6556419884434,1099800
2020-03-09 09:00:00+09:00,1375.2757568359375,1433.657884137429,1365.3884610832656,1412.4708218102749,1713200
2020-03-10 09:00:00+09:00,1380.9256591796875,1393.6378967514065,1282.994347516075,1311.2437643421172,1859600
2020-03-11 09:00:00+09:00,1348.9095458984375,1419.5330823329107,1348.9095458984375,1398.8168449787986,1237200
2020-03-12 09:00:00+09:00,1271.223876953125,1342.7890729890046,1252.8617542860243,1317.835419108073,1478000
2020-03-13 09:00:00+09:00,1236.8536376953125,1280.6402339289114,1136.5682076119087,1144.5722090739646,1489600
2020-03-16 09:00:00+09:00,1145.513671875,1251.4489682876078,1139.3929658600493,1238.2659091784833,1618600
2020-03-17 09:00:00+09:00,1104.55224609375,1145.9847259131234,1064.0614135429987,1074.8903571321532,2732000
2020-03-18 09:00:00+09:00,1017.4496459960938,1089.0148223919318,1012.2705871779739,1081.0108224002922,2683000
2020-03-19 09:00:00+09:00,925.63916015625,1042.874231813883,925.63916015625,1017.4497584423481,2296000
2020-03-23 09:00:00+09:00,903.5104370117188,927.5224392460062,847.4824317983813,879.02761120421,3477200
2020-03-24 09:00:00+09:00,1051.3492431640625,1060.765716457068,933.1725033368436,950.1221552642536,3301200
2020-03-25 09:00:00+09:00,1206.7208251953125,1286.7608331091647,1164.817526934531,1216.1372967145892,4450600
2020-03-26 09:00:00+09:00,1158.6968994140625,1185.0630214649311,1113.497833041145,1143.159720348372,1503000
2020-03-27 09:00:00+09:00,1144.1011962890625,1218.49131522473,1119.6183723355516,1182.2379028320313,1675400
2020-03-30 09:00:00+09:00,1088.9637451171875,1106.0753535083786,1036.6782750329926,1083.2598756534571,1638600
2020-03-31 09:00:00+09:00,1133.1689453125,1133.1689453125,1071.3770145697881,1105.1249152061923,1296200
2020-04-01 09:00:00+09:00,1050.4627685546875,1126.514371707968,1038.1043830422793,1111.77937359702,1197400
2020-04-02 09:00:00+09:00,1020.9927368164062,1050.4627320131553,1003.4058041989914,1017.6654792941927,930200
2020-04-03 09:00:00+09:00,993.8994140625,1126.5144004438666,978.2137705120158,1108.9274667660509,1160200
2020-04-06 09:00:00+09:00,1043.332763671875,1062.8209838589123,943.9903729623434,975.8369766826238,1456600
2020-04-07 09:00:00+09:00,1093.7171630859375,1125.0884506842303,1062.3458754876447,1090.865227849729,1823800
2020-04-08 09:00:00+09:00,1107.026123046875,1116.5325732233186,1045.2341968999906,1109.402735590986,1096200
2020-04-09 09:00:00+09:00,1155.984619140625,1162.1638132396497,1110.8289699554443,1140.298972581562,1092400
2020-04-10 09:00:00+09:00,1111.779296875,1188.3062172669945,1089.9144624772873,1179.7504125026721,1046400
2020-04-13 09:00:00+09:00,1109.40283203125,1139.8234752403332,1095.6184780771343,1112.2547673321017,687400
2020-04-14 09:00:00+09:00,1095.6185302734375,1101.797723719665,1037.1538538206685,1088.964014254423,1255000
2020-04-15 09:00:00+09:00,1073.2781982421875,1106.0754505356822,1056.6419108469365,1101.3222255656106,725800
2020-04-16 09:00:00+09:00,1053.3145751953125,1062.821024429927,1032.4003868791601,1062.3457019681964,874200
2020-04-17 09:00:00+09:00,1117.008056640625,1133.644346845911,1074.2290246841756,1080.88354076629,1212800
2020-04-20 09:00:00+09:00,1147.4285888671875,1153.1324592343815,1090.8652077258473,1115.581979317021,949200
2020-04-21 09:00:00+09:00,1109.40283203125,1144.1013781916106,1093.2418653264247,1142.6754105411846,978600
2020-04-22 09:00:00+09:00,1044.2835693359375,1093.241788562884,1031.9251839000092,1093.241788562884,1068000
2020-04-23 09:00:00+09:00,1109.40283203125,1110.353477131534,1047.135577962658,1051.4134809139352,1089800
2020-04-24 09:00:00+09:00,1106.0758056640625,1106.0758056640625,1077.0811240372864,1085.6369317304334,595200
2020-04-27 09:00:00+09:00,1132.693603515625,1148.8545697428726,1110.828766855231,1117.007959824473,758800
2020-04-28 09:00:00+09:00,1155.984619140625,1166.9170394696687,1128.8912296295166,1153.1326834026136,784800
2020-04-30 09:00:00+09:00,1254.3763427734375,1258.178923577601,1209.6960183245162,1215.875212131282,1542200
2020-05-01 09:00:00+09:00,1240.591796875,1253.4255051185344,1209.2205100574713,1236.3138941271552,1292400
2020-05-07 09:00:00+09:00,1261.506103515625,1337.557714880546,1248.197071526764,1251.9996520950099,2266600
2020-05-08 09:00:00+09:00,1367.978271484375,1370.8302067272193,1272.913763389561,1283.8461818204644,1663400
2020-05-11 09:00:00+09:00,1516.2789306640625,1582.8240874957141,1402.6768415014571,1402.6768415014571,2478600
2020-05-12 09:00:00+09:00,1483.006103515625,1504.3956146240234,1452.110143025716,1492.5125528971355,966200
2020-05-13 09:00:00+09:00,1444.9805908203125,1492.5128470972966,1410.757366300884,1430.7209139372173,878400
2020-05-14 09:00:00+09:00,1428.34423828125,1459.2402035019759,1384.139241888519,1425.9676255719635,922200
2020-05-15 09:00:00+09:00,1379.861328125,1483.0063188942472,1355.6198786815364,1473.4998681321047,1546600
2020-05-18 09:00:00+09:00,1402.2012939453125,1447.3569288350768,1355.6196916379768,1377.9598478465969,1818400
2020-05-19 09:00:00+09:00,1444.9805908203125,1518.6555880496376,1408.8560760498046,1516.2789752357885,1670400
2020-05-20 09:00:00+09:00,1449.73388671875,1459.2403384349384,1394.5964667648566,1440.2274350025614,982600
2020-05-21 09:00:00+09:00,1502.0191650390625,1513.9022280536121,1418.8377239372157,1440.2272373634048,1132200
2020-05-22 09:00:00+09:00,1575.6943359375,1597.083851809955,1504.3959496959842,1521.0322398190046,1798800
2020-05-25 09:00:00+09:00,1694.52490234375,1706.4079661750525,1637.4861959534974,1668.3821619148841,2121800
2020-05-26 09:00:00+09:00,1787.2127685546875,1796.719219451255,1723.044225002857,1758.693415864985,2549400
2020-05-27 09:00:00+09:00,1730.174072265625,1777.706326998197,1692.1482684795674,1761.0700378417969,1964800
2020-05-28 09:00:00+09:00,1711.1612548828125,1742.0572219848634,1699.278190612793,1737.3039962768555,1457200
2020-05-29 09:00:00+09:00,1635.109619140625,1711.161229333212,1627.97978068507,1687.3951011480287,1431000
2020-06-01 09:00:00+09:00,1630.3565673828125,1689.7718941824776,1604.21382359096,1656.499311174665,1153400
2020-06-02 09:00:00+09:00,1711.1612548828125,1765.8233505249025,1663.6289978027344,1677.8886749267579,1871800
2020-06-03 09:00:00+09:00,1761.070068359375,1791.966034470943,1730.174102247807,1744.4337789146846,1626600
2020-06-04 09:00:00+09:00,1763.446533203125,1803.8489470366198,1737.3037948402755,1794.3424967228564,1079800
2020-06-05 09:00:00+09:00,1815.732177734375,1818.1087905324566,1739.6805681957624,1758.6934705804156,880200
2020-06-08 09:00:00+09:00,1851.3814697265625,1882.27743777078,1820.485501682345,1844.2516309471278,1023000
2020-06-09 09:00:00+09:00,1896.5369873046875,1917.9265021991014,1856.134570281906,1884.6539234744575,1019200
2020-06-10 09:00:00+09:00,1877.5240478515625,1884.6538860079609,1827.6151807567742,1863.2643715387658,887200
2020-06-11 09:00:00+09:00,1791.9659423828125,1853.7578714304957,1791.9659423828125,1837.1215828407348,1202800
2020-06-12 09:00:00+09:00,1770.5765380859375,1782.4596020999372,1642.2394467347422,1658.8757363543414,1572000
2020-06-15 09:00:00+09:00,1673.1356201171875,1801.4727273420856,1673.1356201171875,1782.4598225680265,1378000
2020-06-16 09:00:00+09:00,1806.225830078125,1813.355668881065,1725.420990311472,1734.9274420487254,1109800
2020-06-17 09:00:00+09:00,1780.0831298828125,1806.2258727782878,1758.693612968333,1801.4726467972923,627600
2020-06-18 09:00:00+09:00,1756.31689453125,1787.212861552774,1734.9273789009642,1777.7064101615358,578200
2020-06-19 09:00:00+09:00,1808.602294921875,1813.3555204013016,1761.0700401276074,1787.2127802644545,1051400
2020-06-22 09:00:00+09:00,1775.3297119140625,1813.355515649839,1765.8232609801182,1796.7192265154367,498600
2020-06-23 09:00:00+09:00,1815.732177734375,1851.3813697055996,1784.8362113593137,1806.2257265420483,789800
2020-06-24 09:00:00+09:00,1851.3814697265625,1913.173405814997,1834.7451792412146,1839.4984050941712,1400200
2020-06-25 09:00:00+09:00,1803.84912109375,1832.368474786932,1791.9660570549242,1818.108797940341,713400
2020-06-26 09:00:00+09:00,1772.9530029296875,1815.7320298100285,1734.9272012582733,1815.7320298100285,1085600
2020-06-29 09:00:00+09:00,1708.7845458984375,1772.9530893466404,1701.654707737526,1772.9530893466404,1000600
2020-06-30 09:00:00+09:00,1742.0570068359375,1777.7061952432214,1720.6674937915673,1763.4465198803077,686400
2020-07-01 09:00:00+09:00,1694.52490234375,1727.7974810713972,1654.1224853173212,1687.3950640449684,1085200
2020-07-02 09:00:00+09:00,1673.1356201171875,1720.667882052335,1656.499328439886,1701.654977278276,889600
2020-07-03 09:00:00+09:00,1630.3565673828125,1668.3823765345983,1601.8372105189733,1654.1226981026787,954800
2020-07-06 09:00:00+09:00,1696.9017333984375,1720.6678641183037,1587.5775320870537,1606.5904366629463,988200
2020-07-07 09:00:00+09:00,1749.18701171875,1749.18701171875,1685.0184664518938,1699.278143177862,883000
2020-07-08 09:00:00+09:00,1685.0184326171875,1727.7974619361005,1673.1353689174894,1723.0442364562214,765400
2020-07-09 09:00:00+09:00,1663.62890625,1711.1611607142859,1663.62890625,1696.901484375,584400
2020-07-10 09:00:00+09:00,1713.5379638671875,1725.421028803853,1573.3177976145328,1630.3565093105278,1832800
2020-07-13 09:00:00+09:00,1715.914306640625,1768.1997841282896,1694.5247931229442,1746.8102706106085,1152800
2020-07-14 09:00:00+09:00,1658.875732421875,1711.1612139595272,1637.4862172473809,1699.2781499736973,941600
2020-07-15 09:00:00+09:00,1723.0443115234375,1737.3039885843211,1685.0185060277477,1685.0185060277477,979400
2020-07-16 09:00:00+09:00,1713.5379638671875,1770.5766755631826,1706.408124905188,1734.9274807531856,1028600
2020-07-17 09:00:00+09:00,1654.12255859375,1723.0443318684895,1627.9798170067797,1713.5378803823187,1062800
2020-07-20 09:00:00+09:00,1646.99267578125,1668.3821910511365,1613.720096472538,1642.2394501657197,616800
2020-07-21 09:00:00+09:00,1651.7459716796875,1685.0185524041704,1639.8629071352293,1666.0056491330372,461800
2020-07-22 09:00:00+09:00,1639.86279296875,1668.3821458899456,1630.356341995018,1649.3692439424817,455800
2020-07-27 09:00:00+09:00,1618.473388671875,1623.2266144829523,1580.4475821832552,1608.96693704972,583400
2020-07-28 09:00:00+09:00,1606.5899658203125,1630.3560895750509,1597.0835163184172,1606.5899658203125,481400
2020-07-29 09:00:00+09:00,1549.5516357421875,1578.070991001246,1540.0451839891678,1578.070991001246,1066200
2020-07-30 09:00:00+09:00,1430.7208251953125,1549.5514585171825,1422.1650195961379,1549.5514585171825,1643400
2020-07-31 09:00:00+09:00,1383.1884765625,1435.4739516215636,1358.947029035116,1402.2013765839777,2266000
2020-08-03 09:00:00+09:00,1355.14453125,1394.120978658804,1337.082275133725,1360.848401602508,1490600
2020-08-04 09:00:00+09:00,1444.9805908203125,1444.9805908203125,1372.2562387165272,1377.0094643442255,1865000
2020-08-05 09:00:00+09:00,1425.9676513671875,1454.4870043945314,1383.6639443766276,1411.7079748535157,1151000
2020-08-06 09:00:00+09:00,1403.62744140625,1440.227276485248,1395.0716358033674,1420.2637300785218,811000
2020-08-07 09:00:00+09:00,1440.2275390625,1468.7468962716584,1385.0901151247938,1391.269309186778,1047000
2020-08-11 09:00:00+09:00,1580.447509765625,1635.109604088346,1535.2918666294643,1573.317671375705,2010200
2020-08-12 09:00:00+09:00,1623.2266845703125,1632.7331366029352,1540.0452292848645,1559.0581333501098,1219000
2020-08-13 09:00:00+09:00,1630.3565673828125,1658.8759242466517,1604.21382359096,1639.8630196707588,638400
2020-08-14 09:00:00+09:00,1623.2266845703125,1654.122653676336,1599.460554488756,1616.0968455458456,542400
2020-08-17 09:00:00+09:00,1627.979736328125,1651.7458638657617,1606.5902215442518,1616.0966725593066,330600
2020-08-18 09:00:00+09:00,1620.8499755859375,1632.733039923078,1592.3306211768008,1608.9669112487973,557800
2020-08-19 09:00:00+09:00,1677.888671875,1677.888671875,1601.8370606851981,1611.3435120839233,594000
2020-08-20 09:00:00+09:00,1639.86279296875,1651.7458566859148,1625.6031165081522,1646.992631199049,581800
2020-08-21 09:00:00+09:00,1753.9404296875,1758.6936557842141,1651.746068608147,1651.746068608147,1072000
2020-08-24 09:00:00+09:00,1713.5379638671875,1768.2000625758494,1694.5250599685223,1758.6936106265168,562000
2020-08-25 09:00:00+09:00,1775.3297119140625,1794.3426137819506,1730.174069977828,1758.6934227796603,775600
2020-08-26 09:00:00+09:00,1827.615234375,1829.9918471635242,1758.6934635078023,1775.3297530274708,705000
2020-08-27 09:00:00+09:00,1808.602294921875,1839.4982605381488,1789.589393004168,1837.1216477984353,768400
2020-08-28 09:00:00+09:00,1794.3426513671875,1860.8878092986859,1772.9531363177773,1815.7321664165977,844000
2020-08-31 09:00:00+09:00,1851.3814697265625,1877.5242119178233,1841.8750180206493,1849.004856800084,676400
2020-09-01 09:00:00+09:00,1837.121826171875,1837.121826171875,1794.3427927034484,1834.7452132014068,471400
2020-09-02 09:00:00+09:00,1825.23828125,1865.6406911214192,1810.9786071777344,1856.134241739909,508000
2020-09-03 09:00:00+09:00,1834.7449951171875,1863.264347372895,1813.3554809254067,1858.5111219969438,458800
2020-09-04 09:00:00+09:00,1851.3814697265625,1877.5242119178233,1806.2258241234756,1808.6024370499538,854400
2020-09-07 09:00:00+09:00,1891.783935546875,1929.809743296561,1851.3815148128338,1851.3815148128338,896600
2020-09-08 09:00:00+09:00,1996.3548583984375,2005.8613101050967,1898.9137284051803,1898.9137284051803,1371400
2020-09-09 09:00:00+09:00,1965.45849609375,1982.0947832432737,1925.0560844449062,1955.952046294022,1035000
2020-09-10 09:00:00+09:00,1998.7315673828125,2029.6275369142948,1977.3420500148634,1984.471889137513,1029200
2020-09-11 09:00:00+09:00,2010.6146240234375,2029.627528269522,1979.71865462355,2029.627528269522,883400
2020-09-14 09:00:00+09:00,2046.2637939453125,2086.6662149639774,2012.9912119299415,2036.7573419409207,903000
2020-09-15 09:00:00+09:00,2008.23828125,2029.6278014053253,1965.459240939349,2027.2511880547336,651000
2020-09-16 09:00:00+09:00,1977.341796875,2027.2506643442007,1977.341796875,2010.6143751878005,588800
2020-09-17 09:00:00+09:00,1965.45849609375,1993.9778454929337,1951.198821394158,1972.588333443546,524400
2020-09-18 09:00:00+09:00,1965.45849609375,2008.2375201925256,1955.952046294022,1989.2246205930696,683000
2020-09-23 09:00:00+09:00,1922.679931640625,1951.1992878577912,1908.420253532042,1922.679931640625,633000
2020-09-24 09:00:00+09:00,1860.887939453125,1915.550037291467,1849.0048747056594,1910.7968113924808,897000
2020-09-25 09:00:00+09:00,1863.2645263671875,1896.5371071951731,1829.991945539202,1868.0177521997568,1025400
2020-09-28 09:00:00+09:00,1929.8095703125,1929.8095703125,1858.5111871728757,1860.8877999441966,1740000
2020-09-29 09:00:00+09:00,1903.602294921875,1929.8095855903864,1894.0723710424163,1925.044623650657,616200
2020-09-30 09:00:00+09:00,1855.95263671875,1925.0445834001926,1855.95263671875,1925.0445834001926,484600
2020-10-02 09:00:00+09:00,1879.7774658203125,1920.2796418899516,1860.7176182581293,1860.7176182581293,691200
2020-10-05 09:00:00+09:00,1951.251708984375,1967.9290740184297,1910.7495367588142,1910.7495367588142,776000
2020-10-06 09:00:00+09:00,1936.9569091796875,1982.2240448185732,1920.2795434179927,1972.6941215261763,389800
2020-10-07 09:00:00+09:00,1953.6343994140625,1958.399361363853,1905.9847799161585,1925.04462771532,391800
2020-10-08 09:00:00+09:00,1948.8692626953125,1967.929108785242,1939.3393396503477,1953.6342242177948,449000
2020-10-09 09:00:00+09:00,1939.3394775390625,1970.3117296373523,1932.1920347471496,1970.3117296373523,241200
2020-10-12 09:00:00+09:00,1936.9569091796875,1946.4868324720846,1922.662024241092,1941.721870825886,330000
2020-10-13 09:00:00+09:00,1936.9569091796875,1944.1043516489854,1901.219696833199,1939.3393900027868,416200
2020-10-14 09:00:00+09:00,1932.1920166015625,1948.8693829594058,1913.1321693354557,1929.809535693299,452600
2020-10-15 09:00:00+09:00,1927.427001953125,1946.48684869679,1913.1321168953762,1936.9569253249576,414000
2020-10-16 09:00:00+09:00,1858.335205078125,1920.2797119140625,1858.335205078125,1917.897230881911,431200
2020-10-19 09:00:00+09:00,1936.9569091796875,1936.9569091796875,1877.3948886022065,1877.3948886022065,438400
2020-10-20 09:00:00+09:00,1929.8094482421875,1939.3393714433835,1903.6021594388985,1905.9846402391975,308000
2020-10-21 09:00:00+09:00,1939.3394775390625,1967.9292487067146,1932.1920347471496,1932.1920347471496,506600
2020-10-22 09:00:00+09:00,1894.0723876953125,1925.0446405758648,1882.159982741254,1925.0446405758648,352600
2020-10-23 09:00:00+09:00,1901.2197265625,1917.897092584978,1886.924841400376,1905.984688283208,332600
2020-10-26 09:00:00+09:00,1932.1920166015625,1941.7219402346157,1903.6022457024023,1905.9847266106658,935400
2020-10-27 09:00:00+09:00,1929.8094482421875,1934.5744098427856,1870.2474282347125,1905.9846402391975,517000
2020-10-28 09:00:00+09:00,1898.83740234375,1915.5147697420011,1879.7775538886056,1913.132288685108,431400
2020-10-29 09:00:00+09:00,1851.1876220703125,1882.159873147422,1829.7452944015445,1865.4825071828247,487800
2020-10-30 09:00:00+09:00,1772.56591796875,1875.0126040879115,1770.1834368962113,1875.0126040879115,657600
2020-11-02 09:00:00+09:00,1824.98046875,1839.2753549281986,1779.713329185705,1779.713329185705,393800
2020-11-04 09:00:00+09:00,1860.7176513671875,1867.8650943301857,1820.2154745768646,1846.4227654411914,391400
2020-11-05 09:00:00+09:00,1915.5145263671875,1915.5145263671875,1858.3349882666744,1877.3948343001787,583400
2020-11-06 09:00:00+09:00,1901.2197265625,1939.3394203281644,1886.924841400376,1934.5744586074563,498200
2020-11-09 09:00:00+09:00,1879.7774658203125,1915.5146799994059,1872.6300229844937,1913.132199054133,776400
2020-11-10 09:00:00+09:00,1932.1920166015625,2001.283962941199,1886.924879344559,1975.0766729503023,1712600
2020-11-11 09:00:00+09:00,1932.1920166015625,1953.6343447759325,1863.1000702619258,1944.1044211428791,1084200
2020-11-12 09:00:00+09:00,1810.685546875,1915.5147101151315,1794.0081799958882,1903.6023052014802,1145600
2020-11-13 09:00:00+09:00,1660.589111328125,1796.390516415217,1653.4416689551201,1796.390516415217,1752400
2020-11-16 09:00:00+09:00,1684.4140625,1698.7089484618105,1655.824290576379,1682.0315815063648,842200
2020-11-17 09:00:00+09:00,1794.0081787109375,1803.5381026350328,1727.2987112422707,1734.446154185342,1132000
2020-11-18 09:00:00+09:00,1739.211181640625,1791.6257651969179,1736.8287005698844,1755.8885491358092,585000
2020-11-19 09:00:00+09:00,1679.649169921875,1727.2987917636303,1670.119245553524,1691.5615753823138,668600
2020-11-20 09:00:00+09:00,1696.32666015625,1696.32666015625,1648.6770348709622,1670.1193662493417,369800
2020-11-24 09:00:00+09:00,1763.0357666015625,1770.183208898596,1724.916074350718,1739.2109589447846,623000
2020-11-25 09:00:00+09:00,1760.6534423828125,1803.5380999780637,1751.1235184727566,1786.860733135466,419000
2020-11-26 09:00:00+09:00,1739.211181640625,1743.9761437821062,1715.3863709332193,1732.0637384284032,347200
2020-11-27 09:00:00+09:00,1770.183349609375,1789.2431972498528,1743.976059103718,1765.4183876992554,390600
2020-11-30 09:00:00+09:00,1732.063720703125,1770.183417444872,1722.5337965176884,1753.5060501203577,734200
2020-12-01 09:00:00+09:00,1748.7410888671875,1767.8009372472113,1739.2111646771757,1739.2111646771757,367600
2020-12-02 09:00:00+09:00,1760.6534423828125,1765.4184043378405,1743.9760755402149,1763.0359233603265,434800
2020-12-03 09:00:00+09:00,1834.510498046875,1839.2754603794644,1760.6535818917412,1772.5659877232144,727000
2020-12-04 09:00:00+09:00,1877.394775390625,1879.7772560700546,1810.6853163665926,1834.5101231608899,690400
2020-12-07 09:00:00+09:00,1872.630126953125,1925.044710659192,1860.7177215653824,1905.984862038804,566200
2020-12-08 09:00:00+09:00,1867.865234375,1882.160121372768,1860.7177908761162,1863.1002720424108,316000
2020-12-09 09:00:00+09:00,1839.275146484375,1867.8649156007125,1834.5101849649855,1858.3349925619334,231200
2020-12-10 09:00:00+09:00,1867.865234375,1886.9250837053573,1858.3353097098216,1870.2477155412946,370800
2020-12-11 09:00:00+09:00,1836.892822265625,1884.5424415202456,1791.6256839737355,1870.2475557438595,777600
2020-12-14 09:00:00+09:00,1846.4227294921875,1877.3949817288308,1844.0402485509073,1858.3351341985888,659000
2020-12-15 09:00:00+09:00,1813.068115234375,1834.5104451123111,1801.1557097466327,1817.8330774294718,461400
2020-12-16 09:00:00+09:00,1863.0999755859375,1875.012379521909,1822.5978022036345,1822.5978022036345,387600
2020-12-17 09:00:00+09:00,1813.068115234375,1844.0403695025047,1805.9206719417296,1836.8929262098595,386800
2020-12-18 09:00:00+09:00,1815.4505615234375,1832.1279288865137,1794.0082320566253,1832.1279288865137,405600
2020-12-21 09:00:00+09:00,1882.1600341796875,1891.6899584033822,1844.040337284909,1844.040337284909,751800
2020-12-22 09:00:00+09:00,1860.7176513671875,1894.0723851945124,1846.4227654411914,1863.1001323548537,630200
2020-12-23 09:00:00+09:00,1817.8328857421875,1870.2474643612284,1808.3029623569075,1858.3350601296281,403200
2020-12-24 09:00:00+09:00,1751.12353515625,1832.127889163478,1746.3585731558248,1813.0680411617773,651800
2020-12-25 09:00:00+09:00,1763.0357666015625,1779.713131961307,1753.5058435388514,1753.5058435388514,187000
2020-12-28 09:00:00+09:00,1767.80078125,1772.5657429245282,1727.2986070165093,1765.4183004127358,529400
2020-12-29 09:00:00+09:00,1801.155517578125,1803.5379984214824,1760.6533432410508,1774.9482283011946,474800
2020-12-30 09:00:00+09:00,1829.7452392578125,1844.0401239395142,1774.9481813112895,1801.1554698944092,333600
2021-01-04 09:00:00+09:00,1755.8883056640625,1829.745208616011,1753.5058249236772,1829.745208616011,472800
2021-01-05 09:00:00+09:00,1777.3304443359375,1801.1552492197973,1748.7406784753057,1753.5056394520777,418200
2021-01-06 09:00:00+09:00,1813.068115234375,1817.8330774294718,1770.1834554785028,1774.9484176735996,273600
2021-01-07 09:00:00+09:00,1798.7730712890625,1848.8051699606788,1796.390590399938,1834.5102846259313,299600
2021-01-08 09:00:00+09:00,1829.7452392578125,1834.5102008183799,1782.0956236521404,1808.30291223526,486400
2021-01-12 09:00:00+09:00,1789.2431640625,1817.832934992926,1774.948278597287,1801.1555686168442,388600
2021-01-13 09:00:00+09:00,1796.390625,1801.1555868700266,1777.330777519894,1796.390625,197800
2021-01-14 09:00:00+09:00,1696.32666015625,1739.211322913009,1696.32666015625,1724.9164353274227,1450200
2021-01-15 09:00:00+09:00,1572.4373779296875,1691.5614217122395,1572.4373779296875,1691.5614217122395,1605400
2021-01-18 09:00:00+09:00,1565.2901611328125,1584.3500108878545,1536.7003865002498,1572.4376047909532,818000
2021-01-19 09:00:00+09:00,1629.616943359375,1639.1468670047516,1562.9074778417398,1570.0549205757723,1118600
2021-01-20 09:00:00+09:00,1627.2344970703125,1646.2943447665973,1617.7045732221702,1627.2344970703125,817400
2021-01-21 09:00:00+09:00,1624.8519287109375,1674.8840262225647,1620.0869670431634,1643.9117753820335,467000
2021-01-22 09:00:00+09:00,1591.4971923828125,1636.7643280942996,1589.114711555892,1627.2344047866181,472000
2021-01-25 09:00:00+09:00,1617.704833984375,1639.1471660990428,1598.6449832157816,1605.792427254004,410400
2021-01-26 09:00:00+09:00,1615.322265625,1643.912040237832,1598.644897100848,1629.617152931416,342400
2021-01-27 09:00:00+09:00,1608.174560546875,1629.6168880208334,1593.879675564236,1617.7044838686343,307000
2021-01-28 09:00:00+09:00,1651.05908203125,1651.05908203125,1577.2021822578463,1579.584662895698,580600
2021-01-29 09:00:00+09:00,1608.174560546875,1655.8241771556714,1598.6446372251157,1646.294253833912,478200
2021-02-01 09:00:00+09:00,1631.9993896484375,1646.2942748132414,1608.1745810404311,1608.1745810404311,467800
2021-02-02 09:00:00+09:00,1705.8563232421875,1705.8563232421875,1634.3818962906992,1648.6767816809968,824400
2021-02-03 09:00:00+09:00,1727.2987060546875,1734.4461489762932,1691.5614914466596,1713.0038202114763,627600
2021-02-04 09:00:00+09:00,1729.6812744140625,1760.6535286391077,1722.5338311313596,1734.446236602531,812400
2021-02-05 09:00:00+09:00,1791.625732421875,1798.7731755033453,1743.97611187874,1746.3585929058968,893600
2021-02-08 09:00:00+09:00,1865.4825439453125,1882.1599102385655,1836.8927731568785,1836.8927731568785,1047000
2021-02-09 09:00:00+09:00,1805.920654296875,1882.1600486735242,1796.3907299997938,1851.1877947080104,1001400
2021-02-10 09:00:00+09:00,1803.5380859375,1865.482590870624,1779.7132763478369,1805.9205668964662,608400
2021-02-12 09:00:00+09:00,1801.155517578125,1817.8328834816261,1791.6255942046957,1803.5379984214824,281600
2021-02-15 09:00:00+09:00,1784.478271484375,1810.6855625208611,1777.3308284744242,1801.1556385075935,338400
2021-02-16 09:00:00+09:00,1834.510498046875,1853.570347377232,1803.5382428850446,1810.6856863839287,626200
2021-02-17 09:00:00+09:00,1882.1600341796875,1886.9249962915349,1848.8052993967563,1851.18778045268,700400
2021-02-18 09:00:00+09:00,1820.2154541015625,1901.2198067710037,1810.6855302580989,1896.454844849272,700400
2021-02-19 09:00:00+09:00,1765.418212890625,1820.2152694310898,1748.7408478565706,1810.6853465544873,408600
2021-02-22 09:00:00+09:00,1853.5701904296875,1863.1001142879377,1817.8329759612486,1820.2154569258114,703800
2021-02-24 09:00:00+09:00,1863.0999755859375,1867.864937160326,1805.9204366932745,1824.9802829908288,671400
2021-02-25 09:00:00+09:00,1867.865234375,1894.0725272042412,1860.7177908761162,1894.0725272042412,372400
2021-02-26 09:00:00+09:00,1851.1876220703125,1882.159873147422,1827.3628135494591,1841.6576986619712,460600
2021-03-01 09:00:00+09:00,1898.83740234375,1898.83740234375,1836.892894864531,1877.3950728317127,421600
2021-03-02 09:00:00+09:00,1836.892822265625,1910.749732110287,1820.2154555265079,1903.602289222094,784400
2021-03-03 09:00:00+09:00,1860.7176513671875,1867.8650943301857,1839.2753224781932,1855.9526893918555,435400
2021-03-04 09:00:00+09:00,1848.8052978515625,1855.9527410133599,1815.4505630965086,1841.6578546897651,355200
2021-03-05 09:00:00+09:00,1834.510498046875,1858.3353097098216,1817.8331298828125,1848.805385044643,481200
2021-03-08 09:00:00+09:00,1798.7730712890625,1870.2474979628,1798.7730712890625,1855.9526126280525,528600
2021-03-09 09:00:00+09:00,1813.068115234375,1834.5104451123111,1794.0082664539873,1822.5980396245689,502800
2021-03-10 09:00:00+09:00,1779.713134765625,1827.3627501542628,1779.713134765625,1815.4503463071035,613600
2021-03-11 09:00:00+09:00,1732.063720703125,1791.6257468621047,1724.9162775640475,1777.3308605839495,665400
2021-03-12 09:00:00+09:00,1774.9482421875,1782.09568477349,1696.3263737416107,1720.1511823615772,630800
2021-03-15 09:00:00+09:00,1798.7730712890625,1810.6854757346855,1770.1833006195675,1777.3307432869412,617000
2021-03-16 09:00:00+09:00,1827.36279296875,1832.1277546192553,1784.478138114203,1798.7730230657187,610400
2021-03-17 09:00:00+09:00,1846.4227294921875,1858.3351341985888,1803.5380725491432,1810.685515372984,638600
2021-03-18 09:00:00+09:00,1863.0999755859375,1882.159821883492,1853.5700524371603,1860.7174947987432,600600
2021-03-19 09:00:00+09:00,1870.247802734375,1872.6302840117435,1839.2755461285826,1860.7178776249004,605000
2021-03-22 09:00:00+09:00,1851.1876220703125,1865.4825071828247,1839.2752178098858,1860.717545478654,480400
2021-03-23 09:00:00+09:00,1739.211181640625,1841.65786768247,1739.211181640625,1839.2753866117293,1033000
2021-03-24 09:00:00+09:00,1665.3544921875,1722.5340455673283,1648.6771224517167,1720.151564176502,1255400
2021-03-25 09:00:00+09:00,1724.916015625,1748.7408224706492,1686.7963246719614,1686.7963246719614,826400
2021-03-26 09:00:00+09:00,1763.0357666015625,1777.3306511956291,1736.828478179107,1758.270805070207,682600
2021-03-29 09:00:00+09:00,1734.446044921875,1760.6533340621781,1708.238755781572,1729.6810832600017,1174800
2021-03-30 09:00:00+09:00,1736.835205078125,1758.3366037654744,1720.1118949879642,1739.2242493767194,540400
2021-03-31 09:00:00+09:00,1751.1693115234375,1779.8378404979003,1739.2240911174113,1753.5583556046427,428600
2021-04-01 09:00:00+09:00,1746.39111328125,1748.7801572118674,1705.7773664607557,1739.223981489398,407200
2021-04-02 09:00:00+09:00,1720.1119384765625,1744.0023820665147,1712.9448053995768,1732.0571602715386,374600
2021-04-05 09:00:00+09:00,1744.00244140625,1746.3914858465325,1712.944863682577,1727.2791303242723,203800
2021-04-06 09:00:00+09:00,1717.72265625,1758.3364047287898,1700.9993480528512,1744.0021405598052,334400
2021-04-07 09:00:00+09:00,1729.66796875,1739.2241453729282,1710.5556155041436,1729.66796875,348800
2021-04-08 09:00:00+09:00,1681.8870849609375,1715.3337031277745,1669.9418641870673,1710.5556148182263,463200
2021-04-09 09:00:00+09:00,1679.498046875,1710.5556209992887,1669.9418702213727,1691.4432676920342,322000
2021-04-12 09:00:00+09:00,1691.443359375,1705.7776251324153,1674.7200493246821,1698.6104922537077,255400
2021-04-13 09:00:00+09:00,1686.6651611328125,1708.1665583710496,1679.498028720067,1691.4432494079763,250600
2021-04-14 09:00:00+09:00,1684.276123046875,1698.6103879238697,1677.1089906083778,1691.4432554853724,379200
2021-04-15 09:00:00+09:00,1653.2186279296875,1700.9995131299675,1641.2734066296175,1684.2762033098695,400400
2021-04-16 09:00:00+09:00,1624.550048828125,1641.2733581542968,1614.9938720703126,1641.2733581542968,555200
2021-04-19 09:00:00+09:00,1614.9937744140625,1657.9965672239043,1614.9937744140625,1636.4951708189835,475400
2021-04-20 09:00:00+09:00,1612.604736328125,1622.1609125434027,1574.3800314670139,1605.4376041666667,525000
2021-04-21 09:00:00+09:00,1560.0457763671875,1586.3252611145674,1552.8786441633567,1579.1581289107364,707600
2021-04-22 09:00:00+09:00,1603.048583984375,1614.9938044313524,1574.380054911629,1586.3252753586064,429600
2021-04-23 09:00:00+09:00,1617.3828125,1634.1061207533235,1579.1581079209748,1591.1033281019202,412600
2021-04-26 09:00:00+09:00,1660.3856201171875,1674.719884463523,1622.1609151936264,1636.4951795399618,583400
2021-04-27 09:00:00+09:00,1660.3856201171875,1677.1089285212454,1655.6075320017424,1677.1089285212454,621600
2021-04-28 09:00:00+09:00,1655.6075439453125,1681.8870287698412,1646.0513676454839,1667.5527643200983,486400
2021-04-30 09:00:00+09:00,1657.99658203125,1677.1089345618695,1643.6623176332853,1655.6075379649226,294000
2021-05-06 09:00:00+09:00,1677.109130859375,1684.2762638972356,1648.4405987079328,1655.6077317457932,281400
2021-05-07 09:00:00+09:00,1674.719970703125,1681.8871032453637,1660.3857056186475,1672.3309265223788,280600
2021-05-10 09:00:00+09:00,1689.05419921875,1705.7775081219058,1684.2761109607054,1684.2761109607054,241600
2021-05-11 09:00:00+09:00,1648.4404296875,1693.832267606431,1646.0513855865036,1689.0541794044384,301800
2021-05-12 09:00:00+09:00,1622.1612548828125,1653.218834136828,1595.8817647447993,1646.0517004628243,431200
2021-05-13 09:00:00+09:00,1581.5472412109375,1626.939080460194,1576.7691528689104,1610.2157712630994,518600
2021-05-14 09:00:00+09:00,1624.550048828125,1638.8843139648438,1593.4924743652343,1595.8815185546875,458800
2021-05-17 09:00:00+09:00,1617.3828125,1667.5527372599704,1614.993768463811,1634.1061207533235,484400
2021-05-18 09:00:00+09:00,1646.0513916015625,1655.6075680404685,1598.2705094070325,1612.6047740653914,666600
2021-05-19 09:00:00+09:00,1612.604736328125,1629.328044704861,1603.048560112847,1629.328044704861,480200
2021-05-20 09:00:00+09:00,1583.936279296875,1629.3281183717477,1583.936279296875,1612.6048092388999,549400
2021-05-21 09:00:00+09:00,1622.1612548828125,1626.9393439988148,1564.8241854907837,1586.3255865127944,635400
2021-05-24 09:00:00+09:00,1619.7720947265625,1634.1063610515764,1607.826872789051,1607.826872789051,371200
2021-05-25 09:00:00+09:00,1650.829833984375,1653.218878606639,1619.772253894944,1634.1065216285276,370200
2021-05-26 09:00:00+09:00,1732.05712890625,1741.6133061691812,1643.662489224138,1643.662489224138,985400
2021-05-27 09:00:00+09:00,1662.7747802734375,1732.0570627848308,1662.7747802734375,1715.3337532131152,777000
2021-05-28 09:00:00+09:00,1755.9473876953125,1767.8926080197705,1696.221286073023,1708.1665063974808,952600
2021-05-31 09:00:00+09:00,1753.55859375,1782.2271266178473,1736.8352829104224,1767.8928601839236,457400
2021-06-01 09:00:00+09:00,1789.3941650390625,1798.950342155426,1751.1694565736086,1787.0051207599715,590000
2021-06-02 09:00:00+09:00,1846.731201171875,1846.731201171875,1777.4489180748706,1789.394139298492,973600
2021-06-03 09:00:00+09:00,1830.0079345703125,1911.235440804504,1820.4517573662902,1877.7888205904253,1924800
2021-06-04 09:00:00+09:00,1861.0654296875,1877.7887390685175,1808.50645734716,1822.840722530889,551800
2021-06-07 09:00:00+09:00,1815.6737060546875,1870.6217261063425,1798.9503956041838,1870.6217261063425,536400
2021-06-08 09:00:00+09:00,1901.6793212890625,1916.0135875299347,1868.2327000603605,1868.2327000603605,1202200
2021-06-09 09:00:00+09:00,1982.9066162109375,2002.0189691382718,1896.901028037933,1904.0681603856833,1372000
2021-06-10 09:00:00+09:00,1935.125732421875,1961.4052176769867,1906.457203052662,1959.0161735628858,828000
2021-06-11 09:00:00+09:00,1959.0162353515625,1970.9614562988281,1920.7915283203124,1944.6819702148437,911000
2021-06-14 09:00:00+09:00,1942.29296875,1980.5176766220789,1927.9587032979705,1959.0162784440345,578400
2021-06-15 09:00:00+09:00,1918.4024658203125,1942.292907486817,1873.010626653954,1942.292907486817,619800
2021-06-16 09:00:00+09:00,1904.0684814453125,1925.5698821140802,1899.2903924078084,1904.0684814453125,509600
2021-06-17 09:00:00+09:00,1911.2354736328125,1923.1806953430175,1853.898409423828,1896.9012075805665,496000
2021-06-18 09:00:00+09:00,1873.0107421875,1896.9011853276465,1865.843609245456,1896.9011853276465,556600
2021-06-21 09:00:00+09:00,1849.1202392578125,1873.0106816254845,1815.6736199430718,1820.4517084166062,609000
2021-06-22 09:00:00+09:00,1856.287353515625,1889.7339724978885,1839.5640440244933,1882.566839858832,648200
2021-06-23 09:00:00+09:00,1861.0654296875,1882.566827463094,1837.1749877146183,1868.2325622793646,489600
2021-06-24 09:00:00+09:00,1808.50634765625,1894.5119335421482,1808.50634765625,1880.177669227832,621400
2021-06-25 09:00:00+09:00,1815.6737060546875,1846.731282605623,1813.2846617046155,1837.175105205335,406600
2021-06-28 09:00:00+09:00,1782.226806640625,1822.840554245036,1782.226806640625,1820.451510268306,461600
2021-06-29 09:00:00+09:00,1748.7802734375,1767.892626152664,1732.0569648117314,1758.336449795082,781600
2021-06-30 09:00:00+09:00,1729.66796875,1763.1145869302486,1722.500836282804,1760.7255427745165,473600
2021-07-01 09:00:00+09:00,1755.9473876953125,1775.0597402144451,1727.2788589166137,1732.0569470463968,407600
2021-07-02 09:00:00+09:00,1796.56103515625,1806.1172108751662,1746.39111263194,1746.39111263194,434400
2021-07-05 09:00:00+09:00,1818.062744140625,1820.4517884824654,1772.6709016456552,1808.5065667732629,431200
2021-07-06 09:00:00+09:00,1861.0654296875,1875.3996948712293,1808.50645734716,1815.6735899390244,522200
2021-07-07 09:00:00+09:00,1834.7857666015625,1870.6214261054993,1815.6734148661294,1827.6186347007751,457200
2021-07-08 09:00:00+09:00,1810.8953857421875,1822.8406059647614,1796.561121475099,1810.8953857421875,618800
2021-07-09 09:00:00+09:00,1827.618896484375,1832.3969851026347,1770.2818330652572,1777.448965992647,528800
2021-07-12 09:00:00+09:00,1851.50927734375,1856.2873658014114,1822.8407465977823,1839.5640561995967,397200
2021-07-13 09:00:00+09:00,1832.396728515625,1856.2871682615914,1822.8405526172385,1853.8981242869947,301200
2021-07-14 09:00:00+09:00,1777.448974609375,1822.840816702894,1775.0599302886635,1820.4517723821825,541800
2021-07-15 09:00:00+09:00,1734.446044921875,1770.2817070070378,1732.0570007828642,1770.2817070070378,639000
2021-07-16 09:00:00+09:00,1741.6131591796875,1760.725512092496,1715.3336739245756,1724.8898503809799,452200
2021-07-19 09:00:00+09:00,1717.72265625,1746.3911845879693,1712.9445681936718,1727.2788323626564,398200
2021-07-20 09:00:00+09:00,1681.8870849609375,1705.7775265086782,1677.1089966513894,1696.221349889582,715200
2021-07-21 09:00:00+09:00,1712.9447021484375,1744.0022769433185,1703.388525288474,1710.5556579334466,432800
2021-07-26 09:00:00+09:00,1727.2789306640625,1763.1145931259725,1715.3337098434258,1763.1145931259725,515800
2021-07-27 09:00:00+09:00,1794.1722412109375,1796.5612854735352,1741.6132674337862,1753.558488746775,611600
2021-07-28 09:00:00+09:00,1770.2816162109375,1772.6706602274166,1741.6130880131896,1760.7254401450216,400800
2021-07-29 09:00:00+09:00,1755.9473876953125,1777.448784279337,1744.0021673708547,1765.503563954879,252200
2021-07-30 09:00:00+09:00,1727.2789306640625,1765.5036372901,1720.1117981716807,1758.336504797718,379000
2021-08-02 09:00:00+09:00,1717.72265625,1722.5007443063282,1696.2212599965228,1720.111700278164,573600
2021-08-03 09:00:00+09:00,1705.7777099609375,1720.1119764311975,1689.0543990789677,1693.8324879023876,545000
2021-08-04 09:00:00+09:00,1703.3887939453125,1736.8354182303538,1689.0545263945805,1715.3340169042558,368400
2021-08-05 09:00:00+09:00,1715.333740234375,1722.5008728537387,1674.7199887246475,1677.109032931102,337400
2021-08-06 09:00:00+09:00,1732.05712890625,1748.7804391163793,1720.1119073275863,1724.8899959590517,420000
2021-08-10 09:00:00+09:00,1775.059814453125,1775.059814453125,1686.66518035519,1712.9446661680895,747600
2021-08-11 09:00:00+09:00,1820.4517822265625,1830.007959561085,1784.6161172221025,1801.3394275575172,588800
2021-08-12 09:00:00+09:00,1789.3941650390625,1844.3421834581525,1789.3941650390625,1839.5640948999708,359600
2021-08-13 09:00:00+09:00,1744.00244140625,1789.3942857716181,1744.00244140625,1789.3942857716181,418400
2021-08-16 09:00:00+09:00,1715.333740234375,1729.6680054731025,1693.832342376284,1724.8899170601933,528800
2021-08-17 09:00:00+09:00,1657.99658203125,1715.3336396231089,1655.6075379649226,1696.221287092489,571600
2021-08-18 09:00:00+09:00,1684.276123046875,1686.6651671930408,1650.829505000554,1657.9966374390515,296600
2021-08-19 09:00:00+09:00,1650.829833984375,1700.9997710519176,1641.2736554953194,1667.5531463402226,347600
2021-08-20 09:00:00+09:00,1629.328125,1667.552831744868,1626.9390808284456,1638.884301686217,394600
2021-08-23 09:00:00+09:00,1648.4404296875,1662.7746942934782,1624.5499886775362,1624.5499886775362,387800
2021-08-24 09:00:00+09:00,1715.333740234375,1732.057049679557,1686.6652097569204,1689.054253963375,569800
2021-08-25 09:00:00+09:00,1753.55859375,1767.8928601839236,1732.0571940991144,1739.2243273160761,614400
2021-08-26 09:00:00+09:00,1758.33642578125,1782.2268663489301,1753.5583376677139,1772.670690121858,291600
2021-08-27 09:00:00+09:00,1741.6131591796875,1746.3912474078895,1727.278894495081,1732.056982723283,307200
2021-08-30 09:00:00+09:00,1753.55859375,1777.4490378065395,1751.169549344346,1772.6709489952316,222000
2021-08-31 09:00:00+09:00,1736.835205078125,1746.3913822725026,1724.889983585153,1744.0023379739082,309400
2021-09-01 09:00:00+09:00,1755.9473876953125,1770.281652084662,1736.8350351761799,1744.0021673708547,324800
2021-09-02 09:00:00+09:00,1734.446044921875,1734.446044921875,1686.6651621416581,1732.0570007828642,560600
2021-09-03 09:00:00+09:00,1746.39111328125,1758.3363329343365,1736.8349375587807,1741.6130254200154,623800
2021-09-06 09:00:00+09:00,1729.66796875,1765.5036310859805,1722.500836282804,1765.5036310859805,561400
2021-09-07 09:00:00+09:00,1772.6707763671875,1772.6707763671875,1732.0570254261604,1751.1693788101732,428000
2021-09-08 09:00:00+09:00,1813.2845458984375,1815.673590095932,1760.7255735535553,1767.892706146039,770200
2021-09-09 09:00:00+09:00,1810.8953857421875,1818.0625178757318,1791.7830333860695,1791.7830333860695,335000
2021-09-10 09:00:00+09:00,1818.062744140625,1830.0079658498275,1806.1175224314225,1820.4517884824654,383400
2021-09-13 09:00:00+09:00,1827.618896484375,1827.618896484375,1777.448965992647,1798.950364774816,483400
2021-09-14 09:00:00+09:00,1882.5667724609375,1887.3448607159146,1825.2297134012135,1832.396845783679,786400
2021-09-15 09:00:00+09:00,1851.50927734375,1861.0654542590726,1837.175011970766,1849.1202331149193,490000
2021-09-16 09:00:00+09:00,1870.62158203125,1873.0106261973178,1834.7859195402298,1851.509228702706,575800
2021-09-17 09:00:00+09:00,1880.177734375,1894.511999185991,1849.1201606178527,1877.7886902398348,1334600
2021-09-21 09:00:00+09:00,1882.5667724609375,1889.733904843403,1815.6735368912596,1818.062581018748,754000
2021-09-22 09:00:00+09:00,1863.4544677734375,1868.2325561523437,1839.5640258789062,1856.287335205078,604000
2021-09-24 09:00:00+09:00,1949.460205078125,1959.0163825539983,1877.7888740090764,1896.9012289608227,1429000
2021-09-27 09:00:00+09:00,2011.5753173828125,2028.298627622337,1959.0163423443066,1961.4053866642387,1462000
2021-09-28 09:00:00+09:00,2025.90966796875,2052.1891565862693,1992.4630460919072,2018.7425347094265,1743400
2021-09-29 09:00:00+09:00,2049.85693359375,2049.85693359375,1973.2267678519277,2011.5418507228387,1152600
2021-09-30 09:00:00+09:00,2090.56591796875,2102.5393768345507,2040.2773907323883,2047.4614660518687,837800
2021-10-01 09:00:00+09:00,2025.90966796875,2066.6194367104385,1987.594591505984,2064.224744431516,835000
2021-10-04 09:00:00+09:00,2076.1982421875,2112.1186270004328,2066.6194729040512,2080.987626829224,796600
2021-10-05 09:00:00+09:00,2052.251220703125,2080.9875271773813,2021.1202220226808,2076.1981427650053,809200
2021-10-06 09:00:00+09:00,2023.51513671875,2080.9877559865013,2004.3575969628328,2076.198371047522,885800
2021-10-07 09:00:00+09:00,2021.1204833984375,2033.0939459778122,1954.0690929539396,2001.9629432714382,715200
2021-10-08 09:00:00+09:00,2025.90966796875,2076.19820582613,2021.1202834109042,2052.2512830369014,543000
2021-10-11 09:00:00+09:00,2078.5927734375,2088.171541978687,2025.9095464609736,2042.67239140805,651200
2021-10-12 09:00:00+09:00,2025.90966796875,2052.2512830369014,1997.1733606216753,2052.2512830369014,710200
2021-10-13 09:00:00+09:00,2009.146484375,2035.4880950163886,2004.3571006220202,2035.4880950163886,425200
2021-10-14 09:00:00+09:00,1970.8316650390625,1997.1732790310791,1966.0422806768777,1992.3838946688943,628200
2021-10-15 09:00:00+09:00,2021.1204833984375,2025.9098684301875,1992.3841732079384,1992.3841732079384,372600
2021-10-18 09:00:00+09:00,1992.3839111328125,2054.645908355713,1989.9892189319316,2040.277755150428,307400
2021-10-19 09:00:00+09:00,1961.2528076171875,1985.1997283451142,1949.2793472532242,1982.8050362723216,489200
2021-10-20 09:00:00+09:00,1994.778564453125,2016.330793840974,1939.7006449064002,1956.4634899858381,793200
2021-10-21 09:00:00+09:00,1975.6209716796875,2028.304197591146,1966.0422033321497,2001.9625846354168,378600
2021-10-22 09:00:00+09:00,1970.8316650390625,1992.3838946688943,1961.2528963146929,1968.43697285797,279400
2021-10-25 09:00:00+09:00,1970.8316650390625,1975.6210494012473,1946.8847432281382,1946.8847432281382,307600
2021-10-26 09:00:00+09:00,1980.41015625,1987.594231786578,1956.4632377947398,1973.2260807134219,407200
2021-10-27 09:00:00+09:00,2009.146484375,2013.9358681279798,1958.8579549687129,1980.4101818571216,408400
2021-10-28 09:00:00+09:00,2018.7254638671875,2030.6989245069692,1978.01569769193,1985.1997740757988,774800
2021-10-29 09:00:00+09:00,2040.2777099609375,2059.435247143669,2013.9360963346812,2025.9095570738887,391600
2021-11-01 09:00:00+09:00,2076.1982421875,2076.1982421875,2045.0672420162919,2073.8035498666377,329200
2021-11-02 09:00:00+09:00,2112.118408203125,2119.302484421503,2073.8033350384426,2076.198027111235,570600
2021-11-04 09:00:00+09:00,2102.539306640625,2136.064990345601,2097.7499232542,2121.6968401863255,403800
2021-11-05 09:00:00+09:00,2104.934326171875,2114.5130944365933,2078.5927134438994,2083.3820975762587,250800
2021-11-08 09:00:00+09:00,2183.959228515625,2198.327381334807,2155.2229228772617,2155.2229228772617,904800
2021-11-09 09:00:00+09:00,2121.697265625,2176.775185613008,2116.907881278217,2176.775185613008,742000
2021-11-10 09:00:00+09:00,2052.251220703125,2128.8813713011414,2030.698990847433,2080.9875271773813,953800
2021-11-11 09:00:00+09:00,2157.616943359375,2164.8010175326026,2042.6717565877325,2045.0664479788084,925600
2021-11-12 09:00:00+09:00,2128.881103515625,2188.748401139799,2121.6970278007243,2160.0120982801955,687600
2021-11-15 09:00:00+09:00,2174.3798828125,2183.9586488160794,2138.459510299078,2138.459510299078,451400
2021-11-16 09:00:00+09:00,2188.748779296875,2222.2744717587525,2174.3806253846415,2203.116933209108,517600
2021-11-17 09:00:00+09:00,2155.22265625,2200.721801215278,2145.643888888889,2200.721801215278,441800
2021-11-18 09:00:00+09:00,2148.03857421875,2160.012033383849,2128.8810395545916,2148.03857421875,283000
2021-11-19 09:00:00+09:00,2160.01220703125,2181.564435261052,2140.854670826982,2155.222822980183,406800
2021-11-22 09:00:00+09:00,2107.32861328125,2138.4596041592686,2052.250706343217,2131.2755293412642,740000
2021-11-24 09:00:00+09:00,2033.09375,2116.9079799764427,2025.9096731448763,2100.1451339811542,415200
2021-11-25 09:00:00+09:00,2092.9609375,2097.7503217963385,2030.6989416475974,2064.224631721968,425600
2021-11-26 09:00:00+09:00,1997.173095703125,2045.0669349286197,1985.1996358967515,2042.672242967345,683000
2021-11-29 09:00:00+09:00,1939.7005615234375,1968.4368661385995,1889.4120284469038,1901.3854887032214,1205600
2021-11-30 09:00:00+09:00,1913.3590087890625,1987.5944646995267,1913.3590087890625,1954.0687749335107,560000
2021-12-01 09:00:00+09:00,1867.85986328125,1910.9643216646634,1867.85986328125,1891.8067846053686,663200
2021-12-02 09:00:00+09:00,1810.3873291015625,1870.2546349580957,1781.6510222904267,1843.913020381221,894800
2021-12-03 09:00:00+09:00,1915.753662109375,1918.1483541870116,1841.5182077026366,1843.9128997802734,654600
2021-12-06 09:00:00+09:00,1910.96435546875,1915.7537398182958,1867.8598963228385,1913.359047643523,350200
2021-12-07 09:00:00+09:00,1961.2528076171875,1980.4103441995287,1927.7271185980903,1963.6474996899801,569400
2021-12-08 09:00:00+09:00,1975.6209716796875,1980.4103558534566,1927.727129941998,1949.2793587239585,402200
2021-12-09 09:00:00+09:00,1978.015625,2006.751929479419,1961.252780720339,1973.2262409200969,368000
2021-12-10 09:00:00+09:00,1934.911376953125,1980.4105306191018,1934.911376953125,1966.042376829846,360000
2021-12-13 09:00:00+09:00,1906.1749267578125,1958.858153376747,1906.1749267578125,1946.8846927815346,326400
2021-12-14 09:00:00+09:00,1872.6490478515625,1903.7800422531868,1870.2543559745145,1877.4384316056585,475000
2021-12-15 09:00:00+09:00,1915.753662109375,1915.753662109375,1860.6757443237304,1860.6757443237304,375000
2021-12-16 09:00:00+09:00,1927.727294921875,1930.1219872137033,1896.5962951281056,1913.3591411709044,369600
2021-12-17 09:00:00+09:00,1918.1484375,1922.9378218632958,1894.2015156835205,1915.753745318352,462200
2021-12-20 09:00:00+09:00,1843.9129638671875,1908.5696522105825,1843.9129638671875,1891.806807084517,557800
2021-12-21 09:00:00+09:00,1901.385498046875,1910.9642662990002,1877.4385774165617,1898.9908059838438,319400
2021-12-22 09:00:00+09:00,1939.7005615234375,1956.4634058822821,1906.1748728057485,1913.358948959539,445800
2021-12-23 09:00:00+09:00,1958.858154296875,1970.8316148977117,1930.121848854867,1956.4634621767077,276000
2021-12-24 09:00:00+09:00,1949.2794189453125,1980.4104170365767,1949.2794189453125,1963.6475719105115,242800
2021-12-27 09:00:00+09:00,1963.647705078125,1973.226474371189,1942.095474168731,1963.647705078125,286800
2021-12-28 09:00:00+09:00,1978.015625,1987.5943931598063,1961.252780720339,1961.252780720339,295400
2021-12-29 09:00:00+09:00,1980.41015625,1989.988923632104,1968.4366970223698,1978.015464404474,221400
2021-12-30 09:00:00+09:00,1932.5164794921875,1958.858091975972,1920.5430192722856,1956.4633999319917,295000
2022-01-04 09:00:00+09:00,1954.06884765625,1961.252924302045,1915.7537722120096,1946.8847710104549,263600
2022-01-05 09:00:00+09:00,1946.884765625,1970.8316877114084,1937.3059967904367,1961.2529188768451,277000
2022-01-06 09:00:00+09:00,1879.8333740234375,1925.3325257513934,1879.8333740234375,1918.1484491627689,382200
2022-01-07 09:00:00+09:00,1827.1500244140625,1903.7801696057402,1824.7553323768227,1887.0173253450607,463400
2022-01-11 09:00:00+09:00,1908.5697021484375,1913.3590865954852,1829.5448587721535,1831.9395509956773,568800
2022-01-12 09:00:00+09:00,1930.1220703125,1946.8849170770006,1908.569838758142,1908.569838758142,339200
2022-01-13 09:00:00+09:00,1891.8067626953125,1934.9112205795095,1884.6226863812797,1934.9112205795095,266600
2022-01-14 09:00:00+09:00,1875.0439453125,1877.4386374521073,1855.8864081956417,1872.6492531728927,327400
2022-01-17 09:00:00+09:00,1867.85986328125,1898.990861002604,1865.4651711488382,1867.85986328125,157400
2022-01-18 09:00:00+09:00,1910.96435546875,1934.9112772164788,1875.043972847157,1877.4386650219299,447000
2022-01-19 09:00:00+09:00,1879.8333740234375,1913.3590647703525,1865.4652208461885,1870.2546052386049,334600
2022-01-20 09:00:00+09:00,1918.1484375,1932.5165905898875,1863.0705173220972,1867.8599016853932,363400
2022-01-21 09:00:00+09:00,1930.1220703125,1932.5167627074286,1870.2547604392835,1884.6229148088555,575800
2022-01-24 09:00:00+09:00,1937.305908203125,1942.095292401402,1898.9908346169075,1939.7006003022636,475400
2022-01-25 09:00:00+09:00,1906.1749267578125,1942.0953085434496,1898.990850400685,1930.1218479482372,372600
2022-01-26 09:00:00+09:00,1889.4119873046875,1918.1482912941124,1877.4385273090938,1906.1748312985187,500000
2022-01-27 09:00:00+09:00,1889.4119873046875,1939.7005192861811,1875.043835309975,1896.5960633020438,646600
2022-01-28 09:00:00+09:00,1910.96435546875,1915.7537398182958,1879.8333571967028,1889.4121258957941,404800
2022-01-31 09:00:00+09:00,1949.2794189453125,1956.463495427912,1908.5696522105825,1913.3590365323153,438000
2022-02-01 09:00:00+09:00,1903.7802734375,1949.2794246265723,1898.990889101808,1932.5165794516508,489600
2022-02-02 09:00:00+09:00,2028.30419921875,2040.2776596627803,1930.1218235777008,1937.3058998441188,817400
2022-02-03 09:00:00+09:00,1989.9893798828125,2011.5416114338898,1968.437148331735,1973.2265331208635,472000
2022-02-04 09:00:00+09:00,2033.09375,2040.2778268551237,1956.4635968786808,1989.989288869258,505800
2022-02-07 09:00:00+09:00,1989.9893798828125,2016.3309962230182,1970.8318407262993,2009.1469190393257,352600
2022-02-08 09:00:00+09:00,2059.43505859375,2076.1979020939316,2018.7252958075944,2018.7252958075944,752000
2022-02-09 09:00:00+09:00,2021.1204833984375,2085.7771813270606,2018.7257908825627,2076.198411263561,455600
2022-02-10 09:00:00+09:00,2100.144775390625,2138.4598454091542,2061.829705372096,2076.1978566290445,990600
2022-02-14 09:00:00+09:00,2083.3828125,2124.0925915948274,2054.6464978448275,2069.0146551724138,656800
2022-02-15 09:00:00+09:00,2076.1982421875,2116.908011642157,2059.435395941465,2080.987626829224,369000
2022-02-16 09:00:00+09:00,2148.03857421875,2152.8279578847896,2119.3022722225123,2136.065115053651,509400
2022-02-17 09:00:00+09:00,2179.169677734375,2198.327213362809,2124.0917628026273,2145.6439903846153,642000
2022-02-18 09:00:00+09:00,2145.644287109375,2181.5646713801793,2126.4867488316127,2155.223056248256,456600
2022-02-21 09:00:00+09:00,2104.934326171875,2121.6971706351324,2090.5661737747973,2112.118402370414,343200
2022-02-22 09:00:00+09:00,2071.40869140625,2095.3556126941835,2061.8299228910764,2076.198075663837,355600
2022-02-24 09:00:00+09:00,1985.199462890625,2071.4083659835833,1963.6472371173854,2059.4349072206724,640400
2022-02-25 09:00:00+09:00,2049.85693359375,2052.251626273182,1999.568387325679,2018.7259287611346,400400
2022-02-28 09:00:00+09:00,2035.48828125,2069.013970588235,2011.5413602941176,2023.5148207720588,494200
2022-03-01 09:00:00+09:00,2057.04052734375,2071.4086800376526,2030.6989140715948,2064.2246036907013,374200
2022-03-02 09:00:00+09:00,2037.8829345703125,2049.856394820432,1989.989093569835,2013.9360140700737,456000
2022-03-03 09:00:00+09:00,2057.04052734375,2069.0139879220023,2033.0936061872453,2045.0670667654977,377800
2022-03-04 09:00:00+09:00,2006.7520751953125,2064.224688327398,1987.5945374846174,2057.040611685887,464200
2022-03-07 09:00:00+09:00,1999.56787109375,2009.1466393385106,1949.2793378087576,1973.2262584206587,564800
2022-03-08 09:00:00+09:00,1954.06884765625,2006.7520763920802,1939.7006943646597,1966.042308732575,534800
2022-03-09 09:00:00+09:00,2023.51513671875,2045.0673689441567,1982.8053647374259,1987.5947496764052,619800
2022-03-10 09:00:00+09:00,2140.8544921875,2164.801410444631,2064.2243537646814,2090.5659638475254,889400
2022-03-11 09:00:00+09:00,2109.723388671875,2157.617222693938,2109.723388671875,2131.2756139818034,523200
2022-03-14 09:00:00+09:00,2133.670654296875,2207.906109160178,2128.8812701121456,2131.2759622045105,573200
2022-03-15 09:00:00+09:00,2145.644287109375,2164.8018253871373,2131.2761334010534,2145.644287109375,357600
2022-03-16 09:00:00+09:00,2224.668701171875,2224.668701171875,2145.6438710979546,2167.196097481751,672200
2022-03-17 09:00:00+09:00,2215.090087890625,2258.194543654983,2198.3272439822636,2246.2210837204393,646000
2022-03-18 09:00:00+09:00,2234.248046875,2246.2215090769027,2193.5382753885315,2227.0639695538584,465600
2022-03-22 09:00:00+09:00,2193.5380859375,2234.2478539079557,2171.985855835494,2234.2478539079557,801200
2022-03-23 09:00:00+09:00,2246.221435546875,2277.3524362527487,2207.9063577550305,2222.274511926972,898600
2022-03-24 09:00:00+09:00,2212.695556640625,2246.2212468927555,2195.9327115145597,2222.274325284091,634400
2022-03-25 09:00:00+09:00,2195.932861328125,2236.642630840206,2183.959399706925,2236.642630840206,360400
2022-03-28 09:00:00+09:00,2267.7734375,2270.168129619852,2198.327366024287,2215.0902108632527,783400
2022-03-29 09:00:00+09:00,2272.562744140625,2272.562744140625,2224.668903378968,2265.3786680263765,861600
2022-03-30 09:00:00+09:00,2325.35693359375,2346.9546760110293,2284.5611979166665,2291.760445389093,776800
2022-03-31 09:00:00+09:00,2217.36865234375,2315.7583869174446,2214.968902720001,2310.958887669947,674400
2022-04-01 09:00:00+09:00,2258.164306640625,2282.161801929048,2222.1680637079903,2222.1680637079903,472800
2022-04-04 09:00:00+09:00,2229.3671875,2248.565182656082,2212.5689417384283,2231.7669368945103,231400
2022-04-05 09:00:00+09:00,2262.9638671875,2277.3623647517893,2248.5653696232102,2260.5641175934516,340400
2022-04-06 09:00:00+09:00,2322.957763671875,2327.7572631835938,2243.7660217285156,2253.365020751953,486000
2022-04-07 09:00:00+09:00,2140.576416015625,2236.566389827985,2090.181679764136,2229.3671417920577,1349400
2022-04-08 09:00:00+09:00,2128.577392578125,2159.7741300116263,2104.5799022446627,2135.776639678164,521400
2022-04-11 09:00:00+09:00,2075.783447265625,2123.7784402659863,2061.3849493655166,2111.7796920158958,468000
2022-04-12 09:00:00+09:00,2058.985107421875,2114.179346898219,2049.386109252076,2068.584105591674,347800
2022-04-13 09:00:00+09:00,2138.1767578125,2142.976256707702,2061.3847754892677,2063.784524936869,355400
2022-04-14 09:00:00+09:00,2246.16552734375,2308.5590142144097,2212.5690344133945,2217.3685334034453,966000
2022-04-15 09:00:00+09:00,2234.166748046875,2282.161737263779,2234.166748046875,2258.1642426553267,413400
2022-04-18 09:00:00+09:00,2258.164306640625,2272.562803813679,2217.3685646503054,2231.7670618233597,293200
2022-04-19 09:00:00+09:00,2260.564208984375,2294.160704659302,2248.565460529044,2291.7609549682356,383600
2022-04-20 09:00:00+09:00,2272.56298828125,2289.361236346687,2238.966492150376,2279.7622374521516,298600
2022-04-21 09:00:00+09:00,2286.96142578125,2318.1581713585388,2282.161926461667,2284.5616761214587,402200
2022-04-22 09:00:00+09:00,2226.96728515625,2289.3607651283,2219.7680374671672,2279.7617682095233,476400
2022-04-25 09:00:00+09:00,2176.572998046875,2205.369994713427,2164.574249435812,2193.3712461023633,380600
2022-04-26 09:00:00+09:00,2222.168212890625,2229.367461960465,2178.972718471585,2193.3712166112646,262800
2022-04-27 09:00:00+09:00,2253.36474609375,2258.164245020467,2159.7745170227636,2164.574015949481,569400
2022-04-28 09:00:00+09:00,2279.761962890625,2279.761962890625,2205.369730417352,2262.963716848273,418000
2022-05-02 09:00:00+09:00,2241.3662109375,2260.56420846159,2224.567963103921,2246.1657103185225,389400
2022-05-06 09:00:00+09:00,2313.358642578125,2318.158141836586,2246.1656529596735,2255.764651476595,495600
2022-05-09 09:00:00+09:00,2291.7607421875,2327.756984211387,2282.1617443144632,2310.958737933573,566600
2022-05-10 09:00:00+09:00,2178.97216796875,2238.9658950604007,2104.579946375103,2231.7666478094025,1171000
2022-05-11 09:00:00+09:00,2217.36865234375,2222.1681515912474,2176.5729087400227,2195.770905730012,530400
2022-05-12 09:00:00+09:00,2198.170654296875,2238.966397880987,2188.5716558064955,2217.368651277634,338400
2022-05-13 09:00:00+09:00,2270.162841796875,2274.962340405325,2188.571365453224,2190.971114757449,496600
2022-05-16 09:00:00+09:00,2265.36328125,2342.155256885593,2246.1652873411017,2318.1577644994704,1061200
2022-05-17 09:00:00+09:00,2308.55908203125,2325.3573289898973,2243.7658437621817,2246.1655933277025,526000
2022-05-18 09:00:00+09:00,2262.9638671875,2361.353600543478,2234.166872058921,2342.1556037910923,783600
2022-05-19 09:00:00+09:00,2248.5654296875,2258.164428320104,2200.5704365244796,2207.7696854989326,472000
2022-05-20 09:00:00+09:00,2270.162841796875,2274.962340405325,2236.5663515377246,2260.563844579975,266200
2022-05-23 09:00:00+09:00,2289.361083984375,2296.5603326761498,2262.963838781201,2286.96133442045,329000
2022-05-24 09:00:00+09:00,2262.9638671875,2301.359860692272,2229.3673728708245,2301.359860692272,398400
2022-05-25 09:00:00+09:00,2202.969970703125,2253.3647085950265,2193.3709730094292,2246.165460324755,543200
2022-05-26 09:00:00+09:00,2294.160888671875,2315.758637623807,2214.969142514791,2214.969142514791,842200
2022-05-27 09:00:00+09:00,2418.947509765625,2433.3460068475633,2294.1605350554937,2327.7570282466827,1107600
2022-05-30 09:00:00+09:00,2414.148193359375,2462.1431872631397,2399.7496951882454,2447.7446890920105,890400
2022-05-31 09:00:00+09:00,2390.150634765625,2428.546628898406,2378.1518865991306,2414.1481310986132,538000
2022-06-01 09:00:00+09:00,2356.553955078125,2409.348442870099,2337.355959517407,2387.7506978642914,671600
2022-06-02 09:00:00+09:00,2349.35498046875,2368.5529782662475,2310.958984873755,2337.356231845314,364000
2022-06-03 09:00:00+09:00,2380.5517578125,2390.1507568359375,2313.3587646484375,2363.7535095214844,468200
2022-06-06 09:00:00+09:00,2414.148193359375,2433.346190920881,2363.753449760422,2373.352448541175,615200
2022-06-07 09:00:00+09:00,2438.1455078125,2447.744505874754,2409.348513625738,2447.744505874754,403800
2022-06-08 09:00:00+09:00,2505.338623046875,2514.9376216026103,2447.744631712464,2452.5441309903317,704200
2022-06-09 09:00:00+09:00,2418.947509765625,2476.541498093378,2409.3485117109994,2471.741999066065,710200
2022-06-10 09:00:00+09:00,2409.3486328125,2423.7471306181524,2385.351136469746,2404.549133543949,548000
2022-06-13 09:00:00+09:00,2399.749755859375,2428.5467529296875,2366.1532592773438,2380.5517578125,511800
2022-06-14 09:00:00+09:00,2375.751708984375,2382.9509565873577,2318.1577281605114,2351.7542169744315,830400
2022-06-15 09:00:00+09:00,2344.555419921875,2409.3486607999616,2342.1556702597236,2363.753417219086,395200
2022-06-16 09:00:00+09:00,2358.953857421875,2423.747096638956,2351.7546086199773,2375.752104626303,497800
2022-06-17 09:00:00+09:00,2346.955078125,2349.354827693635,2260.5640936541413,2303.7595858895706,654400
2022-06-20 09:00:00+09:00,2351.75439453125,2373.3521389708226,2332.556399473852,2363.7531414421237,400400
2022-06-21 09:00:00+09:00,2387.75048828125,2418.9472283291457,2330.156506654366,2351.754249764447,672200
2022-06-22 09:00:00+09:00,2344.555419921875,2399.749662151356,2330.156921948967,2399.749662151356,486000
2022-06-23 09:00:00+09:00,2378.151611328125,2404.5488542389317,2346.954869706263,2373.3521126170695,400400
2022-06-24 09:00:00+09:00,2414.148193359375,2414.148193359375,2370.9526988459866,2397.349945493057,443200
2022-06-27 09:00:00+09:00,2404.549072265625,2442.945065435535,2385.35107568067,2438.1455662892963,312600
2022-06-28 09:00:00+09:00,2438.1455078125,2457.343503937008,2387.7507679856667,2404.5490145946114,545000
2022-06-29 09:00:00+09:00,2457.34375,2466.9427490234375,2414.1482543945312,2418.94775390625,488000
2022-06-30 09:00:00+09:00,2428.546875,2486.140872035573,2404.549376235178,2452.544373764822,532800
2022-07-01 09:00:00+09:00,2354.154296875,2414.148035327472,2332.5565510321103,2414.148035327472,698400
2022-07-04 09:00:00+09:00,2358.953857421875,2404.549099833895,2342.1556102174463,2385.3511030288337,383600
2022-07-05 09:00:00+09:00,2373.352783203125,2385.351533370987,2334.9567826659663,2385.351533370987,465800
2022-07-06 09:00:00+09:00,2200.570556640625,2342.1557941998362,2157.37506043612,2327.7572954650013,2038000
2022-07-07 09:00:00+09:00,2171.7734375,2202.97018301105,2090.1819492403315,2198.1706837016573,1633400
2022-07-08 09:00:00+09:00,2214.968505859375,2253.3644929598627,2169.373271177546,2176.5725187588873,1118600
2022-07-11 09:00:00+09:00,2284.5615234375,2284.5615234375,2234.166783949908,2248.565280946363,944600
2022-07-12 09:00:00+09:00,2248.5654296875,2291.7609235342184,2238.966431054896,2291.7609235342184,743800
2022-07-13 09:00:00+09:00,2277.3623046875,2294.1605514027924,2250.9650598491835,2255.7645589106955,557600
2022-07-14 09:00:00+09:00,2286.96142578125,2308.5591727193732,2274.9626774822927,2277.362427142084,425400
2022-07-15 09:00:00+09:00,2284.5615234375,2310.9587679310007,2274.9625254398634,2294.1605214351366,364600
2022-07-19 09:00:00+09:00,2322.957763671875,2334.956512451172,2296.560516357422,2303.759765625,602800
2022-07-20 09:00:00+09:00,2380.5517578125,2409.3487548828125,2358.9540100097656,2366.1532592773438,771800
2022-07-21 09:00:00+09:00,2358.953857421875,2390.150602230099,2358.953857421875,2370.952605425038,504800
2022-07-22 09:00:00+09:00,2337.356201171875,2346.955199944655,2313.358704239926,2337.356201171875,556000
2022-07-25 09:00:00+09:00,2392.550537109375,2418.9477847605317,2332.5567924476554,2332.5567924476554,803600
2022-07-26 09:00:00+09:00,2414.148193359375,2433.346190920881,2404.549194578622,2418.9476927497512,614600
2022-07-27 09:00:00+09:00,2428.546875,2452.544373764822,2409.348875988142,2418.947875494071,436800
2022-07-28 09:00:00+09:00,2433.345947265625,2452.5439429048015,2409.3484527166543,2447.7444439950073,362800
2022-07-29 09:00:00+09:00,2447.744873046875,2457.3438725490196,2414.148374789369,2418.9478745404413,302600
2022-08-01 09:00:00+09:00,2562.932373046875,2567.7318718728056,2452.543900050474,2457.3433988764045,980400
2022-08-02 09:00:00+09:00,2510.137939453125,2548.5339308787943,2495.739442668499,2538.9349330223768,543200
2022-08-03 09:00:00+09:00,2505.338623046875,2553.3336158255506,2500.5391237690073,2524.536620158345,415200
2022-08-04 09:00:00+09:00,2490.940185546875,2514.937682517462,2471.742187970406,2514.937682517462,262800
2022-08-05 09:00:00+09:00,2505.338623046875,2510.1381223247427,2466.9426288239342,2486.140625935405,305400
2022-08-08 09:00:00+09:00,2534.135986328125,2543.7349862763376,2505.338986483487,2505.338986483487,393200
2022-08-09 09:00:00+09:00,2548.5341796875,2558.13317848105,2524.536682703625,2543.734680290725,563800
2022-08-10 09:00:00+09:00,2486.140625,2610.9276061776063,2471.742127171815,2562.9326134169883,775200
2022-08-12 09:00:00+09:00,2524.536865234375,2567.7323629284992,2510.138366003,2534.135864721958,445400
2022-08-15 09:00:00+09:00,2519.73681640625,2548.53380859375,2500.5388216145834,2514.9373177083335,321800
2022-08-16 09:00:00+09:00,2534.135986328125,2548.534486250444,2510.1384864575934,2510.1384864575934,339400
2022-08-17 09:00:00+09:00,2514.937744140625,2548.5342407226562,2505.3387451171875,2534.1357421875,395600
2022-08-18 09:00:00+09:00,2495.73974609375,2538.9352416992188,2495.73974609375,2505.3387451171875,222400
2022-08-19 09:00:00+09:00,2519.73681640625,2524.5363151041665,2490.93982421875,2505.3383203125,238000
2022-08-22 09:00:00+09:00,2500.5390625,2505.3385616602686,2466.942568378119,2481.341065858925,283600
2022-08-23 09:00:00+09:00,2548.5341796875,2591.7296742584745,2466.9426899423256,2466.9426899423256,866000
2022-08-24 09:00:00+09:00,2548.5341796875,2591.7296742584745,2514.937683910075,2591.7296742584745,491600
2022-08-25 09:00:00+09:00,2548.5341796875,2562.932677877825,2529.3361821004,2558.13317848105,234600
2022-08-26 09:00:00+09:00,2548.5341796875,2567.7321772745995,2538.93518089395,2558.13317848105,149200
2022-08-29 09:00:00+09:00,2519.73681640625,2534.1353125,2490.93982421875,2495.7393229166664,333600
2022-08-30 09:00:00+09:00,2572.53125,2586.929745802239,2534.1352611940297,2543.7342583955224,437600
2022-08-31 09:00:00+09:00,2625.32568359375,2644.523677623686,2538.934710459038,2543.7342089665217,802600
2022-09-01 09:00:00+09:00,2687.719482421875,2687.719482421875,2610.9274972098215,2615.726996285575,841000
2022-09-02 09:00:00+09:00,2654.123291015625,2682.9202887481633,2644.5242917714454,2658.922790637715,493600
2022-09-05 09:00:00+09:00,2615.72705078125,2678.1205400659405,2615.72705078125,2654.1230441872135,401800
2022-09-06 09:00:00+09:00,2639.724365234375,2663.7218594637784,2596.528875621449,2620.5263698508525,455800
2022-09-07 09:00:00+09:00,2639.724365234375,2654.122861772017,2591.729376775568,2615.7268710049716,471400
2022-09-08 09:00:00+09:00,2721.31591796875,2730.91491591573,2673.3209282338516,2678.1204272073414,822600
2022-09-09 09:00:00+09:00,2778.909912109375,2793.308409063309,2735.714421247571,2735.714421247571,747000
2022-09-12 09:00:00+09:00,2822.105712890625,2898.897705078125,2798.1082153320312,2807.7072143554688,1003000
2022-09-13 09:00:00+09:00,2889.298583984375,2894.098083293319,2841.3035908949337,2850.902589512822,832800
2022-09-14 09:00:00+09:00,2908.496826171875,2961.291323016579,2860.501829040326,2860.501829040326,854600
2022-09-15 09:00:00+09:00,2932.493896484375,2966.090389570121,2903.696902410879,2937.2933954966243,786800
2022-09-16 09:00:00+09:00,2946.892333984375,2999.686822052499,2937.293336153807,2946.892333984375,992600
2022-09-20 09:00:00+09:00,2894.097900390625,2966.090385474969,2860.5014073512643,2927.6943934299857,936400
2022-09-21 09:00:00+09:00,2903.697265625,2942.0932625258265,2884.4992671745867,2913.2962648502066,588400
2022-09-22 09:00:00+09:00,2937.293701171875,2946.8927001953125,2860.501708984375,2865.3012084960938,775400
2022-09-26 09:00:00+09:00,2884.4990234375,2966.0905099573624,2874.9000250233985,2937.2935147150583,871000
2022-09-27 09:00:00+09:00,2874.900146484375,2898.897643533493,2817.306153566491,2870.100647074551,875400
2022-09-28 09:00:00+09:00,2822.105712890625,2850.9027099609375,2769.3112182617188,2846.1032104492188,1483800
2022-09-29 09:00:00+09:00,2942.297607421875,2951.9129590801163,2874.990145814185,2918.259228276271,1044800
2022-09-30 09:00:00+09:00,2874.989990234375,2884.6053413722825,2822.105558975883,2855.7592879585595,781600
2022-10-03 09:00:00+09:00,2913.45166015625,2913.45166015625,2817.29814001908,2860.5672240808067,621400
2022-10-04 09:00:00+09:00,2971.143310546875,2980.7586610664443,2927.8742332088136,2937.489583728383,634600
2022-10-05 09:00:00+09:00,2927.87451171875,3019.2203503438013,2918.259160284534,2995.181971758261,542800
2022-10-06 09:00:00+09:00,2942.297607421875,2980.7590140548405,2927.874579934513,2947.1052832509954,392200
2022-10-07 09:00:00+09:00,2980.759033203125,2995.18206078314,2932.6822746030743,2932.6822746030743,779400
2022-10-11 09:00:00+09:00,3009.60498046875,3038.4510345946487,2961.5282235922527,2980.7589263428517,822400
2022-10-12 09:00:00+09:00,3062.4892578125,3091.3353104763537,2985.566450708889,3014.4125033727432,833200
2022-10-13 09:00:00+09:00,2937.48974609375,3072.104660808357,2918.2590439916635,3062.489309757314,958400
2022-10-14 09:00:00+09:00,3004.796875,3019.2199,2951.9124500000003,2985.566175,573200
2022-10-17 09:00:00+09:00,3057.681396484375,3076.912097091195,2999.989294663915,3014.41232011903,631600
2022-10-18 09:00:00+09:00,3086.52783203125,3105.75853503456,3038.451074522975,3076.912480529595,559600
2022-10-19 09:00:00+09:00,3067.296875,3081.7199010579934,3043.258498236677,3081.7199010579934,461600
2022-10-20 09:00:00+09:00,3024.02783203125,3048.066209074424,2961.5280517189985,3048.066209074424,855400
2022-10-21 09:00:00+09:00,2956.720458984375,3019.2202410442073,2937.489756812119,3019.2202410442073,583800
2022-10-24 09:00:00+09:00,2894.220703125,2985.566539270141,2874.990000778654,2985.566539270141,1022000
2022-10-25 09:00:00+09:00,2870.182373046875,2908.6437783808365,2793.259562378952,2846.143994713149,1098600
2022-10-26 09:00:00+09:00,2802.874755859375,2908.6436145710495,2802.874755859375,2884.6052375911236,571000
2022-10-27 09:00:00+09:00,2908.64404296875,2923.067071280992,2841.336577511622,2850.951929719783,783200
2022-10-28 09:00:00+09:00,2951.91259765625,2985.5663243396275,2899.0281700109426,2908.6435204919076,1271600
2022-10-31 09:00:00+09:00,2947.105224609375,2975.9512790101194,2903.8361430082587,2971.143603276662,448800
2022-11-01 09:00:00+09:00,2995.181640625,3004.7969909961876,2951.9125639546546,2961.5279143258426,435000
2022-11-02 09:00:00+09:00,2995.181640625,3019.2200165529694,2966.3355895114364,2999.989315810594,426600
2022-11-04 09:00:00+09:00,3019.220458984375,3038.451162544785,2975.9513759734523,2980.7590518635548,400800
2022-11-07 09:00:00+09:00,3009.60498046875,3024.0280075316996,2956.720547904603,3024.0280075316996,422400
2022-11-08 09:00:00+09:00,2990.37451171875,3033.643596293459,2975.9514835271807,2985.5668356548936,428200
2022-11-09 09:00:00+09:00,2956.720458984375,3014.4125655011435,2947.105107898247,2995.181863328887,732200
2022-11-10 09:00:00+09:00,2841.33642578125,3004.7974045910005,2826.913398239213,2961.52832196489,1616600
2022-11-11 09:00:00+09:00,2735.5673828125,2870.182297959688,2677.875276320848,2870.182297959688,1946200
2022-11-14 09:00:00+09:00,2668.259765625,2749.9902449324322,2653.8367398648647,2749.9902449324322,1184200
2022-11-15 09:00:00+09:00,2658.644775390625,2745.1829416782043,2658.644775390625,2687.4908308198183,862800
2022-11-16 09:00:00+09:00,2605.760009765625,2745.1825933139703,2605.760009765625,2692.2981650714946,1028400
2022-11-17 09:00:00+09:00,2754.7978515625,2769.2208769633507,2610.567597553992,2610.567597553992,861000
2022-11-18 09:00:00+09:00,2697.10595703125,2793.2594670858402,2677.875255020332,2754.798063064004,1211800
2022-11-21 09:00:00+09:00,2701.913818359375,2745.182900859792,2673.067763359097,2735.567549193033,526600
2022-11-22 09:00:00+09:00,2725.951904296875,2740.374930245536,2692.298177083333,2721.1442289806546,523800
2022-11-24 09:00:00+09:00,2774.028564453125,2807.6822905383447,2749.990188677968,2749.990188677968,613600
2022-11-25 09:00:00+09:00,2826.913330078125,2860.567060198103,2769.2212213010203,2774.028897032446,807800
2022-11-28 09:00:00+09:00,2841.33642578125,2894.2208601020516,2812.4903706971763,2870.1824808653237,588800
2022-11-29 09:00:00+09:00,2918.259033203125,2918.259033203125,2802.8748210171693,2846.143900586903,716200
2022-11-30 09:00:00+09:00,2932.682373046875,2995.182161324923,2899.028640897157,2913.4516689613215,986000
2022-12-01 09:00:00+09:00,2846.144287109375,2923.0671056798983,2836.5289347880594,2923.0671056798983,928600
2022-12-02 09:00:00+09:00,2774.028564453125,2831.7206663135016,2774.028564453125,2831.7206663135016,849000
2022-12-05 09:00:00+09:00,2735.5673828125,2774.0287871402684,2706.7213295666743,2759.605760517355,877200
2022-12-06 09:00:00+09:00,2740.375244140625,2774.028975209019,2725.952216539885,2740.375244140625,594800
2022-12-07 09:00:00+09:00,2807.6826171875,2822.1056443305865,2721.1444543289813,2725.952130043343,1179000
2022-12-08 09:00:00+09:00,2793.259521484375,2831.720926255244,2764.413467906223,2826.9132506588853,868200
2022-12-09 09:00:00+09:00,2793.259521484375,2836.5286018516026,2774.0288190989404,2774.0288190989404,563600
2022-12-12 09:00:00+09:00,2788.451904296875,2798.067255691002,2745.1828230233027,2793.2595799939386,427000
2022-12-13 09:00:00+09:00,2812.490478515625,2836.5288586738784,2783.6444223257213,2788.452098357372,685800
2022-12-14 09:00:00+09:00,2817.2978515625,2822.105527077112,2778.836447445606,2802.874825018665,475000
2022-12-15 09:00:00+09:00,2812.490478515625,2850.9518867688303,2807.6828024839742,2822.1058305789265,519000
2022-12-16 09:00:00+09:00,2836.5283203125,2860.5666959083687,2802.874594478284,2822.105294954979,419800
2022-12-19 09:00:00+09:00,2798.066650390625,2841.3357223038824,2788.451301076568,2812.489674361711,316400
2022-12-20 09:00:00+09:00,2697.10595703125,2850.951573118594,2673.0675795176026,2812.490169096758,917000
2022-12-21 09:00:00+09:00,2730.75927734375,2759.6053260480853,2668.2595051510234,2706.7209034234706,553600
2022-12-22 09:00:00+09:00,2730.75927734375,2759.6053260480853,2725.951602559694,2730.75927734375,326000
2022-12-23 09:00:00+09:00,2697.10595703125,2725.952010047627,2682.6829305230617,2716.336659042168,250800
2022-12-26 09:00:00+09:00,2711.529052734375,2721.144403985206,2658.6446208548036,2673.0676477310503,463400
2022-12-27 09:00:00+09:00,2850.951416015625,2889.412817918028,2749.990236021817,2749.990236021817,1453000
2022-12-28 09:00:00+09:00,2807.6826171875,2850.951698616759,2802.874941473138,2841.336347188035,431400
2022-12-29 09:00:00+09:00,2788.451904296875,2831.7209855704473,2774.0288772056842,2807.6826070851293,393200
2022-12-30 09:00:00+09:00,2836.5283203125,2874.98972126589,2817.297619835805,2822.105294954979,603600
2023-01-04 09:00:00+09:00,2807.6826171875,2846.144022902397,2802.874941473138,2841.336347188035,466800
2023-01-05 09:00:00+09:00,2749.990234375,2793.259311489292,2725.9518582003934,2793.259311489292,632200
2023-01-06 09:00:00+09:00,2764.413330078125,2793.2593822180706,2740.374953294837,2749.990304008152,396600
2023-01-10 09:00:00+09:00,2836.5283203125,2850.951345670021,2788.4515691207625,2812.4899447166313,646400
2023-01-11 09:00:00+09:00,2826.913330078125,2865.374735929528,2822.1056543467,2860.567060198103,519600
2023-01-12 09:00:00+09:00,2740.375244140625,2817.298058011239,2730.7598924067984,2817.298058011239,782800
2023-01-13 09:00:00+09:00,2721.144287109375,2749.990339622902,2711.5289362715325,2735.5673133661385,440400
2023-01-16 09:00:00+09:00,2663.451904296875,2716.3363283894123,2658.6442293793716,2697.1056287193987,438000
2023-01-17 09:00:00+09:00,2653.8369140625,2663.4522652004075,2634.6062117866845,2663.4522652004075,775800
2023-01-18 09:00:00+09:00,2687.490478515625,2701.9135043395013,2610.5676741216175,2668.259777417123,731000
2023-01-19 09:00:00+09:00,2721.144287109375,2749.990339622902,2673.0675329201636,2692.298234595848,691800
2023-01-20 09:00:00+09:00,2778.836669921875,2788.452021720913,2716.336883228131,2740.3752627257245,513400
2023-01-23 09:00:00+09:00,2764.413330078125,2798.067057574728,2745.1826286514947,2798.067057574728,383200
2023-01-24 09:00:00+09:00,2749.990234375,2759.6055848448427,2721.144182965472,2745.182559140079,368400
2023-01-25 09:00:00+09:00,2802.874755859375,2826.913132839301,2740.3749757115675,2754.798001899523,474600
2023-01-26 09:00:00+09:00,2802.874755859375,2822.105457443316,2788.4517296714193,2807.6824312553604,242000
2023-01-27 09:00:00+09:00,2807.6826171875,2836.528671473673,2783.644238615689,2807.6826171875,265400
2023-01-30 09:00:00+09:00,2846.144287109375,2860.5673155913482,2812.490553984771,2812.490553984771,648400
2023-01-31 09:00:00+09:00,2846.144287109375,2874.9903440733215,2817.2982301454285,2860.5673155913482,407400
2023-02-01 09:00:00+09:00,2826.913330078125,2874.990087392379,2817.297978615274,2855.759384466677,276400
2023-02-02 09:00:00+09:00,2769.221435546875,2822.105872684055,2759.606083340115,2812.490520477295,385600
2023-02-03 09:00:00+09:00,2745.18310546875,2759.6061340438923,2730.7600768936077,2740.375429277036,423200
2023-02-06 09:00:00+09:00,2716.336669921875,2778.836451707688,2706.7213188779037,2769.2211006637167,515600
2023-02-07 09:00:00+09:00,2730.75927734375,2764.4130008321413,2730.75927734375,2740.374626911862,425800
2023-02-08 09:00:00+09:00,2735.5673828125,2745.182733894442,2701.913654025703,2740.375058353471,512600
2023-02-09 09:00:00+09:00,2697.10595703125,2735.567361053086,2697.10595703125,2725.952010047627,731000
2023-02-10 09:00:00+09:00,2533.645263671875,2576.914347871205,2471.145475383954,2552.875967760466,3337800
2023-02-13 09:00:00+09:00,2475.953125,2586.529672330097,2466.3377730582524,2581.7219963592233,1455400
2023-02-14 09:00:00+09:00,2485.568359375,2519.222089579304,2461.5299806576404,2490.376035118472,838400
2023-02-15 09:00:00+09:00,2495.183837890625,2499.9915138788538,2461.530105973025,2490.3761619023967,776200
2023-02-16 09:00:00+09:00,2519.22216796875,2562.4912510063814,2499.9914643964694,2499.9914643964694,1161400
2023-02-17 09:00:00+09:00,2519.22216796875,2562.4912510063814,2495.1837885033992,2509.6068161826097,883800
2023-02-20 09:00:00+09:00,2533.645263671875,2572.1066718490574,2514.414559583284,2543.2606157161704,745400
2023-02-21 09:00:00+09:00,2495.183837890625,2557.6836257375962,2490.3761619023967,2557.6836257375962,804000
2023-02-22 09:00:00+09:00,2528.837646484375,2533.6453226183758,2485.5685612783686,2504.799265814371,604200
2023-02-24 09:00:00+09:00,2552.875732421875,2557.683408000824,2509.6066522113347,2543.2603812639773,556400
2023-02-27 09:00:00+09:00,2548.06787109375,2562.4908967791866,2519.2218197228776,2538.4525206367925,582600
2023-02-28 09:00:00+09:00,2591.337158203125,2634.6062387668135,2562.491104493999,2567.2987801121867,973400
2023-03-01 09:00:00+09:00,2572.106689453125,2596.1450697283876,2533.6452810127043,2591.337393673335,655800
2023-03-02 09:00:00+09:00,2581.7216796875,2586.529355068669,2552.875627400489,2576.9140043063317,425600
2023-03-03 09:00:00+09:00,2562.490966796875,2596.1446943157835,2557.6832914370307,2591.337018955939,480200
2023-03-06 09:00:00+09:00,2543.260498046875,2562.491201245717,2528.8374706477434,2557.6835254460066,529800
2023-03-07 09:00:00+09:00,2596.144775390625,2610.567801920573,2562.4910468207468,2567.298722330729,1059800
2023-03-08 09:00:00+09:00,2735.5673828125,2735.5673828125,2620.1831698291962,2634.606196452109,1983200
2023-03-09 09:00:00+09:00,2716.336669921875,2735.5673720098175,2697.1059678339325,2716.336669921875,869400
2023-03-10 09:00:00+09:00,2639.4140625,2701.913849043716,2634.606386612022,2692.2984972677596,895200
2023-03-13 09:00:00+09:00,2624.99072265625,2624.99072265625,2581.7216448102677,2610.567696707589,643400
2023-03-14 09:00:00+09:00,2567.298583984375,2605.7599859916313,2552.875558231654,2591.3369602389103,746800
2023-03-15 09:00:00+09:00,2591.337158203125,2624.990887530438,2586.5294825849373,2605.7601850576875,599400
2023-03-16 09:00:00+09:00,2514.414306640625,2543.2603598716837,2499.9912800250954,2528.837333256154,734200
2023-03-17 09:00:00+09:00,2562.490966796875,2572.106317516563,2514.4142131984345,2524.0295639181227,674400
2023-03-20 09:00:00+09:00,2432.68408203125,2562.4913354202695,2432.68408203125,2562.4913354202695,1141600
2023-03-22 09:00:00+09:00,2480.760498046875,2490.3758488144986,2451.9144457440043,2475.952822663063,692200
2023-03-23 09:00:00+09:00,2509.606689453125,2519.2220407537116,2447.1069059993115,2461.5299329501913,397600
2023-03-24 09:00:00+09:00,2524.029541015625,2524.029541015625,2475.9527878534227,2499.991164434524,499800
2023-03-27 09:00:00+09:00,2538.453125,2552.876154119318,2514.4147431344695,2519.222419507576,513600
2023-03-28 09:00:00+09:00,2514.414306640625,2552.8757109487033,2495.183604486586,2552.8757109487033,585200
2023-03-29 09:00:00+09:00,2557.683349609375,2567.298700547756,2514.41427038666,2524.029621325041,1174000
2023-03-30 09:00:00+09:00,2577.92138671875,2587.558476014895,2539.3730295341707,2544.191574182243,547800
2023-03-31 09:00:00+09:00,2577.92138671875,2587.558476014895,2563.4657527745326,2577.92138671875,422000
2023-04-03 09:00:00+09:00,2592.377197265625,2621.288467123606,2577.9215623366345,2597.195742241955,479400
2023-04-04 09:00:00+09:00,2577.92138671875,2602.014109959112,2573.1028420706775,2592.3770206629674,539800
2023-04-05 09:00:00+09:00,2577.92138671875,2611.651199255257,2558.64720812646,2573.1028420706775,732600
2023-04-06 09:00:00+09:00,2539.372802734375,2553.828435387512,2520.0986258635257,2549.0098911697996,612800
2023-04-07 09:00:00+09:00,2553.828857421875,2568.2844924638857,2524.917587337854,2524.917587337854,504200
2023-04-10 09:00:00+09:00,2616.469482421875,2626.1065707549205,2558.6469524236018,2563.4654965901245,632200
2023-04-11 09:00:00+09:00,2587.558349609375,2611.651071672777,2558.6470831332927,2602.013982847416,640400
2023-04-12 09:00:00+09:00,2568.284423828125,2597.195693139511,2558.647334057663,2587.558603369049,462600
2023-04-13 09:00:00+09:00,2558.647216796875,2563.4657614612756,2529.7359488104694,2553.828672132474,575200
2023-04-14 09:00:00+09:00,2529.73583984375,2577.921284412202,2515.280206473214,2568.284195498512,585400
2023-04-17 09:00:00+09:00,2529.73583984375,2553.828562127976,2524.9172953869047,2539.3729287574406,410600
2023-04-18 09:00:00+09:00,2549.010009765625,2553.828554207526,2515.280198672318,2520.0987431142194,329800
2023-04-19 09:00:00+09:00,2558.647216796875,2558.647216796875,2524.9174041460687,2544.191582803672,445400
2023-04-20 09:00:00+09:00,2563.4658203125,2592.3770889626408,2558.6472755374766,2563.4658203125,443600
2023-04-21 09:00:00+09:00,2553.828857421875,2568.2844924638857,2534.554677365861,2553.828857421875,432600
2023-04-24 09:00:00+09:00,2640.5625,2655.0181341240877,2568.284329379562,2568.284329379562,1047600
2023-04-25 09:00:00+09:00,2645.380859375,2674.2921255976776,2640.562315004554,2659.836492486339,894800
2023-04-26 09:00:00+09:00,2664.65478515625,2698.3845925632913,2621.2878899186258,2640.562065579792,1158600
2023-04-27 09:00:00+09:00,2621.2880859375,2659.8364401424633,2602.0139088350184,2650.1993515912222,675200
2023-04-28 09:00:00+09:00,2640.5625,2640.5625,2597.1955976277372,2630.925410583942,554600
2023-05-01 09:00:00+09:00,2655.017822265625,2688.747631259925,2630.9251015554105,2679.1105429758395,487400
2023-05-02 09:00:00+09:00,2655.017822265625,2659.836366407668,2616.469469129282,2659.836366407668,619400
2023-05-08 09:00:00+09:00,2664.65478515625,2683.9289608174163,2630.924977749209,2630.924977749209,585200
2023-05-09 09:00:00+09:00,2655.017822265625,2688.747631259925,2645.3807339815394,2688.747631259925,625000
2023-05-10 09:00:00+09:00,2611.651123046875,2655.018023614074,2587.558400509542,2650.199479106607,955000
2023-05-11 09:00:00+09:00,2582.740234375,2611.651505655317,2573.1031439482276,2592.3773248017724,459200
2023-05-12 09:00:00+09:00,2602.013916015625,2602.013916015625,2539.3728402596935,2573.1026502821182,1249600
2023-05-15 09:00:00+09:00,2587.558349609375,2621.288160498138,2573.102716371334,2616.4696160854573,691000
2023-05-16 09:00:00+09:00,2539.372802734375,2582.739700693786,2471.913183686403,2505.6429932103892,2078000
2023-05-17 09:00:00+09:00,2524.9169921875,2582.739518726145,2515.279904431059,2529.73553606572,1129600
2023-05-18 09:00:00+09:00,2602.013916015625,2606.832460304543,2534.5542959707755,2544.191384548611,1234600
2023-05-19 09:00:00+09:00,2577.92138671875,2621.288288551402,2577.92138671875,2616.4697439033293,785400
2023-05-22 09:00:00+09:00,2626.106689453125,2640.562322606078,2568.2841568413132,2582.739789994266,697400
2023-05-23 09:00:00+09:00,2539.372802734375,2655.01786395947,2534.5542585166627,2640.562231306333,1302800
2023-05-24 09:00:00+09:00,2496.005615234375,2558.646682798172,2471.912896940607,2539.3725081631574,1152200
2023-05-25 09:00:00+09:00,2471.913330078125,2515.2802306058115,2467.0947855750487,2486.368963587354,618800
2023-05-26 09:00:00+09:00,2505.64306640625,2510.4616107647234,2476.7318002554084,2486.3688889723558,597600
2023-05-29 09:00:00+09:00,2457.45751953125,2534.5542260263483,2457.45751953125,2520.098593558517,1063000
2023-05-30 09:00:00+09:00,2394.816650390625,2462.2762743452904,2389.9981058224344,2457.4577297770998,1217600
2023-05-31 09:00:00+09:00,2365.905517578125,2389.998241789715,2351.449883051171,2377.9518796839197,1108200
2023-06-01 09:00:00+09:00,2428.546142578125,2447.820318312872,2312.9010881696427,2336.9938078380765,1330600
2023-06-02 09:00:00+09:00,2496.005615234375,2500.8241588931287,2433.364547670578,2443.0016349880852,1136200
2023-06-05 09:00:00+09:00,2599.604736328125,2616.4696419391507,2529.735841653875,2534.554386114168,1956400
2023-06-06 09:00:00+09:00,2533.59033203125,2562.983449234351,2519.6165550002675,2551.418944105262,1275200
2023-06-07 09:00:00+09:00,2549.49169921875,2570.693293391047,2493.5965873099663,2553.828388935811,1083800
2023-06-08 09:00:00+09:00,2510.943603515625,2556.7197774426995,2493.596842869576,2540.336725721431,699600
2023-06-09 09:00:00+09:00,2558.1650390625,2565.8747095512927,2520.0985410240864,2551.900931790356,923000
2023-06-12 09:00:00+09:00,2551.41943359375,2587.0766645825956,2532.627109153683,2544.1916165014163,508400
2023-06-13 09:00:00+09:00,2531.663330078125,2550.455653997624,2521.0625319696896,2534.554456834971,640000
2023-06-14 09:00:00+09:00,2597.677490234375,2609.723852181298,2544.191643190039,2544.191643190039,1021600
2023-06-15 09:00:00+09:00,2609.24169921875,2626.1066040151777,2583.221560389976,2585.630832503751,621400
2023-06-16 09:00:00+09:00,2710.9130859375,2710.9130859375,2603.459545559956,2609.241798853815,1755800
2023-06-19 09:00:00+09:00,2677.6650390625,2719.586374027128,2661.2819886165535,2698.8666337572545,797400
2023-06-20 09:00:00+09:00,2714.2861328125,2715.2498417181673,2679.59261220847,2687.30228345381,836400
2023-06-21 09:00:00+09:00,2782.709228515625,2807.2838035206983,2695.0117255563446,2696.9391432038014,1530400
2023-06-22 09:00:00+09:00,2765.844970703125,2796.68366027194,2756.20788021287,2780.300606438507,667000
2023-06-23 09:00:00+09:00,2728.259765625,2822.703233315304,2707.058170837381,2794.7556765498057,808800
2023-06-26 09:00:00+09:00,2647.7900390625,2698.384753184713,2632.37069761573,2698.384753184713,1064000
2023-06-27 09:00:00+09:00,2617.9150390625,2639.598487757109,2586.1126476437394,2616.951330231628,935200
2023-06-28 09:00:00+09:00,2636.70751953125,2648.7538806402194,2597.6773095381886,2644.8990450853494,752200
2023-06-29 09:00:00+09:00,2631.888671875,2674.2918580934183,2624.1790016534696,2650.1991386511354,457800
2023-06-30 09:00:00+09:00,2632.8525390625,2638.152937658709,2593.822331217686,2624.17915954143,717200
2023-07-03 09:00:00+09:00,2627.0703125,2650.681179211757,2618.8787873142883,2640.5622363352895,487600
2023-07-04 09:00:00+09:00,2628.998046875,2635.744009605251,2603.9416138769247,2635.744009605251,538400
2023-07-05 09:00:00+09:00,2634.29833984375,2638.153175534028,2605.3870721666644,2625.6249595406243,430800
2023-07-06 09:00:00+09:00,2628.998046875,2657.909315718933,2595.2682332237446,2612.1331400493723,696400
2023-07-07 09:00:00+09:00,2624.661376953125,2642.9718473632993,2606.832761027429,2623.697667984168,350200
2023-07-10 09:00:00+09:00,2618.396728515625,2637.1890495336797,2605.8685145035884,2625.1426899067214,390400
2023-07-11 09:00:00+09:00,2633.334228515625,2661.2817829994137,2626.106412700852,2633.334228515625,475000
2023-07-12 09:00:00+09:00,2618.879150390625,2662.727908934424,2610.687624069256,2659.83678199747,415400
2023-07-13 09:00:00+09:00,2589.00390625,2628.0341158919596,2561.0563487285967,2622.2518626116694,910200
2023-07-14 09:00:00+09:00,2561.056396484375,2610.2055502833227,2558.165269790319,2589.9676634249327,748000
2023-07-18 09:00:00+09:00,2549.010009765625,2578.884985305411,2545.155174212104,2564.4293519797084,545000
2023-07-19 09:00:00+09:00,2580.812255859375,2591.894907443536,2562.5017880246746,2587.0763632765093,472800
2023-07-20 09:00:00+09:00,2571.175537109375,2585.6311716883256,2563.4658653339343,2577.9214999128853,329600
2023-07-21 09:00:00+09:00,2562.98388671875,2567.3205768824027,2541.7822903631145,2562.98388671875,455400
2023-07-24 09:00:00+09:00,2550.45556640625,2597.1954473700525,2546.6007308628436,2574.066434109614,527800
2023-07-25 09:00:00+09:00,2551.901123046875,2571.657155155055,2544.191451980268,2553.3466863718636,377000
2023-07-26 09:00:00+09:00,2547.564697265625,2555.2743691317587,2526.84495412539,2554.7925146401253,368600
2023-07-27 09:00:00+09:00,2598.64111328125,2600.5685311290385,2540.336723385639,2544.1915590812164,554000
2023-07-28 09:00:00+09:00,2627.0703125,2635.2618376857117,2570.211490622707,2588.0401042621975,896000
2023-07-31 09:00:00+09:00,2683.44775390625,2690.675571523164,2650.199792868446,2664.6554281022736,1021000
2023-08-01 09:00:00+09:00,2681.0380859375,2695.011864602523,2674.292123823351,2686.338484741474,431000
2023-08-02 09:00:00+09:00,2709.467529296875,2729.223561432954,2685.3748071797054,2692.1207693725128,1047800
2023-08-03 09:00:00+09:00,2683.928955078125,2701.2757131360804,2668.5096145821644,2695.4934604500954,572600
2023-08-04 09:00:00+09:00,2670.437255859375,2716.6952812225113,2660.318312811189,2708.0219014669233,509200
2023-08-07 09:00:00+09:00,2705.612548828125,2713.804073909172,2677.6649926692594,2683.9291000841777,652600
2023-08-08 09:00:00+09:00,2768.7353515625,2773.5538955088323,2719.586203309911,2728.7414368079426,1051000
2023-08-09 09:00:00+09:00,2774.0361328125,2830.4131047664796,2702.721672563021,2736.45148484318,1918800
2023-08-10 09:00:00+09:00,3088.205078125,3131.5719773341198,2888.717341763048,2918.592316773775,4794600
2023-08-14 09:00:00+09:00,2999.061767578125,3074.7129079235247,2988.460970841827,3062.1846935988087,2028200
2023-08-15 09:00:00+09:00,3004.362548828125,3020.2637459590514,2941.721469221444,2999.0621497844827,894000
2023-08-16 09:00:00+09:00,3059.775634765625,3079.049811992495,2974.487400536725,3004.3623752383737,1152800
2023-08-17 09:00:00+09:00,3009.6630859375,3076.6408587433457,2972.078436449328,3052.548134712466,1052600
2023-08-18 09:00:00+09:00,2967.259765625,2995.6891787740537,2950.394859519629,2987.0157984912917,712800
2023-08-21 09:00:00+09:00,3003.398681640625,3004.362390506866,2952.3221117298426,2952.3221117298426,642400
2023-08-22 09:00:00+09:00,3012.072021484375,3018.8179834585844,2989.9067178548307,3003.398641803249,354200
2023-08-23 09:00:00+09:00,3035.68310546875,3035.68310546875,2996.6528941127235,3012.0722368706597,345800
2023-08-24 09:00:00+09:00,3014.481689453125,3028.937324153188,2997.1349278130497,3017.372816393138,239800
2023-08-25 09:00:00+09:00,3058.330078125,3087.7231984599025,3011.5901982481882,3018.8180147239837,1003800
2023-08-28 09:00:00+09:00,2940.757568359375,3037.1284537717747,2931.120479818135,3033.273618355279,951400
2023-08-29 09:00:00+09:00,3000.5078125,3000.5078125,2951.3586561044644,2957.140909798057,507400
2023-08-30 09:00:00+09:00,2985.56982421875,3026.0455933011217,2978.3420083111837,3024.6000301196086,527000
2023-08-31 09:00:00+09:00,3027.00927734375,3027.9729861235473,2991.8339068811433,2991.8339068811433,573000
2023-09-01 09:00:00+09:00,3092.06005859375,3102.179002217011,3024.118579980423,3029.9008334794294,738400
2023-09-04 09:00:00+09:00,3117.115966796875,3127.234908720315,3061.7027134066075,3095.4325198180745,462000
2023-09-05 09:00:00+09:00,3103.62451171875,3150.846247807624,3091.5781504715883,3117.5982907654575,524200
2023-09-06 09:00:00+09:00,3126.271484375,3127.235193217286,3086.277567420141,3098.3239279487134,444600
2023-09-07 09:00:00+09:00,3074.231201171875,3110.370282690353,3068.4489481289183,3102.1787575461644,763400
2023-09-08 09:00:00+09:00,3074.231201171875,3098.3239221841936,3066.521530447933,3083.8682895768025,372400
2023-09-11 09:00:00+09:00,3068.44921875,3106.515721306729,3040.5016599108826,3092.54194188717,668200
2023-09-12 09:00:00+09:00,3044.83837890625,3077.122628215748,3019.300092139035,3059.775867392734,565400
2023-09-13 09:00:00+09:00,3062.184814453125,3082.4226999302346,3038.573948063164,3068.448921862707,345400
2023-09-14 09:00:00+09:00,3086.27734375,3088.204761294887,3046.7652840798205,3062.184624438915,471800
2023-09-15 09:00:00+09:00,3047.247802734375,3095.433251860472,3031.3466045227633,3094.46954287795,590400
2023-09-19 09:00:00+09:00,3053.9931640625,3069.89435914203,3023.154482696138,3041.946804153765,501200
2023-09-20 09:00:00+09:00,2998.098388671875,3073.2676828912277,2992.3161352703864,3055.9209226867615,694600
2023-09-21 09:00:00+09:00,2942.68505859375,3039.0559463813297,2934.975387570744,3013.9995155565593,685200
2023-09-22 09:00:00+09:00,2964.8505859375,2980.751783619271,2925.8203734458803,2939.3122987516253,547000
2023-09-25 09:00:00+09:00,3008.217529296875,3011.590510668824,2970.632879723728,2970.632879723728,428600
2023-09-26 09:00:00+09:00,3020.7451171875,3024.1180978575135,2988.9427280130903,3008.216903270308,551800
2023-09-27 09:00:00+09:00,2980.26953125,3027.4912635155615,2954.7312474737264,3020.7453017633384,1046000
2023-09-28 09:00:00+09:00,2958.52978515625,2985.583617287006,2928.0942240091495,2971.0904929312437,524400
2023-09-29 09:00:00+09:00,3005.8740234375,3064.8127297794117,2976.404670266544,2976.404670266544,697000
2023-10-02 09:00:00+09:00,3014.087158203125,3076.4076011279853,3000.0771361502493,3005.8743866548875,707000
2023-10-03 09:00:00+09:00,2936.790283203125,2986.5500132853626,2930.026824745345,2973.9893047209143,569400
2023-10-04 09:00:00+09:00,2889.92919921875,2935.3409920516756,2860.942948474329,2899.10817862115,696000
2023-10-05 09:00:00+09:00,2914.084716796875,2928.5778437040212,2873.020857226627,2884.132254522106,445000
2023-10-06 09:00:00+09:00,2912.635009765625,2941.1381554906493,2888.479801524079,2923.2633013919053,322200
2023-10-10 09:00:00+09:00,2908.770263671875,2920.3647639755,2875.4360752989537,2915.533722182323,544800
2023-10-11 09:00:00+09:00,2865.290771484375,2922.780166494768,2862.3921465258677,2908.287041702232,443000
2023-10-12 09:00:00+09:00,2882.19970703125,2888.4800617398328,2836.3048072377587,2873.020727072552,451800
2023-10-13 09:00:00+09:00,2853.21337890625,2865.774087990497,2833.4061068887836,2855.6288998839896,432600
2023-10-16 09:00:00+09:00,2757.55859375,2828.574906518264,2744.0316770322356,2826.6424898442974,917400
2023-10-17 09:00:00+09:00,2780.74755859375,2821.8114123950822,2762.3896004237426,2802.004141737969,581200
2023-10-18 09:00:00+09:00,2774.46728515625,2782.6800561553196,2716.977888162763,2773.501076803418,750600
2023-10-19 09:00:00+09:00,2773.984375,2797.6564813000696,2728.572579240683,2740.1670802856147,574400
2023-10-20 09:00:00+09:00,2694.271728515625,2741.6159331766494,2682.6772294149664,2734.3693712387376,1150400
2023-10-23 09:00:00+09:00,2697.170654296875,2739.200718227348,2678.8126953387377,2690.407195733351,761600
2023-10-24 09:00:00+09:00,2708.281982421875,2752.727566150525,2664.802607035152,2709.248190763802,715200
2023-10-25 09:00:00+09:00,2736.302001953125,2771.085501977953,2713.5961061035846,2718.910251940711,568200
2023-10-26 09:00:00+09:00,2722.775390625,2743.0657679149663,2700.5525964502754,2717.9443484131034,574400
2023-10-27 09:00:00+09:00,2760.940185546875,2773.500893302644,2725.673583001832,2738.7173949020535,501800
2023-10-30 09:00:00+09:00,2722.292236328125,2759.974364887769,2697.1708172883623,2749.3460722171003,1065200
2023-10-31 09:00:00+09:00,2779.78125,2790.892645333681,2691.856295620438,2728.572210636079,665800
2023-11-01 09:00:00+09:00,2811.183349609375,2820.362329441404,2787.994347928459,2813.115766416118,870600
2023-11-02 09:00:00+09:00,2852.730224609375,2863.3585167247697,2823.743973385571,2835.821578062156,951400
2023-11-06 09:00:00+09:00,2912.635009765625,2922.7801972270745,2875.435989073644,2888.479801524079,798800
2023-11-07 09:00:00+09:00,2872.054443359375,2922.7803839065127,2872.054443359375,2908.2872580359017,1102200
2023-11-08 09:00:00+09:00,2847.899169921875,2886.0644005281224,2825.1932732320824,2870.605066611668,847200
2023-11-09 09:00:00+09:00,2939.688720703125,2939.688720703125,2835.338225440697,2886.547264782444,883800
2023-11-10 09:00:00+09:00,2930.027099609375,2949.3512684443917,2794.7579177642597,2794.7579177642597,1173400
2023-11-13 09:00:00+09:00,2910.70263671875,2969.6413457112294,2890.8953656639005,2915.533678439445,663000
2023-11-14 09:00:00+09:00,2863.841552734375,2910.7026577639353,2855.1456775742504,2910.7026577639353,620600
2023-11-15 09:00:00+09:00,2915.05078125,2918.9156149009777,2873.0207152956164,2877.8517573593385,406600
2023-11-16 09:00:00+09:00,2896.209716796875,2930.510115444511,2894.760404177961,2908.7704261607983,371200
2023-11-17 09:00:00+09:00,2916.983154296875,2916.983154296875,2876.4024015706514,2883.165860358355,449000
2023-11-20 09:00:00+09:00,2970.607666015625,2984.617687533669,2893.794099761521,2899.1082458545725,576600
2023-11-21 09:00:00+09:00,2949.833984375,3009.7388998781935,2944.036734487594,2970.607463138204,741800
2023-11-22 09:00:00+09:00,2830.024169921875,2936.7901893060903,2830.024169921875,2936.7901893060903,1169400
2023-11-24 09:00:00+09:00,2783.163330078125,2855.145856754334,2754.66018193117,2850.314814695528,1383600
2023-11-27 09:00:00+09:00,2742.58251953125,2761.423583167276,2706.3497048465847,2753.6939160345473,1194600
2023-11-28 09:00:00+09:00,2809.2509765625,2809.2509765625,2753.6939925032243,2756.1095135492797,859800
2023-11-29 09:00:00+09:00,2799.10595703125,2859.010882587321,2784.129725642232,2802.0045824613826,940800
2023-11-30 09:00:00+09:00,2772.53466796875,2799.105395750294,2769.152938978372,2793.7912501939854,513000
2023-12-01 09:00:00+09:00,2772.0517578125,2809.7338834850993,2770.602445286631,2797.1731749275664,533200
2023-12-04 09:00:00+09:00,2802.00439453125,2821.3285627693963,2755.1432865537445,2774.467454791891,607200
2023-12-05 09:00:00+09:00,2758.52490234375,2794.2746121114274,2758.52490234375,2782.197007460185,485600
2023-12-06 09:00:00+09:00,2790.409912109375,2802.9706215475403,2739.683970147553,2746.4474290757958,626200
2023-12-07 09:00:00+09:00,2789.443603515625,2836.7878143130843,2775.916686144922,2782.1970406384626,562800
2023-12-08 09:00:00+09:00,2784.12939453125,2806.835291033587,2763.839018933417,2778.815248541341,500800
2023-12-11 09:00:00+09:00,2801.0380859375,2814.0818990317243,2776.882876503751,2793.3084189187,479600
2023-12-12 09:00:00+09:00,2803.45361328125,2829.5412395292574,2789.4435917776905,2791.85911272658,473600
2023-12-13 09:00:00+09:00,2823.260498046875,2857.0777866956228,2799.588395992752,2800.0715001163053,797600
2023-12-14 09:00:00+09:00,2730.021728515625,2837.7539609451037,2707.3158319946137,2821.328418780968,711600
2023-12-15 09:00:00+09:00,2704.900634765625,2729.5389509601323,2682.6778397666576,2729.5389509601323,754600
2023-12-18 09:00:00+09:00,2692.82275390625,2709.7314005490052,2673.0154821247365,2690.890337147078,483200
2023-12-19 09:00:00+09:00,2685.093017578125,2694.755101124646,2640.1643290868033,2681.228184159517,703600
2023-12-20 09:00:00+09:00,2688.474853515625,2728.089397628524,2686.0593325331315,2698.1369374456003,866600
2023-12-21 09:00:00+09:00,2647.893798828125,2671.5659017550684,2619.8737586288853,2657.0727775140826,745000
2023-12-22 09:00:00+09:00,2708.76513671875,2712.629970157978,2641.6136557121677,2659.0054061886926,815000
2023-12-25 09:00:00+09:00,2739.683837890625,2777.8490685718734,2730.9879625455305,2744.0317755631722,733400
2023-12-26 09:00:00+09:00,2735.81884765625,2753.693701508145,2713.1129522227616,2753.693701508145,369600
2023-12-27 09:00:00+09:00,2769.15283203125,2772.0514567681985,2710.69723316946,2729.538293959624,542800
2023-12-28 09:00:00+09:00,2825.193603515625,2825.6767077569925,2753.694175793273,2765.7717818274546,760400
2023-12-29 09:00:00+09:00,2893.7939453125,2934.374695129904,2833.8890289153796,2833.8890289153796,1644000
2024-01-04 09:00:00+09:00,2816.497802734375,2856.1123515893014,2815.04848997139,2845.484057994077,902000
2024-01-05 09:00:00+09:00,2840.16943359375,2840.16943359375,2798.6224747080446,2816.4973291123597,495000
2024-01-09 09:00:00+09:00,2906.837890625,2906.837890625,2845.483658929907,2845.483658929907,528400
2024-01-10 09:00:00+09:00,2907.32080078125,2913.1180506332566,2889.4459470708966,2908.287009089918,516600
2024-01-11 09:00:00+09:00,2891.37841796875,2919.3984594461413,2866.740105635182,2915.050521975512,690000
2024-01-12 09:00:00+09:00,2923.746337890625,2955.148107877884,2895.2431928252668,2910.7025257420714,923000
2024-01-15 09:00:00+09:00,2911.668701171875,2956.1142828058246,2911.18559702368,2946.9353039901175,125600
2024-01-16 09:00:00+09:00,2923.26318359375,2964.810140095,2911.185579959666,2946.9352867165553,731400
2024-01-17 09:00:00+09:00,2908.770263671875,2959.4962025002337,2908.770263671875,2932.92547263776,617200
2024-01-18 09:00:00+09:00,2875.435791015625,2903.4558306458175,2866.256812516079,2903.4558306458175,485600
2024-01-19 09:00:00+09:00,2874.953125,2893.7941890018487,2853.6965399722735,2863.8417282809614,452800
2024-01-22 09:00:00+09:00,2944.03662109375,2948.384558341837,2840.6523354170085,2874.4696251243536,512400
2024-01-23 09:00:00+09:00,2906.35498046875,2937.273650473737,2893.794270779224,2937.273650473737,467200
2024-01-24 09:00:00+09:00,2857.078125,2898.6250845451473,2853.21329155394,2875.436083868786,595400
2024-01-25 09:00:00+09:00,2878.3349609375,2882.6828989449587,2830.024538632406,2851.2811244466475,593000
2024-01-26 09:00:00+09:00,2882.19970703125,2902.006979573704,2856.595183988565,2871.571414447494,305200
2024-01-29 09:00:00+09:00,2893.7939453125,2929.060549320482,2874.9528828972766,2896.692570299457,377800
2024-01-30 09:00:00+09:00,2926.162109375,2930.0269429353434,2898.1420660625104,2913.118296108841,319800
2024-01-31 09:00:00+09:00,2938.23974609375,2938.23974609375,2893.7941596681294,2898.6252016709145,299800
2024-02-01 09:00:00+09:00,2928.09423828125,2937.756321232186,2904.9052391990026,2904.9052391990026,382400
2024-02-02 09:00:00+09:00,2945.96923828125,2958.529946742272,2903.939175353984,2932.4423214770723,429000
2024-02-05 09:00:00+09:00,3013.603515625,3021.3331815836405,2945.002730242065,2961.428270404176,675400
2024-02-06 09:00:00+09:00,2980.752685546875,3029.063101844231,2971.5737064503774,3029.063101844231,395800
2024-02-07 09:00:00+09:00,2982.685302734375,2987.5163446889173,2959.013197157118,2971.0908020434736,315400
2024-02-08 09:00:00+09:00,2984.61767578125,3024.2322192280067,2958.530049608996,2973.5062794486234,671200
2024-02-09 09:00:00+09:00,2991.38134765625,3022.7831221390757,2964.327511178739,2999.594119444066,1000400
2024-02-13 09:00:00+09:00,3064.32958984375,3116.0217333268465,2995.728801296089,3067.228214711961,1737200
2024-02-14 09:00:00+09:00,3003.45849609375,3061.914098157019,2991.863996510953,3052.7351193206378,998400
2024-02-15 09:00:00+09:00,2954.6650390625,3025.198246339008,2945.486060033365,3025.198246339008,720000
2024-02-16 09:00:00+09:00,3006.357177734375,3020.850302486429,2943.0705329837397,2963.360907636615,664800
2024-02-19 09:00:00+09:00,3046.455078125,3047.904390721634,3004.9081170214877,3019.4012429878294,460200
2024-02-20 09:00:00+09:00,3046.455078125,3055.6340579036832,3014.5702009990487,3050.8030159149025,304600
2024-02-21 09:00:00+09:00,3064.81298828125,3067.228509236705,3030.51259071379,3053.2184876950664,311400
2024-02-22 09:00:00+09:00,3073.509033203125,3093.799410347817,3051.2862391875096,3072.542824767663,417200
2024-02-26 09:00:00+09:00,3139.694091796875,3155.636529868778,3084.1371106372135,3101.5288612611075,629800
2024-02-27 09:00:00+09:00,3140.17724609375,3172.062122746394,3125.684120342548,3154.6703718449517,480400
2024-02-28 09:00:00+09:00,3126.1669921875,3149.3559916659424,3100.079367774252,3133.896658680314,480000
2024-02-29 09:00:00+09:00,3055.15087890625,3132.447548834302,3028.0970444314316,3115.05579810049,943200
2024-03-01 09:00:00+09:00,2979.3037109375,3041.1410508110202,2949.3512494362635,3036.3100086334016,1372600
2024-03-04 09:00:00+09:00,2939.205810546875,2976.887936323117,2929.060622837887,2976.887936323117,666800
2024-03-05 09:00:00+09:00,2962.39453125,2972.5397180008563,2928.094137949486,2945.968990796233,546000
2024-03-06 09:00:00+09:00,2994.279541015625,3017.95164451833,2965.293291828639,2975.438479044084,563400
2024-03-07 09:00:00+09:00,2991.8642578125,3013.1208422374557,2984.617694940356,2985.5839033233087,325800
2024-03-08 09:00:00+09:00,2982.685302734375,2997.1784285980016,2948.384904857125,2991.381178252551,634600
2024-03-11 09:00:00+09:00,2930.510009765625,2990.4149291871445,2913.601363154712,2973.0231783873483,488600
2024-03-12 09:00:00+09:00,2985.583740234375,3004.9079068378337,2944.519886202025,2948.384719522717,574800
2024-03-13 09:00:00+09:00,2991.8642578125,3007.3235919397407,2959.979381175067,3006.8404877482644,712400
2024-03-14 09:00:00+09:00,3102.494873046875,3115.055581034919,3025.198208505066,3033.894083266019,1176800
2024-03-15 09:00:00+09:00,3088.96826171875,3095.731720533899,3036.7930080018864,3086.0696365122576,660400
2024-03-18 09:00:00+09:00,3238.73046875,3251.291177608517,3101.528879680042,3101.528879680042,1104600
2024-03-19 09:00:00+09:00,3360.472412109375,3364.8203493878377,3225.686356477041,3250.324667721661,1296400
2024-03-21 09:00:00+09:00,3281.7265625,3352.7428740983364,3254.6727295101573,3333.4187076770204,1450200
2024-03-22 09:00:00+09:00,3415.546630859375,3451.2963409984973,3319.8920010276697,3343.0810021989923,2012800
2024-03-25 09:00:00+09:00,3465.789306640625,3502.022119297169,3446.4651398904684,3454.1948065905312,1283200
2024-03-26 09:00:00+09:00,3448.3974609375,3474.001981171415,3409.7491285089486,3454.1947108017825,737600
2024-03-27 09:00:00+09:00,3417.9619140625,3474.9682046433304,3381.72910225265,3448.397475982774,1365400
2024-03-28 09:00:00+09:00,3358.746826171875,3438.3471844799947,3354.8638818641616,3426.698351556855,604600
2024-03-29 09:00:00+09:00,3394.664306640625,3421.8449187612823,3337.3908739578123,3358.7470691954713,308900
2024-04-01 09:00:00+09:00,3332.537109375,3417.96188817634,3314.093123042893,3402.43011021246,591700
2024-04-02 09:00:00+09:00,3320.88818359375,3329.624808455587,3274.2928509972867,3329.624808455587,848400
2024-04-03 09:00:00+09:00,3330.595703125,3350.010425964551,3305.3565634335832,3320.8883417052243,475400
2024-04-04 09:00:00+09:00,3334.478759765625,3349.0398023846888,3288.854159559225,3319.9177171465612,537400
2024-04-05 09:00:00+09:00,3274.293212890625,3320.8885506370675,3245.1711267990986,3290.7957283424903,660500
2024-04-08 09:00:00+09:00,3300.5029296875,3317.005444335937,3269.4393727022057,3274.293053481158,338000
2024-04-09 09:00:00+09:00,3333.508056640625,3353.893516509423,3301.473762561085,3339.3324737459957,407100
2024-04-10 09:00:00+09:00,3289.82470703125,3332.5370962638776,3278.1758736041697,3329.6248879071077,507800
2024-04-11 09:00:00+09:00,3214.107421875,3272.3515914045984,3204.4000602867336,3267.497910610465,641800
2024-04-12 09:00:00+09:00,3250.99560546875,3305.3568338671525,3237.4052983691495,3237.4052983691495,431600
2024-04-15 09:00:00+09:00,3248.08349609375,3271.381166119527,3223.8150898168988,3231.5809798254913,288500
2024-04-16 09:00:00+09:00,3162.658447265625,3227.6977707667907,3150.0388770340555,3222.8440899084944,431500
2024-04-17 09:00:00+09:00,3193.721923828125,3193.721923828125,3133.5362827103913,3179.160881622222,403700
2024-04-18 09:00:00+09:00,3278.176025390625,3287.8833870293297,3193.7219791338925,3202.458604608727,575900
2024-04-19 09:00:00+09:00,3226.72705078125,3282.0590128433832,3189.839076073161,3281.0882766668547,593100
2024-04-22 09:00:00+09:00,3273.322265625,3294.67846071508,3201.487791231094,3276.2344740463745,557400
2024-04-23 09:00:00+09:00,3259.732177734375,3280.1176380477823,3237.4052450101667,3280.1176380477823,307100
2024-04-24 09:00:00+09:00,3244.200439453125,3282.0591519422546,3228.668659970405,3259.732218935845,453300
2024-04-25 09:00:00+09:00,3151.009521484375,3243.2294551076084,3135.4777431899356,3237.4050382471937,456500
2024-04-26 09:00:00+09:00,3187.8974609375,3188.86819707055,3107.326361894317,3134.5069736197283,298200
2024-04-30 09:00:00+09:00,3273.322265625,3285.941835450956,3232.551347725756,3235.4635561471305,646300
2024-05-01 09:00:00+09:00,3251.966064453125,3276.2344679191933,3235.4635500961986,3275.2637317805506,242400
2024-05-02 09:00:00+09:00,3259.732177734375,3286.912791485585,3241.2881898317682,3263.615122555976,239400
2024-05-07 09:00:00+09:00,3199.54638671875,3301.473683625749,3179.16092733735,3279.146751922311,509000
2024-05-08 09:00:00+09:00,3164.599853515625,3216.0488695390386,3151.980283547618,3199.5463549654905,425400
2024-05-09 09:00:00+09:00,3147.126708984375,3177.2195306927388,3097.6191635931955,3150.0389175367973,452600
2024-05-10 09:00:00+09:00,3239.346923828125,3244.2006051643975,3145.185505904443,3165.5709675167864,618000
2024-05-13 09:00:00+09:00,3209.25390625,3242.25893734876,3192.75139070062,3204.4002252060645,470300
2024-05-14 09:00:00+09:00,3294.678466796875,3306.3273005038764,3195.663380287364,3203.4292694253645,456200
2024-05-15 09:00:00+09:00,3258.761474609375,3322.830064816172,3256.8200021788657,3321.8593286009177,770900
2024-05-16 09:00:00+09:00,3145.18505859375,3315.06388120298,3098.589724392361,3171.3949340820313,1190300
2024-05-17 09:00:00+09:00,3093.736328125,3166.5415445069816,3089.8533832512944,3110.2388438382495,969300
2024-05-20 09:00:00+09:00,3116.06298828125,3170.424211752823,3092.7653210791473,3093.736057212568,488300
2024-05-21 09:00:00+09:00,3038.404052734375,3123.828831213808,3038.404052734375,3103.443372713034,459300
2024-05-22 09:00:00+09:00,3020.930908203125,3046.1700481816856,3010.2528105198876,3014.135755131974,348200
2024-05-23 09:00:00+09:00,2999.57470703125,3033.550472321248,2972.3940947992514,3028.6967915655337,498400
2024-05-24 09:00:00+09:00,3022.87255859375,3052.965381110258,2999.5748895487113,2999.5748895487113,372900
2024-05-27 09:00:00+09:00,3081.116455078125,3084.028663447764,3030.638176671048,3038.404065656752,324200
2024-05-28 09:00:00+09:00,3038.404052734375,3080.1457058550072,3021.9015387099394,3067.526136306909,354700
2024-05-29 09:00:00+09:00,2919.974609375,3008.3116071985123,2917.0624006555436,2995.6920360808676,607600
2024-05-30 09:00:00+09:00,2947.155029296875,2952.0087101751637,2913.1792631488543,2921.915888729774,379100
2024-05-31 09:00:00+09:00,3010.252685546875,3056.8480189574684,2967.5402965871644,3056.8480189574684,517900
2024-06-03 09:00:00+09:00,3015.106689453125,3035.4921500064142,2999.5749099839527,3019.9603705372415,353300
2024-06-04 09:00:00+09:00,3025.78466796875,3041.316446822616,3004.4284720446844,3015.106570006717,274800
2024-06-05 09:00:00+09:00,2995.691650390625,3007.340483768683,2971.4232475196704,2997.633122620301,296900
2024-06-06 09:00:00+09:00,2994.720947265625,3019.960086529452,2985.013586010307,3003.4575723954113,229200
2024-06-07 09:00:00+09:00,3013.1650390625,3044.2285961662374,3003.457677467582,3006.369885946058,213400
2024-06-10 09:00:00+09:00,3058.789794921875,3068.497157013027,3018.9896103481533,3029.66770864842,307200
2024-06-11 09:00:00+09:00,2980.16015625,3036.4628562703583,2976.2772114210097,3022.8725493688926,511000
2024-06-12 09:00:00+09:00,2926.769775390625,2989.8676312448174,2926.769775390625,2980.160268805711,359700
2024-06-13 09:00:00+09:00,2882.60107421875,2940.35987668247,2881.144969954959,2935.5061958031656,498900
2024-06-14 09:00:00+09:00,2910.752197265625,2921.915662421054,2867.554440794616,2871.9227532467403,519100
2024-06-17 09:00:00+09:00,2895.7060546875,2914.1500422969743,2853.964398518689,2905.4134165872233,567800
2024-06-18 09:00:00+09:00,2909.78173828125,2912.208578763553,2884.0572291688386,2907.354897798947,189400
2024-06-19 09:00:00+09:00,2930.652587890625,2936.477005090805,2893.7646122894844,2915.1208086901447,266700
2024-06-20 09:00:00+09:00,2888.91064453125,2928.7108247818487,2852.022672591671,2921.915672056137,689300
2024-06-21 09:00:00+09:00,2886.96923828125,2928.7108916928487,2883.571661840771,2892.793655036357,452500
2024-06-24 09:00:00+09:00,2853.47900390625,2901.530444863338,2847.169218730067,2897.647500139533,599100
2024-06-25 09:00:00+09:00,2897.647216796875,2899.588688968933,2863.186085742842,2878.232495076293,463600
2024-06-26 09:00:00+09:00,2940.359619140625,2945.2132995948023,2898.6179672347002,2918.0326890514093,447100
2024-06-27 09:00:00+09:00,2901.530517578125,2942.301438199832,2900.5597813728464,2915.120824452027,357500
2024-06-28 09:00:00+09:00,2912.20849609375,2921.915857747396,2882.60104305013,2911.2377599283855,370200
2024-07-01 09:00:00+09:00,2853.964111328125,2949.096248372396,2835.5201255746438,2949.096248372396,1024000
2024-07-02 09:00:00+09:00,2842.3154296875,2894.249813392514,2825.812915239178,2872.8936182240973,715900
2024-07-03 09:00:00+09:00,2795.72021484375,2846.683864593506,2794.2641105651855,2844.2570241292315,709200
2024-07-04 09:00:00+09:00,2823.385986328125,2823.385986328125,2786.9833820691238,2793.7785348641373,827600
2024-07-05 09:00:00+09:00,2807.368896484375,2856.8764392647013,2783.5858612271595,2816.105521680903,842600
2024-07-08 09:00:00+09:00,2814.649658203125,2821.930179822895,2776.3055776723354,2815.1350263111094,518300
2024-07-09 09:00:00+09:00,2813.193359375,2827.2690335333637,2790.866427951389,2808.825046705163,357200
2024-07-10 09:00:00+09:00,2834.064453125,2839.403502445838,2814.1643602018753,2815.1350964420276,245300
2024-07-11 09:00:00+09:00,2887.940185546875,2895.220707023044,2830.1813818359374,2843.286320493041,549300
2024-07-12 09:00:00+09:00,2885.513427734375,2917.0623550350874,2873.8645930387274,2887.4549001836494,625700
2024-07-16 09:00:00+09:00,2869.49609375,2919.9743741542625,2866.0985171843286,2919.9743741542625,363400
2024-07-17 09:00:00+09:00,2882.60107421875,2903.9572700876884,2860.759510261881,2885.027914658402,443500
2024-07-18 09:00:00+09:00,2822.41552734375,2878.2328593548477,2821.930159239306,2863.671816221518,668300
2024-07-19 09:00:00+09:00,2854.93505859375,2857.847267086025,2817.0763481941726,2836.491071476007,301800
2024-07-22 09:00:00+09:00,2881.14501953125,2895.220694323434,2845.2277804063656,2854.9351423320104,342500
2024-07-23 09:00:00+09:00,2888.91064453125,2896.1911653087986,2857.8470892137098,2892.7935889459427,354300
2024-07-24 09:00:00+09:00,2829.6962890625,2897.647829451651,2829.6962890625,2890.367307267099,254000
2024-07-25 09:00:00+09:00,2741.35888671875,2815.1348340950335,2738.93204634453,2815.1348340950335,616900
2024-07-26 09:00:00+09:00,2769.02490234375,2786.012785180215,2735.0491366708206,2742.3296578864483,537700
2024-07-29 09:00:00+09:00,2815.620361328125,2823.8716190668906,2776.7909131456995,2800.088582055155,309600
2024-07-30 09:00:00+09:00,2777.2763671875,2803.4862455216708,2761.7445874339173,2803.4862455216708,280200
2024-07-31 09:00:00+09:00,2836.9765625,2840.8595073246365,2758.832297904192,2776.3055496150555,403100
2024-08-01 09:00:00+09:00,2654.477783203125,2788.4393608524324,2587.0116263435098,2788.4393608524324,1528700
2024-08-02 09:00:00+09:00,2471.9794921875,2556.9189014026606,2455.962346449784,2522.4577696639385,2226000
2024-08-05 09:00:00+09:00,2095.333984375,2330.2521331907283,2017.1897241284455,2277.8323809756484,2629200
2024-08-06 09:00:00+09:00,2320.059326171875,2371.9937085778147,2224.441818377762,2257.9322145086953,1493600
2024-08-07 09:00:00+09:00,2293.849365234375,2383.642452955145,2238.0320404349773,2249.195505394857,1182800
2024-08-08 09:00:00+09:00,2317.147216796875,2359.3742398093023,2248.7103174319063,2294.820285089155,937200
2024-08-09 09:00:00+09:00,2370.05224609375,2401.601170115068,2291.4226200713892,2334.620377577501,1435300
2024-08-13 09:00:00+09:00,2277.832275390625,2288.9957406226695,2160.3732064273754,2224.441789498239,2328600
2024-08-14 09:00:00+09:00,2252.107666015625,2279.7736438093516,2239.488097197434,2259.873554519127,1036000
2024-08-15 09:00:00+09:00,2244.8271484375,2259.388189400338,2215.2196984797297,2232.692947635135,1124200
2024-08-16 09:00:00+09:00,2290.4521484375,2320.0596036302713,2277.3472092538145,2312.293713743643,690300
2024-08-19 09:00:00+09:00,2262.7861328125,2318.1180974501285,2248.7104575976646,2275.8910718056227,897300
2024-08-20 09:00:00+09:00,2331.7080078125,2337.5324241517487,2272.0077403352025,2276.3760525896387,820800
2024-08-21 09:00:00+09:00,2330.252197265625,2345.298608037388,2310.352105599745,2310.352105599745,564100
2024-08-22 09:00:00+09:00,2346.269287109375,2349.1814955749637,2316.1764662982905,2330.7375086262346,707100
2024-08-23 09:00:00+09:00,2349.181396484375,2367.62538265512,2313.2641602571343,2360.8302298553717,618200
2024-08-26 09:00:00+09:00,2336.561767578125,2366.1692183097966,2322.4860942794617,2357.4325935037295,513600
2024-08-27 09:00:00+09:00,2309.38134765625,2328.3107029649077,2288.99588809308,2324.913126371046,785700
2024-08-28 09:00:00+09:00,2310.35205078125,2322.9716208065256,2290.937327665441,2299.673953067555,856000
2024-08-29 09:00:00+09:00,2304.52734375,2335.1055288081825,2283.1711510109517,2318.6030162371,746000
2024-08-30 09:00:00+09:00,2329.766845703125,2339.959575653076,2291.908134460449,2300.644760131836,531900
2024-09-02 09:00:00+09:00,2335.59130859375,2358.8889775074035,2331.22299567244,2354.0352964837257,377800
2024-09-03 09:00:00+09:00,2356.947265625,2375.3912516410114,2325.883710229613,2331.708126866248,464800
2024-09-04 09:00:00+09:00,2270.5517578125,2310.3519382615436,2262.3005008901373,2300.644577176411,780700
2024-09-05 09:00:00+09:00,2235.119873046875,2286.0835183606473,2213.7636788201517,2261.81511583028,729300
2024-09-06 09:00:00+09:00,2205.998046875,2253.0787532659515,2189.0101631256875,2242.400654909241,663300
2024-09-09 09:00:00+09:00,2199.20263671875,2206.4831574759296,2139.5023665098765,2143.385310913706,569600
2024-09-10 09:00:00+09:00,2211.337158203125,2219.588416256122,2196.7761145801896,2199.688323304777,450400
2024-09-11 09:00:00+09:00,2138.04638671875,2191.9222434555904,2116.2048231767876,2182.214881881385,751200
2024-09-12 09:00:00+09:00,2228.324951171875,2234.634736483405,2182.214981587617,2183.1857177893908,1012900
2024-09-13 09:00:00+09:00,2208.91015625,2222.9858307240165,2195.8052179466054,2213.278469017798,482200
2024-09-17 09:00:00+09:00,2193.37841796875,2217.6468226818365,2156.490442804859,2203.5711479482466,595900
2024-09-18 09:00:00+09:00,2183.185546875,2221.0442557803467,2172.5074494914406,2208.424686145231,408800
2024-09-19 09:00:00+09:00,2231.72265625,2243.371491341344,2200.659096006416,2213.278667355372,519700
2024-09-20 09:00:00+09:00,2231.237060546875,2261.8152495428403,2223.471171278058,2250.6517837189162,723700
2024-09-24 09:00:00+09:00,2231.72265625,2259.388639591942,2225.898238704328,2256.476430819106,955400
2024-09-25 09:00:00+09:00,2242.400390625,2253.078487723214,2219.102724228896,2232.2076615767046,753100
2024-09-26 09:00:00+09:00,2295.790771484375,2295.790771484375,2262.3003775663155,2264.727217705305,1907900
2024-09-27 09:00:00+09:00,2355.4091796875,2372.0240992122663,2305.5644211132003,2324.622711156315,1135400
2024-09-30 09:00:00+09:00,2347.59033203125,2374.9560811140454,2305.075686134764,2306.541708407057,988800
2024-10-01 09:00:00+09:00,2417.95947265625,2432.6196958130176,2354.920513082148,2355.4091871873734,1062000
2024-10-02 09:00:00+09:00,2402.322021484375,2426.2670538384705,2390.1051682424895,2413.5615264669095,933800
2024-10-03 09:00:00+09:00,2454.121337890625,2471.713605545755,2438.4837666416206,2462.91747171819,730200
2024-10-04 09:00:00+09:00,2465.36083984375,2465.36083984375,2426.7555858600717,2453.1439873172694,485000
2024-10-07 09:00:00+09:00,2476.11181640625,2482.9532542254105,2453.6328064290074,2481.9759059655307,437100
2024-10-08 09:00:00+09:00,2433.596923828125,2456.0759315582645,2422.8460940441455,2455.5872574771743,472100
2024-10-09 09:00:00+09:00,2459.008056640625,2467.315516291438,2415.0273879010274,2462.917449417478,433600
2024-10-10 09:00:00+09:00,2415.02734375,2460.962708038244,2413.072647397309,2451.189226274788,402400
2024-10-11 09:00:00+09:00,2412.095703125,2432.1313440950416,2407.20896142499,2414.050399805004,345400
2024-10-15 09:00:00+09:00,2427.244140625,2438.483644396769,2413.5612664680643,2415.0272886991647,347700
2024-10-16 09:00:00+09:00,2421.868896484375,2439.9498386090568,2410.629391920384,2423.823592930287,422800
2024-10-17 09:00:00+09:00,2417.95947265625,2456.564726969072,2417.95947265625,2432.131021707792,354100
2024-10-18 09:00:00+09:00,2408.18603515625,2429.199022070154,2388.1503964708995,2417.959517441787,313100
2024-10-21 09:00:00+09:00,2394.0146484375,2419.914378253215,2387.661884520438,2419.914378253215,361900
2024-10-22 09:00:00+09:00,2373.490234375,2399.8786372278414,2364.6941000907195,2394.503221831892,411700
2024-10-23 09:00:00+09:00,2355.897705078125,2388.1501938844217,2353.4543347140116,2380.331408719259,368400
2024-10-24 09:00:00+09:00,2351.499755859375,2361.2732378039277,2303.6096943310667,2326.088702803538,323700
2024-10-25 09:00:00+09:00,2335.37353515625,2356.38652155753,2310.4511559361267,2350.522432329266,320600
2024-10-28 09:00:00+09:00,2383.75244140625,2389.616531053006,2335.862375957744,2341.23779146727,388700
2024-10-29 09:00:00+09:00,2385.218505859375,2390.5939214636473,2373.4903263591445,2389.6165731719616,387900
2024-10-30 09:00:00+09:00,2405.74267578125,2418.936876928131,2379.3542734874886,2387.661733468858,443700
2024-10-31 09:00:00+09:00,2408.6748046875,2419.4256356274727,2384.7297721393793,2394.5032548120817,356200
2024-11-01 09:00:00+09:00,2390.10498046875,2404.2765291159785,2369.5806686348333,2376.9107800040892,373300
2024-11-05 09:00:00+09:00,2391.571044921875,2422.35751321572,2376.9108219248055,2405.7425938190418,493400
2024-11-06 09:00:00+09:00,2423.82373046875,2443.859370176254,2405.742787318076,2423.82373046875,421000
2024-11-07 09:00:00+09:00,2416.493408203125,2456.0760100361795,2409.6519708492638,2414.050037719603,815700
2024-11-08 09:00:00+09:00,2403.787841796875,2457.5419915422817,2399.3897749995235,2457.053317453687,619800
2024-11-11 09:00:00+09:00,2499.568115234375,2680.866213133095,2484.419217566288,2643.7269801403654,1922700
2024-11-12 09:00:00+09:00,2499.07958984375,2519.6039040348796,2478.5552756526204,2492.23815178004,694100
2024-11-13 09:00:00+09:00,2515.694580078125,2542.082984764259,2494.192917000534,2496.6362878048058,670600
2024-11-14 09:00:00+09:00,2436.529296875,2517.6492052747694,2431.6425554051343,2509.8304189229843,771300
2024-11-15 09:00:00+09:00,2457.053466796875,2465.8496009262194,2441.904569129671,2443.3705914845614,691800
2024-11-18 09:00:00+09:00,2476.11181640625,2487.839995524811,2448.2573909996668,2448.2573909996668,471500
2024-11-19 09:00:00+09:00,2456.076171875,2527.4225946950855,2437.995229105526,2492.2380574139474,652000
2024-11-20 09:00:00+09:00,2481.487060546875,2498.5906539141733,2453.1439629667807,2453.1439629667807,346100
2024-11-21 09:00:00+09:00,2593.3935546875,2615.872564206178,2496.6360789331898,2500.5454718929595,1137400
2024-11-22 09:00:00+09:00,2626.134765625,2652.5231685546146,2581.1767458189897,2615.3839348018237,907600
2024-11-25 09:00:00+09:00,2655.454833984375,2710.1863285383406,2648.6133971651293,2661.3189226865857,959800
2024-11-26 09:00:00+09:00,2634.442138671875,2670.6040229719524,2616.849870633999,2668.6493265233,597500
2024-11-27 09:00:00+09:00,2606.09912109375,2663.7626681196384,2582.6427629815244,2638.8402876253986,404900
2024-11-28 09:00:00+09:00,2653.989013671875,2672.069955212265,2598.2801667636454,2599.7461890507043,496100
2024-11-29 09:00:00+09:00,2704.322509765625,2765.895447284683,2695.526375834331,2710.186599053154,1132200
2024-12-02 09:00:00+09:00,2684.775634765625,2701.8792290897595,2663.27397332957,2699.435858472026,489900
2024-12-03 09:00:00+09:00,2666.2060546875,2693.5718059819465,2654.4778755613083,2682.820975116271,907300
2024-12-04 09:00:00+09:00,2653.989013671875,2666.694540159717,2597.7914926679596,2633.9533757487397,1283700
2024-12-05 09:00:00+09:00,2689.662109375,2731.6880798339844,2654.477575967478,2667.1831019201945,693100
2024-12-06 09:00:00+09:00,2674.513427734375,2699.924481679595,2653.5004408181358,2695.0377405362833,387200
2024-12-09 09:00:00+09:00,2688.684814453125,2700.901666572596,2661.31906570551,2682.820725435779,506400
2024-12-10 09:00:00+09:00,2699.924560546875,2721.914896334135,2663.2740009014424,2690.6397521033655,528000
2024-12-11 09:00:00+09:00,2751.235107421875,2761.0085891533913,2694.060239292504,2697.4809578985346,533500
2024-12-12 09:00:00+09:00,2741.9501953125,2759.542461758989,2723.869254798053,2746.348261924122,723300
2024-12-13 09:00:00+09:00,2806.45556640625,2810.364959498928,2731.6884235087823,2732.177097645367,997500
2024-12-16 09:00:00+09:00,2768.338623046875,2809.875919244401,2761.008511953194,2809.875919244401,586000
2024-12-17 09:00:00+09:00,2781.04443359375,2804.9894656173124,2763.4521651682753,2785.9311748230484,466700
2024-12-18 09:00:00+09:00,2784.465087890625,2804.5007264661804,2749.280551855503,2754.1672929714923,453600
2024-12-19 09:00:00+09:00,2764.429443359375,2787.8858006655887,2724.8468404051396,2733.6429743949698,690800
2024-12-20 09:00:00+09:00,2782.9990234375,2811.8307955854916,2767.3614521029963,2770.7821708324186,672200
2024-12-23 09:00:00+09:00,2776.646240234375,2825.5136503053777,2766.384084119464,2814.762820089757,557700
2024-12-24 09:00:00+09:00,2796.681884765625,2797.6592329692826,2777.623594794306,2785.4423804235653,324900
2024-12-25 09:00:00+09:00,2808.41015625,2808.41015625,2780.0670574049504,2801.0800444797287,311200
2024-12-26 09:00:00+09:00,2865.5849609375,2868.5170055769313,2814.2741797474528,2814.7628538540243,646900
2024-12-27 09:00:00+09:00,2868.028564453125,2873.403980062085,2847.0155761635556,2865.58519372178,447300
2024-12-30 09:00:00+09:00,2862.164306640625,2912.4977407509177,2850.924801936385,2892.9507760478914,488700
2025-01-06 09:00:00+09:00,2845.54931640625,2911.520320650599,2836.26450840149,2911.031646545085,675300
2025-01-07 09:00:00+09:00,2840.174072265625,2875.847284116174,2839.685398130686,2858.255015258369,515400
2025-01-08 09:00:00+09:00,2820.13818359375,2859.2321109351988,2808.4100053913153,2855.3227182010537,457100
2025-01-09 09:00:00+09:00,2805.478271484375,2830.88932707002,2782.5105866281187,2819.161147568953,435800
2025-01-10 09:00:00+09:00,2752.212646484375,2803.523429133675,2738.0410969907584,2777.6237007487903,533500
2025-01-14 09:00:00+09:00,2736.5751953125,2755.1448127092635,2707.7434209333146,2737.06386945452,818000
2025-01-15 09:00:00+09:00,2761.986328125,2761.986328125,2741.462013584793,2742.4393618962317,239500
2025-01-16 09:00:00+09:00,2760.03125,2802.545895671034,2760.03125,2799.613851141997,384000
2025-01-17 09:00:00+09:00,2762.963623046875,2766.8730162170864,2737.552567440501,2744.8826796346475,404700
2025-01-20 09:00:00+09:00,2761.0087890625,2785.4424951603983,2756.1220478429204,2762.963485550332,203000
2025-01-21 09:00:00+09:00,2792.28369140625,2809.875958275453,2759.0538539866448,2760.031202146045,240500
2025-01-22 09:00:00+09:00,2821.604248046875,2830.88905592926,2781.5329719228976,2800.1025876876674,511200
2025-01-23 09:00:00+09:00,2828.445556640625,2848.969867867112,2819.649423257845,2833.332297408836,435700
2025-01-24 09:00:00+09:00,2836.75341796875,2873.403978924419,2823.5592160247093,2849.9476199127907,414400
2025-01-27 09:00:00+09:00,2958.43310546875,2958.43310546875,2847.0154067494113,2847.0154067494113,894900
2025-01-28 09:00:00+09:00,3051.28125,3058.122687780269,2942.7955937700194,2960.387862347854,1139600
2025-01-29 09:00:00+09:00,3039.552978515625,3076.692211050543,3031.7341927188004,3047.37176431245,540900
2025-01-30 09:00:00+09:00,3029.779541015625,3036.620978688886,3017.07401390814,3020.9834068642895,515700
2025-01-31 09:00:00+09:00,3012.187255859375,3058.122622837114,2995.5723358887035,3049.3264887349937,421200
2025-02-03 09:00:00+09:00,2991.6630859375,3000.4592204600212,2941.818323643213,2976.025513453018,498100
2025-02-04 09:00:00+09:00,2991.6630859375,3018.0514895050637,2977.980210013578,3010.2327032628227,534200
2025-02-05 09:00:00+09:00,2976.025390625,2998.504400143678,2961.365167025862,2991.6629624640805,321500
2025-02-06 09:00:00+09:00,2966.251708984375,2994.594806038921,2957.4555754157227,2971.1384498558486,755800
2025-02-07 09:00:00+09:00,2982.866943359375,2991.663077858141,2922.760024284473,2952.569146752514,1090500
2025-02-10 09:00:00+09:00,3109.921875,3143.151712759271,3043.4621994814584,3081.578778087681,2039900
2025-02-12 09:00:00+09:00,3048.348876953125,3106.0124177483267,2995.572076903279,3097.2162844066856,1050400
2025-02-13 09:00:00+09:00,2998.504638671875,3040.5306163325304,2985.799110541909,3030.7571331556337,1167300
2025-02-14 09:00:00+09:00,3008.27783203125,3062.0319843255056,2997.527001572399,3049.3264574195905,431700
2025-02-17 09:00:00+09:00,2961.364990234375,3039.5528447620154,2949.636812055229,3039.5528447620154,513400
2025-02-18 09:00:00+09:00,2971.138671875,2990.6856368215463,2955.501099917763,2969.1839753803456,380500
2025-02-19 09:00:00+09:00,2944.75,2973.09309658148,2933.021822104215,2959.410222369731,590900
2025-02-20 09:00:00+09:00,2953.546142578125,2976.0251502814,2941.8179646459816,2947.682053612053,455600
2025-02-21 09:00:00+09:00,2840.662841796875,2933.999604704703,2833.3327295266267,2931.0675597966037,1166200
2025-02-25 09:00:00+09:00,2897.83740234375,2911.520277093434,2844.083251541421,2844.083251541421,764000
2025-02-26 09:00:00+09:00,2885.132080078125,2895.882910999825,2832.843947868037,2886.5981024765388,605800
2025-02-27 09:00:00+09:00,2963.320068359375,2993.617865892073,2890.507619450149,2907.1225406777576,789100
2025-02-28 09:00:00+09:00,2938.88623046875,3000.4591711137555,2929.6014219587887,2980.9122058296266,570200
2025-03-03 09:00:00+09:00,3032.71142578125,3051.2810413435586,2983.844016406754,2991.662801906673,1038800
2025-03-04 09:00:00+09:00,3040.530029296875,3040.530029296875,2993.617319105216,3009.2548891691026,460800
2025-03-05 09:00:00+09:00,3027.82470703125,3060.0771974547592,3008.277743138214,3051.281063702893,525000
2025-03-06 09:00:00+09:00,3002.413818359375,3072.782892227173,2993.6176841259003,3068.873499234517,364300
2025-03-07 09:00:00+09:00,2977.002685546875,3005.345783997584,2965.274506877616,2977.002685546875,396100
2025-03-10 09:00:00+09:00,2965.2744140625,2977.9799405565054,2948.6594948011084,2977.002592364659,389500
2025-03-11 09:00:00+09:00,2926.6689453125,2932.0443599724495,2862.6526434531015,2929.1123156124772,844100
2025-03-12 09:00:00+09:00,2886.597900390625,2947.6821627147874,2886.1092262920315,2932.0445915598016,509900
2025-03-13 09:00:00+09:00,2932.044677734375,2945.7275528971354,2892.9507486979164,2892.9507486979164,491000
2025-03-14 09:00:00+09:00,2946.705078125,2973.0934818097016,2898.81501217869,2902.235731174855,416800
2025-03-17 09:00:00+09:00,2964.29736328125,2982.866980789441,2946.705094062964,2960.387970121631,356000
2025-03-18 09:00:00+09:00,3023.915283203125,3047.371639633918,2962.342347572292,2963.3196957569085,801900
2025-03-19 09:00:00+09:00,3065.94140625,3125.5596484499524,3051.2811827582086,3092.329808535225,765900
2025-03-21 09:00:00+09:00,3129.468994140625,3149.0159585012784,3066.918708186534,3073.7601457127626,1187300
2025-03-24 09:00:00+09:00,3182.24560546875,3184.2003017866055,3140.219634634857,3149.0157680652064,885000
2025-03-25 09:00:00+09:00,3177.359130859375,3209.6116228059636,3153.9027730800376,3197.8834439162947,769200
2025-03-26 09:00:00+09:00,3134.355712890625,3175.4043377554226,3132.401016468492,3166.608203855823,701900
2025-03-27 09:00:00+09:00,3151.947998046875,3173.4496588087454,3132.4010337179025,3135.333078367248,1165700
2025-03-28 09:00:00+09:00,3135.218994140625,3156.8683406161726,3096.8406072067005,3112.5855864616437,742200
2025-03-31 09:00:00+09:00,3062.398193359375,3105.6968824685696,3031.8922987597157,3071.2547434044377,503700
2025-04-01 09:00:00+09:00,3068.302734375,3121.442037664368,3066.3346120309493,3121.442037664368,311000
2025-04-02 09:00:00+09:00,3025.988037109375,3093.8882564786586,3022.0517925082568,3082.079522675305,462400
2025-04-03 09:00:00+09:00,2982.689453125,3005.3228603905477,2903.4725276955833,2931.0262408884237,550400
2025-04-04 09:00:00+09:00,2907.90087890625,2936.930684634756,2869.0304610663866,2920.201644045447,775000
2025-04-07 09:00:00+09:00,2694.8515625,2814.907027398667,2666.8058186507214,2704.200143783093,1571200
2025-04-08 09:00:00+09:00,2899.536376953125,2928.566182865264,2804.574469477823,2815.8911734774706,938500
2025-04-09 09:00:00+09:00,2853.777587890625,2884.2834862439386,2809.49483221646,2829.6680875791353,851000
2025-04-10 09:00:00+09:00,2977.769287109375,2995.482389279887,2930.042317372163,2987.609899426326,1048500
2025-04-11 09:00:00+09:00,2969.896728515625,2978.7532793958903,2886.2515257575637,2908.8849335626865,701200
2025-04-14 09:00:00+09:00,3013.1953125,3026.972168925539,2982.689416129164,2987.6097219954277,453200
2025-04-15 09:00:00+09:00,2940.866943359375,3025.004177308589,2933.9785148489127,3016.1476263665663,481000
2025-04-16 09:00:00+09:00,2911.8369140625,2959.071848795518,2897.075996958432,2942.3428094109076,503400
2025-04-17 09:00:00+09:00,2902.98046875,2927.5819981461864,2875.918786414195,2898.0601628707627,395200
2025-04-18 09:00:00+09:00,2928.56591796875,2932.502162482149,2903.4723591958323,2932.502162482149,229200
2025-04-21 09:00:00+09:00,2930.0419921875,2951.199306320844,2909.8687391766375,2941.358695096033,374500
2025-04-22 09:00:00+09:00,2904.94873046875,2932.5024447143883,2891.1718733459306,2917.7415263685107,285500
2025-04-23 09:00:00+09:00,2932.010498046875,2942.343141184815,2907.4089667660655,2942.343141184815,351500
2025-04-24 09:00:00+09:00,2906.916748046875,2939.882797830074,2904.9486256717587,2939.3907672362952,257500
2025-04-25 09:00:00+09:00,2919.217529296875,2928.566110631215,2871.4905614320855,2882.3152345560584,381200
2025-04-28 09:00:00+09:00,2935.45458984375,2961.0401813073563,2919.2175798764615,2919.2175798764615,284000
2025-04-30 09:00:00+09:00,2970.880615234375,2984.6574713500695,2938.4065972473813,2942.342841851865,364300
2025-05-01 09:00:00+09:00,2986.625732421875,3000.402589177693,2941.358917367046,2943.3270397607344,490800
2025-05-02 09:00:00+09:00,3065.3505859375,3079.1274425035112,2984.6575689080055,2998.4344254740167,627400
2025-05-07 09:00:00+09:00,3099.792724609375,3124.394254169767,3067.318705589658,3099.792724609375,568100
2025-05-08 09:00:00+09:00,3148.01171875,3161.7885752871994,3071.2549466141763,3080.111497245233,511900
2025-05-09 09:00:00+09:00,3165.724853515625,3189.3423221150574,3139.155201341263,3146.0436296827643,404200
2025-05-12 09:00:00+09:00,3240.513671875,3241.497733117598,3183.4381198043197,3188.3584260173097,428800
2025-05-13 09:00:00+09:00,3255.2744140625,3267.083148333585,3224.7685171955295,3265.115025955071,490500
2025-05-14 09:00:00+09:00,3270.035400390625,3286.7644409583772,3246.4179313537984,3275.9397676498315,727700
2025-05-15 09:00:00+09:00,3202.135009765625,3272.9874131777715,3194.2625204976084,3247.4018230567185,534800
2025-05-16 09:00:00+09:00,3471.767822265625,3508.178085707753,3279.8758933138683,3364.5051542874635,2851100
2025-05-19 09:00:00+09:00,3412.72412109375,3472.7518521741185,3391.074775458207,3463.895301686851,952300
2025-05-20 09:00:00+09:00,3473.736083984375,3512.114471314514,3429.453329372676,3494.401369469834,924200
2025-05-21 09:00:00+09:00,3494.401123046875,3561.317280852335,3449.13431041377,3457.0067995673535,1359400
2025-05-22 09:00:00+09:00,3600.6796875,3640.042132840257,3529.8272858875375,3531.7954081545504,1077400
2025-05-23 09:00:00+09:00,3497.353515625,3576.0784118686693,3497.353515625,3545.5725145742476,566700
2025-05-26 09:00:00+09:00,3482.592529296875,3527.8593437494483,3466.8475503568498,3515.0665483606776,396500
2025-05-27 09:00:00+09:00,3455.038818359375,3527.8593460035204,3428.469166381106,3522.9390400816187,428400
2025-05-28 09:00:00+09:00,3504.24169921875,3528.8432275760847,3460.9430093098413,3467.831437249895,448600
2025-05-29 09:00:00+09:00,3484.560546875,3524.9070541954957,3474.719935333416,3498.3374030332184,340900
2025-05-30 09:00:00+09:00,3426.501220703125,3465.8636701081005,3395.0112611791446,3463.895547637852,699900
2025-06-02 09:00:00+09:00,3436.341796875,3461.9273887188574,3395.9952866596864,3408.788082581615,461500
2025-06-03 09:00:00+09:00,3522.939208984375,3544.5885560786924,3414.6924735127877,3436.341820607105,638600
2025-06-04 09:00:00+09:00,3518.018798828125,3542.6203288898605,3485.544779146635,3542.6203288898605,352100
2025-06-05 09:00:00+09:00,3458.97509765625,3529.827503639536,3450.1185469083393,3503.2578513958038,467600
2025-06-06 09:00:00+09:00,3480.62451171875,3484.5607565722626,3422.564900129435,3428.4692674097046,283600
2025-06-09 09:00:00+09:00,3436.341796875,3525.891368328501,3434.3736744254725,3504.2420213836986,429100
2025-06-10 09:00:00+09:00,3436.341796875,3458.975205044566,3410.7562050311426,3444.21428667311,341300
2025-06-11 09:00:00+09:00,3469.7998046875,3496.369457190779,3440.277968572745,3449.1345194071714,375900
2025-06-12 09:00:00+09:00,3381.234375,3490.4651711655997,3376.3140688664143,3490.4651711655997,498800
2025-06-13 09:00:00+09:00,3278.891845703125,3357.616739957702,3267.0831115649385,3350.728311710426,737300
2025-06-16 09:00:00+09:00,3264.130859375,3305.4614279893353,3251.338064327706,3286.764265997136,667500
2025-06-17 09:00:00+09:00,3239.529296875,3292.6685988286,3233.624929991267,3283.812048503,496600
2025-06-18 09:00:00+09:00,3259.210693359375,3275.9397337540336,3224.768551370372,3264.130999357804,386000
2025-06-19 09:00:00+09:00,3257.242431640625,3311.3657953083693,3244.4496365918853,3247.4018200646715,565300
2025-06-20 09:00:00+09:00,3279.8759765625,3314.318118530603,3249.3700793907515,3261.1788137798153,1076900
2025-06-23 09:00:00+09:00,3352.6962890625,3365.4890838255797,3188.358079413707,3258.2264200428344,791400
2025-06-24 09:00:00+09:00,3327.11083984375,3382.218265762487,3305.461493947103,3355.6486139802387,534200
2025-06-25 09:00:00+09:00,3335.96728515625,3338.9194685944412,3285.7801667069966,3295.620778167635,460400
2025-06-26 09:00:00+09:00,3424.53271484375,3424.53271484375,3345.807824847342,3345.807824847342,552500
2025-06-27 09:00:00+09:00,3466.847412109375,3473.7358401209462,3398.9471931381727,3407.8037434387643,506000
2025-06-30 09:00:00+09:00,3467.83154296875,3494.401194404663,3453.070625504354,3491.4490109117837,406800
2025-07-01 09:00:00+09:00,3396.979248046875,3453.0707362098738,3393.0430032635068,3444.214185447295,287300
2025-07-02 09:00:00+09:00,3485.544677734375,3562.301449293743,3466.8475154314524,3503.25777886346,894600
2025-07-03 09:00:00+09:00,3397.963134765625,3484.560515553165,3397.963134765625,3463.8952315015927,648100
2025-07-04 09:00:00+09:00,3395.010986328125,3416.6603317481886,3370.4094574416895,3384.186313618093,332000
2025-07-07 09:00:00+09:00,3480.62451171875,3501.289797199692,3422.564900129435,3422.564900129435,676300
2025-07-08 09:00:00+09:00,3536.7158203125,3536.7158203125,3473.7359058717657,3511.1302300709517,475500
2025-07-09 09:00:00+09:00,3607.568359375,3607.568359375,3526.8753409710857,3533.76376937142,668600
2025-07-10 09:00:00+09:00,3673.50048828125,3702.0382633040617,3604.6162037434283,3629.2177339355076,712400
2025-07-11 09:00:00+09:00,3682.357177734375,3713.8471375653476,3670.54844279776,3680.389055244939,499000
2025-07-14 09:00:00+09:00,3715.81494140625,3724.6714918492203,3667.5959445500775,3703.022146321959,422900
2025-07-15 09:00:00+09:00,3649.883056640625,3718.7673418832355,3646.93087298737,3715.815158229981,411800
2025-07-16 09:00:00+09:00,3621.34521484375,3647.9148672352667,3591.823378853176,3645.946744835895,533500
2025-07-17 09:00:00+09:00,3706.95849609375,3710.8947408467034,3633.1539069758765,3653.819191928881,404700
2025-07-18 09:00:00+09:00,3628.2333984375,3698.1017389010376,3619.376848237897,3696.133616634459,397100
2025-07-22 09:00:00+09:00,3621.34521484375,3636.106132839037,3583.9508892556896,3628.2336432415505,468200
2025-07-23 09:00:00+09:00,3602.648193359375,3640.0425204141843,3598.7119484062373,3637.090336699331,419900
2025-07-24 09:00:00+09:00,3579.030517578125,3591.8233129392784,3554.428988037445,3582.9667623046334,616200
2025-07-25 09:00:00+09:00,3572.14208984375,3584.934885206827,3544.5883767540463,3579.030518116176,333800
2025-07-28 09:00:00+09:00,3549.5087890625,3586.9031150908822,3506.2100957664784,3571.158135710511,425900
2025-07-29 09:00:00+09:00,3530.8115234375,3552.4608694563476,3518.0187280627265,3542.6202576295987,348200
2025-07-30 09:00:00+09:00,3556.39697265625,3562.3013395173284,3510.1460989111356,3529.827321781397,320400
2025-07-31 09:00:00+09:00,3605.60009765625,3613.4725869524427,3546.5564279348046,3575.0942016335034,378000
2025-08-01 09:00:00+09:00,3536.7158203125,3610.520407547736,3468.8156000560834,3593.791367774416,826700
2025-08-04 09:00:00+09:00,3525.891357421875,3525.891357421875,3468.815806562129,3480.6245412227663,491400
2025-08-05 09:00:00+09:00,3487.512939453125,3557.3812855877673,3487.512939453125,3543.6044286034717,429500
2025-08-06 09:00:00+09:00,3521.954833984375,3529.8273231354997,3481.6083270848612,3490.4648773798767,479100
2025-08-07 09:00:00+09:00,3504.24169921875,3550.4925725305393,3485.5445376671755,3497.3532712786964,533000
2025-08-08 09:00:00+09:00,3525.891357421875,3549.508826743149,3498.337643213722,3531.7957247521936,848200
2025-08-12 09:00:00+09:00,3391.074951171875,3427.48521617285,3326.126910899866,3388.122767523147,2149700
2025-08-13 09:00:00+09:00,3395.9951171875,3434.3735030380685,3376.3138936743876,3431.4213195111015,885900
2025-08-14 09:00:00+09:00,3348.76025390625,3388.1227017923065,3337.9355807375846,3384.1864570037005,724700
2025-08-15 09:00:00+09:00,3345.80810546875,3357.61683995864,3330.063126148897,3348.7602890912226,809000
2025-08-18 09:00:00+09:00,3370.409423828125,3389.1065855953466,3352.696323206547,3359.5847512260493,596600
2025-08-19 09:00:00+09:00,3402.883544921875,3421.580707256611,3365.489220252404,3394.0269943422636,613000
2025-08-20 09:00:00+09:00,3353.680419921875,3403.8675388819734,3343.8398083610714,3402.883477725893,715100
2025-08-21 09:00:00+09:00,3308.41357421875,3333.0151028789132,3294.6367181690584,3326.1266748540675,760600
2025-08-22 09:00:00+09:00,3339.90380859375,3339.90380859375,3295.6210533236504,3296.6051145518745,592800
2025-08-25 09:00:00+09:00,3279.8759765625,3359.5849336886813,3272.987548168879,3356.6327500914153,739700
2025-08-26 09:00:00+09:00,3262.162841796875,3276.92375963306,3233.625067313584,3263.146902985954,739700
2025-08-27 09:00:00+09:00,3289.716552734375,3291.684675111123,3236.5772485621774,3240.5134933156737,559200
2025-08-28 09:00:00+09:00,3299.55712890625,3309.397740683483,3262.1628041527642,3262.1628041527642,491400
2025-08-29 09:00:00+09:00,3300.541015625,3312.3497491334974,3265.114815099508,3296.6047711221677,460700
2025-09-01 09:00:00+09:00,3268.0673828125,3315.302322401479,3253.306464190944,3265.115199088189,450900
2025-09-02 09:00:00+09:00,3236.5771484375,3267.083044333384,3217.879986436797,3262.1627385437255,595300
2025-09-03 09:00:00+09:00,3241.49755859375,3247.4019257314435,3217.880090042976,3217.880090042976,511600
2025-09-04 09:00:00+09:00,3232.64111328125,3250.3542152718323,3188.3583583047944,3249.3701540501334,644200
2025-09-05 09:00:00+09:00,3278.891845703125,3278.891845703125,3234.6090926849256,3248.3859491794765,639000
2025-09-08 09:00:00+09:00,3335.96728515625,3355.648508077526,3272.9873718081676,3278.89173868455,923400
2025-09-09 09:00:00+09:00,3282.828125,3345.8080410671464,3272.9875131145086,3344.823979878597,567400
2025-09-10 09:00:00+09:00,3293.65283203125,3318.254361998618,3267.0831796664925,3292.6687708325553,500500
2025-09-11 09:00:00+09:00,3294.636962890625,3301.5253914271343,3270.0354324030905,3296.6050853296274,463500
2025-09-12 09:00:00+09:00,3279.8759765625,3327.1109141187558,3275.9397317661455,3327.1109141187558,624500
2025-09-16 09:00:00+09:00,3241.49755859375,3276.9237614199114,3240.5134974041343,3272.003455471833,810500
2025-09-17 09:00:00+09:00,3225.752685546875,3244.449848763895,3212.9598896615457,3241.4976650980498,553700
2025-09-18 09:00:00+09:00,3275.939697265625,3293.6527986626757,3233.6250661504487,3252.322228736224,768800
2025-09-19 09:00:00+09:00,3243.465576171875,3279.875839011183,3237.5612092249603,3273.9714720642683,997200
2025-09-22 09:00:00+09:00,3259.210693359375,3280.860039752463,3235.593224566916,3238.545408165973,647000
2025-09-24 09:00:00+09:00,3272.987548828125,3280.86003842242,3232.6410396573633,3259.210692038109,567600
2025-09-25 09:00:00+09:00,3300.541015625,3300.541015625,3262.162631722384,3262.162631722384,561800
2025-09-26 09:00:00+09:00,3324.15869140625,3354.664588219037,3296.6049781559914,3306.4455900310836,1917700
2025-09-29 09:00:00+09:00,3233.9951171875,3316.232125375785,3233.9951171875,3300.37920813467,1462200
2025-09-30 09:00:00+09:00,3165.62939453125,3228.0502558318663,3165.62939453125,3225.0778338651703,655900
2025-10-01 09:00:00+09:00,3164.638671875,3174.5467453623983,3121.0431485304475,3167.6110939212194,687300
2025-10-02 09:00:00+09:00,3085.3740234375,3171.5742610865245,3075.4659501445085,3166.620224440029,814000
2025-10-03 09:00:00+09:00,3090.328125,3138.8776851554985,3085.374088249439,3112.1258867024685,436100
2025-10-06 09:00:00+09:00,3140.859375,3162.6571372239746,3091.3190063091483,3157.7031003548896,641500
2025-10-07 09:00:00+09:00,3127.978759765625,3150.767328493724,3125.006337757612,3150.767328493724,308100
2025-10-08 09:00:00+09:00,3137.886962890625,3167.6111841999773,3111.135163712208,3119.061622728035,644000
2025-10-09 09:00:00+09:00,3101.22705078125,3137.8869232665234,3091.3189771365815,3118.0707759771863,670200
2025-10-10 09:00:00+09:00,3048.714111328125,3084.3831747040795,3026.9163503761524,3082.4015600720822,780200
2025-10-14 09:00:00+09:00,2993.22900390625,3045.741793448465,2983.320930407719,2993.22900390625,631000
2025-10-15 09:00:00+09:00,2992.23828125,3026.9165394764073,2991.2474738721025,3015.026850941639,534900
2025-10-16 09:00:00+09:00,2957.064453125,2994.2197277077403,2934.275884714253,2972.4219666191993,951700
2025-10-17 09:00:00+09:00,2916.936767578125,2940.220739737801,2904.5516760038295,2932.7896847932234,763800
2025-10-20 09:00:00+09:00,2951.614990234375,2967.467907268195,2933.7804585713275,2958.0552377793642,595400
2025-10-21 09:00:00+09:00,2995.210693359375,3016.017648225583,2955.5783983761216,2957.560013125284,560300
2025-10-22 09:00:00+09:00,2985.302490234375,3009.0818661937597,2978.366838912888,3007.1002515304776,406300
2025-10-23 09:00:00+09:00,2978.366943359375,3017.0084306484687,2978.366943359375,2984.3117875576972,410100
2025-10-24 09:00:00+09:00,2972.422119140625,3004.127955078125,2972.422119140625,2983.3210002441406,348900
2025-10-27 09:00:00+09:00,2997.192138671875,3019.980706998967,2967.9633227740833,2972.421955707645,511400
2025-10-28 09:00:00+09:00,2997.192138671875,3017.9990923618284,2970.9357447297907,3007.100211857567,901700
2025-10-29 09:00:00+09:00,2923.377197265625,2989.265888544447,2920.900178796496,2980.3486220555837,768900
2025-10-30 09:00:00+09:00,2936.257568359375,2947.651852832509,2909.0103663584023,2910.496577376637,1024500
2025-10-31 09:00:00+09:00,2975.39453125,2978.366953359141,2937.248447516026,2958.5508059648687,436700
2025-11-04 09:00:00+09:00,2839.65380859375,2948.6426149249824,2839.65380859375,2939.7253489524273,1566900
2025-11-05 09:00:00+09:00,2859.469970703125,2873.3412734023086,2794.0766865498313,2825.782521290822,1289700
2025-11-06 09:00:00+09:00,2879.2861328125,2910.99196772303,2851.0481235953093,2866.9010410505743,1050300
2025-11-07 09:00:00+09:00,2902.07470703125,2919.413835530071,2886.2217895466138,2897.120670317301,1130800
2025-11-10 09:00:00+09:00,3139.868408203125,3146.804059467695,3010.0726488233176,3119.0614544094155,2350000
2025-11-11 09:00:00+09:00,3058.622314453125,3136.896095742985,3041.7785893654336,3096.2729940609056,1082600
2025-11-12 09:00:00+09:00,3052.677490234375,3084.383325900555,3045.7418386823983,3071.502830161169,917500
2025-11-13 09:00:00+09:00,3065.557861328125,3126.9879154336013,3061.5946320309977,3098.254503029427,726800
2025-11-14 09:00:00+09:00,3041.778564453125,3052.677445302957,3025.9256468533695,3041.778564453125,569800
2025-11-17 09:00:00+09:00,2794.07666015625,2885.2309341755317,2770.792687988281,2853.5250997340427,2219900
2025-11-18 09:00:00+09:00,2723.234130859375,2805.966548515099,2717.784690175465,2775.2515192057886,1748600
2025-11-19 09:00:00+09:00,2704.904052734375,2747.013364910643,2702.922438043727,2722.738584950206,1213300
2025-11-20 09:00:00+09:00,2658.83154296875,2702.42706668428,2638.5199921467415,2693.0143967911545,1927300
2025-11-21 09:00:00+09:00,2743.050048828125,2754.4443329392043,2670.7211149056207,2675.179747818652,1525500
2025-11-25 09:00:00+09:00,2802.003173828125,2858.974596209708,2774.2605681466584,2788.1318709873917,1121100
2025-11-26 09:00:00+09:00,2838.167724609375,2851.543624166794,2806.461888621419,2813.8929439310964,651900
2025-11-27 09:00:00+09:00,2835.690673828125,2863.4332800011466,2819.3423523333086,2856.9930321395523,700900
2025-11-28 09:00:00+09:00,2822.81005859375,2835.1951501109215,2816.8652146655077,2824.7916732364974,564900
2025-12-01 09:00:00+09:00,2780.700927734375,2840.644774564209,2777.7285055775237,2823.8010490087186,603600
2025-12-02 09:00:00+09:00,2748.9951171875,2775.7469168501643,2747.0135023976727,2774.2607057577943,600300
2025-12-03 09:00:00+09:00,2721.747802734375,2750.976619691297,2720.261591702667,2744.536371887229,480700
2025-12-04 09:00:00+09:00,2756.92138671875,2759.8938086990397,2700.4453690932446,2714.812075331312,818500
2025-12-05 09:00:00+09:00,2782.18701171875,2810.9204245890646,2766.829497943237,2773.7651493257267,729100
2025-12-08 09:00:00+09:00,2784.6640625,2812.902072028998,2771.288163249422,2785.1594661759473,669300
2025-12-09 09:00:00+09:00,2773.76513671875,2788.627246756536,2766.8294853677835,2779.214577065938,409400
2025-12-10 09:00:00+09:00,2799.526123046875,2840.644627420064,2791.1042607053782,2797.0491047111404,818500
2025-12-11 09:00:00+09:00,2767.324951171875,2816.8653190768496,2751.967437121333,2816.8653190768496,641000
2025-12-12 09:00:00+09:00,2849.066650390625,2849.066650390625,2784.1687663354746,2784.1687663354746,716600
2025-12-15 09:00:00+09:00,2863.433349609375,2895.634589700138,2841.635587086397,2860.9563311408547,581800
2025-12-16 09:00:00+09:00,2828.259521484375,2872.3504476381863,2823.3054848378792,2872.3504476381863,486200
2025-12-17 09:00:00+09:00,2806.957275390625,2819.342367498773,2789.618146439218,2819.342367498773,656600
2025-12-18 09:00:00+09:00,2829.745849609375,2849.561997015603,2820.333179591417,2836.681501201555,627400
2025-12-19 09:00:00+09:00,2833.708984375,2845.1032687527313,2813.8928376311187,2829.745755026224,957500
2025-12-22 09:00:00+09:00,2775.746826171875,2859.9654519882624,2760.884715733689,2859.9654519882624,1060100
2025-12-23 09:00:00+09:00,2798.535400390625,2808.4434740333604,2781.196271515838,2792.590556204984,574800
2025-12-24 09:00:00+09:00,2817.360595703125,2823.80084324034,2790.608798240848,2792.5904128676834,496200
2025-12-25 09:00:00+09:00,2835.690673828125,2845.103343779686,2818.3515449699867,2820.828563378292,368000
2025-12-26 09:00:00+09:00,2792.09521484375,2841.635584163192,2772.7744708091677,2836.681547231248,836500
2025-12-29 09:00:00+09:00,2794.07666015625,2821.819265292553,2789.1226235247673,2821.819265292553,478600
2025-12-30 09:00:00+09:00,2776.737548828125,2822.810089781027,2770.297301168042,2803.984750466938,718000
2026-01-05 09:00:00+09:00,2850.552734375,2858.9745968158018,2794.5721193273157,2814.883669919838,936900
2026-01-06 09:00:00+09:00,2905.54248046875,2919.4137830183026,2841.140004345828,2850.5526739330244,727300
2026-01-07 09:00:00+09:00,2899.59765625,2914.4597662256533,2868.3872253011277,2882.258527945071,560500
2026-01-08 09:00:00+09:00,2939.725341796875,2959.046084690383,2899.102241354114,2903.065470665603,696600
2026-01-09 09:00:00+09:00,2967.96337890625,2975.39443393606,2938.2391587870084,2952.6058651779754,543900
2026-01-13 09:00:00+09:00,2944.18408203125,2987.284202363863,2911.9828427022862,2979.357743452118,736400
2026-01-14 09:00:00+09:00,2961.523193359375,2961.523193359375,2930.808165258291,2942.697853555485,527800
2026-01-15 09:00:00+09:00,2954.587646484375,2980.3486387072435,2945.67037994569,2968.9543536855904,542000
2026-01-16 09:00:00+09:00,2941.211669921875,2967.96346883981,2923.8725409935837,2952.6059546461806,435200
2026-01-19 09:00:00+09:00,2946.6611328125,2946.6611328125,2903.065608318973,2941.211692250809,349300
2026-01-20 09:00:00+09:00,2947.156494140625,2959.04618246797,2924.3679248465473,2939.230035255728,390700
2026-01-21 09:00:00+09:00,2888.203369140625,2913.964359740164,2870.368837187098,2903.0654791018974,558000
2026-01-22 09:00:00+09:00,2891.671142578125,2922.881572933174,2889.6895279524074,2900.0930047374236,358800
2026-01-23 09:00:00+09:00,2888.203369140625,2928.8264697014365,2888.203369140625,2912.9735524094126,372100
2026-01-26 09:00:00+09:00,2858.479248046875,2888.203468997103,2851.543596491822,2888.203468997103,621500
2026-01-27 09:00:00+09:00,2821.8193359375,2856.4975932260577,2806.4618219954245,2848.5711344172446,565200
2026-01-28 09:00:00+09:00,2774.756103515625,2801.507903121025,2770.2974702480583,2794.0768476750804,649300
2026-01-29 09:00:00+09:00,2734.1328125,2770.7926835137705,2725.71095024008,2764.3524359032435,669200
2026-01-30 09:00:00+09:00,2786.645751953125,2799.526247873264,2740.5732088541668,2763.3617785590277,510600
2026-02-02 09:00:00+09:00,2754.93994140625,2807.9481366463992,2749.4905007740854,2803.984907095734,669000
2026-02-03 09:00:00+09:00,2751.471923828125,2767.820244585476,2738.5914286859693,2757.416767739889,679900
2026-02-04 09:00:00+09:00,2701.931640625,2753.4536227711314,2701.931640625,2749.490393375275,929800
2026-02-05 09:00:00+09:00,2759.3984375,2817.3606667975764,2722.243162309246,2726.7017953321365,766000
2026-02-06 09:00:00+09:00,2767.8203125,2785.654844672901,2757.416835399141,2759.398450085019,533900
2026-02-09 09:00:00+09:00,2813.3974609375,2815.8744793042347,2769.3065340096186,2799.0307544104376,991100
2026-02-10 09:00:00+09:00,2690.537353515625,2727.19722539192,2665.271766141422,2694.995986581661,3556300
2026-02-12 09:00:00+09:00,2695.491455078125,2703.9133177387257,2672.7028855259114,2702.9225103668905,1678700
2026-02-13 09:00:00+09:00,2724.72021484375,2741.5639398082385,2677.656865678267,2695.4913979936077,997800
2026-02-16 09:00:00+09:00,2695.98681640625,2753.453643069816,2678.6476876715533,2744.040973185266,910300
2026-02-17 09:00:00+09:00,2690.0419921875,2690.0419921875,2667.2534228245854,2679.143111187845,842400
2026-02-18 09:00:00+09:00,2678.15234375,2707.381161412088,2676.666132682436,2704.904142966149,869200
2026-02-19 09:00:00+09:00,2646.446533203125,2685.0880213330097,2634.556844547776,2679.638580699308,1934600
2026-02-20 09:00:00+09:00,2590.4658203125,2638.519976856832,2589.970416636785,2635.5475548025433,1616400
2026-02-24 09:00:00+09:00,2583.5302734375,2613.7498988794346,2554.301455387105,2576.099218000959,1369900
2026-02-25 09:00:00+09:00,2602.35546875,2611.7681384446983,2583.5301293606035,2600.869257745574,690200
2026-02-26 09:00:00+09:00,2639.015380859375,2640.006188210927,2611.2727750159124,2619.1992338283303,1256300
2026-02-27 09:00:00+09:00,2647.9326171875,2690.0419291539993,2647.9326171875,2674.189011707788,1027100
2026-03-02 09:00:00+09:00,2661.30859375,2668.73964901922,2611.7682252885334,2625.639528457744,966000
2026-03-03 09:00:00+09:00,2542.906982421875,2640.501503274614,2542.906982421875,2637.529081319708,1720900
2026-03-04 09:00:00+09:00,2502.779296875,2551.328855682156,2491.880416326455,2526.5586726172805,1587200
2026-03-05 09:00:00+09:00,2546.375,2591.9521400778212,2546.375,2576.0992217898834,766600
2026-03-06 09:00:00+09:00,2557.769287109375,2564.209535169112,2519.1277987509534,2529.5312763859133,615200
2026-03-09 09:00:00+09:00,2558.760009765625,2558.760009765625,2486.926476093599,2495.3483386620433,1195700
2026-03-10 09:00:00+09:00,2546.375,2570.1543774319066,2531.0174854085603,2568.1727626459146,889200
2026-03-11 09:00:00+09:00,2520.614013671875,2570.1543834374384,2520.614013671875,2566.1911538561935,914800
2026-03-12 09:00:00+09:00,2463.642578125,2514.6691587698574,2448.7804672575658,2510.210525509627,1633600
2026-03-13 09:00:00+09:00,2425.496337890625,2466.1194383209827,2421.5331085803464,2439.367640476601,1510600
2026-03-16 09:00:00+09:00,2430.450439453125,2461.1654674282768,2416.083732819586,2430.450439453125,1406600
2026-03-17 09:00:00+09:00,2453.239013671875,2481.9724269984035,2441.844729076872,2444.8171511451337,1085900
2026-03-18 09:00:00+09:00,2502.283935546875,2506.247164904304,2450.2665502306163,2452.248164909331,890500
2026-03-19 09:00:00+09:00,2428.964111328125,2495.8436045015487,2424.5054784498966,2473.055036457271,1425500
2026-03-23 09:00:00+09:00,2376.451416015625,2417.5699208163956,2373.4789939818343,2416.579113471799,1562200
2026-03-24 09:00:00+09:00,2416.083740234375,2426.487217483693,2403.203244592363,2425.9918138051535,1031100
2026-03-25 09:00:00+09:00,2434.41357421875,2447.7894729781938,2423.019290090335,2443.826243716136,1056900
2026-03-26 09:00:00+09:00,2461.16552734375,2474.0460232598,2435.4045355116496,2437.386150267965,1230200
2026-03-27 09:00:00+09:00,2479.0,2500.7977617905676,2455.220623501199,2467.1103117505995,2631300
2026-03-30 09:00:00+09:00,2405.0,2439.0,2385.0,2429.0,1778100
2026-03-31 09:00:00+09:00,2433.5,2448.0,2405.5,2430.0,775200
2026-04-01 09:00:00+09:00,2507.0,2511.0,2436.5,2445.0,904500
2026-04-02 09:00:00+09:00,2491.0,2555.0,2471.5,2508.0,1192200
2026-04-03 09:00:00+09:00,2517.5,2523.5,2484.0,2485.0,591200
2026-04-06 09:00:00+09:00,2510.0,2529.0,2481.0,2527.5,570200
2026-04-07 09:00:00+09:00,2526.0,2555.0,2520.0,2533.0,623700
2026-04-08 09:00:00+09:00,2587.0,2598.0,2557.0,2561.0,911900
2026-04-09 09:00:00+09:00,2576.0,2597.0,2574.0,2580.0,581900
2026-04-10 09:00:00+09:00,2568.5,2618.0,2564.0,2596.0,1094800
2026-04-13 09:00:00+09:00,2585.0,2600.0,2561.0,2565.0,613800
2026-04-14 09:00:00+09:00,2585.5,2645.0,2584.0,2620.0,973000
2026-04-15 09:00:00+09:00,2608.0,2637.0,2597.0,2619.0,666300
2026-04-16 09:00:00+09:00,2553.0,2580.5,2541.5,2558.0,966600
2026-04-17 09:00:00+09:00,2519.0,2563.5,2515.0,2548.0,686500
2026-04-20 09:00:00+09:00,2526.5,2569.0,2519.5,2560.0,658000
2026-04-21 09:00:00+09:00,2524.5,2545.0,2513.0,2529.5,542000
2026-04-22 09:00:00+09:00,2498.0,2552.0,2498.0,2530.0,579900
2026-04-23 09:00:00+09:00,2421.5,2481.5,2403.5,2480.0,1031500
2026-04-24 09:00:00+09:00,2359.0,2418.0,2321.0,2390.0,1482100
2026-04-27 09:00:00+09:00,2397.0,2416.5,2342.0,2362.0,899200
2026-04-28 09:00:00+09:00,2424.0,2424.0,2391.0,2397.0,635000
2026-04-30 09:00:00+09:00,2366.0,2411.5,2351.5,2400.0,1011300
2026-05-01 09:00:00+09:00,2400.0,2407.5,2368.0,2373.0,620800
2026-05-07 09:00:00+09:00,2391.5,2422.5,2362.5,2410.0,1034600
2026-05-08 09:00:00+09:00,2393.5,2454.5,2378.5,2429.0,1008000
2026-05-11 09:00:00+09:00,2413.5,2413.5,2353.0,2390.0,1173800
2026-05-12 09:00:00+09:00,2410.5,2454.0,2391.5,2425.5,822300
2026-05-13 09:00:00+09:00,2378.0,2453.5,2378.0,2418.0,845200
2026-05-14 09:00:00+09:00,2356.0,2379.5,2343.0,2367.5,927700
2026-05-15 09:00:00+09:00,2363.0,2372.0,2339.0,2361.0,972900
2026-05-18 09:00:00+09:00,2502.0,2561.5,2434.0,2451.5,2161500
2026-05-19 09:00:00+09:00,2513.0,2549.5,2492.0,2542.5,1100600
2026-05-20 09:00:00+09:00,2508.0,2526.0,2480.5,2515.0,734600
2026-05-21 09:00:00+09:00,2509.0,2530.5,2492.0,2529.5,561100
2026-05-22 09:00:00+09:00,2474.0,2515.0,2474.0,2512.0,541100
2026-05-25 09:00:00+09:00,2465.0,2487.0,2433.0,2487.0,662900
2026-05-26 09:00:00+09:00,2474.0,2508.0,2462.0,2465.0,635000
2026-05-27 09:00:00+09:00,2490.0,2490.0,2441.5,2455.0,648600
2026-05-28 09:00:00+09:00,2488.5,2533.5,2474.5,2510.0,607100
2026-05-29 09:00:00+09:00,2507.0,2519.0,2465.0,2470.0,560000
2026-06-01 09:00:00+09:00,2389.5,2507.0,2374.0,2500.0,1218400
2026-06-02 09:00:00+09:00,2483.0,2495.0,2387.5,2400.0,1346700
2026-06-03 09:00:00+09:00,2571.5,2587.5,2486.0,2522.0,1437400
2026-06-04 09:00:00+09:00,2535.5,2584.0,2520.0,2572.0,719800
2026-06-05 09:00:00+09:00,2542.0,2586.0,2539.0,2560.0,638000
2026-06-08 09:00:00+09:00,2540.5,2605.5,2519.5,2542.0,850800
2026-06-09 09:00:00+09:00,2620.5,2626.0,2549.5,2562.5,801400
2026-06-10 09:00:00+09:00,2651.5,2651.5,2608.0,2635.5,794100
2026-06-11 09:00:00+09:00,2618.0,2681.5,2590.5,2658.0,848000
2026-06-12 09:00:00+09:00,2622.5,2654.0,2604.0,2642.0,696400
2026-06-15 09:00:00+09:00,2725.0,2730.5,2645.0,2667.0,1538000
2026-06-16 09:00:00+09:00,2729.0,2739.0,2692.0,2700.5,1131300
2026-06-17 09:00:00+09:00,2819.5,2819.5,2703.0,2730.0,1845300
2026-06-18 09:00:00+09:00,2834.0,2858.5,2806.0,2818.5,1366700
2026-06-19 09:00:00+09:00,2888.0,2895.0,2782.0,2820.0,1614500
2026-06-22 09:00:00+09:00,2885.0,2885.0,2808.5,2846.0,1090700
2026-06-23 09:00:00+09:00,2900.5,2915.5,2881.0,2885.0,960500
2026-06-24 09:00:00+09:00,2926.5,2935.0,2883.0,2920.5,844900
2026-06-25 09:00:00+09:00,2990.5,3004.0,2936.5,2950.0,1474000
2026-06-26 09:00:00+09:00,2951.5,3049.0,2927.5,3015.0,1250100
2026-06-29 09:00:00+09:00,3010.0,3017.0,2930.5,2943.5,912300
2026-06-30 09:00:00+09:00,3038.0,3053.0,2983.0,3035.0,997300
2026-07-01 09:00:00+09:00,2987.0,3050.0,2970.0,3022.0,1060400
2026-07-02 09:00:00+09:00,3067.0,3089.0,2998.0,3018.0,1131600
2026-07-03 09:00:00+09:00,2994.0,3066.0,2981.0,3060.0,1203700
